:020000040800F2
:1000000000000520D5EE01082D8400082F8400088B
:1000100031840008338400083584000800000000A3
:10002000000000000000000000000000378400080D
:1000300039840008000000003B8400083D8400086B
:1000400025EF010825EF010825EF010825EF01083C
:1000500025EF010825EF010825EF010825EF01082C
:1000600025EF010825EF010825EF010825EF01081C
:1000700025EF010825EF010825EF010825EF01080C
:100080004584000825EF010825EF010825EF010848
:1000900025EF010825EF010825EF010825EF0108EC
:1000A00025EF010825EF010825EF010825EF0108DC
:1000B00025EF010825EF010825EF010825EF0108CC
:1000C00025EF010825EF010825EF010825EF0108BC
:1000D00025EF010825EF010825EF010825EF0108AC
:1000E00025EF010825EF010825EF010825EF01089C
:1000F00025EF010825EF010825EF010825EF01088C
:1001000025EF010825EF010825EF010825EF01087B
:1001100025EF010825EF010825EF010825EF01086B
:100120005584000825EF010825EF010825EF010897
:1001300025EF010825EF010825EF010825EF01084B
:1001400025EF010825EF010825EF010825EF01083B
:1001500025EF010825EF010825EF010825EF01082B
:1001600025EF010825EF010825EF010825EF01081B
:1001700025EF010825EF010825EF01080000000028
:1001800025EF010825EF010825EF010825EF0108FB
:1001900025EF010825EF010825EF010825EF0108EB
:1001A00025EF010825EF010825EF010825EF0108DB
:1001B00025EF010825EF010825EF010825EF0108CB
:0801C00025EF010825EF0108FD
:100200000348044B834202D0034B03B118477047A5
:100210000C0C00200C0C0020000000000548064BD0
:100220001B1AD90F01EBA301491002D0034B03B1F4
:10023000184770470C0C00200C0C00200000000038
:1002400010B5064C237843B9FFF7DAFF044B13B11E
:100250000448AFF300800123237010BD4C0D002033
:10026000000000009800020808B5044B1BB10449C7
:100270000448AFF30080BDE80840CFE7000000006D
:10028000500D00209800020800B50B4C256814465C
:10029000EE681A4685B003460D464CB107490095F5
:1002A000CDE901143046064900F020FC00F0A4F826
:1002B00004490C46F3E700BF00000020881F020835
:1002C000981F02087C09020808B513460022FFF7B0
:1002D000DBFF00BF80EA0102844612F0030F4FD11A
:1002E00011F0030F32D14DF8044D11F0040F51F805
:1002F000043B0BD0A3F101329A4312F0803F04BFBC
:100300004CF8043B51F8043B16D100BF51F8044BA4
:10031000A3F101329A4312F0803FA4F101320BD1D4
:100320004CF8043BA24312F0803F04BF51F8043B59
:100330004CF8044BEAD023460CF8013B13F0FF0FB6
:100340004FEA3323F8D15DF8044B704711F0010FE9
:1003500006D011F8012B0CF8012B002A08BF7047BA
:1003600011F0020FBFD031F8022B12F0FF0F16BFB1
:100370002CF8022B8CF8002012F47F4FB3D1704779
:1003800011F8012B0CF8012B002AF9D1704700BF9E
:1003900070B50F4B0F4DAB42A3EB050607D0B6105F
:1003A000002455F8043B01349847A642F9D81FF0C1
:1003B00073FE094D094B5E1BAB424FEAA60606D001
:1003C000002455F8043B01349847A642F9D870BD83
:1003D000B8FE0308B8FE0308B8FE0308BCFE030815
:1003E00010B4044C03460A4620685DF8044B1946D5
:1003F00000F024B90000002008B5062001F0ECF957
:1004000001200BF05DFB00BF2DE9F047089C9046F2
:100410000E4602FB03F7814610B1036A002B36D06B
:10042000A3891B0726D5236923B34FB306F1FF3AEF
:10043000002507E023685A1C226083F800C00135BC
:10044000AF4220D0A3681AF801CF013B002BA36074
:10045000F0DAA669B34222466146484602DBBCF1A7
:100460000A0FE7D100F0F8FE0130E8D1B5FBF8F053
:10047000BDE8F0872146484600F01EFA0028D4D097
:100480000020BDE8F087B7FBF8F0BDE8F08701F089
:1004900029FBC5E710B5064C82B08446206800935E
:1004A00013460A466146FFF7AFFF02B010BD00BF1A
:1004B000000000200000000000000000000000001C
:1004C00030B490F800F020F007016FF0000C10F04D
:1004D000070491F820F040F048804FF000046FF0DE
:1004E0000700D1E9002391F840F000F1080082FAFA
:1004F0004CF2A4FA8CF283FA4CF3A2FA8CF34BBBC5
:10050000D1E9022382FA4CF200F10800A4FA8CF23D
:1005100083FA4CF3A2FA8CF3E3B9D1E9042382FA0B
:100520004CF200F10800A4FA8CF283FA4CF3A2FA20
:100530008CF37BB9D1E9062301F1200182FA4CF258
:1005400000F10800A4FA8CF283FA4CF3A2FA8CF3BF
:10055000002BC6D0002A04BF04301A4612BAB2FAE1
:1005600082F200EBD20030BC7047D1E9002304F0E6
:100570000305C4F100004FEAC50514F0040F91F81B
:1005800040F00CFA05F562EA05021CBF63EA0503B8
:1005900062464FF00004AAE7830730B547D0541EE7
:1005A000002A3ED0CAB2034601E0013C39D303F829
:1005B000012B9D07F9D1032C2CD9CDB205EB0525D4
:1005C0000F2C05EB054535D9A4F1100222F00F0CD4
:1005D00003F1100EE6444FEA121C1A46C2E9005518
:1005E000C2E9025510327245F8D10CF1010214F043
:1005F0000C0F03EB021204F00F0C13D0ACF1040348
:1006000023F003030433134442F8045B9342FBD109
:100610000CF003042CB1C9B21C4403F8011BA34223
:10062000FBD130BD64461346002CF4D1F9E70346F4
:100630001446C0E71A46A446E0E700BF70B5A1FB28
:10064000025454B9294600F037F8064618B12A4634
:100650002146FFF7A1FF304670BD0C220260002644
:10066000F9E700BF014B1868704700BF0000002089
:1006700070B5104E336805460C46B3B12146284686
:1006800000F03AFE431C0CD0C41C24F00304A0422A
:1006900005D0211A284600F02FFE013001D0204657
:1006A00070BD4FF0FF34204670BD194600F024FEA7
:1006B0003060E3E7680D00202DE9F843CD1C25F0FC
:1006C000030508350C2D38BF0C25002D064618DB18
:1006D000A94216D8DFF8DC8000F01CFAD8F8042014
:1006E000A2B1144603E0636822467BB11C4623682E
:1006F0005B1BF8D40B2B1FD89442636854D0536013
:100700000CE00C2333600020BDE8F8832946304616
:10071000FFF7AEFF431C044619D00560304600F0D9
:10072000FBF904F10B00231D20F00700C21A1CBFC7
:100730001B1AA350BDE8F88361199442256014BFC9
:100740005160C8F80410635163684B60E6E7D8F85D
:1007500004701FB33C467F68002FFBD123683946E5
:10076000304604EB030900F0C7FD814516D123682C
:10077000ED1A29463046FFF77BFF01300ED0236883
:10078000D8F804202B442360536883B1A34203D0DC
:100790001A465B689C42FBD10023B0E70C23336010
:1007A000304600F0B9F9AEE7C8F80430B6E7C8F84B
:1007B0000470B3E7680D002088420ED98B1883427D
:1007C0000BD900EB020C002A6ED0624613F801CD63
:1007D00002F801CD9942F9D170470F2A0FD803468C
:1007E00002F1FF3C002A5FD00CF1010C013B8C446C
:1007F00011F8012B03F8012F6145F9D1704740EA48
:1008000001039B0751D1A2F1100370B501F1200C37
:1008100023F00F0501F1100E00F11004AC441B0988
:100820005EF8105C44F8105C5EF80C5C44F80C5CFC
:100830005EF8085C44F8085C5EF8045C44F8045C0C
:100840000EF1100EE64504F11004E9D1013312F067
:100850000C0F01EB031102F00F0400EB031328D07F
:10086000043C24F003064FEA940C1E441C1F8E46E1
:100870005EF8045B44F8045FB442F9D10CF1010462
:1008800002F0030203EB840301EB840102F1FF3C5D
:100890004AB10CF1010C013B8C4411F8012B03F817
:1008A000012F6145F9D170BD704702F1FF3C03464D
:1008B0009AE72246EAE700BF38B52F4B1B6805468A
:1008C0000C4613B11A6A002A4BD0B4F90C30180741
:1008D0001CD5226922B313F0010107D06169002001
:1008E0004942A060A1613AB1002038BD980758BFC5
:1008F0006169A160002AF7D1190658BF1046F4D5E6
:1009000043F04003A3814FF0FF3038BDD9062CD50A
:100910005A0712D4226943F00803A381002ADAD1CE
:1009200003F42071B1F5007FD5D02146284600F0B0
:10093000F5F8B4F90C302269CDE7616B51B104F1DF
:100940004402914204D0284601F0DAF9B4F90C309F
:100950000022626322690021C4E9002123F02403FC
:10096000D9E7184601F0BEF8AFE7092243F040038B
:100970002A60A381C7E700BF00000020844641EA47
:10098000000313F003036DD1403A41D351F8043B07
:1009900040F8043B51F8043B40F8043B51F8043B59
:1009A00040F8043B51F8043B40F8043B51F8043B49
:1009B00040F8043B51F8043B40F8043B51F8043B39
:1009C00040F8043B51F8043B40F8043B51F8043B29
:1009D00040F8043B51F8043B40F8043B51F8043B19
:1009E00040F8043B51F8043B40F8043B51F8043B09
:1009F00040F8043B51F8043B40F8043B51F8043BF9
:100A000040F8043B51F8043B40F8043B403ABDD267
:100A1000303211D351F8043B40F8043B51F8043B09
:100A200040F8043B51F8043B40F8043B51F8043BC8
:100A300040F8043B103AEDD20C3205D351F8043B98
:100A400040F8043B043AF9D2043208D0D2071CBF64
:100A500011F8013B00F8013B01D30B88038060468D
:100A6000704700BF082A13D38B078DD010F0030303
:100A70008AD0C3F10403D21ADB071CBF11F8013B73
:100A800000F8013B80D331F8023B20F8023B7BE7C2
:100A9000043AD9D3013A11F8013B00F8013BF9D2ED
:100AA0000B7803704B7843708B7883706046704787
:100AB000024B01461868FFF7FFBD00BF0000002091
:100AC000024B0146186801F01BB900BF000000206E
:100AD0000CB400B583B004AB53F8042B019300F0C1
:100AE00077FA03B05DF804EB02B070470EB410B5AE
:100AF00083B005AB064C53F8042B019301462068E4
:100B000000F066FA03B0BDE8104003B0704700BFC4
:100B100000000020704700BF704700BF70B5B1F9FA
:100B20000C300C46990796B007D504F14703012213
:100B3000C4E90432236016B070BDB4F90E10002968
:100B4000054629DB6A4601F0C7FB002822DB4FF48B
:100B500080612846019EFFF7AFFD88B3A38920601E
:100B600043F0800306F47046A381B6F5005F4FF4AE
:100B70008063C4E90403DED1B4F90E10284600F006
:100B8000CFF90028D7D0A38923F0030343F0010352
:100B9000A381D0E7B4F90C3013F0800F14BF4026C6
:100BA0004FF4806631462846FFF786FD40B1A389A1
:100BB000206043F08003C4E90406A38116B070BD31
:100BC000B4F90C309A05B6D423F0030304F14702BC
:100BD00043F002030121C4E90421A3812260AAE7B2
:100BE00070B50C46B1F90E10002996B015461E4698
:100BF0000FDB6A4601F070FB00280ADB019B03F45F
:100C00007043A3F50053B3FA83F34FF480625B099A
:100C100008E0A28912F0800F4FF0000314BF4022B9
:100C20004FF48062002033602A6016B070BD00BFB0
:100C300000000000000000000000000000000000B4
:100C400002780B78012A28BF9A4240F0D8806DE9DB
:100C5000044540EA0104CDE902676FF0000C4FEA59
:100C600044721AB380EA010414F0070F6BD100F04C
:100C7000070420F0070004F0030521F007014FEA04
:100C8000C505F0E8042314F0040FF1E804670CFA3A
:100C900005F462EA040266EA04060BD063EA040380
:100CA000624667EA0407664604E000BFF0E80423F2
:100CB000F1E8046782FA4CF582EA0604A4FA8CF49F
:100CC0006CBB83FA4CF583EA0705A5FA8CF595B958
:100CD00050E9022351E9026782FA4CF582EA0604E0
:100CE000A4FA8CF483FA4CF583EA0705A5FA8CF58F
:100CF0002543DBD09CB92DBAB5FA85F424F007045E
:100D000027FA04F1DDE9026723FA04F303F0FF0098
:100D100001F0FF01FDE80445A0EB0100704724BA93
:100D2000B4FA84F424F0070426FA04F1DDE902673A
:100D300022FA04F202F0FF0001F0FF01FDE8044591
:100D4000A0EB0100704714F0030F3CD110F0030436
:100D500028D150F8082B51F8083B82FA4CF582EA6A
:100D60000305A5FA8CF55DB950F8042C51F8043C44
:100D700082FA4CF582EA0305A5FA8CF5002DE8D03D
:100D80002DBAB5FA85F424F0070423FA04F122FA07
:100D900004F202F0FF0001F0FF01FDE80445A0EBC2
:100DA000010070474FEAC40420F0030050F8082BFC
:100DB00021F0030151F8083B0CFA04F462EA040242
:100DC00063EA0403C9E710F003041DD0A1EB04019A
:100DD00020F00300E40750F8042B06D012D28B78E1
:100DE0005FFAA2F4E41A06D12BB1CB785FFAB2F421
:100DF000E41A00D133B920465DF8104B7047A2EBDE
:100E00000300704701F1040150F8042BCC0721F0D6
:100E1000030151F8043B48D824D222F07F4482FADF
:100E20004CF594EA1325A5FA8CF50AD165B951F869
:100E3000043B84EA0204B4EB036F0ED150F8042B98
:100E4000EBE74FEA132355E035F07F454DD10878A5
:100E5000FDE80445C0F1000070474FEA126203F05C
:100E6000FF0347E002EA1C4482FA4CF594EA13457A
:100E7000A5FA8CF50AD165B951F8043B84EA02045D
:100E8000B4EB034F0CD150F8042BEBE74FEA1343BC
:100E900030E015EA1C4528D10B884FEA124229E0C0
:100EA0004FEA124203EA1C4324E002F0FF0482FAF4
:100EB0004CF594EA1365A5FA8CF50AD165B951F899
:100EC000043B84EA0204B4EB032F09D150F8042B4D
:100ED000EBE74FEA13630DE015F0FF0F05D10B6848
:100EE0004FEA122223F07F4304E04FF00000FDE8B8
:100EF0000445704712BA1BBA82FA4CF482EA030422
:100F0000A4FA8CF5B5FA85F402FA04F203FA04F3B4
:100F10004FEA1260FDE80445A0EB1360704700BF84
:100F200038B5074D0022044608462A600AF0F4FD51
:100F3000431C00D038BD2B68002BFBD0236038BD8C
:100F4000AC0E00209368013B002B936011DA10B4C3
:100F50009469A34209DB0A2907D01368581C106062
:100F6000197008465DF8044B70475DF8044B00F0BB
:100F700073B91368581C106019700846704700BF99
:100F80009BB1F8B5134406460F46541E5D1E01E0A2
:100F9000AC4208D014F8011F3A463046FFF7D2FFA2
:100FA000431CF5D1F8BD0020F8BD0020704700BFFC
:100FB000936810B514461BB918460023636010BD32
:100FC00000F0F6F90023A3600023636010BD00BFAA
:100FD0002DE9F04FA1B08B4691461C46049018B104
:100FE000036A002B00F01C81BBF80C30180740F19D
:100FF0009580DBF81030002B00F090800023CA466B
:101000000D9343F22003ADF839309AF80030864E44
:1010100007940127002B79D0D14604E019F8013F4D
:10102000002B00F08580252BF8D1B9EB0A0840F0A1
:10103000828099F80030002B68D000234FF0FF32F7
:10104000CDE9092309F1010908930B938DF8633069
:101050001E9305E0089A07FA03F31A430892A14683
:101060004C46052214F8011B304600F0C9FEA2468A
:10107000831B0028EED1089BD90644BF20228DF89F
:10108000632099F800101A0744BF2B228DF86320C3
:101090002A2966D1079A1168043200290792C0F202
:1010A0009A800B9199F801102E2970D05F4C032281
:1010B000204600F0A5FE38B1089B001B402282406C
:1010C00013430AF1010A08931AF8011B58488DF8D6
:1010D0003810062200F094FE002800F08280554B64
:1010E000002B69D007AA0092534B04985A4608A9CE
:1010F000AFF300800390039B013307D00D9B039A4D
:1011000013440D939AF80030002B85D1BBF80C30B6
:101110005B060AD40D9821B0BDE8F08F04985946BB
:10112000FFF7CAFB00283FF469AF4FF0FF30F2E74A
:10113000B9EB0A08EAD00AF1FF35CDF81490A946B8
:10114000049D01E0A0453ED94C465A4619F8011FBE
:101150002846FFF7F7FE02340130A4EB0A04F1D170
:10116000D4E7A1F13002092A88BFCA469CD80B9B5C
:1011700000E00134217803EB830302EB4303A1F188
:101180003002092AF5D92E290B93A2468ED19AF85E
:1011900001102A292FD1079B9AF802101A68099288
:1011A0000433002A0AF102000793B8BF4FF0FF335F
:1011B0008246B8BF099379E7079B073323F00703FB
:1011C000083307939AE70D99DDF81490414499F894
:1011D00000300D912FE7494243F002030B91089331
:1011E00060E707AA0092144B04985A4608A900F039
:1011F00031FF03907FE7A1F130020023092A099310
:101200000AF1010A3FF652AF1AF8011F03EB8303FC
:1012100002EB4303A1F13002092AF5D9099345E70E
:1012200000F060FCE0E600BFC81F0208D01F020803
:10123000D41F020800000000810F000810B4054C04
:101240008446134620685DF8044B0A466146FFF762
:10125000BFBE00BF00000020F8B50D46144606468C
:1012600010B1036A002B37D0A389A269A2601A07C4
:1012700019D52369BBB122686169D31AEDB29942CD
:101280002F4620DD0133A1680139A160511C216086
:10129000157062699A420DD0A389DB0701D50A2D2A
:1012A00008D03846F8BD21463046FFF705FB38B96F
:1012B0002369E0E72146304600F0E0FC0028F0D04A
:1012C0004FF0FF37EDE72146304600F0D7FC00280D
:1012D000F6D122680123D6E700F004FCC4E700BF82
:1012E00010B4044C03460A4620685DF8044B1946C6
:1012F000FFF7B2BF0000002038B5074D00220446BA
:1013000008462A600AF0AEFB431C00D038BD2B68AB
:10131000002BFBD0236038BDAC0E002010B50C466E
:10132000B1F90E1000F0BCFD002803DB636D03442F
:10133000636510BDA38923F48053A38110BD00BF52
:10134000002070472DE9F0410C46B1F90C101F4602
:10135000CB05054616460BD421F48051A1813B46AE
:10136000B4F90E1032462846BDE8F04100F0E0BF67
:10137000B4F90E100223002200F0C4FFB4F90C10DF
:10138000EAE700BF10B50C46B1F90E1000F0BAFF45
:10139000B4F90C30421C0EBF23F4805343F4805345
:1013A0006065A38110BD00BFB1F90E1000F0C2BB93
:1013B0009368002B00F0F8802DE9F04FB1F90CC0D4
:1013C0001CF0080F83B0904681460C4631D00B6963
:1013D0007BB31CF00207D8F8006038D00027D4F89F
:1013E00028B0216ADFF8C4A23D4655452B463A464F
:1013F00028BF53464846C5B1D847002840F3CA80A5
:10140000D8F808301B1A07442D1AC8F80830002BEA
:1014100000F0B68055452B46D4F828B0216A28BF85
:1014200053463A464846002DE6D1D6E900750836BF
:10143000DBE721464846FFF73FFA002840F0AF803F
:10144000B4F90CC0D8F800601CF00207C6D11CF03B
:10145000010A63D12368A168574618468B46002FBE
:1014600058D01CF4007F00F0B580B9420A4600F263
:10147000E1801CF4906F2FD0216962695D1A02EB44
:10148000420202EBD2726B1C52103B44934292BF59
:1014900093469B461A461CF4806F00F0EA80114682
:1014A0004846FFF709F9002800F0F9802A4621692B
:1014B0000090FFF763FAA289009B22F4906242F049
:1014C0008002A2815819ABEB0505C4F814B0236162
:1014D000A5602060BB463A4651460092FFF76CF982
:1014E000A1682368009AA1EB0B011A443D46A16054
:1014F00022600027D8F808305B1BAA44C8F80830DF
:10150000002B3DD02368A168B4F90CC018468B4667
:10151000002FA6D1D6E900A708369EE73846BB467D
:101520003D460097002D41D0002846D0009A206803
:10153000A168D4E90473AA4228BF2A46B84204D954
:1015400001EB030A524500F38580934275DC216A62
:10155000A76A5A464846B847B0F1000A1ADD009B10
:10156000B3EB0A0300930FD00120D8F80830A3EBA7
:101570000A03D344A5EB0A05C8F80830002BD1D1E3
:10158000002003B0BDE8F08F2146484600F076FB0E
:101590000028EAD0B4F90C3043F04003A3814FF0A7
:1015A000FF3003B0BDE8F08F002070477568334608
:1015B0000836002DFAD0D3F800B02A460A21584642
:1015C00000F01EFC002867D00130A0EB0B03009355
:1015D0001A46ACE722699A4214D36269BA4211D81A
:1015E0006FF00043BB4228BF3B46A56A93FBF2F372
:1015F000216A02FB03F348465246A847051EC9DD8F
:101600007F1B77E7B94228BF39460D4618460A4680
:101610005146FFF7D1F8A1682368491B2B44A1600C
:1016200023600029ECD12146484600F027FB002822
:10163000E6D0AFE7BB463A464EE759460192FFF780
:10164000BBF8019AA3689B1AA36023681344236024
:10165000924684E759465246FFF7AEF82368534452
:1016600023602146484600F009FB00283FF477AF8D
:1016700090E7484600F02AFC034600287FF422AF9A
:101680002169484600F03CFBB4F90C300C22C9F843
:10169000002023F080037FE76A1C009247E70C22BA
:1016A000B4F90C30C9F8002076E700BF00FCFF7FDA
:1016B00038B5C46B0CB1002038BD80210546FEF75B
:1016C000FBFF0246E86330B1031F7C3243F8044F4E
:1016D0009342FBD1EFE74FF0FF3038BD30B51F2903
:1016E00083B0054608D8C36B0C4653B153F82400A9
:1016F00043F8242003B030BD162303604FF0FF30C1
:10170000F8E780210192FEF7D7FF019AE8630346CC
:101710000028F3D0011F00F17C05002041F8040FE0
:10172000A942FBD1E2E700BF1F2938B505461ED804
:10173000C26B0C466AB152F8213053B1012B06D06E
:10174000591C10D0002142F8241020469847002050
:1017500038BD284600F020FE224601462846BDE856
:10176000384000F003BE16230360012038BD162365
:1017700003604FF0FF3038BD1F292AD838B5C36B3E
:101780000C460546A3B153F8242003EB84034AB169
:10179000511C0BD0012A07D0002520461D60904720
:1017A000284638BD012038BD032038BD022038BD91
:1017B0008021FEF781FF0346E86338B1021F002154
:1017C0007C3042F8041F8242FBD1DCE74FF0FF304F
:1017D00038BD4FF0FF30704738B5134B1F281D68D8
:1017E0001DD8EA6B044662B152F820304BB1012B90
:1017F00005D0591C0FD0002142F820109847002036
:1018000038BD284600F0C8FD224601462846BDE8FE
:10181000384000F0ABBD16232B60012038BD1623E5
:101820002B604FF0FF3038BD00000020114B1F2807
:1018300070B51E6808D8F36B04460D464BB153F8DB
:10184000240043F8245070BD162333604FF0FF305E
:1018500070BD80213046FEF72FFF0346F06300285D
:10186000F4D0021F00217C3042F8041F8242FBD1D9
:10187000E5E700BF0000002038B50B4B1D68EC6B9E
:101880000CB1002038BD80212846FEF715FFE86323
:1018900038B1031F00F17C0243F8044F9342FBD19F
:1018A000EFE74FF0FF3038BD0000002038B5174B90
:1018B0001F281D6826D80446E86BA0B150F82430D4
:1018C00000EB84004BB15A1C0BD0012B07D0002534
:1018D000056020469847284638BD012038BD0320C2
:1018E00038BD022038BD80212846FEF7E5FEE863BA
:1018F00040B1031F00F17C01002243F8042F8B420A
:10190000FBD1DBE74FF0FF3038BD00BF0000002007
:1019100000207047024A0349034800F04FBA00BF55
:10192000500000207D1C0008040000200C4B416882
:10193000994210B5044601D000F0A0F9A168094B06
:10194000994202D0204600F099F9E168064B99428D
:1019500004D02046BDE8104000F090B910BD00BF93
:10196000700D0020D80D0020400E00200020704790
:101970002DE9F8432A4C2B49DFF8BC90DFF8BC80F6
:10198000294FC4F83811002504230822294604F100
:101990005C00264EE360C4E90055C4E90455A56027
:1019A0006566A561FEF7F8FD214B636708222946AD
:1019B00004F1C400C4E90849C4E90A87C4E91A5516
:1019C000C4E91E552567C4F8CC50C4F8805026637E
:1019D000FEF7E2FD174BC4F8DC30294604F168033A
:1019E000082204F59670C4F88830C4E92398C4E945
:1019F0002576C4E93455C4E93855C4F8D850C4F83C
:101A00003451C4F8E850FEF7C7FD04F1D003C4E92F
:101A10003D98C4E93F76C4F8F030BDE8F88300BFD4
:101A2000700D00201519000885130008A91300087F
:101A300009000100120002001D13000845130008F0
:101A4000F8B5254BD3F838310646002B3CD0234F50
:101A5000D7E90134013B04D51DE05A1C04F16804A8
:101A600019D0B4F90C50013B002DF6D11C4BE360AA
:101A7000C4E90155C4E9045565662560A5610822DD
:101A8000294604F15C00FEF787FDC4E90D55C4E961
:101A900012552046F8BD3D680DB12F46D8E74FF4EA
:101AA000D6713046FEF708FE044680B10423C0E933
:101AB00000530C302946A0604FF4D0722546FEF743
:101AC0006BFD3C602F46C3E7FFF752FFBFE70C23D7
:101AD00038603360DDE700BF700D0020500000204B
:101AE0000100FFFF036A03B17047044B044AD3F8B7
:101AF00038310262002BF7D13AE700BF700D0020A9
:101B00002D190008704700BF704700BF024A034903
:101B1000002000F053B900BF500000201119000848
:101B2000024A0349002000F049B900BF50000020DC
:101B30006D19000838B5074D0022044608462A6092
:101B400009F0E2FF431C00D038BD2B68002BFBD00E
:101B5000236038BDAC0E0020B1F90C302DE9F04106
:101B60001E070C4680463DD44A68002A56DDE56AC9
:101B7000002D34D00022D8F80060C8F8002013F4FB
:101B80008052216A57D101234046A847451C02468E
:101B900066D0B4F90C30E56A216A580705D5636848
:101BA000D21A636B0BB1236CD21A00234046A847AC
:101BB000431C42D00023636023692360A389DF04B0
:101BC00000D56065616BC8F8006041B104F1440361
:101BD000994202D0404600F093F80023636300204E
:101BE000BDE8F0810E69002EF9D09B070D6808BF93
:101BF0004B690E6018BF0023AD1B8B600BE02B46BA
:101C00003246216AA76A4046B847B0F1000CA5EBFE
:101C10000C05664406DD002DF1DCE0E70A6C002AC5
:101C2000A5DCDCE7B4F90C3043F04003A3814FF0AE
:101C3000FF30BDE8F081626DAFE7D8F80010B4F96D
:101C40000C301D29F0D80C4ACA40D507ECD52269C2
:101C5000226000226260DA04B4D50029B1D0B1E775
:101C6000D8F80030002B94D01D2B01D0162BD9D1E1
:101C7000C8F80060B3E700BF010040200B69B3B1B2
:101C800010B5044682B008B1036A5BB1B1F90C30FB
:101C900013B9002002B010BD204602B0BDE81040CC
:101CA000FFF75ABF0191FFF71DFF0199EEE70020F2
:101CB000704700BFB8B138B50D4A036915680446CE
:101CC0002BB10DB12B6A53B1B4F90C300BB9002014
:101CD00038BD21462846BDE83840FFF73DBF2846BD
:101CE000FFF700FFF0E7034A0349044800F066B835
:101CF00000000020500000207D1C0008040000208F
:101D0000002950D038B551F8043C0C1F002BB8BF47
:101D1000E4180546FEF7FEFE274A13682BB1A342DE
:101D20000CD92168601883422CD063602846146067
:101D3000BDE83840FEF7F0BEA3420FD81A465B68F4
:101D4000002BF9D111685018844217D02CD363604E
:101D500054602846BDE83840FEF7DEBE11685018D2
:101D6000A04214D020D8216860188342EFD11868AF
:101D70005B680844C4E900035460EAE723680B4445
:101D80001360E6E718685B6808442060CDE72068C8
:101D90000144501883421160DBD1D3E900040144AF
:101DA000C2E90014D5E770470C232B602846BDE834
:101DB0003840FEF7B1BE00BF6C0D00202DE9F8439E
:101DC0000746884616464FF00009D6E90154013D02
:101DD00010D4A389012B08D9B4F90E300133214660
:101DE000384602D0C04749EA0009013D6B1C04F1A6
:101DF0006804EED13668002EE7D14846BDE8F88386
:101E000001F0FF01102A2BDB10F0070F08D010F8AB
:101E1000013B013A8B422DD010F0070F42B3F6D1AF
:101E2000F0B441EA012141EA014122F007047FF0C8
:101E300000070023F0E80256083C85EA010586EA1F
:101E4000010685FA47F5A3FA87F586FA47F6A5FA5B
:101E500087F68EB9EED1F0BC01F0FF0102F0070267
:101E600032B110F8013B013A83EA010313B1F8D112
:101E70000020704701387047002D06BF35460338F3
:101E8000073815F0010F07D1013015F4807F02BF2C
:101E9000013015F4C03F0130F0BC0138704700BF7D
:101EA00038B50C46084D8446114620461A46002394
:101EB0002B60644609F00AFE431C00D038BD2B6835
:101EC000002BFBD0236038BDAC0E00202DE9F04183
:101ED000144641B30AB306460D4600F03FFA844269
:101EE000074602D8B4EB500F13D821463046FEF710
:101EF000E3FB804650B1BC422246294628BF3A4601
:101F0000FEF73CFD29463046FFF7FAFE4046BDE8A5
:101F1000F081A8464046BDE8F081A046FFF7F0FEFC
:101F20004046BDE8F081BDE8F0411146FEF7C4BB74
:101F30002DE9F84F92461F460A698B68DDF8289014
:101F40009A42B8BF1A46CAF8002091F843300C46AE
:101F5000064613B10132CAF80020226891065FD507
:101F6000DAF800300233CAF80030226812F0060FA7
:101F700011461DD1E1689942D8BF114618DD4FF0D6
:101F8000000804F1190B05E0E568DAF80030ED1AF5
:101F900045450CDD01235A4639463046C8470130D5
:101FA00008F10108F0D14FF0FF30BDE8F88F21684B
:101FB00094F84330003B18BF01238A060AD5E11884
:101FC0005A1C302081F84300224494F8451082F8CE
:101FD0004310023304F1430239463046C84701300A
:101FE000E1D02368DAF80050216903F00603042BDE
:101FF000D4E902201BD08A4220DD4FF00008521A9B
:1020000090441A34002501E0454517DA01232246A1
:1020100039463046C847013005F10105F4D1C2E721
:1020200012F0060F0DD0003B18BF0123D2E7401B72
:102030008A4220EAE078E2DC0028E2DC0020BDE809
:10204000F88FE168DAF800309942D8BF114696DC83
:10205000AEE700BF2DE9F047174684B00A7E0C9D1D
:102060000C460646984601F1430C002A35D0A2F1F1
:102070005803D9B2202969D8202B67D8DFE813F09C
:10208000E6006600660066006600660066006600A0
:10209000660066006600AC007000660066006600C0
:1020A000660070006600660066006600210083001E
:1020B000C60066006600B600660083006600660023
:1020C000EC002B6822686169181D286010061B68E7
:1020D00002D4520600F1E08019600023E14623613A
:1020E000CDF800803B4603AA21463046FFF720FF8B
:1020F000013020D023694A4639463046C047013076
:1021000019D02368E068DDF80C909B0718D5484586
:1021100016DD002504F1190A04E0E068A0EB0903CC
:10212000AB420DDD0123524639463046C0470130EF
:1021300005F10105F1D14FF0FF3004B0BDE8F087A3
:102140004845B8BF484604B0BDE8F08784F842204F
:10215000012004F142090023206184F84330BFE7E5
:102160002A682368111D1806296002D4590600F157
:1021700095801068014600286268C0F29380544838
:102180004FF00A0E15E020682B6810F0800F53F80E
:10219000041B02D1400648BF89B26F2A4C482B600D
:1021A00014BF4FF00A0E4FF0080E0023626884F847
:1021B0004330002AA26051DB236823F0040323602C
:1021C00000294BD1002A7BD1E146BEF1080F56D041
:1021D000ACEB0903236183E72B681A6804332B6097
:1021E00004F1420984F842200120B4E72B686268B8
:1021F000191D2960D3F8009000214846FFF700FE22
:10220000002863D0A0EB09006060A4E7236843F0D6
:102210002003236078222F4884F845202A6813F091
:10222000800F52F8041B03D113F0400F18BF89B27E
:102230002A60DA0744BF43F02003236019B92368FA
:1022400023F0200323604FF0100EAEE7582384F8EC
:1022500045301F482368E1E72368DBE77546E14620
:10226000B1FBF5F305FB131A0A46AA4210F80A104F
:1022700009F8011D1946F3D2BEF1080FA8D1236851
:10228000DD07A5D5626823699A42A1DC302309F8ED
:10229000013C09F1FF399BE719801EE7B2F90010F4
:1022A000084668E72D20002AA26084F8430002DB7C
:1022B00023F0040323600A2505484942AE46CEE7D1
:1022C000037884F8423004F142097EE7606842E70F
:1022D000DC1F0208F01F020870B50C46084D0346CB
:1022E0000026204611461C462E6009F010FC431CB7
:1022F00000D070BD2B68002BFBD0236070BD00BFE9
:10230000AC0E002038B50C46084D844611462046D8
:102310001A4600232B60644609F000FC431C00D0E1
:1023200038BD2B68002BFBD0236038BDAC0E0020DD
:1023300038B50C46084D8446114620461A460023FF
:102340002B60644609F0D2FB431C00D038BD2B68DB
:10235000002BFBD0236038BDAC0E002051F8043CAC
:10236000181F002BBCBF0B58C018704770B50C4627
:10237000084D03460026204611461C462E6009F0F3
:1023800097FB431C00D070BD2B68002BFBD0236053
:1023900070BD00BFAC0E002009F088BB08B52DED64
:1023A000048BF0EE408AB0EE609A00F0EBFAF0EEAB
:1023B000490AB0EE408AB0EE680A00F0E1FAF0EEA9
:1023C000400AB0EE480ABDEC048BBDE8084000F0BE
:1023D00071BA00BF10EE101AC1F3C7520029A2F162
:1023E0007F0CACBF01204FF0FF30BCF11E0F0FDCA3
:1023F000BCF1000F1DDBC1F31603BCF1160F43F453
:1024000000030ADD963A03FA02F202FB00F070477D
:10241000FDEEC07A17EE900A70474FF4800242FA40
:102420000CF21A44CCF1170C22FA0CF202FB00F069
:102430007047BCF1FF3F18BF0020704708B52DED75
:10244000048BF0EE408AB0EE609A00F099FAF0EE5C
:10245000490AB0EE408AB0EE680A00F093FAF0EE56
:10246000400AB0EE480ABDEC048BBDE8084000F01D
:10247000F9B900BF08B52DED028BB0EE408A00F02F
:102480005DF8B4EE488AF1EE10FAF0EE408A0AD612
:10249000B0EE480A00F0B2FFF7EE007AB4EEE70AB9
:1024A000F1EE10FA04DCB0EE680ABDEC028B08BD58
:1024B000FEF7D8F8BDEC028B034621221A600248D1
:1024C000BDE8084000F0F8B97C09020810EE103AA7
:1024D000184923F000428A421AD9B2F1FF4F02D3C1
:1024E00030EE400A704700B583B0684600F056FEF3
:1024F00000F003000128DDED010A9DED000A10D077
:10250000022809D090B900F095FB03B05DF804FBF8
:10251000DFED090A00F08EBB00F08CFBB1EE400A43
:10252000F3E700F0F3FDB1EE400AEEE7012000F022
:10253000EDFDEAE7D80F493F0000000008B510EEB6
:10254000102A22F00043B3F17E5F2DED028B12D0F2
:102550000AD8B3F17C5F19D2B3F10C5F6AD8BDEC35
:10256000028B9FED760A08BD70EE407A87EEA70ACF
:10257000BDEC028B08BDBDEC028B9FED710ADFED57
:10258000717A002AC8BFB0EE670A08BD002AC0F2FF
:102590008E80F7EE008A38EEC00AF6EE007A20EE62
:1025A000278AB0EE480A01F04FFADFED677A9FED17
:1025B000677ADFED676ADFED675A9FED676AA8EE1D
:1025C000277ADFED667AE7EE086AE8EE067AE6EE4D
:1025D000885A9FED636A9FED637ADFED636AA5EE2B
:1025E000886AA7EE887ADFED617AE6EE087A10EE67
:1025F000103AE7EE086A6FF30B03B0EE677A07EE66
:10260000903AF0EE485AE7EEE75AE6EE888A30EE66
:10261000276A27EE087AC5EE866A87EE286ABDEC3F
:10262000028BB0EE667AA0EE067A37EE870A30EEBD
:10263000000A08BD20EE007ADFED437A9FED436A81
:10264000DFED436A9FED445ADFED425AA7EE276A59
:10265000BDEC028BE6EE076ADFED407A9FED416A42
:10266000E7EE057AE6EE875AA7EE876A9FED3C5AB9
:10267000DFED3D7ADFED3D6AA5EE875AE6EE077A9B
:10268000E5EE076AF7EE005AE7EE875A26EE877AFC
:102690009FED376ADFED377AC7EE256AB0EE467AEE
:1026A000A0EE667A30EE470A37EEC00A08BDB7EEF4
:1026B000007A30EE070AF6EE007A60EE277ADFED58
:1026C000226A9FED226ADFED224ADFED235A9FED59
:1026D000215A9FED268AA7EEA66ADFED206AE6EE74
:1026E000274AE7EEA56ADFED1F5A9FED1D6AA4EEAB
:1026F000A75AE6EEA75ADFED1C6AA5EE276AE5EEBB
:10270000A76AA6EE278AA6EEA77A28EE278AF0EE19
:10271000478AB0EE670A01F097F988EE286A9FEDC4
:10272000167ADFED167AA0EE067AF0EE006A37EE42
:10273000007AE7EE667AB0EE670A19E7DB0FC93F69
:10274000DB0F49400000000008EF1138047F4F3ACA
:10275000461124BDA80A4E3E2EC69D3D613330BFB2
:1027600090B0A6BE2D57014039D119C0ABAA2A3E60
:102770006821A233DA0FC93F6821A2B3DA0F4940BA
:1027800008B52DED028BB0EE408A01F05DF9B4EE94
:10279000488AF1EE10FA06D6DFED098AB4EEE88A2F
:1027A000F1EE10FA02D4BDEC028B08BDFDF75AFF22
:1027B00088EEA80ABDEC028B2123036008BD00BF90
:1027C0000000000053EC102BC3F30A50A0F2FF31BD
:1027D000132910B59C46964619DC002911DB2048C8
:1027E000084100EA0304144316D04FF400230B41C0
:1027F000634423EA000C002163460A4643EC102B95
:1028000010BD013103F0004C24D00021F4E733293E
:1028100005DDB1F5806F16D043EC102B10BDA0F292
:1028200013404FF0FF3424FA00F01042F4D001239B
:10283000C1F1330103FA01F111EB0E0128BF9C44F1
:1028400021EA0001D8E71046194601F095FF41EC56
:10285000100B10BD4CF07F5C4CF4401C0021CBE70A
:10286000FFFF0F0008B52DED048BF0EE408AB0EEAF
:10287000609A00F04DF9B0EE408A00F097FA20B16E
:10288000B0EE480ABDEC048B08BDB0EE680A00F05B
:102890008DFA0028F4D0B0EE490A00F087FA00283B
:1028A000EED0FDF7DFFE22239FED018A0360E7E70C
:1028B0000000807F00F0B4BA9FED010A704700BFAE
:1028C0000000C07F08B52DED048BB0EE608AB0EE3D
:1028D000409A01F0BDF8B4EE488AF1EE10FAF0EE3D
:1028E000408A0BD6B5EE409AF1EE10FA17D1B5EE4C
:1028F000408AF1EE10FA06D1F7EE008AB0EE680ACF
:10290000BDEC048B08BDB0EE480A00F04FFA002879
:10291000F4D0B5EEC08AF1EE10FAEFD525E000F064
:1029200045FA88B1F5EE408AF1EE10FAE6D1B0EE44
:10293000490A00F03BFA0028E0D0B0EE480A00F067
:1029400035FA0028DAD010E0B0EE490A00F02EFA8D
:102950000028E7D0B0EE480A00F028FA0028E1D0BD
:10296000F4EE688AF1EE10FA04D6FDF77BFE22231E
:102970000360C3E7FDF776FE21230360BEE700BFD7
:10298000704700BFB0EE600A704700BF0000000053
:1029900051EC100BC1F30A532DE9F041A3F2FF35BE
:1029A000132D0C46064632DC002D20DB384B43FA53
:1029B00005F801EA080303430F462DD032A3D3E9FB
:1029C000002301F0D9FE0022002302F01BFB40B1DE
:1029D000002C03DA4FF480132B411F4427EA08042C
:1029E00000262346324643EC102BBDE8F08126A397
:1029F000D3E9002301F0C0FE0022002302F002FB15
:102A00000028EED0002C2ADB00263446E9E7332DDF
:102A100006DDB5F5806F1BD041EC100BBDE8F081F1
:102A2000A3F213434FF0FF37DF400742F4D016A361
:102A3000D3E9002301F0A0FE0022002302F0E2FA15
:102A40000028CED0002C334610DB23EA0706C8E767
:102A500002460B4601F090FE41EC100BDEE724F03D
:102A6000004426430DD14FF00044BAE7142D06D0A0
:102A7000C5F134050122AA401344B342E5D2013422
:102A8000E3E7044C0026ACE79C7500883CE4377E05
:102A9000FFFF0F000000F0BF08B52DED028BB0EE78
:102AA000408A01F089FBF0EE408AB0EE480A00F05F
:102AB0007DF968B1DFED127AB4EEE78AF1EE10FA33
:102AC0000BDCDFED107AB4EEE78AF1EE10FA0FD4EA
:102AD000B0EE680ABDEC028B08BDDFED0B8AFDF796
:102AE000C1FDB0EE680ABDEC028B2223036008BD75
:102AF000FDF7B8FD2223DFED058A0360E8E700BF9C
:102B00001772B142B5F1CFC20000807F0000000013
:102B100010EE103A23F0004210EE903A23F00043FA
:102B20009A4202DB194613460A46991AB1F1706FB0
:102B300000EE103A06EE902A3FDCB3F1B14F10B52B
:102B40002EDC0024B2F11A5F0ADA42B3B2F5000FAC
:102B500060DADFED357A66EEA76A20EE270A7E3C62
:102B600030EE666AF4EEC66AF1EE10FA28D56FF31D
:102B70000B0307EE903A30EE277A30EE670A27EE25
:102B8000000AA6EEA60AA7EEA70A00F05DFF34B180
:102B9000E40504F17E5407EE904A20EE270A10BDAA
:102BA000B3F1FF4F29DA03F15E4302F15E4200EE1A
:102BB000103A06EE902A4424C4E730EE260A704705
:102BC0001A4903F500030B4007EE903AB0EE007A85
:102BD000B0EE675A90EE075A02EA010307EE103A88
:102BE00026EE850A76EEC75AA5EEA70AA6EE060AD5
:102BF000A7EE270A00F028FFC9E714BF30EE260A27
:102C00009FED0B0ADFED0A7AB2F1FF4F08BFB0EE7D
:102C1000670A10BD03F1085302F1085200EE103AA2
:102C200006EE902A443C9BE70000807E00F0FFFF08
:102C30000000807F10EE103A23F00043B3F1485FAC
:102C40002CD2FDEEC07A17EE903A002B60D060EEE9
:102C5000007A9FED317A9FED315ADFED315A9FEDC9
:102C6000316ADFED316AA7EE875A9FED307AE7EEE1
:102C7000855AA7EEA56AA7EE867AE7EE876A67EE21
:102C8000A66A60EEC00AB6EE007AE7EEA60AB7EED4
:102C9000000AD7EE870A30EE600A704760EE007ACD
:102CA0009FED1D7A9FED1D5ADFED1D5A9FED1D6AA8
:102CB000DFED1D6A1E4AA7EE875A93429FED1B7AED
:102CC000E5EE275AA5EEA76AA6EE277AE7EE276A71
:102CD00066EEA76AD5D9174A934214D803F17F4309
:102CE00007EE103AB7EE006A36EE476A60EEC00AA9
:102CF000F6EE005A97EEA57AE7EEA60A37EE607A6E
:102D000036EE470A7047B6EE076AB5EE027AEDE78F
:102D1000B7EE000A704700BF4ED747ADF6740F31CB
:102D20007CF293B4010DD037ABAA2A3D610BB6BA41
:102D30009999993E0000483F10EE103A194923F046
:102D400000428A421BD9B2F1FF4F02D330EE400A53
:102D5000704700B583B0684600F020FA00F0030029
:102D60000128DDED010A9DED000A13D002280BD0E9
:102D700098B9012000F0CAF903B05DF804FBDFED5B
:102D80000A0A002000F0C2B9012000F0BFF9B1EE3C
:102D9000400AF1E7FFF74EFFEEE7FFF74BFFB1EE1A
:102DA000400AE9E7D80F493F0000000010EE103A52
:102DB00023F00040B0F1FF4FACBF0020012070476E
:102DC00008B52DED028BB0EE408A01F029FBB4EE80
:102DD000488AF1EE10FA0FD6B5EEC08AF1EE10FA7D
:102DE0000AD8B5EE408AF1EE10FA08D1FDF73AFCA8
:102DF00022239FED090A0360BDEC028B08BDFDF79D
:102E000031FCBDEC028B034621221A600348BDE869
:102E10000840FFF751BD00BF000080FF7C09020899
:102E200010B582B0CDED010A019B23F00042B2F152
:102E3000FF4FF0EE407A30D810EE100A20F000413B
:102E4000B1F1FF4F29D8B3F17E5F42D09C1704F057
:102E5000020444EAD07431B37AB3B2F1FF4F40D0E8
:102E6000B1F1FF4F29D0891AB1F1F45F4FEAE15275
:102E700034DA002B42DA3C3240DA9FED340A012C7E
:102E80004ED0022C43D064B19FED317ADFED317A20
:102E900030EE070A30EE670A03E09DED017A37EE67
:102EA000270A02B010BD022C10D09FED2B7A032C04
:102EB00008BFB0EE470A02B010BD9FED280ADFED53
:102EC000287A0028A8BFB0EE670AEAE79FED210A3A
:102ED000E7E702B0BDE8104000F048B89FED200AD7
:102EE000CDE7B1F1FF4F04F1FF3420D0022C26D8FA
:102EF0001C4B03EB840393ED030AD2E79DED017AAB
:102F000087EE870A00F07AFA00F030F8B7E79FED15
:102F1000107ADFED107A30EE070A37EEC00AC0E70C
:102F200010EE103A03F1004300EE103AB9E7022C1C
:102F300008D80C4B03EB840393ED000AB1E79FED37
:102F4000030AAEE79FED080AABE700BF00000000F0
:102F50002EBDBB33DB0F4940DB0F49C0DB0FC9BFC0
:102F6000DB0FC93FE8010208DB0F493F38B510EE1F
:102F7000105A25F00044B4F1A14FF0EE407A0DD381
:102F8000B4F1FF4F58D8DFED4F7A9FED4F7A002D07
:102F9000CCBFB0EE470AB0EE670A38BD4B4B9C423F
:102FA00059D8B4F1445F4AD34FF0FF3227EEA76AF5
:102FB0009FED475A9FED477ADFED475ADFED474ACD
:102FC00066EE066A531CA6EE857AE6EEA54A9FEDEC
:102FD000445ADFED445AA7EE265AE4EEA65A9FED76
:102FE000427ADFED424AA5EE267AE5EEA64A9FED4B
:102FF000405ADFED405AA7EE265A9FED3F7AA4EEE5
:10300000A67AE5EE265A27EE267AA5EE867A27EEF0
:10301000877A35D0394B03EB820393ED046AD3ED05
:10302000006A37EE467A002D37EE677A36EEC70A29
:10303000B3DAB1EE400A38BD30EE000A38BD9FED7C
:10304000307A30EE077AF7EE006AB4EEE67AF1EE07
:1030500010FAA9DD38BD00F0D1F92A4B9C4212D8F4
:10306000A3F5D0039C4223D8F0EE007ABFEE007A9D
:10307000A0EE277A002230EE270AC7EE007A95E705
:1030800037EEC70A38BD204B9C420BD8F7EE087AC2
:10309000B7EE007AA0EE277A022230EE670AC0EE81
:1030A000077A83E7BFEE007AC7EE007A03227DE756
:1030B000F7EE007A30EE677A30EE270A0122C7EE8B
:1030C000007A73E7DB0FC9BFDB0FC93FFFFFDF3EAD
:1030D000D769853C59DA4B3D21A215BD6BF16EBD18
:1030E000356B883D95879DBD6E2EBA3D388EE3BD0C
:1030F0002549123EABAAAA3ECDCC4CBE0002020826
:10310000CAF24971FFFF973FFFFF1B4010EE103AD4
:1031100023F00043B3F1485F04D2FDEEC07A17EE0E
:10312000903A5BB360EE007A9FED157ADFED155AA9
:103130009FED156ADFED156AE7EE875A9FED147A69
:10314000A5EEA76A20EE275AE6EE276AA6EEA77A32
:1031500030B9DFED106AE7EE876AA6EE850A7047A0
:1031600027EE457AF6EE006AA0EEA67ADFED0A6A4F
:10317000D7EE270AE5EE260A30EE600A704700BF58
:10318000D3C92E2F342FD7B21BEF3836010D50B9CB
:103190008988083CABAA2ABEABAA2A3E70B510EEBD
:1031A000103A884A23F00044944286B0054671D90B
:1031B000854A94421E4624D823F00042002BDFEDBE
:1031C000837A834922F00F02B0EE407A40F3E08028
:1031D0008A4270EE677A09BF9FED7E7ADFED7E6AE4
:1031E000DFED7E6A77EEC77A37EEE67A77EEC77A5A
:1031F00080ED007A77EEE67AC0ED017A012006B024
:1032000070BD774A944252D9B4F1FF4F48D2E215CB
:10321000863AA4EBC25307EE903ABDEEE77ADFEDB3
:10322000716AB8EEC77A77EEC77A8DED037A67EEEA
:10323000A67ABDEEE77AB8EEC77A77EEC77A8DED5B
:10324000047A67EEA67AF5EE407AF1EE10FACDED4B
:10325000057A40F09880B5EE407AF1EE10FA0CBF96
:1032600001230223604901910221009103A829460C
:1032700000F0CCF8002EC2DA95ED007AD5ED017A97
:10328000B1EE477AF1EE677A85ED007AC5ED017A05
:103290004042B4E7002285ED000A42600020AEE71C
:1032A00070EE407AC0ED017AC0ED007AF6E700F0EA
:1032B000A5F89FED4E7A9FED456AF6EE007AE0EEB6
:1032C000077A9FED457AFDEEE77A17EE900AF8EE61
:1032D000E76A1F28A6EEC60A66EE877AB1EE666A2E
:1032E00020DC434A411E26F0004352F8212023F0FF
:1032F000FF03934216D030EE677A30EE470A002E75
:1033000030EE670A85ED007A85ED010ABFF677AFEA
:10331000B1EE477AB1EE400A85ED007A85ED010AFB
:1033200040426CE730EE677AE21517EE103AC3F3CD
:10333000C753C3EBD453082BDFDD9FED267A9FEDF7
:10334000275AF0EE405AE6EE075A70EE657AE6EE3E
:10335000077AD6EE857A35EEE77A17EE103AC3F3A0
:10336000C753D21A192A10DD9FED227A9FED225AF7
:10337000B0EE650AA6EE070A75EEC07AE6EE077AA9
:10338000D6EE857AB7E703236CE7B0EE650AB4E7BB
:103390008A4270EE277A09BF9FED0E7ADFED0E6A42
:1033A000DFED0E6A77EE877A37EEA67A77EEC77A88
:1033B00080ED007A77EEA67AC0ED017A4FF0FF300B
:1033C0001DE700BFD80F493FE3CB1640800FC93F30
:1033D000D00FC93F004435374344353708A3852E05
:1033E000800F494300008043A002020884F9223F75
:1033F0002002020800A3852E32318D2410EE103AEF
:1034000023F0004300EE103A704700BF2DE9F04F63
:103410002DED048BDBB01C46944603930A46CD4B3E
:1034200068991CF1040F53F82160824604F1FF38BB
:10343000C0F24982BCF1030348BF0CF10403DB1066
:10344000029301334FEAC30EACEB0E030593029BCC
:1034500016EB0800A3EB080316D401309FEDBE7AEB
:10346000699C18441EA9002BA4BF54F8235007EEF2
:10347000905A03F10103ACBFF8EEE77AF0EE477A19
:103480008342E1EC017AEED1002EC0F2B182039BBF
:103490001EA901EB830446AD4FEA83094046F718A5
:1034A0000AEB8301B8F1000FDFEDAB7A09DBA3462D
:1034B0005346F3EC016A3BED017A8B42E6EE877AE4
:1034C000F7D10130B842E5EC017A04F10404E9D106
:1034D0000DF1280B0BEB8603CDE9062E043B9FED87
:1034E000A09ADFED9E8A059804930AEB090446AF83
:1034F0000BEB86090096CDF820C05AAB03EB860390
:10350000002E13ED140A4FEA860515DD7B195A4685
:1035100060EE097AB0EE407AFDEEE77A73ED016A6B
:10352000F8EEE77ABB42A7EEE87A37EEA60ABDEEE0
:10353000C77AA2EC017AEBD1019000F0CBFDF4EE5A
:10354000007AB0EE408A20EE270A00F0CBFFF2EEC0
:10355000007AA0EE678A01980028FDEEC89AF8EE7E
:10356000E97A38EE678A6CDD06F1FF3EC0F10803A8
:103570005BF82E2042FA03FC0CFA03F3D21AC0F1D6
:10358000070119EE903A4BF82E200A416344002AB5
:1035900009EE903A00F3F080B5EE408AF1EE10FAB1
:1035A00040F09D80009B9E420ADD5D44002355F85B
:1035B000041D4D4543EA0103F9D1002B40F0F28090
:1035C000009B013B5BF82330002B40F0E780049B1D
:1035D000012153F8042D0131002AFAD0731C314423
:1035E0009C46029D039A05EB030E0EF1804E699DE9
:1035F00032440EF1FF3E07EB83061EAB05EB8E0E49
:1036000003EB8205DEED017AF8EEE77AB8F1000F00
:103610000EF1040EE5EC017ADFED4F7A09DB2A4664
:103620005346F3EC016A32ED017AA342E6EE877A63
:10363000F7D10CF1010C6145E6EC017AE2DA0E46B5
:103640005BE740F08F80731E5BF82320D211002AC5
:10365000A2DD19EE903A002E03F1010309EE903A33
:1036600040F3D48159464FF0000E51F8043B002B33
:103670006AD0C3F5807341F8043C04E00B68C3F1E1
:10368000FF0341F8043B0EF1010E7645F6DC012301
:103690009E4600280ADD012878D0022806D1711E36
:1036A0005BF8213003F03F0C4BF821C0022A7FF475
:1036B00073AFB7EE000A734630EE488A002B3FF432
:1036C0006BAF0992019000F005FD38EE408A019839
:1036D000099AB5EE408AF1EE10FA3FF463AF9246D4
:1036E000DDE9062EDDF820C00196AEEB0C00B0EE51
:1036F000480A009E009200F0EDFCDFED186AB4EE7F
:10370000E60AF1EE10FADDE90023F0EE407AC0F2AD
:1037100050819FED137A059920EE077A0831BDEEAE
:10372000C77A0591B8EEC77A5C1CE7EE667ABDEE03
:10373000C77AFDEEE77A17EE901A4BF8231017EED2
:10374000103A4BF8243046E00EF1010EB6458CDB02
:103750009E469EE7B8050208000000000000804376
:103760000000803BF6EE007AB4EEE78AF1EE10FA44
:1037700080F2988000220FE70133002E09EE903A84
:103780003FF770AF002301289E4686D1711E5BF87B
:10379000213003F07F0C4BF821C087E7731C9C4657
:1037A00019461EE733469246DDE905125C1EA1F17B
:1037B00008005BF82410009E059061B903F1804376
:1037C000013B0BEB8303014653F8040D013C083920
:1037D0000028F9D0059105980092B7EE000A00F094
:1037E00079FC002C009AB0EE407AC0F20581601C92
:1037F00046AD5FED256A81000BEB800305EB800091
:1038000073ED017AF8EEE77A5B4567EE877A27EE8B
:10381000267A60ED017AF3D10DF1C8080B1F46A896
:10382000C718C646A44600259146002E73DB844A7D
:10383000DFED847A3846002301E0AB4208DCF2EC8D
:10384000016AB0EC017A01339E42E6EE877AF4DA3F
:103850000CF1FF3CBCF1FF3FEEEC017A05F10105F4
:10386000A7F10407E1D1689B022B4A4656DC002BE6
:103870002EDC0ED1DFED737A414431ED017A414502
:1038800077EE877AF9D15346002B40F0AE80C2ED37
:10389000007A19EE903A03F007005BB0BDEC048BA0
:1038A000BDE8F08F19EE903A002E03F1010309EE06
:1038B000903AC8BF02223FF7D5AEF7EE007A37EE56
:1038C000C88A022268E600234FF0080E0293BBE587
:1038D0009FED5C7A414471ED017A414537EE277ADC
:1038E000F9D1DDED327A534677EEC77A002B75D1E8
:1038F00082ED007A64B133A90123B1EC017A01337E
:103900009C4277EE877AF8DA53460BB1F1EE677A8C
:10391000C2ED017ABDE7DFED4B7A99E7689B032B97
:10392000B7D1002C7ED008EB840595ED007AA0007D
:103930002B46294671ED017AF0EE476A37EE277A79
:10394000414577EEC77A81ED007A77EEA67AC1ED30
:10395000017AEFD1012C65D095ED007A08F10401D0
:1039600073ED017AF0EE476A37EE277A994277EEE7
:10397000C77A83ED007A77EEA67AC3ED017AEFD1AC
:10398000031DDFED307A434408F1080833ED017A76
:10399000984577EE877AF9D15346DDED326A9DED91
:1039A000337A73B9C2ED006A82ED017AC2ED027A10
:1039B0006FE7FDEEC07A1C4617EE901A4BF8231005
:1039C00009E7F1EE666AB1EE477AF1EE677AC2ED89
:1039D000006A82ED017AC2ED027A5AE7B1EE477AC7
:1039E00082ED007A002C86D190E7F1EE677A4EE7FF
:1039F000039B4FEA83096BE5689B022B0EDC002BCF
:103A000013DC7FF446AFDFED0F7A3CE7022A7FF448
:103A1000C3ADF7EE007A37EEC88ABDE5689B032B8D
:103A20007FF437AFDFED077AB6E75346DDED327A44
:103A300013B9002313606BE74FF00043136065E791
:103A4000C405020800000000B1EEC00A704700BFC4
:103A50002DE9F0432DED028B83B0CDED010A8DED04
:103A6000000ADDE9004535F0004610D184F48004F9
:103A7000640014F5000F1BD9DDED007A9DED017A8D
:103A800037EE870A03B0BDEC028BBDE8F08324F06B
:103A90000047B7F1FF4F02D8B6F1FF4F0FD9B4F18D
:103AA0007E5FE9D185F480056D0015F5000FE3D840
:103AB000B7EE000A03B0BDEC028BBDE8F083002C2A
:103AC000B84616DBB6F1FF4F00F0F780B6F17E5F27
:103AD00000F02681B5F1804F00F04681B5F17C5FA2
:103AE00040F0388103B0BDEC028BBDE8F043FFF736
:103AF000ABBFB6F1974F80F0F080B6F17E5F80F0FB
:103B00001981B5F1804F00F02F81B5F17C5F40F055
:103B10002181FFF773FCB7F1FF4FB3D04FF00009DD
:103B2000002F00F0F280B7F17E5F00F0E580E20F39
:103B3000013A59EA020300F02181B6F19A4F40F2AE
:103B40004581924B9F4240F23E82914B9F4200F250
:103B50004782F7EE007A30EE670A9FED8E6ADFED5E
:103B60008E5AF5EE007AA0EE676AF6EE006AE6EE8F
:103B7000406A20EE007ADFED897A9FED896A27EEB0
:103B8000267A67EEC77AE0EE257AF0EE676AE0EE15
:103B9000066A16EE903A6FF30B0306EE903AB0EE1B
:103BA000667AA0EE467A77EEC77A6FF30B0507EEDA
:103BB000105A9DED016ADDED015A36EE476A67EE57
:103BC000A57A26EE877AE6EE267A09F1FF3959EAD8
:103BD0000209BFEE008A77EE876AB7EE006A16EE3A
:103BE000903A18BFB0EE468A002B23F0004240F313
:103BF000B981B2F1864F00F2388200F01C82B2F136
:103C00007C5F00F20082002210466FF30B0305EE8A
:103C1000903A75EEC76A9FED637A9FED633A9FED28
:103C2000632ADFED633A9FED634ADFED634A9FED60
:103C3000635A77EEE67A25EE877ADFED616AA7EEC2
:103C4000A67AF0EE002AF0EE476AE5EE836AB7EE58
:103C5000000A26EEA66AF0EE667AE6EE023AE5EE95
:103C6000C37AF0EE445AE3EE865A77EE677AB0EE06
:103C7000647AA5EE867AF0EE455AE7EE065AB0EE83
:103C8000667AA5EEC67AE6EEA77A66EE875A37EE32
:103C9000626A85EE867A77EE677A77EEE67A30EEBC
:103CA000670A10EE103A1344B3F5000FC0F2958185
:103CB00000EE103A20EE080AE4E6B7F17E5F3FF42A
:103CC000F7AE32D99FED3F0ADDED017A002DB8BF86
:103CD000F0EE407AB0EE670AD4E6B6F1FF4FECD0D2
:103CE0004FF002099DED000AFFF788FBB7F1FF4F87
:103CF00002D0002F7FF417AF002DBCBFF7EE007A83
:103D000087EE800A002CBFF6BDAEA7F17E5757EABA
:103D1000090740F0208170EE407A87EEA70AB1E6ED
:103D2000002D1ADB9DED000AACE6002D21DB9FED96
:103D3000250AA7E6F315C3F1960346FA03F202FA41
:103D400003F3B34200F0FA80B6F17E5FE8D0B5F13C
:103D5000804F09D04FF00009C4E79DED007AF7EEDF
:103D6000007A87EE870A8DE6DDED007A27EEA70A56
:103D700088E6DDED017AB1EE670A83E6DDED007AD3
:103D800077EEE77A87EEA70A7CE600BFF3FF7F3F76
:103D90000700803FABAAAA3E70A5EC363BAAB83F0D
:103DA00000AAB83F8CBEBF350072313F4CBB3133E7
:103DB0000EEADDB555B38A38610B36BBABAA2A3E95
:103DC0001872313F000000000000804B14F0FF4FDC
:103DD00040F0F7805FED047A60EE277A6FF017030A
:103DE00017EE908AA9484FEAE851C8F316087F39C0
:103DF0008045194448F07E5340F3DB80A448804559
:103E000040F3F8809FEDA35A0131F0EE453AA3F557
:103E10000003F7EE005A002006EE103A76EE257AFF
:103E2000B7EE007A87EE270A5B1043F0005303F5E4
:103E30008023034476EE656A07EE901A26EE803AF8
:103E4000B8EEE77A13EE101A07EE903A924BDFEDD8
:103E5000930A9FED938A9FED931ADFED932ADFED8E
:103E6000931A9FED932A77EEE55A194004EE901AC3
:103E700036EE656A63EE035AE4EEE76AF0EE607AC6
:103E8000E5EE887AE4EEC66AA7EEA51A66EE806AC9
:103E9000E1EE252A73EE247AE2EEA51A25EEA58A34
:103EA000A1EEA52A67EEA67AB0EE084AB0EE446A03
:103EB000E8EE027AA4EEA46ADFED7E0A9FED7E1A98
:103EC000DFED7E2A36EE276A16EE101A194006EE4E
:103ED000101A76EE445AE4EEE45A77EEE57A67EE8D
:103EE000837AE6EE867AF0EE675AE4EE865A15EEAD
:103EF000901A194005EE901AF0EE656AE4EEC66A73
:103F000077EEE67A67EEA07AE5EE817A77EEA37A2D
:103F1000F0EE676AE5EEA26A76EE856A76EE876A6B
:103F200016EE901A194006EE901A36EEC77A37EE62
:103F3000457AA5EEE27A77EEC77A36E6B6F17E5F8D
:103F40003FF4EEAEB5F1804F3FF40EAF02F0010248
:103F5000C2F10209C6E6B9F1010F7FF493ADB1EEEB
:103F6000400A8FE556498A4200F287807FF447AEC7
:103F700076EEC76AF4EEE76AF1EE10FA7DDA03F541
:103F80000043504AC3F3C7517F39C3F316000A41B7
:103F900040F40000C1F117011A400841404206EE0A
:103FA000902A37EE667AC20577EE876A16EE903A67
:103FB0002BE69FED385AF7EE005AF0EE453A002016
:103FC0002AE700230EE7002D0CDB002003B0BDEC38
:103FD000028BBDE8F04300F0F9B900F07BF869E628
:103FE000002DF2DD002003B0BDEC028BBDE8F043F4
:103FF00000F0F2B99FED345ADFED343AF7EE085A8B
:104000004FF4001008E7D2157E3A4FF40001114139
:1040100019442C4AC1F3C7547F3CC1F31600224116
:1040200040F40000C4F11704002B40FA04F002EA47
:104030000102B4DAB2E79FED266A76EEC76A37EE80
:10404000866AB4EEE66AF1EE10FA0EDC03F5004380
:104050001C4AD9157F39C3F316000A4140F4000009
:10406000C1F117011A40084199E7B5EEC08AF1EE97
:1040700010FA4CBF01200020B5E7B5EEC08AF1EE82
:1040800010FA4CBF01200020A0E700BF71C41C0043
:10409000D6B35D000000000000F0FFFF55326C3E1B
:1040A00042F1533E05A38B3EABAAAA3EB76DDB3E61
:1040B0009A99193F4F38763FA0C39D360038763F16
:1040C00000001643000080FF00C0153FDCCFD13553
:1040D0003CAA383310EE103A33F000411A4627D08C
:1040E000B1F1FF4F21D213F0FF4F22D1DFED2B7A38
:1040F0002B4A60EE277A904217EE903A33DB4CF26F
:10410000503CC3F3C75160451A46A1F1190116DDB1
:10411000DFED247ADFED246A002BB0EE677AB8BFBA
:10412000F0EE667A27EE870A704730EE000A704795
:1041300070474CF2503C60454FEAD151E8DC0144F5
:10414000FE29E5DC002915DC11F1160F19DB193108
:1041500022F0FF4242EAC15207EE902A9FED130A75
:1041600027EE800A7047DFED127A07EE103A27EE4D
:10417000270A704722F0FF4242EAC15300EE103A8C
:104180007047DFED0B7ADFED0B6A002BB0EE677A3C
:10419000B8BFF0EE667A27EE870A70470000004C41
:1041A000B03CFFFFCAF24971CAF249F10000003386
:1041B0006042A20D6042A28D10EE103A23F0004240
:1041C000B2F1FF4F53D84FEAD37100F092806148AB
:1041D000834200F38480002BC0F284805E4B9A42BD
:1041E00048D95E4B9A4200F297805D4A02EB810209
:1041F000D2ED004AD2ED027A81F0010370EE644AFA
:104200005B1A34EEE70ADFED576A9FED575ADFED90
:10421000575A9FED576A20EE007AA7EE265ADFED37
:10422000556AE5EE075AE5EE876AA6EE876AF0EE74
:10423000406AE6EE476A20EE266A002B42D0B0EED6
:10424000007A37EE667AB7EE000AC6EE076A13F117
:104250007D0F77EEE67A77EEE47A30EE670A4FDB91
:1042600010EE102A02EBC35300EE103A704730EE06
:10427000000A7047B2F1505F0AD2DFED3F7A70EE6C
:10428000277AB7EE007AF4EEC77AF1EE10FA5DDC29
:1042900060EE007A9FED337ADFED335A9FED336A9B
:1042A000DFED346AE7EE875A9FED317AA7EEA56A13
:1042B000E7EE866AA7EEA67AF0EE406AE7EEC76AF6
:1042C00020EE266AF0EE007A76EEE76AB7EE007A24
:1042D000C6EE267A77EEC07A37EE670A704700207E
:1042E00000F07AB8254B9A427FF678AF002000F0B4
:1042F0006DB8DFED237A002918BFB0EE670A70476A
:1043000010EE102A643302EBC353DFED1E7A00EE89
:10431000103A20EE270A7047114B9FED1B7ADFED14
:104320001B6A03EB8103D3ED047AE0EE077A9FED7D
:10433000187AFDEEE77AF0EE404A17EE903AF8EE82
:10434000E77AE7EEE64A67EE877A5AE730EE070A41
:10435000704700BF1772B1421872B13E9115853F88
:10436000F00502084CBB31330EEADDB555B38A388F
:10437000ABAA2A3E610B36BBCAF24971B5F1CF42F6
:10438000000000000000800D3BAAB83F8071313F63
:10439000D1F7173710B52DED028BB0EE408A0446E9
:1043A000FCF760F9B0EE480ABDEC028B046010BD6A
:1043B00028B1F1EE407A27EE800A2220EAE7F0EEFB
:1043C000407A27EE800A2220E4E700BF9FED010A31
:1043D000EEE700BF000000109FED010AE8E700BF14
:1043E0000000007000289FED060AF7EE007ABFEE8D
:1043F000007A18BFF0EE477A87EE800A2220C9E7DC
:1044000000000000F0EE407A30EE407AF4EE677A79
:10441000F1EE10FA87EE070A01D62120BAE77047BD
:1044200008B510EE103A33F000422DED028B2CD07F
:10443000002B1A4632DBB3F1FF4F41DAB3F5000F20
:1044400035DB0021D3157F3B0B44D90FC1F17F0130
:1044500003EBD373C2F3160207EE903A42EAC1525D
:1044600000EE102AB8EEE78A00F086F8DFED177A42
:104470009FED177A20EE270ADFED167AA8EE070ADD
:10448000A8EE270ABDEC028B08BDBDEC028B9FEDA8
:10449000127ADFED127A87EE270A08BDBDEC028B97
:1044A00070EE407A9FED0D7A87EE870A08BDDFED4A
:1044B0000C7A60EE277A6FF0180117EE902AC1E7A8
:1044C000BDEC028B30EE000A08BD00BFD95BDE3EBA
:1044D000DB27543580209A3E000000CC000000000D
:1044E0000000004C10EE102AC2F3C7537F3B162B7E
:1044F00022F0004129DC002B104618DB1A49194133
:104500000A4221D0DFED197A70EE277AF5EEC07AF3
:10451000F1EE10FA18DD002A04DA4FF4000242FA34
:1045200003F3184420EA010300EE103A7047DFED70
:104530000F7A70EE277AF5EEC07AF1EE10FA03DD0D
:10454000002A08DB9FED0A0A7047B1F1FF4FFBD349
:1045500030EE000A7047DFED077A0029BFEE000A4F
:1045600008BFB0EE670A7047FFFF7F00CAF24971CB
:10457000000000000000008010EE102A32F000431E
:104580002FD0002A134633DBB2F1FF4F40DAB2F5E9
:10459000000F34DB4FF0000C6448C3F316010844ED
:1045A00000F4000282F07E520A43DB1500EE102A6E
:1045B0007F3B5F4A634401F10F0CF7EE007A0CEA8F
:1045C000020230EE670A03EBD05322BBB5EE400A7D
:1045D000F1EE10FA62D1002B40F090809FED550A69
:1045E00070479FED557ADFED537A87EE270A7047C3
:1045F00070EE407A9FED4F7A87EE870A7047DFEDC5
:104600004F7A60EE277A6FF0180C17EE903AC3E7F6
:1046100030EE000A7047F0EE007A70EE277A07EE6F
:10462000103A80EE274A4648C1F55712084402F571
:1046300022720243002A9FED433ADFED434ADFED49
:10464000435ADFED433A9FED435ADFED437ADFED06
:10465000436A24EE046AF8EEC72A26EE067AE7EEED
:10466000034AA7EE235AE4EE875AE5EE076AE5EE21
:10467000877A67EE867AE6EE877A2ADDB6EE007AEA
:1046800020EE077A27EE007A77EE877A67EE847A53
:104690003BBB37EE677A30EE470A70479FED307AC2
:1046A000F6EE007AE0EE477A20EE007A27EE277ADF
:1046B000002BF0D007EE903A9FED2A6ADFED2A6AD0
:1046C000F8EEE77AA7EEC67A37EE400A97EEA60A2A
:1046D000704770EE677A67EE847AE3B930EE670A66
:1046E00070479FED206ADFED206AE2EE867A37EEB2
:1046F000677A37EE400A92EEA60A704707EE903AC4
:104700009FED180A9FED187AF8EEE77A27EE800AF7
:10471000A7EE870A7047DFED136A9FED137AE2EE8A
:10472000E67A37EEC00A92EE870A704720FB4A000D
:10473000F0FF7F0000000000000000CC0000004CF3
:10474000305CCFFF9788173E25333A3E2549923E8D
:104750004FD01C3E298E633EABAA2A3FCDCCCC3E27
:10476000ABAAAA3ED1F717378071313F81F00041E3
:1047700002E000BF83F0004330B54FEA41044FEA46
:10478000430594EA050F08BF90EA020F1FBF54EAE1
:10479000000C55EA020C7FEA645C7FEA655C00F07D
:1047A000E2804FEA5454D4EB5555B8BF6D420CDD4E
:1047B0002C4480EA020281EA030382EA000083EAD1
:1047C000010180EA020281EA0303362D88BF30BD71
:1047D00011F0004F4FEA01314FF4801C4CEA1131C7
:1047E00002D0404261EB410113F0004F4FEA033326
:1047F0004CEA133302D0524263EB430394EA050FB1
:1048000000F0A780A4F10104D5F1200E0DDB02FA1F
:104810000EFC22FA05F2801841F1000103FA0EF2B3
:10482000801843FA05F359410EE0A5F120050EF179
:10483000200E012A03FA0EFC28BF4CF0020C43FAAA
:1048400005F3C01851EBE37101F0004507D54FF0B7
:10485000000EDCF1000C7EEB00006EEB0101B1F507
:10486000801F1BD3B1F5001F0CD349085FEA30004D
:104870004FEA3C0C04F101044FEA445212F5800F58
:1048800080F09A80BCF1004F08BF5FEA500C50F1F5
:10489000000041EB045141EA050130BD5FEA4C0CD8
:1048A000404141EB0101013C28BFB1F5801FE9D235
:1048B00091F0000F04BF01460020B1FA81F308BF58
:1048C0002033A3F10B03B3F120020CDA0C3208DD24
:1048D00002F1140CC2F10C0201FA0CF021FA02F1FF
:1048E0000CE002F11402D8BFC2F1200C01FA02F16F
:1048F00020FA0CFCDCBF41EA0C019040E41AA2BF94
:1049000001EB0451294330BD6FEA04041F3C1CDA5B
:104910000C340EDC04F11404C4F1200220FA04F07B
:1049200001FA02F340EA030021FA04F345EA030125
:1049300030BDC4F10C04C4F1200220FA02F001FAE7
:1049400004F340EA0300294630BD21FA04F0294669
:1049500030BD94F0000F83F4801306BF81F4801102
:104960000134013D4EE77FEA645C18BF7FEA655C75
:1049700029D094EA050F08BF90EA020F05D054EA47
:10498000000C04BF1946104630BD91EA030F1EBF4C
:104990000021002030BD5FEA545C05D14000494150
:1049A00028BF41F0004130BD14F580043CBF01F543
:1049B000801130BD01F0004545F0FE4141F4700129
:1049C0004FF0000030BD7FEA645C1ABF1946104604
:1049D0007FEA655C1CBF0B46024650EA013406BF05
:1049E00052EA033591EA030F41F4002130BD00BFC4
:1049F00090F0000F04BF0021704730B54FF4806481
:104A000004F132044FF000054FF0000150E700BF01
:104A100090F0000F04BF0021704730B54FF4806460
:104A200004F1320410F0004548BF40424FF000014D
:104A30003EE700BF42004FEAE2014FEA31014FEA90
:104A400002701FBF12F07F4393F07F4F81F06051DF
:104A5000704732F07F4208BF704793F07F4F04BF2A
:104A600041F40021704730B54FF4607401F0004507
:104A700021F000411CE700BF50EA010208BF704767
:104A800030B54FF000050AE050EA010208BF704758
:104A900030B511F0004502D5404261EB41014FF4C1
:104AA000806404F132045FEA915C3FF4D8AE4FF0C9
:104AB00003025FEADC0C18BF03325FEADC0C18BFAC
:104AC000033202EBDC02C2F1200300FA03FC20FAFD
:104AD00002F001FA03FE40EA0E0021FA02F114444A
:104AE000BDE600BF70B54FF0FF0C4CF4E06C1CEA63
:104AF00011541DBF1CEA135594EA0C0F95EA0C0FD4
:104B000000F0DEF82C4481EA030621EA4C5123EA46
:104B10004C5350EA013518BF52EA033541F4801175
:104B200043F4801338D0A0FB02CE4FF00005E1FB28
:104B300002E506F00042E0FB03E54FF00006E1FB72
:104B400003569CF0000F18BF4EF0010EA4F1FF04B5
:104B5000B6F5007F64F5407404D25FEA4E0E6D41F5
:104B600046EB060642EAC62141EA55514FEAC52006
:104B700040EA5E504FEACE2EB4F1FD0C88BFBCF582
:104B8000E06F1ED8BEF1004F08BF5FEA500E50F133
:104B9000000041EB045170BD06F0004646EA0101F9
:104BA00040EA020081EA0301B4EB5C04C2BFD4EB2B
:104BB0000C0541EA045170BD41F480114FF0000E24
:104BC000013C00F3AB8014F1360FDEBF002001F092
:104BD000004170BDC4F10004203C35DA0C341BDC0C
:104BE00004F11404C4F1200500FA05F320FA04F0DE
:104BF00001FA05F240EA020001F0004221F0004112
:104C000010EBD37021FA04F642EB06015EEA430E84
:104C100008BF20EAD37070BDC4F10C04C4F12005B4
:104C200000FA04F320FA05F001FA04F240EA020067
:104C300001F0004110EBD37041F100015EEA430E38
:104C400008BF20EAD37070BDC4F1200500FA05F258
:104C50004EEA020E20FA04F301FA05F243EA0203D7
:104C600021FA04F001F0004121FA04F220EA0200E6
:104C700000EBD3705EEA430E08BF20EAD37070BD2C
:104C800094F0000F0FD101F00046400041EB01010C
:104C900011F4801F08BF013CF7D041EA060195F0EE
:104CA000000F18BF704703F00046520043EB0303A8
:104CB00013F4801F08BF013DF7D043EA0603704795
:104CC00094EA0C0F0CEA135518BF95EA0C0F0CD0A0
:104CD00050EA410618BF52EA4306D1D181EA0301E6
:104CE00001F000414FF0000070BD50EA410606BFE0
:104CF0001046194652EA430619D094EA0C0F02D125
:104D000050EA013613D195EA0C0F05D152EA033669
:104D10001CBF104619460AD181EA030101F0004187
:104D200041F0FE4141F470014FF0000070BD41F0D0
:104D3000FE4141F4780170BD70B54FF0FF0C4CF4AA
:104D4000E06C1CEA11541DBF1CEA135594EA0C0FC9
:104D500095EA0C0F00F0A7F8A4EB050481EA030E16
:104D600052EA03354FEA013100F088804FEA0333FD
:104D70004FF0805545EA131343EA12634FEA0222CB
:104D800045EA111545EA10654FEA00260EF000418C
:104D90009D4208BF964244F1FD0404F5407402D2DE
:104DA0005B084FEA3202B61A65EB03055B084FEA6F
:104DB00032024FF480104FF4002CB6EB020E75EB6C
:104DC000030E22BFB61A754640EA0C005B084FEA94
:104DD0003202B6EB020E75EB030E22BFB61A754611
:104DE00040EA5C005B084FEA3202B6EB020E75EB5C
:104DF000030E22BFB61A754640EA9C005B084FEAD4
:104E00003202B6EB020E75EB030E22BFB61A7546E0
:104E100040EADC0055EA060E18D04FEA051545EACF
:104E200016754FEA06164FEAC30343EA52734FEA78
:104E3000C2025FEA1C1CC0D111F4801F0BD141EAF1
:104E400000014FF000004FF0004CB6E711F4801F56
:104E500004BF01430020B4F1FD0C88BFBCF5E06F36
:104E60003FF6AFAEB5EB030C04BFB6EB020C5FEA46
:104E7000500C50F1000041EB045170BD0EF0004E9B
:104E80004EEA113114EB5C04C2BFD4EB0C0541EACD
:104E9000045170BD41F480114FF0000E013C90E6CA
:104EA00045EA060E8DE60CEA135594EA0C0F08BF8E
:104EB00095EA0C0F3FF43BAF94EA0C0F0AD150EA8D
:104EC00001347FF434AF95EA0C0F7FF425AF104620
:104ED00019462CE795EA0C0F06D152EA03353FF448
:104EE000FDAE1046194622E750EA410618BF52EAC5
:104EF00043067FF4C5AE50EA41047FF40DAF52EA99
:104F000043057FF4EBAE12E74FF0FF3C06E000BF35
:104F10004FF0010C02E000BF4FF0010C4DF804CD42
:104F20004FEA410C7FEA6C5C4FEA430C18BF7FEA02
:104F30006C5C1BD001B050EA410C0CBF52EA430C30
:104F400091EA030F02BF90EA020F0020704710F1B0
:104F5000000F91EA030F58BF994208BF90422CBF3F
:104F6000D8176FEAE37040F0010070474FEA410C38
:104F70007FEA6C5C02D150EA013C07D14FEA430C56
:104F80007FEA6C5CD6D152EA033CD3D05DF8040BC7
:104F9000704700BF8446104662468C4619466346F9
:104FA00000E000BF01B5FFF7B7FF002848BF10F1D0
:104FB000000F01BD4DF808EDFFF7F4FF0CBF012015
:104FC00000205DF808FB00BF4DF808EDFFF7EAFF91
:104FD00034BF012000205DF808FB00BF4DF808ED4C
:104FE000FFF7E0FF94BF012000205DF808FB00BF41
:104FF0004DF808EDFFF7CEFF94BF012000205DF8CB
:1050000008FB00BF4DF808EDFFF7C4FF34BF0120D7
:1050100000205DF808FB00BF4FEA410212F50012C4
:1050200015D211D56FF47873B3EB625212D94FEAEF
:10503000C12343F0004343EA505311F0004F23FAD9
:1050400002F018BF404270474FF00000704750EA2E
:10505000013005D111F0004008BF6FF000407047EB
:105060004FF00000704700BF4FEA4102B2F1E04349
:1050700024BFB3F5001CDCF1FE5C0DD901F0004C3F
:105080004FEAC0024CEA5070B2F1004F40EB83008F
:1050900008BF20F00100704711F0804F21D113F1BB
:1050A0003872BCBF01F00040704741F480114FEAF4
:1050B0005252C2F11802C2F1200C10FA0CF320FA7D
:1050C00002F018BF40F001004FEAC1234FEAD3239A
:1050D00003FA0CFC40EA0C0023FA02F34FEA430304
:1050E000CCE77FEA625307D150EA01331EBF4FF08D
:1050F000FE4040F44000704701F0004040F0FE40A8
:1051000040F40000704700BF53B94AB9002908BFF6
:1051100000281CBF4FF0FF314FF0FF3000F0E4BA21
:10512000ADF1080C6DE904CE00F080F9DDF804E083
:10513000DDE9022304B07047430803F05533C01A79
:10514000830803F0333300F03330184400EB1010C1
:1051500000F00F3000EB002000EB0040000E704725
:1051600060EE016A20EEA16A20EE215A76EEC67A40
:1051700061EE205AF4EE677AF1EE10FA35EE257AF8
:1051800004D6B0EE670AF0EE470A7047B4EE477AED
:10519000F1EE10FAF5D79FEDA14AF0EEC04AF4EE19
:1051A000444AF1EE10FAF0EEE03A00F3A080F4EE9B
:1051B000443AF1EE10FA00F39A800023DFED974AAB
:1051C000B0EEC14AB4EE644AF1EE10FAF0EEE13A04
:1051D00048DCF4EE643AF1EE10FA43DC9BBBF0EEEF
:1051E000E66AF4EE646AF1EE10FA14DCB0EEC66A18
:1051F000B4EE646AF1EE10FA0DDCB0EEC55AB4EE0E
:10520000645AF1EE10FA06DCF0EEE55AF4EE645A58
:10521000F1EE10FAB5DDB4EE400AF1EE10FA80F1CD
:10522000F080F4EE600AF1EE10FA80F1DD80B4EE69
:10523000411AF1EE10FA80F1CA80F4EE611AF1EE33
:1052400010FA80F1B78061EEE07A60EE810AE0EE5C
:10525000017AE0EE210A9FED727A67EE877A20EEFE
:10526000877A8EE7DFED6D7A9FED6C7AB4EE674A50
:10527000F1EE10FACCBF0123002307EE903A11EEB5
:10528000103AF8EEE77A002BF0EEE77AF4EE473AC0
:10529000B8BFF1EE677AF1EE10FACCBF012300231C
:1052A000B0EE671A07EE903A11EE903AF8EEE77A10
:1052B000002BF0EEE77AB4EE400AB8BFF1EE677A61
:1052C000F1EE10FAF0EE671A5AD6F4EE600AF1EE3B
:1052D00010FAB8D710EE903A9FED527ADFED527A7D
:1052E000002BB4BFF0EE670AF0EE470AABE79FED84
:1052F0004B4AF4EE444AF1EE10FACCBF01230023EE
:1053000004EE903A9FED454A10EE103AF8EEE44A6A
:10531000002BF0EEE44AF4EE443AB8BFF1EE644AF2
:10532000F1EE10FACCBF01230023B0EE640A04EEC4
:10533000903A10EE903AF8EEE44A002BF0EEE44A90
:10534000B4EE411AB8BFF1EE644AF1EE10FAF0EE95
:10535000640A22D6F4EE611AF1EE10FA78BF012346
:10536000FFF52CAF11EE903A9FED2E4ADFED2E4A5D
:10537000002BB4BFF0EE641AF0EE441A01231DE7CF
:1053800010EE103A9FED277ADFED277A002BB4BF9D
:10539000B0EE670AB0EE470A97E711EE103A9FEDBC
:1053A000214ADFED214A002BB4BFB0EE641AB0EE03
:1053B000441ACFE711EE903A9FED1A7ADFED1A7A90
:1053C000002BB4BFF0EE671AF0EE471A3BE711EE80
:1053D000103A9FED147ADFED147A002BB4BFB0EED3
:1053E000671AB0EE471A28E710EE903A9FED0D7A53
:1053F000DFED0D7A002BB4BFF0EE670AF0EE470A3E
:1054000015E710EE103A9FED077ADFED077A002BD3
:10541000B4BFB0EE670AB0EE470A02E7FFFF7F7F36
:105420000000807F00000000000000802DE9F047B0
:10543000089D0E4604460F46002B4AD194468C45E3
:10544000B2FA82F260D942B1C2F12003974020FA49
:1054500003F30CFA02FC1F4394404FEA1C4E1FFA60
:105460008CF6B7FBFEF1230C0EFB117743EA0743E2
:1054700001FB06F098420AD91CEB030301F1FF3748
:1054800080F01581984240F21281023963441B1A60
:10549000A4B2B3FBFEF00EFB103344EA034400FB5E
:1054A00006F6A6420AD91CEB040400F1FF3380F093
:1054B0000081A64240F2FD806444023840EA014087
:1054C000A41B00211DB1D4400023C5E90043BDE861
:1054D000F0878B4205D90DB1C5E9000100210846CE
:1054E000F5E7B3FA83F1002946D1B34202D38242F1
:1054F00000F2F580841A66EB030201201746002DA6
:10550000E5D0C5E90047E2E7002A40F09380A1EB2F
:105510000C034FEA1C471FFA8CFE0121B3FBF7F680
:1055200007FB1630230C43EA00430EFB06F09842BB
:1055300008D91CEB030306F1FF3802D2984200F2AF
:10554000D08046461B1AA4B2B3FBF7F007FB10331A
:1055500044EA03440EFB00FEA64508D91CEB0404F4
:1055600000F1FF3302D2A64500F2B6801846A4EB44
:105570000E0440EA0640A5E7C1F120078B4022FA5D
:1055800007FC4CEA030C06FA01FE20FA07F426FA9F
:1055900007F344EA0E0400FA01F84FEA1C404FEA10
:1055A0001449B3FBF0FE1FFA8CF600FB1E3349EAE8
:1055B00003430EFB06F9994502FA01F20BD91CEBE5
:1055C00003030EF1FF3A80F08580994540F2828016
:1055D000AEF1020E6344A3EB0909A4B2B9FBF0F3E8
:1055E00000FB139944EA094403FB06F6A64208D9D6
:1055F0001CEB040403F1FF3068D2A64266D9023BDB
:10560000644443EA0E40A41BA0FB02E6B442734686
:10561000B14652D34FD05DB1B8EB030264EB09043D
:1056200004FA07F722FA01F31F43CC40C5E90074DE
:1056300000214CE7C2F1200120FA01F30CFA02FC30
:1056400026FA01F1964033434FEA1C471FFA8CFEBD
:10565000B1FBF7F007FB1016190C41EA064100FBFD
:105660000EF68E4204FA02F408D91CEB010100F197
:10567000FF382DD28E422BD902386144891B9BB250
:10568000B1FBF7F607FB161143EA014306FB0EF1E7
:10569000994208D91CEB030306F1FF3814D2994252
:1056A00012D9023E63445B1A46EA004136E73946A6
:1056B000EDE6184602E7F045ADD2BEEB020366EB1D
:1056C0000C060138B146A6E74646ECE7034698E7E4
:1056D0004046D3E7D6467EE76444023847E70846AB
:1056E0000DE7023E63442DE7704700BFBFF34F8FC5
:1056F000BFF36F8F084B0022C3F85022BFF34F8FC8
:10570000BFF36F8F5A6942F400325A61BFF34F8F73
:10571000BFF36F8F704700BF00ED00E0084AD2F87A
:10572000FC3043F08073C2F8FC30064B064AC3F8E5
:10573000B02F00225A601A6842F001021A607047C6
:1057400000ED00E0001000E055CEACC50C4B1A880F
:1057500092B20C4B1B889BB29A4210D00A4B1A682B
:10576000D36913F0800F0AD0054803889BB2591CF7
:1057700089B20180C3F308030449CB5C936270478C
:10578000B4520020B6520020883C0220B8520020BB
:10579000034B9B6B1B685868C0F5F050704700BF07
:1057A000343F0220034B9B681B685868C0F5F050DB
:1057B000704700BFC03E022008B5FFF7E9FF054B68
:1057C0001B68834201D8C01A08BDC01A00F5F0500A
:1057D000FAE700BFAC52002008280AD800EB4003CB
:1057E000064A52F8233033B100EB400002EB800050
:1057F0007047034870470248704700BF2C200208DA
:10580000382002082DE9F043079E4FF0000C19E004
:10581000474C94ED007A67EE877A0D4495ED007A57
:10582000444CD4ED006A27EE267A77EEC77A37E04B
:10583000DFED417AFCEEE77A17EE904A22F8174046
:105840000CF1010C9C4571DADFF80481D8F80040B6
:105850003A4D05EB840EDEED007A67464FEA8C0583
:1058600000EB8C0999ED007A8EED007A0134C8F8CE
:105870000040952C03DD4FF0000EC8F800E0002E2C
:10588000C6D02B4C94ED007A67EE877A0D4495EDE7
:10589000007A284CD4ED006A27EE267A77EE877AD4
:1058A000234D95ED007A264C94ED006A67EE066A6A
:1058B000204CD4ED005ADFF89CE09EED005A65EED6
:1058C000854A76EEE46A27EE057A26EE256A37EEFB
:1058D000067A26EEA66A67EE075A36EE256AF6EED7
:1058E000005A26EE256AF7EE085A35EEC66A66EECD
:1058F000866AC5ED006A27EE067A84ED007A9FED90
:10590000117A67EE877A9FED107A77EE877AF5EE57
:10591000C07AF1EE10FA8BD49FED0C7AF4EEC77AD0
:10592000F1EE10FA86DDDFED097A83E7BDE8F0835A
:105930007C000020541F0020000000005C1F00209D
:10594000501F00200000E1440000004500F07F45AA
:10595000581F00204C1F002030382A285DD8DFE86F
:1059600000F0484A4C4E50525456585A5C5C5C5CAD
:105970005C5C5C165E181A1C1E20222426282A2C29
:105980002E30323436383A3C3E40424446002548B8
:105990007047254870472548704725487047254877
:1059A0007047254870472548704725487047254867
:1059B0007047254870472548704725487047254857
:1059C0007047254870472548704725487047254847
:1059D0007047254870472548704725487047254837
:1059E0007047254870472548704725487047254827
:1059F0007047254870472548704725487047254817
:105A00007047254870472548704725487047254806
:105A100070472548704725487047254870472548F6
:105A2000704700BF08060208140602081C06020898
:105A3000E406020820060208280602082C060208CE
:105A40003406020838060208400602084406020826
:105A50004C060208500602085406020858060208BE
:105A600060060208680602086C0602089C06020826
:105A700070060208740602087C0602088006020806
:105A8000880602089006020898060208A006020886
:105A9000A8060208B0060208B8060208C0060208F6
:105AA000C8060208D0060208D8060208E006020866
:105AB0007C0902080C06020838B52C4D00243CE095
:105AC0002B4A0021115501330134FF2CCCBF002299
:105AD0000122032B30DC002AF2D12DE00023F4E771
:105AE0004FF0030C19E0224A012111550B440C44DC
:105AF000FF2CCCBF00220122634501DA002AF2D13B
:105B0000FF2C03DC1A4B00221A55013401300378B4
:105B100053B12D2BE4D04FF0010C0023E8E7144AD9
:105B20000021115501330134FF2CCCBF002201228A
:105B3000012B01DC002AF2D10135287820B1202880
:105B4000CCD0FFF709FFE2E7002304E0084A002178
:105B5000115501330134FF2CCCBF00220122062B4A
:105B600001DC002AF2D1034B1C6038BDE8060208B4
:105B70004C1E0020481E002001E001300131037856
:105B80001BB10A780AB19342F7D01BB90B781BB14D
:105B900000207047002070470120704700B58646FE
:105BA0000020024607E002EB82020EF1010E303BBC
:105BB00003EB420201209EF80030A3F1300C5FFAA3
:105BC0008CFCBCF1090FEED900B10A605DF804FB52
:105BD000F8B507460E461546002408E006EB840299
:105BE00007EB8401074819F0EFFB04F58074AC4221
:105BF00006DA2B1BB3F5807FF0DD4FF48073EDE701
:105C0000F8BD00BFE02100202DE9F0412DED028B11
:105C100080460F461646DFED297A20EE270ADFED93
:105C2000287A80EE278A002411E0264B93ED000AA3
:105C3000FCF74CFCDFED247A20EE270A30EE270A31
:105C4000BCEEC00A10EE103A27F815300134B44209
:105C50002FDA254608EB8403D3ED007A67EE887AC5
:105C60009FED1A7A77EE877A164B93ED007A77EEEE
:105C7000877AC3ED007A9FED167AF4EEC77AF1EEDB
:105C800010FA05DD9FED0D7A77EEC77AC3ED007A45
:105C90000C4BD3ED007A9FED0F7AF4EEC77AF1EE5C
:105CA00010FAC2D59FED057A77EE877AC3ED007AB8
:105CB000BBE7BDEC028BBDE8F08100BFDB0FC94044
:105CC00000803B47D01D002000000045DB0FC93F8E
:105CD000DB0F4940DB0F49C0F8B52DED028B0646BE
:105CE0000F46324B93ED018A314BD3ED007AB4EE7F
:105CF000678AF1EE10FA0FD083ED008AB0EE480A01
:105D0000FCF7E4FB2B4B83ED000AB0EE480AFDF7ED
:105D100013F8294B83ED000A002225E0D30006EB9F
:105D2000C201264DD5ED007AC1ED007A043333442B
:105D3000234C94ED007A83ED007A1E4B93ED006ABC
:105D400067EE866A1C4BD3ED005A27EE255A76EE95
:105D5000C56A67EEA57A27EE067A77EE877AC5EDF3
:105D6000006AC4ED007A0132BA42D7DB134A92EDE1
:105D7000007A67EE076A124BD3ED007A27EEA76A26
:105D800076EE866AB6EE006A66EE866AB7EE086A56
:105D900076EE666A27EE267A82ED007A67EEA67ABC
:105DA000C3ED007ABDEC028BF8BD00BF64BF0120DB
:105DB000DC1D002064000020D81D002060000020B1
:105DC000D41D002030B583B0002405E0254B03EB43
:105DD000840300221A600134B4F5967F2FDCB4F1FD
:105DE0009605F3D015F0010FF0D007EE904AF8EECB
:105DF000E77A9FED1D7A67EE877A9FED1C0A87EEA2
:105E0000800AFCF763FBDFED1A7A20EE270ADFED4C
:105E1000196A76EEC06A07EE905AF8EEE77A9FEDBF
:105E2000167A67EE877AB0EE006A86EE277A67EE1A
:105E3000267A0C4B03EB8403C3ED007ACBE74FF4D7
:105E4000807300930D4B074A40F22D110C4819F056
:105E5000A9FA0C4B0C4A02210C4819F0FDFE03B0C4
:105E600030BD00BFA02A0020DB0FC94000009643D0
:105E70001F85EB3E713D0A3FDB0F4940EC210020BE
:105E8000E0210020C021002004200208B4210020CD
:105E900010B584B00024009401940294039404F09B
:105EA0007FFA01238DF800308DF8014001941F2204
:105EB0008DF8082087228DF809208DF80A408DF88A
:105EC0000B408DF80C308DF80D308DF80E408DF8AC
:105ED0000F40684604F082FA042004F06FFA04B020
:105EE00010BD0000F0B58DB000240794089409940B
:105EF0000A940B94364B1A6B42F004021A631A6B25
:105F000002F004020192019A1A6B42F080021A63B5
:105F10001A6B02F080020292029A1A6B42F001029E
:105F20001A631A6B02F001020392039A1A6B42F091
:105F300002021A631A6B02F002020492049A1A6BAC
:105F400042F008021A631A6B02F008020592059AE1
:105F50001A6B42F040021A631B6B03F04003069376
:105F6000069B1C4F224644F28101384603F000FF95
:105F7000194D22464021284603F0FAFE4FF4005303
:105F800007934FF488130893099407A9134803F063
:105F9000EDFD44F2810307930126089609940A94C3
:105FA00007A9384603F0E2FD4023079308960994B9
:105FB0000A9407A9284603F0D9FD80230793089483
:105FC000099407A9284603F0D1FD0DB0F0BD00BF2C
:105FD000003802400004024000180240000802405D
:105FE00000B583B0124B1A6B42F400121A631A6B9D
:105FF00002F400120092009A1A6B42F480021A63B3
:106000001B6B03F480030193019B002211461020B7
:1060100004F094F9102004F0A1F900221146382070
:1060200004F08CF9382004F099F903B05DF804FB12
:106030000038024070B54FF480260025B5420CD2DE
:10604000AC19013464082046FAF732FD18B1FAF7AA
:1060500037FD2546F2E7661EF0E7284670BD0000D2
:1060600010B5044618E0FFF771FB0D4B1B889BB27F
:106070000C4A128892B29B1A9BB2B3F5007FF2D2FF
:1060800007490B889BB25A1C92B20A80C3F30803DB
:1060900014F8011B044AD1542378002BE5D110BD1C
:1060A000B6520020B4520020B852002008B5024871
:1060B000FFF7D6FF08BD00BFFC06020800B591B08F
:1060C00004AB02E0013003F8012B0278002AF9D179
:1060D0009C463D220CF8012B002916DB00221A48B1
:1060E00080FB0130CB17C3EBA003184603EB8303FF
:1060F000A1EB43031146303340316944013201F8CA
:106100003C3C01460028EAD10FE003F1020C2D22AD
:106110005A704942E2E7013A634602F1400169449C
:1061200011F83C1C03F8011B9C46002AF3D12023E4
:106130008CF8003000238CF8013004A8FFF790FFA2
:1061400011B05DF804FB00BF6766666638B510489D
:10615000FFF786FF002403E00E48FFF781FF0134BC
:10616000082C13DC04EB440293000B4AD558002D95
:10617000F5D021460948FFF7A1FF2846FFF770FF39
:10618000074B1B68A342E7D00148E6E738BD00BFD4
:10619000D8080208540802082C2002087C090208CA
:1061A00084000020014B01221A707047A4BF012017
:1061B000014B02221A707047A4BF01202DE9F04163
:1061C0000D4614460022DFEDB86A00E00132A2421B
:1061D0001EDA30F81230C3F30B0307EE903AF8EEF4
:1061E000677A9FEDB27A77EEC77AB14B03EB820301
:1061F0009FEDB07A67EE877AC3ED007AF0EEE77A2A
:10620000F4EEE76AF1EE10FAE0D5F0EE676ADDE74A
:10621000A94BC3ED006AA94A2346A2F5F051A8484C
:1062200019F0D2F8002314E0D900A64800EBC30C03
:10623000A0F5B44202EB830EDEF800E0CCF800E0FB
:1062400004310144A0F5705202EB830212680A6027
:106250000133A342E8DB9C4E21463046FFF73CFD6C
:10626000234606F570523146A6F5705019F0CEFD62
:10627000002212E08E4B03EB820003F5524101EB4A
:10628000C2010968016003F5F05303EB82038F49F3
:1062900001EBC201096819600132A242EADB844EB7
:1062A0002346324631468A4819F08EF806F5F051F9
:1062B00023460A46874819F087F8874B1B68013B3D
:1062C000072B00F2DF80DFE803F01C35ADDDADAD5C
:1062D000DD59774B03EB8201D1ED007A03F5F051E4
:1062E00001EB820191ED007A03F5705303EB820319
:1062F00077EEC77AC3ED007A0132A242E9DB0022D1
:10630000CEE00022F9E76A4B03EB8201D1ED007A7F
:1063100003F5F05101EB820191ED007A03F5705322
:1063200003EB820377EE877AC3ED007A0132A24253
:10633000E9DBE4E70022FAE75D4B03EB8201D1EDF4
:10634000007A03F5F05101EB820191ED007A03F53B
:10635000705303EB820377EE877AC3ED007A013244
:10636000A242E9DB5D4923460A465D4819F082FCFA
:106370000023DFED4D6AB0EE666A06E00022EFE72B
:1063800067EEA77A76EEA76A0133A3420EDA534A84
:1063900002EB8302D2ED007AB0EEE77AB4EEC76A80
:1063A000F1EE10FAECD5B0EE476AE9E74D4B83ED1C
:1063B000006A07EE904AB8EEE70A86EE800AFCF71C
:1063C000DFF9494B83ED000A484A13680133136033
:1063D000DFED470AB5EE000A464A21463F4805F080
:1063E0002DFC8CE70132A24220DA314B03EB820113
:1063F000D1ED007A03F5F05101EB820191ED007AC5
:1064000003F5705303EB820377EE877AC3ED007ACE
:10641000F0EEE77AF4EEE76AF1EE10FAE2D5F0EE8C
:10642000676ADFE70022DFED206ADCE72D4BC3ED72
:10643000006A2E4A1368013313602F4B1B68002B30
:106440003FF45DAF2D4ED6F80480244F21463846E8
:1064500005F03CFE2146384605F00CFF7368A3EBBF
:106460000803274A12689A42BFF449AF244A1360CE
:1064700045E71A4A02EB8302002111600133A3426F
:10648000F7DB3CE70023FAE7144B03EB8203D3ED81
:10649000007A9FED1C7A67EE877AC3ED007A0132AD
:1064A000A242F1DB00233AE00000000000000045BA
:1064B000549300200000003A88BF012054B100200E
:1064C0005C34002054ED002054290120586501203F
:1064D0000C930020009300208400002054CF002063
:1064E0004893002098BF012094BF01209CBF012049
:1064F0006F12033B68000020A0BF0120001000E0E5
:1065000080BF01200080BB44000000005FED027AE4
:10651000FCEEE77A17EE902A25F811200133A3420A
:1065200018DA19460C4A02EB8302D2ED007A9FED8D
:106530000B7A77EE877AF5EEC07AF1EE10FAE5D4B1
:106540009FED077AF4EEC77AF1EE10FAE0DDDFEDA9
:10655000047ADDE7BDE8F08154CF0020000000455B
:1065600000F07F452DE9F8432DED028B0D461446D2
:10657000002315E030F813C0CCF30B0207EE902A8D
:10658000F8EE677A9FED5C7A77EEC77A5B4A02EBAA
:1065900083029FED5B7A67EE877AC2ED007A013362
:1065A000A342E7DB574A2346A2F5F051564818F0BC
:1065B0000BFF002312E0D900544800EBC306A0F5FE
:1065C000F04202EB83073F68376004310144A0F5D5
:1065D000B44202EB830212680A600133A342EADB91
:1065E00000261CE0DFF8509199ED008AB0EE480AD1
:1065F000FBF76CFF10EE108AB0EE480AFCF79CFB2C
:1066000010EE107A484605F09DFAF300404A02EB7E
:10661000C601C1F80080043313441F600136A6424E
:10662000E0DB3C4A2346A2F57051A2F5F04019F098
:10663000EDFB002312E0314800EB830100F57042CE
:1066400002EBC30212680A6000F5F05000EB830011
:10665000314A02EBC302126802600133A342EADB53
:10666000264E2346324631462C4818F0ADFE06F53C
:10667000F05723463A463946294818F0A5FE06F554
:106680007058234642463946304605F08DFB234676
:1066900006F5B4424146234818F096FE002308E070
:1066A000DFED217AFCEEE77A17EE902A25F811202B
:1066B0000133A3421CDA19461C4A02EB8302D2EDD5
:1066C000007A9FED1B7A67EE877A9FED0B7A77EE63
:1066D000877AF5EEC07AF1EE10FAE1D49FED157AE3
:1066E000F4EEC77AF1EE10FADCDDDFED127AD9E7CD
:1066F000BDEC028BBDE8F8830000004554930020F8
:106700000000003A54B100205C340020540B0120FA
:106710005447012054830120588301200C9300200A
:1067200000930020542F00200000000054ED0020B2
:106730000080BB4400F07F4554BF012038B52DEDEB
:10674000028B0D4614464FF0000CDFED326A0BE071
:10675000314B03EB8203314A92ED007A67EE877A80
:10676000C3ED007A0CF1010CA4451ADA624630F848
:106770001C30C3F30B0307EE903AF8EEE77A9FED77
:10678000287A77EEC77A9FED277A67EE877AB0EEA0
:10679000E77AF4EEC76AF1EE10FAD9D5F0EE476A5F
:1067A000D6E7214BC3ED006A204A2346A2F5F051FB
:1067B0001F4818F009FE00239FED168A00E0013300
:1067C000A3420EDA194800EB8300D0ED007AF0EE18
:1067D000E77AB4EEE78AF1EE10FAF0D5B0EE678A08
:1067E000EDE7DFED148AB0EE680A224629460F482D
:1067F000FFF70AFA28EE288A9FED0F7AC8EE077A8B
:106800000E4BC3ED007A0E4A136801331360BDECE2
:10681000028B38BD0000000054930020800000204F
:10682000000000450000003A88BF012054B100205C
:10683000542F002000409C4500007A4498BF01205E
:106840009CBF012008B5FEF7C7FF406808BD08B52A
:10685000FEF7C2FF90F90900C043C00F08BD08B59C
:10686000022805DC002808DAFFF7F1FF38B908BD77
:10687000C31F012BF8D80120F9E70120F7E7012019
:10688000F5E708B5FEF7A8FF90F9090008BD08B5BF
:10689000FEF7A2FF007A08BD08B5084B1868FFF79D
:1068A000F6FF48B9064B1B781BB1064A1368013343
:1068B0001360034B01221A7008BD00BF8400002042
:1068C000A5BF0120B052002008B5084B1868FFF79B
:1068D000DEFF48B9064B1B781BB1064A136801332B
:1068E0001360034B02221A7008BD00BF8400002011
:1068F000A5BF0120B052002000B583B0002305E001
:106900001C4A4FF4006122F813100133B3F5F05F15
:10691000F6D34FF4705200211748F9F73DFE0023DB
:10692000164A1370164A1370164A1360164B1B68EA
:1069300023B1164B1868FFF7AAFFA8B9144B1B68C0
:10694000002100910B4A134803F0A6FE0F4B186874
:10695000FFF79DFF58B90E4B1A6807490E4802F021
:1069600099F803B05DF804FB4FF4F053E8E74FF4F7
:10697000F052F2E7A8FB0120A8BF0120A5BF01202B
:10698000A4BF0120AC520020281E0020840000205B
:10699000F0020020C03E0220343F022008B5054826
:1069A00002F02EF90021044803F0EEFEFFF7A4FFE9
:1069B00008BD00BF343F0220C03E022008B5FEF7EC
:1069C0000BFF006808BD00002DE9F0410D4614469C
:1069D0000023DFED7A6A00E00133A3421EDA30F8CB
:1069E00013C0CCF30B0207EE902AF8EE677A9FED06
:1069F000747A77EEC77A734A02EB83029FED727A5C
:106A000067EE877AC2ED007AF0EEE77AF4EEE76A95
:106A1000F1EE10FAE0D5F0EE676ADDE76B4BC3EDFF
:106A2000006A6B4A2346A2F5F0516A4818F0CCFC84
:106A3000002314E0D900684800EBC30CA0F5B44271
:106A400002EB830EDEF800E0CCF800E004310144F4
:106A5000A0F5705202EB830212680A600133A34270
:106A6000E8DB5E4E21463046FFF736F9234606F551
:106A700070523146A6F5705019F0C8F9002312E0A3
:106A8000504800EB830100F5524202EBC30212684A
:106A90000A6000F5F05000EB8300514A02EBC3029C
:106AA000126802600133A342EADB464E23463246B7
:106AB00031464C4818F088FC06F5F05723463A4614
:106AC0003946494818F080FC234606F5705239468D
:106AD000304605F029F90023DFED386AB0EE666A2A
:106AE00004E067EEA77A76EEA76A0133A3420EDAD6
:106AF0003E4A02EB8302D2ED007AB0EEE77AB4EEC2
:106B0000C76AF1EE10FAECD5B0EE476AE9E7384B08
:106B100083ED006A07EE904AB8EEE70A86EE800A37
:106B2000FBF72EFE334B83ED000A334A1368013323
:106B30001360324B1B680BB900231EE0304ED6F8B1
:106B400004802A4F2146384605F0C0FA21463846CF
:106B500005F090FB7368A3EB08032A4A12689A4277
:106B6000EAD2284A1360E7E7DFED147AFCEEE77A11
:106B700017EE902A25F811200133A3421CDA19469A
:106B80001A4A02EB8302D2ED007A9FED1F7A67EE7C
:106B9000877A9FED0B7A77EE877AF5EEC07AF1EE81
:106BA00010FAE1D49FED197AF4EEC77AF1EE10FAFB
:106BB000DCDDDFED167AD9E7BDE8F08100000000EA
:106BC00000000045549300200000003A88BF0120D7
:106BD00054B100205C34002054ED002054290120E1
:106BE000586501200C9300200093002054CF002012
:106BF00098BF012094BF01209CBF0120A0BF0120AD
:106C0000001000E080BF01200080BB4400F07F4501
:106C1000F8B52DED048B06460D46144611466D4819
:106C2000FFF75AF80022DFED6C6A1AE0694B03EBBC
:106C3000C10090ED007AA3F5B44303EB810027EE89
:106C4000277A80ED007A654800EBC10090ED007A6C
:106C500003F5F05303EB810367EEC77AC3ED007AC7
:106C60000132A2421ADA114636F81230C3F30B038E
:106C700007EE903AF8EEE77A9FED597A77EEC77A09
:106C80009FED587A67EE877AB0EEE77AF4EEC76A3E
:106C9000F1EE10FACAD5F0EE476AC7E7524BC3EDE2
:106CA000006A524E234632463146514818F08CFB5A
:106CB00006F5F05123460A464E4818F085FB00269B
:106CC0009FED458ADFED4C9AF0EE488AB0EE489A87
:106CD00004E020EE000A78EE808A0136A6422DDA22
:106CE000B700424B03EB860292ED000A20EE000A49
:106CF00003F5F05303EB8603D3ED007A67EEA77A32
:106D000030EE270AFBF73CFDF4EEC09AF1EE10FAE4
:106D100001DDF0EE409A38EE008A384B1F443848C7
:106D200004F026FF87ED000AF0EEC07AB4EEE79A91
:106D3000F1EE10FACDD5B0EE679ACAE7314BC3ED4C
:106D4000009A07EE904AB8EEE70AC8EE007A2E4B9A
:106D5000C3ED007A2D4B83ED009A88EE800AFBF795
:106D60000FFD2B4B83ED000A2A4A13680133136091
:106D7000294A2146214804F0CDFF002308E0DFED39
:106D8000167AFCEEE77A17EE902A25F811200133E7
:106D9000A3421CDA1946194A02EB8302D2ED007AAB
:106DA0009FED1E7A67EE877A9FED0D7A77EE877AF0
:106DB000F5EEC07AF1EE10FAE1D49FED197AF4EE17
:106DC000C77AF1EE10FADCDDDFED157AD9E7BDEC1C
:106DD000048BF8BD54ED00200000000058ED0020A9
:106DE000000000450000003A88BF012054930020B5
:106DF0000C93002000930020286B6E4E54CF00208F
:106E0000C81D002090BF01208CBF012098BF012029
:106E100094BF01209CBF01205C0000200080BB4487
:106E200000F07F450C4B0D4A1A604FF07E530C4A20
:106E300013600C4A13600C4B00221A60002305E01B
:106E40000A4A02EB8302002111600133952BF7DD22
:106E5000074B00221A607047501F00202EBD3BB325
:106E60004C1F00207C000020541F00205C1F0020CD
:106E7000581F0020F0B583B00D4614464FF0000EA9
:106E8000DFED276A0BE0274B03EB820C264B93EDDB
:106E9000007A67EE877ACCED007A0EF1010EA645F6
:106EA0001ADA724630F81EC0CCF30B0307EE903AA4
:106EB000F8EEE77A9FED1D7A77EEC77A9FED1C7AA0
:106EC00067EE877AB0EEE77AF4EEC76AF1EE10FA71
:106ED000D9D5F0EE476AD6E7164BC3ED006A164ADD
:106EE0001368013313600F4E234632463146134870
:106EF00018F0C0FE06F5F057224639463046FEF738
:106F000067FE0F4B1B68012B14BF00230123009366
:106F100023462A4639463046FEF774FC03B0F0BDDE
:106F20000000000054930020800000200000004575
:106F30000000003A88BF01209CBF0120B42100203E
:106F400084000020074B186007EE900AF8EEE77AFD
:106F5000DFED056A86EEA77ABCEEC77A034B83EDB8
:106F6000007A70477800002001006147740000201B
:106F7000014B1868704700BF7800002008B50E4B21
:106F80001B68B3B100230D4A13600D4A1360002241
:106F90000C490A600C490B600C4B0D4919600D4BF4
:106FA0000D4919600D4B4FF07E5119600C4B1A6062
:106FB00008BDFEF781FDE5E7481E0020441E0020C5
:106FC000401E00203C1E0020381E0020301E0020E5
:106FD0003465BBBD2C1E002012ED7E3F70000020EA
:106FE000341E002070B506460D4600246EE04B4B63
:106FF0001B68002B02DD013B484A1360474BD3ED71
:10700000007AF8EEE77A9FED467A67EE877A9FED91
:10701000450A87EE800AFBF759FAF7EE007A77EE19
:10702000C07AF6EE005A67EEA57A3F4BC3ED007AC0
:107030003E4A92ED007A67EE877ADFED3D6A67EEB1
:10704000A67ADFED3C6A77EEA67A3B4B93ED006AB9
:1070500067EE066A394B93ED005A3949D1ED004A83
:1070600025EE244A76EEC46A27EE247A26EE056AD7
:1070700037EE067A26EEA66A27EE075A36EE056A3E
:1070800026EE256AF7EE085A35EEC66A66EE866A7F
:10709000C2ED006A27EE067A83ED007AF5EEC07A3B
:1070A000F1EE10FA09D49FED277AF4EEC77AF1EEEB
:1070B00010FA04DDDFED237A01E0DFED237AFCEE48
:1070C000E77A17EE903A26F814300134AC4223DA0E
:1070D0001E4B1A681E4B985C1E490B6801330B60EF
:1070E0001D4909688B420BD31A4B002119600132EC
:1070F000164B1A60194B1B689A4201DB134B19603F
:1071000000283FF474AF054B1B68EF2B3FF776AFB9
:107110000133024A136071E770BD00BF381E0020C2
:10712000DB0F4940000070433C1E0020700000202F
:107130000000E14400000045301E0020341E002005
:107140002C1E002000F07F4500000000441E00209F
:107150004C1E0020401E002074000020481E00200D
:1071600010B50022DFED1C6A0AE01C4B03EB840320
:107170001B4C94ED007A67EE877AC3ED007A0132FA
:107180008A421ADA144630F81230C3F30B0307EEC2
:10719000903AF8EEE77A9FED137A77EEC77A9FED93
:1071A000127A67EE877AB0EEE77AF4EEC76AF1EE0C
:1071B00010FADAD5F0EE476AD7E70C4BC3ED006A58
:1071C0000B4A1368013313600A4B1B6803B910BDE7
:1071D000024805F037F9FAE7000000005493002058
:1071E00080000020000000450000003A88BF012018
:1071F0009CBF0120A0BF0120F0B583B005460C461E
:10720000234B1B6863B1234805F0CEF94FF0000C07
:107210009FED217A0AE04FF4006C25F813C001338A
:10722000A342F8DB03B0F0BD0CF1010CA4450EDA6B
:10723000184B03EB8C0EDEED007AF0EEE77AB4EE3D
:10724000E77AF1EE10FAEFD5B0EE677AECE7134B80
:1072500083ED007A124B1B68042B10D0114EA6F55B
:10726000F057224631463846FEF7B2FC0023009321
:1072700023462A4631463846FEF7C4FAD2E79FED48
:107280000A0A224629460348FEF7BEFCCAE700BFA9
:10729000A0BF0120549300200000000098BF0120EF
:1072A0008400002054B1002000401C45F8B52DEDAD
:1072B000028B0D4614466F4B1A683ABBDFED6E6ABF
:1072C0003CE00136A64223DA6C4F97ED008AB0EE1F
:1072D000480AFBF7FBF86A4B03EB8603DFED697A9C
:1072E00020EE270A83ED000ADFED677A38EE270AE1
:1072F00087ED000ADFED657AB4EEE70AF1EE10FAE9
:10730000DFDD30EE670A87ED000ADAE70026D9E70D
:107310005F4B604A1A60604A1368013313600023B0
:107320009FED554A3DE0564B03EB81035B4991EDE0
:10733000007A67EE877AC3ED007A0132A2421ADA48
:10734000114630F81230C3F30B0307EE903AF8EE13
:10735000E77A9FED537A77EEC77A9FED527A67EE20
:10736000877AB0EEE77AF4EEC76AF1EE10FADAD572
:10737000F0EE476AD7E7464BC3ED006A4049234623
:107380000A46494818F076FCC5E7DFED3B7A1DE078
:10739000DFED397AFCEEE77A17EE902A25F8162011
:1073A0000133A34260DA1E46354800EB8300D0ED7E
:1073B000007A9FED3E7A67EE877AB7EE007A77EE35
:1073C000877AF5EEC07AF1EE10FADED4B4EEE74A31
:1073D000F1EE10FA01D5B0EE674A354991ED005A49
:1073E000344A92ED006A66EE056A334AD2ED005ADD
:1073F000324890ED007A65EE874A76EEE46A27EE31
:10740000057A26EE256A37EE067A26EEA66A67EE3C
:10741000075A36EE256AF6EE005A26EE256AF7EE92
:10742000085A35EEC66A66EE866AC1ED006A27EE36
:10743000067A82ED007A67EE857A9FED217A67EE13
:10744000877A9FED177A77EE877AF5EEC07AF1EEBC
:1074500010FA9DD49FED1B7AF4EEC77AF1EE10FA84
:1074600098DDDFED187A95E7174B83ED004ABDEC08
:10747000028BF8BD241E002000000000C41D002067
:10748000549300209A99593F920A063EDB0FC94057
:1074900088BF01209A99593F9CBF0120800000209D
:1074A000000000450000003AB42100203333733F50
:1074B0007C000020501F0020541F00204C1F002083
:1074C00000007A4400F07F4598BF012008B58C4643
:1074D000124B1B68082B1FD8DFE803F00E0A0A1EA8
:1074E0001E1E1E12050011466046FFF77BFD08BDFB
:1074F0006146FFF7BFFCFAE76146FFF71FF9F6E7C1
:107500006146FFF7D3FEF2E74FF400612CF8131049
:1075100001339342F8DBEAE70023FAE78400002016
:1075200010B50F4B5C680F4B1B687BB1042B10D060
:10753000072B11D0FEF742FE094B5B681B1B0A4A62
:1075400012689A4201D2084A136010BDFFF70AF888
:10755000F2E7FFF739FAEFE7FFF75AFBECE700BF76
:10756000001000E08400002084BF012030B583B00B
:107570000F4804F0D5FA0F4C4FF4F06500950E4B10
:10758000224649210D4817F00DFF00950C4B22466D
:1075900049210C4817F006FF4FF4807300930A4B03
:1075A0000A4A3F210A4817F0FDFE03B030BD00BF74
:1075B00054BF0120C8010020DC7300200C93002080
:1075C000B854002000930020602F00208800002085
:1075D000542F002000B52DED028B83B0DFED138A10
:1075E0009FED138AF0EE680AB0EE480A114804F0E5
:1075F00097FAF0EE680AB0EE480AFFF7B7FFFEF719
:10760000E1FB0D4B0D4A03210D4818F025FB4FF40B
:10761000F06300930B4B0C4A11210C4817F0C2FE8B
:1076200003B0BDEC028B5DF804FB00BF00803B475C
:1076300000803B4664BF0120189300209820020878
:107640004893002068340020840100205C3400202E
:1076500038B50446FFF7F6F80546194B1B68A342F8
:1076600003D1184B1B68834215D0174801F0C8FAA4
:107670000021164803F088F8114B1C60114B1D6067
:10768000FFF7A8FF2046FFF7E2F828B9104B1B6868
:107690009BB9FFF731F938BD2046FFF7F2F804F047
:1076A0005BFCB0FA80F04009094B186018B109483A
:1076B000FEF7D6FCEDE70848FAE704F077FEE8E7C6
:1076C00084000020F0020020343F0220C03E02204F
:1076D000A0BF0120640802087408020830B583B016
:1076E0000546044600E0013423780BB1202BFAD183
:1076F000202B0DD094492846FEF73EFA20B9934935
:107700002846FEF739FA38B1FEF7D0FC03B030BD99
:10771000002304F8013BEDE78D492846FEF72CFADB
:1077200018B301A92046FEF739FAD8B1019800280C
:1077300018DB082816DC00EB4003864A52F8233099
:1077400083B1854B00221A60FFF782FF8348FEF762
:1077500087FC0198FFF732F9FEF782FC8048FEF7BC
:107760007FFCD3E7FEF7F2FCD0E77E492846FEF720
:1077700003FA00283CD07C4B1C682046FFF76FF8CA
:1077800040B3082C2AD0FFF74DFB774B1868FFF762
:107790005EF810B1754B1B681BBB0123744A136064
:1077A0006D4A1360704B1868FFF771F8E8B9012251
:1077B0004FF480416F4802F0DBFA6F48FEF750FC4F
:1077C000694B1868FFF7FAF8FEF74AFC6448FEF7C1
:1077D00047FC9BE76948FEF743FC97E7FFF7CEFBC2
:1077E000D3E7012004F026FED7E7FFF7D7F8DEE75E
:1077F00063492846FEF7C0F908B35B4B1D6828466D
:10780000FFF745F80446544B00221A602846FFF75C
:107810001EF810B1554B1B6853B96CB900224FF4D8
:107820008041544802F0A4FA5648FEF719FC6DE76F
:10783000002004F0FFFDF0E7FFF7B0F8EEE7524953
:107840002846FEF799F900B350492046FEF794F90F
:1078500048B14F4B01221A604D4B1B689BB14D48FC
:10786000FEF7FEFB52E74C492046FEF785F918B1BA
:10787000474B00221A60EFE7454A1368B3FA83F3D7
:107880005B091360E8E74548EAE745492846FEF703
:1078900073F968B1434A1368B3FA83F35B09136061
:1078A00013681BB14048FEF7DBFB2FE73F48FAE7C0
:1078B0003F492846FEF760F9D8B101A92046FEF7F6
:1078C0006DF920B10199002901DDC82903DD39488E
:1078D000FEF7C6FB1AE707EE901AF8EEE77A364B8A
:1078E000C3ED007A3548FEF7E9FB1D48FEF7B8FB0B
:1078F0000CE733492846FEF73FF9B8B101A9204605
:10790000FEF74CF920B10198042801DD3C2803DD85
:107910002C48FEF7A5FBF9E6FFF714FB0199284870
:10792000FEF7CCFB0E48FEF79BFBEFE62649284608
:10793000FEF722F900284BD12B78002B3FF4E6AE5E
:107940002248FEF78DFBE1E6F0080208F80802087D
:10795000FC0802082C200208281E00200409020846
:10796000D80802080C09020884000020A0BF0120EA
:107970006C000020000402403409020810090208CB
:107980003C09020840090208480902085009020897
:1079900074BF01208C08020854090208A4080208D8
:1079A00058090208241E0020BC080208DC0802084E
:1079B00060090208700902088000002064090208BA
:1079C000800902088409020890090208B409020823
:1079D0001448FEF745FB144B1868FEF7EFFFFEF75F
:1079E0003FFB124B19681248FEF768FBFFF7C0FA1D
:1079F00001461048FEF762FB0F4BD3ED007AFDEE17
:107A0000E77A17EE901A0D48FEF758FB0C4B1968F1
:107A100001EBD17149100B48FEF750FB0A48FEF705
:107A20001FFB73E69809020884000020281E00202E
:107A3000A4090208800902088000002060090208E9
:107A4000F0020020AC090208D8080208204B1B688D
:107A5000DA6912F0200F39D030B583B05B6ADBB23F
:107A60000A2B18BF0D2B1AD07F2B18BF082B02D161
:107A7000184A12681ABB1F2B1FD9164A12683E2AD1
:107A80001BDC501C1349086013498B548DF80430DB
:107A900000238DF8053001A8FEF7E2FA0DE00F484B
:107AA000FEF7DEFA0B4C23680B480025C554FFF7A0
:107AB00015FE25600A48FEF7D3FA03B030BD013A3F
:107AC000044B1A600748FEF7CBFAF6E7704700BF91
:107AD000883C0220E01D0020E41D0020D808020898
:107AE0006C0A0208C409020872B6FEE710B5144811
:107AF000144B0360144B00221A7080215970E1214D
:107B00009970DA701A715A7143604FF40003836000
:107B10000E4BC3600E4B036140F2F453436103F01C
:107B20008FF858B90B4C382200212046F8F734FD65
:107B3000212323604FF44003636110BDFFF7D4FF9E
:107B4000B03D022000800240B00E00200C0C00204E
:107B5000AC0C00207C3F022008B51248124B036099
:107B6000A3F1FE53A3F698434360002383600122F0
:107B7000C260036143618361C361036202F0BCFCC4
:107B800050B90021074802F01BFD38B90021054813
:107B900002F044FD20B908BDFFF7A6FFFFF7A4FFE0
:107BA000FFF7A2FF5C3D02200054004008B50B48DF
:107BB0000B4B03604FF4E133436000238360C360E9
:107BC00003610C2242618361C3610362436203F07B
:107BD000A3FC00B908BDFFF787FF00BF883C022067
:107BE0000048004008B50B484FF0A043036006234F
:107BF00003710222C27100238371427201228272D8
:107C0000C37203738273C37303F0B7FC00B908BD7A
:107C1000FFF76AFFA837022000B583B00023009366
:107C200001930B480B4B036002F024FD58B9042369
:107C30000093002201926946054802F0EDFD20B94B
:107C400003B05DF804FBFFF74FFFFFF74DFF00BFE8
:107C5000C03E02200074004000B585B000230193AF
:107C6000029303930D480E4A02602C224260836007
:107C70003122C260836103F025F958B920230193B2
:107C80000023039301A9054803F04CF920B905B07E
:107C90005DF804FBFFF728FFFFF726FF103D0220E9
:107CA0000010004000B585B00023009301930293BB
:107CB00003931648164A02604FF480324260836094
:107CC0000361836180F820304FF08052C2624FF030
:107CD00050628262C3600123C36180F83030436127
:107CE00000F0ACFE68B90323009301230193002345
:107CF00002936946054801F009F820B905B05DF81E
:107D000004FBFFF7F1FEFFF7EFFE00BF343F022058
:107D10000020014000B595B03022002108A8F8F7F6
:107D20003BFC00230393049305930693079302F00F
:107D30007BFA234B1A6C42F080521A641B6C03F0DE
:107D400080530193019B1F4B1A6842F440421A6012
:107D50001B6803F440430293029B012308934FF4F2
:107D60008033099302230E934FF480020F92042272
:107D70001092D822119212930323139308A801F0B2
:107D8000BBF8B0B902F058FAA8B90F230393022345
:107D90000493002305934FF4A05306934FF48053AC
:107DA0000793072103A801F02FFB30B915B05DF848
:107DB00004FBFFF799FEFFF797FEFFF795FE00BF64
:107DC0000038024000700040F8B52DED028BFEF740
:107DD0005FF8FDF78BFC02F053FBFFF79BFFFEF70C
:107DE00081F8FEF7FDF8FFF781FEFFF7B5FEFFF71C
:107DF000DDFEFFF7F7FEFFF70FFFFFF72DFFFFF7A1
:107E000051FFFFF7E7FBAA4C2068FEF71BFDA94ACC
:107E10001060FEF771FDA84802F086FFFDF77EFCBA
:107E2000A648FEF71DF9FEF705F90146A448FEF73E
:107E300045F9A448FEF714F924682046FEF707FD2B
:107E4000034688B9A04A1360C3B9994B1868FEF776
:107E5000FEFC00BBFEF7EEF801469C48FEF72EF94B
:107E60009B48FEF7FDF8DAE02046FEF70AFD04F035
:107E700073F808B90123E5E70023E3E79548FEF727
:107E8000EFF88B4B1868FEF799FDFEF7E9F892487A
:107E9000FEF7E6F8DEE79148FEF7E2F8DAE7904B06
:107EA0001B68002B37D0FDF773FC25F00105421B42
:107EB00002F5F0528B4BA3FB02131B0BC3EB031316
:107EC000A2EB4323884A13600023884A1360844A44
:107ED000136020E0A918834BA3FB01031B0BC3EB2A
:107EE0000313A1EB4323824931F81310814B23F88C
:107EF00012100132A242EDD325447A4BA3FB052395
:107F00001B0BC3EB0313A5EB4323774A13602146F6
:107F10007848FFF725F9FDF73BFC734B1D68401BC4
:107F200000F5F0506F4BA3FB00231B0BC3EB0313B7
:107F3000A0EB4323A34201D30022DBE76E4D6E6822
:107F400004F006FB6B689B1B6C4A12689A4201D2D4
:107F50006A4A1360FDF726FC644B1B681B1A03F585
:107F6000F053604DA5FB03252D0BC5EB0515A3EBC9
:107F70004525634B1B68AB420FD9614B1D600CE07C
:107F80005A490A682244574BA3FB02031B0BC3EB5D
:107F90000313A2EB43230B602544C4F57063B5EBD8
:107FA000430F37D804F0DEFAA04233DB524E776835
:107FB0004E4B18682146534B03EB4000FFF71CF96A
:107FC0007368DB1B504A12689A4201D24E4A136012
:107FD0004E4A12689A42D3D24C4A1360D0E72246E6
:107FE00048494348FFF772FA494B00221A7011E0E2
:107FF0002F4B1868FEF74BFC002839D1454B1B78F6
:10800000DBB2012B00F0BD80424B1B78DBB2022BB0
:1080100000F0C280404B1B68002B40F0D080FDF781
:1080200095FBFFF713FD3D4B1B68002BE0D0214B68
:108030001D686C081E4B1868FEF729FC00287FF4A9
:108040002EAF334B1B78DBB2012BC8D0304B1B78E3
:10805000DBB2022BDED122462A4901EB440124483F
:1080600000EB4400FFF732FA294B00221A70D1E7E7
:10807000104B1C686408FDF79FFBC4F5F053984251
:1080800001D8042669E0264A136801331360FDF71E
:108090007FFBB0FBF4F204FB02F2124BA3FB0213D2
:1080A0001B0BC3EB0313A2EB43231E4A1360E8E749
:1080B00084000020F0020020103D0220C8090208C0
:1080C000E0090208D8080208A0BF0120440A0208FB
:1080D000500A0208F0090208FC090208080A02080E
:1080E0006C00002089888888C01D0020BC1D0020ED
:1080F000A8BF0120BC0E0020001000E07CBF0120C2
:10810000EC020020A8FB012084BF012080BF0120D9
:10811000A4BF0120A5BF012074BF0120281E00209C
:10812000B0520020AC52002000212246944B03EBB9
:108130004101FFF7F5F993490A682244924BA3FBEA
:1081400002031B0BC3EB0313A2EB43230B608F4A09
:10815000136883F0010313602E46FDF72DFBA04248
:10816000FFF458AF751E002E3FF454AF854B1B68CB
:10817000874800EB4300854B1B68002BD4D0214679
:10818000D3E7844B1A6852087D498148FFF7C8F944
:10819000814B00221A703DE77E4A136823F00103E9
:1081A0001168126821F001015208754801447848AD
:1081B0001844FFF7B5F9784B00221A702AE702F04D
:1081C00081F9764B1B68C31AB3F57A7FFFF427AFAA
:1081D00002F078F9714B18606E4B1A6852084FF430
:1081E0007A7303FB02F26E4BA3FB023252096D4B12
:1081F00018680023011843EB0304091844F1000434
:10820000650145EAD1654E01891944EB050408185A
:108210004FF0D80101FB02F244F10001FCF774FFBA
:108220000446614D29686148FDF748FF604B1968B5
:108230006048FDF743FF604B19686048FDF73EFF5B
:108240002868FEF724FB0146002840F095805C4832
:10825000FDF734FF21465B48FDF730FF514B1968AD
:10826000C908594CA4FB01315848FDF727FF584B6A
:108270001968C908A4FB01315648FDF71FFF564E87
:108280003168C908A4FB01415448FDF717FF544C5D
:108290002168434BA3FB013149095248FDF70EFF0A
:1082A00000253560504B2360504C21685048FDF745
:1082B00005FF25604F4BD3ED007A9FED4F8A67EEA7
:1082C000887AFDEEE77A17EE901A4C48FDF7F6FE35
:1082D0004B4BD3ED007A67EE887AFDEEE77A17EE26
:1082E000901A4848FDF7EAFE474BD3ED007A67EE57
:1082F000887AFDEEE77A17EE901A4448FDF7DEFE25
:10830000294B1B68072B17D1414BD3ED007A67EE41
:10831000887AFDEEE77A17EE901A3E48FDF7CEFE1A
:108320003D4BD3ED007A67EE887AFDEEE77A17EEE3
:10833000901A3A48FDF7C2FE04F00AFA014638489E
:10834000FDF7BCFE04F00AFAF2EE047A60EE277A3A
:10835000FDEEE77A17EE901A3248FDF7AFFE32488D
:10836000FDF77EFE0023124A1360134A13600D4A84
:108370001360174A136052E6FDF71EFA014666E7DE
:10838000A8FB0120AC52002089888888B80E002004
:10839000A8BF0120F0020020A5BF012078BF012066
:1083A000ABAAAAAA84BF012084000020FC0802080E
:1083B0009CBF0120700A0208B0520020780A02080F
:1083C0007C0A0208840A02085F427B09900A0208BC
:1083D00080BF0120980A02087CBF0120A00A020881
:1083E000EC020020A80A02083F420F006069022048
:1083F000B00A020888BF012000007A44B80A0208C7
:1084000098BF0120C40A020894BF0120D00A0208C4
:1084100090BF0120DC0A02088CBF0120EC0A020890
:10842000FC0A0208040B0208D8080208FEE7FEE76F
:10843000FEE7FEE7FEE770477047704708B502F0B9
:1084400035F808BD08B5024801F000FE08BD00BFC0
:10845000603E022008B5024801F0F8FD08BD00BFEB
:10846000D43E022082B00A4B1A6C42F080521A6449
:108470001A6C02F080520092009A5A6C42F48042C8
:108480005A645B6C03F480430193019B02B0704714
:108490000038024010B588B000230393049305937D
:1084A00006930793026803F1804303F590339A42E1
:1084B00001D008B010BD044603F58C335A6C42F469
:1084C00080725A645A6C02F480720192019A1A6B9B
:1084D00042F001021A631B6B03F001030293029B3B
:1084E000082303930323049303A9124801F03EFBDE
:1084F0001148124B0360002343608360C3604FF454
:10850000806202614FF4006242614FF40052826166
:108510004FF48072C2614FF400320262436201F094
:10852000A9FC18B9044BA3639C63C2E7FFF7DCFA0C
:10853000F8E700BF00000240D43E02201064024071
:1085400010B588B000230393049305930693079313
:108550000268234B9A4201D008B010BD044603F5CF
:10856000E2331A6C42F000521A641A6C02F00052A4
:108570000192019A1A6B42F001021A631B6B03F01D
:1085800001030293029B102303930323049303A983
:10859000144801F0EBFA1448144B03604FF0606389
:1085A0004360402383600023C3604FF48062026114
:1085B0004FF4006242614FF4005282614FF48072C6
:1085C000C2614FF400320262436201F053FC18B9F9
:1085D000054BA3609C63BFE7FFF786FAF8E700BF8F
:1085E0000074004000000240603E022088600240AB
:1085F00070B58CB000230793089309930A930B93EB
:108600000268394B9A4201D00CB070BDA3F590437B
:108610001A6B42F000721A631A6B02F00072009239
:10862000009A1A6B42F080621A631A6B02F0806241
:108630000192019A1A6B42F000621A631A6B02F0FF
:1086400000620292029A1A6B42F004021A631A6BD9
:1086500002F004020392039A1A6B42F001021A63B9
:108660001A6B02F001020492049A1A6B42F00202A1
:108670001A631A6B02F002020592059A1A6B42F015
:1086800040021A631B6B03F040030693069B3223E0
:108690000793022408940A940B250B9507A9134805
:1086A00001F064FA862307930894002609960A9439
:1086B0000B9507A90E4801F059FA4FF400530793A0
:1086C000089409960A940B9507A90A4801F04EFAF6
:1086D0004FF420530793089409960A940B9507A921
:1086E000054801F043FA8FE700800240000802408D
:1086F00000000240000402400018024010B5A8B07B
:1087000004460021239124912591269127918422CA
:1087100002A8F7F741FF2268184B9A4201D028B00F
:1087200010BD4FF48043029302A800F049FF10BB34
:10873000134C236B43F002032363236B03F0020308
:108740000093009B4FF44073239312232493002340
:108750002593032326930423279323A9094801F093
:1087600005FA236C43F400132364236C03F4001311
:108770000193019BD3E7FFF7B7F9D9E70054004015
:1087800000380240000402400268094B9A4200D0BF
:10879000704782B003F50A331A6C42F010021A6473
:1087A0001B6C03F010030193019B02B0704700BFE4
:1087B0000010004010B5A8B0044600212391249178
:1087C000259126912791842202A8F7F7E5FE2268D9
:1087D000184B9A4201D028B010BD4FF48073029319
:1087E00002A800F0EDFE10BB134B1A6C42F480227D
:1087F0001A641A6C02F480220092009A1A6B42F0FA
:1088000008021A631B6B03F008030193019B4FF4EA
:108810004073239302232493012325930323269358
:108820000723279323A9054801F0A0F9D3E7FFF711
:108830005BF9D9E70048004000380240000C0240D4
:1088400070B5AAB004460021259126912791289160
:108850002991842204A8F7F79FFE2368B3F1A04F63
:1088600001D02AB070BD4FF400130493C0230993C4
:1088700002230B930A9303230C9301230E934FF0CF
:108880000063239304A800F09BFE002835D11C4C04
:10889000236B43F001032363236B03F00103019374
:1088A000019B4FF4E8532593022326930025279537
:1088B000032328930A232993124E25A9304601F059
:1088C00055F94FF4007325932695279525A9304631
:1088D00001F04CF9636B43F080036363636B03F057
:1088E00080030293029B636C43F480436364636C74
:1088F00003F480430393039BB3E7FFF7F5F8C6E760
:1089000000380240000002404A4B5A6822F44032CC
:108910005A605A6841680A435A600268536823F4EF
:108920008073536002685368016943EA012353600E
:108930000268536823F0407353600268536881688B
:108940000B4353600268936823F4006393600268EA
:108950009368C1680B439360826A374B9A4257D041
:108960000268936823F07063936002689368816A79
:108970000B4393600268936823F04053936002684E
:108980009368C16A0B4393600268936823F0020303
:10899000936002689368816943EA4103936090F8A9
:1089A0002030002B3FD00268536843F400635360CB
:1089B0000268536823F46043536001684B68426A5D
:1089C000013A43EA42334B600268D36A23F47003EE
:1089D000D3620168CB6AC269013A43EA0253CB62AF
:1089E0000268936823F4007393600268936890F8B8
:1089F000301043EA412393600268936823F4806354
:108A0000936002689368416943EA812393607047E9
:108A10000268936823F0706393600268936823F0A0
:108A200040539360B0E70268536823F400635360D7
:108A3000CAE700BF002301400100000F28B310B5B2
:108A40000446036C43B1236C13F0100F0BD00120CC
:108A5000002384F83C3010BDFFF71CFD0023636445
:108A600084F83C30EFE7226C094B134043F00203DB
:108A700023642046FFF748FF00206064236C23F046
:108A8000030343F001032364E2E70120704700BFC2
:108A9000FDEEFFFF30B583B013460022019290F83F
:108AA0003C20012A00F097800446012280F83C20F7
:108AB0000268906810F0010F13D1906840F0010037
:108AC0009060464A1068464AA2FB0020800C00EBEA
:108AD0004000019002E001980138019001980028BF
:108AE000F9D12068826812F0010F69D0256C3D4AE7
:108AF0002A4042F480722264426812F4806F05D0EA
:108B0000226C22F4405242F480522264226C12F40D
:108B1000805F33D0626C22F006026264002284F827
:108B20003C20A26B3048D063A26B30481064A26B2B
:108B30002F48D06422686FF02200106020684268DD
:108B400042F0806242602068826842F480728260F3
:108B500020680A4600F14C01A06B01F0F3F9254BA7
:108B60005B6813F01F0F0CD123689A6812F0405F06
:108B70002FD19A6842F080429A602AE00022626413
:108B8000CCE723681C4A934211D01A4B5B6813F060
:108B9000100F1ED12368194A93421AD19A6812F015
:108BA000405F16D19A6842F080429A6011E09A685C
:108BB00012F0405FE9D19A6842F080429A60E4E79F
:108BC000236C43F010032364636C43F0010363647C
:108BD000002003B030BD0220FBE700BFFC020020F4
:108BE00083DE1B43FEF8FFFF9B8C0008798C000896
:108BF000858C000800230140002001400022014034
:108C000090F83C30012B33D010B50446012380F896
:108C10003C300268936823F00103936003689A680C
:108C200012F0010F1FD19A6822F480729A60806B53
:108C300090F83530DBB2022B0CD00020226853684C
:108C400023F080635360226C0A4B134043F001030E
:108C5000236409E001F0B0F90028EFD0236C43F061
:108C600040032364EAE70020002384F83C3010BD71
:108C700002207047FEEEFFFF08B5806BFDF70CFE8B
:108C800008BD704708B5806B40230364436C43F014
:108C900004034364FFF7F5FF08BD08B50346806B86
:108CA000026C12F0500F25D1036C43F4007303647F
:108CB00003689A6812F0405F19D18269BAB9DA6A1A
:108CC00012F4700F03D09A6812F4806F0FD15A68B3
:108CD00022F020025A60036C23F480730364036C57
:108CE00013F4805F03D1036C43F001030364FDF7C9
:108CF000EBFD08BD026C12F0100F04D1826BD26C38
:108D000018469047F5E7FFF7BCFFF2E730B482B0B2
:108D10000022019290F83C20012A00F0E0800346F6
:108D2000012280F83C200A68B2F1004F18BF092ADE
:108D300022D90468E06892B202EB42021E3A4FF078
:108D4000070C0CFA02F220EA0202E2600A686548A7
:108D500082420AD01D68E8688C6892B202EB420237
:108D60001E3A94402043E86020E01868C2688C688E
:108D700042EA0462C26019E00468206992B202EB20
:108D8000420202F01F024FF0070C0CFA02F220EA36
:108D9000020222611C6820690A8802EB420202F08A
:108DA0001F028D6805FA02F2024322614A68062A10
:108DB00029D81C68606B02EB8202053A4FF01F0C49
:108DC0000CFA02F220EA020262631C68606B4A68D5
:108DD00002EB8202053AB1F800C00CFA02F202433B
:108DE00062631868404A90423DD018683E4A9042FB
:108DF00043D018683C4A90424CD0002083F83C0095
:108E000002B030BC70470C2A16D81D68286B02EBE4
:108E10008202233A1F2404FA02F220EA02022A63A1
:108E20001D68286B4A6802EB8202233A0C8804FA18
:108E300002F202432A63D4E71D68E86A02EB820269
:108E4000413A1F2404FA02F220EA0202EA621D6893
:108E5000E86A4A6802EB8202413A0C8804FA02F29C
:108E60000243EA62BDE70A68B2F1004FBDD11F4874
:108E7000426822F440024260B7E70A68122AB8D179
:108E80001A4A506820F400005060506840F4800096
:108E90005060AEE70A681348112A18BF8242ACD16D
:108EA000124A506820F480005060506840F400007E
:108EB000506009680B4A91429FD10D4A12680D49D2
:108EC000A1FB0212920C02EB82025200019202E01C
:108ED000019A013A0192019A002AF9D18DE7022004
:108EE0008EE700BF12000010002001400023014067
:108EF000FC02002083DE1B43002800F0FF8170B5D8
:108F000082B00446036813F0010F29D0954B9B688B
:108F100003F00C03042B1AD0924B9B6803F00C0354
:108F2000082B0FD06368B3F5803F40D0002B54D19D
:108F30008C4B1A6822F480321A601A6822F480225C
:108F40001A6039E0874B5B6813F4800FEAD0854BD9
:108F50001B6813F4003F03D06368002B00F0D0813E
:108F6000236813F0020F74D07E4B9B6813F00C0F34
:108F70005ED07C4B9B6803F00C03082B53D0E36856
:108F8000002B00F08980774A136843F001031360D7
:108F900001F098FA0546734B1B6813F0020F72D16B
:108FA00001F090FA401B0228F5D90320ADE16D4A8B
:108FB000136843F48033136063682BB301F082FAC3
:108FC0000546684B1B6813F4003FC9D101F07AFADB
:108FD000401B6428F5D9032097E1B3F5A02F09D0F1
:108FE000604B1A6822F480321A601A6822F48022D8
:108FF0001A60E1E75B4B1A6842F480221A601A6833
:1090000042F480321A60D7E701F05CFA0546554B0E
:109010001B6813F4003FA3D001F054FA401B6428EE
:10902000F5D9032071E14F4B5B6813F4800FA6D193
:109030004C4B1B6813F0020F03D0E368012B40F088
:109040006181484A136823F0F803216943EAC103A8
:109050001360236813F0080F46D0636983B3414A55
:10906000536F43F00103536701F02CFA05463D4B63
:109070005B6F13F0020F37D101F024FA401B022876
:10908000F5D9032041E1374A136823F0F803216939
:1090900043EAC1031360DCE7324A136823F001039B
:1090A000136001F00FFA05462E4B1B6813F0020FF8
:1090B000CFD001F007FA401B0228F5D9032024E1A4
:1090C000284A536F23F00103536701F0FBF905466B
:1090D000244B5B6F13F0020F06D001F0F3F9401B35
:1090E0000228F5D9032010E1236813F0040F7DD086
:1090F0001C4B1B6C13F0805F1ED11A4B1A6C42F094
:1091000080521A641B6C03F080530193019B01256C
:10911000154B1B6813F4807F10D0A368012B25D05A
:10912000002B3BD10F4B1A6F22F001021A671A6F06
:1091300022F004021A671EE00025E9E70A4A1368D4
:1091400043F48073136001F0BDF90646064B1B68BB
:1091500013F4807FE1D101F0B5F9801B6428F5D9C3
:109160000320D2E000380240007000406E4A136FC6
:1091700043F001031367A36833B301F0A3F9064674
:10918000694B1B6F13F0020F2FD101F09BF9801B6D
:1091900041F288339842F3D90320B6E0052B09D079
:1091A000614B1A6F22F001021A671A6F22F0040253
:1091B0001A67E0E75C4B1A6F42F004021A671A6FF5
:1091C00042F001021A67D6E701F07CF90646564BD9
:1091D0001B6F13F0020F08D001F074F9801B41F2ED
:1091E00088339842F3D903208FE0FDB9A369002B9F
:1091F00000F08A804C4A926802F00C02082A58D08B
:10920000022B19D0484A136823F08073136001F0D1
:1092100059F90446444B1B6813F0007F47D001F016
:1092200051F9001B0228F5D903206EE03E4A136C69
:1092300023F080531364D9E73B4A136823F080730B
:10924000136001F03FF90546374B1B6813F0007FB0
:1092500006D001F037F9401B0228F5D9032054E06D
:10926000E369226A1343626A43EA8213A26A5208DC
:10927000013A43EA0243E26A43EA026343F00053DD
:10928000294A5360136843F08073136001F01AF9A0
:109290000446254B1B6813F0007F06D101F012F93C
:1092A000001B0228F5D903202FE000202DE000202C
:1092B0002BE01D4A5268012B29D002F48003E1699A
:1092C0008B4226D102F03F03216A8B4223D1616A8F
:1092D00047F6C0731340B3EB811F1ED102F4403137
:1092E000A36A5B08013BB1EB034F18D102F0706237
:1092F000E36AB2EB036F14D1002006E0012070474F
:10930000012002E0012000E0002002B070BD012039
:10931000FBE70120F9E70120F7E70120F5E701204D
:10932000F3E70120F1E700BF0038024008B5334BF6
:109330009B6803F00C03042B5BD0082B5BD12F4BF5
:109340005A6802F03F025B6813F4800F2CD02B4B5D
:109350005868C0F388104FEA401CBCEB000C6EEB61
:109360000E0E4FEA8E1343EA9C634FEA8C11B1EB69
:109370000C0163EB0E03DB0043EA5173C90011EBF0
:10938000000C43F10003590200234FEA4C2041EA4C
:10939000DC51FBF7B9FE194B5B68C3F301430133A2
:1093A0005B00B0FBF3F008BD144B5868C0F38810A5
:1093B0004FEA401CBCEB000C6EEB0E0E4FEA8E1316
:1093C00043EA9C634FEA8C11B1EB0C0163EB0E0393
:1093D000DB0043EA5173C90011EB000C43F10003B9
:1093E000990200234FEA8C2041EA9C51FBF78CFE46
:1093F000D1E70348D7E70348D5E700BF003802406C
:1094000000127A000024F400002800F0A08070B55B
:109410000D460446524B1B6803F00F038B420BD2E0
:109420004F4A136823F00F030B431360136803F0D4
:109430000F038B4240F08D80236813F0020F17D08A
:1094400013F0040F04D0474A936843F4E053936049
:10945000236813F0080F04D0424A936843F4604332
:109460009360404A936823F0F003A1680B43936034
:10947000236813F0010F31D06368012B20D0022B39
:1094800025D0384A126812F0020F64D035498A6834
:1094900022F0030213438B6001F014F80646314BAF
:1094A0009B6803F00C036268B3EB820F16D001F0E7
:1094B00009F8801B41F288339842F0D9032045E037
:1094C000284A126812F4003FE0D101203EE0254A0C
:1094D000126812F0007FD9D1012037E0204B1B68C1
:1094E00003F00F03AB420AD91D4A136823F00F03A0
:1094F0002B431360136803F00F03AB422DD1236895
:1095000013F0040F06D0174A936823F4E053E16880
:109510000B439360236813F0080F07D0114A936838
:1095200023F46043216943EAC1039360FFF7FEFE21
:109530000C4B9B68C3F303130B4AD35CD8400B4B13
:1095400018600B4B186800F075FF002070BD0120FB
:1095500070470120FAE70120F8E70120F6E700BF95
:10956000003C024000380240E4200208FC020020D7
:10957000F8020020014B1868704700BFFC02002071
:1095800008B5FFF7F7FF044B9B68C3F38223034A38
:10959000D35CD84008BD00BF00380240DC20020880
:1095A00008B5FFF7E7FF044B9B68C3F34233034A58
:1095B000D35CD84008BD00BF00380240DC20020860
:1095C000F0B583B00446066816F001060DD0A74B2F
:1095D0009A6822F400029A609A68416B0A439A6082
:1095E000436B002B00F039810026256815F4002517
:1095F00011D09E4AD2F88C3023F44013E16B0B4318
:10960000C2F88C30E36BB3F5801F00F02881002B8B
:1096100000F027810025236813F4801F0FD0934AA0
:10962000D2F88C3023F44003216C0B43C2F88C3009
:10963000236CB3F5800F00F0168103B90125236870
:1096400013F0807F00D0012613F0200F40F010812E
:10965000236813F0100F0CD0844BD3F88C2022F029
:109660008072C3F88C20D3F88C20A16B0A43C3F816
:109670008C20236813F4804F08D07C4AD2F89030B5
:1096800023F44033616E0B43C2F89030236813F427
:10969000004F08D0754AD2F8903023F44023A16ED1
:1096A0000B43C2F89030236813F4803F08D06F4A10
:1096B000D2F8903023F44013E16E0B43C2F890309F
:1096C000236813F4003F08D0684AD2F8903023F49E
:1096D0004003216F0B43C2F89030236813F0400F12
:1096E00008D0624AD2F8903023F00303616C0B4338
:1096F000C2F89030236813F0800F08D05B4AD2F88C
:10970000903023F00C03A16C0B43C2F89030236817
:1097100013F4807F08D0554AD2F8903023F03003FC
:10972000E16C0B43C2F89030236813F4007F08D03B
:109730004E4AD2F8903023F0C003216D0B43C2F89B
:109740009030236813F4806F08D0484AD2F89030E4
:1097500023F44073616D0B43C2F89030236813F417
:10976000006F08D0414AD2F8903023F44063A16DD5
:109770000B43C2F89030236813F4805F08D03B4A53
:10978000D2F8903023F44053E16D0B43C2F890308F
:10979000236813F4005F08D0344AD2F8903023F4E1
:1097A0004043216E0B43C2F89030236813F4800FBE
:1097B00008D02E4AD2F8903023F08063A16F0B437B
:1097C000C2F89030236813F4001F0DD0274AD2F856
:1097D000903023F00063E16F0B43C2F89030E36FE9
:1097E000B3F1006F00F0AA80236813F0080F00D0D7
:1097F000012513F4802F08D01C4AD2F8903023F0B2
:109800004073616F0B43C2F89030236813F4000F6C
:1098100009D0164AD2F8903023F08053D4F8801043
:109820000B43C2F8903026B9236813F0007F00F094
:1098300005810E4A136823F08063136000F042FE36
:1098400006460A4B1B6813F0006F79D000F03AFE11
:10985000801B6428F5D90320F3E00126C5E6012624
:10986000D5E60125D7E60126E7E600BF003802402D
:109870007F4B1A6C42F080521A641B6C03F08053C9
:109880000193019B7B4A136843F48073136000F0DB
:1098900019FE0746774B1B6813F4807F06D100F052
:1098A00011FEC01B6428F5D90320CAE0704B1B6F62
:1098B00013F4407315D0226B02F440729A4210D018
:1098C0006B4B1A6F22F44072196F41F480311967A3
:1098D000196F21F4803119671A671B6F13F0010F9C
:1098E00012D1236B03F44072B2F5407F1DD0604A61
:1098F000936823F4F81393605D490B6F226BC2F3F6
:109900000B0213430B67A3E600F0DCFD0746584B40
:109910001B6F13F0020FE4D100F0D4FDC01B41F225
:1099200088339842F3D903208BE05148826822F4AF
:10993000F812514919400A438260DDE7012553E7D7
:10994000236813F0010F13D0636B8BB9484AD2F828
:109950008430D2F88410606803F4403343EA801303
:1099600001F070610B43A16843EA0173C2F88430CF
:10997000236813F4002F03D0E26BB2F5801F06D0EA
:1099800013F4801F1ED0236CB3F5800F1AD1384A10
:10999000D2F88430D2F88410606803F4403343EA8C
:1099A0008013E06843EA006301F0E0410B43C2F832
:1099B0008430D2F88C3023F01F03616A01390B43E5
:1099C000C2F88C30236813F0807F11D0284AD2F877
:1099D0008400D2F88410666823691B0443EA861366
:1099E00000F07060034301F0E0410B43C2F88430A3
:1099F000236813F0007F0DD0626823691B0443EADB
:109A00008213E26843EA0263A26843EA0273184AD7
:109A1000C2F88430164A136843F08063136000F084
:109A200051FD0646124B1B6813F0006F06D100F083
:109A300049FD801B6428F5D9032002E0012D02D0E6
:109A4000002003B0F0BD0A4A136823F0805313606E
:109A500000F038FD0546064B1B6813F0005F0DD083
:109A600000F030FD401B6428F5D90320E9E700BF72
:109A70000038024000700040FFFCFF0F236813F421
:109A8000002F01D0E26B22B113F4801F1DD0236C94
:109A9000DBB9354AD2F88830D2F88810606903F40F
:109AA000403343EA8013A06943EA006301F0E041D8
:109AB0000B43C2F88830D2F88C3023F4F853A16AF3
:109AC000013943EA0123C2F88C30236813F4001FE4
:109AD00003D0E36FB3F1006F31D0236813F0080FA8
:109AE00019D0214AD2F88810D2F88830606903F47E
:109AF000403343EA801301F070610B43E16943EAAC
:109B00000173C2F88830D2F88C3023F44033E16A14
:109B10000B43C2F88C30144A136843F0805313602F
:109B200000F0D0FC0446104B1B6813F0005F19D105
:109B300000F0C8FC001B6428F5D9032081E70A4A1D
:109B4000D2F88800D2F888106569236A1B0443EABA
:109B5000851300F07060034301F0E0410B43C2F84D
:109B60008830BAE700206CE70038024000230F2B52
:109B700000F2F48070B582B066E085684FEA430E6B
:109B8000032404FA0EF425EA0405CC6804FA0EF462
:109B90002C438460446824EA02044A68C2F3001239
:109BA0009A40224342605DE0DC08083450F82420EB
:109BB00003F00705AD004FF00F0E0EFA05FE22EA86
:109BC0000E0E0A69AA4042EA0E0240F824205DE027
:109BD000092200E0002202FA0EF22A430234604D0C
:109BE00045F824205F4A94686FEA0C0224EA0C05C9
:109BF0004E6816F4801F01D04CEA0405594CA5604C
:109C0000E46802EA04054E6816F4001F01D04CEA2D
:109C10000405544CE560646802EA04054E6816F4D5
:109C2000003F01D04CEA04054E4C65602468224098
:109C30004D6815F4803F01D04CEA0402494C226083
:109C400001330F2B00F2888001229A400C6804EA4D
:109C5000020C32EA0404F3D14C6804F00304013C22
:109C6000012C8AD94A6802F00302032A09D0C46889
:109C70005D000322AA4024EA02048A68AA40224323
:109C8000C2604A6802F00302022A8DD004684FEADB
:109C9000430E032202FA0EF224EA02044A6802F09A
:109CA000030202FA0EF2224302604A6812F4403FB5
:109CB000C6D02D4A546C44F480445464526C02F46F
:109CC00080420192019A9C08A51C254A52F8255011
:109CD00003F0030E4FEA8E0E0F2202FA0EF225EA6F
:109CE0000205224A90423FF475AF02F5806290422D
:109CF00022D002F58062904220D002F5806290422C
:109D00001ED002F5806290421CD002F58062904223
:109D10001AD002F58062904218D002F5806290421B
:109D200016D002F58062904214D002F58062904213
:109D30003FF44EAF0A224EE701224CE702224AE7E7
:109D4000032248E7042246E7052244E7062242E7C9
:109D5000072240E708223EE702B070BD704700BF0F
:109D600000380140003C0140003802400000024041
:109D70000AB18161704709048161704730B4056898
:109D80002C6824F480242C60046863608368402B72
:109D900005D0036899600368DA6030BC70470368D7
:109DA0009A600368D960F8E710B40368D9B2103933
:109DB0000A4AA2FB01421209094CA25CC2655F2952
:109DC00007D96FF3090304338365806D5DF8044B95
:109DD00070476FF309038365F7E700BFABAAAAAA30
:109DE000D4200208836A826992B9012B0AD0022B1F
:109DF00002D00BB100207047C36A13F0807F28D1D6
:109E000000207047C36AB3F1C07F24D000207047A0
:109E1000B2F5005F09D0022B25D9032B25D1C36AE7
:109E200013F0807F23D100207047032B03D8DFE895
:109E300003F01404140A00207047C36A13F0807FF3
:109E40000DD100207047C36AB3F1C07F09D0002054
:109E500070470120704701207047012070470120A2
:109E60007047012070470120704700207047012093
:109E70007047000070B5044600F024FB002C5CD055
:109E80000546022384F83530002384F834302268F4
:109E9000136823F00103136023681A6812F0010F9E
:109EA0000AD000F00FFB431B052BF5D92023636577
:109EB000032084F8350070BD1A682149114062689A
:109EC000A0680243E06802432069024360690243DC
:109ED000A0690243E0690243206A02430A43616ABF
:109EE00004291ED01A602668756925F00705636A83
:109EF0001D43042B07D1A36A1D43E36A1BB120460F
:109F0000FFF770FF90B975612046FFF74DFFE26DD6
:109F10003F239340836000206065012384F835303F
:109F2000C9E7E16A206B01430A43DBE7402363652D
:109F3000002384F835300120BDE70120BBE700BFD6
:109F40003F8010F038B50446856D90F83400012844
:109F500030D0012084F8340094F83500C0B20128D4
:109F600004D0002384F83430022038BD022084F865
:109F70003500002060652046FFF700FFE26D3F23BB
:109F80009340AB602268136843F0160313602268A5
:109F9000536943F080035361236C23B12268136833
:109FA00043F0080313602268136843F00103136051
:109FB0000020DAE70220D8E770B50446866D00F08D
:109FC00081FA94F83530DBB2022B06D0802363652A
:109FD000002384F83430012070BD054622681368E0
:109FE00023F0160313602268536923F08003536142
:109FF000236CE3B12268136823F00803136022681E
:10A00000136823F00103136023681B6813F0010F2A
:10A0100011D000F057FA431B052BF5D920236365B7
:10A02000032084F83500002384F83430D4E7A36C8F
:10A03000002BDFD1E3E7E26D3F239340B3600123C0
:10A0400084F83530002084F83400C5E7F0B583B0DB
:10A05000044600230193724B1D68724BA3FB053528
:10A06000AD0A876D3E68C26D08239340334210D01D
:10A0700003681A6812F0040F0BD01A6822F0040269
:10A080001A60C26D08239340BB60436D43F0010327
:10A090004365E26D01239340334209D0226852693F
:10A0A00012F0800F04D0BB60636D43F00203636560
:10A0B000E26D04239340334209D02268126812F003
:10A0C000020F04D0BB60636D43F004036365E26D6F
:10A0D00010239340334224D02268126812F0080FF4
:10A0E0001FD0BB6023681A6812F4802F0DD01B6844
:10A0F00013F4002F04D1236C9BB12046984710E045
:10A10000A36C73B1204698470BE01A6812F4807F65
:10A1100003D11A6822F008021A60236C0BB12046A2
:10A120009847E26D20239340334255D0226812684D
:10A1300012F0100F50D0BB6094F83530DBB2052B15
:10A140000ED023681A6812F4802F33D01B6813F4E2
:10A15000002F2AD1636C002B3ED0204698473BE06D
:10A160002268136823F0160313602268536923F0F2
:10A1700080035361236CA3B12268136823F00803A2
:10A180001360E26D3F239340BB60012384F83530B8
:10A19000002384F83430236D002B3FD020469847AD
:10A1A0003CE0A36C002BE7D1EBE7E36BA3B12046C7
:10A1B000984711E01A6812F4807F09D11A6822F0DA
:10A1C00010021A60012384F83530002384F83430FB
:10A1D000E36B0BB120469847636DFBB1636D13F0E1
:10A1E000010F17D0052384F835302268136823F057
:10A1F00001031360019B01330193AB4204D8236830
:10A200001B6813F0010FF5D1012384F835300023CA
:10A2100084F83430E36C0BB12046984703B0F0BDAE
:10A22000FC020020B5814E1B024A136843F4807380
:10A23000136070470070004010B582B01B4B1A6C61
:10A2400042F080521A641B6C03F080530193019B0F
:10A25000174A136843F48033136000F033F904465F
:10A26000134B5B6813F4803F08D100F02BF9001BFF
:10A27000B0F57A7FF4D9032002B010BD0C4A136800
:10A2800043F40033136000F01DF90446084B5B688B
:10A2900013F4003F07D100F015F9001BB0F57A7FE9
:10A2A000F4D90320E8E70020E6E700BF00380240C9
:10A2B00000700040002804DB0901C9B2044B1954A6
:10A2C000704700F00F000901C9B2024B19547047E2
:10A2D00000E400E014ED00E000B500F00700C0F17C
:10A2E000070CBCF1040F28BF4FF0040C031D062B14
:10A2F0000FD9C31E4FF0FF3E0EFA0CF021EA000109
:10A3000099400EFA03FE22EA0E0241EA02005DF8CD
:10A3100004FB0023EEE700000649CB6823F4E0636A
:10A320001B041B0C000200F4E0600343024A1A43C2
:10A33000CA60704700ED00E00000FA0510B5044661
:10A34000054BD868C0F30220FFF7C6FF0146204640
:10A35000FFF7B0FF10BD00BF00ED00E0002807DBF5
:10A3600000F01F02400901239340024A42F82030C6
:10A37000704700BF00E100E00138B0F1807F0BD2F0
:10A380004FF0E0235861054AF02182F823100020A5
:10A39000986107221A6170470120704700ED00E0C4
:10A3A000BFF35F8F044B5A6A22F480325A62002254
:10A3B000C3F89420704700BF00ED00E040F00100BA
:10A3C000054BC3F894005A6A42F480325A62BFF3D4
:10A3D0004F8FBFF36F8F704700ED00E04378144A52
:10A3E000C2F89830D2F8A03023F00103C2F8A030B0
:10A3F0004368C2F89C30017BC37A1B0643EA0173B1
:10A40000817A43EAC143417B43EA8143817B43EA4A
:10A410004143C17B43EA0143417A43EA0123017A84
:10A4200043EA410301780B43C2F8A030704700BFF4
:10A4300000ED00E010B504460E4B1A784FF47A7325
:10A44000B3FBF2F30C4A1068B0FBF3F0FFF794FF94
:10A4500068B90F2C01D901200AE0002221464FF0F3
:10A46000FF30FFF76BFF054B1C60002000E0012070
:10A4700010BD00BFF4020020FC020020F802002002
:10A4800008B5094B1A6842F400721A601A6842F45F
:10A4900080721A600320FFF73FFF0020FFF7CAFF1A
:10A4A000FDF7E0FF002008BD003C0240034A1168B0
:10A4B000034B1B780B441360704700BFB43F02206E
:10A4C000F4020020014B1868704700BFB43F02201F
:10A4D00038B50446FFF7F6FF0546B4F1FF3F02D05A
:10A4E000044B1B781C44FFF7EDFF401BA042FAD33E
:10A4F00038BD00BFF402002000285DD010B504462E
:10A5000090F84130002B46D0242384F84130226853
:10A51000136823F0010313606368226823F07063FB
:10A5200013612268936823F400439360E368012B6E
:10A5300036D0A368226843F404439360E368022B97
:10A5400034D02268536823F4006353602268516852
:10A550001A4B0B4353602268D36823F40043D36043
:10A56000236962691343A169226843EA0123D36026
:10A57000E369216A22680B4313602268136843F081
:10A580000103136000206064202384F841302063BD
:10A5900084F8420010BD80F84030FEF7AFF8B3E712
:10A5A000A368226843F400439360C7E722685368B6
:10A5B00043F400635360C9E7012070470080000244
:10A5C000034690F84120D2B2202A23D190F84020AF
:10A5D000012A21D0012280F84020242280F8412045
:10A5E0000068026822F0010202601868026822F422
:10A5F00080520260186802681143016019680A6895
:10A6000042F001020A60202283F84120002083F8F2
:10A61000400070470220704702207047034690F8C0
:10A620004120D2B2202A21D190F84020012A1FD007
:10A63000012280F84020242280F84120006802682E
:10A6400022F0010202601868026822F4706242EA95
:10A650000122026019680A6842F001020A602022A1
:10A6600083F84120002083F84000704702207047A3
:10A670000220704770B110B50446037933B102234C
:10A680002371002020610123237110BD4371FDF768
:10A6900057FFF4E70120704770B50D461146049A44
:10A6A000002861D00446407901285FD00120607104
:10A6B00002202071002D2FD1A0682D4EC663A06806
:10A6C0002C4E0664A0682C4EC6642668306840F4A0
:10A6D0008050306022B1042A1BD02268103201E081
:10A6E00022680832002D31D12668306840F40050CD
:10A6F0003060A068FFF726FC0023637100282ED18C
:10A7000021680B6805F010050122AA4013430B6075
:10A7100070BD22680C32E5E7E068184EC663E06859
:10A72000174E0664E068174EC6642668306840F02D
:10A730008050306022B1042A05D022681C32D1E753
:10A7400022681432CEE722681832CBE726683068D8
:10A7500040F000503060E068FFF7F4FBCCE723697D
:10A7600043F004032361D3E70120D1E70220CFE7C0
:10A77000E5A70008F5A7000801A8000889A80008B7
:10A7800099A80008A3A8000850B310B504460068B3
:10A79000036801F0100C4FF4805202FA0CF223EA25
:10A7A0000203036020680368012202FA0CF223EA24
:10A7B0000203036059B9A068FFF7FEFB2268136823
:10A7C00023F40053136001232371002010BDE068BF
:10A7D000FFF7F2FB2268136823F000531360F2E7DF
:10A7E0000120704710B5846B2046FBF7E1FC012384
:10A7F000237110BD08B5806BFBF7D4FC08BD704712
:10A8000010B5846B236943F0040323612046FFF7EE
:10A81000F6FF0123237110BD002918BF00282CD09A
:10A8200030B584468E464379012B28D001208CF820
:10A83000050002238CF80430DCF80040216802F0A7
:10A84000100240F6FE73934021EA0301DEF8003067
:10A85000DEF804502B4393400B432360DCF80040A8
:10A860002368C02101FA02F223EA020323608CF874
:10A87000040000208CF8050030BD01207047022044
:10A88000FAE770477047704710B5846B2046FFF7B2
:10A89000F8FF0123237110BD08B5806BFFF7F2FFAD
:10A8A00008BD10B5846B236943F00403236120467F
:10A8B000FFF7E9FF0123237110BD000050791379E0
:10A8C00043EA002307480B50D07893781B0443EAEF
:10A8D0000063507843EA002312781343024A8B50F6
:10A8E000704700BF408002404480024030B40022E4
:10A8F00008E0C468DC6051F80C3043F4400341F8D0
:10A900000C300132032A1FD8C16802EB82034FEAE0
:10A91000C30C01EBC303002441F80C405C609C6055
:10A92000DC60941D40F8243051F80C4044F480144D
:10A9300041F80C40022ADCD8541C04EB8404C5689E
:10A9400005EBC404DC60D6E700238362C2680368B9
:10A9500003F580531A6130BC704710B4002202E046
:10A960000169D9600132032A28D8046902EB820305
:10A970004FEAC30C04EBC303002144F80C105960E8
:10A980009960D960196259624FF0004144F80C1087
:10A99000416941F480415960596821F00041596092
:10A9A00002F1120140F82130022AD9D80469511C61
:10A9B00001EB810104EBC104DC60D3E70023C36534
:10A9C00003668366C36683650269036803F5805383
:10A9D000DA605DF8044B704770B505460C460268B6
:10A9E00013683C491940A37B5B06207C002861D199
:10A9F0004FF400000343607C00285DD14FF48000D9
:10AA00000343A0680343E07F43EA004360690343D4
:10AA1000A07F002852D14FF400500343207F43EA27
:10AA20000033A0690343207943EA802394F820008F
:10AA3000002845D14FF400700343E07B43EAC01384
:10AA4000606A034394F8280043EA00130B43136041
:10AA50002B681E680120FFF73BFD2B681E602968EC
:10AA60008A6922F0BE021204120CA36C1B0494F833
:10AA70004C0038BB80200343206D034394F85500FD
:10AA8000012821D00020034394F8560001281DD04E
:10AA90000020034394F85400012819D000200343F8
:10AAA00013438B612B689C690120FFF711FD2B6814
:10AAB0009C6170BD00209DE70020A1E70020ACE76D
:10AAC0000020B9E70020D6E70820DCE70420E0E713
:10AAD0000220E4E70F8120FD70B505460C460268B0
:10AAE00002F580539B692B491940237B002B4DD1E4
:10AAF0004FF08063607B43EA4063607F002847D16A
:10AB00004FF480100343A07B43EA40536069034342
:10AB1000207F43EAC013A07F43EA8013206A0343E7
:10AB200094F8240043EA80030B4302F580529361BA
:10AB30002B6803F580539E690120FFF7C9FC2B6841
:10AB400003F580539E612279A36843EA4263A269B8
:10AB500013432269134394F8252043EAC213A26ADF
:10AB600043EA8203226813432A6843F4000302F590
:10AB7000805213602B6803F580531C680120FFF797
:10AB8000A7FC2B6803F580531C6070BD0023B1E760
:10AB90000020B7E7233FDEF870B5A4B006460125D4
:10ABA0008DF83C508DF83D5000240D948DF84B40AD
:10ABB0008DF84A508DF848408DF83A508DF8305055
:10ABC0008DF84C408DF83B4014948DF854401D9402
:10ABD0008DF878401F948DF882408DF880404FF4B6
:10ABE000804310934FF4006311938DF881400BA9BB
:10ABF000FFF7F2FE8DF80C508DF80D508DF81D50BA
:10AC00008DF80E5005948DF81C408DF81E40089468
:10AC10008DF824508DF804504FF4803302934FF494
:10AC2000800306934FF4005304938DF825500A9443
:10AC3000009469463046FFF74FFF24B070BD000016
:10AC4000002868D030B583B00446D0F88430002B9B
:10AC500032D0324B5A6C42F480425A645B6C03F43B
:10AC600080430193019B2E4B5A6822F400025A60E4
:10AC70005A68A1680A435A605B68236803F58053E9
:10AC80001A6842F001021A60FFF71CFC05462368AF
:10AC900003F580531B6813F0010F13D0FFF712FC6C
:10ACA000401BB0F5FA7FF2D90423C4F88830E023C2
:10ACB000C4F8843001202CE02023C0F88430FDF754
:10ACC00097FCC6E72046FFF767FF2046FFF70EFE1A
:10ACD0002046FFF742FE626800212046FFF7EEFDA6
:10ACE0002268D36B43F40273D3632268D2F80C1149
:10ACF0000C4B0B43C2F80C312268D2F8103143F4EC
:10AD00000313C2F810310020C4F888001023C4F8DF
:10AD1000843003B030BD0120704700BF00380240CE
:10AD2000003801406000020090F83D30DBB2012B9A
:10AD300035D1022380F83D3003681B4AB3F1804FC0
:10AD400018BF93421DD0A2F57C42934219D002F560
:10AD50008062934215D002F58062934211D002F5D1
:10AD6000784293420DD002F57052934209D0A2F579
:10AD70009432934205D01A6842F001021A60002012
:10AD800070479968094A0A40062A18BFB2F5803F01
:10AD900007D01A6842F001021A60002070470120B3
:10ADA00070470020704700BF00000140070001000D
:10ADB00070B403683C4A904214BF00220122B0F1F3
:10ADC000804F14BF144642F00104ACB9374DA8427D
:10ADD00014BF00250125364EB0420DD065B905F1EE
:10ADE000804505F58235A84214BF0025012506F5EA
:10ADF0000066B04200D01DB123F070034D682B43B4
:10AE0000002C33D1294CA04214BF00240124284D2A
:10AE1000A8422BD054BB04F1804404F58234A042F4
:10AE200014BF0024012405F50065A8421ED0ECB92A
:10AE3000204CA04214BF0024012405F59A35A842F5
:10AE400014D09CB91C4CA04214BF0024012405F569
:10AE50000065A8420AD04CB9184CA04214BF002487
:10AE60000124A5F59635A84200D01CB123F4407307
:10AE7000CC68234323F080034C6923438C68C4626D
:10AE80000C6884620E4CA04208BF42F001020AB175
:10AE90000A690263026842F0040202600122426110
:10AEA000036070BC704700BF000001400008004014
:10AEB0000004004000440140001800400020004011
:10AEC0000004014060B310B5044690F83D3013B360
:10AED000022384F83D30214651F8040BFFF768FF48
:10AEE000012384F8483084F83E3084F83F3084F8F9
:10AEF000403084F8413084F8423084F8433084F89C
:10AF0000443084F8453084F8463084F8473084F87B
:10AF10003D30002010BD80F83C30FDF735FCD7E710
:10AF20000120704790F83C20012A45D070B40346B8
:10AF3000012280F83C20022280F83D2002685068FF
:10AF400094681E4E1E4DAA4218BFB24203D120F48F
:10AF500070004D68284320F070000D682843506051
:10AF60001A681648B2F1804F18BF824217D0A0F578
:10AF70007C40824213D000F5806082420FD000F501
:10AF8000806082420BD000F57840824207D000F505
:10AF90007050824203D0A0F59430824204D124F054
:10AFA0008004896821439160012283F83D200020BC
:10AFB00083F83C0070BC70470220704700000140DD
:10AFC00000040140026852E8003F23F4907342E815
:10AFD00000310029F6D1026802F1080353E8003F6E
:10AFE00023F00103083242E800310029F3D1036E57
:10AFF000012B06D02023C0F880300023036683662F
:10B000007047026852E8003F23F0100342E8003125
:10B010000029F6D1EEE7000010B504468368026906
:10B02000134342691343C269134301680868914A94
:10B0300002401A430A602268536823F44053E168CF
:10B040000B435360A269236A1A4321688B6823F477
:10B05000306313438B602368874A934218D0874A32
:10B0600093423AD0864A93424FD0864A93425ED06A
:10B07000854A93426DD0854A93427FD0844A934259
:10B0800000F09180834A934200F0A28010230BE0ED
:10B09000814BD3F8903003F00303032B1BD8DFE878
:10B0A00003F00216AB180123E069B0F5004F00F081
:10B0B000D780082B00F23881DFE813F01401270154
:10B0C000120136012A013601360136012D01042311
:10B0D000EAE70823E8E71023E6E76F4BD3F8903060
:10B0E00003F00C030C2B0ED8DFE803F0070D0D0D59
:10B0F000090D0D0D880D0D0D0B000023D4E7042361
:10B10000D2E70823D0E71023CEE7634BD3F8903083
:10B1100003F03003202B73D005D8002B72D0102BF6
:10B1200072D10423C0E7302B70D10823BCE75A4BFF
:10B13000D3F8903003F0C003802B69D005D8002BE2
:10B1400068D0402B68D10423AEE7C02B66D108231A
:10B15000AAE7514BD3F8903003F44073B3F5007F66
:10B160005ED006D8002B5DD0B3F5807F5CD1042380
:10B170009AE7B3F5407F59D1082395E7464BD3F8BA
:10B18000903003F44063B3F5006F51D006D8002B24
:10B1900050D0B3F5806F4FD1042385E7B3F5406FEE
:10B1A0004CD1082380E73C4BD3F8903003F4405354
:10B1B000B3F5005F44D006D8002B43D0B3F5805FD1
:10B1C00042D1042370E7B3F5405F3FD108236BE71A
:10B1D000314BD3F8903003F44043B3F5004F37D0F0
:10B1E00005D8BBB3B3F5804F36D104235CE7B3F584
:10B1F000404F33D1082357E7022355E7022353E793
:10B20000022351E700234FE710234DE710234BE7BC
:10B21000022349E7002347E7102345E7102343E7CC
:10B22000022341E700233FE710233DE710233BE7DC
:10B23000022339E7012337E7102335E7102333E7EB
:10B24000022331E700232FE710232DE710232BE7FC
:10B25000022329E7002327E7102325E7102323E70C
:10B26000082B5BD8DFE803F01A343A5A375A5A5A97
:10B270001E0000BFF369FFEF0010014000440040D2
:10B2800000480040004C00400050004000140140C5
:10B2900000780040007C004000380240FEF770F962
:10B2A00000283DD06268530803EB4003B3FBF2F380
:10B2B000A3F110014FF6EF72914233D89AB222F007
:10B2C0000F02C3F3420313432268D360002030E02F
:10B2D000FEF766F9E4E7FEF729F8E1E71748E1E74A
:10B2E000164802E0FEF74CF900B3636800EB530028
:10B2F000B0FBF3F0A0F110024FF6EF739A4217D8AB
:10B30000236880B2D860002013E0FEF749F9EBE72C
:10B31000FEF70CF8E8E74FF40040E6E7012008E00C
:10B32000002006E0012004E0012002E0002000E00F
:10B3300001200023A366E36610BD00BF0024F400D3
:10B34000436A13F0080F06D00268536823F40043E1
:10B35000416B0B435360436A13F0010F06D0026840
:10B36000536823F40033816A0B435360436A13F03C
:10B37000020F06D00268536823F48033C16A0B437E
:10B380005360436A13F0040F06D00268536823F435
:10B390008023016B0B435360436A13F0100F06D0F8
:10B3A0000268936823F48053816B0B439360436A74
:10B3B00013F0200F06D00268936823F40053C16B8A
:10B3C0000B439360436A13F0400F0AD0026853683E
:10B3D00023F48013016C0B435360036CB3F5801F9F
:10B3E0000BD0436A13F0800F06D00268536823F431
:10B3F0000023816C0B43536070470268536823F449
:10B40000C003416C0B435360EBE72DE9F84305465D
:10B410000E4617469946DDF820802B68DC6936EA2F
:10B4200004040CBF01240024BC423AD1B8F1FF3F10
:10B43000F3D0FFF747F8A0EB0900404534D8B8F146
:10B44000000F33D02B681A6812F0040FE5D0B6F164
:10B45000400218BF0122802EDFD0002ADDD0DA6939
:10B4600012F0080F11D1DA6912F4006FD5D04FF441
:10B4700000621A622846FFF7A5FD2023C5F8843034
:10B48000002385F8783003200CE008241C6228464D
:10B49000FFF798FDC5F88440002385F87830012037
:10B4A00000E00020BDE8F8830320FBE70320F9E774
:10B4B00010B582B004460023C0F88430FFF702F8CC
:10B4C00023681B6813F0080F0AD12023E367C4F830
:10B4D000803000202066606684F8780002B010BDDD
:10B4E0006FF07E430093034600224FF40011204684
:10B4F000FFF78BFF0028E8D0226852E8003F23F0D6
:10B50000800342E800310029F6D12023E3670023BD
:10B5100084F878300320E1E768B310B50446C36FC0
:10B5200003B32423E3672268136823F00103136045
:10B53000636AE3B92046FFF76FFD012811D0226846
:10B54000536823F4904353602268936823F02A03DE
:10B5500093602268136843F0010313602046FFF7ED
:10B56000A7FF10BD80F87830FDF724F9D9E7204611
:10B57000FFF7E6FEDEE70120704730B583B0002814
:10B5800000F082800446056890F89534C3B1032327
:10B5900084F89534B5F1A04F17D0206800F0F8F882
:10B5A000237C8DF80030231D0ECB206800F0AEF810
:10B5B00070B1022384F895340125284603B030BDCC
:10B5C00080F89434FDF73CF9E1E70023A371E4E748
:10B5D0000021206800F00AFA024608B9034617E085
:10B5E000022384F895340125E7E703EBC30104EB5C
:10B5F0008101012048750B75CB8500200876C86154
:10B60000086203EBC30104EB810148620133DBB242
:10B6100020799842E9D816E002EBC20304EB8303D9
:10B62000002183F8551283F8542283F85812C3F886
:10B630005C12C3F8601202EBC20304EB8303C3F88D
:10B6400064120132D2B29042E6D8237C8DF80030E9
:10B65000231D0ECB206800F0F1F8054658B90023F1
:10B660006374012384F89534237B012B08D0206870
:10B6700000F0AAF9A1E7022384F8953401259CE79C
:10B68000204600F003F8F2E7012596E7034602683A
:10B690000121C0F8D814002083F8CC04936943F04A
:10B6A00000639361516D024B0B435365704700BFBC
:10B6B0000300001082B000230193019B013301932A
:10B6C000019BB3F1706F1CD80369002BF5DA0A23D4
:10B6D000019302E0019B013B0193019B002BF9D1F7
:10B6E000036943F001030361019B01330193019B53
:10B6F000B3F1706F08D8036913F0010FF4D1002083
:10B7000000E0032002B070470320FBE784B010B5CF
:10B71000044603A880E80E009DF81130012B1FD1CC
:10B72000A36B23F48033A363E268184B1340E360F8
:10B73000E36823F44013E3609DF81830012B0AD02E
:10B740002046FFF7B7FF9DF80E30012B14D0BDE85F
:10B75000104004B07047E36843F48013E360EFE700
:10B76000E36843F04003E3602046FFF7A3FFA36BC9
:10B7700043F48033A363E6E7A36843F00603A360C2
:10B78000A36843F02003A360E1E700BFBFFFBDFF54
:10B79000836823F0010383600020704782B0002398
:10B7A0000193019B01330193019BB3F1706F15D895
:10B7B0000369002BF5DA00230193890141F0200190
:10B7C0000161019B01330193019BB3F1706F08D8B4
:10B7D000036913F0200FF4D1002000E0032002B031
:10B7E00070470320FBE782B000230193019B0133E4
:10B7F0000193019BB3F1706F13D80369002BF5DA45
:10B800000023019310230361019B01330193019BEA
:10B81000B3F1706F08D8036913F0100FF4D1002052
:10B8200000E0032002B070470320FBE7D0F80038A7
:10B830001943C0F8001800207047000084B0F8B524
:10B84000044607A880E80E00002306E003F140024A
:10B8500004EB82020021516001330E2BF6D99DF8D2
:10B86000266006BBD4F8043843F00203C4F8043859
:10B87000A36B23F40013A363236843F04003236006
:10B88000236843F0800323600023C4F8003E9DF842
:10B890002130012B11D19DF81F304BB900212046DA
:10B8A000FFF7C4FF0DE0A36B43F40013A363EBE7C2
:10B8B00001212046FFF7BAFF03E003212046FFF7EE
:10B8C000B5FF10212046FFF769FF054600B10125AD
:10B8D0002046FFF788FF00B1012504F5006C002326
:10B8E000CCF81030CCF81430CCF81C300AE0CBB9CE
:10B8F0004FF00060C2F8000900220A614FF67F3263
:10B900008A6001339DF81C10994210D904EB431250
:10B9100002F51061D2F800090028E8DB0020C2F827
:10B920000009E9E74FF09040C2F80009E4E700237E
:10B930000AE0BBB14FF09047C2F8007B00220261E1
:10B940004FF67F3282600133994210D904EB4312E3
:10B9500002F53060D2F8007B002FEADB0027C2F846
:10B96000007BEBE74FF00067C2F8007BE6E7DCF80E
:10B97000103023F48073CCF810300023A3616FF0F3
:10B98000804363619DF81E301BB9A36943F0100327
:10B99000A361A2690A4B1343A3619DF822301BB136
:10B9A000A36943F00803A361012E04D02846BDE833
:10B9B000F84004B07047A269024B1343A361F5E756
:10B9C00000383C8004000040D0F8003E23F0030320
:10B9D000C0F8003ED0F8043843F00203C0F8043841
:10B9E00000207047406900F00100704738B50546F7
:10B9F000C36823F0C043C360012913D019BBC368D7
:10BA000043F08043C36000240A20FEF761FD0A343E
:10BA10002846FFF7E7FF08B1C72CF5D9C82C14D08A
:10BA2000002038BDC36843F00053C36000240A20DF
:10BA3000FEF74EFD0A342846FFF7D4FF0128EDD06B
:10BA4000C72CF4D9EAE70120EBE70120E9E7000081
:10BA5000034AD2F8883043F47003C2F88830704744
:10BA600000ED00E010B503460C4A0D490D48006892
:10BA700040B10C4800680344521A934206D8094A60
:10BA8000136010BD0748084C0460F2E7F4F7EAFDC4
:10BA90000C2303604FF0FF30F3E700BF00000520E8
:10BAA00000400000B83F0220E8D602200120704785
:10BAB00008B5F4F7D7FD162303604FF0FF3008BD3B
:10BAC00008B54FF0FF31FFF7F3FFFEE770B50C4606
:10BAD0001646002506E0AFF30080214601F8010B71
:10BAE00001350C46B542F6DB304670BD70B50C46EC
:10BAF0001646002504E014F8010BAFF30080013571
:10BB0000B542F8DB304670BD4FF0FF3070474FF460
:10BB100000534B60002070470120704700207047A1
:10BB2000C0ED020A80ED030A00230360DFED047A12
:10BB300020EE270AC0EE207AC0ED017A704700BFE0
:10BB4000DB0FC940D0ED007A90ED017A77EE877A6D
:10BB5000C0ED007A9FED057AF4EEC77AF1EE10FAA7
:10BB600003DB77EEC77AC0ED007A7047DB0FC94080
:10BB7000B0EE407AD0ED017A70EE677AD0ED006ACF
:10BB80009FED056A66EE866A37EEA60A80ED017AB9
:10BB900080ED000A704700BF52B87E3FD0ED007ABA
:10BBA0009FED067A67EE877A9FED057A20EE070A09
:10BBB00037EE800A80ED000A704700BF718D753F37
:10BBC000F028273DB0EEC07ADFED197AB4EEE77ABF
:10BBD000F1EE10FA22DDD0ED007A9FED167A67EED5
:10BBE000877AC0ED007A90ED007ADFED117AB4EE3D
:10BBF000E77AF1EE10FA01D5C0ED007A90ED007A07
:10BC0000F2EE047AB4EEE77AF1EE10FA01DDC0ED5F
:10BC1000007AD0ED007A27EE800A7047D0ED007AE6
:10BC20009FED057A67EE877AC0ED007ADBE700BF0B
:10BC3000CDCCCC3D3BDF7F3F6210803F00239FEDAA
:10BC4000317A00E001338B420DDA00EB830CDCED3E
:10BC5000007AF0EEE77AB4EEE77AF1EE10FAF1D579
:10BC6000B0EE677AEEE7D2ED006ADFED277AB4EE48
:10BC7000E77AF1EE10FA25DDF6EE007A87EE876AB4
:10BC8000DFED227AB4EEE76AF1EE10FA09D4DFEDC7
:10BC9000207AB4EEE76AF1EE10FA04DD9FED1C6A3B
:10BCA00001E09FED1A6A76EE667AB4EEE66AF1EE8E
:10BCB00010FA01D5F0EE400A67EEA07A77EEA67A88
:10BCC000C2ED007AD2ED007A77EEE67A07EE101A2E
:10BCD000B8EEC77A87EE876A002310E000EB830294
:10BCE00092ED007A07EE903AF8EEE77A67EE867A00
:10BCF00077EEA67A67EE277AC2ED007A01338B429F
:10BD0000ECDB704700000000BD378635CDCCCC3D64
:10BD10000000484208B5DFED030AB5EE000AFFF760
:10BD20008DFF08BD0AD7A33C2DE9F047824689461E
:10BD300090461F4600242BE0A5000AEB8403D3EDB8
:10BD4000006A09EB840393ED007A134BD3ED007A7C
:10BD500067EEA60A114E96ED000A20EE076A20EE65
:10BD6000260A67EE877AC3ED006A86ED007A70EEE8
:10BD7000860A30EE670AF6F79DFD0948FFF7F8FEE0
:10BD80004544DFED087A20EE270A85ED000A0134EC
:10BD9000BC42D1DBBDE8F087DC3F0220D83F022067
:10BDA000D03F022083F9A23E2DE9F84F2DED028B02
:10BDB0008246894690461F4600242EE0A5000AEBE5
:10BDC0008403D3ED008A09EB840393ED008ADFF846
:10BDD00068B0DBED007A67EEA80A134E96ED000A14
:10BDE00020EE087A20EE280A67EE887A70EE870A3D
:10BDF00030EE670AF6F75EFDCBED008A86ED008A2D
:10BE00000A48FFF7B5FE0A48FFF7C8FE0948FFF7E2
:10BE1000D9FE454485ED000A0134BC42CEDBBDECC1
:10BE2000028BBDE8F88F00BFC83F0220C03F022050
:10BE3000BC3F022000030020CC3F0220F8B50025C3
:10BE4000002D00DDF8BD194B18680EF01DF90446F1
:10BE5000B0F5006FF6DC164B186803F043F8A0420B
:10BE6000F0DB144F22463946114B186803F002F8F4
:10BE70000E4E3A46104930680EF046FB04460F4A13
:10BE80000F4930680EF0B8FB002C01DC0135D7E714
:10BE90000C4B186803F032F8A042F7DB2246064943
:10BEA000084B186802F0B0FFF0E700BF7C69022081
:10BEB0007869022060590220604902206C690220E2
:10BEC000706902207469022070B5184D28680EF060
:10BED000ADFB044628680EF0ADFBB0F5006FD8BF8F
:10BEE000B4F5006F00DD70BD0546114B186802F017
:10BEF000F9FFA042F7DB0F4B186802F0FFFFA842E2
:10BF0000F1DB0D4E22463146094B186802F0B2FFB4
:10BF10000A4C32462146054B18680DF05BFF2A4655
:10BF20002146044B186802F06FFFDCE77C690220B1
:10BF30007869022074690220605902206049022059
:10BF400008B5F4F7B5FD08BD08B5F4F749FA08BD22
:10BF500008B5F4F7B5FD08BD10B582B004464A4BEC
:10BF6000186820B10DF024FE474B00221A60474BA1
:10BF7000186820B102F030FF444B00221A60444B95
:10BF8000186820B102F028FF414B00221A600023FC
:10BF9000404A1360404A1360404A1360404A1360AD
:10BFA000404B00221A604FF4707301933E4B009394
:10BFB0003E4B062261213E4813F074FC002850D10C
:10BFC000A02301933B4B00933B4B602206213B484F
:10BFD00012F0AAFF002847D1012C0CBF0122002239
:10BFE000374B1A6037D0022C37D0032C37D00DF0E6
:10BFF000AFFD254B1860002839D00EF019FBB0F5C5
:10C00000006F37DC204B18680EF010FB00EB40008F
:10C010002C4B18602C4B00221A60B0F5006F03DD2A
:10C02000284B4FF400621A600121174B18680EF07C
:10C03000F9FA4FF4805002F0B1FE144C20604FF436
:10C04000805002F0ABFE124B18602368ABB1B8B160
:10C05000002002B010BD0420C7E70720C7E70D206D
:10C06000C5E74FF0FF30F4E74FF0FF30F1E74FF056
:10C07000FF30EEE74FF0FF30EBE74FF0FF30E8E73F
:10C080004FF0FF30E5E700BF7C69022078690220AD
:10C090007469022054990220886902208469022070
:10C0A000706902206C69022058C6022074220208BE
:10C0B000D8D602208C960220F4200208489902204B
:10C0C0006869022080690220646902205E4B1B6857
:10C0D000002B00F0B8802DE9F047ADF5707D0446E7
:10C0E0000D465A4B1E68002E48D1002D59DDDFF851
:10C0F00078A1DAF80080C8F53467AF42A8BF2F46B0
:10C100004FEA87094A462146514800EB8800F4F778
:10C1100035FC08EB0703CAF800304C44ED1B7CE00B
:10C12000DFED4C7AFDEEE77A4B4A17EE901A22F8D3
:10C1300013100133B34218DA04EB8302D2ED007A14
:10C140009FED467A67EE877A9FED427AF4EEC77AE2
:10C15000F1EE10FAE4DC9FED427AF4EEC77AF1EEEC
:10C1600010FADFD5DFED3E7ADCE73E4B186802F0CF
:10C17000C5FEB0420CDA04EB8604AD1B002D0EDDCB
:10C180002E46B5F5807FA8BF4FF480760023D1E717
:10C1900032463149334B186802F036FEEBE7FFF7C1
:10C1A0004DFE0DF5707DBDE8F087DFED2A7AFDEEDE
:10C1B000E77A17EE902A2DF8132001339F2B19DC14
:10C1C00050AA02EB8302D2ED007A9FED247A67EE4B
:10C1D000877A9FED207AF4EEC77AF1EE10FAE4DC6C
:10C1E0009FED1F7AF4EEC77AF1EE10FADFD5DFED9E
:10C1F0001C7ADCE71B4B186802F080FE9F281BDCD2
:10C20000194B1A68A2F570721A6018499200A1F5CC
:10C210007060F4F7D1FAFFF711FE134B1B68B3F50A
:10C22000707FFFF662AF4FF4707350AA0849104850
:10C2300013F056FB3346C1E7A0226946094B186844
:10C2400002F0E2FDDCE770477C69022068690220A9
:10C250005899022000FEFF466047022000008046F9
:10C26000000000C7786902205499022058A80220D3
:10C27000D8D602202DE9F84306460D46414B1B68EF
:10C2800093B1414B1C68002C3BD1404B186802F025
:10C2900029FE3F4B1B6803443E4A1268934209DB68
:10C2A000394B01221A602CE08A000021F4F774F95E
:10C2B000002445E0AA0000213046F4F76DF93FE084
:10C2C000354A32F9132007EE902AF8EEE77A9FED0F
:10C2D000337A67EE877A324A02EB8302C2ED007A44
:10C2E00001339F2BECDD2A4C2168A0232D4A02EB61
:10C2F00081022B492C4812F033FE236803F570733A
:10C300002360234B1B68AB4210DAB3F5F06F0DDCF2
:10C310001E4B186802F0E6FD9F2807DDA0221E498B
:10C320001A4B186802F0A6FD0023DAE7184B1F68C5
:10C330003C46AF42A8BF2C46002C04DCA54215DCCD
:10C340002046BDE8F8834FEA8408DFF8589042465B
:10C3500049463046F4F712FB3A1B0D4B1A60920027
:10C3600009EB08014846F4F727FAE7E72A1B920091
:10C37000002106EB8400F4F70FF9034B00221A604A
:10C38000DEE700BF7C690220846902207469022014
:10C3900088690220806902202046022000000038BF
:10C3A000A04302208C6902204899022038B5174B1F
:10C3B0001B684BB30024164B1C60164B1C60164BBD
:10C3C0001C60164B1C60164B00221A604FF48452FE
:10C3D00021461448F4F7E0F84FF42F722146124832
:10C3E000F4F7DAF8114D286802F0F6FC104C2068DA
:10C3F00002F0F2FC4FF4805002F0D0FC28604FF4C1
:10C40000805002F0CBFC206038BD00BF7C69022068
:10C4100054990220886902208469022070690220F0
:10C420006C69022058C602208C960220786902208E
:10C430007469022008B5024B1860FFF7B7FF08BD0A
:10C44000646902202DE9F043ADF5717D05460C4687
:10C45000364B1B68002B64D0002C62DDDFF8E490C3
:10C46000D9F80070C7F53466A642A8BF26464FEA41
:10C470008608424629462E4800EB8700F4F77EFAEC
:10C480003744C9F800704544A41B35E0DFED297A34
:10C49000FDEEE77A17EE902A2DF8132001339F2B3B
:10C4A00019DC50AA02EB8302D2ED007A9FED227ACA
:10C4B00067EE877A9FED1F7AF4EEC77AF1EE10FAF5
:10C4C000E4DC9FED1E7AF4EEC77AF1EE10FADFD5C8
:10C4D000DFED1A7ADCE71A4B186802F00FFD9F288F
:10C4E00018DC184B1A68A2F570721A60164992008F
:10C4F000A1F57060F4F760F9124B1B68B3F5707F1B
:10C50000AADB4FF4707350AA0949104813F0E8F9F8
:10C510000023C4E7A0226946094B186802F074FCA6
:10C52000DFE70DF5717DBDE8F08300BF7C69022077
:10C530005899022000FEFF4600008046000000C718
:10C54000786902205499022058A80220D8D60220E7
:10C5500008B5034B1B680BB1FFF7B6FC08BD00BF65
:10C560007C6902200C4B1B68A3B110B50B4B1C68F7
:10C570000B4B1B682BB10B4B186802F0B3FC20442B
:10C5800010BD084B186802F0ADFC00EB400004EB56
:10C590004000F5E7002070477C690220886902208E
:10C5A00068690220746902202DE9F84305460C46AB
:10C5B000594B1B68ABB1594B1E68C6B9584B1F6825
:10C5C000002F60D1574B186802F08CFC564B1B684B
:10C5D0000344564A126893422EDB514B01221A60E3
:10C5E00051E08A000021F3F7D7FF00276AE04D4BA6
:10C5F000186802F077FCA042A8BF20460746002832
:10C600005EDD02464A49474B186802F033FC0023BE
:10C610000FE0474A32F9132007EE902AF8EEE77A46
:10C6200005EB83029FED437A67EE877AC2ED007ACD
:10C630000133BB42EDDB43E0A20000212846F3F7C3
:10C64000ABFF3FE03C4A32F9132007EE902AF8EEA8
:10C65000E77A9FED387A67EE877A384A02EB8302F1
:10C66000C2ED007A01339F2BECDD2F4F3968A023F8
:10C67000334A02EB81023149324812F071FC3B68C7
:10C6800003F570733B60284B1B68A34210DAB3F5C7
:10C69000F06F0DDC234B186802F024FC9F2807DDA7
:10C6A000A02225491F4B186802F0E4FB3346DAE765
:10C6B0001D4B1E683746A642A8BF2746002F04DC44
:10C6C000A74215DB3846BDE8F8834FEA8708DFF854
:10C6D0007090424649462846F4F750F9F21B124B37
:10C6E0001A60920009EB08014846F4F765F8E7E79D
:10C6F000E21B9200002105EB8700F3F74DFF084B8A
:10C7000000221A60104B1B68002BDBD00F4A136805
:10C7100001331360D6E700BF7C69022068690220FC
:10C7200084690220746902208869022080690220DD
:10C73000605902200000803860420220E03F022061
:10C740008C690220489902206469022060690220F5
:10C75000014B1868704700BF70690220014B93EDD0
:10C76000000A70476C690220002B25DB9FED136ADD
:10C7700070B5054600EB820E1446581C05EB4206C8
:10C7800000227600A31AA1EC016A002B0EDDA6EBB5
:10C790000E0C2B46DFED097AF3EC016ABCEC017A52
:10C7A0009E45E6EE877A41ED017AF5D10132AEF190
:10C7B000040E8242E6D170BD704700BF0000000049
:10C7C0002DE9F04F02F1010885B0002A0C4608FB64
:10C7D00008F300AFD0ED006A4FEA830303F10703CB
:10C7E00023F00703ADEB030D40F3938090ED016A56
:10C7F000B7EE007ADFED4E5A4FEA8808694636EE0A
:10C80000256A4FEA980CB1EE466AC6EE267AB0EE7B
:10C81000E76AB4EEC76AF1EE10FA62DD0CF1010EC0
:10C82000F0EE657A012A01EB8E03C3ED007A64D045
:10C8300008F1040308F1080500F108094044F7EE87
:10C84000005A9FED3B5A0D440226C7F804C0C7E9C1
:10C850000230C818A8F10403D7E902ACC7E90224E2
:10C8600099ED006ACB46DFED327A09F104090446FE
:10C8700001220132B4EC017A7BED014AB242E4EECE
:10C88000877AF6DB77EE867AF1EE677A87EEA66A2C
:10C89000F0EEC67AF4EEE57AF1EE10FA40DDB0EE95
:10C8A000456A06FB0EF208EB0004AB4601EB820280
:10C8B00082ED006A02462046F2EC017A3BED017AF5
:10C8C000AA42E7EE067AE0EC017AF5D1E14506F1FD
:10C8D000010620465544C3D1D7F804C0D7E9022445
:10C8E0000DE0A7EEE77A0CF1010E012A01EB8E03B1
:10C8F000C3ED007A66EE876A9AD1A8F104030CFBB7
:10C9000002FC201D1A460CF1010C01EB8C01F4F71E
:10C9100035F84FF07E5314372360BD46BDE8F08FE5
:10C92000F0EE657AE6EE467A66EEA76AB9E700BFF2
:10C9300000000000F8B5054640F2DC602DED048BE8
:10C94000EC682F68F4F7B4F80646002852D0B7F523
:10C95000FA5F02D0B7F57A5F60D1B7F57A5FC6E9C2
:10C9600000744BD0B4F5A07F64DC354BE717042C82
:10C9700083FB0423C7EB63071EDD7B1EB6EE008A34
:10C9800006F10805002407EE903A9FED2E9AF8EE86
:10C99000E78A07EE904A0134B8EEE70A20EE090A6A
:10C9A00080EE280AF5F792FDBC42F0EE487AE0EE00
:10C9B000487AE5EC017AECDB4FF4A062002106F541
:10C9C0008470F3F7E9FD002006F20C6306F5C161FF
:10C9D000C02208600021186006F5C260F3F7DCFD94
:10C9E00000234FF400701A46194602F0A3F9C6F866
:10C9F000D006C8B13046BDEC048BF8BD6868303055
:10CA00008000F4F755F8C0220021C6F8D406F3F7E9
:10CA1000C3FD002CB8BF01346410A3E70A4B782192
:10CA20000A4A0B48F3F730FC0A4B9B21074A084897
:10CA3000F3F72AFC084B8F21044A0548F3F724FC3E
:10CA400067666666DB0FC940580B020808240208B7
:10CA5000780B0208980B02088C0B020810B5B0B1D5
:10CA60000446D0F8D00602F063F92368B3F57A5F84
:10CA700004D02046BDE81040F4F722B8D4F8D4061C
:10CA8000F4F71EF82046BDE81040F4F719B8034B40
:10CA9000AA21034A0348F3F7F7FB00BFB00B0208D3
:10CAA000FC230208780B02082DE9F0410699002BBF
:10CAB0009FED457A0646D1ED007A4FF42061DFED17
:10CAC000436A1D4667EE877AB8BF013391FBF2F0E7
:10CAD00087EEA67AB0EB630F4FEA6302FDEEC77AEA
:10CAE00017EE904A6DDCDFED3A5A2F469FED396A1A
:10CAF00002239FED395A6FF060489FED384ADFED11
:10CB0000384A07EE902AF8EEE77A27EE867A67EE43
:10CB1000A57ABDEEC77AFDEEE77A17EE10EA17EEBA
:10CB200090CA8645B8BF8646A64543DA644541DAD1
:10CB300060EE246AB0EE457A06EBCE010CF1010CF2
:10CB40007246D1ED007A0831F4EEC77AF1EE10FAB0
:10CB500002DDB0EE677A964601329445F1D1B4EE2B
:10CB6000E67AF1EE10FA12DD0EEB080206EBC202D5
:10CB7000D2ED007AF4EEC77AF1EE10FA07D5D2EDD5
:10CB8000047AF4EE477AF1EE10FA48BF77460133A3
:10CB900095FBF3F28242B4DA07EE907A9FED0B7ABE
:10CBA0009FED090AF8EEE77A67EE877A87EE800A4A
:10CBB000BDE8F081E64560EE046ABBDDB0EE457A83
:10CBC000CDE72F46E8E700BF000020450000FA450A
:10CBD0009A99993FCDCC4C3F000000009A99993E1C
:10CBE0009A99193E2DE9F04FADF5805D87B002AFFF
:10CBF000BB60002800F0798180461646D0E90030FD
:10CC0000B3F5FA5F00F04181B3F57A5FEB4640F08F
:10CC10007281002A94468246B8BF02F1010C0028B6
:10CC20004FEA6C0CB8BF00F1010A002A4FEA8C0EE3
:10CC30004FEA6A0A40F34681D8F8D426831B01EBF9
:10CC4000800002F1C00901EB8303494653F8044B0D
:10CC5000834241F8044BF9D10EF10703012E23F072
:10CC60000703ADEB030D02AB19D0C4321D46002003
:10CC7000A44CC7F80C90DFEDA47A9146A349F1ECDF
:10CC8000016A39ED017AA142E6EE877AF7D10130E7
:10CC90000832E5EC017A6045EDDBD7F80C90ACF199
:10CCA0001802A9F1C00109EBC2042246C03452F8AF
:10CCB000040BA24241F8040BF9D1AAEB0C02524535
:10CCC000FA6080F2F98002F142059E4408EB850289
:10CCD000F3EC017A67EEA77A7345E2EC017AF7D1BB
:10CCE00050466646DD46810008EB850508F5C164BF
:10CCF00008F20C6208F5847CF7EE005A9FED846A16
:10CD0000D4ED006A0CEB010992ED007A2B46F0EEAF
:10CD1000667AD3ED006A76EEE77AE7EE067AB0EE51
:10CD2000677A77EEA57AE3EC017A9945EFD1C4ED05
:10CD3000006A08F5C26308F2146B08F2CC6A754CFD
:10CD400082ED007A7860BC2259461846F3F734FD2C
:10CD500055F8042B03460146CAF80020DFED6A7A35
:10CD60006D4AB2EC017AF1EC016A9442E6EE877A00
:10CD7000F7D1A94545ED017AE5D1786841F2100176
:10CD800007F110040022791823461A60083343F88B
:10CD9000042C9942F9D1614BC517042883FB002369
:10CDA000C5EB630515DD424608F1080007F11001E7
:10CDB0000023D2ED427A0133B0EC017A8C46AB42CB
:10CDC00002F1140267EE877A01F10801CCED007AD6
:10CDD000EFDB07F11001D8F8D00601F0B1FF41F206
:10CDE000140207F11403BA18D3ED007A083313EDD7
:10CDF000037A67EEA77A9A42E7EE077A43ED037A61
:10CE0000F2D110229FED400A1346D4ED207A083467
:10CE1000B4EEE70AF1EE10FA48BF134602F1010240
:10CE200048BFB0EE670A812AEFD107F5825207F1B9
:10CE30001000142112680092A022FFF735FEFB6853
:10CE4000002B0EDD194606F1420208F5847308EB4B
:10CE5000820203EB810952F8041B43F8041B4B4583
:10CE6000F9D1D8ED007ABB68F8EEE77A87EE807AE0
:10CE700083ED007A07F5825307F580571B68143756
:10CE800083ED000ABD46BDE8F08F831A9842FB602F
:10CE90007FF774AF03F1420501EB830201EB8003DE
:10CEA00008EB85048100F2EC017A67EEA77A9342E1
:10CEB000E4EC017AF7D117E701360FDB50466646FE
:10CEC000DD465BE70EF1070323F00703ADEB030D2F
:10CED000D8F8D43603F1C00902ABE0E6104B40F2BB
:10CEE0000711104A1048F3F7CFF9104BE3210D4A10
:10CEF0000D48F3F7C9F90E4BF4210A4A0A48F3F733
:10CF0000C3F900BF9425020800000000D4240208E1
:10CF10003333733FD424020814240208676666661C
:10CF2000D80B0208F8230208780B0208B00B02089D
:10CF3000C40B0208F8B5466807460C46002E2DEDD6
:10CF4000028B40F3918000F10C039FED4C7A03EBD0
:10CF50008602F3EC017A9342A7EEA77AF9D1B5EEF7
:10CF6000C07AF1EE10FA40F3828007EE906AB8EED4
:10CF7000E70A87EE000AF5F723FFDFED417AB2EE0C
:10CF8000047A20EE070AB4EEE70AF1EE10FA28D48C
:10CF9000B1EE086AD4ED007AF3EE046A9FED397AB7
:10CFA00077EE867A87EEA60A20EE070AF5F774FD7B
:10CFB000D7F81035B0EE408A83B1002E0EDD07F1B0
:10CFC0000C050124DFED308AF5EC017AF4EEC87A25
:10CFD000F1EE10FA26D40134B442F5DDBDEC028B3B
:10CFE000F8BDD7F81035D4ED007A63BBDFED276AC2
:10CFF000B1EE087ADFED265AB3EE046A20EE260A77
:10D00000DFED206ABDEC028BA7EEA50A70EE077A71
:10D0100084ED000ABDE8F84087EE860A20EE260A75
:10D02000F5F73ABD00F052FE07EE900A7E68013433
:10D03000F8EEE77AB44267EEA87AC5EDA07AC3DDD0
:10D04000BDEC028BF8BDB1EE086A9FED0E7AF3EEEF
:10D05000046A77EE867A87EEA60A20EE070AF5F7CD
:10D060001BFDB0EE408AA8E79FED047A7DE7094BEF
:10D070007021094A0948F3F707F900BFCCBC8C2B93
:10D08000000020428E5D13406D114939CDCCCC3D5E
:10D090006666663FE00B020894250208E80B02086A
:10D0A000B1F5FA5F2DE9F8430D4604462DED028BEC
:10D0B00003D0B1F57A5F40F0848007EE905ADFED3F
:10D0C000448AB8EEE78A68EE007A68EE288A17EE9E
:10D0D000900AF7F7AFFC41EC100BF5F773FB51EC3E
:10D0E000100BF7F799FFF6EE007A814668EEA77A03
:10D0F00017EE900AF7F79EFC41EC100BF5F748FC91
:10D1000051EC100BF7F788FFDFED327A804668EEBE
:10D11000277A17EE900AF7F78DFC41EC100BF5F724
:10D1200037FC51EC100BF7F777FF074618EE900A23
:10D13000F7F780FC41EC100BF5F72AFC51EC100BD3
:10D14000F7F76AFFDFED247A064668EE277A17EED6
:10D15000900AF7F76FFC41EC100BF5F719FC51EC56
:10D16000100BF7F759FF07EE906A9FED1C6A40F22B
:10D17000FF13B8EEE77A07EE907A28EE068A40F2BF
:10D180001712F8EEE75ADFED167AB5F5FA5F08BF29
:10D190001346E060C7EE876A204627612560666116
:10D1A000236287EEA57ABDEEC88AC4E9019884EDB2
:10D1B000098ABDEC028BC4ED066A84ED077ABDE8EE
:10D1C000F883084B3F21084A0848F3F75DF800BF91
:10D1D0000AD7A33C0AD7233B0AD7233D0AD7A33B50
:10D1E000DB0FC940580B0208BC250208000C0208DE
:10D1F0002DE9F04FD0F80C801746D0F820B0B8F1E8
:10D20000000F5D46B4BF08F101064646BBF1000FB2
:10D210002DED048BADF5005DB8BF0BF1010587B0B6
:10D220006D100493731003910193019B5C1B6B427F
:10D23000002C029304DDA20000213846F3F7ACF97C
:10D24000DDE90123D01AC3F10009A04240F39F8019
:10D250000BF1FF3307EB8405F6EE008AA0EB040A1E
:10D2600009EE103A05949FED518A2C46B8EEC99A02
:10D27000DFED4F9A0026054607EE906A0136B8EEBC
:10D28000E70A20EE290A80EE090AF5F71FF9B245F0
:10D29000F0EE687AE0EE687AA7EEA78AE4EC017A0D
:10D2A000EAD1DFED447AA8452846059C28EE278A76
:10D2B0000ADDA8EB0002002192008045D8BF0422BD
:10D2C00007EB8000F3F768F9B5EE408AF1EE10FA4B
:10D2D00065D4F1EEC87AB8F1000FF7EE006A86EE79
:10D2E000A77A0ADD07EB88083A46D2ED007A67EEA6
:10D2F000877AE2EC017A9045F7D141F2180806A846
:10D300000022E84401460A60083141F8042C8845AF
:10D31000F9D1BBF1010F1CDD019B07EB8306002354
:10D32000013356F8042B4B4540F8082BF8DB029BE1
:10D330009A0003F50073C2EB840207EB84041744E0
:10D3400006AA02EBC30354F8042BA74243F8082BA8
:10D35000F9D1424606A9039842F2180505F086F86D
:10D3600041F618034146049A6B446D4453F8084B48
:10D3700051F8080B9D4242F8044BC2F8FC03F5D16A
:10D380000DF5005D07B0BDEC048BBDE8F08F804566
:10D3900002DD9FED068A8CE7DFED047A9BE7B0EEB5
:10D3A000480AF5F7EDF9F0EE407A94E70000000046
:10D3B000DB0FC940000000442DE9F0410D46044652
:10D3C00011464FF0000E28461A46069D0E46E768A5
:10D3D00001F58053D4F820808C46CCF800E00CF1A5
:10D3E000080C4CF804EC6345F7D1B8F1000F444643
:10D3F000B8BF08F10104B8F1010F4FEA640432DD4F
:10D40000002F4FF0000CB8BF01377F1002EB870EE2
:10D4100005EB8703FEEC017A0CF1010CB3EC017A09
:10D42000B046A44506F1080667EE877AC8ED007A93
:10D43000F0DB3F1B4FF0000C05EB870EC4F50075C9
:10D4400002EB870301EBC505F3EC017A0CF1010C4B
:10D45000BEEC017A2A46A44505F1080567EE877AF5
:10D46000C2ED007AF0DBBDE8F04101F069BC00BF1D
:10D47000D1ED003AB1EE044A9FED7F2A9FED7F7A0D
:10D48000C2EE234AC7EE237A10B50C4674EE842A06
:10D4900034EEC44AF4EEC42AFDEEE77AF1EE10FA57
:10D4A00017EE901A4ADBB6EE005A9FED753AB7EECA
:10D4B000001ADFED741A01F1010EC2EE044A0029D0
:10D4C00064EEA15A40F3CD80B0EE657A4FF0010CC6
:10D4D0009FED6B6A77EE057A0CF1010C37EE257A39
:10D4E000F445FDEEE77A17EE903A02EBC303D3ED75
:10D4F000017AD3ED006A67EEA77AE6EEA67A36EEF9
:10D50000276AE7D1B4EEC36AF1EE10FA03DDB0EE9C
:10D51000463AF0EE643A34EE014AF4EEC42AF1EEF3
:10D5200010FACADADFED556A9FED537AC6EEA37A98
:10D53000C7EE234AFDEEE77A17EE901AF7EE007A6F
:10D5400074EEA72A74EEE74AF4EEE42AF1EE10FA3C
:10D550003FDBB6EE005A9FED4A3AB5EE001ADFED1A
:10D56000461A9FED482A01F1010E81EEA44A0029D6
:10D5700064EE025A72DDB0EE657A4FF0010C9FED59
:10D58000406A77EE057A0CF1010C37EE257AF44506
:10D59000FDEEE77A17EE903A02EBC303D3ED017A82
:10D5A000D3ED006A67EEA77AE6EEA67A36EE276A32
:10D5B000E7D1B4EEC36AF1EE10FA03DDB0EE463AFD
:10D5C000F0EE443A74EE814AF4EEE42AF1EE10FAF9
:10D5D000CBDAD0ED057ADFED286AF8EEE77ADFEDF9
:10D5E000275A9FED296A86EEA77AB4EE637AF1EEA8
:10D5F00010FA77FE233AC4ED003AD0ED047AF8EE43
:10D60000E77A86EEA77AB4EE637AF1EE10FA48BFB5
:10D61000F0EE473AC5EEA37AFBFE677AFDEEE77AB5
:10D62000B8EEE77A27EE237AB4EEC67AF1EE10FA76
:10D6300008DB17EE903A013B07EE903AB8EEE77A36
:10D6400027EE237ADFED0D6AC4ED003AB4EEE67AF8
:10D65000C4ED017AF1EE10FA06D510BD9FED086A0F
:10D66000A7E79FED076A4DE7084B40F24511084ACE
:10D670000848F2F709FE00BFDB0FC940DB0F494045
:10D680000000000083F9A24243023F40140C02084C
:10D69000A0250208000C02082DE9F0414768002F80
:10D6A0002DED068B4DDD05460E46984601370124CB
:10D6B0009FED35AA0C35D0ED009ADFED348A9FED51
:10D6C000348A07EE904AB6EE007AB8EEE79AF0EEAA
:10D6D000477A39EE476A79EE076A26EE296A66EEDE
:10D6E000A96AE6EE0A7AA6EE8A7AFDEEE77A17EEE6
:10D6F000902AFDEEC77A17EE90CA62453CDA06EB37
:10D70000C2029FED220A06EBCC0CD2ED017A083260
:10D7100012ED027A67EEA77A9445E7EE077A30EECB
:10D72000270AF2D1B5EE400AF1EE10FA27D4F1EE55
:10D73000C07AE5EC017AB8F1000F06D10134BC42A1
:10D74000BFD1BDEC068BBDE8F08129EE299AB6EE7B
:10D75000007AC9EE087A77EE877AFDEEE77A17EE5F
:10D76000902A06EBC202D2ED000A92ED010AF5F70B
:10D77000A1F885EDA00AE1E7F0EE687AD9E7F4F7C1
:10D78000FFFFF0EE407AD4E783F9A24200000000E8
:10D79000DB0F493C2DE9F04104681F46D1ED017AC9
:10D7A0000D46002C9FED977A1646B4BF631C2346A6
:10D7B0005B102DED048BB8EEE79A07EE903A91EDF1
:10D7C000008AF8EEE78A29EE077AC7EE287AFDEE9E
:10D7D000E77A17EE908AB8F1000F40F30C810C3114
:10D7E000DFED892A01EB8803F1EC017A8B42E7EE49
:10D7F000A72AF9D1B6EE003A08F10108DFED826AF6
:10D800000121DFED823A9FED824A9FED822A07EEE9
:10D81000901AF8EEE77A37EEC36A77EE835A67EE2E
:10D82000887A26EE086A65EE885A67EEA37A26EEB5
:10D83000236A65EEA35A87EE847AC6EE047A85EEF3
:10D84000846A32EE477A37EE037AFAFE677AFDEEA3
:10D85000E77ABDEEC77A17EE900ABAFE466AFDEE89
:10D86000C67A17EE903A984239DA17EE10EA9FED31
:10D870006A7A06EBC303864406EBC000F0EE475A13
:10D8800007EB8E0EB0EE476A84467246DCED004A26
:10D890000CF1080CF2EC017A1CED015A6345E4EE40
:10D8A000A75AA7EEA76AA7EE857AEFD185EE865A2A
:10D8B000C7EE065AB1EE455AF1EE655A90ED007A80
:10D8C0000830BEEC016A50ED017A8342A6EE057A7B
:10D8D000E6EE257AE7EE076AE7EEA76AEED10131B8
:10D8E000414594D182EEA60AF5F76AFADFED4B6A5C
:10D8F0009FED4B7A69EE266AF2EE047A29EE077AFA
:10D90000B1EE086A20EE279AC6EEA87AC7EE286A1A
:10D91000B4EEC69AF1EE10FAFDEEE77ACCBF012321
:10D920000023C5F8103517EE903AFDEEE67A002B8D
:10D9300017EE900A62DD05F10C029FED330A02EB4F
:10D940008301F2EC017A9142A7EEA70AF9D1834252
:10D950004EDC023305F10C029FED2B7A05EB8303BD
:10D9600002EB8002F3EC017A9A42A7EEA77AF9D192
:10D9700080EE070AF5F724FAB1EE087AF2EE047A9F
:10D98000B4EEC79A20EE270AF1EE10FA1ADDFAEE8D
:10D99000047AB4EEE70AF1EE10FA21D50023C5F8B7
:10D9A000103507EE904ADFED1F6AB8EEE77AC6EE53
:10D9B000877AF4EEC87AF1EE10FA0BDB0023C5F893
:10D9C000103507E0B4EEE70AF1EE10FA02DD0123AC
:10D9D000C5F81035B0EE490ABDEC048BBDE8F08106
:10D9E000F9EE007AB4EEE70AF1EE10FAD9D4F1E7D5
:10D9F0009FED057ABCE7B7EE000A75E79FED020AD6
:10DA0000A5E700BF00007A4417B7D13800000044F2
:10DA1000DB0FC94000008043000000000000FA4412
:10DA200000007A45DD7EBC432DE9F041D0F804804A
:10DA30000E46476AB8F1000FB4BF08F10103434630
:10DA4000C7EB63045D10002C04DDA200002130460A
:10DA5000F2F7A2FD07EB050CA44514DD7A00B7EE42
:10DA6000006A06EB8403DFED267A06EE902A06EBC9
:10DA70008C02F8EEE66A86EE267AE3EC017A9A42A8
:10DA800077EE877AF9D14FEA480218EB480848BF89
:10DA900008F10108C7EB68044FEA6808644509DD2E
:10DAA00006EB8C034FF07E5006EB840143F8040B29
:10DAB0008B42FBD1B844A04514DD7F00B7EE006A6D
:10DAC00006EB840307EE907A06EB8801B8EEE77A5E
:10DAD000F0EE467AC6EE076AE3EC017A994277EEF9
:10DAE000E67AF9D1904509DAA2EB080206EB880044
:10DAF00000219200BDE8F041F2F74EBDBDE8F08193
:10DB0000000000002DE9F04F2DED068BADF5805D96
:10DB1000154641F24C02064683B08846441E6A44CC
:10DB200012689AB101280CDDA5F1040C05EB800206
:10DB300029460CEBC00C52F8040B624541F8040B6B
:10DB4000F9D105EB8602002142F8041C41F20802DB
:10DB50004FF0000E0DF5006C6A44CCF800E00CF1BB
:10DB6000080C4CF804EC6245F7D15A68002A40DDF5
:10DB70001F46F6EE00AA02F1010B9FED52AA0C37E8
:10DB8000D3ED009A9FED509A4FF0010907EE909A5D
:10DB9000B7EC018A09F10109B8EEE77AD7EDA08A5E
:10DBA000B0EE680A27EE297A27EE0A7AC7EE097ADC
:10DBB00077EEAA7AFDEEE77A17EE90AABAF1FF0F98
:10DBC000A8BF4FF0FF0AF4F781FCF0EE407A0DF5A4
:10DBD0000063B0EE680A03EBCA0A68EE277ACAED62
:10DBE000007AF5F7A9F828EE008ACB458AED018A7C
:10DBF000CCD10DF5006140466A4604F081FD002C51
:10DC000018DD40F2012241F24801281F2B46921BE9
:10DC1000694400EB86000DEB82020968D3ED007ABF
:10DC2000B1EC017AF2EC016AE6EE877AE3EC017A74
:10DC30009842F3D141F24C0273006A4412680AB36D
:10DC4000A34218DD41F2480205EB84056B466A44A5
:10DC5000126802EB840441F248026A44126802EB43
:10DC6000C606B4EC017AF3EC017AA64267EE877A35
:10DC7000E5EC017AF5D10DF5805D03B0BDEC068BC6
:10DC8000BDE8F08FA342F6DD41F248026B466A44DC
:10DC9000126802EB840705EB840405EBC605D4ED9E
:10DCA000007AB7EC017AF3EC016AE6EE877AE4ECED
:10DCB000017AA542F3D10DF5805D03B0BDEC068B72
:10DCC000BDE8F08F00000044DB0FC940054B43F274
:10DCD000390005491A6801FB02001860C0F30E40C4
:10DCE000704700BF040300206D4EC64108B5034ACB
:10DCF0004FF4C671024B0348F2F7C6FA60260208D9
:10DD0000300C0208600C020804282DE9F043054697
:10DD10002DED028B8BB002D0082840F03D8140F6FB
:10DD20000470FEF70DF90446002800F03581064620
:10DD30009FEDD20A4FF4FA51684646F8045B6D46EF
:10DD4000FFF7AEF937460FCD0FC70FCDD4F81090BF
:10DD50000FC795E8030087E80300D4E901374FEACD
:10DD6000C708E3624046C4E90C79FEF7E9F8C4F855
:10DD70004408002800F010814046FEF7E1F8C4F89E
:10DD80006408002800F004814FEA89052846FEF760
:10DD9000D7F82064002800F056812846FEF7D0F816
:10DDA000C4F84C08002800F05781B9F1000F06DDD7
:10DDB00005444FF07E5340F8043B8542FBD104F606
:10DDC00054030022002F1A6004F505631A6005DD74
:10DDD00042460021D4F86408F2F7DEFB00234FF43A
:10DDE0000070002500271A46194600F0A3FF002303
:10DDF000A0634FF400701A46194600F09DFF04F12D
:10DE00004403226CA16BE0633046FFF7F1F9304622
:10DE1000D4F84418FFF708FE002301214FF40070E6
:10DE20001A4600F089FF04F50763954A0021C4F8FB
:10DE3000600804F508601A6004F6680304F66C02D2
:10DE400015604FF420721D60F2F7A6FBD4ED067A40
:10DE50009FED8C6A04F67403F8EEE77ADFED8A6AC8
:10DE60008A4930464FF07E5204F55B6686EE277A8B
:10DE7000C6EE877A83ED007AC4F8847DFDEEE77AFA
:10DE800017EE903AC4F8783804F688531D6004F60B
:10DE90008C53196004F559637D49196004F6945355
:10DEA0007C49196004F698537B49196004F69C5329
:10DEB0007A49196004F55A637949196004F6A45344
:10DEC0007849196004F6A8537749196004F6AC53F1
:10DED000764919603260FEF72DFDC4F85808002815
:10DEE0005AD0012304F6BC52C6E90133216B704EAF
:10DEF0000901166004F55C6201F5CA704FF07C51AF
:10DF0000116004F6C852156004F6C452156004F599
:10DF10005D62156004F6CC52156004F68C62C4F89C
:10DF2000D47D1560C4F8907EC4F8947E84F8983E41
:10DF3000FEF706F8C4F84808002800F09980236B23
:10DF400013F1190F05DB1B01394603F5CA72F2F70D
:10DF500023FB2168002501260829C4F8D85DC4F8F0
:10DF60005C6820D00429C4F8F05EC4F8F45EC4F8FC
:10DF7000FC5EC4F8005F10D14E4A20464E4BC4F8F8
:10DF8000F82EC4F8003F0BB0BDEC028BBDE8F08367
:10DF9000D4F84408FDF7DCFF002420460BB0BDECAC
:10DFA000028BBDE8F0839FED450A05F02FF9B0EE36
:10DFB000408A9FED430A05F029F91421F0EE400A4A
:10DFC00004F6DC50B0EE480A05F038F95022294634
:10DFD00004F62C60F2F7E0FA5022294604F69C6021
:10DFE000F2F7DAFA002204F67C63294684F8EC5E44
:10DFF00080201A602B462A46C4F8805E00F09AFE04
:10E000002A46C4F8840E2B463146802000F092FE4A
:10E010002268C4F8880E042AC4F8F05EC4F8F45EDE
:10E02000C4F8FC5EC4F8005FA6D0082AB5D1254A22
:10E030002046254BC4F8F82EC4F8FC3E0BB0BDECCE
:10E04000028BBDE8F083D4F84408FDF781FFD4F8D3
:10E050006408FDF77DFF9FE7D4F84408FDF778FFDB
:10E06000D4F86408FDF774FF206CFDF771FF93E7A7
:10E07000164BCA21164A1748F2F706F90AD7233C6D
:10E0800000004842DB0FC940DB0F4940143A923E82
:10E09000143A123F1D575B3F143A923F99C8B63F5E
:10E0A0001D57DB3FA3E5FF3F143A12405681244041
:10E0B000CDCC4C3E3DE9000829E300080000484370
:10E0C00000406745C5EA00089DE60008740C020898
:10E0D00094260208600C020810B590B30446D0F8EC
:10E0E0004808FDF735FFD4F85808FEF7B7FCA06BD9
:10E0F00000F01EFEE06B00F021FED4F8600800F096
:10E100001DFE2368082B13D0D4F84408FDF720FF28
:10E11000D4F84C08FDF71CFF206CFDF719FFD4F86C
:10E120006408FDF715FF2046BDE81040FDF710BF5D
:10E13000D4F8840E00F0FCFDD4F8880E00F0F8FD51
:10E14000E2E7034B4FF48E71024A0348F2F79CF862
:10E15000880C020884260208600C02080368042B5D
:10E1600004D0082B0CBF1C200020704734207047BF
:10E170000068082806D0A0F10400B0FA80F0400939
:10E1800000B970474FF4A070704700BF10B528B1B8
:10E19000D0F8F83E4BB1BDE810401847064B40F2AE
:10E1A0007311064A0648F2F76FF8064B4FF4BA713E
:10E1B000024A0348F2F768F8880C0208742602083D
:10E1C000600C0208940C020810B570B1D0F8FC4E37
:10E1D0001CB12346BDE810401847D0F8003F5BB1A2
:10E1E0009FED060ABDE810401847054B40F28B1121
:10E1F000044A0548F2F748F8FFF778FD00000000F0
:10E20000880C020860260208600C020870B50C46F3
:10E2100001680546164608292DED028BB0EE408AAE
:10E22000ADF5A26D05D01A46304602A90AF01CFDD4
:10E2300002AB05F668023146286B0AF041FD05F68F
:10E240006C013046FEF776FED5F8442801213346AE
:10E25000CDE90021D5F86428D5F86018286BFFF7C0
:10E2600051FC2A6B002A4FDDD5F8640800EB8202CE
:10E270000346D3ED007A67EE887AE3EC017A9A429E
:10E28000F7D10346DFED237AB3EC017AB4EE677A77
:10E29000F1EE10FA77FE277A9A42F5D19FED1E6AC9
:10E2A000F7EE006A87EE867AB4EEE67AF1EE10FABF
:10E2B0000CDD67EE077A034686EEA77AD3ED007A87
:10E2C00067EE277AE3EC017A9A42F7D1A11E9FED1F
:10E2D000137ADFED136A134CF0EC017A47F6FF7303
:10E2E000F4EEC77AF1EE10FA0ADCF4EEE67A234691
:10E2F000F1EE10FA04D4FDEEE77A17EE903A1BB275
:10E30000824221F8023FE7D10DF5A26DBDEC028BF0
:10E3100070BD00BF000000000060EA4600FEFF463E
:10E3200000FEFFC60180FFFF2DE9F04F2DED028BAF
:10E33000ADF5185D9046002289B010AB07911A60C8
:10E34000002800F0948141F2D01342F22C6641F291
:10E35000D015B0EE408A6B4404466E446D440C33D5
:10E3600018464FF420720021F2F716F900F2145308
:10E37000B342F5D1D4F85C38012210A940460BF025
:10E3800037FB0DF5B7530DF5B1560122186010A9F2
:10E39000D4F85C3840460BF02BFBD4F85C38C6F858
:10E3A000D405012210A940460BF022FBD4F85C38BA
:10E3B000C6F8E80A012210A940460BF019FB42F208
:10E3C0001C63072210A96B4418604046D4F85C38DF
:10E3D0000BF00EFB07220146201D0BF05DF89FEDB0
:10E3E000A77A42F20C130522C7EE007A10A96B44FB
:10E3F000404683ED000AD4F85C38FDEEE77A17EE6C
:10E40000907AC6F8F07A0BF0F3FA052116AF0BF00C
:10E41000ABFA002612AB83ED030A304601360AF050
:10E42000DDFDD4F85C38024610A940460BF0E0FA56
:10E430000A2E47F8040BF0D13EAF324616A93846F3
:10E440000BF0D2F9314638460AF024FEDFED8C0A93
:10E450009FED8C0A314638460BF0FCF9DFED8A7AE5
:10E46000B4EEE78AF1EE10FA00F3DF8004F67402EE
:10E470000DF1800B12AE04F6885341F2D0180992C8
:10E4800004F55B62B5EE008A0BF1780A5F46E8445A
:10E49000B1460A930B920896CDE90CB51D469346FA
:10E4A000B0EE480A0A23384652462946283704F077
:10E4B000F3F942F20C12B0EE480A4046D4ED070AD6
:10E4C0006A44099908F2145804F08CF9B0EE481A1D
:10E4D000D6ED030A9BED000A04F0BAF9F5EE007AD6
:10E4E0005745A9EC010A38EE278AD9D104F6BC5366
:10E4F0000DF590784FF0000904F55C6A74AF089E42
:10E500000893DDE90CB50A224146584604F0B4FBF5
:10E51000089B9AED001A0A22D3ED000A0FAB96ED84
:10E52000000A4146009300230597CDE90133D4F852
:10E53000B83D0493D4F8B43D03932B46E06B0AF046
:10E540008DFE28460BF0D6F9236B079AB7EE000A2A
:10E5500003FB09F3204602EB43013B462A46FFF743
:10E5600055FED4F8F03E53B304220A215846F1F781
:10E5700091FF0422D4F8F03E01213046F1F78AFFE2
:10E580000422D4F8F03E01212846F1F783FFD5F8A4
:10E5900010350422012107EE903A11AB11A8F8EED4
:10E5A000E77AC3ED007AD4F8F03EF1F773FF042266
:10E5B000D4F8F03E0A2108EB0200F1F76BFF09F1F5
:10E5C00001090BF1280B08F12C080436B9F1040FEE
:10E5D00005F2145597D10DF5B15340F21452099834
:10E5E0003EAE03F6EC21F2F7C9F920AA12AB0A9C61
:10E5F00002F198070B9ADB68136035461034103629
:10E600000FCDBD4244F8100C44F80C1C44F8082C03
:10E6100044F8043CF1D103CE206061600DF5185D33
:10E6200009B0BDEC028BBDE8F08F42F21C62002302
:10E63000304605216A44136042F208126A441360AE
:10E6400041F6F4326A4413600DF5B75213600BF0D3
:10E650008BF9DFED0E0AF0EE407A31463846B0EE27
:10E66000600A12ABC3ED037A0BF0F4F8FEE6084B38
:10E6700040F27F41074A0848F1F706FEDB0F4940A8
:10E680000000C842000048429A99193E00004843E1
:10E69000880C020838260208600C02082DE9F04FA9
:10E6A0002DED048BADF5AB5D002685B00AAFBE60E5
:10E6B000002800F0BA80144607F10C0805463346DE
:10E6C000092220468B4607F108010BF091F93346E9
:10E6D000C8F80000092207F1080120460BF088F96C
:10E6E0003346C8F80400042207F1080120460BF065
:10E6F0007FF907F10801C8F80800334620460622D2
:10E700000BF076F9ADF5A15D95F8983E07F164043C
:10E710000DF12809D0B0C8F80C0007F1F8010993F1
:10E720000DF1280AD5F8943E4A46CDF81C8007F131
:10E73000F8080893281DD5F8883E9FED3F8A069378
:10E74000D5F8843E9FED3D9A05931423DFED3C8A76
:10E75000049305F6DC53039305F56863029305F60D
:10E760007C63019305F62C630093534605F0E2F9B0
:10E77000D5F8F03E7B60E3B9296B4B464246B7EED5
:10E78000080A06FB01F10136284608F214580BEB83
:10E79000410109F5A169FFF739FD042E0AF1500A7C
:10E7A000E6D107F5AA570C37BD46BDEC048BBDE892
:10E7B000F08FDC22002107F11C00F1F7EDFEF3EEF3
:10E7C0000E6A07F11C0251467B68F1EC017A77EE84
:10E7D000E67A87EE887AA2EC017A9442F5D1D8EDF8
:10E7E000006AB3EE057AD8F8102507F11C00C9EECF
:10E7F000267A77EE877A07EE102A07F11C02B8EE28
:10E80000C77AFDEEE77A82ED257A17EE901A643921
:10E8100007EE901A3721F8EEE77A67EEA87AC2ED94
:10E82000247A0422F1F736FEA6E7064B40F2E151C6
:10E83000054A0648F1F728FD00002042DB0FC940D9
:10E840000AD7A33C880C020810260208600C0208B4
:10E850002DE9F041D0E90C670D46ADF5805DB91B9F
:10E86000044686B0D0F84C3800290ADD03EB870750
:10E87000184603EB860C5CF804EB674540F804EBA4
:10E88000F9D1002E0EDD023A03EB810C02EB4601BA
:10E8900032F9020F07EE900A9142F8EEE77AECECBB
:10E8A000017AF5D106AF226C04F1040800923A46D1
:10E8B000A16B4046FEF780FD324604F5076304F184
:10E8C00044060097029305AB0196D4F84C18D4F88F
:10E8D0005808FEF787F957ED017A9FED166A3A4618
:10E8E000DFED156A294686EE277A4046C6EE877A1E
:10E8F00085ED007AFDEEE77AC5ED017AFEF7B8FD09
:10E90000D4F8F03E83B10123324639462846FEF75B
:10E91000C3FE33463A4629464046FEF73BFF0DF517
:10E92000805D06B0BDE8F081324639462846FEF7E4
:10E93000B3FEEEE7DB0FC940DB0F49402DE9F041A4
:10E940000023ADF5B46D0393002800F0AC801446AD
:10E95000026888460546042A00F09A80A2F108025F
:10E96000B2FA82F25209920000214046F1F714FEF9
:10E970002246284623A9FFF76BFFD5F85C38DDF85F
:10E980009C2503A94046009301230EAE0BF00EF820
:10E990002A6B23A9284604EB4202FFF759FFD5F85A
:10E9A0005C38DDF89C2503A94046009301230AF05A
:10E9B000FDFF2A6B23A9284604EB8202FFF748FFDC
:10E9C000D5F85C38DDF89C2503A940460093012367
:10E9D0000AF0ECFF2A6B23A9284602EB420204EB63
:10E9E00042020A24FFF734FFD5F85C38DDF89C2595
:10E9F00003A94046009301230AF0D8FF9DED230AA6
:10EA00000721281D0AF026FDD5F85C38024603A927
:10EA10004046009307230AF0C9FF01946B6B18A9C5
:10EA200004A800932B6CD5F84C280AF0B7FD0520FC
:10EA30000AF076FFD5F85C38024603A940460093F9
:10EA400005230AF0B3FF2246002404A90EA80AF009
:10EA500057FE56F8047B20460AF0C0FA01343A46C5
:10EA6000D5F85C78034603A9404600970AF09EFF5C
:10EA70000A2CEED12B68042B0CD0082B0CBF1C23C6
:10EA80000023039A9A4207D10DF5B46DBDE8F081D9
:10EA9000072269E73423F4E7064B40F26441064A53
:10EAA0000648F1F7F1FB064B4FF48861024A034830
:10EAB000F1F7EAFBA80C02084C260208600C0208D9
:10EAC000880C02082DE9F04FADF6643D002308AF35
:10EAD0003B61002800F0D1809146026888460446D8
:10EAE000042A00F0BF80A2F10802B2FA82F25209B1
:10EAF0009200002507F58C7600214046F1F74CFD89
:10EB0000226B3146204605FB02F2013509EB420239
:10EB1000FFF79EFE042DF3D194F8EC3E201D4FF03C
:10EB2000140A07F1C80BF86007F11409079304F6FB
:10EB3000DC53324607F11801BB60009304F69C6376
:10EB4000CDF810B0069304F68C63CDF808900593C9
:10EB500007F17803CDF804A0039307F1280304F02C
:10EB6000E3FDD4F8903E5344C4F8903ED4F8F03E10
:10EB7000002B3CD02A4601214846C7F804D0F1F7C3
:10EB800089FCD4F8F03E2A46514607F17800F1F7A7
:10EB900081FCD4F8F03E2A4651465846F1F77AFCFB
:10EBA00040F21452314607F22C60F1F7E7FE94B0C0
:10EBB00097ED057A5B4608AA1146F3EC017A77EEE9
:10EBC000877A9E42E1EC017AF7D11425BB68F86898
:10EBD00007F22C61009504F011FD0422D4F8F03EF8
:10EBE000A02107F23460F1F755FCD7F804D0D4F82F
:10EBF000F43E2BB13046012240F21451F1F74AFCA9
:10EC0000BB69002507F1100140461A46FB60092345
:10EC100000950AF0CBFEFA69092307F1100140467E
:10EC200000950AF0C3FE3A6A042307F1100140463A
:10EC300000950AF0BBFE7A6A0623404607F11001F0
:10EC400000950AF0B3FE2368042B0DD0082B0CBFEF
:10EC50001C222A463B69934208D107F64437BD4639
:10EC6000BDE8F08F072244E73422F3E7064B40F279
:10EC7000CD51064A0648F1F707FB064B40F2A55175
:10EC8000024A0348F1F700FBA80C020824260208F8
:10EC9000600C0208880C020808B550B10368023BFA
:10ECA000022B02D94FF0FF3008BD054A52F823006D
:10ECB00008BD044B40F2F461034A0448F1F7E4FA5A
:10ECC000CC250208880C0208F4250208600C020812
:10ECD00008B500B303684A78032B15D0042B04D081
:10ECE000022B0AD04FF0FF3008BDCB781A4314BF77
:10ECF000012300238B70002008BD0B7C1A4314BF36
:10ED000001230023CB73F6E7CB7A1A4314BF012308
:10ED100000238B72EFE7034B40F20D71024A034868
:10ED2000F1F7B2FA880C0208D8250208600C020834
:10ED3000F1F7C6BE03F0ACBA03F0C2BBF1F7C0BE38
:10ED4000026830B5B2F5007FADF5805D0D4681B04B
:10ED50000DDC0446D2006846F1F710FE2A466946EB
:10ED6000204603F083FB0DF5805D01B030BD0A46FF
:10ED70000DF5805D01B0BDE8304003F077BB00BF0A
:10ED800008B5034A3921034B0348F1F77DFA00BF68
:10ED9000E0260208D40C0208E40C020838B5054647
:10EDA0004000F1F785FE48B104461020F1F780FEDF
:10EDB00050B1C0E90044C0E9024538BD034B3021E1
:10EDC000034A0448F1F760FAFFF7DAFF7C0C020807
:10EDD000F8260208E40C020810B540B104460068A9
:10EDE000F1F76EFE2046BDE81040F1F769BE034B17
:10EDF0004421034A0348F1F747FA00BFD40C020844
:10EE0000CC260208E40C0208436870B531B305460D
:10EE1000D0E90264981BB3424FEA600038BF001982
:10EE2000201A824217DA002A0CDD286801EB420220
:10EE300000EB440E31F902CB23F802CB9E4504D0FF
:10EE40008A42F7D100206B6070BD8A420346F1D13F
:10EE500000206B60F8E74FF0FF3070BD024B4F2190
:10EE6000024A0348F1F710FA000D0208B82602081A
:10EE7000E40C020838B5836841B345680446AB42E8
:10EE8000A5EB03004FEA60001AD882421BDC002A7F
:10EE90000DDD206801EB4202E56800EB450E33F919
:10EEA00002CB9E4521F802CB04D08A42F7D1002044
:10EEB000A36038BD8A420346F1D10020A360F8E781
:10EEC000E5682844E1E74FF0FF3038BD024B682188
:10EED000024A0348F1F7D8F9000D0208A4260208F7
:10EEE000E40C0208D0E9011203469142A1EB0200B2
:10EEF0004FEA600001D2DB6818447047D0E9011284
:10EF0000C0688B1A91424FEA630338BF1B18C01ABE
:10EF1000013870472DE9F04F4FF4707302EB82080F
:10EF2000DFED546A96004FEAC20CC0ED006AC0EDF6
:10EF3000016AB3FBF8F408FB04F41C1B68D14E4DC6
:10EF400002EB4207B0EE666A01EB0C03AE46AC443E
:10EF5000FF004FEAC80A4FEA880915010EEB060BBD
:10EF600093ED012A93ED007A3B44DBED007A01EB4F
:10EF7000050BDEED004A444427EE877A91ED013A15
:10EF800067EE827AD1ED002A9CED005AB444A4EEDB
:10EF9000A27AD3ED003AE4EE837ADBED014A9BEDF1
:10EFA000003A01EB070BDCED005AB4F5707F93EDEE
:10EFB000014AAC442B445144A5EE037AE5EE247A91
:10EFC000DBED004A9BED015A0EEB050BCE44A5EE9E
:10EFD000A47AE5EE857ADBED005AA5EEA37AE5EE9C
:10EFE000847A36EE076A76EEA76A80ED006AC0ED95
:10EFF000016AB3DB07EE902AF8EE677A27EE866A9D
:10F0000067EEA67A80ED006AC0ED017ABDE8F08F68
:10F01000012A15D1B0EE666A174CF4EC017A013B77
:10F02000D1ED005A01F1080111ED017AA5EEA76AB0
:10F03000E7EE276A80ED006AC0ED016AEDD1D9E7FD
:10F04000B0EE666A00240C4BD3ED007A1444D1ED87
:10F05000005A334491ED017AB4F5707FA7EEA56AAA
:10F060006144E7EE876A80ED006AC0ED016AEBDB80
:10F07000C0E700BF00000000642A020810B570B1AC
:10F0800000F580530446D3F8600AFFF751FE20696B
:10F09000FCF75EFF2046BDE81040FCF759BF034B6C
:10F0A000C621034A0348F1F7EFF800BF100D02082C
:10F0B00048270208200D020800684000704700BF82
:10F0C0000268002A1BDD0439C36830B401EBC20CAE
:10F0D0000B4C002554F8233041F8043FD0E90223BB
:10F0E0000133934204DA8C45C360F3D130BC7047DE
:10F0F0008C454FF00003C560ECD130BC70477047C1
:10F10000682702082DE9F843D0F80090074680ED03
:10F11000010AB9F1000FB4BF09F101064E46B9F179
:10F12000010F4FEA66062DED048BF0EE408A27DDD5
:10F13000754200F25C54DFED2D9A00F204689FEDF9
:10F140002C9A07EE905A01350834F8EEE77A67EE0C
:10F15000A87A67EEA97A87EE898AB0EE480AF3F7B3
:10F16000B5F9F0EE407AB0EE480A44ED027AF3F7D2
:10F17000E3FD731904ED010A9E42A8EC018AE0DC6C
:10F18000B1452EDD07EBC60406F2811309F1010932
:10F19000DFED169A04F25C5407EB8307A9EB060631
:10F1A00001259FED139A07EE905A01350834F8EEC9
:10F1B000E77A67EEA87A67EEA97A87EE898AB0EED9
:10F1C000480AF3F783F9F0EE407AB0EE480A44EDCE
:10F1D000027AF3F7B1FDAE4204ED010AA7EC018A11
:10F1E000E1D1BDEC048BBDE8F88300BFDB0FC94063
:10F1F0000000FA452DE9F0470C1E0546089E40F335
:10F2000083800999002940D1E7009FED776ADFEDFF
:10F21000776A9146804602F1040E00F1040C03EB7C
:10F22000C40425E0A0F1010ABAFA8AFA4FEA5A1A90
:10F23000002940F08680BAF1000F00F0828099ED3D
:10F24000017A5EED017AF0EE475AD7EEA65AE7EE64
:10F25000267A4CED015AC8ED017A083309F1080904
:10F2600008F108080EF1080EA3420CF1080C4CD06E
:10F27000D3E9001050EA010AD4D1AEF10401ACF197
:10F28000040A03C98AE80300E7E7E700DFED565AFE
:10F29000DFED566A9146804602F1040E00F1040C3F
:10F2A00003EBC40411E0AEF10401ACF1040A03C99C
:10F2B0008AE80300083309F1080908F108080EF18B
:10F2C000080EA3420CF1080C1FD0D3E9001051EA3C
:10F2D000000AE8D0A0F1010ABAFA8AFA4FEA5A1AEB
:10F2E000002944D1BAF1000F41D099ED017A5EEDC9
:10F2F000017AB0EE476A97EEA66AE7EE267A0CED41
:10F30000016AC8ED017AD5E7E70033683A443D4425
:10F310007BB192ED017A0023D2ED007AB1EE477A0B
:10F32000F1EE677A85ED017AC5ED007A3360BDE8CC
:10F33000F08792E80300012385E803003360BDE80D
:10F34000F087012914BF0021012118BB002984D0B6
:10F3500099ED017A5EED017AF0EE475AE7EE865AB2
:10F36000D7EE067A4CED015AC8ED017A75E701290E
:10F3700014BF0021012108BB01B3D9ED017A1EEDB4
:10F38000017AF1EE677AB1EE477A0CED017AC8EDB9
:10F39000017A8FE700293FF460AFBAF1000F3FF424
:10F3A0005CAFD9ED017A1EED017AF1EE677AB1EE2C
:10F3B000477A0CED017AC8ED017A4EE7BAF1000FF9
:10F3C0003FF478AF00293FF475AF99ED017A5EED17
:10F3D000017AB0EE476AA7EEA56AD7EE257A0CED62
:10F3E000016AC8ED017A65E70000008000000000B6
:10F3F0002DE9F04F0646884614461F46324606F56C
:10F40000A06E334600212DED028B85B0DDF840A0C3
:10F4100012988DED020ACDED030A1960083343F806
:10F42000041C9E45F9D1B8F1000FC0F2C48004F16C
:10F430000C05211D9FEDCA6A3B46DFEDCA6A05EB4C
:10F44000C8054FEAC80C3C46894651ED015A0831BF
:10F450003034D9ED007A8D4226EE677A67EEA67ACF
:10F46000A5EEA67AE5EE867A04ED027A44ED017AFD
:10F47000EAD10AF10801DFEDBC6A9FEDB93A834693
:10F4800001EB0C09119C5146B84DCDE900E2DFF8C3
:10F49000E0C232460CF5A0600CF5206E93ED017AC7
:10F4A000F0EE437A7CED013A083227EE267AD3ED6E
:10F4B000005A93ED035A654565EEA65A9CEDA04AA5
:10F4C000E7EE237A93ED026AB0EE437AD3ED054A74
:10F4D00025EE265A30ED018A26EE266A93ED072A9C
:10F4E000A5EEA37AD3ED045A64EEA64AD0EDA00AA5
:10F4F000E5EE047AD3ED062A65EEA65AD3ED093A75
:10F5000022EE262A3EED011A62EEA62A93ED085A53
:10F51000A6EE047AD4ED008A63EEA63A94ED010AD1
:10F52000E4EE887A93ED0B4A25EE265A91ED016AB6
:10F5300024EE264ADEEDA01AD3ED0A4AA5EE887A1B
:10F5400091ED008A60EE465AE2EE207A26EE286AB5
:10F55000E8EE285A64EEA64AA2EEA07AA8EE006A67
:10F56000E3EE817AC1ED005AA5EE017A81ED016AE0
:10F57000E4EE217A52ED013A12ED025AA4EEA17A9C
:10F5800067EEC64A65EEA77AE5EE874AE6EE077AA9
:10F5900035EE247A77EEA37A02ED027A42ED017A13
:10F5A0007FF47CAF08313033083489457FF46FAF86
:10F5B0005846DDE900E2331DDDED024A9DED035AB8
:10F5C00054461946D0ED017A083690ED007A08319C
:10F5D00065EE676AB64567EEA47AE7EE246AE7EE61
:10F5E000057AC0ED006AC0ED017A16ED017A51EDA1
:10F5F000035A27EE676A26EE877AA6EEA56AA7EE7B
:10F60000A57A01ED036A06ED017ADBD1B0EE005A6E
:10F61000DFED535A2146D2ED016A083213ED016A3B
:10F62000083325EEE67A964566EE257AA6EE057A4B
:10F63000E6EE857A03ED037A42ED017AEBD1B8F17B
:10F64000000F76DB0B460A1D083101EBC801D3ED34
:10F65000017A083312ED017A083267EEA76A9942FF
:10F66000E7EE076AB1EEE66AC7EE066A87EE867ACB
:10F6700042ED036A03ED017AE9D1D0ED017A08EB9E
:10F68000480890ED007A07F1300C67EEA76A3C4617
:10F690004FEA08163B460CEB0812E7EE076AB1EE9C
:10F6A000E66AC7EE066A87EE867AC0ED006A80EDEC
:10F6B000017A03F1080503F1100E95E8030083E8D1
:10F6C000030030339EE803009A4285E80300F0D13E
:10F6D0003B4603F1180503F1100803F1200E303307
:10F6E00095E803009A4288E803009EE8030085E855
:10F6F0000300EED107F1280520370023E91807EBB6
:10F700000308B3429E4603F1300303C988E80300AF
:10F71000F4D1083508376545EFD10023A3623034B2
:10F7200044F8043CA242F9D105B0BDEC028BBDE81F
:10F73000F08FD0ED017A90ED007A67EEA76AE7EEE0
:10F74000076AB1EEE66AC7EE066A87EE867AC0ED12
:10F75000006A80ED017A05B0BDEC028BBDE8F08F48
:10F7600000000000F304353F00002043642A020833
:10F77000E42C02082DE9F0410546AEB01E461346C2
:10F78000426904460F46019200F1180255F81C8B9D
:10F7900004A8009241462A46FFF72CFD08F1010219
:10F7A00004A92846D200F1F7E9F846F2D00304AAEA
:10F7B000414623443846029304F5C04393ED310A91
:10F7C000D3ED320A04F25C53019304F2B443009384
:10F7D00004F1C403FFF70CFEA36933602EB0BDE84B
:10F7E000F08100BF2DE9F0419846ADF5207D0B6812
:10F7F0000446A69DD2ED007AA79F002B00F09180D1
:10F80000F1EE677A0023C2ED007ADFED476A6E46BB
:10F810000B6008F6FC6367EEA67A9FED447ADFED95
:10F82000441A3046C3ED007A08F2FC4398ED9F2A53
:10F8300067EE874AD3ED002A08F27C7322EE072A8E
:10F8400093ED003A08F6FC1362EE872AD3ED003AF6
:10F8500008F67C4323EE073A93ED004A63EE873ABD
:10F86000344B24EE074A03F5A06103F52062A3F5AB
:10F87000207CF0EE617A33ED017A71ED015A93ED5F
:10F88000A05A6345E2EE077A91EDA06A72ED016A33
:10F8900092EDA07AE2EE857AE3EE257AE3EE867ABF
:10F8A000E4EE267AE4EE877AE0EC017AE1D14FF4D7
:10F8B000486208F520714046F0F77EFF4FF4207251
:10F8C00008F548600021F0F767FEDFED1B4A23468C
:10F8D00006F5207297ED016A083397ED005AD5EDD1
:10F8E000017AD5ED005A66EE676AB6EC017A67EEEA
:10F8F000857A27EE247A9642E5EE856AE5EE867AE9
:10F9000027EE266AC5ED006A27EE277AC5ED017A53
:10F9100003ED026A03ED017ADCD10DF5207DBDE82F
:10F92000F081012371E700BFF304353F000020435D
:10F9300000000000E42C0208F30435402DE9F041FA
:10F94000ADF5A05D00250F464FF07E5186B0044610
:10F95000029502AB0DF5836303AAA4F5A0560DF141
:10F960001008A3F581630DF5A360196019491160B2
:10F97000002229465A604FF47062F0F70DFE03AA88
:10F9800002A906A80DF5A363CDE90087FFF72AFFBA
:10F99000032D4FF4A06206A9304617DD0135F0F7BC
:10F9A000EDFF06F5A066082DE9D1204604F5A05329
:10F9B000D0ED017A0830F1EE677A834240ED017AAA
:10F9C000F6D10DF5A05D06B0BDE8F0810135164415
:10F9D000D5E700BFF304B53F14282DE9F04F2DED16
:10F9E000068B83B000F35781054649F65440FCF777
:10F9F000A7FA0446002800F04881EB0000266801C1
:10FA000025600193C4E90236FCF79AFA20610028C8
:10FA100000F05381A168B14208DD021F3346304631
:10FA2000013342F8040FA1689942F9DCA02900F2E1
:10FA30003E8100229542C4E905226EDB6B1C48F62C
:10FA4000B05648F66848F7EE008A07EE903A9146BD
:10FA50009FED9DAAA346F8EEE79A2644A04404F23F
:10FA6000B44A27469FED998A07EE909A49F6DC231F
:10FA7000CBED078AF8EEE77A5B448BED088AC3ED9D
:10FA8000008A49F6E02367EE8A7A5B4487EEA99AFA
:10FA900083ED008A87ED318A87ED328A87ED338ADC
:10FAA00087ED348A87ED358A87ED368A87ED378A88
:10FAB00087ED388A87ED398A87ED3A8A87ED3B8A68
:10FAC00087ED3C8AB0EE490AF2F700FDF0EE407A8D
:10FAD000B0EE490ACAED007AF3F72EF9A6F1A003B9
:10FAE0008AED010AC8ED008A88ED018A83ED008A5B
:10FAF000083303ED018AB342F8D14D450BF1080BF1
:10FB000007F1300706F1A0060AF1080A08F1080813
:10FB100009F1010301D09946A6E7019A4FF080430D
:10FB20009FED6B0A2046A618F36106F25C57FFF7BB
:10FB3000E9FA019A06F5AC6305F5C07002F25C5172
:10FB40004FF07E5204F5C04604EB80003A60002777
:10FB500021441F605F4B476004F5CB60C6F8C4309A
:10FB60005D4BC6F8D020C6F8C8305C4BC6F8D8202C
:10FB7000C6F8CC30C6F8D470C6F8DC70FFF7DEFEED
:10FB800000234FF480701A461946FFF7D3F804F5A6
:10FB90008053C3F8600A002800F0838042F2941278
:10FBA00041F6642322442344114608331760083287
:10FBB0008B4243F8087C42F8047C43F8047CF4D17F
:10FBC00004F5D35300214FF4F07243E9021246F2D8
:10FBD000F00246F628030021224423441160083233
:10FBE00042F8041C9A42F9D143F6C44142F6C402D9
:10FBF0000020214422440F46083208600831BA42EE
:10FC000042F8080C41F8040C42F8040CF4D14FF00F
:10FC10007E5248F66841C6F8E000C6F8E420214468
:10FC20000022C6F8E8001A60083343F8042C994211
:10FC3000F9D1002104F510478D42C7F89C1BC7F885
:10FC4000A01BC7F8A41BC7F8841BC7F8881BC7F8FC
:10FC50008C1BC7F8901BC7F8941BC7F8981B0EDBCA
:10FC6000013549F6A830AD0020442A46F0F794FC4F
:10FC700049F6FC302A4600212044F0F78DFC002391
:10FC800007F545673B60C6F8EC30204603B0BDEC95
:10FC9000068BBDE8F08F124B4B21124A1248F0F749
:10FCA000F3FA124B8F210F4A0F48F0F7EDFA104B81
:10FCB00059210C4A0C48F0F7E7FA0E4B5721094A34
:10FCC0000948F0F7E1FA00BFDB0FC940000000006F
:10FCD0000000964215EFC33E5E836C3FE4CB963F37
:10FCE000340D020858270208200D0208900D020862
:10FCF0005C0D0208400D02082DE9F84391460546C7
:10FD00000E462DED088BDDE91172C2F5207EC2F1A1
:10FD1000E60CBEF1000F10DD03EBC208002408EB77
:10FD2000C40103EBC402013403C9A64582E8030001
:10FD3000F5D1BEF5207F80F23E8109EBCC029FED2C
:10FD4000D53ADFEDD53A03EBCE049FEDD44ADFED93
:10FD5000D44A9FEDD45ADFEDD45A9FEDD46ADFED3B
:10FD6000D46A9FEDD47AF0EE437A84ED003AB0EE97
:10FD7000431A84ED013A52ED392A083412ED3A2A39
:10FD80000832A2EEA31A12ED3A8AE2EE237A12EDBD
:10FD9000390A52ED38BA0EF1010E12ED37BA52EDB2
:10FDA00036AABEF5207F12ED35AAA0EE041A52ED58
:10FDB000349AE8EE047A12ED339A9FEDBF2ADFED14
:10FDC000BF1ADFEDBF2ADFEDBF0AABEE241A9FEDAD
:10FDD000BE0AEBEEA47A9FEDBD8ADFEDBD8AAAEEE6
:10FDE000051AEAEE857AA9EE251AE9EEA57A04ED60
:10FDF000011A44ED027A12ED329AE9EE067A12ED1A
:10FE0000319AA9EE061A12ED309AE9EE267A12ED31
:10FE10002F9AA9EE261A12ED2E9AE9EE077A12ED24
:10FE20002D9AA9EE071A12ED2C9AE9EE027A12ED3C
:10FE30002B9AA9EE021A12ED2A9AE9EE217A12ED16
:10FE4000299AA9EE211A44ED027A04ED011A12ED65
:10FE5000279AA9EE221A12ED289AE9EE227A12EDDB
:10FE6000259AA9EE201A12ED269AE9EE207A12EDD3
:10FE7000239AA9EE001A12ED249AE9EE007A12ED07
:10FE8000219AA9EE081A12ED229AE9EE087A12EDEB
:10FE90001F9AA9EE281A12ED209AE9EE287A04EDAD
:10FEA000011A44ED027A12ED1D9AA9EE281A12EDFC
:10FEB0001E9AE9EE287A12ED1B9A52ED168AA9EEE7
:10FEC000081A12ED1C9AE9EE087A12ED198AA8EECA
:10FED000001A12ED1A8AE8EE007A12ED170AA0EE67
:10FEE000201A12ED180AE0EE207A52ED150AA0EE63
:10FEF000A21AE8EEA27AF0EE412A04ED011A44EDCE
:10FF0000027A12ED130A52ED140AE0EE212A12EDE4
:10FF1000119AE0EEA17A12ED108A52ED0F8A52ED9D
:10FF20000E0A12ED0D0A52ED0C1AE9EE022A12ED3C
:10FF3000129A12ED0B1AE9EE027AE8EE872AE8EE41
:10FF4000077AE0EE262AE0EEA67AE1EE062AE1EE56
:10FF5000867A44ED012A44ED027A52ED091A52EDF7
:10FF6000088A12ED0A2AE1EEA52A12ED079AE2EEBE
:10FF7000257A12ED060A12ED058A12ED041A52EDE9
:10FF8000030AE9EE052A12ED022A52ED011AE8EE03
:10FF9000857AE8EE242AE0EE247AE0EE842AE1EE87
:10FFA000047AE1EEA32AE2EE237A44ED012A44ED3D
:10FFB000027A7FF4D8AE4FF0000C3C4607F50061A2
:10FFC0003A46C5F800C0C2F800C0083242F804CC76
:10FFD0009142F8D1139A002A49D03E4904333A4657
:10FFE00001F520608C4693ED007A53ED017A503193
:10FFF000DCED006A0832814203F1A00326EE877A25
:020000040801F1
:1000000067EEA67A02ED017A42ED027AEAD139462C
:100010001098FEF795FE00229FED1E7A1346D4ED50
:10002000017A083454ED026A67EEA77AE6EEA67A02
:10003000F4EEC77AF1EE10FAC8BF1A4603F10103D5
:1000400037FE877AB3F5807FE9D17F2A17DC07EE88
:10005000902AF7EE096AF8EEE77A67EEA67AC5ED20
:10006000007A86ED007ABDEC088BBDE8F8839FED41
:10007000097ABDEC088B86ED007ABDE8F883A2F51D
:100080008073F7EE096A07EE903AF8EEE77A67EECA
:10009000A67AE4E7000000005C25123BA149453B3D
:1000A000FC6B9A3B0ED2F83B9B91413C88AA8E3C5C
:1000B0004B0AC73C8AF9033DC432273D5C474B3DA0
:1000C0004D0C6E3D46A2863D916A933D107B9C3D52
:1000D0009E2EA13D243A02082DE9F04F151EADF6E3
:1000E000B44D04468E46984600F5805730DD012217
:1000F000D7F8583AD7F85C9A049703F1CB010CA8CB
:1001000009F1CB0C013300EBC20A0DF5CE6004EB14
:10011000C101B3F5207F00EBC20609F1010904EB30
:10012000CC0CA8BF0023B9F5207F02F1010B03C955
:100130000AE903009CE8030006E9030080F2A680B8
:10014000AA425A46D9D1049FC7F85C9AC7F8583AD0
:1001500004EBC50941F6642C42F29416E9006246AC
:1001600009EB0C0A09F5065926442244C5F1E60BB1
:1001700009F114090023CDE90414CDE906E50AEBE1
:10018000C30102EBC30E09EBC30506EBC304013345
:1001900003C95B458EE8030095E8030084E803008B
:1001A000EDDBDDE906E5DDE90414FDB342F2941070
:1001B0000CEBCB0C7346714400EBCB00A4440DF167
:1001C00030090DF5CE6E2044D3ED017A0CF1080C08
:1001D00099ED006A0833D9ED014A083027EE867A96
:1001E00013ED025A64EEE77ADEED005ADEED016AA5
:1001F0009942A5EE247A09F10809E5EE067A0EF196
:10020000080E0CED017A4CED027A53ED017A13EDF4
:10021000026A26EEE77A67EEA57AA6EE257AE6EE82
:10022000267A00ED027A40ED017ACDD145F2C40381
:100230000AA908A823440193CDE90258D7F8603AE7
:10024000009342F6C4032344FFF756FD45F6C4016C
:10025000324609A82144CDE90258D7F8603A019105
:100260000BA9009343F6C4432344FFF745FD9DEDDE
:100270000A7ADDED0B7AB4EEE77AF1EE10FA0CDDD6
:100280009DED080A0DF6B44DBDE8F08FAA424FF07F
:1002900000095A467FF431AF55E79DED090A0DF686
:1002A000B44DBDE8F08F00BF9FED2B7ADFED2B7AC8
:1002B00020EE070AF8B52DED028BC0EE278A1F4607
:1002C00006460C461546B0EE680AF2F7FFF8B0EEA7
:1002D000408AB0EE680AF2F72FFD002F27DD214695
:1002E000304604EBC703D5ED017A083195ED007A6D
:1002F000083067EEC06A8B4268EE277AE8EE076A3C
:10030000E0EE077AC5ED006AC5ED017A11ED017ADC
:1003100051ED025A27EE676A26EE877AA6EEA56AA5
:10032000A7EEA57A00ED026A00ED017ADBD1D5EDEA
:10033000017A95ED007A67EEA76ABDEC028BE7EED5
:10034000076AB1EEE66AC7EE066A87EE867AC5ED01
:10035000006A85ED017AF8BDDB0FC9400000FA455F
:10036000F0B5C3F1E7061D4684468E46002E1446BE
:100370000EDD02EBC307002207EBC20004EBC20351
:10038000013203C8B24283E80300F5D1002D41DDFC
:1003900004EBC60600230EEBC30006EBC3020133D9
:1003A00003C89D4282E80300F5DCC5F1C9030026BD
:1003B0000CF1040E9FED186A04EBC304174B184AA6
:1003C0002046DFED157A11460EED016A0746B1ECC5
:1003D000017A0830D7ED006A8B42E6EE877A4EED5F
:1003E000017AF3D12146DFED0C7A8CED016AD1ED73
:1003F000016A0831B2EC017AE6EE877A9342CCEDDD
:10040000017AF4D101360CF1080C08340EF1080E13
:10041000B542D4DCF0BD00BF00000000642A020831
:10042000E82902082DE9F04F89B01C4617460D1E39
:10043000139B149A4FEA8303039093FBF2F3C0F2E9
:100440005F81D3F1130100F16081C3EB437004F1CC
:10045000A00E05EB850903F1010804EBC00201942D
:10046000C3EB890988444FEAC00B14460EEBC90957
:100470004FEA850AA4EB0B021E4602EBC60104EB11
:10048000C60C013603C946458CE80300F5D1A034FB
:100490004C45EFD1C3F1140B019CBBF1130F70DC81
:1004A0003A460AEB0501C3F11900C3F1160802F13F
:1004B0002806C3F11709CDF818E04FEACB0706EB81
:1004C000C106C3F1180104EBCB0CC3F11A038E462D
:1004D0000190CDF81CA0CDE9045492E80300BBF1D3
:1004E000130F8CE803007BD002F108010CF1080423
:1004F000B8F1130F03C984E8030071DC02F11001A5
:100500000CF11004B9F1140F03C984E8030067D09B
:1005100002F118010CF11804BEF1140F03C984E8AC
:1005200003005DD002F120010CF1200403C984E82E
:100530000300019902F12804142919D00CF12805AF
:10054000142B94E8030085E8030011D0D21BACEB18
:10055000070A1D46CDF808C002EBC5010AEBC50C21
:10056000013503C9142D8CE80300F5D1DDF808C06E
:10057000B44222460CF1A00CAFD1DDE90454DDE910
:1005800006EA0AEB050304F5A077129800260EEBA5
:10059000431207EB431701465B01002D41F8046B42
:1005A00027DB6FF09F064FF0000CF61AB3189FED93
:1005B0005E7AD3ED017AA03353ED286A67EEA77A0D
:1005C0009342E6EEA67AF1EEE76A37EE267A01ED7F
:1005D000017AEED1083297420ED041F804CBE5E71C
:1005E00002F128040CF1A00CB44222467FF475AF4E
:1005F000C3E708329742D0D19FED4B0AB7EE007A9D
:10060000129BF0EE407A9FED496AF0EE400A5033BB
:10061000F0EC016AF0EE475AE6EE870A8342A6EE56
:10062000A70AF0EE676AE7EE865AD7EE066AF0EEA2
:10063000657AB0EE667AEBD1F2F73CF9DFED3C7A01
:10064000F7EE006AC0EE275AF0EEE57AF4EEE67AAD
:10065000F1EE10FA60D5F1EE007AE5EEA76AF4EE5D
:10066000E76AF1EE10FAC8BF76EEE76A002DF2EE07
:10067000007A76EEA76AFBFE667AFDEEE77ABAFEAE
:10068000667ABDEEC77AB8EEE76A76EEC66A2EDB0A
:1006900017EE102AB7EE006A039B511E17EE902A40
:1006A00036EE666A04EBC20204EBC10403F10801F2
:1006B000043A01EBC5012046D4ED017AD2ED004A9F
:1006C000083390ED007A66EEA77A12ED015A99424E
:1006D00026EE877A04F1A004E4EE867A02F1A00205
:1006E000A5EE067A43ED017A03ED027AE3D1DDED62
:1006F000147AB8EEE70A20EE250A09B0BDE8F08FBB
:100700004FEA850A04F1A00E3BE7C3F1140B4FEA50
:10071000850A04F1A00EC3E6064B40F2F441064AF6
:100720000648EFF7B1FD00BF000000002EBD3BB34F
:10073000DB0FC940C80D020824270208200D02085B
:10074000002A2DE9F04388460999DDE9075640F370
:10075000B980F7EE003AD70005EBC2099FED5A4A7F
:100760009FED5A5AAC4634469E461A469CED016AA5
:100770000CF1080C5CED027A083266EE065A94ED34
:10078000017AD4ED004AE14504F10804E7EEA75AE6
:10079000F1EEE56A76EE846AC3EEA65A67EEA56AC4
:1007A00026EE656A67EE267A26EE477AE4EE867ACA
:1007B000A4EEA67A67EE857AF0EE676AE7EE057A30
:1007C000D7EE056A42ED017A42ED026ACED10022EF
:1007D00000EB070C14460DE0B5EEC07AF1EE10FA0E
:1007E00062DB002214460EF1080EC0E90042083018
:1007F00084451AD0DEED007A9EED017AF5EEC07ADE
:10080000F1EE10FAE8DAEED5B5EEC07AF1EE10FAB4
:1008100051DAE8D5B1FA81F201240EF1080E52093D
:10082000C0E9004208308445E4D13D449FED264AAA
:10083000F7EE004A3E4495ED017A3B44D5ED006A5F
:1008400067EE075AD6ED017A96ED005AE6EEA65A03
:10085000B1EEE56A36EE046A84EE860A27EE407A47
:1008600060EE266A27EEC76A66EEA77AA6EE856A6C
:10087000E7EE057AB5EEC06AF1EE10FA1ED427EE67
:10088000C00A00229FED117AC8F8002067EE877A2F
:10089000F0EE676AE6EE077AD6EE076AC3ED017AF4
:1008A000C3ED006ABDE8F0839DD50A1E4FF0010438
:1008B00018BF012297E70122002494E720EE270ABF
:1008C0000122DFE7D700B0E7BD378635F304353FB7
:1008D0002DE9F041171EAAB062DB6C4603F10C054E
:1008E00003F1040EFE0005EBC7059C462246F046C8
:1008F0001EED017A0EF1080ED8ED007A754567EE0F
:10090000A77AE7EE077AB1EEE77AA2EC017AEED1A8
:1009100000F1040E9FED246ADFED246ABD000EEBAA
:10092000870E0246F4EC017A92ED007A67EE867A41
:10093000E7EE267AE2EC017A9645F3D1083315AA60
:100940009FED1B6A33441446DCED017A0CF1080C70
:100950001CED027AF0EEE77AF0EC016AB0EEC77AAD
:100960006345D6EE867A96EE867A67EEA77AE7EE4C
:10097000077AB1EEE77AA4EC017AE5D10B1D9FED81
:100980000A6ADFED0A6A2B44F2EC017A91ED007AF3
:1009900067EE867AE7EE267AE1EC017A8B42F3D1B4
:1009A0002AB0BDE8F08100BFD0CCCC3D6666663F82
:1009B000F304353F806870472DE9F041046886688C
:1009C000A6EB440CBCF1000F11DD0569670005EBD7
:1009D000C40E043D0024AEF1040E5EF8046F013431
:1009E00045F8046F8668A6EB070CA445F5DCB44512
:1009F00010DA6FF040440669644406EB8406079CF5
:100A0000043C54F8045F0CF1010C46F8045F85685F
:100A10006545F6DC00241C608568A5422FDD06696B
:100A2000A2F10208174FA646043E57F8045B0EF1E8
:100A3000010E56F8042F82EA050C0FFA8CFC644470
:100A400028F802CF1C6085687545EEDC07EE904AF9
:100A5000F8EEE77A07EE105ADFED0B6A069AB8EE69
:100A6000C77A87EE876AB4EEE66AF1EE10FA4CBFF9
:100A7000012300230B6083681360BDE8F081DFED84
:100A8000037AE7E768270208CDCC4C3E000000005F
:100A90002DE9F041069C074688461546211D142283
:100AA00020461E46EFF788FE4FEA4801D4E90023AE
:100AB000A2EB030CA3689C44E368ACEB030C236932
:100AC0009C444B1EC1F1010163446161A3F1060224
:100AD000002BB2FA82F2B8BF5B4252093A602A6830
:100AE000032A07D8DFE802F0190F0802062B21D1EC
:100AF00002232B60012013E0062BFBD000220323EE
:100B000032602B60F6E7062B0CD133680133192BCA
:100B10003360EDD001232B60ECE7062B05D00020DD
:100B2000BDE8F08100232B60F9E700220123326049
:100B30002B60DFE733680133322B3360F2D00323BD
:100B40002B60D7E72DE9F04F2DED048BADF56B5DF4
:100B500005460846194687B043F610339FEDD00A84
:100B600005F5104B6B441B68CDE909021C6846F281
:100B7000D80241F2580023462A446844FFF794FB08
:100B8000C82CDBF8A03B00F38381B3FA83F341F276
:100B90005801224628465B096944FFF79DFADBF8B5
:100BA000A03B002B00F05D8105F5C04393ED380AB2
:100BB0000B9343F6103341F2580146F2E402B1EED2
:100BC000400A6B4469442A44F6A81B6846F6280785
:100BD0001C682346C4F59166FFF766FB46F2F002F7
:100BE000F6A923462A440DF61820FFF7B9FBEB19A6
:100BF000F600D5F800804FEAC409184603EBC4019B
:100C00003246EFF7D9FD4A460DF618213044EFF78A
:100C1000B5FEB8F1000FC0F2348140F6CD5304F2B6
:100C2000BF32C4F1C80C48F6684A1B1B22F003020D
:100C30009FED9C8A4FF00009C7EBC306624405EBA9
:100C4000C30305F20467069341F298636B4403F112
:100C500020011E44089301EBC203CDE90C5B07930E
:100C60000AEB050B24ABCDE904C3B7EC019A29EEDE
:100C7000489AB0EE490AF1F729FCF0EE408AB0EE4E
:100C8000490AF2F759F8DBED011ADBED007A28EE9C
:100C9000A11A854961EEC01A049B5944A0EE271A97
:100CA000B3F5916FE8EEA71A8BED011ACBED001AA0
:100CB00091ED006A7D495944D1ED006A66EEE65A2D
:100CC00066EE267AE6EE065A77EEA77A27EE867A61
:100CD00066EEE77AA6EEA57AE6EE257A67EE665A24
:100CE00026EE077AE6EE275AA6EEA77A3CDA3146D8
:100CF000069861EE476A2031F0EE617A079B25EE97
:100D0000811A2030E5EEA16AA7EE271AF0EE661AE6
:100D1000CBED006A8BED011A50ED077A10ED086AF1
:100D200061EE276A67EEA17AE6EE216AE1EE467A85
:100D300041ED086A41ED077A8B42DAD1002C13DDD0
:100D400009EB8900059B35464FF0000A03EBC00014
:100D50000AF1280A2946042205F5A075FEF7DAF8FB
:100D6000544500F10800F3DC61EE017A09F1010954
:100D70000BF1080BC845E1EEA17AB1EEE77AC1EEBE
:100D8000876AC1EE077A4BED026A4BED017ABFF636
:100D90006CAFDDE90C5BA023059A0898029343F63B
:100DA00010336B441B681B68019310AB009348F62B
:100DB000105329682B44FFF735FBDFED3D7AB4EE85
:100DC000E70AF1EE10FA52DDC8220BF5236349F66B
:100DD000DC2649F634240FA92E44DDE9087001977A
:100DE00083ED000A43F610336B441B681A600096CB
:100DF0006B69029363192A68FFF7A2FC30462E68DC
:100E00003946B0EE408A721CD200EFF7B7FD49F6C2
:100E1000FC3149F6A8306319324629442844FFF7CB
:100E200057FD49F6843349F69C320A982B440F99B2
:100E30002A44009349F6A4332B44FFF729FE0B9B69
:100E4000B6EE007AD3ED387ACBF8A00BE8EE477A0D
:100E5000C3ED387A0DF56B5D07B0BDEC048BBDE8D2
:100E6000F08F05F5C0430B9383ED380AA1E6DFED63
:100E7000117AB4EEE70AF1EE10FA4CBF7822A02204
:100E8000A3E724AB059341F298636B44089382E790
:100E9000094B4FF44371094A0948EFF7F5F900BFD0
:100EA0000080BBC400007044F478FFFFF878FFFFB7
:100EB00000002042000020C2AC0D020834270208C6
:100EC000200D0208F8B50568322D2DED028B5CDC93
:100ED000002D04460E460D6052DB49F6AC3249F651
:100EE000A833AF009FED2C7A0244034402EB850245
:100EF000F3EC017A9A42A7EEA77AF9D19FED270A7F
:100F000037EE000AF1F75CFFB2EE047A49F6FC33E3
:100F100004F51C42DFED207A20EE078A23443A4490
:100F2000B3EC017A9A4277EE877AF9D101359FEDD9
:100F30001B0A07EE105AB8EEC77AC7EE876AA6EE0C
:100F4000A60AF1F73DFFB2EE047ADFED157A04F55B
:100F5000104304F5C0440022E0EE077AD3F8A00B5A
:100F600003F52363D4F8E010F0601B683161B261CF
:100F700038EE670A7361BDEC028B86ED010AF8BD9D
:100F80009FED088ADFED047AD0E7074B40F2B161AC
:100F9000064A0748EFF778F900000000CCBC8C2B1C
:100FA0008A408E410000F0C2E40D02080C270208BE
:100FB000200D0208F0B5161E8C462CDD0C1D864651
:100FC00000251C491C4B2046DFED1C7A1A461746AB
:100FD000083230ED017AD7ED006A9142E6EE877A69
:100FE000F5D177EEA77A22469FED147ACEED007AFE
:100FF000D3ED016A083372ED017A9942A6EEA77A21
:10100000F6D1013537EE077A0EF1080E0434AE4200
:101010000EED017AD6D1183EACF160020CEB8600E1
:101020000346603053F8041B984242F8041BF9D180
:10103000F0BD00BF243A0208643902080000000035
:101040002DE9F0474FEA410990FBF9F509FB150A34
:10105000BAF1000F2AD106463C208846EFF728FD5A
:101060000446074670B305EB45030022C560012125
:101070009B014263C0F824A0C0228660C0E90089B9
:1010800003EB85002361C4E9070360238000C4E902
:101090000523EFF7A5F90546B0B12C20A562EFF7BF
:1010A00007FDA06340B13846BDE8F087084B332107
:1010B000084A0948EFF7E8F82846EFF701FD20460F
:1010C000EFF7FEFC0027EEE72046EFF7F9FCF9E723
:1010D000040E020824440208180E020810B5044643
:1010E000806AEFF7EDFC2046BDE81040EFF7E8BC62
:1010F000006A7047F0B58669C768002E20DD02F1EE
:10110000FF3E0D4601EB8702DFF85CC0FC00764431
:101110004FF07E5001EBC7011EF8013F8BB1002F4D
:1011200009DD2B4643F8040B9342FBD1134643F8E9
:1011300004CB8B42FBD1B645224421442544EBD15C
:10114000F0BD002FF7DD2B4643F804CB9342FBD1D3
:10115000134643F8040B8B42FBD1B645224421448D
:101160002544D9D1ECE700BF000080BF2DE9F04F46
:101170000646C76893460D46F369B46A2DED048BA5
:10118000D0ED028A85B0006A96ED018A1B1A04EB45
:1011900080014FEA830A3369019383005246204657
:1011A0000293D6E90589EFF707FB59464FEA870B0B
:1011B000029A04EB0A0008F1010AEFF7DFFB08FBD3
:1011C0000BB0EFF775FC07FB0AFC8246BCF1000F81
:1011D00040F3E3815C4401460022D319DFEDD27A6B
:1011E0009A4207DAA4EB0B03B3EC017A9C4277EE48
:1011F000877AF9D101320434E0EC017A6245ECD10E
:10120000F8EEC87A9FEDBD7AF8EEE88A67EE877A45
:10121000CDE9021287EEA89AB0EE490AF1F756F925
:10122000B0EE408AB0EE490AF1F786FDDFEDBE5A16
:10123000039AF7EE006AF0EE650A0299B0EE657A5D
:101240000AEB820227EE405AF1EC017A20EE266A80
:1012500067EEA77A8A42A8EE265AA8EE076AE7EE5A
:10126000A60AE7EE875AF0EE456AB0EE467AE9D173
:10127000B0EE650AF1F71EFB9FEDA07ADFEDA07AD4
:1012800080EE078A38EE678A07EE907AB8EEE70AB2
:1012900020EE080AF1F79EF8D6ED0B7A9FED997AC9
:1012A00078EE677A86ED0B8AF0EEE76AF4EEC76AAD
:1012B000F1EE10FA19D59FED947ADFED945A67EEAE
:1012C000877A07EE108A9FED926AF8EEC76A87EE7A
:1012D000A67A67EE257A96ED0C7AB8EEC77AE7EE35
:1012E000067AFDEEE77AC6ED0C7ADFED8A7A002FFA
:1012F0003A46B4EEE78AB8BF7A1C07EB6203F1EE18
:1013000010FA4FEA6202034440F3D280019911447B
:101310000191D6ED097AB8F1000F019AF8EEE77A5B
:101320003262B0EEE76A40F3B480012FDFED7E5AFF
:1013300040F0D780013BB0EE655AB0EE654A0AEB4B
:101340008302F0EE654AF0EE653A00230AE0F0EE23
:10135000476A29BB34EE074A02215C1001339845E5
:1013600029552BD0B0EE677AF2EC017AF0EE466A9E
:1013700003F00101B0EEE76A5C1037EE677AA7EE82
:10138000A75A76EE666AB5EEC07AE6EEA65AF1EE98
:1013900010FADCDC73EEC76A11B934EE264ADCE7DA
:1013A000B5EEC07A295D013374EEA64AF1EE10FA6B
:1013B000C8BF41F0010198452955D3D1B6EE006A66
:1013C0009FED557AF4EEC44ADFED546AA5EE867AB5
:1013D00035EE265AF1EE10FA85EE070A5BDDB9F11B
:1013E000000F24DD09F1FF33022B40F2DB8029F0EE
:1013F00003012B466C181A6802F0013243F8042BE3
:10140000A342F8D149450B4611D0EA5C02F0010233
:10141000EA545A1C91450ADDA95C023301F001012E
:101420009945A95403DDEA5C02F00102EA5496ED05
:101430000D8AFDEEE77ADFED358A07EE100AD6ED6C
:101440000C6A0023B4EEE88AB46BB8EEC77AC6ED36
:10145000097AF8EEE66A2361F1EE10FA4FF0000324
:1014600084ED057AC4ED066A2360A3602CD5F1F7FC
:10147000A7FCF2EE047A60EE277A5046C6ED0D7AAC
:10148000C4ED017A05B0BDEC048BBDE8F04FEFF779
:1014900017BB9FED230AB9F1000FC8DD013DA94438
:1014A00015F8013FC3F34003A9452B70F8D1BEE7FF
:1014B000DFED1C7AB4EEE78AF1EE10FA7FF529AF82
:1014C00001998A1A019224E7F1F77AFCF2EE047A84
:1014D0009FED0F7A60EE277A67EEA87AE8EE077A3A
:1014E000CBE7B0EE655A0AEB8303B0EE654A002203
:1014F000F0EE654AF0EE653A25E000BFDB0FC9402B
:101500003D0AD73ECDCC4C3E00247449CDCCCC3DD9
:101510006666663FCDCC4CBEBD378635262FAD34D2
:101520004B29A53E666626BF00000000F0EE476A24
:1015300039BB34EE074A02215410295501325B446D
:1015400090453FF43BAFB0EE677A53ED017AF0EE91
:10155000466A02F00101B0EEE76A541037EE677A8E
:10156000A7EEA75A76EE666AB5EEC07AE6EEA65A00
:10157000F1EE10FADADC73EEC76A11B934EE264ADE
:10158000DAE7B5EEC07A295D74EEA64AF1EE10FAFC
:10159000C8BF41F001012955D0E75FED1D5AF0EEBB
:1015A000650A65E6002330E72DE9F04F2DED048B49
:1015B00089B002FB03FE17460546169C8A46179A19
:1015C0004FEACE0ED4E90086029206FB08FC012EFB
:1015D00000EBCC0B27D004F10802CDF81480F40006
:1015E000814604921D4607FB08F2F04606900392DE
:1015F000029B4846A14451460193C244049B039A6E
:1016000000932B46FFF7D0FFCB45F1D1DDE90585EF
:10161000A8F10203032B00F26E85DFE813F06002ED
:101620005D0263021C0000F108094B465B459AE825
:101630000300F24403E9030003F10803F6D1A8F123
:101640000203032B00F2D385DFE813F00A028001C6
:10165000EB0004000824029A06FB07F305EB4401A3
:10166000002E02F5847205EB040C01EB040002EB82
:10167000C30202EBC303D2ED004A92ED013A01EB43
:10168000440293ED004AD3ED013A40F3C580012FA7
:10169000029B40F0B28208340CF10806083508318C
:1016A00002EB040E083008329C461F461C46D3ED60
:1016B000421A0832D3ED436A103416ED017A08332A
:1016C0009CED429A1837DCED438A67EE662A52EDAC
:1016D000037A27EE212A94ED3E1A0CF1200C16ED28
:1016E000027A27EEE85A67EE895A51ED017AE1EE67
:1016F000872A11ED028AA6EE872AD4ED3F9A27EEBB
:10170000817A97ED3D6A67EEE91A50ED017AD7EDDF
:101710003C0A0835A9EE887A50ED026AE1EE081A13
:1017200012ED048A15ED040A0836A9EE085A0831AC
:10173000E8EE885A0830B0EE471A27EEC67A67EE10
:10174000A07AA0EEA67AE6EE267A75EE820A35EE4B
:10175000226A32EE652A72EEC52AF0EE405AB0EEE9
:10176000405A71EEC76AE6EE045A37EE217AA6EEC9
:10177000245A31EE679A37EE066A77EE817AE7EE01
:10178000245A69EE231AA7EE045A36EE007A77EE51
:10179000A08AE2EE031A05ED047A23EEE68A15ED3F
:1017A000037A23EEC21A63EE666A38EE876AA2EE07
:1017B000C38A35EE612A05ED036AB0EE476AA0EEF2
:1017C000847AE2EEA36A06ED042AA0EEA46AA9EEEA
:1017D000031A35EE215AA7EEA47AA7EE846A75EEB5
:1017E000812A75EEC15A77EE267A37EE667A36EEA2
:1017F000482A36EE086A06ED032A02ED045A02ED85
:10180000036A724541ED042A41ED037A40ED045A22
:1018100000ED037A7FF44BAF09B0BDEC048BBDE85B
:10182000F08F0824029B07EB47004FEAC70C5B6868
:10183000C0004FEA071E002B40F0578105EB440122
:10184000012F2544029B4A460C4440F0D3831F4697
:10185000184690ED422A013ED0ED432A03F10803D9
:10186000D7ED423A00F1100097ED435A01F108011B
:10187000D4ED016A07F11807D3ED400A02F108021E
:1018800093ED411A66EEC54A11ED016A05F10805AE
:1018900055ED017A04F1080426EE624A11ED023A90
:1018A00066EE025A55ED021A26EEA36A54ED026A5C
:1018B00027EEC17A67EEA07AE3EEA64AA5EE266A85
:1018C00012ED035AA2EE034A52ED046AE2EE835A85
:1018D000A0EEA17AE1EE217A36EE842A75EE252A71
:1018E00034EE873A76EE273A02ED042A75EE655A11
:1018F00042ED032A77EEC67A32EE435A32EEE36ABD
:1019000076EEC46A37EE647A01ED025A01ED016A9F
:1019100012ED045A37EEA64A12ED036A75EEC74A75
:1019200076EEE76A37EE257A76EE237A75EE035A7D
:1019300042ED037A42ED045A05ED024A45ED014AB3
:1019400044ED026A04ED017A83D165E70824029A26
:1019500007FB06F3012F02EBC3034FEA061293EDD8
:10196000435A029B40F04C82171D211DF1EE454A5F
:101970002819B6EE004A2F44294405EB44044A4690
:101980001D46D0ED017A013E93ED432A05F1100585
:10199000D4ED016A03F1080395ED3F3A27EEC27AD0
:1019A00057ED013A02F1080226EEC36AD5ED3E5A20
:1019B00051ED012A07F10807D3ED401A66EEA56A3A
:1019C000A5EEA36A52ED045AA1EEA27A04F108042E
:1019D00067EEA17A01F10801E3EE236A00F1080045
:1019E000E2EE227A76EE073A37EE467AB0EE656A94
:1019F00076EEA75AA3EEC46A77EEE67A01ED036AA3
:101A000052ED036AE5EEC46A40ED016A12ED046A24
:101A100052ED036A36EE236A76EEA56A02ED046A99
:101A200042ED036A51ED036AE5EE276A47ED036A6A
:101A300050ED016AE7EE246A44ED016A51ED036A54
:101A4000E7EEA46A41ED036A50ED017AE5EE077A0C
:101A500040ED017A95D109B0BDEC048BBDE8F08F63
:101A60000824012F05EB040140F096814A46083115
:101A7000029BD3ED435A083251ED017A083111ED42
:101A8000046A013E27EEE57A93ED425A52ED046A6C
:101A900003F1080367EE857AA5EE067AE5EE867A0D
:101AA00076EEC76A41ED046A52ED036A76EEE76AA4
:101AB00041ED036A12ED046A52ED036A36EE077ACD
:101AC00076EEA77A02ED047A42ED037AD1D109B01D
:101AD000BDEC048BBDE8F08F05F1080937E705F18F
:101AE0000809BEE705F108099CE605EB4401012F52
:101AF0002544029B4A460C4440F0FC811F46184690
:101B000090ED422A013ED0ED432A03F10803D7EDC0
:101B1000423A00F1100097ED435A01F1080194EDAB
:101B2000017A07F11807D3ED400A02F1080293ED9C
:101B3000411A67EE454A11ED016A05F1080555EDB8
:101B4000017A04F1080426EE624A11ED023A66EECB
:101B5000025A55ED021A27EE236A14ED027A67EE57
:101B6000C16A67EEA07AE3EE874AA5EE076A12ED36
:101B7000045AA2EE034A12ED037AE2EE835AE0EE33
:101B8000A16AE1EE217A35EE042A77EE252A34EEB9
:101B9000A63A76EE273A02ED042A37EE657A42ED50
:101BA000032A77EEC67A72EE435A32EEE36A76EE95
:101BB000E46A35EE445A41ED025A01ED016A52EDF4
:101BC000045A76EE874A12ED036A35EE674A37EE1D
:101BD000667A77EE857A75EE835A76EE236A42ED61
:101BE000045A42ED036A05ED024A45ED014A44ED0F
:101BF000027A04ED017A83D10EE6083207EB470A38
:101C0000F1EE431A0CF1080404923A014FEAC70BB3
:101C100008350292083108304FEACA0A7F01984617
:101C20009E469C464FF00009049A039693ED436A42
:101C300009F1010954ED017A083593ED420A08349F
:101C400026EE671ADCED435A11ED017A60EE272A81
:101C500014ED042A5B44DCED420A0832A2EE001ABD
:101C600011ED025A25EEC70ADEED426AE2EE062ABF
:101C700010ED026A20EE872A10ED017AA5EE200A07
:101C8000DEED430AD8ED428AD644A5EE252A12EDB0
:101C9000048A26EE875A55ED047A60EEC75A15ED90
:101CA000037A029E0831A6EE205AD8ED430AE6EEEA
:101CB000265A52ED036AB444039E20EEE66AB84405
:101CC00068EEA66A4E4500F10800A8EE286AE8EE24
:101CD000206A32EE058A32EE452AB0EE675A71EE7E
:101CE000068A71EE460A32EEE66A72EEA62A70EEB7
:101CF000656A30EE250A23EE821AA4EEA85A78EE21
:101D0000805AA3EE061A26EE636A75EEA75AE4EE31
:101D1000287AA3EE026A45ED045A72EE885AA4EEC0
:101D2000005A75EE875AE4EE807A45ED035AF0EEDC
:101D3000475AA4EEA27AE4EE225A66EEC32A66EE71
:101D4000E36A37EE862AE3EEA02AE1EEA06AA4EE6B
:101D5000087AE4EE885A75EE410A77EEC67A35EED7
:101D6000015A44ED040A35EEA26A75EEE25A77EEA6
:101D7000662A37EE267A44ED032A02ED045A02ED74
:101D8000037A01ED042A01ED036A40ED047A40ED87
:101D9000035A7FF44BAF3FE5FF0008314A46029BF0
:101DA00093ED436A013E51ED017A02F1080293ED91
:101DB000425A01F1080126EE677A51ED045A65EEA8
:101DC000277A52ED046A3B44A5EE857AE5EE867AE1
:101DD00076EEC76A41ED046A52ED036A76EEE76A71
:101DE00041ED036A12ED046A52ED036A36EE077A9A
:101DF00076EEA77A02ED047A42ED037AD0D10BE5B4
:101E0000111D201DF1EE454A05EB040CB6EE004A0B
:101E1000294428444FEAC70E05EB44044A463F01D3
:101E20001D46D4ED015A013ED5ED433A02F10802B8
:101E3000DCED011A01F10801D3ED432A23EEE56A36
:101E400010ED012A04F1080422EEE17AD3ED427A82
:101E5000D5ED426A734411ED033A3D44A2EE277A70
:101E600000F10800A3EE266A0CF1080C66EEA56AE4
:101E700052ED045A67EEA17AE3EE236AE2EE227A8B
:101E800077EE063A37EE467AB0EE656AA3EEC46A9C
:101E900077EEA65A77EEE67A00ED036A52ED036A12
:101EA000E5EEC46A4CED016A12ED046A52ED036A74
:101EB00036EE236A76EEA56A02ED046A42ED036A05
:101EC00050ED036AE5EE276A41ED036A5CED016AB5
:101ED000E7EE246A44ED016A50ED036AE7EEA46A76
:101EE00040ED036A5CED017AE5EE077A4CED017A8C
:101EF00097D191E498461F4697ED425A013ED7ED9F
:101F0000432A01F10801D8ED425A7744D8ED433A0B
:101F100002F1080294ED017A804451ED016A05F165
:101F2000080563EEC74AD3ED420A22EEE64AD3ED36
:101F3000431A65EE266A94ED003A25EE877A11ED94
:101F4000022A55ED017AE3EE254AE2EE226A15ED0A
:101F5000021AA3EE237A634421EEE76A04F108042F
:101F600060EEA77AA2EE054AA1EE206AE1EE217AA0
:101F7000B0EE665A52ED046AF0EE475A12ED037A5B
:101F800034EE262A75EE072A36EE243A77EEA53A85
:101F900002ED042A77EEE57A42ED032A37EE457A20
:101FA00072EEE35A32EE435A36EE646A76EEC46A53
:101FB00041ED015A01ED025A12ED045A77EE064A3C
:101FC00052ED035A36EEE74A37EE467A76EEA76AC6
:101FD00035EE036A75EEA37A02ED046A42ED037AE8
:101FE00005ED024A45ED014A44ED026A04ED017A2D
:101FF00082D111E498461F46D7ED425A013E97ED33
:10200000432A01F1080198ED423A7744D8ED433A6A
:1020100002F10802D4ED016A804411ED016A05F174
:10202000080566EEE34AD3ED420A26EE424AD3EDB6
:10203000431A26EE256A94ED005A66EE836A51ED46
:10204000022A55ED017AE3EE054AA2EE226A15ED69
:10205000021AE3EE856A12ED035A27EEE17A634431
:1020600067EEA07A04F10804A5EEA24AA1EE207A58
:10207000E1EE217AF0EE465AB0EE666A52ED046A5D
:1020800075EE252A36EE842A34EE873A76EE273A24
:1020900042ED032A75EE655A02ED042A77EEC67A00
:1020A00032EE435A32EEE36A76EEC46A37EE647A71
:1020B00001ED025A01ED016A12ED045A37EEA64A0B
:1020C00012ED036A75EEC74A76EEE76A37EE257AB7
:1020D00076EE237A75EE035A42ED037A42ED045A06
:1020E00005ED024A45ED014A44ED026A04ED017A2C
:1020F00082D1FFF791BB029B4FEAC80B1B68584681
:102100000393EEF7D5FC002E814668DD029BABF110
:10211000080B06FB07F203F58473059202930BEBA1
:102120000003AB46049300239A46CDE90657B8F165
:10213000000F4CDDD4460022069909EBC20501329E
:1021400001EBCC01B444904503C985E80300F3D109
:102150000BF1040C1F46DE460025ACF10402B8F179
:10216000010F99E8030082E8030030D05CED016ABA
:1021700049469EED017A00223A440398D1ED037A54
:102180000831904291ED005AD8BF121A029800EB24
:10219000C200D0ED005AD0ED014A25EEA76A04989E
:1021A00064EEE77A8142A5EE246AE5EE257A37EE01
:1021B000067A76EEA76A4CED016A8EED017ADBD1E4
:1021C0000135059AA644A444A8451744C5D10AF18F
:1021D000010A079A0BF1080B56451344A7D148464C
:1021E00009B0BDEC048BBDE8F04FEEF769BC4FEAD7
:1021F000C804029B204603F58476D3F800A0EEF7CE
:1022000057FCB8F1000F8146E9DD22462946EEF77A
:10221000B5FBA4F108024FF0000C2C1D4A44E64621
:10222000231FB8F1010F99E8030083E80300D6D01B
:1022300054ED016A494695ED017A00236344D1EDDE
:10224000037A91ED025A08315345A8BFA3EB0A0364
:102250008A4206EBC300D0ED005AD0ED014A25EECC
:10226000A76A64EEE77AA5EE246AE5EE257A37EEF2
:10227000067A76EEA76A44ED016A85ED017ADDD132
:102280000EF1010E0835BC440834F045C8D1A6E76C
:102290002DE9F84F834621308846C0002DED028B92
:1022A000002B00F0D180002A00F094801968814250
:1022B000C0F09080924618605846CAE900B8F2F71C
:1022C000A7FBBBF1000F06460F462ADDD146B8F149
:1022D000000F40F08F8062A5D5E90045404608F127
:1022E0000108F2F795FB22462B4609F10809F2F79F
:1022F000F9FB32463B46F2F71FFDF2F7B5FE08EE5A
:10230000100AB0EE480AF0F7E1F8F0EE407AB0EECD
:10231000480AC9ED407AF0F70FFDC34589ED410A3F
:10232000DCD130463946F2F79FFE00EE100A0AF182
:102330000809B5EE400AF1EE10FA00F18C80F1EEDA
:10234000C07AFBFE677A17EE900AF2F773FB4FF044
:10235000040804460D460026434F9BFBF8F308FB98
:1023600013B27AB3B8F1020F3CD0B8F1040F15D113
:102370004FF0020800204FF0804102460B462046F5
:102380002946F2F721FEB0B9304639469BFBF8F3F7
:1023900008FB13B2B2B1B8F1020F28D008F102085D
:1023A0004046F2F735FB02460B4620462946F2F737
:1023B0000BFE0028E8D0D8469BFBF8F308FB13B2CD
:1023C000002ACFD1012B9B46C9E9008305DD09F125
:1023D0000809C2E718604FF0000A5046BDEC028BB6
:1023E000BDE8F88F4FF0030830463946C5E74FF097
:1023F0000308C2E74FF00008404608F10108F2F771
:1024000007FB09F1080916A3D3E90023F2F76AFBD9
:1024100032463B46F2F790FC01F100452946F2F7BF
:1024200023FE08EE100AB0EE480AF0F74FF8F0EE7F
:10243000407AB0EE480AC9ED407AF0F77DFCC3451A
:1024400089ED410AD8D16CE7EEF732FB82460028CD
:102450007FF432AFBFE7F0F793F9F0EE407A70E720
:1024600000000060FB2119C000000840914270B5D7
:10247000044682B00AD01046012304F10802CDE9D7
:1024800000241A46FFF790F802B070BD06680D46AA
:10249000F6003046EEF70CFB019408340123294680
:1024A000009404461A46FFF77FF832462146284634
:1024B000EEF764FA204602B0BDE87040EEF700BBCC
:1024C0002DE9F04310F001062DED048B83B040F0B0
:1024D0008180441017469946324601AB20460D468E
:1024E000FFF7D6FE14EB4403DDF8048048BF013348
:1024F00008F10C005B1000EBC300B9F1000F77D0BE
:10250000D9F80030C9F8000083426BD3002F69D09E
:1025100007F10C0201AB204602EB0801A046C7E917
:10252000002101EBC401B9602946FFF7B1FE002C80
:10253000B8BF04F10108012C4FEA680825DD07EE59
:10254000904AF6EE009ABC68F8EEE78A1DBB9FED54
:102550002A9A0135083407EE905AF8EEE77A87EEAA
:10256000A88A38EE298A28EE098AB0EE480AEFF7E1
:10257000ADFFF0EE407AB0EE480A44ED027AF0F793
:10258000DBFBA84504ED010AE3DC384603B0BDECF3
:10259000048BBDE8F0839FED199A0136083407EEED
:1025A000906AF8EEE77A87EEA88A38EE298A28EE54
:1025B000098AB0EE480AEFF789FFF0EE407AB0EEF4
:1025C000480A44ED027AF0F7B7FB464504ED010AEC
:1025D000E3DBDAE70A4B242201210A481B68DB68A7
:1025E000EDF758FF002003B0BDEC048BBDE8F0838D
:1025F000EEF75EFA074689E7DB0F49C0DB0F49407B
:10260000000000202C0E020870B5054600684368E3
:10261000002B68D114466A680668FFF727FF6B68CD
:102620000022002E04EBC601D3ED007AB64693EDEE
:10263000017AB8BF06F1010E012E4FEAC60C77EE03
:10264000876A4FEA6E0E77EEC77AC4ED006AC1ED75
:10265000007A62604A6045DDF6EE005A2246AD68B7
:1026600003EB0C00012410ED016A0134D3ED036A81
:10267000083295ED015A083976EE267AD3ED023A02
:1026800010ED027A76EEC66A95ED004A744573EE57
:10269000C74A03F1080325EE676AA0F1080067EE58
:1026A000847A05F1080537EE237AA4EE846AE4EE15
:1026B000857A77EE064A37EEA65A37EE467A77EEF7
:1026C000E67A24EEA56A65EE256A27EE257A67EE9E
:1026D000A57A82ED006AC2ED016A81ED007AC1ED52
:1026E000017AC0DD70BD034B5821034A0348EDF762
:1026F000CBFD00BF540E020840440208700E0208D1
:10270000F8B5054600684668012E5FD104680B469F
:10271000D1ED007A03EBC40C6968002C27469CEDD0
:10272000007A4FEAC40EB8BF671C012C77EE877A97
:102730004FEA6707C1ED007AD3ED007A9CED007A8D
:1027400077EEC77AC1ED017A3CDDAD688E440C4668
:1027500093ED036A01361CED014A0834D3ED026A99
:10276000AEF1080E34EE067AD5ED005A5CED027A31
:1027700036EE446AD5ED014ABE4236EEE75A03F121
:10278000080377EEA67AACF1080C67EE256A05F12E
:10279000080524EEC77AE5EE246AA5EE257A76EEE2
:1027A000665A37EE875A76EE866A77EEC77AB1EECA
:1027B000657A84ED005AC4ED016ACEED007A8EEDA3
:1027C000017AC5DDBDE8F840FFF750BE024B8C2111
:1027D000024A0348EDF758FD880E02083444020807
:1027E000700E0208D0F8103530B443B1D1F810455E
:1027F000D2F8103554EA03050DD1C0F81055C0EDDC
:10280000000A9FED127AC7EE207A30BCFDEEE77A1F
:10281000C0ED017A704794B1D1ED000A002BEED0E3
:10282000B7EE007AD2ED007A60EE277A37EE407A82
:10283000E0EE877AF0EE670AC0ED007AE1E713B1C7
:10284000D2ED000ADBE7D0ED000ADAE7DB0F494002
:1028500008B52DED048BB0EE609AB0EE418AF0F72A
:10286000AFFAF0EE408AB0EE490AF0F7A9FAB7EEF7
:10287000007A60EE087ADFED076A37EE487AE7EE15
:10288000287ABDEC048BBDE8084027EEA60AF0F7D5
:1028900003B900BF8E5D1340002B11DDF7EE006A17
:1028A00001EB830376EEC06AF2EC017AB1EC017AB7
:1028B00067EE807A8B42E7EE267AE0EC017AF3D17C
:1028C000704700BF2DE9F04F8BB00E460131F7EE97
:1028D000007A00AFF0EE402AC7E904328B0011EA1B
:1028E000260138BF3146012E03F107024FEA61018C
:1028F00022F00702ADEB020D6D46ADEB020D6C460A
:10290000FD60E5EC017ABC60E4EC017A40F3A9815A
:10291000F0EE676A00F1040C01221844BCEC017A65
:10292000013230ED016A914277EE065A37EE467A6F
:1029300075EEE77A76EE876AE4EC017AE5EC016AF7
:10294000ECDA0022D7E9024094ED007A0132D0EDB2
:10295000007A37EE077A914277EEA77AA4EC017AF3
:10296000E0EC017AF0DC4A1CB7EE006A9FEDC17A18
:102970004FF0000890000A1FBFEE003A3B6052087B
:1029800000F1070BF6EE003A43460232F0EE475AEA
:10299000B0EE464A2BF0070B4FEAC2093A6978605D
:1029A0000132C7F818807A62BA69E846ADEB0B0DC0
:1029B00012F0010F6C46D7E9022084ED004A04F1C1
:1029C000080E08BF9246224618BF8246032E02F127
:1029D000040282ED006A15462BDD072E76EE066AAC
:1029E00040F33C81B7EE005A04EB090CF0EE467A56
:1029F0000220C7F820A096EEA75A0EF1080A7446E6
:102A00000230E24505F10805D6EE857A05ED015A5A
:102A1000CEED017AD646EED1D7F820A0F4EC017ABB
:102A20000130B5EC015A8142D6EE857AECEC017AA0
:102A3000F4DA78689FED8F5A8244002054460130C2
:102A400052ED017A74ED016A04328142A6EEA75A72
:102A5000F5DAF4EEC35AC546F0EE464A3B62F1EEB3
:102A600010FA5DDBEE46ADEB0B0D74EEE25A032E71
:102A70006846034680ED004A00F1080C03F10403A8
:102A8000C3ED005A1C4627DD072E75EEA56A40F3FC
:102A9000DF80B7EE006A00EB0905F0EE657A0222EE
:102AA00097EEA66A0CF1080860460232A84504F1C8
:102AB0000804D6EE867A04ED016ACCED017AC446AC
:102AC000EED1F0EC017A0132B4EC016A9142D6EE1B
:102AD000867AE5EC017AF4DADFED667A5046002278
:102AE000013213ED016A70ED016A04339142E6EEA2
:102AF000867AF5DA67EE856AF546F5EEC06AF1EE9C
:102B000010FA28D4F5EE407AF1EE10FA23D0F4EE64
:102B1000C35AF0EE654AB0EE675AF1EE10FAA1DA48
:102B2000BA69B0EE646A3B6A01329642BA617FF4D8
:102B30003BAF98463B687C69043BE51894ED000A7E
:102B4000EFF798FCA4EC010AA542F7D140462C37D8
:102B5000BD46BDE8F08F3A693B6A002A03F10103E4
:102B600079DB4FF0000EFB61E846ADEB0B0D34EE68
:102B7000A56A032E6846034626EE236A80ED004AC6
:102B800000F1080C03F1040383ED006A1C462ADD02
:102B9000072E76EE066A58DDB7EE007A00EB0905DF
:102BA000F0EE467A0222084696EEA77A0CF108016A
:102BB000C7F820C00232A94204F10804D6EE877A91
:102BC00004ED017ACCED017A8C46EDD10146386AEC
:102BD000F0EC017A0132B4EC017A8A42D7EE267A1F
:102BE000E5EC017AF4DDDFED237A50460022013274
:102BF00013ED017A70ED016A04339142E6EE877AB3
:102C0000F5DA27EE857AC546B5EEC07AF1EE10FA10
:102C100018DDF0EE464AB0EE675A0EF1010E7B6AFF
:102C20009E45A1D1FB69B0EE467AD7E9052002EBBB
:102C3000800282ED006A024601329642BA617FF458
:102C4000B3AE76E7F0EE465AE7E765460222BFE705
:102C50006546022235E7B0EE476AE4E7F446022013
:102C6000DCE63FF480AE4FF000082C374046BD460E
:102C7000BDE8F08F000000002DE9F04F4FEA820A16
:102C8000154683B00AF107024FEA8A0300AF22F02B
:102C900007020833002D7960ADEB020DE846ADEB7D
:102CA000030D6E4679DD0446C14600EB0A0BB4EC19
:102CB000010AEFF70BFCA9EC010AA345F7D16C1050
:102CC0000021304622010832EDF766FC002C04F1A9
:102CD000FF33D7F80490B7EE007A4FEA0313D8BF5A
:102CE000002309F10401B6EE002A0C33DFED332A8C
:102CF0005144F2180023012D4CDDF0EE477A404696
:102D000033464FF0000C90ED006AB0EE473AD0ED3C
:102D1000016AF0EE673A36EE066A93ED005A76EEF7
:102D2000A66AD3ED025A0CF1010C93ED014AA6EE0E
:102D3000457AD3ED034AE6EEE57AA44583ED015AE0
:102D400000F10800C3ED035A03F1100303ED043A48
:102D500043ED023A37EE047A77EEA47AD3DB1346DA
:102D6000D3ED016A93ED026A77EE266AC3ED027A2B
:102D700077EEC67A83ED017AB0EE627A76EEA77AC4
:102D800067EE827AE9EC017A4945B4D10C37BD4649
:102D9000BDE8F08FF0EE477AE2E72C46B8BF6C1C36
:102DA0006410A300013302DA002D8FD0EEE7002477
:102DB000C6E90044002D89D0E8E700BF000000000C
:102DC00038B5041E1DDD0820EDF772FE054620B360
:102DD00004EB840104608C002046EDF769FE034695
:102DE0006860A0B10022DFF854C00119C3F810C018
:102DF000C3E90022C3E9022214338B42F6D12846EC
:102E000038BD094B2A21094A0948EDF73DFA094B1B
:102E10003121064A0648EDF737FA074B2C21034AC1
:102E20000348EDF731FA00BFA40E02085C44020823
:102E3000B00E0208D40E0208C40E0208AEC59D747E
:102E400010B540B104464068EDF73AFE2046BDE8B3
:102E50001040EDF735BE034B3C21034A0348EDF724
:102E600013FA00BFC40E02084C440208B00E020858
:102E70002DE9F04F1F1E2DED028B83B0DDE90EB55D
:102E800028DD930004468946904600260193B8F158
:102E9000000F5CDD019A4B469FED2E8AA218F4ECE0
:102EA000017AB3EC017A944277EEC77AA7EEA78A4B
:102EB000F5D12E60DBE9003003EB830200EB8202E8
:102EC00052ED017AF4EEC87AF1EE10FA07DC013621
:102ED000B742DCD103B0BDEC028BBDE8F08F002B14
:102EE000F5DD82464FF0000CDAED047AF4EEC87A94
:102EF000F1EE10FA0CDC0CF1010C0AF1140A634536
:102F0000E5D0DAED047AF4EEC87AF1EE10FAF2DDEB
:102F1000A3EB0C020CF1010C5146013A0CEB8C0CAA
:102F200002EB820200EB8C009200EDF745FCD5F835
:102F300000C06868AA68EB68CAF800C0CAF8040054
:102F4000CAF80820CAF80C308AED048ABFE79FED62
:102F5000018AAEE700000000022B2DE9F041164681
:102F6000079A65DD002A61DD069D0C460746D91EDD
:102F700005EB82080022531CB5EC017A04EB830CAC
:102F80009800DCED007AB4EEE77AF1EE10FA13DD8A
:102F9000914211DD043004EB000C05E08B4200F19E
:102FA000040E09D070460133FCEC017A1A46B4EEE7
:102FB000E77AF1EE10FAF1DC9300304404EB820C76
:102FC00037EE677A06EB030E0833D0ED006AA845AA
:102FD000DCED004A04EB03009EED006A334437EE5B
:102FE000E44AD0ED005A36EEC66A93ED005A75EE0B
:102FF000E77A35EE665A75EEE45AC6EE044A85EE77
:10300000276A67EEA47AE6EE047A36EE646A86EE04
:10301000255A87EEA56A65EE075A66EE077AE7EE4F
:10302000257A76EEA76AE7EC016AA4D1BDE8F081C3
:10303000024B3921024A0348EDF726F9E80E02084F
:10304000E0440208F00E02082DE9F04F2DED068B4A
:10305000ADF2345D904602AFC2B0D8F804A07B61F7
:1030600002AAC2B0BAF1000F39610DF1080EC2B068
:10307000FA6102ABBB6140F3A78007F1240C07F5AE
:103080002A714346B3EE049A08F10C05DFED568A27
:103090009FED568A01240E46E04681469B46C7F8BE
:1030A0000CE0C7E901C1B5EC010AB5EE400AF1EE4A
:1030B00010FA00F09280EFF783FE07EE904A9BED46
:1030C000007A0134F8EEE77A20EE090A544567EEFB
:1030D000877A99ED007AA8EC010AB8EEC77AC7EEB4
:1030E000286A67EEA67AC7EE886AE6EC016ADADD3E
:1030F000D7F80CE0D846D7E901C1DFED3D7A70463C
:103100009FED3C6A0022C7EE276A07EE902A013243
:10311000412AF8EEE77A67EEA67A67EE867AE0EC67
:10312000017AF2D15346CDE900E2FC6962462046BD
:10313000FFF712FFD7F868257B69214600928022AD
:10314000D7F81890484605F073FED8F80460002EB2
:1031500033DDB6EE00AAD8ED009A3C6901360125B0
:103160009FED259ADFED258AC84607EE905A013576
:103170000834B8EEE77A27EE297A27EE097AC7EE07
:10318000287A77EE8A7AFBFE677AFDEEE77A17EE09
:10319000903A08EB830393ED008AB0EE480AEFF70C
:1031A00095F9F0EE407AB0EE480AC4ED007AEFF7F8
:1031B000C3FDB54284ED010AD7D107F22C57BD46B5
:1031C000BDEC068BBDE8F08F90ED007A07F1240C82
:1031D00007F52A71B8EEC77A8FE7094B40F27311F1
:1031E000084A0948EDF750F80000FA44DB0F49405F
:1031F00000007A440000003C00000043DB0FC9409F
:10320000080F0208BC440208F00E0208DFED096A4C
:10321000F7EE007A80EE267A08B537EE270AEFF748
:10322000CFFDF6EE007A9FED047AE0EE077ABBFE62
:10323000670A08BD00002F440030224538B54B1EF8
:1032400070EEC00A002907EE903AF8EEE77A2DED0D
:10325000068BC0EEA78A1CDD04469FED0FAADFEDAA
:103260000F9A00EB81059FED0E9AB0EE408A88EE32
:103270000A0A20EE290AEFF70FFCF7EE007A38EE83
:10328000288A70EE677A67EE897AE4EC017AAC42BC
:10329000EDD1BDEC068B38BD003022458E5D13406C
:1032A0003333333F9C464B68002B2DE9F04F834668
:1032B00010462DED048BADF22C5D64DD09AA894624
:1032C000AAA95F469FED318A09F10C08DFED309A1B
:1032D00003F1010A9FED2F9A1546DFED2F8A012495
:1032E0000E4693460791CDE90323CDE9050CB8ECD2
:1032F000010A30EE290AEFF763FDB3EE047A07EE18
:10330000904AD9ED006A013420EE070A97ED007A61
:10331000F8EEE77AB8EEC77AB4EE480AA5EC010AEF
:1033200067EEA67AC7EE096AF1EE10FA30FE088A57
:10333000544567EEA67A87EEA87AA6EC017AD6D134
:10334000DFED167A5A46079938EE678ADDE90353AE
:10335000DDE9050C0BEB8304F5EC017AB4EEE78AAA
:10336000F1EE10FAC8BF05ED018AA542F4D1DDF8EF
:103370006045CDE900C4FFF7EFFD0DF22C5DBDEC1B
:10338000048BBDE8F08F09AAAAA9F0E70000C8C223
:103390009595E6240000FA44DB0F494000004842BE
:1033A0002DE9F04F81469000002A00F107032DED32
:1033B000088B83B023F0070300AFADEB030D7860FB
:1033C00053DD9FED309A6B46F0EE40AA0D46F3EECA
:1033D00004BA9A46F0EE499A4C4601EB000B9FED79
:1033E0002ABA9FED2AAA4E469846B5EC010AF2EE9B
:1033F000048A80EE0B0AEFF7E3FC96ED008A20EEDC
:103400002B0A30EE088AA8EC010A88EE280A20EE82
:103410000A0AEFF741FB28EE2A8A79EE809A88EEB5
:10342000280AA6EC018A20EE0A0AEFF735FB5D4573
:1034300039EE009AD9D189EE290AEFF7C1FC7B68F1
:10344000994420EE280AD4ED007ABAEC017A77EE9E
:10345000C07A77EEC77AE4EC017AA145F3D10C3754
:10346000BD46BDEC088BBDE8F08F9FED060A80EEEF
:10347000000AEFF7A5FC0C37BD46BDEC088BBDE894
:10348000F08F00BF000000009A99993E8E5D1340B6
:1034900030B4029D0024C2E90044C2E9024453EA68
:1034A00005042DD1514BDFED527A06EE903A07EE2E
:1034B000103A05EE103A036043608360C360DFEDAD
:1034C0004D5AFDEEE77A85EEA66AC1ED007AC5EEAB
:1034D000876A85EE857AFBFE467AFDEEE77A30BC98
:1034E00017EE903AFBFE666AFDEEE66A4B60C1EDB0
:1034F000026AFBFE477AFDEEE77AC1ED037A704778
:103500001C1E18BF0124BDB9B4B19FED3A7A012346
:10351000364CF0EE406AC7EE007A80ED010A80ED8D
:10352000000A07EE104AC46005EE104A8460C2E942
:103530000033FBFE677AC2E7003D18BF01259BB947
:1035400095B12A4C0123C0ED030AB0EE607AC0EDBC
:10355000020AB0EE605A446006EE904A0460DFED65
:10356000247AC2E90233AAE784B37DB3B0EE406A9D
:103570009FED217AB6EE085ADFED1E4AF5EE007A8D
:103580000123A0EE876A20EE857A60EEA76AF6EE48
:10359000005AA0EE277AE0EE056AC4EE867A80ED46
:1035A000006A136060EEA50AC0ED016A5360E0EEA8
:1035B000250AC0ED020A9360FBFE677A80ED037A6C
:1035C000B0EE607A90ED035AD36078E7DFED096AD8
:1035D00090ED007A90ED035AC6EE877AD0ED016A3D
:1035E00090ED027AFBFE677A69E700BFFDAD803D92
:1035F00000004842DB0F4940000000002DE9F04F79
:103600002DED028BADF2145D82469B460C4602AF57
:1036100011464FF0814ED7F838C500220CF102094F
:103620000CF10103BCF1000F4FEA890606F1070017
:1036300020F00700ADEB000D02ADADEB000D0DF17C
:10364000080805EB8300029208EB830302602A60FE
:10365000C3F800E00ADD083E281D3246EDF78EF97A
:103660003246594608F10400EDF788F96668002EE5
:1036700042DDDAED007A07F522709FED287A711CA1
:10368000F8EEE77AD4ED005A9FED256A0246012351
:10369000C7EE876A07EE903A01339942F8EEE77A6F
:1036A00067EEA57A67EEA67A87EE867AA2EC017AB3
:1036B000F0D10C34F3EE048A2A4601963D1D04EB4A
:1036C00086069FED188A4B4600904146381DFFF74D
:1036D00043FCF5EC017A87EEA80A20EE080AEFF722
:1036E000DBF9A4EC010AB442F3D107F20C57BD4652
:1036F000BDEC028BBDE8F08F07F52274381D4B46F8
:103700002A464146CDE90046FFF726FC07F20C5752
:10371000BD46BDEC028BBDE8F08F00BF0000FA444F
:10372000DB0F49408E5D13402DE9F04F93B01646F4
:103730001C4602AFFD6EFA601A4679613146786028
:10374000D7E91CB90095BB6EFFF7ACFD002D40F327
:103750004381AA00DFEDAA7A23463A6104EB850291
:10376000B3EC017A934277EE877AF9D107EE105ADB
:10377000012DF8EEC76A87EEA67A8BED007AD4EDBC
:10378000007A77EEC77AC9ED007A0CD0231D09F1D3
:103790000401F3EC017A9BED007A934277EEC77A4D
:1037A000E1EC017AF5D1D7F88430DFED965A9FED40
:1037B000966A9FED935A002B40F0D48038694A46B0
:1037C0009249D7F880304844F2EC017AF1EC016A72
:1037D000B3EC017A77EEE67A67EEA57AE7EE067A41
:1037E000F5EEC07AF1EE10FA48BFF0EE457A90425D
:1037F00043ED017AE8D13B69854C0733C7F808D01F
:10380000E26823F007037A62ADEB030D2368E269F7
:103810009D420DF108083A6240F0EB800520002639
:10382000FFF7CEFA82460520FFF7CAFA07F1300308
:10383000B8612A464946C7E90C66C7E90E66019396
:10384000CDF800A0A368786AFFF712FBA3693C6972
:10385000C7F870B0C3464C44A846BD69FB61C7F8C1
:103860001090DAF80430B8F1000F9859786310DD41
:103870007B6A00FB08F0DC4603EB80004B46B0ECB3
:10388000017AF3EC017A77EEC77AA342ECEC017A85
:10389000F5D107F13003143642465946CDE90053BD
:1038A000FB69386AFFF7E4FA642EDAD14546BA6953
:1038B0003B695268002DD7F870B0D2E900687FDD0F
:1038C00008FB05F2386A06FB05F1154400EB81019F
:1038D000786A00EB850CBD6F00EB82022846F2ECA3
:1038E000017AB1EC017A944577EE877AE0EC017ABF
:1038F000F5D150467B62FFF7A3FAB869FFF7A0FA4B
:103900007B69C3E90086FB6FD7F808D093ED007A96
:10391000FA6F7B6AF3EC017AF5EC016AA34277EE69
:10392000E67AA7EEA77A82ED007AF3D14FF07E53C4
:10393000384A5946FB6207F13003D0680193936817
:103940000093136807F12C0205F050FB7B69986027
:10395000FB68D3F8100548BB7B694437D860BD4687
:10396000BDE8F08F38694B462849D7F88020484495
:10397000F3EC017AF1EC016AB2EC017A77EEE67AC7
:1039800067EEA57AE7EE067AF5EEC07AF1EE10FA68
:1039900048BFF0EE457A984242ED017A13ED017A84
:1039A00077EE677A43ED017AE2D124E7062193EDC1
:1039B000000A786805F086FD002808BF0120CBE7E3
:1039C0005046FFF73DFAB869FFF73AFA7B69C3E959
:1039D0000086D7F808D0A9E707EE905ADFED086A0D
:1039E000AB00B8EEE77A3B61C6EE877ACBED007AA2
:1039F00001E7094BB421094A0948ECF745FC00BF2F
:103A0000000000000AD7A33C48E17A3F6C4402085A
:103A100020BE020850FE03081C0F0208CC44020816
:103A2000F00E02082DE9F043984683B03F4B0E4656
:103A30000C9C1146DA680546DB6900920193DDE9CA
:103A40000A79D9E90032002C47D0B8F1000F61DDC6
:103A5000A446304604EB88035CF8044B9C4540F8D0
:103A6000044BF9D10D9B23BB314BD9F80820DB68FF
:103A700003EB820393ED007A87ED007AD6ED007AAE
:103A8000B8F1010F77EE877AC5ED007A0EDD06F109
:103A9000040C2C1D06EB8806BCEC017AD7ED007AED
:103AA000B44577EE877AE4EC017AF5D103B0BDE84E
:103AB000F0834246B7EE080A3046FFF771FC1C4B14
:103AC000D9F80820B8F1000FDB6803EB820393ED0F
:103AD000007A87ED007AD1DCE8E7B8F1000F19DD54
:103AE00008FB03F3019808FB02F2009C00EB820044
:103AF00008EB030204EB830304EB82043246F3EC8D
:103B0000017AB0EC017A9C4277EE877AE2EC017A96
:103B1000F5D1A7E70D9B002BCBD1054BD9F8082099
:103B2000DB6803EB82031B683B60BFE720BE020833
:103B300050FE03082DE9F04F2DED028B97B01E4685
:103B400090460D4604AFD7F8889007F1140138600D
:103B50004FEA8903D7F89C00D7F894A01A46FB6077
:103B60004B4602F1070CD7F884202CF0070CADEB84
:103B70000C0D04ACADEB0C0D7C600390D7F89800F5
:103B8000CDE9001A029004A92046FFF74BFFDAF8AE
:103B90000C30BB60002B40F085809FED478AB9F167
:103BA000000F25DDF7EE006ABA6FFB68B5EE005A2C
:103BB0004FF0000C0424F0EE665A9818D7F804E091
:103BC000924635EEE66A714606EB8C025346F1ECFE
:103BD000017AB3EC017A67EE867A9842E7EE267AAC
:103BE000E2EC017AF3D1013C76EEC56ACC44E8D12F
:103BF000FB6F07F1280B07F1380AF0EE480A93ED46
:103C0000000A5A46BB68514607F118002C4600933B
:103C10000025D7F880301B68FFF73AFCC7F888907A
:103C2000D7F8009007F118033246214648462B4446
:103C30001B6823605AF8053063605BF80530043573
:103C4000C4F81035D7F888300093D7F88430FFF7E0
:103C5000D5FCD7F890302246414600934846D7F825
:103C60008C3004F21454FFF7EFF9FB68102D08F5BF
:103C7000A1681E44D6D1D7F88890B9F1000F04DDB1
:103C80001A467968B86FECF779FEFB6FBA6883ED76
:103C9000008AD7F880304C371A60BD46BDEC028BE5
:103CA000BDE8F08F19460622386805F045FC01236F
:103CB000B0EE408ABB6072E7FDAD803D38B504468A
:103CC00020202DED028BF8F73BF9C4F89401002871
:103CD00054D0D4F8381200295ED0D4F84C21002AF0
:103CE00053D004F1C8050AF0C5FF2F49284694EDCA
:103CF000588AECF7A5FF70BBD4F8DC20531C39DBE5
:103D000094ED616A0232D4ED626A00239FED277A56
:103D100007EE903A0133F8EEE77A934277EE867A2F
:103D2000A7EEA67AF4D194ED5A0A07EE902A9FEDF9
:103D3000206AF8EEE77AC0EE066A26EE877A87EE0A
:103D4000278AD4F8940188EE000ABDEC028BBDE806
:103D500038400AF0BBBF17492846ECF771FF00282E
:103D6000CAD015492846ECF76BFF0028C4D094ED63
:103D70005A0AE6E79FED0D7A0232D4E70F4B40F284
:103D800023210F4A0F48ECF77FFA0F4B40F2252111
:103D90000B4A0C48ECF778FA0C4B4FF40971084ABF
:103DA0000848ECF771FA00BF9C0F02080000000001
:103DB000DB0FC940A40F0208AC0F0208380F02083D
:103DC000F0450208500F0208800F0208640F020835
:103DD0002DE9F0470D46D0F8DC10DFED657A174687
:103DE00011F10108B0EE677A2DED0A8BC5ED007A6E
:103DF000C5ED017A12D410323B4602EBC10293EDBD
:103E0000006A083353ED016A77EE867A9A4237EEFC
:103E1000267AC5ED007A85ED017AF0D190ED5FCA82
:103E2000D0F8E8906CEE277A2CEE077AB9F1010F02
:103E3000C5ED007A85ED017A77DDD0ED629A07F164
:103E4000100690ED609A4FF0010ADFED49BA06EBDB
:103E5000C10629EE899A07EE90AAB8EEE7AA69EEA4
:103E60000A8A29EE8AAAB0EE680AEEF765FFB0EE7C
:103E7000408AB0EE680AEEF729FBA8EE2B0AF0EEB6
:103E8000408AB0EE4A0AEEF757FFB0EE40BAB0EE05
:103E90004A0AEEF71BFBB8F1000FABEE2B0AC5ED9B
:103EA00002BAC5ED03BAF0EE40CA42DB9FED30AA7C
:103EB0003C46F0EE4AAAD4ED010A94ED000A60EE09
:103EC000A86A28EE606AE0EE086AA0EE286AF4EEBE
:103ED000466AF1EE10FA31D66CEE887A28EE4B7A0B
:103EE0003AEE06AAEBEE287AACEEA87A7AEEA6AA0B
:103EF00085ED02AAC5ED03AAF4EE477AF1EE10FAB9
:103F000027D60834F0EE478AB0EE678AB442D2D1A1
:103F10000AF1010A2CEE0AAA6CEE2AAA0835CA4553
:103F200085ED00AAC5ED01AA95D1BDEC0A8BBDE8CF
:103F3000F087DFED0FAAB0EE6AAAE9E7F0EE481AC3
:103F4000B0EE681AF1F70CF9B0EE406AF0EE606A74
:103F5000C2E7F0EE4B1AB0EE6C1AF0EE480AB0EE83
:103F6000680AF1F7FDF8B0EE407AF0EE607AC8E743
:103F7000000000002DE9F047D0F8DC707B1C2DED2F
:103F80000A8B7ADB01F1100591460E460B4605EBD4
:103F9000C7050833D9F80040D9F804209D4243F8FA
:103FA000084C43F8042CF4D1D0F8E83090ED619A35
:103FB000012BD0ED629A60DD07F1020AA9F1080732
:103FC0000D1D9FED3DAA07EBC3074FF0000807EE5C
:103FD000908A4C46B8EEE78A38EE098A28EE298A9C
:103FE000B0EE480AEEF7A8FEF0EE407AB0EE480ACE
:103FF000B0EE678AEEF76AFA96ED01BA55ED01AABE
:10400000A8EE0A0AB1EE48CAF0EE4C8AF0EE40BAC9
:10401000B0EE408AD4ED030A94ED020A68EE206AFD
:1040200020EEE86AE8EE806AA8EE006AB4EE666AFE
:10403000F1EE10FA25D668EEAB7A2CEE687A7AEEBD
:1040400086AAE8EE0C7AA8EE2B7A3BEE26BA45ED6E
:1040500001AA86ED01BAB4EE677AF1EE10FA1BD62A
:104060000834B0EE478AF0EE678AA742D2D108F151
:10407000010808360835D045A9D1BDEC0A8BBDE84A
:10408000F087F0EE681AB0EE481AF1F769F8B0EE72
:10409000406AF0EE606ACEE7F0EE4C1AB0EE6B1AB2
:1040A000F0EE680AB0EE480AF1F75AF8B0EE407A3E
:1040B000F0EE607AD4E700BF000000802DE9F04FF9
:1040C0002DED0A8B8FB09FEDC78A00260C46D0EDF0
:1040D000638AD0ED64AA04AFD0F808A1F4EEEA8AAE
:1040E000D7F87880D7F87CB0BA6001EBC202F1EE65
:1040F00010FAC8F80060F861BB618BED008A00F22D
:104100009580B0EE489A4FEACA03DFEDB59A796020
:10411000C7E90323FB6968EEA97AC7F814D0BAF19E
:10412000000F93ED5A7A3B6987EE87AAADEB030D3A
:1041300004AD40F3FD81D7F818902E46B0EE68BA72
:104140000024F0EE48BA07EE904AF8EEE78A68EEEF
:104150008A8AB0EE680AEEF7EFFDB0EE408AB0EE64
:10416000680AEEF7B3F999ED001AA8EE090AD9ED3D
:10417000011A61EE087A28EE617AE1EE807AA1EE0A
:10418000007AF4EE477AF1EE677AF1EE10FA80F1F8
:104190000A82013486ED007AC6ED017A09F1080938
:1041A000A24506F10806CED1F0EE4B8AB0EE6B8A3E
:1041B000D7F80C80002407F1200907F124064046B7
:1041C0004B465246294687ED089A08F1200887EDAC
:1041D000099A00960AF07CFED7ED090A97ED080AC5
:1041E000A0EE890AEEF72AF9B4EEC80AF1EE10FA49
:1041F00005DDB0EE408ABB6F1C60CBED008A043455
:10420000A245DCDAF1EE047AD7F814D078EEA78A6A
:10421000F4EEE8AAF1EE10FABFF67CAFD7F878809A
:1042200028EE088AFA687C68D8F80060BAF1000FB6
:1042300040F3AF81DFED6B8A0AEB060302EBC609A0
:10424000D7F818A0B0EE689A02EBC3059AED017A90
:104250009AED001A27EE070A67EE417AF1EE471A47
:10426000A1EE010A77EEE77AF0EE670AF4EE407A03
:10427000F1EE10FA80F1C481EEF7E0F8D9ED017AA1
:1042800039EE009A99ED001A27EEA70A67EEC10AE7
:10429000F1EE671AA1EE010A70EEE00AF4EE400AB0
:1042A000F1EE10FA80F1BA8109F10809EEF7C6F8CB
:1042B0000AF1080A78EE808A4D45C7D1DFED4A7AC7
:1042C000E9EE287AFB69C8EE278AD3F84032022B40
:1042D00000F33181BB68B0EE087AF0EE006A9FED22
:1042E000418A3344FA6907EE903AD7F88030D2F821
:1042F0000851C3ED008AF8EEE77ADBED00AA00234F
:104300007AEEC78AC8F800307AEE87AA8BED008A69
:1043100077EEE67AF4EEEA8AFDEEE77AF1EE10FA4D
:1043200017EE906A04EBC60100F2368107F1240310
:10433000B0EE489AB0EE67BAEA00DFED299A07F1CD
:10434000200A1E46C7E90321C7E91E8BFB6968EEF8
:10435000A97AC7F814D0002D93ED5A7AFB6887EE3E
:1043600087AAADEB030D0DF1100943DDD7F818B0A6
:10437000C846F0EE68BA0024B0EE48CA07EE904A8C
:10438000F8EEE78A68EE8A8AB0EE680AEEF7D4FCA7
:10439000B0EE408AB0EE680AEEF798F89BED001A8E
:1043A000A8EE090ADBED011A61EE087A28EE617ABF
:1043B000E1EE807AA1EE007AF4EE477AF1EE677AC8
:1043C000F1EE10FA80F10281013488ED007AC8ED37
:1043D000017A0BF1080BA54208F10808CED105E0DF
:1043E000DB0FC94000000000CCBC8C2BF0EE6B8AC8
:1043F000B0EE4C8AD7F810800024D7F878B0404649
:1044000053462A46494687ED089A08F1080887ED81
:10441000099A00960AF05CFDD7ED090A97ED080AA3
:10442000A0EE890AEEF70AF8B4EEC80AF1EE10FA27
:1044300006DDB0EE408AFB6FCBF80040C3ED008A8A
:104440000134052CDBD1F7EE007AD7F814D078EEE2
:10445000A78AF4EEE8AAF1EE10FABFF677AF002DC6
:1044600028EE088A39691BEE106AD7E91E8BD8F846
:10447000004040F395805FED258A2544D7F81890D9
:1044800001EBC40AB0EE689A01EBC50599ED017A1B
:1044900099ED001A27EE070A67EE417AF1EE471A06
:1044A000A1EE010A77EEE77AF0EE670AF4EE407AC1
:1044B000F1EE10FA80F19D80EDF7C0FFDAED017AA0
:1044C00039EE009A9AED001A27EEA70A67EEC10AA4
:1044D000F1EE671AA1EE010A70EEE00AF4EE400A6E
:1044E000F1EE10FA80F193800AF1080AEDF7A6FFC9
:1044F00009F1080978EE808AAA45C7D15FED467AAE
:10450000E9EE287AFB69C8EE278AD3F84032022BFD
:1045100028DCBB68D7F880202C37F31AC2ED008A5C
:104520002344C8F80030BD46BDEC0A8BBDE8F08FCF
:104530003FF43EAE66E63D4BDBF800001B68DD68ED
:10454000F0F778FACDE9020118EE900AF0F772FA66
:104550003246CDE9000128463549ECF7C7FAD8F8CC
:104560000060B7E6314BDBF800001B68DD68F0F750
:1045700061FACDE9020118EE900AF0F75BFA2246E3
:10458000CDE9000128462A49ECF7B0FAD8F80040F6
:10459000BFE7DFED287A95E6002D1C463FF76BAFAD
:1045A000DFED247AAEE7F0EE480A0134F0F7D8FDEB
:1045B000F1EE600A86ED000AA24506F1080609F14F
:1045C000080946ED010A7FF4BEADEDE5F0EE480ABC
:1045D0000134F0F7C5FDF1EE600A88ED000AA5424E
:1045E00008F108080BF1080B48ED010A7FF4C6AE8C
:1045F000FCE6F0EE470AB0EE410AF0F7B1FD5BE7EA
:10460000F0EE470AB0EE410AF0F7AAFD34E6F0EE0C
:10461000670AB0EE410AF0F7A3FD65E7F0EE670A1E
:10462000B0EE410AF0F79CFD3EE600BF000000201E
:10463000B40F0208CCBC8C2B2DE9F04F2DED108B64
:1046400097B0814604AFD0F8482290F87232B9632F
:104650003A6183B1D0F89831002B01F0B881D0F8DD
:104660002811D0F85422881AD9F8A01101EBC00102
:1046700008460AF07BFBD9ED897ADFEDC56A99ED32
:104680005A7A67EEA67A99F86E32C7EE879A002BAF
:1046900040F01983D9F8E0303B630233C0F28884DC
:1046A000D9F8DC305A1CC0F283843A6BDB00D9F8AD
:1046B000A8610020D51C03F110040022BE6256F848
:1046C0002030E1181A60083343F8042C9942F9D1DC
:1046D0000130A842F3D1D9F814216C46D9F804115D
:1046E0007A610A44D9F8E830D9F84402551CA4EBA1
:1046F000C3043A620544A546F9625C1904AAF8614C
:10470000A542BB61FA6336DAD9F8A06192469FED03
:104710009AAA06EBC50607EE905AF8EEE78A68EE0D
:10472000A98AB0EE680AEEF707FBB0EE408AB0EE59
:10473000680A96ED019AEDF7C9FED6ED008AA8EE5B
:104740000A0A28EE097AF1EE481A69EE007AA8EE14
:10475000807AE8EE687AF4EE477AF1EE10FA80F1AA
:10476000628701358AED007ACAED017A0836AC42DB
:104770000AF1080ACFD1BB6A4846FA6B1B68194692
:10478000FB60FFF7F7FB3B6B002BC0F2F386BA6AC6
:104790000026D9F808317A633A6A7B62D518FB693A
:1047A0009FED75AA01351D44BB695C19A542AA4657
:1047B00037DAD9F8A031D7F83CB003EBC50807EEDB
:1047C00090AAF8EEE78A68EEA98AB0EE680AEEF7DA
:1047D000B3FAB0EE408AB0EE680A98ED019AEDF7B0
:1047E00075FED8ED008AA8EE0A0A28EE097AF1EEE5
:1047F000481A60EE097AA0EE287AE8EE687AF4EEBC
:10480000477AF1EE10FA80F1D5860AF1010A8BEDB4
:10481000007ACBED017A08F1080854450BF1080B3A
:10482000CDD17B6B4846FA6B013653F8041F7B638E
:10483000FFF7A0FBFB6A1D441C443B6B9E42B5DDA9
:104840007B6ABC6903EB43053B6A1D44FB69013588
:104850001D442C44A54237DAD9F8A0619FED46AA41
:1048600006EBC506D7F83C8007EE905AF8EEE78ACB
:1048700068EEA98AB0EE680AEEF75EFAB0EE408AFA
:10488000B0EE680A96ED019AEDF720FED6ED008AAB
:10489000A8EE0A0A28EE097AF1EE481A60EE097AC3
:1048A000A0EE287AE8EE687AF4EE477AF1EE10FA94
:1048B00080F19786013588ED007AC8ED017A0836D7
:1048C000AC4208F10808CFD13B6B4846FA6B9E1CFE
:1048D000BB6A53F82650B6002946FFF74BFB99F800
:1048E0006F32002B40F08381D9F8DC4004F10208DC
:1048F0004FEA8803073323F00703ADEB030D04AA47
:10490000ADEB030D04AB3A62FB61631CC0F29F8008
:10491000134618490022013243F8041B4245FAD1DC
:10492000D7F81C80920000214046EBF735FE002CA2
:1049300040F38D8099F80F32002B00F04D84012B4D
:1049400040F09286B96A1D46D9F8A42108F1040BFB
:104950000E44FC63C7F83090B6EE00BA56F8043C3B
:10496000D9464FF00C0A14467B634B68396A9B4664
:104970000E1D10E00000204100000080F304353FD0
:10498000CDCCCC3D6666663F00000000BD37863565
:10499000DB0FC94045460BEB0A004FEAC508D0EDD6
:1049A000000A04EBC50090ED00AA04EB0A00D0ED6C
:1049B000007A0BEBC50020EE8A9A67EEA09A90ED84
:1049C000000AF1EE67AAA7EEC09AE0EE0A9AB4EEEA
:1049D000699AF1EE10FA80F14E867B6B984403EBF6
:1049E0000A0098ED001AD0ED001A6AEE818A21EED5
:1049F000EA8AEAEE218AAAEE018AF4EE488AF1EE0A
:104A000010FA80F1258638EE298A05F1010878EE42
:104A1000898A0AF1080A28EE0B8A68EE8B8AB0EEC2
:104A2000480AF0EE680AEDF7B9FCF0EE407AF0EED5
:104A3000680AB0EE480AE6EC017AEDF7FFFCFB6B82
:104A4000A9EC010A9D42A5D11C46D7F83090D9F8AF
:104A50000031002B40F34885BA6A4FF000081FED83
:104A6000368A02F1040E22461FED3D9AC246002A04
:104A70001FED3EBAC7F82CE05DDDF96AD9F8AC410C
:104A80004D68D9E96FB3FB6399F87032002B40F0A1
:104A9000BF82396A0126FB6B081DF9697C6304310A
:104AA00009E0BEF1020F00F088820136D9F8DC205F
:104AB0000835B24233DB06F1FF3C7C6BD9F8E4E009
:104AC00002FB0AC295ED020AD5ED030ABEF1010F01
:104AD00004EBC20CF1EC017AB0EC017A8CED000A27
:104AE00038EE278ACCED010A0BEB820C03EB820235
:104AF000CCED007A82ED007AD3D1B5EEC00ABC6B62
:104B000001360835F1EE10FACCBF0122002244F83C
:104B1000282008F10108D9F8DC20B242CBDAD9F814
:104B200000310AF1010A9A4505DAF96A002A01F111
:104B30000401F962A1DC5FED6E7A1446D9F8082110
:104B400028EE278A7A62D9F814217A6104FB03F3EC
:104B500099ED8D6A5FED756A07EE903A99F86E22CD
:104B60007B6AF8EEE77AC9F8543288EE277AF0EEDD
:104B7000477AE6EE267AC9ED8D7A1AB3D9F848124B
:104B80003B69D9F83C225B1A1A44D9F80431002B4E
:104B9000C9F83C221A46B8BFDA1D002B4FEAE202E0
:104BA000B8BF033391424FEAA30340F30583D9F81A
:104BB0004422C91A786AD21A1844C9E99121786244
:104BC000C9F854027A6A7B69D9F828111344D9F8D4
:104BD00010211A448A4204DC0022C9F81431C9F8B1
:104BE00054224C37BD46BDEC108BBDE8F08FD9F890
:104BF000DC40BB6A04F102085B68B8F1000F40F3C7
:104C0000BE845FED9F7A03EBC401E200B0EE670A59
:104C1000103193ED006A083353ED016A8B4230EE98
:104C2000060A77EEA67AF4D1BB6A10325FEDAA1AB3
:104C3000F1EE677A3344B0EE611A53F8043C1A443B
:104C400093ED006A083353ED016A9A4231EE061A79
:104C500071EEA61AF4D167EE810A61EEE76AE0EE22
:104C6000210AE0EE016AF4EE606AF1EE10FA80F1DA
:104C700096851FEDBA0A36EE800AEDF78FFBD7ED69
:104C80000C7A5FEDBD6AF8EEE77A99ED5C7A99F8F7
:104C9000203220EE077A67EEA67AC7EE276A4BB17C
:104CA000F7EE007AF4EEE76AF1EE10FA40F3428490
:104CB000F0EE676AD9ED897A99ED877AE7EE267A80
:104CC000C9ED897A14E6D9ED3D7AD9F80421FAEED6
:104CD000EF7AD9F81431D9F8081102EB030BC7F8B1
:104CE0002CD0FBFE677AFDEEE77A8B44796317EEF2
:104CF000903AABEB030BD9F848329B44D9F8F43027
:104D000001EB0B0A0AF1FF3A92449A446B46AAEB74
:104D10000B08D345A3EBC8039D464FEAC80304AD77
:104D20003B6339DAD9F8A0312E469FEDC2AA03EBD6
:104D3000CB04FA6307EE90BAF8EEE78A68EEA98A28
:104D4000B0EE680AEDF7F8FFB0EE408AB0EE680A00
:104D500094ED019AEDF7BAFBD4ED008AA8EE0A0AA9
:104D600028EE097AF1EE481A60EE097AA0EE287A68
:104D7000E8EE687AF4EE477AF1EE10FA80F11F85DA
:104D80000BF1010B86ED007AC6ED017A0834DA45A5
:104D900006F10806CED1FA6B7C6BB8F1000FC7F8AC
:104DA0003CD01444A8EB040B4FEA8B0303F1070338
:104DB00023F00703ADEB030D0DF1100A40F3ED8373
:104DC0003E6B2B46DFED9D6A2E44D3ED017A1946EA
:104DD000083367EEA77A91ED007A9E42E7EE077AF4
:104DE00076EEA76AF1D107EE908A99ED8C7AF8EE0B
:104DF000E77A66EE876A86EEA70AB5EE400AF1EE1C
:104E000010FA00F1D484B1EEC07ADFED8B7A6B46F4
:104E1000002A4FEAC206A3EBC203B0EE006A9D4629
:104E2000F7EE006A04ABE7EE067A86EEA7BA11DD6C
:104E3000D9F89C1118460E44D1ED017A083151F889
:104E4000084C0830F1EE677AB14240F8084C40ED6A
:104E5000017AF1D1BBF1000F40F39783D046C7F838
:104E600034A0DFED76AA002407F144069A4601E05B
:104E7000D9F8042105EBC40007F140035146009620
:104E80000AF026F8D9F8080197ED11AA07F14003B6
:104E900097ED108A2044D9F80421514605EBC00053
:104EA000AAEE2A8A009601340AF012F897ED119AB8
:104EB000D7ED108AF0EE4A0AE9EE2A8AB0EE480AE7
:104EC000EDF7BCFAB0EE408AF0EE490AB0EE680A9F
:104ED000EDF7B4FA38EE008AA34528EE0B8AA8EC69
:104EE000018AC5D10026D7F834A09FED548A3346F5
:104EF000C9ED8AAAFAEC017AF4EEC87AF1EE10FA5A
:104F000004DDB0EE678A1E46C9ED8A7A01339B45FF
:104F1000F0D105EBC60595ED000AD5ED010AEDF7D8
:104F20008DFAB5EEC00AF1EE10FA40F3E182D9ED48
:104F3000367AD9F84032F4EEC87AF1EE10FA4CBF66
:104F40004FF0010B4FF0000B022BC9F84CB200F3ED
:104F5000D882D9ED3D7AD9F84822FAEEEF7AD7F81F
:104F60003CD0FAFE677AFDEEE77A17EE903AF31A34
:104F700001331344D9F84022022AC9F8483200F319
:104F8000EC82D9F84422D91C9142D9F8EC10A8BF80
:104F90001A1D0B44D91E9142D8BF1A1FC9F84422CA
:104FA000D9F8E030D7F82CD03B630233BFF678ABAA
:104FB000D9F8A831BB62FFF78EBB60EE8B7AB0EEFA
:104FC000677AE0EE0B7A90EE0B7AF4EE477AF1EE28
:104FD00010FA80F1EA84F5EEC07A4FEA8802BC6BE1
:104FE000F1EE10FA2244B5EEC07A94BF4FF0010CF6
:104FF0004FF0000CF1EE10FA44F828C008F1020856
:1050000094BF4FF0010C4FF0000CC2F804C04CE507
:105010003B6A01263C631446181DFB69191D99F86B
:1050200073320A467B630346594650469346C2464E
:10503000984650E000000080CCBC8C2B00000000A3
:10504000FB6A1B6803EBC603D3ED010A93ED000A6C
:10505000EDF7A4F9F0EE40BAEDF76EFEF0EE40AADF
:10506000B0EE6B0AEDF732FAAAEE890A6AEE8A7A96
:10507000F1EE6A1AD7E9090160EE0A0AE0EE297A30
:10508000EAEEE90AF4EE607AF1EE10FA80F1BE82FF
:10509000731ED9F8E420BBEC017A04FB00333C6BAF
:1050A000012A38EE078A04EBC304C4ED007AC4ED8C
:1050B000010A01EB830484ED007AFC6B04EB8303AB
:1050C000C3ED008A3CD0022A50D00136D9F8DC402A
:1050D0000835B44246DB7B6BF8EC018AD5ED029AC9
:1050E00095ED03AAC7E90901002BA9D1B0EE680A22
:1050F000EDF722FEF0EE40AAB0EE680AEDF7E6F911
:10510000AAEE890A6AEE8A7AF1EE6A1AD7E90901EB
:1051100060EE0A0AE0EE297AEAEEE90AF4EE607A35
:10512000F1EE10FAB4D7B0EE401AF0EE4A0AB0EE43
:10513000690AF0F715F8F0EE407AD7E90901A7E718
:10514000F5EEC07ABA6B01360835F1EE10FACCBF35
:105150000123002342F82A300AF1010AD9F8DC4081
:10516000B442B8DAD04622468246D8E420EE8B7AA2
:10517000F0EE476AA7EE8B7AD7EE8B6AF4EE476AB9
:10518000F1EE10FA80F19A82B5EEC07A4FEA8A0306
:10519000BA6BF1EE10FA1344F5EEC06A94BF012425
:1051A0000024F1EE10FA42F82A400AF1020A94BFF4
:1051B000012400245C6088E752429142BFF602ADB0
:1051C000D9F844221944786A1A44C01AC9E99121CD
:1051D0007862C9F85402F5E4B96AB2EE089AFA683E
:1051E0008B19D5ED00AA95ED017A2E46904695EDE6
:1051F00003DAD5ED02CAF0EE6A7A92ED01EAF0EE3A
:1052000047AA92ED03CAD2ED00DAB0EE677AD2ED8A
:1052100002BA53F804BC4D683B6AFA6905EBC40155
:105220000433D9F8A4A104327C63C7F83090344623
:10523000C1461FED7EBA1E469046F96307E0F0EEC8
:1052400068BAB0EE48CAF0EE69CAB0EE4ADADAEDF2
:10525000017AD5ED010ADAED009AB1EE67AA67EEA0
:10526000A08A95ED000A20EEA98AE0EE298AA7EE31
:10527000C08AF4EE488AF1EE10FA80F18182D5ED11
:10528000030ADAED027ADAED036A67EEA0EA95ED39
:10529000020AF1EE664AE6EEC0EA66EEA06AE7EEC2
:1052A000806AF4EE66EAF1EE10FA80F1F0819AED90
:1052B00005FAD5ED050ADAED04FA2FEE206A95ED30
:1052C000040A6FEEA05AAFEE806AEFEE405AB1EEDC
:1052D0004FFAF4EE465AF1EE10FA80F1008278EEC1
:1052E0008B8ADBED010A38EE0B8A9BED000A78EE23
:1052F000A68A38EE2E8A78EE868A38EE258A20EE47
:10530000A96A6AEE605AA0EE0A6AE0EE295AB0EE87
:10531000465AF4EE465AF1EE10FA80F1FB81DBEDCD
:10532000030A9BED020A60EEA76A64EEE0EAE0EE93
:10533000246AE0EE27EAF4EE6E6AF1EE10FA80F1EC
:105340000082DBED050A9BED040A2FEEA04A20EE59
:10535000CF6AAFEE004AAFEE806AB4EE464AF1EE95
:1053600010FA80F1418275EE8B5A7EEEA5EA6EEE60
:10537000295A7EEE86EA35EE0B6AEDEE8A5A7EEE0B
:10538000A8EA76EE866A76EE846A2AEE4E4A76EED1
:10539000886AADEEA94AF4EE445AF1EE10FA80F1B3
:1053A00046826CEE27DA24EECCEAEBEEA4DAABEE22
:1053B000A7EAF4EE4EDAF1EE10FA80F1678299ED89
:1053C000058AD9ED048A2FEE886A28EE4F5AAFEE8F
:1053D000286AAFEEA85AB4EE456AF1EE10FA80F1F1
:1053E0007C8275EE8B5A34EE0B4A7DEEA5DA3EEEEA
:1053F00004EA6AEEA95A35EE0E5A36EE2DEA2AEE86
:105400006A6AE7EE0A5A75EE2EEAA7EE296A3EEEC0
:1054100026EAF4EE465AF0EE46DAF1EE10FA80F1A2
:1054200083826DEE276A24EECD6AECEEA46AACEEC0
:10543000A76AF4EE466AF0EE46AAF1EE10FA80F1A1
:105440008A8294ED05AAD4ED049A6FEE8A7A2AEE48
:105450004F7AEFEE297AAFEEA97AF4EE477AF1EEC1
:1054600010FA80F18B8275EE8B5A08353DEE8B6A0F
:105470000AF1080A083409F1080976EEA56A0BF169
:10548000080B3AEE866A77EEA67A37EE067A77EE62
:105490008E7A37EE2E7AB0EE4CEAC7EE89DAC7EE96
:1054A00009AAF0EE6D0AB0EE6A0AECF777FFF0EEAB
:1054B000407AF0EE6D0AB0EE6A0AE6EC017AF0EEA0
:1054C0004DAAECF7BBFFFB6BB0EE6C7AA8EC010ABF
:1054D000AB42F0EE6BDA7FF4B2AED7E90C94D9F8B8
:1054E0000031002B3FF7B8AA9FEDE08AFFF72EBBF3
:1054F000D9F840324FF0000B022BC9F84CB27FF7BD
:1055000028AD1BEE100AEFF795FAD94B04460D466D
:105510001B6818EE100AD3F80C80CDE9026BEFF788
:1055200089FA22462B46CDE900014046D149EBF7E6
:10553000DDFA0EE5FFEE007A99ED877AF4EE676A00
:10554000F1EE10FA48BFF0EE676AD9ED897AE7EE1E
:10555000267AC9ED897AFFF7CBB9C5493246096881
:10556000C868D9F844120091C349EBF7BFFAD9F8DB
:10557000483206E5D9F808317B62FFF761B9DFED03
:10558000BB0AF0EE606AFFF774BBDFEDB87A002665
:10559000B0EE678AC9ED8A7ABDE407EE908ADFED46
:1055A000B36AB8EEE77AD9ED8C7A67EEA67A87EE21
:1055B000870A28E40AF1010AB0EE401AF0EE490A1F
:1055C00008F10808B0EE680A0BF1080BEFF7C8FD08
:1055D00054450BED020A4BED010A7FF4F0A8FFF7EA
:1055E00020B90135B0EE401AF0EE490A0836B0EEA7
:1055F000680A08F10808EFF7B3FDAC4208ED020AAB
:1056000048ED010A7FF430A9FFF75EB9B0EE401A09
:10561000F0EE4A0AB0EE690AEFF7A2FDF0EE407A2A
:10562000D7E9090134E50135B0EE401AF0EE490A38
:105630000836B0EE680A0AF1080AEFF791FDAC42AD
:105640000AED020A4AED010A7FF465A8FFF793B854
:10565000F0EE6A0AB0EE4A0AEFF782FDB0EE408A39
:10566000F0EE608AFFF7CFB9844B40F22671844A8E
:105670008448EAF709FEF0EE6A1AB0EE4A1AEFF72C
:105680006FFDF0EE409AB0EE609AFFF7A6B9F0EE2B
:10569000641A87ED037AB0EE671AC7ED064AC7EDC4
:1056A0000B7AEFF75DFD97ED037AF0EE406AF0EECE
:1056B00060EAD7ED064AD7ED0B7AF8E5DFED721A0E
:1056C000B0EE670AB0EE611AC7E90901EFF748FDCD
:1056D000F0EE406AB0EE607AD7E9090154E5F0EEE9
:1056E0004F1A87ED027AB0EE6F1AC7ED036AC7ED65
:1056F000064AC7ED0B7AEFF733FD97ED027AB0EE6D
:10570000406AF0EE605AD7ED036AD7ED064AD7ED4E
:105710000B7AE4E5F0EE4A1A87ED037AB0EE691AE7
:10572000C7ED064AC7ED0B7AEFF71AFD97ED037A3E
:10573000F0EE405AB0EE605AD7ED064AD7ED0B7A3C
:10574000EDE5F0EE641A87ED017AB0EE671A87EDA9
:10575000025AC7ED035AC7ED064AC7ED0B7AEFF7B9
:10576000FFFC97ED017AF0EE40EAF0EE606A97ED0B
:10577000025AD7ED035AD7ED064AD7ED0B7AE0E58A
:10578000F0EE4A1A87ED0B7AB0EE691AEFF7E8FCF3
:1057900097ED0B7AF0EE408AB0EE608A6FE5F0EE9E
:1057A000670AEFF7DDFCF0EE406AFFF762BA7A6352
:1057B000ECF7E6FF7A6BB0EE407AFFF726BB0BF111
:1057C000010BB0EE401AF0EE490A0834B0EE680A58
:1057D0000836EFF7C5FCDA4506ED020A46ED010A88
:1057E0007FF4A8AAFFF7D7BAF0EE4F1A87ED007A38
:1057F000B0EE6F1AC7ED016AC7ED024AC7ED037A32
:1058000087ED065AC7ED0B5AEFF7AAFC97ED007A21
:10581000B0EE406AB0EE604AD7ED016AD7ED024AB9
:10582000D7ED037A97ED065AD7ED0B5A9BE5F0EECC
:105830004E0A87ED027AB0EE6D0AC7ED036AF0EE0C
:105840004A1AC7ED064AB0EE691AC7ED0B7AEFF7B0
:1058500087FC97ED027AB0EE404AD7ED036AF0EE8E
:10586000605AD7ED064AD7ED0B7A9AE500000000A2
:1058700000000020F80F0208341002086810020827
:1058800084450208500F0208F304353FF0EE641A15
:1058900087ED007AB0EE671A87ED014AF0EE4C0A08
:1058A000C7ED025AB0EE6B0AC7ED036AC7ED064AB0
:1058B000C7ED0B7AEFF754FC97ED007AB0EE40EAB3
:1058C000F0EE60DA97ED014AD7ED025AD7ED036AA0
:1058D000D7ED064AD7ED0B7A71E5F0EE4F1A87ED5A
:1058E000007AB0EE6F1A87ED014AF0EE480AC7ED74
:1058F000025AB0EE680AC7ED036AC7ED064AC7ED63
:105900000B7AEFF72DFC97ED007AB0EE405AB0EE2F
:10591000606A97ED014AD7ED025AD7ED036AD7EDD9
:10592000064AD7ED0B7A5CE5F0EE4A1AC7ED064A57
:10593000B0EE691AC7ED0B7AF0EE6A0AB0EE470ACC
:10594000EFF70EFCD7ED064AF0EE40DAD7ED0B7A12
:10595000F0EE605A65E5F0EE641AC7ED0B5AB0EE52
:10596000671AF0EE4D0AB0EE6C0AEFF7F9FBD7EDCF
:105970000B5AF0EE40AAF0EE606A62E5F0EE4F1AC4
:10598000C7ED066AB0EE6F1AC7ED0B5AF0EE4A0A81
:10599000B0EE690AEFF7E4FBD7ED066AB0EE407AA5
:1059A000D7ED0B5AF0EE607A5DE55FED491AB9620A
:1059B000B0EE611A3863FB63EFF7D2FBFB6BB0EE1E
:1059C000407AF0EE607A386BB96AFFF704BB034B9C
:1059D0004FF4C061024A0348EAF756FCE00F0208A0
:1059E00084450208500F02082DE9F04F2DED108B71
:1059F00099B0044690F8723206AF83B1D0F898316E
:105A0000002B00F0D384D0F85422D0F82801D4F829
:105A1000A011801A01EBC001084609F0A7F9CC4992
:105A2000D4F84001EBF70CF9D4F8A011D4F81431F4
:105A3000D4F80851786200285AD1D4F8E8202046DA
:105A40001344D4F8EC20134407F138021D44D4F871
:105A5000B431029207F13402019207F13002009250
:105A60002A46FEF72BFB94F87432002B40F03E835D
:105A700097ED0E8AD4F80851D4ED367AF4EEC87A50
:105A80003E6B786BF1EE10FA00F1DE83B14AA84666
:105A9000C4F85452D4F84032796A012BC4F85062E9
:105AA000C4F8240284ED8A8AC4F84C1219DDAA4B8A
:105AB0001B68DD68CDE90412EEF7BCFFCDE90201F9
:105AC00018EE100AEEF7B6FF82468B464346324682
:105AD0002846A249CDE900ABEBF708F8D4F84C32E0
:105AE0007B62786A4C37BD46BDEC108BBDE8F08F09
:105AF0002B44D4F804919FED9ACAB0EE00AA03EBB0
:105B000009020026B0EE4C9ADFED969A02EB4500B2
:105B10007E62FE62A0EB030ED3007E6107EE90EA88
:105B2000BB614FEACE03C7F810E0F8EEE78AFB60EE
:105B30006FF02703F0EE68CABB622B464D4605EBBB
:105B4000030BBB69C7F820D02A4601EB030839696B
:105B5000A1EB0B0B00294FEA8B0303F1070323F0A2
:105B60000703ADEB030D06A840F36583F9684346D0
:105B7000DFED7B6A4144D3ED017A1E46083367EEC0
:105B8000A77A96ED007A9942E7EE077A76EEA76A51
:105B9000F1D1D4ED8C7A66EEA76A86EEAC0AB5EE4A
:105BA000400AF1EE10FA00F1E383F1EEC07A6B46A1
:105BB000E900A3EBC503B0EE697A9D46BB6A06AE69
:105BC000A7EE8A7AF7EE007AC7EE87BA002B00F0CC
:105BD0006882282B40F03182002D28DDD4F89C51BA
:105BE000B146DFF884A12944D5ED016ADAED010A56
:105BF00095ED001AF1EE661A26EEA07A9AED000AEB
:105C000061EE207AA1EE007AE6EEC07AF4EE477AF1
:105C1000F1EE10FA80F1B583083589ED007AC9ED0F
:105C2000017A0AF1080AA94209F10809DCD1BBF19D
:105C3000000F40F33282002507F1440A8146F861E3
:105C400001E0D4F8042108EBC50007F14003314618
:105C5000CDF800A009F03CF9D4F8080197ED11BA8D
:105C600007F1400397ED108A2844D4F80421314607
:105C700008EBC000ABEE098ACDF800A0023509F0B0
:105C800027F9D7ED11AAD7ED108AF0EE4B0AEAEE0C
:105C9000898AB0EE480AECF7D1FBB0EE408AF0EE0C
:105CA0006A0AB0EE680AECF7C9FB38EE008A4B4688
:105CB000AB4509F1080928EE2B8A83ED008AC0DC88
:105CC0000025B0EE498AF8692B46D0ED007AF4EE53
:105CD000C87AF1EE10FA02DDB0EE678A1D46023393
:105CE00008309B45F1DC08EBC50898ED000AD8EDBB
:105CF000010AECF7A3FBB5EEC00AF1EE10FA35DDB0
:105D0000D4ED367AD4F84032F4EEC87AF1EE10FAD7
:105D10004CBF4FF0010A4FF0000A022B2CDCB4EE0E
:105D2000C8CAD7F820D0F1EE10FA06D5B0EE48CAAE
:105D3000BB6AC7F824A0FD627B61BB6A2833502B85
:105D4000BB6232D0D4F8A011D4E94153F7E600BFCA
:105D50009C1002089010020800000020A410020805
:105D600000000000CCBC8C2B6C460208D4F84032FA
:105D70004FF0000A022BD2DD1BEE900AEEF75AFE1E
:105D8000D34B804689461B6818EE100AD3F80CB036
:105D9000CDE9025AEEF74EFE42464B46CDE90001F0
:105DA0005846CC49EAF7A2FEB9E7D4F8A031EB4651
:105DB000D4F80491BA691A44ABEBC9039D469046E6
:105DC0004FEAC90306AABA627A69002A00F007827C
:105DD000282A00F0CF81283240F00783B9F1000F64
:105DE00027DDD4F89C51BE6A03EB050ABA4BD3ED0C
:105DF000010A95ED001AD5ED011A61EE207A93EDB6
:105E0000000A20EEE17AE1EE807AA1EE007AF4EE6B
:105E1000477AF1EE10FA80F1D5820835F1EE677A13
:105E200086ED007A0833554506F1080646ED017AFD
:105E3000DDD1FB6A6FF0130ADFEDA8BA09EB0306A8
:105E400008EBC303B0EE6BAAC7F81CB0F0EE6BCA48
:105E500094ED5ABADFEDA2AA08EBC606DFEDA19ACF
:105E60009B46BD6A87ED08CA07EE90AAB8EEE79A8E
:105E700069EE2A7AC7EE8B8AB0EE680AECF75CFF0F
:105E8000B0EE408AB0EE680AECF720FBB9F1000FE3
:105E9000A8EE290AF1EE485AB0EE40CA40F39881C4
:105EA000F96AF7EE00DAD4F80831B0EE69DADFED1E
:105EB0008BFA2A460B445946B0EE6FEAF0EE6FEAD1
:105EC00008EBC303B0EE6FFA03E0B0EE67DAF0EE72
:105ED00047DAD2ED010A92ED000A60EEAD8A2DEEAE
:105EE000608AE0EE0D8AA0EE2D8AF4EE488AF1EE8B
:105EF00010FA80F1FA8191ED001AD1ED011A61EEEC
:105F0000287A28EEE17AE1EE887AA1EE087AF4EEBA
:105F1000477AF1EE10FA80F1BA8193ED001A3FEE64
:105F200007FAD3ED011A7EEEA7EA61EE286A28EEA1
:105F3000E16AE1EE886AA1EE086AF4EE466AF1EEE3
:105F400010FA80F18F8165EEAD7A2DEE657A3EEE26
:105F500006EAECEE0D7AACEE2D7A7FEEA6FAF4EEC0
:105F6000477AF1EE10FA80F1A78108310832083340
:105F7000B142AAD1F0EE6E0AB0EE4F0AECF75EFA2B
:105F8000B0EE408AF0EE6F0AB0EE4E0AECF756FA29
:105F900038EE000AB4EEC0AAF1EE10FA03D5B0EE66
:105FA00040AAF0EE49BA0AF1010ABAF1140F7FF4DF
:105FB0005BAF002397ED08CAD7F81CB0C4F81432C1
:105FC000C4F81832D4F84032022B00F31E81D7ED0A
:105FD000057ADD46D4F84032B8EEE78A012B38EE78
:105FE0002B8A84ED8B8A15DD394B1CEE100A1B6859
:105FF000DD68EEF71FFD7B6ACDE90401029318EE20
:10600000100AEEF717FDCDE90001FA6A2846364975
:10601000EAF76CFD7B6AC4F84C32002B00F0DB80A1
:106020000023D4F82C22C4E99133C4F82422FB6A5B
:1060300084ED8ACAC4F8543253E5002D7FF7F7ADDA
:10604000D4F89C51B146DFF890A02944DAED010A5A
:1060500095ED001AD5ED011A61EE207A9AED000A4D
:1060600020EEE17AE1EE807AA1EE007AF4EE477A52
:10607000F1EE10FA80F15F810835F1EE677A89ED73
:10608000007A0AF1080AA94209F1080949ED017AE2
:10609000DCD1BBF1000F3FF7CEAD9FED108A00259C
:1060A00023E6002D7FF7C3ADD4F89C5101EB050C1E
:1060B0003146D5ED017A083555F8083C0831F1EE46
:1060C000677A654541F8083C41ED017AF1D1AEE5CA
:1060D00000000020F80F02086C46020800000000D3
:1060E000DB0FC940000000800811020807F14400DE
:1060F000D4F8B831D4F8A0112A46029007F1400034
:10610000019007F13C0000902046FDF7D7FF94F87E
:10611000743297ED0E8A002B00F0248197ED117AEE
:10612000D4F80851B4EEC87AD4ED367AF1EE10FA0C
:106130003FF5A4ACB4EEE77AFE6B386CF1EE10FAE2
:1061400040F33B81D4F81C31B0EE478A7A6A0133C0
:106150009046C4F85422C4F81C31D4F8F020D4F886
:10616000143102FB1533A44A3344C4F8143101231B
:106170007B628FE4B9F1000F7FF75BAED4F89C51DE
:10618000DFF89CA22B44BE6AD5ED016ADAED010A64
:1061900095ED001AF1EE661A26EEA07A9AED000A45
:1061A00061EE207AA1EE007AE6EEC07AF4EE477A4C
:1061B000F1EE10FA80F1AE80083586ED007AC6ED7A
:1061C000017A0AF1080A9D4206F10806DCD130E6A0
:1061D000B0EE6C0ADEE6D4F80831FB6227E7B9F1CD
:1061E000000F7FF726AED4F89C219818BB6AD2ED39
:1061F000017A083352F8081BF1EE677A824243F8BD
:10620000081C43ED017AF2D113E61AEE100AEEF7FC
:1062100011FC7A4B804689461B681BEE900ADD68AC
:10622000EEF708FC42464B46CDE90001284674498A
:10623000EAF75CFCCBE6D4ED8C7A9FED727A67EEE0
:10624000877A87EEAC0AB0E4D4F8183135446E4A48
:10625000013305F1FF38C4F818310123C4F8548222
:106260007B6217E4F0EE680ABA61B0EE480AC7ED47
:106270000A5AC7E90331EEF773FFBA69B0EE406A14
:10628000D7ED0A5AF0EE606AD7E903315BE6F0EE2B
:10629000680ABA61B0EE480AC7ED0A5AC7E9033185
:1062A000EEF75EFFBA69B0EE407AD7ED0A5AF0EE2B
:1062B000607AD7E9033130E6F0EE650ABA61F0EEB4
:1062C0004D1AC7ED0A5AB0EE6D1AB0EE4C0AC7E986
:1062D0000331EEF745FFBA69B0EE407AD7ED0A5ABE
:1062E000F0EE607AD7E903313FE6F0EE4D1ABA617D
:1062F000B0EE6D1AC7ED0A5AC7E90331EEF730FF69
:10630000BA69B0EE408AD7ED0A5AF0EE608AD7E952
:106310000331F0E53B620835EEF722FF3B6A86ED7C
:10632000000A0AF1080AAB42C6ED010A06F10806A6
:106330007FF42AAF7DE5C7E90120F9610835EEF762
:106340000FFFF969F1EE600A89ED000AA9420AF12E
:10635000080A09F1080949ED010AD7E901207FF48B
:1063600075AE64E4D4F80851D4ED367AFFF786BBF5
:10637000BA60F861ECF704FABA68F0EE407AF869AE
:1063800015E4C7E90121F8610835EEF7E9FEB968BF
:1063900089ED000A0AF1080AA942C9ED010AF86963
:1063A00009F108097A687FF41FAC40E4174B40F20A
:1063B000BC51174A1748E9F767FFB0EE478A0E4A03
:1063C000FFF765BB08353B62EEF7CAFEF1EE600AE7
:1063D0003B6A554586ED000A06F1080646ED010ABE
:1063E00003F108037FF403AD23E50B4B40F2BD310D
:1063F0000A4A0848E9F748FF941002080000002004
:10640000EC1002080000000090100208E00F0208E3
:10641000B0450208500F0208980F02089445020880
:106420006C460208D0E90021044B42EA410203EB2A
:10643000C20393ED000AD3ED010A70474C460208EF
:10644000DFED171A60EEA17A00B5F0EE676A83B04F
:10645000E0EE217AD0EE216AF4EE676AF1EE10FAEE
:1064600012D6F5EEC06AF1EE10FAF5EEC07A94BFDE
:1064700001230023F1EE10FA036094BF01230023EF
:10648000436003B05DF804FBB0EE611A0190EEF7D3
:1064900067FE0198F0EE406AF0EE607AE1E700BF37
:1064A000F304353F38B5D0F8403104461B78002B53
:1064B00055D1D4F8940140B108F0F2FBD4F894011E
:1064C000F5F746FD0023C4F89431D4F8980140B1A3
:1064D00008F0E6FBD4F89801F5F73AFD0023C4F87C
:1064E0009831D4F89C01F5F733FDD4F8A001F5F705
:1064F0002FFDD4F8A401F5F72BFDD4F8E0300233DA
:106500000CDB0025D4F8A83153F825000135F5F748
:106510001FFDD4F8E0300233AB42F3DAD4F8A8011F
:10652000F5F716FDD4F8AC01F5F712FDD4F8BC016F
:10653000F5F70EFDD4F8C001F5F70AFDD4F8B00167
:10654000F5F706FDD4F80402F5F702FDD4F80802C9
:10655000F5F7FEFC2046BDE83840F5F7F9BCD0F869
:10656000B401EAF7ADFAD4F8B801EAF7A9FAA0E75E
:106570002DE9F84F80460C46154690F85C012DED4C
:10658000048B00AF002A79D00A1D894601EBC50AA9
:10659000D8ED546AEE00934611462346D3ED017AB6
:1065A000083311ED017A083166EEA77A534527EEDC
:1065B000267A01ED037A43ED017AEFD198B3D8ED55
:1065C000556A2346D3ED017A083312ED017A083279
:1065D00066EEA77A534527EE267A02ED037A43ED5D
:1065E000017AEFD19FED509A1BED018AD9ED018A16
:1065F000B0EE480AF0EE680AEBF720FFB4EEC90AE5
:10660000F1EE10FA7DDDC9EE007A09F108090BF10F
:10661000080BD14527EE888A67EEA87A0BED038A2E
:1066200049ED017AE0D198F871325BBB0DB3221DC0
:1066300015469FED3D9A264415ED018AD4ED018A59
:10664000B0EE480AF0EE680AEBF7F8FEB4EEC90ABD
:10665000F1EE10FA4CDDC9EE007A08340835B44288
:1066600028EE278A67EEA87A05ED038A44ED017AC1
:10667000E2D1BD46BDEC048BBDE8F88F98F87132CD
:10668000002BF6D0D8F89431EA46002B45D0AAEB7F
:10669000C5022046EE0095462A46E946494608F0DE
:1066A00065FB324649462046EAF768F998F87132A8
:1066B000D546002BBAD098F85C31002BB6D0002D0F
:1066C000D7D0221DD8ED566A2346A0191146D3ED26
:1066D000017A083311ED017A083166EEA77A984203
:1066E00027EE267A01ED037A43ED017AEFD19FE799
:1066F00008340835A6429FD1BD46BDEC048BBDE8E9
:10670000F88F09F108090BF1080BD1457FF46CAF44
:1067100098F87132002BB5D188E7044B40F23C4128
:10672000034A0448E9F7B0FD00008046380F02082C
:10673000C8450208500F02082DE9F04F93B0824679
:1067400000AFD0F8F0306C46D0F8DCE0FA621A46C0
:106750007B62D0F8E0300EF10200796303FB02FBAC
:10676000C200DAF804117A64BBF1000F00FB0BF2EF
:10677000DAF8E8503964A4EBC20295460A464FEABB
:10678000C101E846B963A8EBC5018D46A1EBC20281
:10679000C7F820D09546C7F81CD040F3B5800EF15D
:1067A000010CC100BCF1000F4FEA910218DBC7F8E1
:1067B0003CE0464600244FF000098E463B633346DA
:1067C00000210131C3F80090C3F8049008338842D7
:1067D000F7D101347644A345F1D1D7F83CE03B6BC7
:1067E000C2EB82724FF000094046C7F83CC09200ED
:1067F0004C464946BD61BA627A6CC7F81480103ABB
:106800003A6391FBF3F503FB1515002D00F08A8028
:10681000BEF1000F1ADD9AF87352002D40F09C80F3
:10682000FA6A0EEB0406054602EBC40402EBC60846
:106830007246D4F804C00835C5F804C054F808CB33
:106840004445C5F800C0F4D19646344601317D6C0C
:106850008B452844D5D14FF000095046C7F830B0D9
:106860004E46D7F820B0D7F81CA0D7E90D23D7E9BA
:1068700005859C1842465946F863FDF7A9FAF86B5E
:10688000D0F8EC20A5EB020C65450FDD0BEBCC0E30
:106890005146DEF804300CF1010C083141F8043C9B
:1068A00065455EF8083B41F8083CF2D1002D0FDD4C
:1068B0000AEBC202DC460021DCF804300131083268
:1068C00042F8043C8D425CF8083B42F8083CF3D1A6
:1068D0003B6C002B0DDD7B6B514603EBC9024B6813
:1068E000083242F8043C51F8083B42F8083CA24206
:1068F000F5D13B6C013699447B6C9844BB6B1C44CE
:106900003B6BB342B6D18246DAF8082150467B6A27
:10691000796B02FB03F31A46FFF72AFE4C37BD469C
:10692000BDE8F08FFD6B002D90DBDAF8A451064630
:106930003A6B05F11408043590447246D5F800C04E
:106940000835083646F804CC55F80CCC454546F8D1
:1069500008CCF3D1964679E7FA6A0EEB0409BD6AD2
:1069600002EBC404461902EBC9080546724694EDD1
:10697000000AD4ED010A85ED020AC5ED030A96ED81
:10698000021AD6ED031A60EE817A21EEE07AE0EE8B
:10699000217AA0EE017AB4EE677AF1EE10FA0CD605
:1069A000083485ED027AC5ED037A0836444505F1D1
:1069B0000805DCD196464C4648E7083408360835C9
:1069C000C7E90101C7E90332EEF7CAFB444585ED8B
:1069D000000AC5ED010AD7E90332D7E90101C6D1A2
:1069E000E8E700BF704700BFD0F85402704700BF0F
:1069F000D0F80801704700BFD0F82001704700BFF1
:106A0000D0F8F800704700BFD0F8FC00704700BF16
:106A10002DE9F0411346D0F8E440D0F8FC2000AF57
:106A2000012C92FBF4FE6A46A2EBCE0295462CD0D6
:106A3000022C04D0FFF780FEBD46BDE8F081BEF118
:106A4000000FF7DD4FEACE051F4E96461D440EF1AE
:106A5000080ED3E9004808334FEA440C08F001045B
:106A60009D420CF0020C4CEA040C06EBCC0CDCF85A
:106A70000480DCF800404EF8048C4EF8084CE6D157
:106A8000FFF75AFEBD46BDE8F081BEF1000FD1DD33
:106A90001C1F9446002504EB8E0E54F8043F0CF1A5
:106AA000080C4CF8045C5B00A64503F1FF3307EECD
:106AB000903AF8EEE77A4CED027AEED1FFF73CFE21
:106AC000BD46BDE8F08100BF4C46020838B5D0F89D
:106AD00028210D46D0F854120446D0F8A001521ACD
:106AE00000EBC101D200E9F767FED4F85422D4F8D4
:106AF00028312946D4F8A0019B1AD20000EBC3002C
:106B0000E9F75AFE2046BDE83840FEF76DBF00BFEA
:106B1000D0F8282138B50C46D0F854120546D0F8E4
:106B2000A001521A00EBC101D200E9F745FED5F8E9
:106B30002821D5F85402101A82421ADDD5F8A03166
:106B400004EB42022146DFED0D6A03EBC003A2EB2A
:106B50004002002031F9024B083343F8040C07EEE1
:106B6000904A8A42F8EEE77A87EEA67A03ED027A37
:106B7000F0D12846BDE83840FEF736BF00FEFF469C
:106B800070B5D0F85442D0F828512B1B002B13DDE0
:106B9000D0F8A0C10CEBC40E0CEBC3060CF1080C32
:106BA000DEED007ADEF804400EF1080EB4454CED3F
:106BB000027A4CF8044CF1D19D4210DDD0F8A0418E
:106BC00004EBC30304EBC50E0833D2F800C05468CD
:106BD00008329E4543F808CC43F8044CF4D1BDE894
:106BE0007040FDF729BD00BFF0B5D0F85442D0F891
:106BF00028512E1B002E12DDD0F8A03103EBC40C5F
:106C000003EBC6070833DCF800E0DCF804400CF1C5
:106C1000080C9F4243F808EC43F8044CF2D1B5420B
:106C200019DD02EB4504D0F8A031DFED0D6A002537
:106C3000A4EB460403EBC60332F9026B083343F8B6
:106C4000045C07EE906A9442F8EEE77A87EEA67A43
:106C500003ED027AF0D1BDE8F040FDF7EDBC00BFD6
:106C600000FEFF4607EE901AB7EE007A0029F8EE14
:106C7000E77AC7EE276A75DD034670B5044600EB78
:106C8000C1052DED088B9FED429AD3ED017A1A468E
:106C9000083367EEA77A92ED007A9D42E7EE077A15
:106CA000A6EEA79AF1D1B5EE409AF1EE10FA5CD4B7
:106CB000F1EEC9AA9FED37BA39EE0BBA9FED34AAAF
:106CC0000026F0EE4A9A07E0A8EEA8AA79EEA89A64
:106CD00001360834A5421CD094ED008AD4ED018A17
:106CE000B0EE480AF0EE680AEBF7A8FBB4EEEA0A49
:106CF000F1EE10FAEDDDF0EEC87AB0EEE87AF4EEDF
:106D0000C77AF1EE10FADFDCA8EE08AA79EE889ACD
:106D1000DEE7012E10DD07EE906A69EEE99A731E38
:106D2000F8EEE77A06FB03F3E7EE8A9A07EE903A6D
:106D3000F8EEE77A89EEA79A9FED160AF0EE007A50
:106D4000A9EE270A8BEE000AECF73AF8F2EE047A85
:106D500020EE270AB4EE400AF1EE10FA10D6BDEC90
:106D6000088B70BD9FED0A0A70479FED0ABAB0EE1E
:106D7000490AEBF705FDF0EE40AA39EE0BBA9DE7A4
:106D8000054B40F2CF71054A0548E9F77DFA00BF8F
:106D900000000000CCBC8C2B4C110208704502088E
:106DA000500F0208002370B590F80C52A0F86C3216
:106DB0007DB9D0F84C32D3B30123C0F83C52C0E9BE
:106DC000975580F86C32012380F80D5280F80C3210
:106DD00070BD6A1E012A2FD8D0F86062D0F8304109
:106DE0000136C0F85832002CC0F8606233DD00F282
:106DF000C31C013964441CF8012F11F801EF6445EC
:106E000082EA0E021344C0F85832F4D1012D15D095
:106E1000022B0EDDD0F85C3290F80E220133012AED
:106E2000C0F85C3208D1062B06DD80F80F22002363
:106E3000CAE70023C0F85C322B46C5E7022BD0F826
:106E40005C220CDD01320023022AC0E99723BAD16B
:106E500080F80F52EBE7012DEBD1D0F85C22022A2B
:106E60000BD00123042EAFD1D0F81032012B02D069
:106E7000002380F80F320223A6E70122002380F8C6
:106E80000F22EFE7F0B5002390F80C52D0F8304114
:106E9000A0F86C32C5BBD0F84C32E3BB002CC0F874
:106EA00058522BDD2E4601F1FF3E00F2C31C00219B
:106EB00063461EF8017F1CF8012FA3F5E1737A40A9
:106EC0001B1A1144A342C0F85812F1DB012D2AD03D
:106ED000022D14D1D0F86832D0F8F020013393425B
:106EE000C0F868320BDBD0F8643200220133C0E90D
:106EF0009932D0F8442112B1934200DB002680F889
:106F00000D5280F80C62F0BD002C2E46C0F85832AD
:106F1000C9DC1946DAE70126002CC0E9965580F84D
:106F20006C62C0DCEBE7D0F834318B420ADD002222
:106F3000D0F82431022680F80D52C0E9992380F858
:106F40000C62F0BDD0F85C32D0F8F02001339342EF
:106F5000C0F85C32D3DDD1E7F0B5002390F80C62C5
:106F6000D0F83051A0F86C32BEBBD0F84C32DBBB4D
:106F7000002DC0F8586269DD374601F1FF3E00F28E
:106F8000C31C002163461EF8014F1CF8012FA3F516
:106F9000E17362401B1A1144AB42C0F85812F1DB96
:106FA000012E29D0022E13D1D0F86832D0F8F0206B
:106FB00001339342C0F868320ADBD0F86432002211
:106FC0000133C0E99932D0F844210AB193423FDA43
:106FD00080F80D6280F80C72F0BD002D3746C0F8C5
:106FE0005832CADC1946DBE70127002DC0E9966656
:106FF00080F86C72C1DCEBE7D0F85C32D0F8242169
:1070000001339342C0F85C32E2D1D0F834218A4295
:1070100004DD00220227C0E99923D9E7D0F828111E
:10702000D0F80C310029C0F814310ADDD0F8A031B5
:10703000002203EBC1011A60083343F8042C8B4291
:10704000F9D1D0F838310133C0F838310027BFE723
:10705000D0F82811D0F80C310029C0F81431F5DD32
:10706000D0F8A031002203EBC1011A60083343F8C5
:10707000042C9942F9D1E9E7002330B590F80C527D
:10708000A0F86C3245B9D0F84C328BBB002380F8A5
:107090000D5280F80C3230BD6A1E012A26D8D0F875
:1070A0006022D0F830410132C0F85832002CC0F8CC
:1070B00060220EDD00F2C31C013964441CF8012F6C
:1070C00011F801EF644582EA0E021344C0F8583209
:1070D000F4D1012DD0F834211CD0934215DDD0F825
:1070E0005C320133062BC0F85C32CFD02B46CEE7A2
:1070F0000122C0F83C5280F80D52134680F86C22F1
:10710000C0E9975580F80C3230BD0023C0F85C32DE
:107110002B46BCE7934280F80D52CCBF00230123DD
:107120005B0080F80C3230BD70B5D0F87C620D4643
:10713000044617493046E9F783FD18B31549304630
:10714000E9F77EFD48B91449D4F84001E9F778FD24
:10715000294640B92046FFF795FE10493046E9F729
:107160006FFD48B170BD2046FFF7F6FE0B49304673
:10717000E9F766FD0028F5D129462046BDE87040B4
:10718000FFF77ABF29462046FFF70CFED6E700BF7F
:107190006011020868110208701102087C110208CF
:1071A00070B5D0F8DC6004460D46322E2DED028B12
:1071B0000E607ADC10461946FFF754FDD4F8E8203B
:1071C000D4F8EC30B0EE408A07EE902AD318F8EEEF
:1071D000E77A00EE103AB8EEC00A80EE270AEBF725
:1071E000EFFD07EE906AD4ED5C6A9FED337AF8EE1E
:1071F000E77AF0EE408A67EEA67A87EE870AEBF729
:10720000DFFDD4F840311B78B2EE047AF0EE487A14
:10721000E0EE077AE8EE877A73B995ED017AB4EE7D
:10722000E77AF1EE10FA07D49FED246ADFED246AC5
:1072300067EE867AE7EE267AD4F80811D4F8603241
:10724000C5ED017A01FB03F394F80C2294ED927AD8
:10725000002107EE903A013AB8EEC77AD4F824320A
:10726000F8EEE77A012AA9618CBF00220122F5EE2F
:10727000407A2B61EA6085ED057AF1EE10FA07D0CD
:1072800094ED8F7AB8EEC77AC7EE276AC5ED066A25
:10729000D4F82812D4F83831D4E94602BDEC028B78
:1072A0002862E961C5E9092370BD064B40F61F114C
:1072B000054A0648E8F7E8FF00803B45CDCCCC3DC9
:1072C0006666663F9411020858450208500F02088E
:1072D0002DE9F04F83B0D0F8FC70D0F83041019325
:1072E000D0F8E430D0F82C91022B97FBF3F794FB05
:1072F000F3F499FBF3F840F09580A7EB080E4FF0FC
:10730000000CBEF1000F73DD0E46E2466546644593
:1073100053DC02EBCA0B6B1C0AF1010ADBED007AAD
:107320007345DBF804B0C6ED007AC6F804B016D099
:1073300064455ADC02EBCA0201EBC3005668083010
:10734000D2F800B0083240F8046C1E46013340F811
:1073500008BC9E45F2DCAAEB050505EB060A644570
:107360004BD13C1BA4EB0804544554D1774542DD76
:10737000019A01EBCE012F4D02EB4704A4EB4E0422
:107380001078023212F8013C083100F001009442FA
:1073900003F0010343EA400305EBC30358681B688D
:1073A00041F8040C41F8083CEAD1A7EB0E077F0036
:1073B000B94529D103B0BDE8F08FD0F80832E346D3
:1073C00053F82C30AB42A4D1D0F8B03101350CF1D8
:1073D000010C03EBCB03AE45D3F800B05B68C6F8F5
:1073E00000B07360BBD0083691E708361D468EE7C3
:1073F000E246E646B3E70027DAE70F4B40F687118F
:107400000E4A0F48E8F740FF0E4B4FF419610B4A44
:107410000B48E8F739FF0C4B40F68811074A08483B
:10742000E8F732FF094B40F67B11044A0448E8F7BD
:107430002BFF00BF4C460208281202083045020804
:10744000500F02080412020838120208181202082B
:107450002DE9F04FD0F8E4409346D0F8FC20D0F866
:107460003061022C2DED028B92FBF4F883B0D0F842
:107470002C2101910E9996FBF4F692FBF4F940F061
:10748000C380109A002A00F0B880A8EB09040025F8
:10749000002C40F3A180DDF804C0DA46AE462F464A
:1074A000AE4200F3838003EBCE02DCED017A9CED6B
:1074B000007AC2ED017A82ED007A01EB8E02DAEDFC
:1074C000007A0EF1010EC2ED007A7A1CA24220D0A1
:1074D000AE427BDC01EB8E0C019903EBCE030BEB90
:1074E000820A01EBC201D1F804B00833D1ED007A71
:1074F000083143F804BC43ED027A5AF804BB4CF857
:1075000004BB934601329442EDDCAEEB070707EB78
:107510000B0EAE4240F08D80A8EB0606A6EB0906E6
:1075200076457FD1109BA0451C6058DD0F9D81469C
:10753000019B05EB88079FED428A03EBC406A7EB8E
:107540008407D6ED010A96ED000A60EE887AB0EE67
:10755000677AE0EE087A90EE087AF4EE477AF1EE78
:1075600010FA3FD6F5EEC07A04350836F1EE10FA7F
:10757000B5EEC07A94BF01230023F1EE10FA25F88E
:10758000043C94BF01230023BD4225F8023CD8D11E
:10759000A8EB040848464FEA4808D0F82C31434588
:1075A00039D103B0BDEC028BBDE8F08FD0F80822D2
:1075B00052F82520BA427FF476AF01370135BC423C
:1075C000A7D00CF1080C0AF1040A69E70CF1080CC9
:1075D0000AF1040A174663E7AE462C4699E74FF0D6
:1075E0000008DAE7DFED161AB0EE611AEDF7B8FD24
:1075F000B0EE407AF0EE607AB4E7124B40F6D41168
:10760000114A1248E8F740FE114B40F6D3110E4ADA
:107610000E48E8F739FE0F4B40F6EB110A4A0B48CB
:10762000E8F732FE0C4B40F6E111074A0748E8F74D
:107630002BFE0A4B4FF41E61034A0448E8F724FE70
:10764000F304353F64120208FC440208500F02089C
:10765000181202080412020838120208281202083E
:10766000D0F8E4202DE9F041022AD0F8F840D0F813
:1076700030712DED028B94FBF2F897FBF2F784B09A
:1076800060D1D0F8242102FB08F2002A47DD002453
:107690009FED338A2546A74206DCA74259D104B0A4
:1076A000BDEC028BBDE8F081D0F8086256F824608A
:1076B000AE4204D00135AA42EFDD0831EBE7D1ED4F
:1076C000010A91ED000A60EE887AB0EE677AE0EE8A
:1076D000087A90EE087AB4EE677AF1EE10FA20D6C6
:1076E000F5EEC07A4FF000020135F1EE10FAB5EE7A
:1076F000C07A94BF01260026F1EE10FA66F3070265
:1077000094BF0126002666F30F2223F814200134CB
:10771000D0F8242102FB08F29542CEDBBDE700241D
:10772000BBE7DFED0F1A0191B0EE611ACDE902035C
:10773000EDF716FD0199B0EE407AF0EE607ADDE9E2
:107740000203CDE7074B40F6F811074A0748E8F770
:107750009BFD074B40F60421034A0448E8F794FDDB
:10776000F304353F18120208EC440208500F0208D7
:1077700028120208002914DD00EB410C0123023815
:107780000849ACF1020C43F2390200B5A3FB013EFB
:107790009B18C3F30E0320F8023F8445F6D15DF831
:1077A00004FB70476D4EC6414B00002903F10702F0
:1077B00022F00702B0B500AFADEB020D1FDDEC46C5
:1077C000991E104C0123ACF1020243F2390E8C4495
:1077D0001146A3FB043513EB0E03C3F30E0321F88C
:1077E000023F6145F5D1013832F8023FB3F5804FD1
:1077F00094BF00230123624500F8013FF4D1BD4648
:10780000B0BD00BF6D4EC641F0B5ADF5217D0C4653
:107810001546014600AF4FF420723846E9F7AEF83E
:10782000D7F8F8600123002EC7F8FC6006FA03F1D0
:10783000C7F8F03001F1070323F00703ADEB030DA8
:1078400037DD684602392A4643F2390C01440238D2
:107850001C4D0346A2FB052E12EB0C02C2F30E02D6
:1078600023F8022F8B42F5D1B600073626F0070623
:10787000ADEB060D6A46A2F1040C30F8023FB3F5F9
:10788000804F94BF0023012388424CF8043FF4D179
:1078900000234FF07E553846214687F87132C7F8ED
:1078A000505187F85C31FFF7B3F807F52177BD46F3
:1078B000F0BDB300073323F00703ADEB030D6A46B9
:1078C000E6E700BF6D4EC6412DE9F84F4FF4207139
:1078D000064601202DED048BF4F736FB002800F05E
:1078E000D9850446002E00F0AE8400F1C80806F1E8
:1078F000A9014046E8F7EEFCD6ED028A96ED049A1F
:1079000096ED058AB26BD6E90913D6E90750C4F89B
:10791000E430336884ED5D8A28EE288AC4F860314B
:10792000736884ED5B9ABDEEC88AC4F86431F3686D
:10793000C4ED5A8AC4F87031C4E93750F36A04F5CB
:10794000E275376BC4F82C312846736BC4F830717C
:10795000C4F83431B369C4E93C12C4F8D830D6E96C
:107960001013F26BC4F87832D6F88830C4F83C2192
:10797000C4F84831D6F89030B6F88C20C4F83832C4
:10798000D6F89430A4F871223A46C4F84C3196F8EF
:107990009830C4F87C1206F1480184F82032D6F8F9
:1079A0009C30C4F85031D6F8A030C4F85431D6F821
:1079B000A430C4F8583196F8A83084F85C31E8F760
:1079C000DDFFB7EE006AD6F8BC20C6EE096AC4F83F
:1079D0004021D6F8C020C4F88C21D6F8C42084ED0C
:1079E0003B8AC4F89021C8EEA67AC4ED5C6ABBFE5F
:1079F000677AFDEEE77ABDEEC77AF8EEE75A17EE42
:107A0000903A17EE102AC4F8E830C6EE257A934271
:107A1000C4ED5F7A40F01C85D4F87C62D6493046CC
:107A2000E9F70EF958B1D5493046E9F709F930B10F
:107A30003046D349E9F704F9002840F0AF84402FDD
:107A400000F30C85414604F1A900E8F743FCD4F8A3
:107A50006031D4F830212360D4F86431226363604C
:107A6000D4F86831A360D4F87031E360D4F86C3195
:107A70002361D4F874316361D4F8D830A361D4F8A9
:107A8000DC30E361D4F8E0302362D4F8F030636294
:107A9000D4F8E430A362D4F82C31E362D4F8343162
:107AA0006363D4F8F430A363D4E99E03D4F83C11A3
:107AB000606404F14800C4E90F13D4F84831294642
:107AC000C4F88830B4F87132A4F88C3094F82032BD
:107AD00084F89830D4F85031C4F89C30D4F854313C
:107AE000C4F8A030D4F85831C4F8A43094F85C310C
:107AF00084F8A830D4F83832C4F89030D4F84C3137
:107B0000C4F89430E8F73AFFD4F8F010D4F8E46001
:107B1000D4F8DC2094ED5B7A06FB02F2D4ED5D7ABA
:107B2000D4F8407177EE877AC4F8BC70D4E93A0390
:107B30001844D4F8E03001FB03F6C4F8040107EE62
:107B4000106A5E1E00FB03F306FB02F2B8EEC77A72
:107B5000C4F80061C4F8F82001FB02F267EE877AEE
:107B6000C4F80831C4F8FC20D4F88C21C4ED5E7A46
:107B7000C4F8C020D4F89021C4F8C4203A78002A70
:107B800040F0D68200280246B8BFC21C03EBA20216
:107B9000C4F820213A7812B18A1C03FB02F2034494
:107BA000C4F80C21C4F81421C00003EB43031A44A9
:107BB000C4F81031C4F82821F4F7C2F9C4F89C01C4
:107BC000002800F05284D4F82801C000F4F7B8F976
:107BD000C4F8A001002800F04F84D4F82821002A1E
:107BE00008DD00EBC20200230360083040F8043CCB
:107BF0008242F9D1D4F8DC300233D800F4F7A0F98E
:107C0000C4F8A401002800F00784D4F8E03003335E
:107C1000D800F4F795F90746C4F8A801002800F049
:107C20000284D4F8E030023315DB0026D4F8DC00FF
:107C30000230C000F4F784F947F82600D4F8A871A0
:107C400057F82630002B00F09483D4F8E03001364A
:107C50000233B342EADAD4F80031D4F8DC2002FB74
:107C600003F3D800F4F76CF9C4F8AC01002800F075
:107C7000B083D4F80031D4F8DC2002FB03F3980081
:107C8000F4F75EF9C4F8BC01002800F0A983D4F829
:107C90000031D4F8DC2002FB03F39800F4F750F92C
:107CA000C4F8C001002800F0A283D4F8DC60B31C43
:107CB000402B00F2AA83B01C14D0D4F8A4310020C9
:107CC000304A03F11401043301EBC60112F9017BC0
:107CD00007EE907AF8EEE77A43ED017A43F8080B65
:107CE0009942F3D1D4F83C314BB9D4F8A411721CA9
:107CF000002301EBC202136053600B604B60D4EDB4
:107D00005C7AF6EE005AD4ED5A6A002294ED587A65
:107D1000C6EEA74A94ED596A9FED1B4A94F871325A
:107D2000C4F89421C7EE276A86EE277A07EE906A98
:107D3000F8EEE77A84EE245AE7EEE56AB7EE006AD9
:107D4000A7EEE57AF8FE666AF8FE477A36EEC67A5E
:107D500077EEC67A84ED625A84ED607AC4ED617A7A
:107D6000002B40F03682002294F87232C4F8982139
:107D7000002B40F0E78109E0601102086811020859
:107D80007C1102080C460208DB0FC940D4F8281108
:107D900000290ADDD4F8A031002203EBC1011A60EA
:107DA000083343F8042C9942F9D1D4E93776B21C50
:107DB00018DB7B1CC0F2D1824FEAC70C0336D4F823
:107DC000A8E100200CF1100C00225EF820300CEB32
:107DD00003011A60083343F8042C9942F9D10130A9
:107DE0008642F2D1D4F8009107FB09F100290ADD9F
:107DF000D4F8AC31002203EBC1011A60083343F818
:107E0000042C9942F9D1B9F1000F22DD002F20DDB9
:107E1000BF004FF00008BA46C346D4E96F6306EBD3
:107E20000A0203EB08004644904203D253449E42A8
:107E3000C0F080813A460021E8F7AEFB3A460021C7
:107E40003046E8F7A9FB0BF1010BBA44B844CB4527
:107E5000E3D10121002240F20110002384F87012C6
:107E600084F80F12DD49A4F86E02C4F81C12D4F88D
:107E70000811D4F83001C4F84022C4F81022800060
:107E8000C4F84421C4F84C22C4F85412D449C4F8AC
:107E90002C32C4F82432C4F82832C4F83432C4F87E
:107EA0001432C4F81832C4F88C11C4E99122CD4AB6
:107EB000C4F89021F4F744F8C4F80402002800F054
:107EC0007A82D4F83031D4F8E42093FBF2F39800AE
:107ED000F4F736F88146C4F80802002800F07282F0
:107EE000D4F8E430D4F83021D4F8F00092FBF3F861
:107EF000D4E93762013A06FB0881771C06FB02F2DF
:107F000000FB02F291FBF3F007EE900AF8EEE77A3D
:107F1000FDEEE77A17EE900A82420FDCA1EB4801F2
:107F2000771E91FBF3F107EE901AF8EEE77AFDEE7B
:107F3000E77A17EE901A8A4240F37C82B8F1000F7C
:107F400040F3098209EB8806A9F1040EBC46002023
:107F5000043E6FF0404A9CFBF3F307EE903AF8EED4
:107F6000E77AFDEEE77A17EE901A4EF8041FD4F880
:107F7000E430002B0FDDD4F8042200EB0A0B02EBF7
:107F80008B0B002203FB012301324BF8043FD4F892
:107F9000E4309342F6DC76451844BC44DBD1D4F897
:107FA000300190FBF3F06FF04042C000424459F8BA
:107FB0002220013207EE902AD4F8F82092FBF3F247
:107FC000F8EEE76A07EE902AB8EEE77AC6EE877A0F
:107FD000FAFE677AFDEEE77AC4ED497AF3F7B0FF6F
:107FE000C4F8B001002800F0CB81D4F8E430022BB3
:107FF00040F0CD81D4F83031002B1E46B8BF5E1C56
:10800000012B4FEA660615DD002204F2C51C764FEF
:1080100015F8121008301CF81230013243EA4103FF
:10802000964207EBC30359681B6840F8041C40F8EC
:10803000083CEDDC00230122D4F8E800A4F80C325F
:10804000C000C4F85832A4F86C3284F80E22C4F888
:108050006832C4E99733F3F773FF8046002800F0D5
:10806000F0810146D4F8A4212046FBF7B1FED4F8F4
:10807000EC30002B0ADDD4F89C21002502EBC30173
:108080001560083242F8045C8A42F9D1D4F8E8203D
:10809000002A11DD1A44D4F89C7107EBC30307EBE7
:1080A000C20742460833166855680832BB4243F897
:1080B000086C43F8045CF5D14046F3F749FFD4F867
:1080C0000411002940F34481D4F89C31DFED476A64
:1080D00003EBC102D3ED017A1846083367EEA77AA5
:1080E00090ED007A9A42E7EE077A76EEA76AF1D130
:1080F00007EE901A0023D4F84001F8EEE77AC4F8AE
:108100003C3284F8733267EEA67AC4ED8C7A037839
:10811000002B77D13649E8F793FD03462046B3FAA2
:1081200083F3BDEC048B5B0984F87432BDE8F88FEF
:108130005A002DE5002240F8042B834246F8042B18
:10814000F9D180E62020F3F7FBFE0646C4F898013B
:10815000002800F0298127494046E8F771FD30B139
:1081600025494046E8F76CFD002840F0E380642292
:108170002249304606F07EFDD4F8DC20511CC0F2C6
:10818000F48094ED616A0232D4ED626A00239FEDBF
:10819000177A07EE903A0133F8EEE77A9A4277EED3
:1081A000867AA7EEA67AF4D194ED5A6A07EE902A61
:1081B000DFED135AF8EEE77AD4F89801C6EE256A97
:1081C00026EE877A87EE270A80EE060A06F07EFD05
:1081D000DCE52046FBF772FDC5E500BFCDCCCC3D0C
:1081E000000048C2000048424C460208000000005F
:1081F0009C1002089C0F0208A40F02087C030020B8
:10820000DB0FC940D4F80801C000E8F751FC014673
:10821000C4F8B401002800F0F18002222046FFF7E4
:10822000F3FAD4F80801C000E8F742FC0146C4F8AC
:10823000B801002800F0278120460322FFF7E4FA66
:10824000D4F8400166E79649012300F1C8084FF0D1
:10825000110C08684FF0804509790A27C4F8C80056
:108260004FF0900988F80410C4F8F030C4F83C319D
:10827000A4F871328B4B8C4AC4F850318B4B1146A9
:10828000C4F854511046C4F8603104F5E275C4F8DE
:108290006431874BC4F84861C4F86831042384F81A
:1082A0005C61C4F82C31022384F82062C4F8E43005
:1082B0000823C4F87C22C4F83071C4E937C37D4B6D
:1082C000C4F86C317C4BC4F874310323C4F83431E6
:1082D0002023C4F8F430794BC4F8D830784BC4F874
:1082E0007832784BC4F838326423C4F84C31764B7A
:1082F000C4F85831754BC4F84031754BC4F88C3113
:10830000744BC4F89031744BC4F8C461C4F8703134
:108310001023C4F8C861A4F8CC611646C4E93A93A6
:108320006E4BC4F87C31E8F78BFC00287FF47BAB04
:10833000FFF788BB6A494046E8F782FC00283FF413
:1083400016AF684B40F25321674A6848E7F79CFF35
:10835000DFED676ACCE6404625E6D4F8009107FBDE
:1083600009F100293FF744AD73E59FED617A0232D0
:108370001AE7604B40F259115F4A5C48E7F784FF07
:108380005E4B4FF4EC715C4A5848E7F77DFF5C4B5D
:108390004FF4ED71584A5548E7F776FF594BFE21E7
:1083A000554A5248E7F770FF574B40F243214E4A77
:1083B0004E48E7F769FF554B4FF4DA714E4A4B4888
:1083C000E7F762FF524B40F2B7114B4A4748E7F7D5
:1083D0005BFF504B40F25F11474A4448E7F754FFB8
:1083E0004D4B4FF4B171444A4048E7F74DFF4B4BBA
:1083F0004FF4B371404A3D48E7F746FF484B40F21F
:1084000016213D4A3948E7F73FFF464B4FF4B57117
:10841000394A3648E7F738FF434B4FF4A571364ADF
:108420003248E7F731FF414B4FF4A971324A2F48E8
:10843000E7F72AFF3E4B4FF4E2712F4A2B48E7F74C
:1084400023FF3C4B4FF4F9712B4A2848E7F71CFFF8
:10845000394BFD21284A2548E7F716FF374B40F2F4
:108460000111254A2148E7F70FFF354B4FF4A17161
:10847000214A1E48E7F708FF324B40F245111E4AD9
:108480001A48E7F701FF304B40F219211A4A174802
:10849000E7F7FAFE2D4BA821174A1448E7F7F4FE38
:1084A0007812020800426F48601102080080BB4445
:1084B0000000FA45BC74933C6F12033B9A99993EB5
:1084C000801202082C0800206666663F7C090208BC
:1084D000000048C200004842E4385E42398EE33B67
:1084E000AC0F0208980F0208E0450208500F02087E
:1084F00000000000B413020800460208B01402088D
:1085000018120208B8120208E00F020854140208F8
:108510006C140208CC130208E0130208F8130208D6
:10852000DC1402081C140208841302089C130208BD
:1085300088140208CC1402088C12020834130208B2
:108540005413020870130208F81402088411020878
:108550002DE9F04F87B0002800F03A830C4600293F
:1085600000F030830546E7F7ABFF0F2800F22483C5
:10857000421C294604F1A9000126E8F7FFF9B64B91
:108580004FF00A0E11222360082163600427B34BC9
:108590004FF00208E2614FF0200B236104F148091B
:1085A000AF4B4FF0400AAF4A48466361AE4B216281
:1085B0000021C4F8A030AD4BA2605246C4F8A430EC
:1085C000AB4B84F89810C4F8903064236662C4F80A
:1085D0009430A84BE663C4F89C30032384F8A86069
:1085E000E762A4F88C60C4F82880C4F838B0C4E905
:1085F0000CE3A14BA361A14B2364A14BC4F8BC3095
:10860000A04B6364E7F7C8FF9F492846E8F718FBCB
:1086100000287FD09D492846E8F712FB00287ED12C
:108620000C239B4A9B49E0635020C4F89C10C4F87B
:10863000A0209949994A2762C4F8886084F8986014
:10864000A06321616261C4E90B83954B2364954B60
:108650006364954BC4F890301523E361934BE3605A
:1086600007B0BDE8F08F92492846E8F7E9FA0028FC
:1086700040F0B4828F4B04220521DFF890C22364BE
:10868000502321626F46A3636E468B4B4FF0010E61
:1086900062626D46A361F0EE007A824B4FF07E5A23
:1086A000E261202263640C238449E063E06261613B
:1086B000C4F888E0DFF850B29FED817ADFF850828D
:1086C000C4E90C23BCE80F000FC79CE8030087E84F
:1086D00003000FCEA064C9F80410C9F80820C9F837
:1086E0000C3003CEC9F81000C9F81410C4F8BCB09F
:1086F00084ED277AC4ED287AC4F8A4A084F88DE02C
:10870000C4F890800FCD20656165A265E36503CD57
:10871000206661666B4BE36007B0BDE8F08F6A4985
:108720002846E8F78DFA00B368492846E8F788FA42
:1087300000282BD1664A05235749E06362611D2258
:1087400064482161C4F89000634956486363C4F8E3
:1087500038A06064C4F89C1084F89860C4E90723CA
:108760004F4A10232264236378E75C4A1F235C4846
:108770005C492261E3614C4A5B4B6064C4F89C1025
:10878000C4F89020E36007B0BDE8F08F5749284651
:10879000E8F756FA002843D055492846E8F750FA3A
:1087A000002840F0BF80434A5021C4F888606E46DC
:1087B000226409224F4B3546E26162630522E06381
:1087C0002262364AE06262614B4AA16322614B4AEF
:1087D00067626264C4F830B0DFF82CA1DFF834B10E
:1087E000DFF83481DFF834E1DFF834C1444F0FCBD8
:1087F00086E80F000FCDA064C9F80410C9F808205E
:10880000C9F80C30C4F818B0C4F8BCA0C4F89C80F7
:10881000C4F8A0E0C4F8A4C0C4F89070394B1EE7B7
:108820002B4A0523A7626261334A636322612122D6
:10883000E062E2613C22C4F8886084F88C00226324
:1088400084F8A800C4E908331A4B23642E4BC4E90A
:108850002400C4F8BC30E1E70080BB44BC74933C06
:108860006F12033B0000FA4500002040CDCC4C3F86
:108870002C08002000426F489A99993E6011020826
:108880007C090208801202087812020860150208AA
:1088900000004040005E17484260653CA69BC43B18
:1088A0007C110208681502089C0600206DDB8E42D0
:1088B000AC0F0208681102086666E63E0AD7A33BC1
:1088C000007C1249E4385E42741502088C150208D7
:1088D0006F12833B0C05002000E8FD479EEFA73C8C
:1088E0007C15020800162348381F434294150208DD
:1088F0009C150208B00002086F12833CA415020800
:10890000BC090020FFFF794270110208C000020874
:108910007C0300200AD7A33D007C9248CDCC0C40BC
:108920009A99593FB1492846E8F78AF900283BD17E
:10893000002210276E460521E263E2620622AC4B5C
:1089400035462162DFF8C4A2DFF8FC82DFF8FCE2E2
:10895000DFF8FCC2C4E90C72A64AA74F22640122C8
:10896000C4F888205022A263A44A6264262262626C
:10897000A34A6261A34A22611B22E2610FCB86E80F
:108980000F000FCDA064C9F80410C9F80820C9F879
:108990000C30C4F818A0C4F8BC80C4F89CE0C4F83B
:1089A000A0C0C4F8907039E797492846E8F748F91D
:1089B00000284CD105232825DFF898C26F46236292
:1089C0006E468C4BE06323645023E062A3638F4BBD
:1089D000DFF874B2A3618E4BDFF87CA263640123DD
:1089E000DFF87882C4F888300A23DFF874E2C4E93B
:1089F0000C531D236D466362814B6361814B236180
:108A00000923E361BCE80F000FC79CE8030087E877
:108A100003000FCEA064C9F80410C9F80820C9F8F3
:108A20000C3003CEC9F81000C9F81410C4F8BCB05B
:108A3000C4F89CA0C4F8A080C4F890E00FCDA06555
:108A4000E1652266636603CDA066E166E6E67149EC
:108A50002846E8F7F5F8002854D105234FF07C525A
:108A60002021DFF8F0C123622F23A2616F466362E9
:108A70006E46634B4FF0010E5E4A6D4663614FF0E8
:108A80007E5A604B2264502223610423E063E36139
:108A90005F4BE06263640C23A263C4F888E0DFF8F4
:108AA000A8B19FED5D7ADFED5D7ADFF8B881C4E9AA
:108AB0000C13BCE80F000FC79CE8030087E8030015
:108AC0000FCEA064C9F80410C9F80820C9F80C300A
:108AD00003CEC9F81000C9F81410C4F8BCB084ED76
:108AE000277AC4ED287AC4F8A4A084F88DE0C4F8ED
:108AF00090800FCD20656165A265E36503CD20669A
:108B000061668BE646492846E8F79AF800287FF424
:108B1000AAAD1223052237496F4663626E4663632E
:108B2000502322624FF0010EA3636D46344A4FF08A
:108B30007E5A3C4B6261A361324A3B4B2261032265
:108B400063643023DFF80CC1E063E0622164E2611A
:108B50002363C4F888E0DFF8F0B09FED347ADFEDEE
:108B60002F7ADFF80081BCE80F000FC79CE80300F4
:108B700087E803000FCEA064C9F80410C9F80820E4
:108B8000C9F80C3003CEC9F81000C9F81410C4F8A5
:108B9000BCB084ED277AC4ED287AC4F8A4A084F888
:108BA0008DE0C4F890800FCD20666166A266E36612
:108BB00003CD2067616731E61D4B15211D4A1E4814
:108BC000E7F762FB1D4B13211A4A1B48E7F75CFBD2
:108BD0001B4B1221174A1848E7F756FB194B40F276
:108BE0001511144A1448E7F74FFB00BFB0150208EF
:108BF000B0000208681102089C060020B81502089F
:108C0000A69BC43B6F12833CC8150208CDCCCC3D5B
:108C1000D01502089C0F0208007C12499A99993FCE
:108C2000A40F02086666E63EE0150208001B3749FD
:108C30004C150208AC4C0208241502083C15020829
:108C400014150208980F020870110208009A0D48C6
:108C5000CDCC2C40C0000208007C9248CDCC0C400A
:108C6000BC0900207C0300204368002B24DDF6EEC5
:108C7000005A90ED006A03F1010C0120DFED0F6A4C
:108C800007EE900A01300831B8EEE77A604527EE2A
:108C9000067AC7EE267A77EEA57AFDEEE77A17EE2A
:108CA000903A02EBC303D3ED017A1B68F1EE677AC9
:108CB0000B60C1ED017AE3D1704700BFDB0F493C87
:108CC00007EE100AD2ED007A91ED006AF6EE006A26
:108CD000B8EEC77A2DE9F04FE6EE077A16464A68F5
:108CE0002DED068B9FED4F9AADF2145D002A87EEB5
:108CF000897A019337EE267ABBFE477AE7EE497A06
:108D0000C6ED007A7BDD1C4601230D469FED46AA89
:108D1000DFED469A0DF1080801F5247B1F46D5F8D2
:108D20001095B9F1000F70D007EE107AD6ED007AE9
:108D3000F8EEC78A68EEA78AB0EE680A07F1010A62
:108D4000E9F7C4FBB0EE408AB0EE680A08F1080803
:108D5000E9F7F2FFD4ED037A94ED027A083460EE7D
:108D6000670A88ED008A27EE000AE7EE080AA7EEF8
:108D7000880A70EEA90AE9F79DFD3B466F68ABECE7
:108D8000010A57453BDBB9F1000F49D0A4339FEDF1
:108D9000279A05EB830502AB03EBCA08019B03EBA3
:108DA000CA0407EE90AA0AF1010A0834F8EEE78A2D
:108DB000D6ED007A68EEA78AB0EE680AE9F786FB7E
:108DC000B0EE408AB0EE680AE9F7B6FF54ED017ADA
:108DD00014ED027A434660EE670A08F1080827EEB0
:108DE000000A83ED008AE7EE080AA7EE880A70EE13
:108DF000890AE9F75FFD5745A5EC010AD1DA0DF2C2
:108E0000145DBDEC068BBDE8F08FF4F75FFF07EE55
:108E1000900AF8EEE77A67EE897AC7EE8A8A8BE7DE
:108E200057467CE7DB0FC94000FEFF46CCBC8C2BCD
:108E30002DE9F04F85B014460A4600AF002C4FEAEA
:108E4000C405BB606B46B4BF661C2646A3EBC403D7
:108E5000786076109D46A3EBC40306F101096946CC
:108E60009D46A3EBC403B9F1010FEA469D46A3EB6F
:108E7000C403E8469D461368C7F80CD00B604FF05A
:108E800000034B6020DD131D48198C468E4603EB12
:108E9000860B0246F3EC017A0EF1080E083A5B45A8
:108EA000C2ED007ACEED007AF4D101224FF0000E2F
:108EB000964240F804EC0CF1080CCCF804E0A0F168
:108EC000080002F10102F3D15246B86BF9F7CEFA6D
:108ED000002C6ADD07EE904A52460AF1040153461F
:108EE000F8EEE77A002051ED016A083308310130CD
:108EF00086EEA77A844201ED037A53ED016A86EE8D
:108F0000A77A03ED017AEED1032C9AE8030088E8F2
:108F1000030019DD55444346012192ED037A083DD3
:108F200095ED016A0131D2ED027A0833D5ED006A80
:108F300037EE067A8E4202F1080277EEA67A83EDCA
:108F4000017AC3ED007AE8DC0AEBC60A4C4508EB6F
:108F5000C6024FEAC6039AE8030082E8030035DD43
:108F600043444A46002101329960D9600833944253
:108F7000F9D14146D7E90202F9F778FAB9F1000FC1
:108F80000FDD7B68FA68191DDFED136A01EB8601BE
:108F900092ED017A0832C7EE267AE3EC017A8B4231
:108FA000F6D11437BD46BDE8F08F9AE803000AEB0E
:108FB000C6024C4508EBC60388E8030092E80300AC
:108FC00083E803004FEAC603CADCD2E7FA684146E9
:108FD000B868F9F74BFAD4E767F90A41024B03EB9B
:108FE00000135868704700BF60BB02082DE9F04FBE
:108FF000DDE9099BB9F1000F3CDD002406460F4670
:109000001D4600EB830190464FEA830ADFED1F5AAD
:1090100023462046002D2ADD06EB840C9FED1C6ABA
:109020003A46C646FCEC017AB2EC017AFEEC016AE3
:10903000614577EEC77A26EEA77A67EE277AA6EE25
:10904000A76AEFD1B4EEE56AF1EE10FA02D5F0EEC0
:10905000465A184601332C4451449945DAD1DBED88
:10906000007A77EEA57ACBED007ABDE8F08F9FED20
:10907000086AE7E7DBED007A0020DFED045A77EEBF
:10908000A57ACBED007ABDE8F08F00BFAEC59D7428
:1090900000000000012925DD0122DFED136A00B583
:1090A000864600200EEB8203013293ED007A9C4647
:1090B00053ED017A043BB4EEE77AF1EE10FA03D4F3
:1090C0009142EFDC5DF804FB022237EE667A77EE20
:1090D000A67A0130914283ED007ACCED007AE1D19D
:1090E0005DF804FB00207047CDCCCC3D2DE9F04766
:1090F0002DED048BADF5A05D1D461446074684B0EA
:109100004FF400620E4600210DF58160B0EE409AEA
:10911000B0EE608AF0EE419AE7F73EFA0DF5826311
:109120002268002D43F8082C11DD691CB0EE487A46
:10913000221D0DF20C4304EB8101F2EC017A67EE83
:10914000877A8A4227EE087AE3EC017AF5D10DF6A8
:1091500008420DF5816138460DF60844F9F754FAD6
:1091600041F20C420DF60C436A44D3ED007A083309
:1091700013ED037A67EEA77A9342E7EE077A43EDA1
:10918000037AF2D101AD3746B24605F58069A846AB
:1091900094ED007AFAEC017A67EE877AF5EE407A80
:1091A000F1EE10FA4BD4B1EEE77A0834A8EC017A6C
:1091B000C145EDD1DFED278A06F580683346F3EC33
:1091C000017A984578EEA78AF9D19FED228A344634
:1091D000B5EC010AF0EE490AE9F774FB20EE000A4B
:1091E000D4ED007AA94520EE270A38EE008AA4ECD7
:1091F000010AEDD188EE887A334627EE297AD3ED3D
:10920000007A67EE877AE3EC017A9845F7D141F26C
:1092100044436B441B685BB106F580769FED0E7A84
:10922000D7ED007A67EE877AE7EC017ABE42F7D194
:109230000DF5A05D04B0BDEC048BBDE8F087B0EE89
:10924000670A0834E9F79CFAA8EC010AC1459FD1E6
:10925000B0E700BF17B7D13847E1FA3F2DE9F04139
:109260002DED068BADF6080D1646074688464FF4E1
:109270000062002102A8B0EE408AF0EE608A1C462F
:10928000B0EE419ADDF84058E7F786F9002E05DB8D
:10929000721C414602A89200E7F770FBDDF84C28EB
:1092A00002A93846F9F7B0F9B7EE006ADFED616A56
:1092B0000DF58162DDF84CC802ABDCED017A0CF1F2
:1092C000080C1CED027A67EEA77AE7EE077A77EED4
:1092D000A67A86EE277AA3EC017A9A42EDD1DDF8E0
:1092E0004438002B40F0878002ABD3ED007A67EE64
:1092F000887AE3EC017A9A42F7D16768002F40F34D
:109300009080234601379FED4C8A0C34DFED4B8A69
:109310000126D3ED009A9FED4A9ADFED4AAA9FED10
:109320004AAA07EE906AB6EE006AF8EEE77A77EEA0
:10933000865A77EEC67A65EEA95A67EEA96A85EE77
:10934000897AC6EE897A37EE067ABDEEC77A77EE6D
:10935000867A17EE102AFDEEE77AB2F5807FA8BF75
:109360004FF4807217EE903A9A4241DD02A99FEDC8
:10937000370A01EB830301EB8202F3EC017A93429B
:1093800030EE270AF9D1B5EE400AF1EE10FA4BD4CF
:10939000F1EEC07A94ED007A77EE676AE7EE078A1D
:1093A000A6EEA68A6DB1B4EEE77AF1EE10FA48BFE8
:1093B00067EE8A7AB4EEE77AF1EE10FAC8BF67EE8C
:1093C000AA7A0136E4EC017ABE42AAD188EE880A74
:1093D000E9F7F6FCDDF83838F2EE047A60EE277A29
:1093E000C3ED007A0DF6080DBDEC068BBDE8F081EB
:1093F000DFED167ACEE7DDF848183846B0EE481AA9
:1094000033460191F0EE490ADDF83C18B0EE680AE7
:109410004246009102A9FFF769FE6768002F3FF7F7
:1094200070AF9FED0B0AD3E7E9F7AAF9F0EE407AA7
:10943000B0E700BFBD3786351FB14F0A6042A20DAD
:10944000DB0F493C3333B33F3333333F000000007D
:109450000000C842D0ED066A012390ED077AF6EECF
:10946000007A30EE660A03FA01F137EE667A06EE0C
:10947000101AC0EE076AB8EEC66AE6EE267AFBFE60
:10948000677AFDEEE77A17EE900A20EAE0708142F3
:10949000D8BF01F1FF307047012390ED060AD0EDEF
:1094A000076A07EE101A934076EEC06A07EE903A0C
:1094B000B8EEC77AF8EEE77A86EEA76AA7EE060A54
:1094C000704700BF10B501242DED048BD0ED069A36
:1094D0008C4090ED078AE9F773FCF0EE408AB0EE1D
:1094E000690AE9F76DFCB0EE409AB0EE480AE9F778
:1094F00067FCB0EE408AB0EE690AE9F761FC78EEED
:10950000C98A38EE408A07EE904AF8EEE76A88EE9C
:10951000887AF6EE007ABDEC048BE6EE877AFBFEE5
:10952000677AFDEEE77A17EE900A20EAE07084424F
:10953000D8BF04F1FF3010BD10B52DED048BD0ED78
:10954000069A144690ED070A08EE101AE9F738FC5F
:10955000F0EE408AB0EE690AE9F732FCB0EE409ACC
:10956000B0EE690AE9F72CFC012378EEC98A9FED79
:109570000A7AA340B8EEC88A07EE903AF8EEE77A86
:10958000C8EEA76AA8EE260ABDEC048BBDE8104021
:1095900020EE070AE9F780BA8E5D13402DE9F04707
:1095A0002DED028B00AF88460446D7E90AC54FEA85
:1095B0008C096E1CBCF1000F09F107014FEA860609
:1095C00021F00701ADEB010D06F1070121F00701C4
:1095D0006846ADEB010D69DDEA469FED457A9144A1
:1095E0008646F2EC017AF3EC016A4A4567EEA67A08
:1095F000A7EEA77AEEEC017AF3D1B5EE407AF1EE60
:1096000010FA53D062462B465146F3F7ADF82A467E
:1096100041465046F3F7D4F8002D60DBC14646447E
:109620009FED338A4346B3EC017AFAEC017A9E420D
:10963000A7EE278AF7D10026DFED2E8A07EE906A83
:10964000B0EE680AF8EEE70AE9F73CF9D9ED007ADE
:10965000B54206F1010667EE807AE9EC017AEDD1B8
:109660009FED250A0523224629464046F9F72AF9A7
:10967000854214D09DB107EE905ADFED206A002399
:10968000F8EEE77A86EEA77A07EE903A01339D422C
:10969000F8EEE77A67EE877AE4EC017AF4D1B0EE7F
:1096A000480ABD46BDEC028BBDE8F087002D13DDF6
:1096B00007EE905ADFED116A0023F8EEE77A86EEA6
:1096C000A77A07EE903A01339D42F8EEE77A67EE0B
:1096D000877AE4EC017AF4D19FED058ADFE79FED0C
:1096E000060A0523224629464046F9F7EBF8F3E738
:1096F00000000000C9767E3F0AD7233CDB0F4940BB
:109700002DE9F04F4FEA820A0B4683B0002A0AF196
:10971000070100AF21F00701ADEB010D54DDEE466E
:109720009FED2D7A03EB0A017246F3EC017A67EEA6
:10973000877A8B42E2EC017AF7D1A0F104094FF06D
:109740007E53DFF8A0809FED255ACA447B60D8F88D
:1097500008500026D8F80040002DD8F80C002BDD6A
:10976000F0EE455A4FEA840C00EB8400B346002C1F
:109770002EDDA0EB0C03391D72469FED196AF3EC48
:10978000017AB2EC017AF1EC016A984277EEC77A7D
:1097900027EEA67A67EE277AA6EEA76AEFD1B4EE97
:1097A000E56AF1EE10FA02D5F0EE465A5E460BF18C
:1097B000010B60445D45DAD149F8046FCA4508F1F0
:1097C00010080EF1040EC2D10C37BD46BDE8F08F73
:1097D0009FED036AE3E700BFAA279F44AEC59D74CF
:1097E0000000000060BB02082DE9F8439600002A43
:1097F00000AF06F1070323F00703ADEB030D22DDF5
:109800006D46A1F1040C114BAE462C460CEB06083C
:10981000D3F8009010335CF8041F53F8042C09FBB4
:1098200001F1E04502EB8102126844F8042BEFD10C
:1098300035449FED077AFEEC017A67EE877A75452D
:10984000E0EC017AF7D1BD46BDE8F88360BB0208C1
:109850002EE34D3ADFED267A90ED007A20EE270ACE
:10986000D0ED017A77EEC76AB4EEE60AF1EE10FAAF
:1098700005DD30EE077AF0EE477A80ED017A90ED63
:10988000027A77EE676AB4EEE60AF1EE10FA05DDC9
:1098900070EE277AB0EE677AC0ED027AD0ED037AE7
:1098A00077EEC77AF4EEC07AF1EE10FA03D537EE10
:1098B000007A80ED037A042918DDDFED0D7A00F1DE
:1098C000100300EB810060EEA70AF3EC017A13EDC0
:1098D000027A77EEC77AF4EEE07AF1EE10FA03D569
:1098E00037EE207A03ED017A9842EED1704700BF3F
:1098F0002EE34D3ADFED087A90ED007AB4EEE77A88
:10990000F1EE10FA07D5D0ED037A9FED047A67EEF9
:10991000877AC0ED037A70473A46F13D6F12033DF6
:1099200010B501248440E9F74BFAB2EE047ADFED7A
:109930000D5A07EE904AA0EE077AB8EEE76AF6EE07
:10994000007AC7EE256AE6EE267AFBFE677AFDEE20
:10995000E77A17EE900A20EAE0708442D8BF04F15B
:10996000FF3010BD000048420123DFED0E4ABAEE81
:10997000047A06EE900A8B40F2EE045AF8EEE66A9C
:109980009FED096A07EE903AF8EEE77A84EEA75A5F
:10999000F0EE477AE6EE857A87EEA50A20EE060A13
:1099A000E9F77AB8000048428E5D134070B5049C18
:1099B0000CB182EA62020C6804F0070C9E46E508CE
:1099C000CCF1080C465D634528BFE646A3EB0E03C9
:1099D000ACEB0E0C744442FA03FE0EFA0CFC4CEA9B
:1099E000060C00F805C00C60002BE5D170BD00BF6F
:1099F0002DE9F04105460C680020012604F0070E11
:109A0000E708CEF1080E15F807C01746724528BFC3
:109A10007746AEEB070E06FA07F8D21B3C444CFA29
:109A20000EFC08F1FF370C600CEA070C0CFA02FC84
:109A300040EA0C00002AE1D13BB180EA102080EA24
:109A4000101080EA900080EA5000BDE8F08100BF6D
:109A5000704700BFB0F5805F08B503D2044B53F8E0
:109A6000200008BD034BA521034A0448E6F70CFC7F
:109A7000DC4C0208EC150208CC4C02080416020863
:109A8000B0F5000F08B54CD2410247D403469A0204
:109A900003D583F4471383F4A053D90203D583F489
:109AA000C71383F420631A0303D583F4472383F495
:109AB000A063590303D583F4C72383F420739A0367
:109AC00003D583F4473383F4A073D90303D583F418
:109AD000C73383F0A0031A0403D583F4474383F00C
:109AE0005003590403D583F4C74383F028039A0431
:109AF00003D583F4475383F01403D90403D583F4C7
:109B0000C75383F00A031A0503D583F4476383F030
:109B10000503074A52F82330584008BD054B43401F
:109B2000B5E7054BB221054A0548E6F7ADFB00BF96
:109B3000DC8C020800A863001C160208BC4C02085A
:109B400004160208484008B5EBF7F6FA08BD00BF56
:109B50000D2838B526D842F291030446C340DB07EE
:109B600020D54FF4F0710120F2F7EEF90546C8B1A7
:109B7000046064B1072C0DD00D2C0FD001F07AFDDC
:109B8000012105F5947003F02FFA284638BD00F046
:109B900053FDF5E7044901F0CBF8F1E7034901F083
:109BA000C7F8EDE70025F0E7781202086015020813
:109BB00010B5002847D00446D0F88000F2F7C8F965
:109BC000D4F88400F2F7C4F9606808B1F4F784FAB5
:109BD000236853B1072B1AD00D2B18D0042B27D094
:109BE0002046BDE81040F2F7B3B9D4F88800F2F788
:109BF000AFF9D4F88C00F2F7ABF9D4F89000F2F793
:109C0000A7F9A068F5F73AFA2368072BE4D1D4F84E
:109C10007001F2F79DF9D4F87401F2F799F9E0694F
:109C2000F2F796F9A069FCF73DFC2368042BD7D125
:109C30006069F7F753FAE06C02F07EFC2046BDE85D
:109C40001040F2F785B9034BB921034A0348E6F700
:109C50001BFB00BF3416020870AD02084416020850
:109C60002DE9F04F83B000AF7960002800F0A280AA
:109C7000046805460D2C00F2968042F29103E34001
:109C8000D90740F190801646002C5BD0072C07D0F6
:109C90000D2C05D0042C47D00C37BD46BDE8F08F05
:109CA000EB6F002B39DD4FF0000A696FE8466868FA
:109CB000CA1D0AFB01FBD5F8809048BF01F10E02D6
:109CC000D1103246073121F00701ADEB010D694695
:109CD0006C46F4F75BFA6A6F002A13DD09EB020C9D
:109CE00009EB0B0107220020DC44235C1341013AFD
:109CF00003F0010301F8013B531C01D1013007229D
:109D00008C45F2D1C5466868F4F732FA0AF1010AC7
:109D1000EB6F06EB40065345C7DC7968284601F037
:109D20003DF92C68042CB7D13246D5F8801068680C
:109D3000F4F72CFA7968284601F0CEFD0C37BD46C1
:109D4000BDE8F08F426FE846D0F880B0D31D406880
:109D500048BF02F10E033246DB10073323F007033E
:109D6000ADEB030D6946EA46F4F710FA6B6F002B72
:109D700012DD5B440BF1FF310722581E1AF8043044
:109D80001341013A03F0010301F8013F531C01D1D3
:109D9000013407228142F1D128467968C54600F096
:109DA000F5FC2C6872E7074B4FF4B271064A07487E
:109DB000E6F76AFA064B4FF4B171034A0348E6F737
:109DC00063FA00BF6816020854AD02084416020880
:109DD0005C160208F8B500AF68B36D460C46C16D5D
:109DE00006460368A5EBC101042B8D466D4617D0CE
:109DF0002946FFF735FFF26D002A0FDDA31E294625
:109E000003EB420208460831D0ED007AFDEEE77A16
:109E100017EE900A23F8020F9342F3D1BD46F8BD26
:109E2000D0F880104068F4F7B1F92146304601F0CF
:109E3000A5FCBD46F8BD034B4FF4A371024A03488D
:109E4000E6F722FA5C16020864AD0208441602081E
:109E5000002A1BDD01384FF0070C00B502444FF01B
:109E6000000E11F80E3043FA0CF30CF1FF3C03F036
:109E70000103BCF1FF3F00F8013F03D10EF1010ED9
:109E80004FF0070C8242ECD15DF804FB704700BF35
:109E90002DE9F84311F0070500AF49D1CA1D00298B
:109EA0000E468946B8BF1646002A80464FEAE606A7
:109EB000B8BF01F10E020021F31DD21023F00703F9
:109EC000ADEB030D6C462046E6F766FBB9F1000FDB
:109ED00013DD08F1FF30072200EB090110F8013F04
:109EE00014F805C09340013A43EA0C036355531C30
:109EF00001D1013507228142F0D1A6B126444FF6A7
:109F0000FF7014F8013B83EA1023B44283EA131371
:109F100043EA002080EA033080EA431080B2F0D1A7
:109F2000BD46BDE8F8834FF6FF70BD46BDE8F88337
:109F3000034B40F2BF11034A0348E6F7A5F900BFFF
:109F4000D81702083CAD0208441602082DE9F84F64
:109F500011F0070600AF40F08A80CA1D00290D46A7
:109F60008A46B8BF1546002A80464FEAE505B8BFC5
:109F700001F10E020021EB1DD21005F1FF3923F093
:109F80000703ADEB030D6C462046E6F705FBBAF17F
:109F9000000F14DD08F1FF310020072201EB0A0C4D
:109FA00011F8013F14F800E09340013A43EA0E0330
:109FB0002354531C01D1013007226145F0D1AAF18D
:109FC000100BAAF10902631914F80950BBF1000F34
:109FD000D94613F8023C4FF00001B8BF9146002A61
:109FE00045EA03254FEAE909B8BFAAF1020209F1DF
:109FF0000703D21023F00703ADEB030D6C46204698
:10A00000E6F7CAFABBF1000F12DDA8F11100072232
:10A0100008F1FF38504418F8013FA15D9340013A20
:10A020000B43A355531C01D1013607228045F2D1C1
:10A03000B9F1000F18D0A1444FF6FF7014F8013B9E
:10A0400083EA10234C4583EA131343EA002080EA95
:10A05000033080EA431080B2F0D1281AB0FA80F0C1
:10A060004009BD46BDE8F88F4FF6FF70F5E7034B9A
:10A070004FF4E471024A0348E6F706F9D8170208DC
:10A0800020AD020844160208D0F8F800704700BF5F
:10A090002DE9F04F13F0020985B01D4604460E4627
:10A0A00002AF41D190F8F430A3B1CA46D4F80031E0
:10A0B000032B00F0AA80236EA26DC4F824519342B2
:10A0C000B8BF13465345C0F2508150460C37BD46C9
:10A0D000BDE8F08F0368082B00F0A380102B00F080
:10A0E000A080016F836E93FBF1F3D0F8FC1091FB1D
:10A0F000F3FABAF1000FD9DD023E90ED447A5B002D
:10A1000006EB4A01B2F900001A4407EE900AF8EE95
:10A11000E77A67EE877AFDEEE77A17EE900A26F87F
:10A12000020FB142EED169E003F00603062B63D1C2
:10A13000D0F89C30002B5FD190F8F4202AB115F0B4
:10A14000010A00F0F780290756D42368D4F858A0F4
:10A15000072B00F0A580A3F10D02B2FA82F252099A
:10A16000002A40F09D80042B00F0F880E36F002B64
:10A1700040F3DD809346B046C7F804A03D60666FAB
:10A18000E9460021D4F88450F21D0BFB06FA48BFC3
:10A1900006F10E02D210D31D23F00703ADEB030D21
:10A1A00002AB1846E6F7F8F9002E034613DD2E44FD
:10A1B000002055440721564415F8012B13F800C020
:10A1C0008A40013942EA0C021A544A1C01D101307A
:10A1D0000721B542F0D11A46414660680BF1010BE8
:10A1E000F3F7F2FFCD466068F3F7C2FFE36F08EBC9
:10A1F00040085B45C3DC98E04FF0000AD4F800311A
:10A200004FF00009032B7FF456AF5F4B94F8F42016
:10A210001B685E49D8685346CDF80090E6F766FCA7
:10A2200049E7A36DE846216E9942B8BF1946D4F8B4
:10A23000FC30B1EB430F4FEA430AC0F29D80A8EB1C
:10A24000C301002B8D460DF1080B7EDDD4F80811FB
:10A25000023AC03102EB0A0C084632F902EF07EE6F
:10A2600090EA6245F8EEE77AE0EC017AF5D11A4619
:10A2700058467B60023EF6F79DFE7B6894ED447A7B
:10A2800006EB8303FBEC017A67EE277AFDEEE77AB3
:10A2900017EE902A26F8022FB342F3D1C54605E700
:10A2A000E36F002B43DD4FF0000BB046C7F804A06E
:10A2B0003D60666FE9460021D4F88450F21D0BFB27
:10A2C00006FA48BF06F10E02D210D31D23F0070391
:10A2D000ADEB030D02AB1846E6F75EF9002E034620
:10A2E00013DD2E44002055440721564415F8012B58
:10A2F00013F800C08A40013942EA0C021A544A1C81
:10A3000001D101300721B542F0D11A4641466068BB
:10A310000BF1010BF3F758FFCD466068F3F728FF08
:10A32000E36F08EB40085B45C3DCD7E9005A4FF008
:10A330000109BBE690ED3B7AD0ED3C7AB4EEE77ACA
:10A34000F1EE10FA7FF75AAFFFE6D4F808111A467B
:10A350005846C031F6F72EFEC546A7E6D4F884204D
:10A3600031466068F3F730FFE1E7094B40F20941FD
:10A37000084A0948E5F788FF054B4FF46771054A1D
:10A380000548E5F781FF00BF00000020181802080B
:10A39000EC170208DCAC020844160208F8B500AF5E
:10A3A000002855D01446D0F8F830026E0546934286
:10A3B00047DC02680E46C0F8FC3052B3042A4FF066
:10A3C00000032DD0072A33D00D2A31D0D5F8FC1048
:10A3D0004A00002902F1070222F00702ADEB020D4C
:10A3E0006A4610DDA44604EBC10E941E61460CF1D2
:10A3F000080CD1ED007AE645FDEEE77A17EE901AEB
:10A4000024F8021FF2D131462846FFF741FEBD462F
:10A41000F8BD214600F0BCFA2A680346042AD1D1CF
:10A420002146284601F0FCFA2A680346072ACBD1C8
:10A43000B0EE000A00222146284600F025FE034621
:10A44000C4E7074B40F22931064A0748E5F71CFFED
:10A45000064B4FF44A71034A0348E5F715FF00BF66
:10A460003C18020804AD0208441602085C160208F3
:10A4700070B588B303681546D0F8F8200E46072B50
:10A480000446C0F8FC2001D00D2B1ED1216E8A425B
:10A4900029DC072B0CD0A3F10D03B3FA83F35B097E
:10A4A00033B92A4631462046BDE87040FFF7F0BD7B
:10A4B00029460122204600F0E7FD2A4603463146A0
:10A4C0002046BDE87040FFF7E3BD0A4B4FF45671DC
:10A4D000094A0A48E5F7D8FE094B40F25231064ACC
:10A4E0000648E5F7D1FE074B40F25931024A0348CE
:10A4F000E5F7CAFE60180208F4AC02084416020828
:10A500005C1602083C180208B0B500AF002862D003
:10A51000D0F8F850036EC0F8FC50AB4254DB04682E
:10A5200094460D2C08D8DFE804F030070707110720
:10A53000070A07070707070A0020BD46B0BDB0EEAF
:10A54000000A6246FFF794FFBD46B0BD9B006C4613
:10A55000002D03F1070323F00703ADEB030D6A465B
:10A560000EDDACF1020C13460CEB450E3CF9025F1C
:10A5700007EE905AE645F8EEE77AE3EC017AF5D17A
:10A5800001F0C2FAA546BD46B0BD6C46002DA4EB55
:10A59000C3039D466A4612DDACF1020C9FED117AB1
:10A5A0000CEB450E3CF9025F083303ED017A07EE30
:10A5B000905AF445F8EEE77A43ED027AF2D1FFF7CC
:10A5C000EDFEA546BD46B0BD074B40F2FB21074A54
:10A5D0000748E5F759FE074B40F2F621034A0448C5
:10A5E000E5F752FE00000000A018020814AD0208B2
:10A5F000441602085C160208036870B504460E464D
:10A60000154643B116B1D4F8E430336015B1D4F82F
:10A61000EC302B6070BD00F120018068F6F752FC31
:10A62000F0E700BF80F8F410704700BF806D7047FE
:10A63000006E7047C06D7047F8B54FF08042044619
:10A640004FF07A5300261020C4F8F02084F8F4600C
:10A65000C4F81031C4F8D860F5F7BEF9A06000283E
:10A6600057D0FFF7F5F94FF4FA574FF4A073A02233
:10A670004FF4B471A068E36563662166A766C4E918
:10A680003E22F4F719FD8000F1F75AFCC4F8880067
:10A69000002862D0A068F4F70FFDC500012029460C
:10A6A000F1F752FC2946C4F88C000120F1F74CFC6C
:10A6B000D4F88C30C4F89000002B48D0002840D04B
:10A6C000A068C4F8E860F6F775F903462767042028
:10A6D000C4F8C830F3F718FB606060B3F3F748FDC7
:10A6E0000346A068A365F4F7E7FC03466068A36728
:10A6F000F3F734FD01236067E367F1F721FCC4F849
:10A70000800090B1606FF1F71BFCC4F8840030B199
:10A71000F8BD154B2421154A1548E5F7B5FD154B35
:10A720004221124A1248E5F7AFFD134B40210F4A70
:10A730000F48E5F7A9FD114B39210C4A0C48E5F704
:10A74000A3FD0F4B3321094A0948E5F79DFD0D4B49
:10A750003221064A0648E5F797FD0B4B2E21034AA6
:10A760000348E5F791FD00BF581902089CAD0208A7
:10A770006C190208081A0208EC190208D819020814
:10A78000BC190208A0190208881902082DE9F04135
:10A7900084B006460D466A46436E02AF4068A2EB9F
:10A7A000C3039D46F4F778FAD6F8603102AC002B6B
:10A7B00040F0A980D6F87C3183B1D6F8880198475B
:10A7C000D6F83821387101230092391D0C2206F584
:10A7D000A47002F0D9FB0023C6E95803D6F88030F4
:10A7E0001A785978987B41EA42019A7842EA410204
:10A7F000D97841EA42011A7942EA4102597941EA9B
:10A8000042019A7942EA4102D97941EA4201DA7A6F
:10A8100042EA4102197B41EA42015A7B42EA410283
:10A8200040EA4200FFF716F9716F8646D6F88C2091
:10A83000002940F38B80D6F88000A2F1040C00239D
:10A84000013810F8011F01334CF8041F716F994251
:10A85000F7DC980001F10A0C9C4515DB6FF04041D4
:10A8600003F10A08194402EB8101A8EB030001334C
:10A870004EFA00F000F0010041F8040F706F00F193
:10A880000A0C9C45F1DA980000231350D6F89C304E
:10A89000002B4CD106F1D8082146B0684346F4F7A6
:10A8A00069FFD6F8D830012B53D1B16F4346D6F8A3
:10A8B0008C20B06802EB810204F5A061F4F75AFF26
:10A8C000D6F8D830002B50D1F36DB3F5A07F46D128
:10A8D00023462946DFED286A04F52062184693EDE9
:10A8E000017A08330831D0ED007A27EE267A9A42B1
:10A8F00067EEA67A01ED017A41ED027AEED10837D2
:10A90000BD46BDE8F081D6F86431591CA43336F851
:10A910001320D6F88030C6F864111A54D6F8603186
:10A92000013BC6F86031002B7FF458AF42E7114677
:10A93000B068F4F7C5FBB16FD6F88C30B06803EBA4
:10A940008101F4F7BDFBD6F88C20A3E70020034675
:10A9500080E70A4B89210A4A0A48E5F795FC0A4B29
:10A960008F21074A0748E5F78FFC084B8D21044AE1
:10A970000448E5F789FC00BF00404E44241A020851
:10A9800080AD02086C1902084C1A0208381A020835
:10A990002DE9F04F89B004466B46D0F8F82002AF9D
:10A9A000A3EBC203002A9D4602AE15DDD000DFED09
:10A9B000C56A324608440B4691ED017A08310832E7
:10A9C000D3ED007A27EE267A814267EEA67A02ED71
:10A9D000017A42ED027AEED1A068F4F76DFB04F142
:10A9E000F8023346D4F888100546A068009207F1B3
:10A9F0000802F6F7A7F804F12001A068F6F762FA5A
:10AA0000A368BA6803F51043616A012AD3F8A03B32
:10AA1000C4F8EC10C4F8E43017D0CBB1D4F8E83067
:10AA2000AD00D4F89000D4F88810DBB92A46E5F7D9
:10AA3000A5FFD4F8E8300220B3FA83F35B09C4F829
:10AA4000E8301C37BD46BDE8F08FC4F8E82023B9D4
:10AA500000201C37BD46BDE8F08FD4F88810AD004B
:10AA6000D4F890002A462844E5F788FFD4F89C6083
:10AA7000002E40F0F880D4F89030656FD3E90012D2
:10AA8000490002F0010201F0020111439A6802F04C
:10AA9000010242EA4101DA6802F0010242EA4101A0
:10AAA0001A6902F0010242EA41015A6902F0010208
:10AAB00042EA41019A6902F0010242EA4101DA697F
:10AAC00002F0010242EA4101DA6A02F0010242EABE
:10AAD00041011A6B02F0010242EA41015A6B02F095
:10AAE000010242EA41019A6B02F0010242EA41008E
:10AAF00053F8251003EB850301F001015A6841EA80
:10AB0000400102F0010242EA4100D3E9021201F0E1
:10AB1000010102F0010241EA400142EA4100D3E9A9
:10AB2000041201F0010102F0010241EA400142EA8F
:10AB30004100D3E9061201F0010102F0010241EAED
:10AB4000400142EA4100D3E908129B6A01F0010189
:10AB500002F0010203F0010841EA400342EA430324
:10AB600048EA43084046FEF78BFF05464046294623
:10AB7000FEF7E8FFD4E92C3202441733C4F8B420BE
:10AB8000626FC4F8B030002A0ADDD4F89020D4F8FF
:10AB9000843052F826209A550136636FB342F4DCB4
:10ABA000D4F88430C5F38050C5F34052C5F300514A
:10ABB0001870C5F38040D4F884305A70C5F3C04291
:10ABC000D4F884309970C5F30041D4F88430DA7039
:10ABD000C5F34042D4F884301871C5F38030D4F8FE
:10ABE00084305A71C5F3C032D4F884309971C5F3FA
:10ABF0004031D4F88430DA71C5F30032D4F88430AF
:10AC0000C5F3C025D872D4F884301973D4F88430D1
:10AC10005A73D4F884309D736068F4F73DF8D4F823
:10AC20008450012307F11402285C07F11001B88257
:10AC300004F59470009302F03FFB30B1D4F88031FA
:10AC40001BB1397CD4F888019847D4F88410606827
:10AC5000F4F73EF8D4F8E8300620B3FA83F35B0942
:10AC6000C4F8E830EDE6A068EB46F5F7A3FE4FF038
:10AC7000000843004FF0020907F11406073323F0E0
:10AC80000703ADEB030D0DF1080AD4F890305246DE
:10AC9000A06807F10C014344CDE9006307F11003FC
:10ACA000F5F78AFEFB68012B0ED0D4F8A430002BF8
:10ACB00039D1B9F1010FA84402D04FF00109E4E7FE
:10ACC000DD46B6E60AE09E3AC4F8A4300023C4F894
:10ACD000AC303969D4E92C320A44C4F8B4207A691A
:10ACE0001344C4F8B030D4F8D0307B609BB1D4F8B2
:10ACF000CC30A0683B60F5F75DFE51460246D7E9CF
:10AD000000039847D4F8AC30032B03F1010206D0BE
:10AD1000C4F8AC20CDE70123C4F8AC30C9E7002368
:10AD2000C4F8AC30C5E7D4F8AC30002BECD1D0E798
:10AD30002DE9F041002300250F460446C0F8F050ED
:10AD4000C82180F8F4300120E5F74AFB002800F024
:10AD5000D080064601463846FDF7FAFB3046FCF740
:10AD6000B3FD0746A061002800F0F9803046E5F702
:10AD7000A7FE3846FBF736FE0646A069FBF744FE01
:10AD80000346A069C4F81431FBF73AFEC4F8180171
:10AD90006020D6E90B32C4E94723F1F7D1F8E0612E
:10ADA000002800F0D680A369D3F8781204F06AF87E
:10ADB000D4E9060103F02EFC0A22E369A0691A62B5
:10ADC000FBF722FEA369D3F8E43090FBF3F84FEAD7
:10ADD000C8073846F1F7B4F8C4F87001002800F04D
:10ADE000B2804FEA8800F1F7ABF80246C4F874016C
:10ADF000002800F0A280B8F1000F09DDD4F870310E
:10AE0000F9185D6043F8085B8B4242F8045BF8D1A7
:10AE1000A069FBF7EDFD0346A069C4E93E33FBF7EB
:10AE2000E7FD0346A0696366FBF7E2FD0346A06900
:10AE3000E365FBF7E1FDA26900232066D2ED027A0B
:10AE40004FF4FA5284F8E0300820FDEEE77AC4F8B7
:10AE5000D430D4F818312267C4F8C830C4ED1A7A57
:10AE6000F2F752FF6060002861D0E3699D6DF3F74F
:10AE700075F995FBF0F303FB1055002D51D1E369F3
:10AE800060689D6DF3F76AF90346606895FBF3F51A
:10AE9000E567F3F76DF900FB05F56068A565F3F765
:10AEA0005DF9E36F024603FB00F0C4E91D20F1F7F2
:10AEB00047F8C4F8800070B3A06FF1F741F8C4F808
:10AEC000840010B3336A4FF07A51F069E269013BB4
:10AED000C4F8101100FB03F3D4F81C11D26DD6E9AD
:10AEE0000A40024404FB03F30A44934207D1BDE83D
:10AEF000F0811E4B79211E4A1E48E5F7C5F91E4B0D
:10AF0000B9211B4A1B48E5F7BFF91C4BB321184A6E
:10AF10001848E5F7B9F91A4BB121154A1548E5F774
:10AF2000B3F9184BA721124A1248E5F7ADF9164BB1
:10AF3000A4210F4A0F48E5F7A7F9144B92210C4AB8
:10AF40000C48E5F7A1F9124B9021094A0948E5F7A9
:10AF50009BF9104B8721064A0648E5F795F90E4BF9
:10AF60007D21034A0348E5F78FF900BFD41A020890
:10AF7000CCAD0208881A0208781B0208081A0208D9
:10AF8000EC190208301B0208D81902081C1B020821
:10AF9000081B0208F81A0208E81A02082DE9F04F07
:10AFA00085B004468846D0F8206102AFF31D002E1C
:10AFB00023F00703ADEB030D0DF1080A17DD013E89
:10AFC000D0F860010DF1070504F5A47906EB0A0B32
:10AFD000E8B1D4F86431013803F1A402013314F864
:10AFE000122005F8012F5D45C4E95803F0D1D4F8CB
:10AFF0009C3073BBD4F880304246D4E90601CDF8CA
:10B0000000A003F0D5FD0C37BD46BDE8F08FD4F8A5
:10B010007C311BB914E0D4F87C3193B1D4F88801A9
:10B020009847D4F83861387101230C22391D4846FD
:10B03000009601F0A9FF0023C4E958030028C8D1F5
:10B04000002205F8012F5D45E5D1D4F89C30002B96
:10B05000D0D0A16F6D46CB1D23F00703ADEB030DE0
:10B0600002A8FCF7A1FBA36F002B0BDD0DF107027B
:10B070000023D4F8801012F8010FC8540133A16FD7
:10B080009942F6DCAD46B5E72DE9F04F2DED028B88
:10B09000A3B004469046B0EE408A10AF8A46D0E98D
:10B0A000065328467B62FBF7ABFC0646386228460F
:10B0B000FBF7AAFCD5F83031D5F82C218146C31A0C
:10B0C000D5F8E4B0B8F1010FA3EB02004FEA860314
:10B0D00003F10703386123F00703ADEB030DD4F848
:10B0E00020314FEA430210AB02F1070222F00702BF
:10B0F00090FBFBF0ADEB020DD4F81C21F86002F1DF
:10B10000070222F007014FEA800202F10702164609
:10B110003A604FEAC00210A8ADEB020D786102F16F
:10B12000070026F0070210AEADEB020D7860BE609E
:10B130004FF0000210AEADEB010D796AA069896D88
:10B14000D0ED547AF961D4F87011C8EE278ABE6147
:10B150003963D4F87411B96210A9C7E90F22F962F2
:10B1600000F27682C4F8E42095F80C227AB97B6369
:10B17000B8F1000F00F00B81B0EE680A5146FBF702
:10B18000C7FC7B6B984AC4F8EC2095F80C22511E42
:10B19000012948D92846FBF727FC0346F96A2846C7
:10B1A000C4F8F830FBF7C0FFD4F800317B6333B943
:10B1B000786B4C37BD46BDEC028BBDE8F08F4FF08D
:10B1C0000008022B2CD1D4F8DC60884A731C12686A
:10B1D000D2F80C90C4F8DC30854BD5F8544253F8C3
:10B1E0002830079395F80F320693D5F82402E9F733
:10B1F00021FC23463246CDE90401D5F868124846C1
:10B200000391D5F85C120291D5F858120191794951
:10B2100095F80D4251F8244077490094E5F766FC13
:10B22000C7F83480C4E7012A0CBF032202227A63E4
:10B23000B8F1000F00F0B080B0EE680A524619462F
:10B240002846FBF7D1FC3B6A93FBFBF699FBFBF32B
:10B25000A3EB06093B62B9F1000F40F39181B86A94
:10B26000F2003B6B4FEA860800EB860E844603EB48
:10B27000C6014FEAC90003EBC90AD1F804B008338C
:10B28000D1ED007A083143F804BC43ED027A9A45C7
:10B290005EF804BB4CF804BBEFD13B6BD5F8AC11A6
:10B2A0001844E5F76BFBB96A424601EB8900D5F813
:10B2B000BC11E5F763FB386AD5F82411BA6A01FBC3
:10B2C00016013E6BFB6A284602EB810206EBC101C8
:10B2D000FCF7C6F9D5F8F0300122D5F86812C4F8A9
:10B2E000E4205A1E914200F08B804FF00009CB46BB
:10B2F000012B57D02846FBF777FBF96AC4F8F80012
:10B300002846FBF711FFD4F80031002B3FF450AF73
:10B310007A6B12F00C0F00F0A281344BD4F8DC6091
:10B320001B68D5F854A2D3F80C80314B53F8223067
:10B33000721CC4F8DC200E933B6C0D93FB6BCDE9C3
:10B340000AB90C93D4F8EC00E9F774FBCDE90801D5
:10B3500095F80F320693D5F82402E9F76BFB5346B4
:10B360003246CDE90401D5F8681240460391D5F87C
:10B370005C120291D5F8581201911E4995F80D42C0
:10B3800051F824401D490094E5F7B0FB10E7514601
:10B39000FBF79CFB7B6BF5E6524619462846FBF70C
:10B3A000EFFB50E7D5F86832002BA3D1D4F81C612D
:10B3B000002E12DDFB6A701E05F2C3111844013B1A
:10B3C00013F801CF11F8012F944504D0D4F8B4201C
:10B3D0000132C4F8B4208342F2D1D4F8B0303344FF
:10B3E000C4F8B03086E700BF0000A0C00000002015
:10B3F0000803002048030020B01C0208381C020883
:10B40000002328467B647B690193BB69009307F1A5
:10B4100044030293BE68BA6A3346396BC7F808D052
:10B42000FCF716F87A68D7F80C90314622F007033B
:10B430003A68ADEB030D22F007034A460DF14008D0
:10B44000ADEB030D10AE404603F054F84A463046CB
:10B45000B96903F095F838694B46B0EE080A8100E7
:10B46000D5ED8D0A3246073121F00701ADEB010D14
:10B47000C11D21F007010DF14009ADEB010D48465A
:10B48000414610AE02F0F2FCCDF8009007F13C020C
:10B49000334607F14001786A03F0A4F9FA693146AE
:10B4A000D4F88400E5F76AFAD5F840311B78002B10
:10B4B00040F0B0807B6A5A6B3B6C9A427B6B5BD0EE
:10B4C00043F00C037B63D4F89CB0BBF1000F5DD15B
:10B4D000D946D4F82031002B3FDD04F59473C7F82A
:10B4E00024B0FD614FF000087E694FF0010ABD6A8B
:10B4F0009B4618F0010F14D1D4F884218AB17B6CDB
:10B50000396BD4F88C0101EBC30105EB830391ED9A
:10B51000000A93ED001AD1ED010A90477B6C0133CC
:10B520007B640123324607F138015846CDF800A06C
:10B5300001F0C2FE38B1D4F8803123B197F8381049
:10B54000D4F88801984708F10108D4F82031023670
:10B550004345CEDCD7F824B0FD693B6A04F12001F5
:10B560003A6B2846FBF71CFE636AC4F8EC30D7F848
:10B5700008D0D5F8F030BBE643F004037B63A2E7C4
:10B580004FEAC900F2004FEA860886E6D5F8400186
:10B59000EA46E4F795FF42460346A169786A03F05C
:10B5A00059FAF9693A698346CB1D23F00703ADEBDD
:10B5B000030DD4F8B430034410AEC4F8B4303046B0
:10B5C000D4F8B0301344C4F8B030FCF7EDF8D5F837
:10B5D00040311B7853BB3046FE69D4F884103246A4
:10B5E00003F0D2FAD4F8BC3081460344C4F8BC302E
:10B5F000D4F8B8303344C4F8B83020B1D4F8C430EB
:10B600000133C4F8C430D4F8C0300133C4F8C030BA
:10B61000D5465EE7F969D4F88400FEF797FC7B6BAA
:10B620000028A9D143F008037B634CE7FB6930464F
:10B63000A3F110084146FEF72BFC0346102206EB4F
:10B6400008005BBA07F138013B87FEF701FCC2E74F
:10B65000054B40F2BF11054A0548E4F715FED7F83F
:10B6600034807B63ADE500BF001C0208B0AD02086A
:10B67000881A020838B50121044614230846C4F884
:10B680009C3100F00DFFE064002843D04FF41661B8
:10B690004BF68030F5F7D4FC6061002858D0806903
:10B6A000F0F74EFCC4F8D40000284BD06069D0E914
:10B6B00003321344E265C4E91832F5F719FD4BF67D
:10B6C000803103464FF4FA520420A1662267C4E990
:10B6D0003E33F2F719FB606070B3F2F749FD0123C6
:10B6E00002466068E367A265F2F738FDC51D48BFF2
:10B6F00000F10E05ED10C4E91D002846F0F720FC0E
:10B70000C4F8800090B12846F0F71AFCC4F8840011
:10B7100030B138BD114B4821114A1248E4F7B4FD4D
:10B72000114B62210E4A0F48E4F7AEFD0F4B60212A
:10B730000B4A0C48E4F7A8FD0D4B5821084A09486C
:10B74000E4F7A2FD0B4B4F21054A0648E4F79CFDA8
:10B75000094B4B21024A0348E4F796FD2C1D0208D1
:10B76000F4AD0208401D0208081A0208EC1902088C
:10B77000D8190208681D02087C1D02080368042B02
:10B7800070B5044684B00E460CD0E06D8000F0F732
:10B79000D7FB23680546042B47D02846F0F7D8FB93
:10B7A00004B070BDD0F86031002B5ED1D4F87C318C
:10B7B00083B1D4F88801984701230C228DF80C003E
:10B7C000009304F5A4700DEB020101F0DDFB0023F2
:10B7D000C4E95803D4F86031002B78D1D4F87C3117
:10B7E00083B1D4F88801984701230C228DF80C000E
:10B7F000009304F5A4700DEB020101F0C5FB0023DA
:10B80000C4E95803D4F89431002B4DD003A9D4F8DF
:10B810009801984702A9D4F8802003AB0091012039
:10B82000D4F8D41000F0EAFCAFE7D4F8D4200146F5
:10B830006069F5F75FFCE26D002AAEDD2B46B11EB4
:10B8400005EB82029FED237AF3EC017A67EE877AAB
:10B850009342FDEEE77A17EE900A21F8020FF3D13A
:10B860002846F0F775FB04B070BDD0F86421013BA9
:10B8700011460132A431C0F8642130F81110C0F82B
:10B8800060318DF80810002B90D0511CA432013B80
:10B8900034F81220C4E958318DF80920002B9DD0CE
:10B8A000D4F89431002BB1D1D4F87C01D4F8D41061
:10B8B000D4F8802028B102A80090012000F09EFC5E
:10B8C00063E703460090012000F098FC5DE7D4F8A0
:10B8D0006421DAE700FC7F460368042B70B5044658
:10B8E00084B00E460CD0E06D8000F0F729FB236891
:10B8F0000546042B47D02846F0F72AFB04B070BD5C
:10B90000D0F86031002B56D1D4F87C3183B1D4F813
:10B910008801984701230C228DF80C00009304F550
:10B92000A4700DEB020101F02FFB0023C4E95803C2
:10B93000D4F86031002B70D1D4F87C3183B1D4F8C5
:10B940008801984701230C228DF80C00009304F520
:10B95000A4700DEB020101F017FB0023C4E95803AA
:10B96000D4F89431002B45D003A9D4F89801984716
:10B9700002A9D4F8802003AB00910120D4F8D410A0
:10B9800000F03CFCAFE70146D4F8D4206069F5F73D
:10B99000B1FBE06D0028AEDD2B46314605EB8000A3
:10B9A00053F8042B834241F8082BF9D12846F0F7CD
:10B9B000CFFA04B070BDD0F86421013B11460132CA
:10B9C000A431C0F8642130F81110C0F860318DF84E
:10B9D0000810002B98D0511CA432013B34F81220DF
:10B9E000C4E958318DF80920002BA5D0D4F8943142
:10B9F000002BB9D1D4F87C01D4F8D410D4F880202D
:10BA000028B102A80090012000F0F8FB6BE7034684
:10BA10000090012000F0F2FB65E7D4F86421DAE73A
:10BA20002DE9F04786B005460C4602AF40696E46E8
:10BA3000F5F75EFB00284FEA800C0CF1070323F0BA
:10BA40000703ADEB030D02AA09DD214613460CEBFB
:10BA5000020051F8084B43F8044B8342F9D1D5F862
:10BA6000D4106869F5F782FB6869436BC5F8EC3060
:10BA7000F5F73EFBC5F8F800B546D5F8D430D5F853
:10BA8000841007F10C02E86C009307F1080300F042
:10BA900061FD00F006030446062B07D00023204674
:10BAA0001037C5F8E430BD46BDE8F08707F1080659
:10BAB00007F10A0805F5947A4FF0010916F8013BE1
:10BAC0004246F91D50467B810123CDF8009001F0DC
:10BAD000F3FB30B1D5F880311BB1F979D5F8880185
:10BAE0009847B045EAD1D5F8903123B107F10C0160
:10BAF000D5F898019847012320461037C5F8E4305F
:10BB0000BD46BDE8F08700BFF8B500AF08B30546F5
:10BB10000E461446FEF7B8FA2B6E834220DB6A46C7
:10BB20000028A2EBC3039D466A460CDDA44604EB45
:10BB3000800E00215CF8044B083343F8041CF445E4
:10BB400043F8084CF6D131462846FEF727FCBD469F
:10BB5000F8BD074B40F2B921064A0748E4F794FBC9
:10BB6000064B40F2BD21034A0348E4F78DFB00BFBA
:10BB70005C160208E4AD0208401D0208A018020885
:10BB80002DE9F04F066889B000244FF00008DDF879
:10BB900048C04FF00009012E0569C7698CF80040C4
:10BBA0001C60CDE902894AD0022E37D12B4C4FF0D0
:10BBB000080A2B480AF1FF3A0DF118090DF108089F
:10BBC000CDE90440E81B0024AF42D4BF8346AB4616
:10BBD00004ADCDE900B355F8046B009B701E06EB75
:10BBE0000A0E11F803B0013310F8016FB34502D00B
:10BBF0000134C8F800409F42D8BF00237045F0D1FF
:10BC0000A24206ABB4BF002401249D42C9F8004003
:10BC100008D009F1040958F8044FDCE7204609B0C0
:10BC2000BDE8F08FDDE90131039A91420DDA00227F
:10BC3000069819608CF8002009B0BDE8F08F28350F
:10BC4000084C09484FF0100AB4E7012107981A6020
:10BC50008CF8001009B0BDE8F08F00BF28AE0208D4
:10BC600020AE020840AE020830AE02082DE9F04FC7
:10BC700087B09DF8447067B1012F07D1026803694E
:10BC8000012AC5695ED0022A00F0448207B0BDE8EF
:10BC9000F08F04680569012CC66900F0E780022C6A
:10BCA00000F0FC81032CF1D105F10C0C0020176091
:10BCB00066458046C2F80370D8BFACEB060C01E0C5
:10BCC00012F8087011F80C406FEA000E0CF1010C2C
:10BCD000013004F001040EF0070E6645D8BF4FF0A6
:10BCE000000C182804FA0EF444EA070402F808408D
:10BCF0004FEAE008E4D105F13407BE42D8BFBF1BCC
:10BD0000CC5D6FEA000C01370CF0070C04F0010465
:10BD1000BE42D8BF002704FA0CF44FEAE00C013011
:10BD200012F80CE0342844EA0E0402F80C40E7D183
:10BD3000109A002A00F0EB8005F15602964200F3BB
:10BD4000E080DDE01A1D03F108074FF0000B0DF154
:10BD500010089542D8BF521B541C11F802900022C3
:10BD6000A542D8BF641BBD4211F804A0D8BF7F1BF9
:10BD70005C46CDE904225A4601E01EF808BC6FEA91
:10BD8000020ECE5D1834013206F0010601370DEBCC
:10BD9000040C0EF00704BD42D8BF00270DF1180EA9
:10BDA000A640202A0EEBE20E4BEA06064FEAE2041A
:10BDB0000CF8086CE1D103F1380E4FF0000B0424AD
:10BDC0007545D8BFAEEB050E01E017F808BCD743A8
:10BDD00011F80EC0183401320CF0010C0EF1010EF6
:10BDE0000DEB040607F007047545D8BF4FF0000EB1
:10BDF00006AF0CFA04FC402A07EBE2074BEA0C0CF6
:10BE00004FEAE20406F808CCDFD15833806B9D423C
:10BE1000D8BF5B1B5A1C9542D8BF0022541CA542B8
:10BE2000D8BF0024661CB542D8BF002600283FF4C6
:10BE30002DAFCDF800A08A5CCD5C02F001020B5D55
:10BE40008C5D05F00101920003F0010304F0010490
:10BE500042EAC102414642EA43024B4622430024E1
:10BE6000CDE90142082200F05FFD0FE705F1100C5B
:10BE70000020176066458046C2F80370D8BFACEB5F
:10BE8000060C01E012F8087011F80C406FEA000E81
:10BE90000CF1010C013004F001040EF0070E6645B0
:10BEA000D8BF4FF0000C182804FA0EF444EA070437
:10BEB00002F808404FEAE008E4D105F13807BE4235
:10BEC000D8BFBF1BCC5D6FEA000C4FEAE00E013714
:10BED0000CF0070C04F001040130BE42D8BF00276B
:10BEE00004FA0CF412F80EC0342844EA0C0402F8E8
:10BEF0000E40E7D1109A52B105F15A02964200DC89
:10BF0000921B885C0A44109C207052786270002B4F
:10BF10003FF4BCAE00221A809A702A1D5435964216
:10BF2000D8BF921B885C0132C0019642D8BF002264
:10BF3000C0B218708C5C0132A4019642D8BF0022B6
:10BF400004F04004204318708C5C01326401964276
:10BF5000D8BF002204F02004204318708C5C01320A
:10BF600024019642D8BF002204F010042043187028
:10BF70008C5C0132E4009642D8BF002204F0080431
:10BF8000204318708C5C0132A4009642D8BF002276
:10BF900004F00404204318708C5C01326400964263
:10BFA000D8BF002204F00204204318708C5C0132D8
:10BFB00004F001049642D8BF002220431870885C28
:10BFC0000132C0019642D8BF0022C0B258708C5CCA
:10BFD0000132A4019642D8BF002204F0400420435D
:10BFE00058708C5C013264019642D8BF0022AE4288
:10BFF00004F02004D8BFAD1B204358708A5C1201A6
:10C0000002F0100210436A1C58709642D8BF0022FA
:10C010004C5DE40004F00804204358708C5C01324D
:10C02000A4009642D8BF002204F0040420435870B4
:10C030008C5C013264009642D8BF002204F00204F6
:10C04000204358708C5C013204F001049642D8BF42
:10C05000002220435870885C0132C0019642D8BF4C
:10C060000022C0B298708C5C0132A4019642D8BF05
:10C07000002204F04004204398708C5C013264017B
:10C080009642D8BF002204F02004204398708A5CB6
:10C09000120102F0100210439870F7E505F1080054
:10C0A000002417608642A6465760D8BF801B01E077
:10C0B00012F80E700B5C6FEA040C0130013403F0CF
:10C0C00001030CF0070C8642D8BF00201C2C03FA99
:10C0D0000CF343EA070302F80E304FEAE40EE7D10F
:10C0E00024350020AE42D8BFAD1B4B5DC410C74302
:10C0F0000135043403F0010307F007070130AE42B5
:10C10000D8BF0025BB40175D1C2843EA0703135521
:10C11000EBD1BBE503F1080400224FF0000C0DF158
:10C120001008A54204926646E246D8BF641BA8F8F0
:10C13000042001E019F808CC0A5DF7430AF1180E53
:10C14000013602F0010207F007070134EE44BA405D
:10C150000DF11809A542D8BF0024302E4CEA020286
:10C1600009EBE6094FEAE60A0EF8082CE2D103F1E2
:10C1700038023C33806B9542D8BF521B541CA542F9
:10C18000D8BF641B661CB542D8BF761B9D42D8BF82
:10C190005B1B03F1010C6545D8BF4FF0000C0CF19F
:10C1A0000107BD42D8BF002707F1010E7545D8BF72
:10C1B0004FF0000E00283FF469AD11F80C5011F853
:10C1C000039005F0010311F807C011F80E7009F093
:10C1D000010E9B000CF0010C07F0010543EACE03B1
:10C1E00043EA4C032B4302938B5D01930C5D8B5C04
:10C1F00006224146009400F097FB47E50128F8B578
:10C20000069F0C4615461E463BD0022803D0032845
:10C2100000F0BB80F8BDDFF884C20F460CF1400E81
:10C22000664610370CF1100C0FCE764547F8100C0F
:10C2300047F80C1C47F8082C47F8043CF0D1E01DE7
:10C240000022D310D1430132EB5C01F007011C2A1C
:10C2500043FA01F303F0010300F8013FF1D1233465
:10C26000002205EBE203D14301321B7901F0070103
:10C270001C2A43FA01F303F0010304F8013FF0D153
:10C28000F8BD602283492046E4F778FB002E54D0A5
:10C290003378DB1123713378C3F380136371337800
:10C2A000C3F34013A3713378C3F30013E3713378FE
:10C2B000C3F3C00323723378C3F38003637233780C
:10C2C000C3F34003A372337803F00103E37273787E
:10C2D000DB1123737378C3F3801363737378C3F331
:10C2E0004013A3737378C3F30013E3737378C3F33A
:10C2F000C00384F854307378C3F3800384F8553056
:10C300007378C3F3400384F85630737803F0010365
:10C3100084F85730B378DB1184F85830B378C3F31E
:10C32000801384F85930B378C3F3401384F85A303B
:10C33000B378C3F3001384F85B302FB13B7884F8F3
:10C340005A307B7884F85B3004F10F000023D91059
:10C35000DA430133695C02F00702182B41FA02F15B
:10C3600001F0010100F8011FF1D13734D910DA438F
:10C370000133695C02F00702342B41FA02F101F04B
:10C38000010104F8011FF1D1F8BD582242492046AD
:10C39000E4F7F4FA002E54D03378DB1123703378AD
:10C3A000C3F3801363703378C3F34013A3703378FF
:10C3B000C3F30013E3703378C3F3C00323713378FE
:10C3C000C3F3800363713378C3F34003A3713378FD
:10C3D00003F00103E3717378DB1123727378C3F305
:10C3E000801363727378C3F34013A3727378C3F33B
:10C3F0000013E3727378C3F3C00384F8503073788A
:10C40000C3F3800384F851307378C3F3400384F896
:10C410005230737803F0010384F85330B378DB11A2
:10C4200084F85430B378C3F3801384F85530B3786C
:10C43000C3F3401384F85630B378C3F3001384F881
:10C4400057302FB13B7884F856307B7884F85730DA
:10C4500004F10B000023DA10D9430133AA5C01F088
:10C460000701182B42FA01F202F0010200F8012F35
:10C47000F1D13334DA10D9430133AA5C01F007015A
:10C48000342B42FA01F202F0010204F8012FF1D13B
:10C49000F8BD00BFD8000208780102083801020880
:10C4A0002DE9F843431E012B39D8012806460D46D5
:10C4B00030D040274FF00808B9463C20E4F7F8FA9E
:10C4C000044628B3DDB94846E4F7F2FAE8B10023A0
:10C4D00000220121A060A361E2620022A363E76160
:10C4E000E560C4F82080C4E90063C4E90931002391
:10C4F000C4E90423C4E90C232046BDE8F883484678
:10C50000E4F7D6FA05460028DDD12046E4F7D8FA4C
:10C510000024F1E760274FF01008B946CDE7034B40
:10C520004FF49471024A0348E3F7AEFE901D0208EF
:10C5300008AE0208D81D020810B50446806B00F052
:10C54000F1F9A068E4F7BCFA2046BDE81040E4F732
:10C55000B7BA00BF2DE9F04F04469646D0F80880E0
:10C56000002022688C46D4F80CB0012AD4F804A02C
:10C5700025696169D4F81C902DED048B91B094ED80
:10C58000088A0793636A8DF83B000693A3690393B7
:10C5900000F0CA80022A6AD1012303260246CDE9AF
:10C5A0000C36B9F1000F40F3B081BBF1000F00F081
:10C5B00006811E9B9FEDB59A5E1E0023DFEDB48AB7
:10C5C00006EB0900089104920590CDF82CE0CDE926
:10C5D000093C1AE0BAF1010F256128D00DF13B07A3
:10C5E0000FAB049A594620460097FFF7C9FA002876
:10C5F0006ED10FAB049A414620460097FFF7C0FA70
:10C60000002839D1059B9E4220D016F8013F08F83A
:10C610000530B3FA83F35B090BF805300135A94502
:10C62000D8DCA5EB0905BAF1010F2561D6D1039B32
:10C63000069A0133002A0CBF47465F46994503938B
:10C6400077D0059B4FF0010A9E42DED1DDE9081349
:10C6500058009DF83B30B3FA83F35B0940EA83004E
:10C66000039BC4F804A0C4E90513069B636211B0E0
:10C67000BDEC048BBDE8F08F079B4146204600933C
:10C680009DF83B300193DDE90A23FFF7EFFADDED7A
:10C690000F7AB8EEC87A236BF8EEE76A18EE102A24
:10C6A00094ED0B6A13440F9A66EE896A2363636BF9
:10C6B000C6EE877A134401226363002392460393F4
:10C6C0000693CDE90832E6EE287AC4ED0B7A99E7B5
:10C6D000079B5946204600939DF83B300193DDE9C6
:10C6E0000A23FFF7C3FADDED0F7AB8EEC87A236BA1
:10C6F000F8EEE76A18EE102A94ED0B6A13440F9ACD
:10C7000066EE896A2363636BC6EE877A1344002260
:10C710006363012303929A460693CDE90823E6EE6C
:10C72000287AC4ED0B7A64E703230420CDE90C30AA
:10C7300037E70DF13B030C9A3946204600930FABC7
:10C74000FFF71EFA80B300234FF0010A0893079BFE
:10C750003946204600939DF83B300193DDE90A23DA
:10C76000FFF784FA9DED0F7ADFED487A18EE102A74
:10C77000F8EEC76A236BB8EEC87AD4ED0B5A1344AF
:10C780009FED436A66EEA76A0F9A2363636BC6EE5A
:10C79000877A134463630123099300230393E5EE2F
:10C7A000867AC4ED0B7A2DE7089B0D9A01339A42E5
:10C7B0000893B4BF4FF0000A4FF0010AC7E71E9874
:10C7C0005B469FED329A8B46461EDFED318A06EBC3
:10C7D0000907CDE90423CDE908CE11E0A5EB090551
:10C7E000BAF1010F256116D00DF13B03049A4146C1
:10C7F000204600930FABFFF7C3F9C0B9B74213D07F
:10C8000016F8013F08F805300135A945E6DDBAF113
:10C81000010F2561E8D1039B01334B45039339D0C8
:10C82000B7424FF0010AEBD15946059B10E7079B31
:10C83000414620464FF0000B00939DF83B3001939A
:10C84000DDE90823FFF712FADDED0F7AB8EEC87ABA
:10C85000236BF8EEE76A18EE102A94ED0B6A134486
:10C860000F9A66EE896ACDF80CB02363636BC6EE4F
:10C87000877ACDF818B01344636301239A46059371
:10C88000E6EE287AC4ED0B7AB8E700BF0AD7A33BDF
:10C8900052B87E3F0DF13B030C9A4146204600936F
:10C8A0000FABFFF76DF990B34FF0000B4FF0010A9B
:10C8B000079B4146204600939DF83B300193DDE9FC
:10C8C0000823FFF7D3F99DED0F7A5FED107A18EE8C
:10C8D000102AF8EEC76A236BB8EEC87AD4ED0B5A6B
:10C8E00013441FED156A66EEA76A0F9A2363636B04
:10C8F000C6EE877A134463630123059300230393F1
:10C90000E5EE867AC4ED0B7A78E70420A8E60BF111
:10C91000010B0D9B5B45B4BF4FF0000A4FF0010ABD
:10C92000C6E700BFE4F7CCB82DE9F04383B0D0F8F8
:10C930001C58044616460C9F002F14BFB94691465A
:10C94000F5B9002B40F091800A9BB3B10B68062229
:10C95000A9F10609836129EAE9798B881144C0F8B5
:10C960001C2883834B4BD4F81C58186806359B88C9
:10C97000C4F81E00C4F81C5863840B9B002B5AD1CA
:10C9800009EB0503B3F5006F05DB0023C4F81C3881
:10C9900003B0BDE8F08304F118084A4608EB05002F
:10C9A000E3F7ECFFD4F81C584D44C4F81C58002F92
:10C9B000EED0012DECDDAA1E63D005F1160740462E
:10C9C0004FF6FF71DFF8D0C0274410F8013B4B4011
:10C9D0008742DBB23CF8133083EA1121F5D1C94319
:10C9E00089B26319D87DA3181B7E43EA00238B42CA
:10C9F000CBD1B54247D02368002BC6D0B8F804107D
:10CA00000B2AA069ADF80410D4F81E10A161618C46
:10CA1000A8F80410BDF80410C4F81E00618406DCF8
:10CA20001C4A106891880C22A061A8F804104146A5
:10CA300060689847A9E70F2FA7D10A6804F1180684
:10CA4000144B22618A882568A2820A68C4F81E20D5
:10CA50008A88628418689B88A061A383002D94D083
:10CA60000C2231466068A8478FE703690625836179
:10CA7000838AC0F81C5883830A9B002B7FF472AF13
:10CA80007BE71146ADE7A3692361B8F80430A382C0
:10CA9000B1E700BF5403002050AE020808B5034AB6
:10CAA0009F21034B0348E3F7EFFB00BF8CB0020864
:10CAB000F81D0208141E020808B5034AB221034BF0
:10CAC0000348E3F7E1FB00BF64B002082C1E020834
:10CAD000141E020808B5034A40F27311024B0348C2
:10CAE000E3F7D2FB50B00208641E0208141E0208CD
:10CAF000002B18BF002A2DE9F84FCCBF4FF0010AD8
:10CB00004FF0000A40F379810F4600264FF0020BE8
:10CB1000DFF8F88297F900503C78002DC0F20981C7
:10CB200001251BFB045518F8144018F805E00EEB1E
:10CB3000042E0FFA8EFEBEF1000FC0F259810024C0
:10CB40004FF0020C25460580751CAA4240F3248153
:10CB50001EF4804F00F0F880544601254FF0000C81
:10CB600006F1020945804A45D4BF002501252C4025
:10CB700000F016811EF4005F40F0E8800CF1010C1B
:10CB80000025BCF1010FCCBF0024012406F10309EC
:10CB900085804A45D4BF002501252C4000F00B813B
:10CBA0001EF4805F40F0D6800CF1010C0025BCF132
:10CBB000010FCCBF0024012406F10409C5804A45B9
:10CBC000D4BF002501252C4000F0F8801EF4006F32
:10CBD00040F0C4800CF1010C0025BCF1010FCCBF6A
:10CBE0000024012406F1050905814A45D4BF00252A
:10CBF00001252C4000F0E5801EF4806F40F0B280EB
:10CC00000CF1010C0025BCF1010FCCBF0024012464
:10CC100006F1060945814A45D4BF002501252C406F
:10CC200000F0D2801EF4007F40F0A0800CF1010CD7
:10CC30000025BCF1010FCCBF0024012406F1070937
:10CC400085814A45D4BF002501252C4000F0BF80D6
:10CC50001EF4807F40F08E800CF1010C0025BCF1A9
:10CC6000010FCCBF0024012406F10809C5814A4503
:10CC7000D4BF002501252C4000F0AC801EF0800FB1
:10CC80007CD10CF1010C0025BCF1010FCCBF0024BC
:10CC9000012406F1090905824A45D4BF0025012572
:10CCA0002C4000F09A801EF0400F6BD10CF1010C6B
:10CCB0000025BCF1010FCCBF0024012406F10A09B4
:10CCC00045824A45D4BF002501252C4000F08880CC
:10CCD0001EF0200F5AD10CF1010C0025BCF1010F00
:10CCE000CCBF0024012406F10B0985824A45D4BF3C
:10CCF000002501252C4076D01EF0100F4AD1BCF142
:10CD0000000F4FF00005CCBF002401240C36C58273
:10CD1000B242D4BF00250125002C67D0002D65D07C
:10CD2000CEF3C005364B374A552105833648E3F725
:10CD3000ABFA4FF0010C06EB0C05A0F800C0AA42BC
:10CD40002ADD5446DFF8C8E0002509E701254FF049
:10CD5000000C1BE701254FF0000C2DE701254FF0DB
:10CD6000000C3FE701254FF0000C51E701254FF083
:10CD7000000C63E701254FF0000C75E701254FF02B
:10CD8000000C86E701254FF0000C97E701254FF0D6
:10CD9000000CA8E70125B9E72C462046BDE8F88F2E
:10CDA00004304E460137CC18A74202D0002D7FF444
:10CDB000B1AE3446F1E706304E46F3E708304E4652
:10CDC000F0E70A304E46EDE70C304E46EAE70E300B
:10CDD0004E46E7E710304E46E4E712304E46E1E7B4
:10CDE00014304E46DEE716304E46DBE71830D9E702
:10CDF0004FF0010C54466546A5E65446CDE700BF0A
:10CE0000801E0208A0B00208141E020804B1020825
:10CE10000080FFFF002A2DE9F04740F3AD801F4658
:10CE2000002B00F0A98000240E4601F1FF381546C2
:10CE30005349A14618F801EF2022524B93F800C045
:10CE4000F44503D193F801C04FEA0C2202338B4220
:10CE5000F4D112F4004F02F4804304F1020E56D1D3
:10CE60004FF0000CA0F800C0002B5FD001234380DE
:10CE7000930075459BB23FDD13F4004F03F4804CE3
:10CE800004F1040E4AD14FF0000AA0F804A0BCF14E
:10CE9000000F52D00123C380130175459BB22BDDD7
:10CEA00013F4004F03F4804C04F1060E55D14FF0FB
:10CEB000000AA0F808A0BCF1000F46D0012343816E
:10CEC0009201754592B217DD02F48043120404F119
:10CED000080E4AD4002282818BB101237545C3819B
:10CEE0000ADD7B1EC0F810900A34143033444345E9
:10CEF00001D0A5429EDCA6467046BDE8F087C381FE
:10CF0000744610307B1E33444345F2D1F3E74FF0B3
:10CF1000010CA0F800C0002BA8D1A8E70123838052
:10CF2000BCF1000FB6D1A0F806C0B5E7B2F5804F4E
:10CF300043809DD204307446E4E7B3F5804FA0F8F7
:10CF400006C0A9D208307446DCE7B3F5804FA0F8DC
:10CF50000AC0B5D20C307446D4E701230381BCF17A
:10CF6000000FABD1A0F80AC0AAE7003B4FF00102C6
:10CF700018BF01238281B1E74FF0000EBCE700BF6C
:10CF800002B10208B4B002082DE9F041069C671E08
:10CF9000022F1AD8012C10D0022C12D0002A1ADD30
:10CFA000012B18D10B7884468E460120003B18BF18
:10CFB0000123ACF80030BDE8F081BDE8F041FFF797
:10CFC00097BDBDE8F041FFF725BF044BA721044AF8
:10CFD0000448E3F759F9FFF761FD00BF2C1E020872
:10CFE0007CB00208141E020808B54B1E022B09D89B
:10CFF00000230161C0E90033836083814361C0E99C
:10D00000063308BDFFF758FD2DE9F04F83B00C9CA7
:10D01000002C00F08D80002B994640F389804FF062
:10D02000000A86468C461646013C50465746DEF8B6
:10D03000003036F9021B63BB19B30123CEF8003070
:10D04000DEF808304FF40042BEF80C10CEF8047041
:10D050001A410A43AEF80C205A1CCEF808200C2ABC
:10D060000FDDDEF81030013B022B5FD80023CEE944
:10D070000033CEF80830AEF80C30CEF81C30CEE9D4
:10D0800005332346013C0BB14845D0DB03B0BDE876
:10D09000F08F012BF5D1DEF808300029D2D15A1CCF
:10D0A000DEF804300133CEF80820022BCEF804302D
:10D0B000D5D1B2B30A46BEF80C8024494FEA1825F0
:10D0C00001945FFA88F8134601F1010B144602E05F
:10D0D0000133802B0DD011F81320AA42F8D11BF890
:10D0E00013204245F4D15FFA83FA01330124802BE7
:10D0F000F1D1DEF810302246019C013B022B15D8FD
:10D100002346CEF80870AEF80C70CEF81C70CEE94D
:10D110000077CEE90577002AB4D001300CF801ABD6
:10D12000B0E7DEF81030013B022B05D9FFF7C4FC55
:10D13000002003B0BDE8F08F2346AEF80C20CEF8F7
:10D140001C20CEE90022CEE905229BE704B10208AB
:10D15000002B2DE9F047089D40F39980002D00F049
:10D1600096804FF0000E844676467046DCF81440F8
:10D17000013D32F9028B0134DCF81C70022CCCF832
:10D180001440CCE9067804D00DB18342EEDCBDE852
:10D19000F087DCF800403FB274BB58EA070473D054
:10D1A0000124CCF80040DCF8084057B34FF40047A6
:10D1B000BCF80C90274147EA0907BFB2ACF80C70E5
:10D1C000B8F1000F22D1A71C0024CCF80870CCF8CD
:10D1D00004400C2F57DDDCF81040013C022C5ED8D7
:10D1E0000024CCE90044CCF80840ACF80C40CCF862
:10D1F0001C40CCE90544C7E7012CD4D0CCF814601E
:10D20000C2E7B8F1000F0AD0BCF80C704FF48048A8
:10D2100048FA04F847EA0807ACF80C70D3E7A71CF3
:10D22000DCF804400234CCF80870022CCCF804403E
:10D23000CFD17FB3BCF80C40C1464FEA14281D4C37
:10D2400004F14E0A6778474503D194F800E04FF0A7
:10D2500001090234A245F5D1DCF81040013C022C52
:10D260001DD80024CCE90044CCF80840ACF80C40B0
:10D27000CCF81C40CCE90544B9F1000F84D0013052
:10D2800001F801EB80E70024CCF814407CE7002093
:10D29000BDE8F087DCF81040013C022C01D9FFF713
:10D2A0000BFCCCE90088ACF80C80CCF81C80CCE9F5
:10D2B000058869E7B4B0020870B50569049E012DC0
:10D2C0000ED0022D11D0012B14D1012E12D1B2F9A2
:10D2D00000308E460120003B18BF01230B7070BD4B
:10D2E0000496BDE87040FFF78FBE0496BDE870401D
:10D2F000FFF72EBFFFF7EEFB2DE9F0478046406BAE
:10D30000D8F8446018B34FF0000A0D4602F1FF3917
:10D310005746D8F83C4094B14FF0000C40003246DC
:10D32000634611880133024405EB010E11B11EF86A
:10D33000011C8C44A342F4D1D4440CF0010A0137FF
:10D3400009F801AFD8F834000236B842E1D8BDE898
:10D35000F08700BF2DE9F04F8BB083461C46104686
:10D360000592DDF850A00691DDE91625002900F0B0
:10D37000B5800B4690FBF1F1002940F3D180002BE2
:10D3800040F3D98200264FEA40099E4601F1FF385A
:10D390000B46284631460AEB4607CDF850A0B24668
:10D3A0000096002C4FF0000C09DD3D4662462E88A9
:10D3B0000EB10CF1010C01324D449442F7D1002919
:10D3C00000F01B82884500F018820CF102024BF835
:10D3D0003A200AF1010A0237D645E2D10131069D11
:10D3E000009A8B42DDF850A002EB0506AE44D2D184
:10D3F0001946159B169A0546002B00F095800029CA
:10D4000040F3BA80059B481EBDF81840D71A002388
:10D4100001941FFA87FE089798460746CDF800E06A
:10D42000CDF810B00791CDE91625DDE900621FFAAD
:10D4300083FC9B46B218CDF80CC092B20092049ABD
:10D4400002EBC304069AD518A6EB0C03043402932E
:10D450002B4645469846082154F8040CEEF774FD17
:10D460002060002800F0528254F8043CA3F1020E20
:10D47000BEF1000F0BDD0AEB4B0C0023BCF80020C3
:10D48000CC44013A20F8332001337345F6D1002D06
:10D4900040F09581059B0EFB03B33AF81330013B36
:10D4A00020F83E304FEACE0E0EF1080E00EB0E03D0
:10D4B000002F00F0A081019BF31820F80E300BF133
:10D4C000010B721C0834C34596B2C4D105F10108A2
:10D4D000079B984500F012825B46A6E700280346AA
:10D4E0004BDD002C57464FEA400940F39981069ED8
:10D4F00094460020394603460A8802B101300133C0
:10D5000049449C42F8D1159B002B40F07981059B42
:10D5100002374BF836000136B342EAD1624608E0E2
:10D52000159B002B40F0FE81059B002B25DD4FEA6B
:10D5300043090BF104040026059F9046082154F886
:10D54000040CEEF701FD2060002800F0FA8154F889
:10D5500004CCBCF1000F0ADD0AEB460100230A8867
:10D560004944013A20F8332001336345F7D10136AD
:10D570000834B742E2D14246059BD71A069B07EB17
:10D58000030EBEF1000F1DDD189B0EEB4E0C199F14
:10D5900000265C009146DDF86880B8F1000F4FF07E
:10D5A000000208DD39461346088800B10132013314
:10D5B00021449845F8D145F8262003360237B44572
:10D5C000EBD14A4696451CDA199B02F1FF38924688
:10D5D000704603EB4E0C189B159A5F00DDF86890BF
:10D5E000002A00F0DD80804514BF0226012600EBF2
:10D5F000400301300CF1020C824545F82360EFD165
:10D600005246069B002B06DD02EB420189000C39D5
:10D610006B5801336B50002A40F39480189B2F46BF
:10D62000069900244FEA4309059BDDF870A09B1A78
:10D63000DDF86C80CDF824E05B1ACDE9162508935F
:10D640000C213868EEF780FCB860002800F06C818F
:10D650005AF8043B7B603B68002B6CDD099B00257E
:10D66000159AA3421AED010A0495CCBF00230123A9
:10D67000AA42009408BF00230193199B03EB4406C0
:10D68000089B2344079305EB4501019B00EB8100B8
:10D690008900002B3FD13388013B9BB25BF833C03C
:10D6A00003800BEBC303BCF1000F0DDDD3F804E0E6
:10D6B0000023009C02E00133634520D03EF8332074
:10D6C000A242F8D100944380B8F1010FB0EEC00A35
:10D6D00005D0CDE9020100F0BFFDDDE9020180EDDA
:10D6E000010A01351AED010A4E44B5EEC00AF1EE09
:10D6F00010FA06D43B68AB421CDDB868C3E700945F
:10D70000E2E7BB6801220B441A723B68AB4211DDB1
:10D710001AED010AF1E7079B049C069A23449BB289
:10D720001AB9224601320492B8E72246069C2244E6
:10D730000492B3E7009C0134169B0C37A3427FF49C
:10D740007FAF179D059B002B27DD984600260BF128
:10D75000040E5BF83630002B1CDD5EF8367007EBEC
:10D76000C30C3B8803EB430355F8230005EB83020E
:10D7700000280CDD002394681A4603E001320633CA
:10D78000904204D034F81310B142F7D17A800837B0
:10D79000BC45E6D10136B045DBD10BB0BDE8F08F1A
:10D7A000B9F1000F40F3B0806146164613460C886D
:10D7B00004B10136013339449945F8D117E7BD4228
:10D7C0000DD0009A1FFA8BF30399511A029A19444B
:10D7D000134420F83E3000EBCE0001816FE6059B3C
:10D7E0000EFB03B33AF81330013B20F83E3000EB58
:10D7F000CE0000F108031E8061E60CF10102E6E5AF
:10D800006246F6B10230059B02374BF8360001360E
:10D81000B3421FD0002C11DC159B23B10020F1E78F
:10D82000159B6BB91E46002302374BF83630013684
:10D83000059BB3423FF47DAE002CEDDD944658E6E7
:10D8400006980026059B013002370136CBF8000010
:10D85000B342DFD1159B002B3FF46BAE059B002438
:10D860000BF104081692D71ABEB208215BF83400F7
:10D87000EEF76AFB48F8340000284DD05BF834E03E
:10D88000AEF1020CBCF1000F0ADD0AEB44010023EB
:10D890000A884944013A20F8332001336345F7D11F
:10D8A000C4B1731E0EF1FF3E013420F83C30059BDD
:10D8B00020F83E600136A342B6B2D6D1169A069B36
:10D8C00007EB030EBEF1000F3FF75EAE72453FF768
:10D8D0007BAE37E7059A0EF1FF3E0CFB02F3012AFF
:10D8E0003AF8133003F1FF3320F83C3020F83E6063
:10D8F00006F10106B6B2E1D00124B6E7DDF810B0BA
:10D90000089FDDE9162539E6164670E6104BDB2147
:10D91000104A1148E2F7B8FC104BC2210D4A0E48DC
:10D92000E2F7B2FC171A29E60D4B40F22B11094A17
:10D930000948E2F7A9FC159B002B3FF4F5AD171A37
:10D94000BDE7064BFA21034A0348E2F79DFC00BFFE
:10D95000C81E020818B20208AC1E02089C1E02086B
:10D96000DC1E02082DE9F04F2DED028B87B01F461B
:10D97000149B129E002B0590019140F35281139B42
:10D98000002E9046A6EB0303039340F3508100233F
:10D990000293324600210198E2F7FEFD139B002B13
:10D9A00040F3358108F104094FF0000CCDF81080E8
:10D9B0004B46E1469B46D8F804305BF8041C1A88B5
:10D9C0005888012902EB420200EB400007EB82027B
:10D9D000926802EB8002107A92ED010A824640F3CF
:10D9E0000581A3F10805B0EE408A1A4605EBC10592
:10D9F00011890832548801EB4101954204EB44043B
:10DA000007EB8101896801EB84015446D1ED017A6D
:10DA1000097A38EE278A8AEA010AE9D1A14203D1BC
:10DA200009F101094FF0000A00250146CDF800C0B8
:10DA30002C4612961DE000F00FFC01345BF8042C1C
:10DA4000B1EE400A944286ED010A23DA05F108029C
:10DA5000D8F80430995A1A4401EB4101528807EB77
:10DA6000810102EB42058A6802EB8502117A92ED90
:10DA7000010A8A4538EE400A4FEAC40503EBC406A2
:10DA8000D9D100F0E9FB01345BF8042C86ED010AE2
:10DA9000A242DBDCDDF800C0129E0CF1010C139BEE
:10DAA00008F108080BF1080B634584DC002ECC4616
:10DAB000DDF8108040F3A38007F1080B4FF0000A57
:10DAC000CDF810C05B465546BB461F465BF82A4062
:10DAD0000BEB8A03002CD3ED018A79DD04EB4404BF
:10DAE00057F82A3003EB84041A880C3333F80A1CE5
:10DAF00008EBC202A342526802EBC102D2ED017AE6
:10DB000078EEA78AF0D1F5EEC08AF1EE10FA64D46F
:10DB10003B464FF00009374600951E464D4656F8E5
:10DB20002A40013534F809304C4409F10C0908EB5E
:10DB3000C30361885B6803EBC10393ED018A38EE90
:10DB4000C88AB0EEC80A00F087FBB5EEC08A84ED43
:10DB5000010AF1EE10FAD4BF0123002323725BF80F
:10DB60002A30AB42DBDC3346009D3E461F46013582
:10DB70000AF1030AAE42A9DCDDF810C05F46039B40
:10DB8000002B3CDD019B029803F1FF3E159BA3F1A6
:10DB90000409039B0EEB030573464A46002413F861
:10DBA00001AF52F8041F8A4518BF0134AB42F6D1C9
:10DBB000431C18462CB3059AC2F800C0139A94452A
:10DBC00020D0149A9A422CD0002E23DD0293E0E656
:10DBD000F5EEC08AF1EE10FAC9D5019B4FF00102B3
:10DBE0005A555BF82A30002B92DCC0E708B909F1DE
:10DBF000010901297FF451AFB0EE408A14E7029B7E
:10DC00000133184607B0BDEC028BBDE8F08F4FF032
:10DC1000000C51E74FF0000C139A6245BCDD0293F3
:10DC2000C0E6149807B0BDEC028BBDE8F08F139BE3
:10DC3000002B4FF0000302933FF7B4AE9C469EE7E3
:10DC40002DE9F04F2DED028B93B08346D0ED0A7A8B
:10DC50000D4611930121036AF8EEE78A046BD0EDBB
:10DC60000B7A10932046DBF82430B8EEE78A0D9249
:10DC70000A93DBE90D6AEEF767F9002800F0DE8011
:10DC80005445074600F0AE8006EB0A031B1B0E93BB
:10DC900001230F93DBF83C30082130460B93DBF86F
:10DCA00040300C93EEF750F98146002800F0CD800B
:10DCB0000C212046EEF748F98046002800F0B78096
:10DCC0000D9BCDF810A008930A9B0E9907930C9B0F
:10DCD00006930F9BCDE902400193DBF848000B9BB4
:10DCE00005904846DBF8442000923246FFF732FBAD
:10DCF0000421A01BEEF728F9002C824676DD22468F
:10DD000000213846E2F748FC109B3946F0EE680ADD
:10DD10000293B0EE480A119843464A46CDF80CA04B
:10DD2000CDE90046FFF71EFE611E8346052903D993
:10DD30007B1CEB1A022B34D8013D39447B1E13F8AF
:10DD4000012F8B4205F8012FF9D13846EEF700F983
:10DD50005046EEF7FDF8002E65DD002509F10407B9
:10DD600057F835000135EEF7F3F8AE42F8DC4846D7
:10DD7000EEF7EEF8002C0BDD04EB4404002508F16F
:10DD8000080656F825000335EEF7E2F8AC42F8D164
:10DD90004046EEF7DDF8584613B0BDEC028BBDE807
:10DDA000F08F24F0030C3B462A4607EB0C0053F897
:10DDB000041B834242F8041BF9D16445C5D024F00A
:10DDC00003030CF10102F95C9442E954BDDD0CF14E
:10DDD000020CBB5C6445AB54B7DD17F80C3005F89A
:10DDE0000C30B2E70023CDE90E3353E7109BF0EE81
:10DDF000680AB0EE480A4A463946029311984346EB
:10DE0000CDF80CA0CDE90046FFF7ACFD83463846BF
:10DE1000EEF79EF85046EEF79BF8002E9DDC484644
:10DE2000EEF796F8B4E74846EEF792F8A4E70A4B07
:10DE30004FF4F871094A0A48E2F726FA094B4FF401
:10DE4000EE71064A0648E2F71FFA074B4FF4F771E6
:10DE5000024A0348E2F718FA001F020804B2020857
:10DE6000AC1E0208EC1E0208F81E02082DE9F04163
:10DE70008446002B2DED068B684600AFA0EB031007
:10DE80008546A0EBC3006D46854640F351819E0058
:10DE9000F1EE404A4FEA0318B0EE605ADC00E14B65
:10DEA00010461644D3ED000AEE4693ED011A2A46B9
:10DEB000D3ED021A93ED032AD3ED042A93ED053A2C
:10DEC000D3ED063A93ED074A2B46F0EC015A103297
:10DED00091ED016A083165EE816A11ED029A25EE35
:10DEE000827A864225EE838A25EE840AC6EE057A7A
:10DEF00065EEA08A65EEA29A86EE856A80EE05AA96
:10DF0000C7EE056A88EE057A25EEA18A65EEA35A6A
:10DF100089EE050A88EE859AC8EE058A89EE858A1B
:10DF2000C5EE859A37EEC66A77EEE66A37EEC77AAF
:10DF300077EECA7A30EE499A70EE688A70EE485AE7
:10DF400026EE066A66EEA66A27EE077A67EEA77ADD
:10DF500030EE690AA9EE096AE8EEA86AA5EEA57A8C
:10DF6000E0EE007A24EE866A64EEA66A24EE877AF2
:10DF700064EEA77A02ED046A42ED036A02ED027ACA
:10DF800042ED017AA1D105EB080072469FEDA64A49
:10DF90006D46DFEDA67A71469FEDA53ADFEDA53A15
:10DFA00093ED007AD3ED015A77EE046AF4EEE76A56
:10DFB000F1EE10FA00F3D380F4EEE36AF1EE10FA1A
:10DFC00000F1EE80F5EEC06AF1EE10FA40F30C813C
:10DFD00076EEE76AA6EE837A75EEC76AF4EEE76A34
:10DFE000F1EE10FA00F3A980F4EEE36A35EE846AEC
:10DFF000F1EE10FA00F1C180F5EEC06AF1EE10FA10
:10E0000040F3FB80B4EEE76A76EEE76AF0EE652A4D
:10E01000F1EE10FAE6EE832A0FDCB5EEC06AF1EEFF
:10E0200010FA00F394809FED815ADFED836A36EE9B
:10E03000056ADFED825AE6EE265A93ED026A76EE25
:10E04000046A76EE474AF4EEE76AF1EE10FA00F35E
:10E050009180F4EEE36AF1EE10FA00F1A480F5EE9F
:10E06000C06AF1EE10FA40F3D38036EEE75AF0EED4
:10E07000466AE5EE036AF4EEE74AF1EE10FA0FDCC9
:10E08000F4EEE34AF1EE10FA00F1A280F5EEC04A98
:10E09000F1EE10FA40F38E8074EEE74AA4EE836A44
:10E0A00093ED037A37EE665AB4EEE75AF1EE10FAC2
:10E0B00052DCB4EEE35AF1EE10FA0BD4B5EEC05ACE
:10E0C000F1EE10FA40F3BC8035EE675AF0EE476A85
:10E0D000E5EE036A37EE655AB4EEE75AF1EE10FA50
:10E0E0000DDCB4EEE35AF1EE10FA6ED4B5EEC05A80
:10E0F000F1EE10FA6FDD35EE675AA5EE037A1033B4
:10E1000076EEE26A37EE467A0832984242ED026ACB
:10E1100002ED017A7FF444AF63460EEB0402AD4694
:10E12000F1EC017AF1EE677A8A42E3EC017AF7D1F9
:10E13000BD46BDEC068BBDE8F08135EE846AF0EE9D
:10E14000652AB4EEE76AF1EE10FA3FF776AF36EEE5
:10E15000676AE6EE035A70E7F0EE476ABAE775EED3
:10E16000C76AF4EEE76AF1EE10FA7FF73DAFF0EE22
:10E17000652A62E7F0EE466A7DE7F0EE472AB4EEE4
:10E18000E76AF1EE10FA3FF758AFDFED2A6AB4EE16
:10E19000E66AF1EE10FA7FF540AFDFED285A4CE762
:10E1A0009FED267A18E7F4EEE34AF1EE10FA4ED42A
:10E1B000DFED226A9FED1D6A9FED1F5A74EE864ABD
:10E1C000A4EE857AB0EE476A6AE7B0EE657A96E724
:10E1D000B0EE476A64E735EE275ADFED174AB0EE36
:10E1E000657AA5EE247A8AE776EEA76A9FED126A31
:10E1F0009FED127AA6EE867AEEE6DFED0C4AF0EE9F
:10E20000472A9FED0D5A76EEA46AE6EE852AB6E718
:10E2100036EEA75A9FED082ADFED086AE5EE026A9E
:10E220002EE700BF5C03002000247449B26F204039
:10E23000C5047FBEB26F20C0C5047F3E002474C9F0
:10E2400035EE275A5FED044AE5EE246A42E7B0EE68
:10E25000476A5FED066A23E7F0EE407AFEEEC87A81
:10E2600017EE903AB3F5202F18DAB3F5A02F07DB9D
:10E27000DB13C3F11203082B13D99FED5C0A70471F
:10E28000B3F5803F13DB1B13C3F14E033E2B33D892
:10E29000574A02EB830393ED000A70479FED550A3E
:10E2A0007047554A02EB830393ED000A7047B3F5BC
:10E2B000007F12DBB3F5B55F2DDDB3F5804F45DD93
:10E2C000B3F5004F6CDD4BF20452DFED4C7A9FED5D
:10E2D0004C0A934237FE800A70472D2B0FDD7F2BAF
:10E2E0004BDDFF2B6EDDDFED477AB3F5B57F9FED9C
:10E2F000460A37FE800A70479FED440A70470B2B91
:10E3000031DD162B56DDDFED427A202B9FED410AE1
:10E3100027FE800A7047B3F5B56F0BDDB3F5356F97
:10E3200035DDDFED3D7AB3F5805F9FED3C0A37FECA
:10E33000800A7047B3F5357F55DDDFED397AB3F5E7
:10E34000806F9FED380A37FE800A7047B3F5005F93
:10E3500040DD42F64152DFED347A9FED340A9342BC
:10E3600037FE800A7047052B37DDDFED317A082B49
:10E370009FED300A27FE800A7047402B30DDDFED2D
:10E380002E7A5B2B9FED2D0A27FE800A7047DFED6A
:10E390002C7AB3F5006F9FED2B0A37FE800A704789
:10E3A00045F68222DFED287A9FED280A934237FE58
:10E3B000800A7047DFED267A102B9FED260A27FE94
:10E3C000800A7047DFED247AB62B9FED240A27FEE2
:10E3D000800A70479FED220A7047B2EE040A704728
:10E3E0009FED200A70479FED200A70473E81F43868
:10E3F00028B202080000000024B30208A9256C3FDF
:10E400003CE19E3F3AF8B640580FC24023CD633CF2
:10E410000F4D02419FD807411EB452409ADE68401A
:10E420000BB395400ECAA0400C5E1040376E2640DC
:10E43000527B1841E2061E41B954E340DB6BEE40CB
:10E44000FA0A7F40269C8A40F368C93F7BD7F43F95
:10E4500030640D41C1EF12417826CD40983DD8403F
:10E46000668D3C40FC82F94021E1AB4007EE102A6A
:10E47000DFED1F7AB8EEC77A70B5C7EE277A05468A
:10E4800014460E4617EE900AE6F7D4FA41EC100B4C
:10E49000E4F77EFA51EC100BE6F7BEFD00F1010C3B
:10E4A000BCF1020F0CDD1CF0010F1ED0022304E0B2
:10E4B0009CFBF3F203FB12C2BAB101339C45F7D1C6
:10E4C000002C11DD0022964606EBCE010EF1010E66
:10E4D00092FBF4F304FB13237445624405EBC3037E
:10E4E00003C983E80300EFD170BD0CF1010CD7E73D
:10E4F000295CCF3F07EE102ADFED207AB8EEC77A0D
:10E50000F8B5C7EE277A054614460E4617EE900A70
:10E51000E6F790FA41EC100BE4F73AFA51EC100BE5
:10E52000E6F77AFD00F1010CBCF1020F0CDD1CF0E6
:10E53000010F1FD0022304E09CFBF3F203FB12C285
:10E54000C2B101339C45F7D1002C12DD0022964662
:10E5500005EBCE070EF1010E92FBF4F304FB13233F
:10E560007445624406EBC30393E8030087E80300A5
:10E57000EED1F8BD0CF1010CD6E700BF295CCF3F0E
:10E5800007EE102ADFED1E7AB8EEC77A70B5C7EE37
:10E59000277A064614460D4617EE900AE6F74AFA21
:10E5A00041EC100BE4F7F4F951EC100BE6F734FDF5
:10E5B00000F1010CBCF1020F0CDD1CF0010F1CD0AE
:10E5C000022304E09CFBF3F203FB12C2AAB1013365
:10E5D0009C45F7D1002C0FDD304606EB840100226C
:10E5E00092FBF4F304FB1323624405EB83031B68E3
:10E5F00040F8043B8142F3D170BD0CF1010CD9E726
:10E60000295CCF3F8A1A01230165C1654365C26455
:10E6100082657047F8B500F1C8070C4605460E49FB
:10E620003846E2F70DFB666B20B94FF49C73A36587
:10E63000F318E36509493846E2F702FB08B90323FA
:10E640006365D5F8FC30D5E94B215B1A9B1A9E1BFC
:10E65000C4E91663F8BD00BF741502088C150208E2
:10E660002DE9F04F83B0044688461646436BD0F838
:10E670004C9000AF0733D0F854A023F00703BAF151
:10E68000010FADEB030D09F1070323F007036D46FE
:10E69000ADEB030DEB467ED0BAF1030F26D0BAF1F5
:10E6A000000F40F09080836D4B4540F086802A46F5
:10E6B0003146FEF721FEA36D002B5FDC0023626B69
:10E6C000002A0FDD6FF040416A1E194408EB8101FA
:10E6D000134612F8010F023341F8040F606B5B1B05
:10E6E0009842F5DC0C37BD46BDE8F08F337A002246
:10E6F00096F83D10B9F1210F63F307024FF00003C4
:10E7000061F30703717A61F30F2296F83E1061F30B
:10E710000F23B17A61F3174296F8681061F317433B
:10E7200096F8341061F31F62029296F8692062F342
:10E730001F63059373680193D6F835300393D6F8B9
:10E7400039300493D6F86A300693D6F86E300793C2
:10E750003368009396F872308DF8203006DDA9F109
:10E76000210201210DF12100E1F716FF2A46594649
:10E770002046FEF7C1FDA36D002B9FDD721EA8F1A0
:10E780000401002312F8010F013341F8040FA06DBA
:10E790009842F7DC93E7836D114668461A467B6022
:10E7A000E2F7ECF87B684B45E0DAA9EB030251464F
:10E7B0000DEB0300E1F7F0FED8E7064B6221064AB5
:10E7C0000648E1F761FD064B8221034A0348E1F761
:10E7D0005BFD00BF081F02085CB30208441F02086B
:10E7E000980F02082DE9F04F85B09846064600AF15
:10E7F000036DBC6BD0F84C90D0F858B0C7E902213B
:10E80000C26D073222F007019A00073222F0070298
:10E81000ADEB020D426D012A6D46ADEB010D00F02E
:10E82000D680032A10D0002A40F0FE80D94540F05F
:10E830000181FB6822464146FFF702FABB681437A4
:10E840001860BD46BDE8F08F2368B9F1210FEA4694
:10E850002B6063686B60A368AB60E368EB6023695F
:10E860002B6163696B61A369AB61E369EB61236A47
:10E870002B62636A6B62A36AAB62D4F8D030EB623E
:10E88000D4F8D4302B63D4F8D8306B63D4F8DC30B0
:10E89000AB63D4F8E030EB63D4F8E4302B64D4F805
:10E8A000E8306B64D4F8EC30AB64D4F8F030EB644F
:10E8B000D4F8F4302B65D4F8F8306B65D4F8A03177
:10E8C000AB65D4F8A431EB65D4F8A8312B66D4F845
:10E8D000AC316B66D4F8B031AB66D4F8B431EB66CA
:10E8E000D4F8B8312B67D4F8BC316B67D4F8C03199
:10E8F000AB67D4F8C431EB67D4F8C831C5F88030C1
:10E9000008DD05F1840221234D49013342F8041B3F
:10E910009945FAD1726B002A06DD920004EB8B0157
:10E9200005EB8900E2F72AF8FB682A465146304693
:10E93000FFF786F9BB681860B36D002B13DD08F193
:10E94000FF32F4EC017A1346F5EEC07A0233A3EB02
:10E950000803F1EE10FA4CBF0121002102F8011F5B
:10E96000B16D9942EDDCDAF804101437DAF80000E2
:10E97000BAF808209AF80A30C8F80000C8F804105D
:10E98000DAF80B00DAF80F10A8F8082088F80A3037
:10E99000BAF813209AF81530C8F83400C8F83810BF
:10E9A000DAF81600DAF81A10A8F83C2088F83E3099
:10E9B000BAF81E209AF82030C8F86800C8F86C1021
:10E9C000A8F8702088F87230BD46BDE8F08FBBF122
:10E9D000000F07DD4FEA8B02214628467B60E1F7F6
:10E9E000CDFF7B68D94508DD05EB8B015A461448FD
:10E9F000013241F8040B9145FAD1994508DAA3EBAD
:10EA0000090204EB8B0105EB89009200E1F7B6FFE8
:10EA1000FB682A4641463046FFF712F9BB681437B7
:10EA20001860BD46BDE8F08F064BD921064A07485D
:10EA3000E1F72AFC064BA721034A0448E1F724FC2E
:10EA40000000C8C2980F020848B30208441F020819
:10EA5000081F02082DE9F04F2DED028B89B0834687
:10EA60008A46D0F85C80896A00AF4FEA8800073098
:10EA700098FBF1F920F00700DBF85810ADEB000D22
:10EA80004E0001F1070C39616C46ADEB000DF01D35
:10EA90002CF0070C6D4620F00700ADEB000D68462A
:10EAA000ADEB0C0DC7E902237860C7F814D0F8F776
:10EAB00061FE3969FA68002910DD7868023E0DF1BF
:10EAC000FF3E0644023830F8023FB3F5804F94BF52
:10EAD00000230123B0420EF8013FF4D1002A3FD1B8
:10EAE0007A6958462946FFF7BBFDB9F1000F1FDDD3
:10EAF000D7F808B000269FED238A5B46DBED010ABC
:10EB000007F118000BF1080B93ED000AA0EE880A3C
:10EB1000F7F796FCDAF8283006FB03F30136D7E95D
:10EB2000062104EB8300B14544F823104260E4D190
:10EB3000B8F1000F4FF000000CDD043D043C03462B
:10EB400054F8041F013355F8042F914218BF0130C7
:10EB50009845F5D12437BD46BDEC028BBDE8F08F5A
:10EB6000A1F1100678693146FBF792F902467B69FC
:10EB700007F1180152BA98193A831022FBF768F985
:10EB8000AEE700BF00000000002A0FDD431E013980
:10EB900000201A4400B513F801EF11F801CFE64543
:10EBA00018BF01309A42F6D15DF804FB002070478F
:10EBB0002DE9F04F87B00D4699468046CC6DD0F8D0
:10EBC000E46000AF94FBF6F6A4007A60F7F71CFF50
:10EBD000D8F8E4300734014628464A4624F00704B2
:10EBE000ADEB040D6C4691FBF3F3A4EBC6018D462F
:10EBF0002146EA46AAEBC605AD46A5EBC303C7F816
:10EC00000CD09D46C7F808D0FFF72AFD002E1BDD6B
:10EC10000434D34675004FF0000909F1020907F1E9
:10EC200010000BF1080B54E90132083402F0010224
:10EC300003F00103C7E90423F7F7F4FBA9450BED43
:10EC4000020A4BED010AE8D1FC68324651462046E3
:10EC5000FFF70CFC2246BC6840463B6C2146F8F7A7
:10EC600037FB796822464046F7F766FD1C37BD46FC
:10EC7000BDE8F08FF8B50025D70004461646C0E978
:10EC800000153846EDF75CF93A4629466061E1F730
:10EC900083FC6369E660A5602561C4E90635F8BDBB
:10ECA00010B50446406918B1EDF752F900236361CD
:10ECB000E06918B1EDF74CF90023E361606818B121
:10ECC000EDF746F90023636010BD00BFF8B5446856
:10ECD00005462DED068BB0EE409ADCB3EF68B7EE3B
:10ECE000007AF6EE007ADFED1F6A06EE107A002F4A
:10ECF00029EE269AF8EEC69A79EEC79A69EEA79A97
:10ED000025DD2E6800259FED18AA07EE905A0135E3
:10ED10000834F8EEE78A78EEE98A68EE898AB0EE80
:10ED2000680AE4F709F8B0EE408AB0EE680AE3F743
:10ED3000CDFBF6EC017AA8EE0A0AAF4228EE278A4C
:10ED400004ED018A20EE270A04ED020ADDD1BDECB4
:10ED5000068BF8BDC068C000EDF7F2F804466860A5
:10ED6000BCE700BFDB0FC94000000000002A68DDDF
:10ED70002DE9F04F814658682DED028B87B009EBE5
:10ED8000C20ADA68019008466FF0604111444FEA08
:10ED9000C108D3E9057108F1080BB844BB4499EDEB
:10EDA000000A002AD9ED010A9FED2E8A81ED000AA2
:10EDB000C1ED010A42DD019CF0EE488A002604F113
:10EDC00008050C4603E0D4ED010A94ED000A15EDA8
:10EDD000021A55ED011A61EE207A20EEE17AE1EE99
:10EDE000807AA1EE007AB4EE677AF1EE10FA29D6B5
:10EDF000083C013678EE878A0835A74288BF44462A
:10EE0000964238EE278ADED1083109F10809C0EDB3
:10EE1000008A594580ED018A06D3CA4500F10800F1
:10EE20009F6106D03946BAE7CA4500F108009961EA
:10EE3000B5D107B0BDEC028BBDE8F08FF0EE488A8B
:10EE4000E2E77047CDE90423CDE90201E6F788F94E
:10EE5000B0EE407AF0EE607ADDE90423DDE90201EC
:10EE6000C6E700BF0000000008B5034A7D21034B40
:10EE70000348E1F709FA00BF50BB02085C1F020813
:10EE8000701F020870B50E4604460F48E1F7D8FE21
:10EE9000054631460D48E1F7D3FE15B190B9602122
:10EEA00003E000280CBF60210021074B60222046B0
:10EEB0001944E1F763FD2046D4E90C12BDE8704027
:10EEC000FFF7A0BBFFF7D0FF4C0B0020AC0B0020DE
:10EED00001F03CB8DFF834D0ECF7BAFD0C480D492E
:10EEE0000D4A002302E0D458C4500433C4188C42A5
:10EEF000F9D30A4A0A4C002301E013600432A2420B
:10EF0000FBD3E1F745FAE8F75FFF70470000052003
:10EF1000000000200C0C0020C0FE03084C0D002057
:10EF2000E4D60220FEE7000070B592FBF1F601FB8B
:10EF300016248CB943606FF04042059B0546017072
:10EF400021461A444680049832449200E1F724FB9B
:10EF5000049B2046AB6070BD6FF0010070BD00BF28
:10EF60002DE9F04F03F0030591B06FF040449B088A
:10EF700005920E954288856814440D922E460B9595
:10EF80001546089106EB8402D0F804B00F930C925A
:10EF900000F02781144605F003021F46AB080292D9
:10EFA000154622460193013B06F10C0810320A97E0
:10EFB0009BB2CDF800B006920A460133103204939A
:10EFC00006EB031307926A1E03F10C0992B2013299
:10EFD00092000392079A069D52F8103C114645F89C
:10EFE000103C52F80C3C45F80C3C51F8083C45F8F4
:10EFF000083C51F8043C45F8043C03781D4609934D
:10F00000002B00F0CA8103F1010BDDF814E04FF092
:10F01000010C08F1100A09F11006009BCCEB050465
:10F0200058ED031A03EB8404019B58ED022A18EDF6
:10F03000012A002B00F0A580DFEDAF5A2FB2524617
:10F040002346F0EE653AB900B0EE651A3F01F0EEE6
:10F05000654A12ED045A103293ED006A0B4466EED5
:10F06000217AD3ED006A66EE220A52ED071A26EEE7
:10F07000023A0B4425EE066A26EEA24A93ED007A88
:10F0800077EEA44A52ED062A30EE811A0B4466EE62
:10F09000820A73EE233AD3ED007A25EE263A0B442A
:10F0A00076EE255A66EEA16A27EE026A12ED052A6F
:10F0B00074EE244AB24225EE074A76EEA55A30EEA7
:10F0C000811A61EE876A73EE233A27EE227A76EE92
:10F0D000244A25EE275A21EEA76A76EEA33A34EEAB
:10F0E000011A62EEA76A37EE257A67EE827A75EE2C
:10F0F000244A36EE011A76EEA33A77EE875AA8D163
:10F10000049B07FB03444B46029AFAB1039AAD00F5
:10F110009A18D4ED007A2C44B3EC017A27EEA15A68
:10F1200027EEA26A934267EE826A67EE277AF0EED4
:10F13000621A74EE854AF0EE422A31EE061AB0EEFB
:10F14000472A73EEA63A75EEA75AE2D1CEED004AF1
:10F150000CF1010C0378DC450EEB830383ED001A00
:10F1600003780EEBC303C3ED003A037803EB4303CC
:10F170000EEB83030EF1040EC3ED005A0BD005789D
:10F180004BE7DFED5D5A4346F0EE653AB0EE651AA7
:10F19000F0EE654AB8E7059B099A03EB82030593F5
:10F1A0000378069A03EB4303B146D0461032069229
:10F1B000079A10320792059A02EB830305930A9B84
:10F1C000013B0A937FF406AF0F9B0C9A1B01DDF8FD
:10F1D00000B01A440C92089A1A4408920B9A1A44E6
:10F1E0000B920E9B002B00F09C800D9904938A08D3
:10F1F00001F003010C9C00924B1E013A03949BB258
:10F200000B9C92B20133A04602F1010A9B0004EB71
:10F210000A1CCDF808A0824608460193089A52F8C5
:10F22000043B0892039A42F8043B9AF80030039298
:10F230001D460693002B66D0012703F10109009BB0
:10F240000CF11006EC1BDDF814E00BEB8404002B32
:10F250004DD0A90008F110022346DFED277A12ED08
:10F26000047A1032D3ED006A0B4466EE875A93EDB0
:10F27000005A12ED077A0B4475EEA76A93ED006A07
:10F2800025EE075A12ED067A0B4426EE076A12EDB8
:10F29000057A75EE266AD3ED005AB2420B4425EE8C
:10F2A000877A76EE267A77EE277AD8D18900029A85
:10F2B000634602FB014468B1019AAD009A18F3EC71
:10F2C000016A94ED007A2C44934226EE877A77EE19
:10F2D000877AF4D10137EEEC017A4F450ED09AF8D7
:10F2E0000050009BEC1B0BEB8404002BB1D1434678
:10F2F000DFED017ADFE700BF00000000059B069A02
:10F3000003EB82030593049B08F104080CF1040C41
:10F31000013B049382D10B9B50460E9A03EB820370
:10F320000B930D9B81685C1EC4F38F0313B35D1EAA
:10F330000B9A01F11003ADB21032AE1C01EB0616B0
:10F3400052F8100C1033103243F8200C52F81C0CF9
:10F3500043F81C0C52F8180C43F8180C52F8140C13
:10F3600043F8140CB342EBD16B1C0B9A1B011A44EB
:10F3700019440B9214F003020CD0013A0B460B997E
:10F3800092B2013201EB820251F8040B914243F830
:10F39000040BF9D111B0BDE8F08F08F1100A09F1A2
:10F3A0001006FEE6F8B5069E6FF040440F468260F8
:10F3B000344405461E460780E21900211846920093
:10F3C000E1F7EAF86E60F8BD2DE9F04F06462DED45
:10F3D000108B89B03488D6F804C004906FF0404098
:10F3E0000593DB0820440294D6F808800CEB8000DB
:10F3F0000393019000F0EB814FEAD4099E4604F09C
:10F40000070A00F120074FEA491301F1200607918E
:10F41000114608EB0300043B0CF1200402F1200527
:10F42000CDF818C0524684468A464846994656F852
:10F43000203C211F9FEDEF3A47F8203C56F81C3C3A
:10F4400047F81C3C56F8183C47F8183C56F8143C52
:10F4500047F8143C56F8103C47F8103C56F80C3C62
:10F4600047F80C3C56F8083C47F8083C56F8043C72
:10F4700047F8043C14ED088A54ED072A14ED062AD7
:10F4800054ED051A14ED041A54ED030A14ED020AA2
:10F49000002800F0F681B0EE439A08F12001B0EEAA
:10F4A00043AA04F11C03F0EE43AA8346B0EE43BA2C
:10F4B000F0EE43BAB0EE43CAB0EE434A51ED083A1B
:10F4C000BBF1010B53ED088A01F1200123EE88FA0C
:10F4D00051ED0F4A63EEA2EA13ED078A23EE82EAAA
:10F4E00011ED0E5A63EEA1DA51ED0D5A23EE81DAD9
:10F4F00011ED0C6A63EEA0CA51ED0B6A63EE809ABF
:10F5000011ED0A7A63EEA83A51ED097A3FEE044A0A
:10F5100003F1200324EEA2FA53ED0E2A3EEE8CCA2C
:10F520007EEE2BBA64EE82EA24EEA1EA3DEE8BBABF
:10F530007DEE2AAA64EE81DA24EEA0DA3CEE8AAAF5
:10F5400039EE899A64EE80CA68EEA49A33EE833A63
:10F5500064EE884A3FEE044A3EEE8CCA25EE02FA7B
:10F5600013ED0D2A65EE21EA74EE834A7EEE2BBA86
:10F570003DEE8BBA25EE01EA65EE20DA7DEE2AAA91
:10F580003CEE8AAA25EE00DA68EE85CA39EE899A41
:10F5900068EE059A25EE225A3FEE044A3EEE8CCAEA
:10F5A00025EEA1FA53ED0C1A65EE81EA35EE245AE8
:10F5B0007EEE2BBA3DEE8BBA25EEA0EA65EE80DA40
:10F5C0007DEE2AAA3CEE8AAA28EEA5DA68EE25CAC4
:10F5D00039EE899A62EEA59A65EE825A3CEE8AAAC5
:10F5E0003FEE044A75EE855A26EE01FA13ED0B1A2A
:10F5F00022EE065A3EEE8CCA7EEE2BBA66EE20EA6A
:10F6000026EE00EA3DEE8BBA7DEE2AAA68EE86DA97
:10F6100028EE06DA62EE86CA39EE899A26EE216A6B
:10F620003FEE044A3EEE8CCA26EEA0FA53ED0A0ADB
:10F6300066EE80EA36EE256A7EEE2BBA61EEA65AB9
:10F6400028EEA6EA3DEE8BBA7DEE2AAA68EE26DA0F
:10F6500022EEA6DA7CEE8ACA35EE099A22EE26AAB6
:10F6600066EE816A7DEE2AAA35EE899A3FEE044A5B
:10F670003EEE8CCA27EE00FA13ED090A68EE87EA1F
:10F680007EEE2BBA3DEE8BBA28EE07EA62EE87DA01
:10F6900022EE07DA7AEE2CCA76EE866A21EE87AA87
:10F6A00027EE203A21EE076A68EEA78A68EE275A0D
:10F6B00022EEA75A62EE274A3DEE2ADA7AEE2CCAEB
:10F6C00061EEA7AA21EE27AA36EE097A3FEE044A98
:10F6D00020EEA79A3EEE8CCA7EEE2BBA3DEE8BBA98
:10F6E00033EE263A67EE807A38EE844A35EE8CCADD
:10F6F00075EE2BBA34EE8BBA7AEE8DAA3AEE2CAABE
:10F7000039EE079A37EE833A7FF4D8AE09EB04015D
:10F71000E346A2B31346BBEC016A013BF1EC015A8C
:10F7200066EE088A66EE223A66EE024A26EE215A14
:10F7300066EE016A26EE207A66EE007A26EE256AEB
:10F74000B0EE628A34EE284AF0EE422A3CEE23CA3A
:10F75000B0EE612A7BEEA4BAF0EE411A3BEE05BA98
:10F76000B0EE601A7AEEA6AAF0EE400A3AEE07AAC8
:10F77000B0EE650A39EE279A33EE063ACBD1BEF1E8
:10F78000010E05ED084A05ED07CA07F1200745ED12
:10F7900006BA06F1200605ED05BA04F1200445ED90
:10F7A00004AA05F1200505ED0BAA05ED0A9A05ED61
:10F7B000093A7FF43CAE039B524601985B01DDF8A9
:10F7C00018C0079918449C4419441A440190059B99
:10F7D00013F0070E22D0019F76466546DDF808A09B
:10F7E00051F8049B53464446DFED026A284647F829
:10F7F000049B01E000000000B0EC017A013BF4EC56
:10F80000017A67EE277A76EEA76AF5D1013EE2EC3F
:10F81000016A05F10405E3D10CEB8E0C029B591E25
:10F82000049B8E085C681DD004F110020CF11003DB
:10F83000304653F8105C013803F1100302F1100256
:10F8400042F8205C53F81C5C42F81C5C53F8185CCE
:10F8500042F8185C53F8145C42F8145CE9D13301A7
:10F860001C449C4411F0030306D022465CF8041BA0
:10F87000013B42F8041BF9D109B0BDEC108BBDE887
:10F88000F08FC346B0EE439AB0EE43AAF0EE43AA1F
:10F89000B0EE43BAF0EE43BAB0EE43CAB0EE434A1C
:10F8A00037E700BFF8B5079FB7FBF2F402FB14740B
:10F8B00094B98E4616466FF0404205467244698000
:10F8C000436021463A4406989200E0F765FE069BA5
:10F8D0002E702046AB60F8BD6FF00100F8BD00BF90
:10F8E0002DE9F04F047883468DB04088DBF8045052
:10F8F0006FF040499646089202952A46DBF8086068
:10F900008144099006EB8909B3FBF4F39D08A3EB4E
:10F9100085030A950B93002D00F0F880830800F012
:10F9200003002F46CDF810B005931B0106900EF191
:10F93000100A1A449B46484603970792CDF8049054
:10F94000A4000A46234652F8045B013B40F8045BDE
:10F95000F9D1049BA400059F93F800802144019BEA
:10F960004FEA88089FEDBB1A234406EB080E01936B
:10F970000EEB080C0CEB0809002F00F06181029BD4
:10F98000F0EE415AB0EE415A06F11004F0EE414A51
:10F9900003F110050EF110000CF1100209F1100333
:10F9A00055ED046A013F13ED046A05F1100514EDED
:10F9B000044A00F1100050ED081A04F1100452ED51
:10F9C000042A26EE844A66EEA11A15ED077A66EE41
:10F9D000A22A54ED073A66EE866A10ED072A13ED67
:10F9E000036A74EE244A12ED033A31EE855A72EE40
:10F9F000A55A55ED067A67EE233A14ED064A27EE2E
:10FA0000022A50ED061A27EE033A52ED022A76EE4C
:10FA1000816A10ED050A27EE067A13ED026A73EE8D
:10FA2000A43A15ED051A67EE844A52ED010A32EE4A
:10FA3000052A14ED054A27EEA15A53ED011A33EEBB
:10FA4000253A02F1100267EEA25A03F1100367EEA5
:10FA5000867A37EE267A34EEA36A61EE044A75EEB2
:10FA6000023A35EE834A21EE005A61EE205A77EED3
:10FA7000877A21EE211A74EE864A35EE235A75EE06
:10FA8000845A31EE271A8BD15E44DE44DC4409EB04
:10FA90000B00079A069BDBB1B2EC016A013BF6EC66
:10FAA000016ABEEC017AFCEC017A66EE266AB0ECE3
:10FAB000014A26EE077A66EE277A26EE046A74EE8D
:10FAC000A64A35EE075A75EEA75A31EE061AE3D16B
:10FAD000039B09EB08064AED044A0AF1100A013BB0
:10FAE0000AED075A4AED065A0AED051A039303D0A8
:10FAF000049B01981C7823E7089B0A9ADDF8049080
:10FB000003EB0213DDF810B008930B9B002B61D0C0
:10FB1000099A9846DDF820A0950802F00307029A9A
:10FB20004FEA051E02EB0E0C9BF8004048460A46C1
:10FB30002346F2EC017A013BE0EC017AF9D1A40012
:10FB4000A1442144002D76D0029B2846DFED417A66
:10FB500003F1100206F1100352ED046A013813EDAF
:10FB6000047A02F1100212ED075A03F1100366EE57
:10FB7000875A13ED077A12ED066A25EE075A13ED40
:10FB8000067A75EEA76A52ED055A26EE076A13ED5E
:10FB9000057A75EE266A25EE877A76EE267A77EE76
:10FBA000277AD9D106EB0E02604657B13B46F0ECFE
:10FBB000016A013BB2EC017A26EE877A77EE877A0A
:10FBC000F5D19BF80030B8F10108EAEC017A06EBB8
:10FBD0008306A9D1099BDBF80840591E8F081DD068
:10FBE00004F1100206F11003384653F8105C013896
:10FBF00003F1100302F1100242F8205C53F81C5C80
:10FC000042F81C5C53F8185C42F8185C53F8145C1A
:10FC100042F8145CE9D13B011C441E4411F003037B
:10FC200006D0224656F8041B013B42F8041BF9D1CA
:10FC30000DB0BDE8F08F02983246DFED067AB4E7EA
:10FC40004846029AF0EE415AB0EE415AF0EE414A6F
:10FC500020E700BF0000000038B5044608461D46F6
:10FC60000021A260020120601846E0F795FC656063
:10FC700038BD00BF4FEA930C2DE9F04396468668E5
:10FC800045684FEA0C1803F0030214361035076874
:10FC90000EEB080956ED053A16ED043A56ED032A27
:10FCA00016ED022A56ED011A15ED041A55ED030A58
:10FCB00055ED027A15ED016ABCF1000F00F0A3804A
:10FCC00001F110000EF11003644610ED044A23EE1A
:10FCD000017A62EEA00A013C23EE845A00F1100082
:10FCE00022EE270A03F1100321EE866A75EE074A19
:10FCF00061EEA76A63EE045A34EEA07A22EE811A0E
:10FD000022EE844A37EE007A37EE066A03ED086A7F
:10FD100022EE067A50ED077A21EE866A23EEA75A84
:10FD200023EE270A62EEA74A35EE255A75EE015AF0
:10FD300075EE875A75EEA66A43ED076A62EE267A7B
:10FD400050ED060A61EEA65A23EEA05A23EE207A61
:10FD500035EE005A75EE046A76EEA76A36EE866ACC
:10FD600003ED066A62EE067A10ED051A63EE816A0B
:10FD700036EE877A37EE247A77EE277A75EEA77A11
:10FD800043ED057AA1D1414448469AB3134603E0B6
:10FD9000F0EE457AB0EE471AB1EC017A63EE014A13
:10FDA00062EEA05A013B23EE874A22EE275A61EE0B
:10FDB000866A74EE244AF0EE410AB0EE676A74EE89
:10FDC000A54A34EE855A35EE265AA0EC015ADFD109
:10FDD000013F05ED047A05ED031A06F1140605ED61
:10FDE000025A714645ED017A05F110057FF452AFD4
:10FDF000BDE8F083B0EE675AB0EE417AF0EE467A95
:10FE0000B0EE601AE4E77046BFE700BFF0B55FEA06
:10FE1000930E73D000F1200601F1200502F12004B9
:10FE2000774616ED087A013F55ED087A06F120066F
:10FE300056ED0F5A05F1200555ED0F6A27EE273ACA
:10FE400067EEA54A16ED0E6A25EEA64A55ED0E7A26
:10FE500067EE266A15ED0D5A56ED0D2A66EE273A25
:10FE600066EE055A16ED0C7A76EEA46A15ED0C6A6C
:10FE700025EE225A04F1200433EE444A67EEA27ABA
:10FE800073EEC53A04ED104A67EE064A16ED0B5ABA
:10FE900077EEA57A44ED0F6A55ED0B6A66EE055ACA
:10FEA00044ED0E3A25EE265A44ED0D7A27EE267AD9
:10FEB00056ED0A7A55ED0A6A16ED096A34EEC55A0E
:10FEC00015ED094A67EEA64A66EE866A67EE847A01
:10FED00004ED0C5A26EE046A37EE257A77EEA67A00
:10FEE00034EEC66A04ED0B7A44ED097A04ED0A6A31
:10FEF00097D14FEA4E1420442144224413F00303C7
:10FF000022D008300831083250ED027A013B11ED61
:10FF1000027A00F1080050ED036A01F1080151ED89
:10FF2000035A27EE876A26EE877A02F1080266EE08
:10FF3000A56A67EEA57A76EE666A77EE877A42ED75
:10FF4000046A42ED037ADFD1F0BD00BFF0B55FEA8D
:10FF5000920E059EDFED4F7A00F09980F0EE676A11
:10FF600000F1200501F12004774654ED083A013FE5
:10FF700055ED085A04F1200414ED0F3A05F120055F
:10FF800065EEA32A15ED0F6A65EE835A15ED0E7A1C
:10FF900026EE033A14ED0E1A72EEA66A54ED0D2AFF
:10FFA00075EEA77A15ED0D4A26EE236A55ED0C4A3B
:10FFB00076EEC36A54ED0C1A67EE223A14ED0B2A62
:10FFC00036EE276A15ED0B5A27EE013A54ED0A7A00
:10FFD00055ED0A5A73EE863A15ED097A33EE263A54
:10FFE00064EE226A54ED092A24EE014A25EEA76A3E
:10FFF00073EE666A34EE234A24EEA13A64EE824A36
:020000040802F0
:1000000065EEA25A73EE263A74EE844A65EE026AF1
:1000100025EE215A73EEE66A35EE245A36EE266A4C
:1000200075EE855A67EE226A27EE277A76EE666AC3
:1000300077EE257A99D14FEA4E1E7044714412F042
:1000400003021FD00830083150ED025A013A11ED79
:10005000025A00F1080011ED016A01F1080165EE94
:10006000854A10ED037A65EE865A27EE066A74EE2D
:10007000A66A75EEA77A27EE057A76EEC66A77EE5F
:10008000277AE1D1C3ED006AC6ED007AF0BDF0EE4B
:10009000676AD4E700000000F8B500BFF8BC08BCF0
:1000A0009E467047F8B500BFF8BC08BC9E46704736
:1000B0000101000001000100010101010000000038
:1000C0000101000001000100010101010000000028
:1000D0000101010100000000010001000001010117
:1000E000010001000001010100000000000000000B
:1000F0000000000000000000000000000000000000
:1001000000010100000101010100010001010001E5
:1001100000000000000000000000000000000000DF
:1001200000000000000000000000000000000100CE
:1001300000010101000001000001010000010101B6
:1001400000000000000000000000000000000000AF
:10015000000000000000000000000000000000009F
:10016000000000000000000000000000000000008F
:10017000000000000000000000010101010001007A
:10018000000101010000000000000000000000006C
:10019000000000000000000000000000000101005D
:1001A0000001010101000100010100010000000047
:1001B000000000000000000000000000000000003F
:1001C000000000000000000000000100000101012B
:1001D0000101010100000001010101010101000014
:1001E0000101010100000100DB0F49BFE4CB164013
:1001F000E4CB16C000000080DB0F4940DB0F49C094
:100200003863ED3EDA0F493F5E987B3FDA0FC93F16
:100210006937AC3168212233B40F14336821A2331B
:10022000000FC93F000F494000CB9640000FC94066
:100230000053FB4000CB164100ED2F41000F494118
:100240000031624100537B41003A8A4100CB964124
:10025000005CA34100EDAF41007EBC41000FC941ED
:1002600000A0D5410031E24100C2EE410053FB4104
:1002700000F20342003A0A420083104200CB1642C9
:1002800000141D42005C234200A5294200ED2F42CC
:1002900000363642007E3C4200C74242000F4942CF
:1002A000A2000000F9000000830000006E000000C2
:1002B0004E0000004400000015000000290000006E
:1002C000FC0000002700000057000000D1000000E3
:1002D000F500000034000000DD000000C000000058
:1002E000DB000000620000009500000099000000A3
:1002F0003C000000430000009000000041000000AE
:10030000FE0000005100000063000000AB00000090
:10031000DE000000BB000000C5000000610000001E
:10032000B7000000240000006E0000003A0000004A
:10033000420000004D000000D2000000E00000007C
:1003400006000000490000002E000000EA00000046
:1003500009000000D1000000920000001C00000015
:10036000FE0000001D000000EB0000001C0000006B
:10037000B100000029000000A70000003E000000BE
:10038000E80000008200000035000000F5000000D9
:100390002E000000BB0000004400000084000000AC
:1003A000E90000009C000000700000002600000032
:1003B000B40000005F0000007E000000410000006B
:1003C0003900000091000000D60000003900000054
:1003D000830000005300000039000000F40000001A
:1003E0009C000000840000005F0000008B00000003
:1003F000BD000000F9000000280000003B000000E4
:100400001F000000F800000097000000FF0000003F
:10041000DE00000005000000980000000F00000052
:10042000EF0000002F000000110000008B00000012
:100430005A0000000A0000006D0000001F000000CC
:100440006D000000360000007E000000CF000000BC
:1004500027000000CB00000009000000B7000000EA
:100460004F000000460000003F0000006600000052
:100470009E0000005F000000EA0000002D00000068
:100480007500000027000000BA000000C70000004F
:10049000EB000000E5000000F10000007B00000020
:1004A0003D0000000700000039000000F7000000D8
:1004B0008A0000005200000092000000EA000000E4
:1004C0006B000000FB0000005F000000B1000000B6
:1004D0001F0000008D0000005D000000080000000B
:1004E000560000000300000030000000460000003D
:1004F000FC0000007B0000006B000000AB0000006F
:10050000F0000000CF000000BC0000002000000050
:100510009A000000F4000000360000001D000000FA
:10052000A9000000E300000091000000610000004D
:100530005E000000E60000001B0000000800000054
:100540006500000099000000850000005F000000C9
:1005500014000000A000000068000000400000003F
:100560008D000000FF000000D800000080000000A7
:100570004D00000073000000270000003100000063
:1005800006000000060000001500000056000000F4
:10059000CA00000073000000A8000000C9000000AD
:1005A00060000000E20000007B000000C0000000CE
:1005B0008C0000006B000000040000000700000039
:1005C000090000000000C93F0000F0390000DA37E0
:1005D0000000A2330000842E0000502B0000C22730
:1005E0000000D0220000C41F0000C61B00004417FA
:1005F0008071313F807131BFD1F71737D1F717B70D
:100600000000003F000000BF2E2D00002D2E2E2EDA
:10061000000000002D2E2D2E000000002D2E2E009B
:100620002E2E2D2E000000002D2D2E002E2E2E2ED3
:10063000000000002E2E00002E2D2D2D00000000A9
:100640002D2E2D002E2D2E2E000000002D2D000011
:100650002D2E00002D2D2D002E2D2D2E0000000002
:100660002D2D2E2D000000002E2D2E002E2E2E00C2
:100670002E2E2D002E2E2E2D000000002E2D2D00B2
:100680002D2E2E2D000000002D2E2D2D00000000FF
:100690002D2D2E2E000000002D2D2D2D2D000000C3
:1006A0002E2D2D2D2D0000002E2E2D2D2D00000085
:1006B0002E2E2E2D2D0000002E2E2E2E2D00000071
:1006C0002E2E2E2E2E0000002D2E2E2E2E0000005F
:1006D0002D2D2E2E2E0000002D2D2D2E2E00000053
:1006E0002D2D2D2D2E00000043512043512043512C
:1006F000204445204C41374C4B4100000D0A636FAC
:100700006D6D616E64733A0D0A20206D6F64652013
:100710002020202020202020206C697374206D6F01
:100720006465730D0A20206D6F6465203C6E3E2069
:10073000202020202073656C656374206D6F6465D4
:10074000206279206E756D6265720D0A20207478C2
:100750002020202020202020202020206B657920B0
:1007600074686520435720626561636F6E0D0A20CF
:10077000207278202020202020202020202020628D
:1007800061636B20746F20726563656976650D0A1D
:1007900020206D6963203C6E3E20202020202020F8
:1007A0006D6963726F70686F6E65206761696E2C2A
:1007B00020312E2E3230300D0A2020616D746F6E84
:1007C000652020202020202020746F67676C652022
:1007D000414D2031206B487A207465737420746F0A
:1007E0006E65202835302525290D0A202064656294
:1007F0007567205B6F6E7C6F66665D20746F6767E0
:100800006C6520636F6E74696E756F7573207465A7
:100810006C656D657472790D0A202077706D203CCF
:100820006E3E2020202020202043572073706565D5
:10083000640D0A2020737461742020202020202061
:1008400020202063757272656E7420737461746504
:100850000D0A00002020203C3D2063757272656EF9
:10086000740D0A006672656564763A20726561648B
:10087000790D0A006672656564763A20696E69745E
:10088000204641494C45440D0A00000064656275EC
:10089000672074656C656D65747279204F4E0D0A22
:1008A0000000000064656275672074656C656D65A5
:1008B000747279206F66660D0A000000414D207445
:1008C00065737420746F6E65204F4E202831206B45
:1008D000487A2C20353025290D0A0000414D20741E
:1008E00065737420746F6E65206F66660D0A000074
:1008F00068656C70000000003F0000006D6F64656B
:10090000000000006D6F64653A20000074780000FC
:100910006E6F206D6F64756C61746F7220666F729C
:100920002074686973206D6F6465207965740D0AA1
:100930000000000074783A20000000007278000087
:1009400072780D0A0000000064656275670000009F
:100950006F6E00006F666600616D746F6E650000FB
:100960006D6963006D6963206761696E0000000056
:100970006D696320312E2E3230300D0A00000000E8
:1009800077706D0077706D20352E2E36300D0A0091
:1009900073746174000000000D0A6D6F64653A2085
:1009A000000000002020747800000000626C6F637B
:1009B0006B0000003F207472792068656C700D0A2E
:1009C00000000000082008000D0A3D3D3D20717226
:1009D000702D7364722D747278203D3D3D0D0A00B8
:1009E000686561705F6C6172676573740000000018
:1009F0006672656564763A20000000002052582037
:100A000072656164790D0A006672656564763A20E4
:100A1000696E6974204641494C454420286F7574BD
:100A2000206F6620686561703F29202D2061756404
:100A3000696F2077696C6C2062652073696C656EE4
:100A4000740D0A00686561705F6C65667400000073
:100A50000D0A74797065202768656C702720666FB1
:100A60007220636F6D6D616E64730D0A3E2000002D
:100A7000626C6F636B7300006F76720072696E67F1
:100A8000000000006C6F61645F7063740000000020
:100A900075735F6D6178000075735F666476000042
:100AA00075735F656E630000637573685F757300CF
:100AB0007478756E000000006164635F78313030D7
:100AC000300000007065616B5F78313030300000BD
:100AD000726D735F7831303030000000656E765F84
:100AE0006D696E5F7831303030000000656E765F82
:100AF0006176675F783130303000000073796E6363
:100B000000000000736E725F783130004E42464D37
:100B100000000000555342004C5342004672656588
:100B200044562031363030004672656544562032D6
:100B3000343030420000000046726565445620376C
:100B400030304400467265654456203730304500E9
:100B5000414D000043570000284673203D3D20389A
:100B600030303029207C7C20284673203D3D2031C8
:100B70003630303029000000636F646563322F73B4
:100B800072632F6E6C702E63000000006D203C3D80
:100B900020504D41585F4D006E6C702D3E6666745E
:100BA0005F63666720213D204E554C4C00000000DD
:100BB0006E6C705F737461746520213D204E554CDE
:100BC0004C0000006E6C702D3E4673203D3D203180
:100BD00036303030000000006A203C3D206E0000BE
:100BE00065203E20302E3000636F646563322F73C2
:100BF00072632F706F737466696C7465722E630014
:100C0000636F646563322F7372632F73696E652E31
:100C1000630000006D6F64656C2D3E576F202A20C5
:100C20006D6F64656C2D3E4C203C205049000000E7
:100C300063322D3E6465636F646520213D204E550F
:100C40004C4C207C7C2063322D3E6465636F646570
:100C50005F62657220213D204E554C4C0000000023
:100C6000636F646563322F7372632F636F646563B0
:100C7000322E630063322D3E6270665F62756620BD
:100C8000213D204E554C4C00633220213D204E55D5
:100C90004C4C000063322D3E656E636F646520210D
:100CA0003D204E554C4C00006E626974203D3D2045
:100CB00028756E7369676E656429636F6465633256
:100CC0005F626974735F7065725F6672616D6528DB
:100CD000633229006669666F20213D204E554C4CD9
:100CE00000000000636F646563322F7372632F63CB
:100CF0006F646563325F6669666F2E630000000093
:100D00006461746120213D204E554C4C0000000070
:100D100066646D647620213D204E554C4C000000E9
:100D2000636F646563322F7372632F66646D6476DC
:100D30002E6300004E63203C3D204E430000000027
:100D4000662D3E72785F746573745F626974735F59
:100D50006D656D20213D204E554C4C002873697AFD
:100D6000656F6628746573745F6269747329202FD8
:100D70002073697A656F6628696E742929203E3D63
:100D800020662D3E6E746573745F62697473000033
:100D9000662D3E6666745F70696C6F745F6366672C
:100DA00020213D204E554C4C000000006E696E2005
:100DB0003C3D204D5F464143202B204D5F46414343
:100DC000202F2050000000006661627366286E6F5D
:100DD000726D5F72785F74696D696E6729203C205F
:100DE000312E300066646D64762D3E4E63203C3DAE
:100DF000204D4F44454D5F53544154535F4E435F24
:100E00004D4158004673202520285262202A203266
:100E100029203D3D20300000636F646563322F73ED
:100E200072632F666D66736B2E6300005265616C92
:100E300020464654206F7074696D697A6174696FD9
:100E40006E206D757374206265206576656E2E0A5E
:100E50000000000073742D3E7375627374617465D5
:100E60002D3E696E7665727365203D3D2030000031
:100E7000636F646563322F7372632F6B6973735F83
:100E8000666674722E63000073742D3E7375627310
:100E9000746174652D3E696E7665727365203D3DA3
:100EA00020310000656E7472696573203E20300049
:100EB000636F646563322F7372632F6D6265737441
:100EC0002E6300006D6265737420213D204E554CE9
:100ED0004C0000006D626573742D3E6C6973742064
:100EE000213D204E554C4C006E70203E3D2033007D
:100EF000636F646563322F7372632F6E6577616D04
:100F000070312E63000000006D6F64656C2D3E41F2
:100F10005B6D5D20213D20302E3000006E64696DD8
:100F2000203D3D206E6577616D703176715F636243
:100F30005B305D2E6B0000006F66646D2D3E747833
:100F40005F62706620213D204E554C4C0000000031
:100F5000636F646563322F7372632F6F66646D2EE7
:100F6000630000006F66646D2D3E74785F6270668A
:100F70005F70726F746F20213D204E554C4C000005
:100F80006F66646D2D3E74785F6270665F70726F1D
:100F9000746F5F6E20213D20300000006461746139
:100FA00063340000646174616331330064617461AF
:100FB000633134002020745F6573743A20253464F3
:100FC0002074696D696E673A6D783A2025662066EF
:100FD0006F66665F6573743A2025660A000000003C
:100FE0006F66646D2D3E72785F62706620213D20D1
:100FF0004E554C4C00000000202061765F6C6576F9
:10100000656C3A20256620206D61783A202566209F
:1010100074696D696E675F6573743A202564207426
:10102000696D696E675F76616C69643A2025640A50
:1010300000000000202066745F6573743A2025323A
:10104000642074696D696E675F6573743A20253238
:10105000642073616D706C655F706F696E743A20A7
:101060002532640A000000006F66646D2D3E7068D2
:101070006173655F6573745F62616E6477696474E0
:1010800068203D3D20686967685F62770000000066
:1010900070726500706F7374000000006275727387
:1010A00074000000202063745F6573743A20253457
:1010B00064206E696E3A20253464206D783A2025CC
:1010C000332E326620666F66665F6573743A20253C
:1010D00020352E31662074696D696E675F76616CAC
:1010E00069643A202564202534730A0063616273C1
:1010F0005F6D61783A2025662020666F66665F65C1
:1011000073743A2025660A002020202063745F65EE
:1011100073743A2025346420666F66665F65737465
:101120003A2025342E31662074696D696E675F76CA
:10113000616C69643A2025642074696D696E675F2B
:101140006D783A2025352E34660A000069736E6189
:101150006E2845734E6F644229203D3D20300000CB
:10116000766F69636531000064617461000000009E
:1011700073747265616D696E67000000766F6963F4
:10118000653200006F66646D20213D204E554C4C49
:101190000000000073746174732D3E4E63203C3D6B
:1011A000204D4F44454D5F53544154535F4E435F70
:1011B0004D41580075203D3D206F66646D2D3E6E9B
:1011C000757762697473000070203D3D20286F665A
:1011D000646D2D3E626974737065727061636B65D6
:1011E00074202D206F66646D2D3E6E757762697474
:1011F00073202D206F66646D2D3E6E747874626965
:101200007473290074203D3D206F66646D2D3E6E21
:1012100074787462697473006F66646D2D3E6270D9
:1012200073203D3D2032000075203D3D204E7577F6
:1012300073796D730000000070203D3D20284E73CF
:10124000796D737065727061636B6574202D204ECB
:10125000757773796D73202D204E74787473796D62
:101260007329000074657874496E64657820213DA7
:10127000204E554C4C000000373030440000000038
:101280004852415F3131325F3131320028696E742A
:1012900029666C6F6F7266286F66646D2D3E66738B
:1012A000202F206F66646D2D3E727329203D3D20F6
:1012B0006F66646D2D3E6D0021737472636D7028CE
:1012C0006F66646D2D3E73746174655F6D616368F4
:1012D000696E652C2022766F696365312229207C36
:1012E0007C2021737472636D70286F66646D2D3E6F
:1012F00073746174655F6D616368696E652C20222B
:10130000646174612229207C7C2021737472636D76
:1013100070286F66646D2D3E73746174655F6D61D6
:101320006368696E652C2022766F696365322229B5
:10133000000000006F66646D2D3E6E757762697403
:1013400073203C3D204D41585F55575F42495453EF
:10135000000000006F66646D2D3E70696C6F745FF5
:1013600073616D706C657320213D204E554C4C00AF
:101370006F66646D2D3E727862756620213D204E49
:10138000554C4C006F66646D2D3E70696C6F7473C4
:1013900020213D204E554C4C000000006F66646DCE
:1013A0002D3E72785F73796D20213D204E554C4C57
:1013B000000000006F66646D2D3E72785F73796D7A
:1013C0005B695D20213D204E554C4C006F66646D7D
:1013D0002D3E72785F6E7020213D204E554C4C00A2
:1013E0006F66646D2D3E72785F616D7020213D20C7
:1013F0004E554C4C000000006F66646D2D3E6170D0
:10140000686173655F6573745F70696C6F745F6C3E
:101410006F6720213D204E554C4C000073697A6562
:101420006F662870696C6F7476616C7565732920BE
:101430003E3D20286F66646D2D3E6E63202B20326A
:1014400029202A2073697A656F6628696E74385F6F
:10145000742900006F66646D2D3E75775F696E6458
:1014600020213D204E554C4C000000006F66646DFD
:101470002D3E75775F696E645F73796D20213D2025
:101480004E554C4C000000006C6173745F73796DB5
:10149000203C206F66646D2D3E6E70202A204E64C5
:1014A00061746173796D737065726672616D6500E8
:1014B0006F66646D2D3E74785F75775F73796D73B9
:1014C00020213D204E554C4C0000000074656D708D
:1014D00020213D204E554C4C000000006F66646D8D
:1014E0002D3E74785F707265616D626C6520213D80
:1014F000204E554C4C0000006F66646D2D3E747894
:101500005F706F7374616D626C6520213D204E5574
:101510004C4C00006D6F646520213D204E554C4CB5
:1015200000000000636F646563322F7372632F6F76
:1015300066646D5F6D6F64652E630000636F6E6639
:10154000696720213D204E554C4C00007374726C2D
:10155000656E286D6F646529203C203136000000DF
:1015600037303045000000004852415F35365F3566
:101570003600000032303230000000004852416234
:101580005F3339365F35303400000000323032309E
:101590004200000071616D313600000064617461C9
:1015A00063300000485F3132385F3235365F3500D6
:1015B0006461746163310000485F343039365F38EC
:1015C0003139325F33640000646174616333000059
:1015D000485F313032345F323034385F3466000077
:1015E000485F3235365F3531325F340063203E3D2F
:1015F00020302026262063203C3D20307846464679
:1016000000000000636F646563322F7372632F679D
:101610006F6C617932332E630000000063203E3D21
:1016200020302026262063203C3D20307837464657
:101630004646460066726565647620213D204E551B
:101640004C4C0000636F646563322F7372632F66C6
:1016500072656564765F6170692E63006620213D66
:10166000204E554C4C0000004644565F4D4F4445BB
:101670005F414354495645284652454544565F4DBF
:101680004F44455F313630302C20662D3E6D6F64FF
:101690006529207C7C204644565F4D4F44455F4180
:1016A0004354495645284652454544565F4D4F449C
:1016B000455F373030432C20662D3E6D6F646529C1
:1016C000207C7C204644565F4D4F44455F41435447
:1016D000495645284652454544565F4D4F44455F5F
:1016E00032343030412C20662D3E6D6F64652920E8
:1016F0007C7C204644565F4D4F44455F41435449EE
:101700005645284652454544565F4D4F44455F3245
:10171000343030422C20662D3E6D6F646529207C6C
:101720007C204644565F4D4F44455F4143544956E3
:1017300045284652454544565F4D4F44455F373036
:1017400030442C20662D3E6D6F646529207C7C2002
:101750004644565F4D4F44455F41435449564528E2
:101760004652454544565F4D4F44455F37303045FE
:101770002C20662D3E6D6F646529207C7C204644BC
:10178000565F4D4F44455F414354495645284652A4
:10179000454544565F4D4F44455F323032302C2032
:1017A000662D3E6D6F646529207C7C204644565F23
:1017B0004D4F44455F41435449564528465245459F
:1017C00044565F4D4F44455F32303230422C2066E4
:1017D0002D3E6D6F64652900286E62697473202543
:1017E000203829203D3D2030000000006E6F7574C8
:1017F000203C3D206672656564765F6765745F6E48
:101800005F6D61785F7370656563685F73616D704C
:101810006C65732866290000202020207371656E96
:101820003A202564206E6F75743A20256420646523
:101830006373703A2025640A00000000662D3E6E36
:10184000696E203C3D20662D3E6E5F6D61785F6D58
:101850006F64656D5F73616D706C6573000000008F
:1018600028662D3E6D6F6465203D3D2046524545FE
:1018700044565F4D4F44455F3730304429207C7CCF
:101880002028662D3E6D6F6465203D3D2046524503
:101890004544565F4D4F44455F3730304529000081
:1018A0006E696E203C3D20662D3E6E5F6D61785FF7
:1018B0006D6F64656D5F73616D706C6573000000C2
:1018C0002D2D2D2D000000002D2D2D540000000089
:1018D0002D2D532D000000002D2D5354000000002D
:1018E0002D422D2D000000002D422D54000000003F
:1018F0002D42532D000000002D42535400000000E3
:10190000452D2D2D00000000452D2D540000000018
:10191000452D532D00000000452D535400000000BC
:1019200045422D2D0000000045422D5400000000CE
:101930004542532D00000000454253540000000072
:101940007365617263680000747269616C00000005
:1019500073796E6365640000662D3E66646D64761F
:1019600020213D204E554C4C00000000636F646503
:1019700063322F7372632F6672656564765F3136EA
:1019800030302E6300000000662D3E66646D647684
:101990005F6269747320213D204E554C4C0000005D
:1019A000662D3E66646D64765F74785F62697473F9
:1019B00020213D204E554C4C00000000662D3E6617
:1019C000646D64765F72785F6269747320213D2074
:1019D0004E554C4C00000000662D3E636F646563FD
:1019E0003220213D204E554C4C000000662D3E74A7
:1019F000785F7061796C6F61645F626974732021D4
:101A00003D204E554C4C0000662D3E72785F706153
:101A1000796C6F61645F6269747320213D204E555B
:101A20004C4C0000662D3E74785F73796E635F6284
:101A30006974203D3D203100662D3E74785F7379D6
:101A40006E635F626974203D3D20300032202A20A1
:101A500046444D44565F4E4F4D5F53414D504C45AB
:101A6000535F5045525F4652414D45203D3D2066F3
:101A70002D3E6E5F6E6F6D5F6D6F64656D5F736140
:101A80006D706C6573000000636F646563322F7363
:101A900072632F6672656564765F3730302E63003F
:101AA000662D3E626974735F7065725F6D6F646509
:101AB0006D5F6672616D65203D3D20434F48505318
:101AC0004B5F424954535F5045525F4652414D452A
:101AD000000000006F66646D5F636F6E666967206B
:101AE000213D204E554C4C00662D3E6F66646D20A6
:101AF000213D204E554C4C00662D3E6C6470632099
:101B0000213D204E554C4C00662D3E72785F737916
:101B10006D7320213D204E554C4C0000662D3E72C9
:101B2000785F616D707320213D204E554C4C000054
:101B300028662D3E6C6470632D3E646174615F6243
:101B40006974735F7065725F6672616D65202520D0
:101B5000636F646563325F626974735F7065725F3F
:101B60006672616D6528662D3E636F646563322918
:101B700029203D3D20300000286F66646D5F636F53
:101B80006E6669672D3E6E73202D203129202A2034
:101B90006F66646D5F636F6E6669672D3E6E63206E
:101BA0002A206F66646D5F636F6E6669672D3E62A3
:101BB0007073203D3D20662D3E6C6470632D3E6346
:101BC0006F6465645F626974735F7065725F66728B
:101BD000616D65202B206F66646D5F636F6E666953
:101BE000672D3E74787462697473202B20662D3ED5
:101BF0006F66646D5F6E75776269747300000000D4
:101C00002864656D6F645F696E5F69735F73686F89
:101C10007274203D3D203029207C7C202864656D35
:101C20006F645F696E5F69735F73686F7274203D84
:101C30003D20312900000000253364206E696E3A92
:101C4000202534642073743A20252D367320657561
:101C5000773A2025326420253264206D663A2025AB
:101C6000326420663A2025352E3166207062773A3C
:101C700020256420736E723A2025342E316620654B
:101C80007261773A2025346420656364643A2025C4
:101C9000346420697465723A20253364207063636C
:101CA0003A2025346420727873743A2025730A0030
:101CB000253364206E696E3A202534642073743AAB
:101CC00020252D3673206575773A2025326420252E
:101CD0003264206D663A2025326420663A2025352C
:101CE0002E3166207062773A202564202020202043
:101CF00020202020202020202020202020202020E4
:101D000020202020202020202020202020202020D3
:101D100020202020202020202020202020202020C3
:101D2000727873743A2025730A000000662D3E64B1
:101D3000656672616D657220213D204E554C4C00E8
:101D4000636F646563322F7372632F6672656564B7
:101D5000765F66736B2E6300662D3E66736B202183
:101D60003D204E554C4C0000662D3E74785F6269F4
:101D7000747320213D204E554C4C0000662D3E666C
:101D80006D66736B20213D204E554C4C00000000C9
:101D9000286672616D655F74797065203D3D2046EF
:101DA00052454544565F5648465F4652414D455F51
:101DB0004129207C7C20286672616D655F74797092
:101DC00065203D3D204652454544565F48465F46A6
:101DD00052414D455F422900636F646563322F7342
:101DE00072632F6672656564765F7668665F667299
:101DF000616D696E672E63006D61785F6F75742029
:101E00003E3D2031202626206E5F696E203D3D201C
:101E100031000000636F646563322F7372632F7645
:101E2000617269636F64652E6300000028636F64EC
:101E3000655F6E756D203D3D203129207C7C20281A
:101E4000636F64655F6E756D203D3D203229207C97
:101E50007C2028636F64655F6E756D203D3D203387
:101E6000290000006D61785F6F7574203D3D203161
:101E7000202626206E5F696E203D3D203100000047
:101E8000765F6C656E203C3D2056415249434F447D
:101E9000455F4D41585F424954530000635F6E6F88
:101EA0006465735B695D2E7375627300636F64654F
:101EB00063322F7372632F6D706465636F64655F47
:101EC000636F72652E630000635F6E6F6465735BA2
:101ED000636E745D2E73756273000000765F6E6FC3
:101EE0006465735B695D2E73756273004465636F2F
:101EF0006465644269747300635F6E6F6465730048
:101F0000765F6E6F646573006C6470632D3E646110
:101F100074615F626974735F7065725F6672616D30
:101F200065203D3D206C6470632D3E6C6470635F82
:101F3000646174615F626974735F7065725F667219
:101F4000616D6500636F646563322F7372632F691F
:101F50006E7465726C6470632E630000636F6465F9
:101F60005F696E64657820213D202D3100000000FE
:101F7000636F646563322F7372632F6C6470635F89
:101F8000636F6465732E63002C2066756E637469DD
:101F90006F6E3A2000000000617373657274696FA0
:101FA0006E2022257322206661696C65643A206682
:101FB000696C6520222573222C206C696E652025B2
:101FC00064257325730A0000232D302B20000000A8
:101FD000686C4C0065666745464700003031323317
:101FE0003435363738394142434445460000000015
:101FF000303132333435363738396162636465667F
:1020000000000000F7FC783FF7FCF8BFF7FC783FD2
:1020100062E4F83F172B72BF5962CB3C59624B3DCB
:102020005962CB3C92F2C03F6F511BBF0C0B0208B0
:102030000002000000FF0000140B02080002000074
:1020400000FF0000180B02080002000000FF000063
:102050001C0B0208000F000001000000280B020802
:10206000000F000001010000380B0208000F000003
:1020700001020000440B0208000F000001030000F1
:10208000500B02080002000000FF0000540B020881
:102090000002000000FF0000E0B2FF3C0000000072
:1020A000E0B2FFBC10F8F63FD20470BFE0B2FF3CD4
:1020B00000000000E0B2FFBC10F8F63FD20470BF91
:1020C000E0B2FF3C00000000E0B2FFBC10F8F63FB9
:1020D000D20470BF000610160006101600000000A3
:1020E00001020304000000000000000001020304DC
:1020F00006070809E6A7F7A049C382372D7D89386E
:10210000FE0F0439B63C1139170DFC37BCB585B943
:10211000CE1D3CBAFF16A7BADBADE5BA252AFABA3E
:1021200070C7C3BAECA9AFB9558FCD3A442A823BE8
:10213000EA97D03B237A033C7295053C47C1C73BE5
:10214000E148CF3AECFCA5BB3DF351BCB0B6A3BC13
:102150002EB5C8BCA34DC7BCF0BA93BC1174AEBBBE
:102160008C7A4D3CAFB7053D30A64F3DF3C77C3D63
:10217000D6297A3DC72E3B3D1B81783C006BE1BCE4
:102180009D2A9BBD17B2F5BDD95F18BE14BA1ABE01
:102190005DA3F1BD06DC37BD8846893D3857573E03
:1021A000104CBE3E40A6083F70742D3F03FE483FD2
:1021B00078B9573F78B9573F03FE483F70742D3FB9
:1021C00040A6083F104CBE3E3857573E8846893DD2
:1021D00006DC37BD5DA3F1BD14BA1ABED95F18BEC7
:1021E00017B2F5BD9D2A9BBD006BE1BC1B81783CFD
:1021F000C72E3B3DD6297A3DF3C77C3D30A64F3DE7
:10220000AFB7053D8C7A4D3C1174AEBBF0BA93BCB0
:10221000A34DC7BC2EB5C8BCB0B6A3BC3DF351BCE2
:10222000ECFCA5BBE148CF3A47C1C73B7295053CE2
:10223000237A033CEA97D03B442A823B558FCD3A20
:10224000ECA9AFB970C7C3BA252AFABADBADE5BAB3
:10225000FF16A7BACE1D3CBABCB585B9170DFC3721
:10226000B63C1139FE0F04392D7D893849C38237B8
:10227000E6A7F7A051787F9F203D1A3632E7333723
:102280008DDBC0371C4F00385E6FB0370D8091B7C3
:10229000A7E4BAB8F30843B975CE94B99888B4B92D
:1022A000BB4AA9B9D4623EB92DE3C638CFC0FD39C7
:1022B000CB9F703AE593A83A6682BE3A413EA93A6E
:1022C0004C163C3A5EE389B9B7AFC8BAB7B73ABB68
:1022D00085CF7EBBC78A8CBBE9AB75BB33A60ABB77
:1022E000DE500A3A0C6A7A3B1008EA3BD4C41E3C22
:1022F000A3462E3C609D183C7C8CB13B2D845BBA80
:10230000CE830DBC050088BCEDF6BBBC48EED2BC4C
:1023100033E2BEBC0ACD6CBC491A8F3A642FB93C7B
:10232000D2FA453D14009B3D8EFECF3D0E8EFB3D07
:10233000C8160C3ED613113EC8160C3E0E8EFB3D41
:102340008EFECF3D14009B3DD2FA453D642FB93C33
:10235000491A8F3A0ACD6CBC33E2BEBC48EED2BCFF
:10236000EDF6BBBC050088BCCE830DBC2D845BBAEA
:102370007C8CB13B609D183CA3462E3CD4C41E3CD3
:102380001008EA3B0C6A7A3BDE500A3A33A60ABBD5
:10239000E9AB75BBC78A8CBB85CF7EBBB7B73ABBF1
:1023A000B7AFC8BA5EE389B94C163C3A413EA93A88
:1023B0006682BE3AE593A83ACB9F703ACFC0FD390A
:1023C0002DE3C638D4623EB9BB4AA9B99888B4B9DE
:1023D00075CE94B9F30843B9A7E4BAB80D8091B7A4
:1023E0005E6FB0371C4F00388DDBC03732E73337B4
:1023F000203D1A3651787F9F6E6C70006E6C705F56
:1024000064657374726F79006E6C705F637265617E
:10241000746500009ACB8DBADF4990BA1D3073BA4B
:10242000ECB7DDB9D244103A8344033BDCDD723BA8
:10243000E696A83B0341B73BD9058D3B0676523A59
:10244000F5F49DBBBAC93FBCA51695BC40C2B4BC4F
:10245000B361ABBC22DC51BCA60E533B0298DA3C04
:102460009869633D2CC1B03D451DEB3D1C060C3EFB
:10247000683E183E683E183E1C060C3E451DEB3D6E
:102480002CC1B03D9869633D0298DA3CA60E533BDF
:1024900022DC51BCB361ABBC40C2B4BCA51695BC38
:1024A000BAC93FBCF5F49DBB0676523AD9058D3BBF
:1024B0000341B73BE696A83BDCDD723B8344033B1C
:1024C000D244103AECB7DDB91D3073BADF4990BA87
:1024D0009ACB8DBAAB5F57BA89564DBAEFF98C3AA1
:1024E000DD2A9D3AF561E7BA6CB306BB7EBF433B7C
:1024F00040EC623BDD239FBB084BB6BB87DCF63B61
:10250000BC4F0C3CD09F38BCE8D751BC4A49873CF3
:10251000693A9B3CBA60C6BC3A12E9BCEB71163D05
:10252000CE0A3A3D1C827DBDC09FB2BDDC34193E4F
:10253000B14BE63EB14BE63EDC34193EC09FB2BD26
:102540001C827DBDCE0A3A3DEB71163D3A12E9BCC4
:10255000BA60C6BC693A9B3C4A49873CE8D751BC43
:10256000D09F38BCBC4F0C3C87DCF63B084BB6BB5D
:10257000DD239FBB40EC623B7EBF433B6CB306BB9D
:10258000F561E7BADD2A9D3AEFF98C3A89564DBAE2
:10259000AB5F57BA706F737466696C7465720000D4
:1025A00074776F5F73746167655F70697463685F88
:1025B000726566696E656D656E7400006332636F87
:1025C0006E73745F63726561746500000F000000D4
:1025D0000A00000002000000636F646563325F72EE
:1025E000656275696C645F73706172655F6269745E
:1025F00000000000636F646563325F6765745F733A
:10260000706172655F6269745F696E64657800000D
:10261000636F646563325F6465636F64655F373001
:1026200030630000636F646563325F656E636F647F
:10263000655F373030630000636F646563325F64E9
:1026400065636F64655F313330300000636F6465CC
:1026500063325F656E636F64655F313330300000F5
:10266000636F646563325F6465636F64655F626551
:1026700072000000636F646563325F656E636F6450
:1026800065000000636F646563325F646573747234
:102690006F790000636F646563325F6372656174B4
:1026A00065000000636F646563325F6669666F5F33
:1026B0007265616400000000636F646563325F6689
:1026C00069666F5F7772697465000000636F6465A7
:1026D00063325F6669666F5F64657374726F7900F9
:1026E000636F646563325F6669666F5F63726561BD
:1026F00074655F6275660000636F646563325F6670
:1027000069666F5F637265617465000066646D641D
:10271000765F6765745F64656D6F645F7374617421
:102720007300000072785F6573745F74696D696E21
:102730006700000072785F6573745F667265715F31
:102740006F6666736574000066646D64765F6465C9
:102750007374726F7900000066646D64765F6372F3
:1027600065617465000000000000000001000000C9
:102770000100000000000000000000000000000058
:102780000100000001000000000000000000000047
:102790000100000000000000010000000000000037
:1027A0000000000001000000000000000100000027
:1027B0000100000000000000000000000100000017
:1027C0000100000000000000000000000000000008
:1027D00000000000000000000000000000000000F9
:1027E00000000000000000000000000000000000E9
:1027F00000000000000000000100000001000000D7
:1028000001000000000000000100000001000000C5
:1028100000000000000000000100000001000000B6
:1028200001000000000000000100000001000000A5
:102830000000000001000000010000000100000095
:102840000100000001000000000000000000000086
:102850000100000000000000000000000100000076
:102860000100000001000000000000000000000066
:102870000100000001000000010000000000000055
:102880000000000000000000000000000100000047
:102890000100000001000000000000000000000036
:1028A0000100000001000000010000000100000024
:1028B0000100000000000000010000000100000015
:1028C0000100000000000000000000000100000006
:1028D00001000000000000000100000001000000F5
:1028E00001000000010000000100000001000000E4
:1028F00001000000000000000000000001000000D6
:1029000001000000000000000100000000000000C5
:1029100000000000000000000100000001000000B5
:1029200001000000000000000000000000000000A6
:102930000000000001000000010000000100000094
:102940000100000001000000000000000100000084
:102950000100000000000000000000000000000076
:102960000100000000000000000000000100000065
:102970000000000000000000000000000100000056
:102980000000000000000000010000000000000046
:102990000000000000000000000000000000000037
:1029A0000000000000000000000000000100000026
:1029B0000100000000000000010000000100000014
:1029C0000000000000000000000000000100000006
:1029D00000000000010000000100000001000000F4
:1029E00000000000010000006B75A4BA061706BBCA
:1029F000A06502BB2FDE2B39C8DEA03B919B213C9A
:102A000078761E3C9FD7FBB91A329EBCC93314BDE1
:102A1000C3C60BBD2605593A206E8D3DC07A1C3EBB
:102A20001D72633EE8FA7E3E1D72633EC07A1C3E14
:102A3000206E8D3D2605593AC3C60BBDC93314BD62
:102A40001A329EBC9FD7FBB978761E3C919B213CE5
:102A5000C8DEA03B2FDE2B39A06502BB061706BBE4
:102A60006B75A4BA23C0F037D2F2BA3788659937AC
:102A7000ACBE6E375B003037591AE136504C4D36DC
:102A80005D0427B5C7D98DB664CD03B7C7CA3FB7B4
:102A9000010A7CB759C99BB7729EB9B74B21D7B70A
:102AA000A5A5F4B7A0EC08B8737F17B881E825B8DE
:102AB000104334B8A17042B8308850B8AD6E5EB8DB
:102AC0006C376CB87BCA79B8249C83B883358AB8D4
:102AD000A8B890B8971B97B8A5649DB8CE8AA3B83C
:102AE000A693A9B8CF76AFB83739B5B825D3BAB859
:102AF0000D49C0B8A193C5B8F6B6CAB82EACCFB8C8
:102B0000EE76D4B8D310D9B8167DDDB8CEB5E1B81D
:102B100035BEE5B86390E9B8902FEDB8D595F0B81B
:102B200069C6F3B8F0BBF6B8A079F9B81DFAFBB8DE
:102B30008C3FFEB8152300B9CA0701B904CC01B90E
:102B4000917002B94BF302B98A5503B9299503B9BB
:102B5000F5B203B996AD03B9538503B95B3903B92F
:102B6000B0C902B9A83702B99C8401B972AB00B9E7
:102B7000A05CFFB84418FDB8818CFAB8A8B6F7B8C5
:102B8000DD98F4B8FD30F1B82B81EDB8CC87E9B809
:102B9000F345E5B816BBE0B849E8DBB877CCD6B862
:102BA0006869D1B883BECBB89CCDC5B8E595BFB830
:102BB0007619B9B8B857B2B8EB52ABB8A20AA4B8F4
:102BC0001F819CB800B694B8DAAB8CB84C6284B85C
:102BD000F2B777B86C3166B8663654B8FBC641B800
:102BE000C1E82EB8099C1BB8D9E607B86F93E7B7C0
:102BF000C195BEB75FD694B7C6C454B77FEEFCB6D6
:102C00001A7E1BB6FFF5473661040C37EE2E673788
:102C1000BFB0A137054AD0378955FF3765671738E8
:102C200097532F38E16C4738C1AB5F386A0D78385D
:102C30002D4588388F8F943829E2A038183BAD385D
:102C4000C496B938FAF2C538574CD2389BA0DE3852
:102C500048ECEA38C12DF7385EB00139CDC10739EB
:102C60004EC90D3957C6133913B4193950931F394A
:102C7000FB62253934212B395ECC3039206336395B
:102C800012E33B39644B4139AD9946391DCD4B397F
:102C90004CE3503925DB55390CB35A39AA695F39F1
:102CA000D9FC6339CB6B68399FB46C39B8D57039AE
:102CB000BFCD7439189B78396B3C7C391BB07F3998
:102CC000477A8139570483394E758439A2CC8539C6
:102CD000630987392A2B8839053189396D1A8A3970
:102CE000B5E68A3953958B3979258C39C1968C395B
:102CF0005BE88C39C0198D39872A8D39E2198D39F5
:102D00008DE78C39DC928C39461B8C3985808B3968
:102D1000CCC18A39F8DE8939A2D788391EAB873908
:102D20006D598639E3E184397F448339B88081392C
:102D3000D82C7F39AB0A7B39A79A7639FBDB7139FE
:102D4000A8CE6C39E1716739E9C5613938CA5B3998
:102D5000CD7E553964E34E3941F84739A8BD403935
:102D600057333939845C31398D33293972B8203978
:102D7000F5EE17395AD70E39B57205398181F73812
:102D8000AA85E338E2F1CE3829C8B938D409A43885
:102D900020B88D3814AA6D3824C43E38D8C20E38F5
:102DA000AC53BB37AAF82D375C7FF7B5A4FB6FB7E0
:102DB000288BE2B7F98927B89EC65EB8517A8BB8DE
:102DC0001007A8B80106C5B8DC73E2B84D2600B9F3
:102DD0007C460FB953981EB9F3192EB97AC93DB97B
:102DE00038A44DB992A85DB91DD46DB96F247EB9D0
:102DF000B14B87B900958FB914ED97B9B552A0B909
:102E00006BC4A8B9DE40B1B9FAC6B9B92555C2B983
:102E1000E2E9CAB9FF83D3B9FF21DCB96AC2E4B9D8
:102E2000A463EDB95404F6B9DEA2FEB9C29E03BA9A
:102E300088E907BAD0300CBADF7310BAD3B114BA2C
:102E4000E0E918BA481B1DBA1B4521BAAC6625BA81
:102E5000EA7E29BA5B8D2DBAED9031BA4A8935BA2E
:102E60001B7539BA10583DBA002E41BA9CF044BACD
:102E70003FA348BA5E444CBAC6D34FBA0D5053BABA
:102E8000BCB856BAAF0C5ABA284B5DBA147360BAC4
:102E9000A68363BAED7B66BAF85A69BAE81F6CBAC2
:102EA000DEC96EBAE95771BA3BC973BAC11C76BAAA
:102EB000BE5178BA54677ABA7F5C7CBA61307EBA08
:102EC0003DE27FBA88B880BAFF6D81BA231182BA19
:102ED0007DA182BA831E83BA358883BAC6DD83BAE0
:102EE000DE1E84BA294B84BAFA6184BAA76384BA15
:102EF000DA4E84BA3C2484BA78E283BAE38983BA8E
:102F00007A1983BAA69182BA98F181BA0C3981BA3A
:102F1000BC6780BAA5FA7EBA05F37CBAEDB77ABA77
:102F2000E34878BA5EA575BAC4CC72BA8CBE6FBAE3
:102F30003C7A6CBA6FFF68BA884D65BA346461BA7E
:102F4000F8425DBA6EE958BA305754BAD58B4FBAC9
:102F500009874ABA854845BAD3CF3FBAF21C3ABA74
:102F6000472F34BA3A072EBAB9A427BAE50621BAD0
:102F7000CF2D1ABA671913BA89C90BBA463E04BADB
:102F8000D8EEF8B95CEAE8B9D36ED8B9817CC7B994
:102F90004413B6B98433A4B963DD91B949227EB92B
:102FA0001D9E57B9992F30B9BDD607B90B2BBDB8A7
:102FB00027B251B82DD315B7985C0A38F5DD9E3885
:102FC0007351FA38CDC22B39253B5B39EFC78539B0
:102FD000B05F9E397B63B73985D2D03951ABEA39BE
:102FE0007976023AF5CA0F3A72521D3A550C2B3ACD
:102FF000E1F7383A4914473ABC60553A91DC633AF4
:10300000D786723A5FAF803ABD31883AE2C98F3ACB
:10301000D677973A983A9F3AD211A73AD8FCAE3A67
:10302000AAFBB63A9C0DBF3AAD31C73ADD67CF3A3D
:103030007FAFD73AE807E03A6C70E83AB6E8F03A82
:10304000C36FF93A9F02013B6854053BBDAC093B95
:10305000460B0E3BDA6F123BF7D9163B72491B3B0E
:10306000F6BD1F3B0137243B6AB4283B83352D3B1B
:1030700078BA313B9D42363B9CCD3A3B1F5B3F3B90
:10308000FCEA433B867C483B930F4D3BA1A3513B5D
:103090005B38563B6CCD5A3B51625F3BE0F6633B7D
:1030A000C38A683B4F1D6D3B2EAE713B343D763B72
:1030B000E0C97A3BDE537F3B56ED813B0F2F843BCB
:1030C000C56E863B61AC883BA5E78A3B64208D3B9F
:1030D0005F568F3B8089913B86B9933B46E6953B93
:1030E000810F983B0A359A3BB8569C3B5F749E3BD8
:1030F000D58DA03BC2A2A23B13B3A43BB1BEA63B5D
:1031000031C5A83B93C6AA3BACC2AC3B26B9AE3B8B
:10311000ECA9B03BD394B23B9A79B43B4158B63B4F
:103120005E30B83B0402BA3BE0CCBB3BC590BD3B34
:103130009E4DBF3B4003C13B80B1C23B3458C43BB2
:1031400030F7C53B4A8EC73B6B1DC93B69A4CA3BE0
:103150001923CC3B6699CD3B0F07CF3B146CD03B7A
:1031600034C8D13B9B1BD33BC865D43B7BA6D53B26
:10317000F3DDD63BF00BD83B5D30D93B254BDA3B3A
:103180001C5CDB3B5863DC3B8360DD3BB353DE3BC5
:10319000BC3CDF3B741BE03BEFEFE03B04BAE13BA0
:1031A0009D79E23BA42EE33B03D9E33BBB78E43BB0
:1031B000B60DE53BDF97E53B3617E63BA58BE63BD7
:1031C00017F5E63B8C53E73B03A7E73B53EFE73BA1
:1031D000A52CE83BCF5EE83BE685E83BD5A1E83B84
:1031E00086B2E83B25B8E83B86B2E83BD5A1E83B90
:1031F000E685E83BCF5EE83BA52CE83B53EFE73B99
:1032000003A7E73B8C53E73B17F5E63BA58BE63B73
:103210003617E63BDF97E53BB60DE53BBB78E43B75
:1032200003D9E33BA42EE33B9D79E23B04BAE13BA7
:10323000EFEFE03B741BE03BBC3CDF3BB353DE3BBA
:103240008360DD3B5863DC3B1C5CDB3B254BDA3B9E
:103250005D30D93BF00BD83BF3DDD63B7BA6D53BAD
:10326000C865D43B9B1BD33B34C8D13B146CD03BCB
:103270000F07CF3B6699CD3B1923CC3B69A4CA3BD2
:103280006B1DC93B4A8EC73B30F7C53B3458C43B26
:1032900080B1C23B4003C13B9E4DBF3BC590BD3B8F
:1032A000E0CCBB3B0402BA3B5E30B83B4158B63B76
:1032B0009A79B43BD394B23BECA9B03B26B9AE3B70
:1032C000ACC2AC3B93C6AA3B31C5A83BB1BEA63B42
:1032D00013B3A43BC2A2A23BD58DA03B5F749E3B1F
:1032E000B8569C3B0A359A3B810F983B46E6953B86
:1032F00086B9933B8089913B5F568F3B64208D3B21
:10330000A5E78A3B61AC883BC56E863B0F2F843BAB
:1033100056ED813BDE537F3BE0C97A3B343D763B43
:103320002EAE713B4F1D6D3BC38A683BE0F6633B9D
:1033300051625F3B6CCD5A3B5B38563BA1A3513B7E
:10334000930F4D3B867C483BFCEA433B1F5B3F3B76
:103350009CCD3A3B9D42363B78BA313B83352D3B81
:103360006AB4283B0137243BF6BD1F3B72491B3B27
:10337000F7D9163BDA6F123B460B0E3BBDAC093B4F
:103380006854053B9F02013BC36FF93AB6E8F03A37
:103390006C70E83AE807E03A7FAFD73ADD67CF3A9A
:1033A000AD31C73A9C0DBF3AAAFBB63AD8FCAE3A4B
:1033B000D211A73A983A9F3AD677973AE2C98F3A0C
:1033C000BD31883A5FAF803AD786723A91DC633A72
:1033D000BC60553A4914473AE1F7383A550C2B3A54
:1033E00072521D3AF5CA0F3A7976023A51ABEA3970
:1033F00085D2D0397B63B739B05F9E39EFC7853945
:10340000253B5B39CDC22B397351FA38F5DD9E3837
:10341000985C0A382DD315B727B251B80B2BBDB81D
:10342000BDD607B9992F30B91D9E57B949227EB92B
:1034300063DD91B98433A4B94413B6B9817CC7B9AB
:10344000D36ED8B95CEAE8B9D8EEF8B9463E04BA0A
:1034500089C90BBA671913BACF2D1ABAE50621BA72
:10346000B9A427BA3A072EBA472F34BAF21C3ABA8F
:10347000D3CF3FBA854845BA09874ABAD58B4FBAE8
:10348000305754BA6EE958BAF8425DBA346461BA3A
:10349000884D65BA6FFF68BA3C7A6CBA8CBE6FBA59
:1034A000C4CC72BA5EA575BAE34878BAEDB77ABAF9
:1034B00005F37CBAA5FA7EBABC6780BA0C3981BA2A
:1034C00098F181BAA69182BA7A1983BAE38983BA4C
:1034D00078E283BA3C2484BADA4E84BAA76384BA09
:1034E000FA6184BA294B84BADE1E84BAC6DD83BA77
:1034F000358883BA831E83BA7DA182BA231182BA2A
:10350000FF6D81BA88B880BA3DE27FBA61307EBA79
:103510007F5C7CBA54677ABABE5178BAC11C76BA5D
:103520003BC973BAE95771BADEC96EBAE81F6CBA03
:10353000F85A69BAED7B66BAA68363BA147360BAA7
:10354000284B5DBAAF0C5ABABCB856BA0D5053BA34
:10355000C6D34FBA5E444CBA3FA348BA9CF044BAB3
:10356000002E41BA10583DBA1B7539BA4A8935BA8E
:10357000ED9031BA5B8D2DBAEA7E29BAAC6625BAD8
:103580001B4521BA481B1DBAE0E918BAD3B114BAD9
:10359000DF7310BAD0300CBA88E907BAC29E03BAFA
:1035A000DEA2FEB95404F6B9A463EDB96AC2E4B967
:1035B000FF21DCB9FF83D3B9E2E9CAB92555C2B905
:1035C000FAC6B9B9DE40B1B96BC4A8B9B552A0B951
:1035D00014ED97B900958FB9B14B87B96F247EB9B7
:1035E0001DD46DB992A85DB938A44DB97AC93DB959
:1035F000F3192EB953981EB97C460FB94D2600B960
:10360000DC73E2B80106C5B81007A8B8517A8BB8C8
:103610009EC65EB8F98927B8288BE2B7A4FB6FB7BE
:103620005C7FF7B5AAF82D37AC53BB37D8C20E383C
:1036300024C43E3814AA6D3820B88D38D409A43873
:1036400029C8B938E2F1CE38AA85E3388181F73844
:10365000B57205395AD70E39F5EE173972B82039D7
:103660008D332939845C313957333939A8BD403914
:1036700041F8473964E34E39CD7E553938CA5B3954
:10368000E9C56139E1716739A8CE6C39FBDB713965
:10369000A79A7639AB0A7B39D82C7F39B880813923
:1036A0007F448339E3E184396D5986391EAB87390C
:1036B000A2D78839F8DE8939CCC18A3985808B391F
:1036C000461B8C39DC928C398DE78C39E2198D39A7
:1036D000872A8D39C0198D395BE88C39C1968C39B0
:1036E00079258C3953958B39B5E68A396D1A8A3923
:1036F000053189392A2B883963098739A2CC853964
:103700004E75843957048339477A81391BB07F3924
:103710006B3C7C39189B7839BFCD7439B8D570397A
:103720009FB46C39CB6B6839D9FC6339AA695F39AE
:103730000CB35A3925DB55394CE350391DCD4B3983
:10374000AD994639644B413912E33B392063363930
:103750005ECC303934212B39FB62253950931F3927
:1037600013B4193957C613394EC90D39CDC10739AC
:103770005EB00139C12DF73848ECEA389BA0DE383D
:10378000574CD238FAF2C538C496B938183BAD3820
:1037900029E2A0388F8F94382D4588386A0D783803
:1037A000C1AB5F38E16C473897532F3865671738DE
:1037B0008955FF37054AD037BFB0A137EE2E67379E
:1037C00061040C37FFF547361A7E1BB67FEEFCB658
:1037D000C6C454B75FD694B7C195BEB76F93E7B769
:1037E000D9E607B8099C1BB8C1E82EB8FBC641B89A
:1037F000663654B86C3166B8F2B777B84C6284B8A4
:10380000DAAB8CB800B694B81F819CB8A20AA4B8F1
:10381000EB52ABB8B857B2B87619B9B8E595BFB89E
:103820009CCDC5B883BECBB86869D1B877CCD6B8C3
:1038300049E8DBB816BBE0B8F345E5B8CC87E9B892
:103840002B81EDB8FD30F1B8DD98F4B8A8B6F7B823
:10385000818CFAB84418FDB8A05CFFB872AB00B90F
:103860009C8401B9A83702B9B0C902B95B3903B960
:10387000538503B996AD03B9F5B203B9299503B9D8
:103880008A5503B94BF302B9917002B904CC01B95E
:10389000CA0701B9152300B98C3FFEB81DFAFBB861
:1038A000A079F9B8F0BBF6B869C6F3B8D595F0B809
:1038B000902FEDB86390E9B835BEE5B8CEB5E1B864
:1038C000167DDDB8D310D9B8EE76D4B82EACCFB80B
:1038D000F6B6CAB8A193C5B80D49C0B825D3BAB8D1
:1038E0003739B5B8CF76AFB8A693A9B8CE8AA3B802
:1038F000A5649DB8971B97B8A8B890B883358AB8C7
:10390000249C83B87BCA79B86C376CB8AD6E5EB84E
:10391000308850B8A17042B8104334B881E825B857
:10392000737F17B8A0EC08B8A5A5F4B74B21D7B79B
:10393000729EB9B759C99BB7010A7CB7C7CA3FB7CE
:1039400064CD03B7C7D98DB65D0427B5504C4D364D
:10395000591AE1365B003037ACBE6E37886599374F
:10396000D2F2BA37AB5F57BA89564DBAEFF98C3AF3
:10397000DD2A9D3AF561E7BA6CB306BB7EBF433BD7
:1039800040EC623BDD239FBB084BB6BB87DCF63BBC
:10399000BC4F0C3CD09F38BCE8D751BC4A49873C4F
:1039A000693A9B3CBA60C6BC3A12E9BCEB71163D61
:1039B000CE0A3A3D1C827DBDC09FB2BDDC34193EAB
:1039C000B14BE63EB14BE63EDC34193EC09FB2BD82
:1039D0001C827DBDCE0A3A3DEB71163D3A12E9BC20
:1039E000BA60C6BC693A9B3C4A49873CE8D751BC9F
:1039F000D09F38BCBC4F0C3C87DCF63B084BB6BBB9
:103A0000DD239FBB40EC623B7EBF433B6CB306BBF8
:103A1000F561E7BADD2A9D3AEFF98C3A89564DBA3D
:103A2000AB5F57BA00000000D4C2CA378AC1CA3897
:103A30006C17643985BCCA395B601E3AAC0A643ABB
:103A4000C32D9B3A85A8CA3A223A003BD4471E3B75
:103A5000AD7C3F3BD6D7633B3CAC853BC9FE9A3B34
:103A6000FCE2B13B3E58CA3B0E5EE43BC1F3FF3B78
:103A7000558C0E3C05E61D3CA4062E3C7CED3E3CE0
:103A8000B89A503C160D633C0145763C9C20853C21
:103A9000DC808F3C0D439A3CC266A53CC6EBB03C33
:103AA000ADD1BC3C7818C93C85BFD53C9FC6E23C33
:103AB000902DF03CECF3FD3CBF0C063DD34E0D3D8C
:103AC00016C0143D6E601C3D8A2F243D502D2C3DA8
:103AD0008959343DE5B33C3D653C453D9CF24D3D47
:103AE00071D6563DACE75F3DFF25693D4D91723D76
:103AF0002B297C3DCDF6823D25EF873D67FD8C3D32
:103B00009321923D665B973DE1AA9C3DDA0FA23D71
:103B10001D8AA73D8E19AD3D20BEB23D9077B83DC0
:103B2000D145BE3DAC28C43D0720CA3DC72BD03D82
:103B3000664BD63D787FDC3D75C7E23DD922E93D35
:103B40002992EF3D5914F63D76AAFC3DB9A9013EF4
:103B5000A707053EC16E083E4CDF0B3E47590F3E9E
:103B60002BDC123EF967163EF4FC193ED89A1D3E36
:103B70006341213E95F0243E6DA8283EA9682C3E65
:103B80004831303E4B02343EB1DB373EF5BC3B3E64
:103B900059A63F3E9A97433EB890473EB4914B3E5C
:103BA0004A9A4F3E37AA533EBEC1573E9CE05B3E09
:103BB0008E06603ED733643EF167683E1EA36C3EBE
:103BC0001DE5703EAA2D753E077D793EAFD27D3E44
:103BD0007217813EB248833EF67C853E3EB4873EF6
:103BE00089EE893ED82B8C3EE86B8E3EDAAE903E55
:103BF0006BF4923EDE3C953ECF87973E5ED5993E74
:103C00008D259C3E18789E3E21CDA03E8524A33E66
:103C1000247EA53EFDD9A73E1138AA3E5F98AC3E52
:103C2000A4FAAE3EE15EB13E15C5B33E412DB63EAF
:103C30002097B83ED602BB3E3F70BD3E5DDFBF3E23
:103C4000EC4FC23E0DC2C43EC235C73EC5AAC93EF6
:103C50003A21CC3EDD98CE3EAE11D13ECE8BD33E46
:103C6000FB06D63E3483D83E5800DB3E677EDD3E01
:103C700061FDDF3E037DE23E8FFDE43EA27EE73E36
:103C80005C00EA3EBF82EC3E8505EF3EB188F13E26
:103C9000200CF43E1590F63E0A14F93E6398FB3E64
:103CA000BD1CFE3E8B50003FB892013FE5D4023F61
:103CB0000117043FFB58053FD49A063F7BDC073FC2
:103CC000001E093F425F0A3F40A00B3FFCE00C3F53
:103CD00064210E3F78610F3F16A1103F61E0113F54
:103CE000361F133F855D143F5F9B153FB2D8163FCB
:103CF0006E15183F9351193F118D1A3FF7C71B3F9F
:103D000025021D3F9B3B1E3F47741F3F3BAC203F9E
:103D100054E3213FA419233F094F243F8483253FC7
:103D200024B7263FC9E9273F611B293FFD4B2A3FA6
:103D30009E7B2B3F11AA2C3F77D72D3FC0032F3FEF
:103D4000DC2E303FB858313F6781323FD6A8333F31
:103D500007CF343FD8F3353F5917373F7A39383FCB
:103D60003A5A393F9A793A3F78973B3FE5B33C3F1F
:103D7000D1CE3D3F29E83E3F0000403F4416413F41
:103D8000E52A423FE23D433F2B4F443FD05E453F53
:103D9000C26C463FEE78473F5683483FE78B493F2A
:103DA000B4924A3FAB974B3FBB9A4C3FE59B4D3F8C
:103DB000289B4E3F85984F3FD993503F268D513FCA
:103DC0007B84523FC879533FFD6C543F295E553F79
:103DD0002B4D563F043A573FC424583F4A0D593F94
:103DE000A5F3593FC7D75A3F9DB95B3F39995C3F0F
:103DF0008A765D3F7E515E3F282A5F3F7500603FB7
:103E000056D4603FDBA5613F0475623FAF41633F1D
:103E1000DD0B643F9ED3643FE198653F965B663F50
:103E2000CE1B673F66D9673F8194683FFD4C693F71
:103E3000DA026A3F17B66A3FB6666B3FA5146C3F5D
:103E4000F4BF6C3F83686D3F630E6E3F92B16E3F6F
:103E500000526F3F9EEF6F3F8B8A703FA722713FEA
:103E6000F1B7713F6B4A723F12DA723FE866733FF7
:103E7000DCF0733FEE77743F1EFC743F7C7D753F32
:103E8000D7FB753F6077763FE5EF763F8865773FF4
:103E900027D8773FD447783F8DB4783F431E793F8A
:103EA0000685793FB4E8793F6F497A3F16A77A3F94
:103EB000B8017B3F58597B3FE2AD7B3F58FF7B3FCA
:103EC000BA4D7C3F18997C3F50E17C3F74267D3F82
:103ED00083687D3F7EA77D3F54E37D3F151C7E3F79
:103EE000B1517E3F27847E3F89B37E3FB5DF7E3F61
:103EF000CC087F3FBE2E7F3F7A517F3F22717F3FAC
:103F0000A48D7F3FF0A67F3F16BD7F3F18D07F3F37
:103F1000F4DF7F3F9AEC7F3F1BF67F3F76FC7F3FCD
:103F20009BFF7F3F9BFF7F3F76FC7F3F1BF67F3FE2
:103F30009AEC7F3FF4DF7F3F18D07F3F16BD7F3F75
:103F4000F0A67F3FA48D7F3F22717F3F7A517F3F54
:103F5000BE2E7F3FCC087F3FB5DF7E3F89B37E3FDB
:103F600027847E3FB1517E3F151C7E3F54E37D3F49
:103F70007EA77D3F83687D3F74267D3F50E17C3F77
:103F800018997C3FBA4D7C3F58FF7B3FE2AD7B3FA9
:103F900058597B3FB8017B3F16A77A3F6F497A3F5C
:103FA000B4E8793F0685793F431E793F8DB4783F69
:103FB000D447783F27D8773F8865773FE5EF763F4E
:103FC0006077763FD7FB753F7C7D753F1EFC743F65
:103FD000EE77743FDCF0733FE866733F12DA723FAE
:103FE0006B4A723FF1B7713FA722713F8B8A703FD6
:103FF0009EEF6F3F00526F3F92B16E3F630E6E3F78
:1040000083686D3FF4BF6C3FA5146C3FB6666B3F91
:1040100017B66A3FDA026A3FFD4C693F8194683FF8
:1040200066D9673FCE1B673F965B663FE198653F69
:104030009ED3643FDD0B643FAF41633F0475623F35
:10404000DBA5613F56D4603F7500603F282A5F3F83
:104050007E515E3F8A765D3F39995C3F9DB95B3FFB
:10406000C7D75A3FA5F3593F4A0D593FC424583F7B
:10407000043A573F2B4D563F295E553FFD6C543F48
:10408000C879533F7B84523F268D513FD993503F8F
:1040900085984F3F289B4E3FE59B4D3FBB9A4C3F39
:1040A000AB974B3FB4924A3FE78B493F5683483F1B
:1040B000EE78473FC26C463FD05E453F2B4F443FB2
:1040C000E23D433FE52A423F4416413F0000403F66
:1040D00029E83E3FD1CE3D3FE5B33C3F78973B3F9B
:1040E0009A793A3F3A5A393F7A39383F5917373F28
:1040F000D8F3353F07CF343FD6A8333F6781323FEF
:10410000B858313FDC2E303FC0032F3F77D72D3FCB
:1041100011AA2C3F9E7B2B3FFD4B2A3F611B293F61
:10412000C9E9273F24B7263F8483253F094F243F11
:10413000A419233F54E3213F3BAC203F47741F3F6A
:104140009B3B1E3F25021D3FF7C71B3F118D1A3FAA
:104150009351193F6E15183FB2D8163F5F9B153F1C
:10416000855D143F361F133F61E0113F16A1103FDC
:1041700078610F3F64210E3FFCE00C3F40A00B3FF5
:10418000425F0A3F001E093F7BDC073FD49A063F8F
:10419000FB58053F0117043FE5D4023FB892013FA9
:1041A0008B50003FBD1CFE3E6398FB3E0A14F93E57
:1041B0001590F63E200CF43EB188F13E8505EF3EA9
:1041C000BF82EC3E5C00EA3EA27EE73E8FFDE43E0D
:1041D000037DE23E61FDDF3E677EDD3E5800DB3E53
:1041E0003483D83EFB06D63ECE8BD33EAE11D13EB5
:1041F000DD98CE3E3A21CC3EC5AAC93EC235C73E67
:104200000DC2C43EEC4FC23E5DDFBF3E3F70BD3EBF
:10421000D602BB3E2097B83E412DB63E15C5B33EF3
:10422000E15EB13EA4FAAE3E5F98AC3E1138AA3EC4
:10423000FDD9A73E247EA53E8524A33E21CDA03EE8
:1042400018789E3E8D259C3E5ED5993ECF87973E41
:10425000DE3C953E6BF4923EDAAE903EE86B8E3ECD
:10426000D82B8C3E89EE893E3EB4873EF67C853E57
:10427000B248833E7217813EAFD27D3E077D793EC4
:10428000AA2D753E1DE5703E1EA36C3EF167683E8B
:10429000D733643E8E06603E9CE05B3EBEC1573E17
:1042A00037AA533E4A9A4F3EB4914B3EB890473E90
:1042B0009A97433E59A63F3EF5BC3B3EB1DB373EA5
:1042C0004B02343E4831303EA9682C3E6DA8283E52
:1042D00095F0243E6341213ED89A1D3EF4FC193EE0
:1042E000F967163E2BDC123E47590F3E4CDF0B3E62
:1042F000C16E083EA707053EB9A9013E76AAFC3D5E
:104300005914F63D2992EF3DD922E93D75C7E23DAA
:10431000787FDC3D664BD63DC72BD03D0720CA3D9C
:10432000AC28C43DD145BE3D9077B83D20BEB23DDE
:104330008E19AD3D1D8AA73DDA0FA23DE1AA9C3D35
:10434000665B973D9321923D67FD8C3D25EF873D50
:10435000CDF6823D2B297C3D4D91723DFF25693D77
:10436000ACE75F3D71D6563D9CF24D3D653C453D09
:10437000E5B33C3D8959343D502D2C3D8A2F243DD9
:104380006E601C3D16C0143DD34E0D3DBF0C063D66
:10439000ECF3FD3C902DF03C9FC6E23C85BFD53C44
:1043A0007818C93CADD1BC3CC6EBB03CC266A53C5C
:1043B0000D439A3CDC808F3C9C20853C0145763C3B
:1043C000160D633CB89A503C7CED3E3CA4062E3C56
:1043D00005E61D3C558C0E3CC1F3FF3B0E5EE43BF5
:1043E0003E58CA3BFCE2B13BC9FE9A3B3CAC853B24
:1043F000D6D7633BAD7C3F3BD4471E3B223A003BC4
:1044000085A8CA3AC32D9B3AAC0A643A5B601E3A4F
:1044100085BCCA396C1764398AC1CA38D4C2CA3754
:1044200000000000666D66736B5F637265617465A2
:10443000000000006B6973735F6666747269000048
:104440006B6973735F666674720000006D626573FA
:10445000745F64657374726F790000006D626573D8
:10446000745F6372656174650000000000000041C4
:104470000000204100004041000060410000604118
:1044800000006041000060410000604100006041A8
:104490000000604100006041000060410000604198
:1044A0000000604100006041000060410000604188
:1044B00000006041000060410000A0C164657465B7
:1044C000726D696E655F70686173650072617465B5
:1044D0005F4B5F6D626573745F656E636F646500EB
:1044E000696E746572705F70617261006F66646D91
:1044F0005F657874726163745F7577006F66646D71
:104500005F646973617373656D626C655F7170730D
:104510006B5F6D6F64656D5F7061636B65745F7712
:104520006974685F746578745F616D707300000012
:104530006F66646D5F617373656D626C655F7170EA
:10454000736B5F6D6F64656D5F7061636B65745FE6
:1045500073796D626F6C73006F66646D5F6765740D
:104560005F64656D6F645F73746174730000000055
:104570006F66646D5F65736E6F5F6573745F6361B3
:104580006C6300006F66646D5F64656D6F645F638C
:104590006F7265006573745F667265715F6F6666E2
:1045A0007365745F70696C6F745F636F7272000023
:1045B0006F66646D5F73796E635F73656172636864
:1045C0005F636F72650000006F66646D5F68696CA1
:1045D000626572745F636C697070657200000000E0
:1045E000616C6C6F636174655F72785F62706600A6
:1045F000616C6C6F636174655F74785F6270660094
:104600006F66646D5F63726561746500FFFF010131
:10461000FFFFFF01FF01FF0101010101010101FF96
:10462000FF01FF01FF01010101010101010101FF82
:104630000101010101FFFFFFFFFFFF01FF01FF017A
:10464000FFFF01FF01010101FF01FF010000803FA9
:1046500000000000000000000000803F000000009B
:10466000000080BF000080BF000000000000803F0D
:1046700000000080B1DF7F3FD2A800BDB37E7F3F46
:10468000919880BD27DD7E3FB2BBC0BD40FB7D3F22
:104690004B5700BE1FD97C3F3C3020BE29777B3F63
:1046A000CEE03FBEB2D5793FE1605FBE0EF5773F09
:1046B00097A87EBED4D5753FE9D78EBE7978733F73
:1046C0007A379EBE94DD703F116FADBECD056E3F53
:1046D000E17ABCBEFEF16A3FFC56CBBEBEA2673F8C
:1046E000B5FFD9BE0919643F8271E8BEA855603F85
:1046F00076A8F6BE96595C3F835002BFE125583F2D
:10470000F52B09BF95BB533FACE40FBFBD1B4F3F1B
:10471000147916BF99474A3F79E71CBF5740453F78
:10472000382E23BF4607403FBE4B29BFB69D3A3FB8
:10473000793E2FBFF704353FF70435BF793E2F3F51
:10474000B69D3ABFBE4B293F460740BF382E233F98
:10475000574045BF79E71C3F99474ABF1479163F38
:10476000BD1B4FBFACE40F3F95BB53BFF52B093FBB
:10477000E12558BF8350023F96595CBF76A8F63EAC
:10478000A85560BF6171E83E091964BFB5FFD93E05
:10479000BEA267BFFC56CB3EFEF16ABFE17ABC3ECB
:1047A000CD056EBF116FAD3E94DD70BF7A379E3E72
:1047B000797873BFE9D78E3ED4D575BF97A87E3E72
:1047C0000EF577BFE1605F3EB2D579BFCEE03F3EE8
:1047D00029777BBF3C30203E1FD97CBF4B57003E22
:1047E00040FB7DBFB2BBC03D27DD7EBF0B98803D47
:1047F000B37E7FBFD2A8003DB1DF7FBF0000008045
:10480000000080BFD2A800BDB1DF7FBF919880BDFE
:10481000B37E7FBFB2BBC0BD27DD7EBF4B5700BE9E
:1048200040FB7DBF7F3020BE1FD97CBFCEE03FBEA6
:1048300029777BBFE1605FBEB2D579BF97A87EBE06
:104840000EF577BFE9D78EBED4D575BF7A379EBE39
:10485000687873BF116FADBE94DD70BFE17ABCBEE6
:10486000CD056EBFFC56CBBEFEF16ABFB5FFD9BE0B
:10487000BEA267BF8271E8BEF81864BF76A8F6BE14
:10488000A85560BF945002BF96595CBFF52B09BF75
:10489000E12558BFBDE40FBF84BB53BF147916BFD9
:1048A000BD1B4FBF79E71CBF99474ABF382E23BFB6
:1048B000574045BFBE4B29BF460740BF793E2FBF7B
:1048C000A69D3ABFF70435BFF70435BFB69D3ABF82
:1048D000793E2FBF460740BFBE4B29BF574045BF5B
:1048E000382E23BF99474ABF79E71CBFBD1B4FBF76
:1048F000147916BF95BB53BFACE40FBFE12558BF79
:10490000F52B09BF96595CBF835002BFA85560BF05
:1049100076A8F6BE091964BF6171E8BEBEA267BF82
:10492000B5FFD9BEFEF16ABFFC56CBBEDE056EBF39
:10493000C07ABCBE94DD70BF116FADBE797873BF15
:104940007A379EBED4D575BFE9D78EBE0EF577BF38
:1049500097A87EBEB2D579BFE1605FBE29777BBFE5
:10496000CEE03FBE1FD97CBF3C3020BE40FB7DBFA8
:104970004B5700BE27DD7EBFB2BBC0BDB37E7FBF3D
:104980000B9880BDB1DF7FBFD2A800BD000080BF03
:1049900000000000B1DF7FBFD2A8003DB37E7FBF23
:1049A0009198803D27DD7EBFB2BBC03D40FB7DBFFF
:1049B0004B57003E1FD97CBF7F30203E29777BBFFD
:1049C000CEE03F3EB2D579BFE1605F3E0EF577BFE6
:1049D00097A87E3ED4D575BFE9D78E3E687873BF61
:1049E0007A379E3E94DD70BF116FAD3ECD056EBF30
:1049F000E17ABC3EFEF16ABFFC56CB3EBEA267BF69
:104A0000D6FFD93EF81864BF8271E83EA85560BF52
:104A100076A8F63E96595CBF9450023FE12558BFF8
:104A2000F52B093F95BB53BFACE40F3FBD1B4FBFF8
:104A30001479163F99474ABF79E71C3F574045BF55
:104A4000382E233F460740BFBE4B293FB69D3ABF95
:104A5000793E2F3FF70435BFF704353F793E2FBF2E
:104A6000B69D3A3FBE4B29BF4607403F382E23BF75
:104A70005740453F79E71CBF99474A3F147916BF15
:104A8000BD1B4F3FACE40FBF95BB533FF52B09BF98
:104A9000E125583F835002BF96595C3F54A8F6BEAB
:104AA000A855603F6171E8BE0919643FB5FFD9BEE2
:104AB000BEA2673FFC56CBBEFEF16A3FC07ABCBEC9
:104AC000DE056E3F116FADBE94DD703F7A379EBE3E
:104AD0007978733FE9D78EBED4D5753F97A87EBE4F
:104AE0000EF5773FE1605FBEB2D5793FCEE03FBEC5
:104AF00029777B3F3C3020BE1FD97C3F4B5700BEFF
:104B000040FB7D3FB2BBC0BD27DD7E3F0B9880BD23
:104B1000B37E7F3FC6A700BDB1DF7F3F000000002E
:104B20000000803FD2A8003DB1DF7F3F9198803DDB
:104B3000B37E7F3FB2BBC03D27DD7E3F4B57003E7B
:104B400040FB7D3F7F30203E1FD97C3FCEE03F3E83
:104B500029777B3FE1605F3EB2D5793F97A87E3EE3
:104B60000EF5773FE9D78E3ED4D5753F7A379E3E16
:104B70006878733F116FAD3E94DD703FE17ABC3EC3
:104B8000CD056E3FFC56CB3EFEF16A3FB5FFD93EE8
:104B9000BEA2673F8271E83EF818643F76A8F63EF1
:104BA000A855603F9450023F96595C3FF52B093F52
:104BB000E125583FBDE40F3F84BB533F1479163FB6
:104BC000BD1B4F3F79E71C3F99474A3F382E233F93
:104BD0005740453FBE4B293F4607403F793E2F3F58
:104BE000A69D3A3FF704353FF704353FB69D3A3F5F
:104BF000793E2F3F4607403FBE4B293F5740453F38
:104C0000382E233F99474A3F79E71C3FBD1B4F3F52
:104C10001479163F95BB533FACE40F3FE125583F55
:104C2000E52B093F96595C3F8350023FA855603FF2
:104C300054A8F63E0919643F6171E83EBEA2673F81
:104C4000B5FFD93EFEF16A3FDA56CB3EDE056E3F38
:104C5000C07ABC3E94DD703FF06EAD3E7978733F14
:104C600058379E3ED4D5753FE9D78E3E0EF5773F37
:104C700054A87E3EB2D5793FE1605F3E29777B3F05
:104C8000CEE03F3E1FD97C3F3C30203E40FB7D3F85
:104C90004B57003E27DD7E3FB2BBC03DB37E7F3F1A
:104CA0000B98803DB1DF7F3FD2A8003D6F66646DF9
:104CB0005F696E69745F6D6F64650000676F6C613A
:104CC0007932335F6465636F64650000676F6C61A0
:104CD0007932335F656E636F646500000000000029
:104CE000750C00009F140000EA1800004B2500001E
:104CF0003E290000D4310000A13D0000E346000041
:104D0000964A00007C520000095E0000A863000083
:104D1000DD6F000037770000427B0000B3810000A8
:104D2000C68D00002C95000059990000F8A40000E1
:104D30008DA8000067B0000012BC000050C7000042
:104D400025CB0000CFD30000BADF00001BE200003B
:104D50006EEE000084F60000F1FA00006603010028
:104D6000130F0100F91701008C1B01002D26010013
:104D7000582A0100B2320100C73E010085450100FA
:104D8000F04901001A5101006F5D0100CE60010081
:104D9000BB6C01005174010024780100D582010030
:104DA000A08E01004A9601003F9A01009EA70100D3
:104DB000EBAB010001B3010074BF010036C4010078
:104DC00043C80100A9D00100DCDC01007DE1010045
:104DD00008ED0100E2F5010097F90100CC060200A0
:104DE000B90A020053120200261E020087230200A5
:104DF000F22F0200183702006D3B02002F40020024
:104E00005A4C0200B0540200C5580200646502000A
:104E100011690200FB7102008E7D02007F87020093
:104E20000A8B0200E0930200959F020034A2020068
:104E300041AE0200ABB60200DEBA02009CC1020025
:104E4000E9CD020003D5020076D90200D7E40200C2
:104E5000A2E8020048F002003DFC0200AA0503009F
:104E6000DF09030035110300401D0300E1200300AA
:104E7000942C03007E3403000B38030049430300E5
:104E80003C4F0300D6570300A35B030002660300F8
:104E9000776A03009D720300E87E03001984030013
:104EA0006C88030086900300F39C030052A103006A
:104EB00027AD0300CDB50300B8B90300FAC2030063
:104EC0008FCE030065D6030010DA0300B1E70300BC
:104ED000C4EB03002EF303005BFF0300ED010400AD
:104EE000980D04007215040007190400A62404009C
:104EF000D3280400393004004C3C04000E47040061
:104F00007B4B040091530400E45F040045620400FD
:104F1000306E0400DA760400AF7A04005E8004008C
:104F20002B8C0400C1940400B498040015A504005F
:104F300060A904008AB10400FFBD0400BDC60400DE
:104F4000C8CA040022D2040057DE0400F6E30400BD
:104F500083EF040069F704001CFB04008B020500CA
:104F6000FE0E050014160500611A0500C027050095
:104F7000B52B05005F3305002A3F05006844050096
:104F80001D480500F7500500825C050023610500FF
:104F9000566D0500BC750500C9790500388305000C
:104FA0004D8F0500A7970500D29B050073A605004D
:104FB00006AA0500ECB2050099BE0500DBC5050098
:104FC000AEC9050044D1050031DD050090E00500C3
:104FD000E5EC05000FF405007AF80500210706004E
:104FE000540B0600BE130600CB1F06006A22060003
:104FF0001F2E0600F5360600803A0600C241060064
:10500000B74D06005D550600285906008964060064
:10501000FC68060016700600637C06009286060097
:10502000E78A06000D920600789E0600D9A30600C6
:10503000ACAF060046B7060033BB060071C00600E1
:1050400004CC0600EED406009BD806003AE5060024
:105050004FE90600A5F10600D0FD06004704070051
:1050600032080700D8100700AD1C07000C2107000C
:10507000792D070093350700E6390700A4420700A1
:10508000D14E07003B5607004E5A0700EF67070056
:105090009A6B070070730700057F0700F48507000F
:1050A000818907006B9107001E9D0700BFA00700C4
:1050B000CAAC070020B4070055B8070017C30700A3
:1050C00062CF070088D70700FDDB07005CE607001A
:1050D00029EA0700C3F20700B6FE0700DA0308005A
:1050E000AF0F080045170800301B08009126080084
:1050F000E42A08000E3208007B3E0800394508000B
:105100004C490800A6510800D35D080072600800F1
:10511000076C0800ED7408009878080069820800A0
:105120001C8E0800F6960800839A080022A7080043
:1051300057AB0800BDB30800C8BF08008AC4080008
:10514000FFC8080015D0080060DC0800C1E10800B5
:10515000B4ED08005EF508002BF90800BC0009005A
:10516000C90C09002314090056180900F725090085
:1051700082290900683109001D3D09005F460900C8
:105180002A4A0900C0520900B55E090014630900EB
:10519000616F09008B770900FE7B09000F81090010
:1051A0007A8D090090950900E599090044A4090049
:1051B00031A80900DBB00900AEBC0900ECC709004A
:1051C00099CB090073D3090006DF0900A7E20900A3
:1051D000D2EE090038F609004DFA090016050A005A
:1051E00063090A0089110A00FC1D0A005D200A00FB
:1051F000282C0A00C2340A00B7380A00F5430A0016
:10520000804F0A006A570A001F5B0A00BE660A0048
:10521000CB6A0A0021720A00547E0A00A5840A00A3
:10522000D0880A003A900A004F9C0A00EEA10A00BA
:105230009BAD0A0071B50A0004B90A0046C20A0013
:1052400033CE0A00D9D60A00ACDA0A000DE70A000C
:1052500078EB0A0092F30A00E7FF0A0070060B00E1
:10526000050A0B00EF120B009A1E0B003B230B00EC
:105270004E2F0B00A4370B00D13B0B0093400B00CB
:10528000E64C0B000C540B0079580B00D8650B0052
:10529000AD690B0047710B00327D0B00C3870B001B
:1052A000B68B0B005C930B00299F0B0088A20B00B0
:1052B000FDAE0B0017B60B0062BA0B0020C10B004D
:1052C00055CD0B00BFD50B00CAD90B006BE40B000A
:1052D0001EE80B00F4F00B0081FC0B0037020C0001
:1052E000420E0C00A8160C00DD1A0C007C270C00E6
:1052F000092B0C00E3330C00963F0C00D4440C0047
:10530000A1480C004B500C003E5C0C009F610C004F
:10531000EA6D0C0000750C0075790C0084830C009C
:10532000F18F0C001B970C006E9B0C00CFA60C009D
:10533000BAAA0C0050B20C0025BE0C0067C50C00C8
:1053400012C90C00F8D10C008DDD0C002CE00C0013
:1053500059EC0C00B3F40C00C6F80C0051010D0020
:10536000240D0D00CE150D00BB190D001A240D00E3
:105370006F280D0085300D00F03C0D00B2470D0088
:10538000C74B0D002D530D00585F0D00F9620D0045
:105390008C6E0D0066760D00137A0D00E2800D0014
:1053A000978C0D007D940D0008980D00A9A50D00A7
:1053B000DCA90D0036B10D0043BD0D0001C60D0086
:1053C00074CA0D009ED20D00EBDE0D004AE30D0005
:1053D0003FEF0D00D5F70D00A0FB0D00FB040E0004
:1053E0008E080E0064100E00111C0E00B0210E007D
:1053F000C52D0E002F350E005A390E0018420E0032
:105400006D4E0E0087560E00F25A0E0053670E00C6
:10541000266B0E00CC730E00B97F0E0048850E007F
:105420003D890E00D7910E00A29D0E0003A00E0034
:1054300076AC0E009CB40E00E9B80E00ABC30E00B3
:10544000DECF0E0034D70E0041DB0E00E0E60E008A
:1054500095EA0E007FF20E000AFE0E009D070F0077
:10546000E80B0F0002130F00771F0F00D6220F006A
:10547000A32E0F0049360F003C3A0F007E410F006B
:105480000B4D0F00E1550F0094590F0035640F00CC
:1054900040680F00AA700F00DF7C0F002E860F00FF
:1054A0005B8A0F00B1920F00C49E0F0065A30F002E
:1054B00010AF0F00FAB70F008FBB0F00CDC00F0069
:1054C000B8CC0F0052D40F0027D80F0086E50F008C
:1054D000F3E90F0019F10F006CFD0F00B407100085
:1054E000C10B10002B1310005E1F1000FF221000D4
:1054F0008A2E100060361000153A10005741100037
:10550000224D1000C8551000BD5910001C64100039
:105510006968100083701000F67C10000786100088
:10552000728A100098921000ED9E10004CA310009B
:1055300039AF1000D3B71000A6BB1000E4C01000B4
:1055400091CC10007BD410000ED81000AFE51000F5
:10555000DAE9100030F1100045FD1000D20411000E
:10556000A70811004D101100381C110099211100DD
:10557000EC2D110006351100733911003142110074
:10558000444E1100AE561100DB5A11007A6711002B
:105590000F6B1100E5731100907F11006185110000
:1055A00014891100FE9111008B9D11002AA0110099
:1055B0005FAC1100B5B41100C0B8110082C3110076
:1055C000F7CF11001DD7110068DB1100C9E61100EB
:1055D000BCEA110056F2110023FE110078011200FE
:1055E0000D0D1200E715120092191200332412005B
:1055F00046281200AC301200D93C12009B47120022
:10560000EE4B120004531200715F1200D0621200C0
:10561000A56E12004F7612003A7A1200CB8012006B
:10562000BE8C1200549412002198120080A5120022
:10563000F5A912001FB112006ABD120028C612009F
:105640005DCA1200B7D21200C2DE120063E312007C
:1056500016EF1200FCF7120089FB12001E02130065
:105660006B0E130081161300F41A13005527130054
:10567000202B1300CA331300BF3F1300FD44130057
:105680008848130062501300175C1300B6611300C2
:10569000C36D1300297513005C791300AD831300EB
:1056A000D88F130032971300479B1300E6A6130010
:1056B00093AA130079B213000CBE13004EC5130059
:1056C0003BC91300D1D11300A4DD130005E0130082
:1056D00070EC13009AF41300EFF81300590614004D
:1056E0002C0A1400C6121400B31E14001223140056
:1056F000672F14008D371400F83B1400BA401400D3
:10570000CF4C14002554140050581400F1651400B7
:10571000846914006E7114001B7D1400EA87140064
:105720009F8B140075931400009F1400A1A2140015
:10573000D4AE14003EB614004BBA140009C11400D4
:105740007CCD140096D51400E3D9140042E4140073
:1057500037E81400DDF01400A8FC14003F05150024
:105760004A091500A0111500D51D1500742015005B
:10577000012C1500EB3415009E381500DC43150094
:10578000A94F150043571500365B150097661500A5
:10579000E26A1500087215007D7E15008C841500E4
:1057A000F988150013901500669C1500C7A1150017
:1057B000B2AD150058B515002DB915006FC2150012
:1057C0001ACE1500F0D6150085DA150024E715006D
:1057D00051EB1500BBF31500CEFF15009500160028
:1057E000E00C16000A1416007F181600DE251600BD
:1057F000AB29160041311600343D160076461600DE
:10580000034A1600E95216009C5E16003D6316001E
:10581000486F1600A2771600D77B16002681160067
:10582000538D1600B9951600CC9916006DA416007C
:1058300018A81600F2B0160087BC1600C5C71600DF
:10584000B0CB16005AD316002FDF16008EE21600DA
:10585000FBEE160011F6160064FA1600F3031700AB
:10586000860F17006C171700191B1700B8261700B2
:10587000CD2A170027321700523E17001045170097
:10588000654917008F511700FA5D17005B6017001C
:105890002E6C1700C4741700B178170040821700EF
:1058A000358E1700DF961700AA9A17000BA717006E
:1058B0007EAB170094B31700E1BF1700A3C4170015
:1058C000D6C817003CD0170049DC1700E8E11700E4
:1058D0009DED170077F5170002F917006E04180008
:1058E0001B081800F1101800841C1800252118004E
:1058F000502D1800BA351800CF3918008D42180005
:10590000F84E180012561800675A1800C66718009B
:10591000B36B1800597318002C7F1800DD85180030
:10592000A889180042911800379D180096A0180009
:10593000E3AC180009B418007CB818003EC3180086
:105940004BCF1800A1D71800D4DB180075E618005B
:1059500000EA1800EAF218009FFE18000807190074
:105960007D0B190097131900E21F1900432219003B
:10597000362E1900DC361900A93A1900EB4119003E
:105980009E4D19007455190001591900A0641900A1
:10599000D56819003F7019004A7C1900BB861900B0
:1059A000CE8A190024921900519E1900F0A3190003
:1059B00085AF19006FB719001ABB190058C019003C
:1059C0002DCC1900C7D41900B2D8190013E519005D
:1059D00066E919008CF11900F9FD1900A2021A00FC
:1059E000D70E1A003D161A00481A1A00E9271A00A5
:1059F0009C2B1A0076331A00033F1A0041441A0008
:105A000034481A00DE501A00AB5C1A000A611A0012
:105A10007F6D1A0095751A00E0791A0011831A003B
:105A2000648F1A008E971A00FB9B1A005AA61A0060
:105A30002FAA1A00C5B21A00B0BE1A00F2C51A0089
:105A400087C91A006DD11A0018DD1A00B9E01A00D2
:105A5000CCEC1A0026F41A0053F81A00C4011B00FB
:105A6000B10D1B005B151B002E191B008F241B00A2
:105A7000FA281B0010301B00653C1B0027471B0049
:105A8000524B1B00B8531B00CD5F1B006C621B0008
:105A9000196E1B00F3761B00867A1B0077801B00B3
:105AA000028C1B00E8941B009D981B003CA51B006A
:105AB00049A91B00A3B11B00D6BD1B0094C61B0047
:105AC000E1CA1B000BD21B007EDE1B00DFE31B00C4
:105AD000AAEF1B0040F71B0035FB1B0083051C00D1
:105AE000F6091C001C111C00691D1C00C8201C00AC
:105AF000BD2C1C0057341C0022381C0060431C00C5
:105B0000154F1C00FF571C008A5B1C002B661C00F5
:105B10005E6A1C00B4721C00C17E1C0030841C0034
:105B200045881C00AF901C00DA9C1C007BA11C0067
:105B30000EAD1C00E4B51C0091B91C00D3C21C00C2
:105B4000A6CE1C004CD61C0039DA1C0098E71C00BD
:105B5000EDEB1C0007F31C0072FF1C00E5061D00A6
:105B6000900A1D007A121D000F1E1D00AE231D009D
:105B7000DB2F1D0031371D00443B1D0006401D007A
:105B8000734C1D0099541D00EC581D004D651D00FF
:105B900038691D00D2711D00A77D1D0056871D00AC
:105BA000238B1D00C9931D00BC9F1D001DA21D005D
:105BB00068AE1D0082B61D00F7BA1D00B5C11D00FC
:105BC000C0CD1D002AD51D005FD91D00FEE41D00BB
:105BD0008BE81D0061F01D0014FC1D004F031E002A
:105BE0003A0F1E00D0171E00A51B1E0004261E0023
:105BF000712A1E009B321E00EE3E1E00AC451E00A8
:105C0000D9491E0033511E00465D1E00E7601E008C
:105C1000926C1E0078741E000D781E00FC821E001F
:105C2000898E1E0063961E00169A1E00B7A71E00DE
:105C3000C2AB1E0028B31E005DBF1E001FC41E00A5
:105C40006AC81E0080D01E00F5DC1E0054E11E0054
:105C500021ED1E00CBF51E00BEF91E0029001F001D
:105C60005C0C1F00B6141F00C3181F0062251F0024
:105C700017291F00FD311F00883D1F00CA461F0065
:105C8000BF4A1F0055521F00205E1F0081631F0086
:105C9000F46F1F001E771F006B7B1F009A811F008F
:105CA000EF8D1F0005951F0070991F00D1A41F00E4
:105CB000A4A81F004EB01F003BBC1F0079C71F00E7
:105CC0000CCB1F00E6D31F0093DF1F0032E21F0042
:105CD00047EE1F00ADF61F00D8FA1F001D0320007D
:105CE000680F200082172000F71B20005626200096
:105CF000232A2000C9322000BC3E2000FE4520009F
:105D00008B49200061512000145D2000B560200007
:105D1000C06C20002A7420005F782000AE82200032
:105D2000DB8E200031962000449A2000E5A7200059
:105D300090AB20007AB320000FBF20004DC420009C
:105D400038C82000D2D02000A7DC200006E12000C7
:105D500073ED200099F52000ECF920007B00210074
:105D60000E0C2100E414210091182100302521009F
:105D700045292100AF312100DA3D2100984621005C
:105D8000ED4A210007522100725E2100D3632100F9
:105D9000A66F21004C772100397B2100C8812100AA
:105DA000BD8D2100579521002299210083A4210057
:105DB000F6A821001CB0210069BC21002BC72100DE
:105DC0005ECB2100B4D32100C1DF210060E22100BD
:105DD00015EE2100FFF621008AFA2100D1052200EC
:105DE000A40922004E1122003B1D22009A2022000D
:105DF000EF2C2200053422007038220032432200AA
:105E0000474F2200AD572200D85B2200796622005E
:105E10000C6A2200E6722200937E22006284220035
:105E200017882200FD902200889C220029A12200D0
:105E30005CAD2200B6B52200C3B9220081C22200A7
:105E4000F4CE22001ED622006BDA2200CAE722001E
:105E5000BFEB220055F3220020FF2200B7062300EB
:105E6000C20A2300281223005D1E2300FC23230006
:105E7000892F230063372300163B2300544023005F
:105E8000214C2300CB542300BE5823001F65230060
:105E90006A69230080712300F57D230004872300B5
:105EA000718B23009B932300EE9F23004FA22300BE
:105EB0003AAE2300D0B62300A5BA2300E7C12300E1
:105EC00092CD230078D523000DD92300ACE4230024
:105ED000D9E8230033F0230046FC2300F00224001D
:105EE000850E24006F1624001A1A2400BB272400F4
:105EF000CE2B240024332400513F240013442400DB
:105F0000664824008C502400F95C24005861240069
:105F10002D6D2400C7752400B2792400438324002A
:105F2000368F2400DC972400A99B240008A62400B7
:105F30007DAA240097B22400E2BE2400A0C524005C
:105F4000D5C924003FD124004ADD2400EBE0240021
:105F50009EEC240074F4240001F82400960125002E
:105F6000E30D2500091525007C192500DD242500F9
:105F7000A828250042302500373C2500754725001C
:105F8000004B2500EA5325009F5F25003E62250057
:105F90004B6E2500A1762500D47A250025802500AA
:105FA000508C2500BA942500CF9825006EA52500B9
:105FB0001BA92500F1B1250084BD2500C6C625001A
:105FC000B3CA250059D225002CDE25008DE325001B
:105FD000F8EF250012F7250067FB25003C0426009A
:105FE00049082600A3102600D61C2600772126008B
:105FF000022D2600E83526009D392600DF422600C6
:10600000AA4E260040562600355A260094672600E0
:10601000E16B26000B7326007E7F26008F8526000D
:10602000FA89260010912600659D2600C4A026004E
:10603000B1AC26005BB426002EB826006CC3260047
:1060400019CF2600F3D7260086DB260027E6260098
:1060500052EA2600B8F22600CDFE26005A07270095
:106060002F0B2700C5132700B01F27001122270080
:10607000642E27008E362700FB3A2700B9412700FF
:10608000CC4D27002655270053592700F2642700DE
:10609000876827006D702700187C2700E986270095
:1060A0009C8A270076922700039E2700A2A3270040
:1060B000D7AF27003DB7270048BB27000AC02700FD
:1060C0007FCC270095D42700E0D8270041E52700A2
:1060D00034E92700DEF12700ABFD2700C7002800C8
:1060E000B20C2800581428002D1828008C252800F0
:1060F000F929280013312800663D2800244628008D
:10610000514A2800BB522800CE5E28006F63280049
:106110001A6F2800F0772800857B280074812800FA
:10612000018D2800EB9528009E9928003FA42800A7
:106130004AA82800A0B02800D5BC280097C728008E
:10614000E2CB280008D328007DDF2800DCE228000D
:10615000A9EE280043F6280036FA2800A1032900FA
:10616000D40F29003E1729004B1B2900EA262900DD
:106170009F2A290075322900003E29004245290046
:1061800037492900DD512900A85D2900096029004F
:106190007C6C290096742900E3782900128229007A
:1061A000678E29008D962900F89A290059A72900A1
:1061B0002CAB2900C6B32900B3BF2900F1C42900C4
:1061C00084C829006ED029001BDC2900BAE129000F
:1061D000CFED290025F5290050F929000B062A00EA
:1061E0007E0A2A0094122A00E11E2A0040232A0077
:1061F000352F2A00DF372A00AA3B2A00E8402A0070
:106200009D4C2A0077542A0002582A00A3652A00D0
:10621000D6692A003C712A00497D2A00B8872A00E5
:10622000CD8B2A0027932A00529F2A00F3A22A002E
:1062300086AE2A006CB62A0019BA2A005BC12A0071
:106240002ECD2A00C4D52A00B1D92A0010E42A0094
:1062500065E82A008FF02A00FAFC2A006D052B0061
:1062600018092B00F2112B00871D2B0026202B0074
:10627000532C2B00B9342B00CC382B008E432B0031
:10628000FB4F2B0011572B00645B2B00C5662B00C6
:10629000B06A2B005A722B002F7E2B00DE842B005D
:1062A000AB882B0041902B00349C2B0095A12B0038
:1062B000E0AD2B000AB52B007FB92B003DC22B00AF
:1062C00048CE2B00A2D62B00D7DA2B0076E72B0086
:1062D00003EB2B00E9F32B009CFF2B002A012C0081
:1062E0005F0D2C00B5152C00C0192C0061242C006A
:1062F00014282C00FE302C008B3C2C00C9472C00AD
:10630000BC4B2C0056532C00235F2C0082622C00C7
:10631000F76E2C001D762C00687A2C0099802C00DA
:10632000EC8C2C0006942C0073982C00D2A52C0029
:10633000A7A92C004DB12C0038BD2C007AC62C002A
:106340000FCA2C00E5D22C0090DE2C0031E32C008B
:1063500044EF2C00AEF72C00DBFB2C004C022D0090
:10636000390E2D00D3162D00A61A2D0007272D005B
:10637000722B2D0098332D00ED3F2D00AF442D00E2
:10638000DA482D0030502D00455C2D00E4612D00D1
:10639000916D2D007B752D000E792D00FF832D0052
:1063A0008A8F2D0060972D00159B2D00B4A62D001F
:1063B000C1AA2D002BB22D005EBE2D001CC52D00E4
:1063C00069C92D0083D12D00F6DD2D0057E02D0089
:1063D00022EC2D00C8F42D00BDF82D00E6072E009C
:1063E000930B2E0079132E000C1F2E00AD222E00D1
:1063F000D82E2E0032362E00473A2E0005412E00B0
:10640000704D2E009A552E00EF592E004E642E002E
:106410003B682E00D1702E00A47C2E0055862E00E5
:10642000208A2E00CA922E00BF9E2E001EA32E0090
:106430006BAF2E0081B72E00F4BB2E00B6C02E002D
:10644000C3CC2E0029D42E005CD82E00FDE52E00F2
:1064500088E92E0062F12E0017FD2E0080042F0027
:10646000F5082F001F102F006A1C2F00CB212F00D2
:10647000BE2D2F0054352F0021392F0063422F00ED
:10648000164E2F00FC562F00895A2F0028672F0028
:106490005D6B2F00B7732F00C27F2F0033852F0055
:1064A00046892F00AC912F00D99D2F0078A02F0096
:1064B0000DAC2F00E7B42F0092B82F00D0C32F00EF
:1064C000A5CF2F004FD72F003ADB2F009BE62F00E0
:1064D000EEEA2F0004F22F0071FE2F00A904300015
:1064E000DC08300036103000431C3000E221300060
:1064F000972D30007D353000083930004A42300099
:106500003F4E3000D5563000A05A300001673000B1
:10651000746B30009E733000EB7F30001A853000C2
:106520006F89300085913000F09D300051A030001F
:1065300024AC3000CEB43000BBB83000F9C330001A
:106540008CCF300066D7300013DB3000B2E630006D
:10655000C7EA30002DF2300058FE3000CF0731007E
:10656000BA0B310050133100251F31008422310055
:10657000F12E31001B3631006E3A31002C413100D2
:10658000594D3100B3553100C659310067643100AF
:1065900012683100F87031008D7C31007C8631004A
:1065A000098A3100E3923100969E310037A3310011
:1065B00042AF3100A8B73100DDBB31009FC03100D0
:1065C000EACC310000D4310075D83100D4E5310077
:1065D000A1E931004BF131003EFD3100650232008E
:1065E000100E3200FA1632008F1A32002E273200B7
:1065F0005B2B3200B1333200C43F3200864432009C
:10660000F3483200195032006C5C3200CD61320028
:10661000B86D32005275320027793200D6833200CD
:10662000A38F3200499732003C9B32009DA6320076
:10663000E8AA320002B2320077BE320035C532001D
:1066400040C93200AAD13200DFDD32007EE03200E4
:106650000BEC3200E1F4320094F832000301330015
:10666000760D33009C153300E919330048243300BC
:106670003D283300D7303300A23C3300E0473300DD
:10668000954B33007F5333000A5F3300AB62330016
:10669000DE6E330034763300417A3300B08033004D
:1066A000C58C33002F9433005A983300FBA5330078
:1066B0008EA9330064B1330011BD330053C63300DB
:1066C00026CA3300CCD23300B9DE330018E33300DE
:1066D0006DEF330087F73300F2FB330044053400DD
:1066E00031093400DB113400AE1D34000F203400BA
:1066F0007A2C340090343400E5383400A743340059
:10670000D24F3400385734004D5B3400EC6634000F
:10671000996A340073723400067E3400F7843400C2
:1067200082883400689034001D9C3400BCA1340081
:10673000C9AD340023B5340056B9340014C2340056
:1067400061CE34008BD63400FEDA34005FE73400CB
:106750002AEB3400C0F33400B5FF340022063500C4
:10676000570A3500BD123500C81E350069233500B3
:106770001C2F3500F6373500833B3500C14035000E
:10678000B44C35005E5435002B5835008A65350011
:10679000FF69350015713500607D35009187350042
:1067A000E48B35000E9335007B9F3500DAA235006F
:1067B000AFAE350045B6350030BA350072C1350090
:1067C00007CD3500EDD5350098D9350039E43500D1
:1067D0004CE83500A6F03500D3FC350088033600C0
:1067E000FD0F360017173600621B3600C326360031
:1067F000B62A36005C323600293E36006B4536003C
:106800001E493600F4513600815D360020603600A6
:10681000556C3600BF743600CA7836003B823600AD
:106820004E8E3600A4963600D19A360070A73600F8
:1068300005AB3600EFB336009ABF3600D8C4360039
:10684000ADC8360047D0360032DC360093E1360062
:10685000E6ED36000CF5360079F93600EE0037002B
:106860009B0C37007114370004183700A52537003A
:10687000D02937003A3137004F3D37000D463700F9
:10688000784A370092523700E75E37004663370098
:10689000336F3700D9773700AC7B37005D81370025
:1068A000288D3700C2953700B799370016A43700F6
:1068B00063A8370089B03700FCBC3700BEC737007B
:1068C000CBCB370021D3370054DF3700F5E2370058
:1068D00080EE37006AF637001FFA3700730738007A
:1068E000060B3800EC133800991F380038223800A6
:1068F0004D2E3800A7363800D23A38009041380083
:10690000E54D38000F5538007A593800DB643800FF
:10691000AE68380044703800317C3800C0863800DA
:10692000B58A38005F9238002A9E38008BA3380061
:10693000FEAF380014B7380061BB380023C0380000
:1069400056CC3800BCD43800C9D8380068E53800C7
:106950001DE93800F7F1380082FD380015043900D0
:10696000600839008A103900FF1C39005E213900A7
:106970002B2D3900C1353900B4393900F6423900C0
:10698000834E3900695639001C5A3900BD673900F9
:10699000C86B390022733900577F3900A68539004A
:1069A000D3893900399139004C9D3900EDA0390067
:1069B00098AC390072B4390007B8390045C33900C2
:1069C00030CF3900DAD73900AFDB39000EE63900B5
:1069D0007BEA390091F23900E4FE3900BF013A0048
:1069E000CA0D3A0020153A0055193A00F4243A002D
:1069F00081283A006B303A001E3C3A005C473A006E
:106A0000294B3A00C3533A00B65F3A0017623A0086
:106A1000626E3A0088763A00FD7A3A000C803A00BD
:106A2000798C3A0093943A00E6983A0047A53A00E8
:106A300032A93A00D8B13A00ADBD3A00EFC63A00EB
:106A40009ACA3A0070D23A0005DE3A00A4E33A004E
:106A5000D1EF3A003BF73A004EFB3A00D9023B0037
:106A6000AC0E3B0046163B00331A3B0092273B001E
:106A7000E72B3B000D333B00783F3B003A443B00A3
:106A80004F483B00A5503B00D05C3B0071613B0090
:106A9000046D3B00EE753B009B793B006A833B0035
:106AA0001F8F3B00F5973B00809B3B0021A63B00DE
:106AB00054AA3B00BEB23B00CBBE3B0089C53B00A5
:106AC000FCC93B0016D13B0063DD3B00C2E03B004C
:106AD000B7EC3B005DF43B0028F83B009E063C0011
:106AE000EB0A3C0001123C00741E3C00D5233C0024
:106AF000A02F3C004A373C003F3B3C007D403C001F
:106B0000084C3C00E2543C0097583C0036653C0081
:106B100043693C00A9713C00DC7D3C002D873C00B2
:106B2000588B3C00B2933C00C79F3C0066A23C00DF
:106B300013AE3C00F9B63C008CBA3C00CEC13C0020
:106B4000BBCD3C0051D53C0024D93C0085E43C0041
:106B5000F0E83C001AF03C006FFC3C00F8053D00FA
:106B60008D093D0067113D00121D3D00B3203D0021
:106B7000C62C3D002C343D0059383D001B433D00E0
:106B80006E4F3D0084573D00F15B3D0050663D0077
:106B9000256A3D00CF723D00BA7E3D004B843D002A
:106BA0003E883D00D4903D00A19C3D0000A13D00E9
:106BB00075AD3D009FB53D00EAB93D00A8C23D005E
:106BC000DDCE3D0037D63D0042DA3D00E3E73D0033
:106BD00096EB3D007CF33D0009FF3D0052003E0076
:106BE000270C3E00CD143E00B8183E0019253E008B
:106BF0006C293E0086313E00F33D3E00B1463E002A
:106C0000C44A3E002E523E005B5E3E00FA633E00E8
:106C10008F6F3E0065773E00107B3E00E1813E00B5
:106C2000948D3E007E953E000B993E00AAA43E0046
:106C3000DFA83E0035B03E0040BC3E0002C73E002B
:106C400077CB3E009DD33E00E8DF3E0049E23E00A8
:106C50003CEE3E00D6F63E00A3FA3E0034033F0071
:106C6000410F3F00AB173F00DE1B3F007F263F0078
:106C70000A2A3F00E0323F00953E3F00D7453F00E3
:106C8000A2493F0048513F003D5D3F009C603F00EE
:106C9000E96C3F0003743F0076783F0087823F0035
:106CA000F28E3F0018963F006D9A3F00CCA73F0040
:106CB000B9AB3F0053B33F0026BF3F0064C43F0061
:106CC00011C83F00FBD03F008EDC3F002FE13F00AA
:106CD0005AED3F00B0F53F00C5F93F003A064000CD
:106CE0004F0A4000A5124000D01E40007123400012
:106CF000042F4000EE3740009B3B4000D94040004D
:106D0000AC4C40004654400033584000926540006F
:106D1000E76940000D714000787D400089874000A0
:106D2000FC8B400016934000639F4000C2A24000CD
:106D3000B7AE40005DB6400028BA40006AC14000CE
:106D40001FCD4000F5D5400080D9400021E440002F
:106D500054E84000BEF04000CBFC40005C05410020
:106D600029094100C3114100B61D4100172041000F
:106D7000622C410088344100FD384100BF4341008E
:106D8000CA4F410020574100555B4100F466410065
:106D9000816A41006B7241001E7E4100EF84410018
:106DA0009A88410070904100059C4100A4A14100D7
:106DB000D1AD41003BB541004EB941000CC241008C
:106DC00079CE410093D64100E6DA410047E7410021
:106DD00032EB4100D8F34100ADFF4100F600420024
:106DE000830C4200691442001C184200BD25420079
:106DF000C829420022314200573D42001546420058
:106E0000604A42008A524200FF5E42005E634200D6
:106E10002B6F4200C1774200B47B420045814200A3
:106E2000308D4200DA954200AF9942000EA4420034
:106E30007BA8420091B04200E4BC4200A6C74200D9
:106E4000D3CB420039D342004CDF4200EDE2420096
:106E500098EE420072F6420007FA420090034300A7
:106E6000E50F43000F1743007A1B4300DB26430066
:106E7000AE2A430044324300313E43007345430091
:106E800006494300EC514300995D430038604300DC
:106E90004D6C4300A7744300D27843002382430023
:106EA000568E4300BC964300C99A430068A743002E
:106EB0001DAB4300F7B3430082BF4300C0C443008F
:106EC000B5C843005FD043002ADC43008BE1430098
:106ED000FEED430014F5430061F94300D707440079
:106EE000A20B4400481344003D1F44009C22440070
:106EF000E92E440003364400763A4400344144000D
:106F0000414D4400AB554400DE5944007F644400C9
:106F10000A684400E0704400957C440064864400A4
:106F2000118A4400FB9244008E9E44002FA344002B
:106F30005AAF4400B0B74400C5BB440087C044000A
:106F4000F2CC440018D444006DD84400CCE5440091
:106F5000B9E9440053F1440026FD4400B104450062
:106F6000C40845002E1045005B1C4500FA21450071
:106F70008F2D4500653545001039450052424500CA
:106F8000274E4500CD564500B85A450019674500C3
:106F90006C6B450086734500F37F45000285450014
:106FA000778945009D914500E89D450049A0450031
:106FB0003CAC4500D6B44500A3B84500E1C345004C
:106FC00094CF45007ED745000BDB4500AAE645007F
:106FD000DFEA450035F2450040FE45001B01460052
:106FE0006E0D460084154600F119460050244600F7
:106FF00025284600CF304600BA3C4600F8474600F8
:107000008D4B460067534600125F4600B362460050
:10701000C66E46002C764600597A4600A880460087
:10702000DD8C46003794460042984600E3A54600B2
:1070300096A946007CB1460009BD46004BC64600F5
:107040003ECA4600D4D24600A1DE460000E3460018
:1070500075EF46009FF74600EAFB46007D024700B9
:10706000080E4700E2164700971A470036274700E8
:10707000432B4700A9334700DC3F47009E444700AD
:10708000EB48470001504700745C4700D56147005A
:10709000A06D47004A7547003F794700CE834700FF
:1070A000BB8F470051974700249B470085A64700A8
:1070B000F0AA47001AB247006FBE47002DC547002F
:1070C00058C94700B2D14700C7DD470066E0470016
:1070D00013EC4700F9F447008CF84700E00548003E
:1070E000950948007F1148000A1D4800AB20480060
:1070F000DE2C48003434480041384800034348003F
:10710000764F48009C574800E95B480048664800B5
:107110003D6A4800D7724800A27E48005384480068
:1071200026884800CC904800B99C480018A1480027
:107130006DAD480087B54800F2B94800B0C24800BC
:10714000C5CE48002FD648005ADA4800FBE7480071
:107150008EEB480064F3480011FF480086064900A2
:10716000F30A4900191249006C1E4900CD23490059
:10717000B82F490052374900273B49006540490074
:10718000104C4900FA5449008F5849002E654900B7
:107190005B694900B1714900C47D490035874900E8
:1071A000408B4900AA934900DF9F49007EA2490015
:1071B0000BAE4900E1B6490094BA4900D6C1490076
:1071C000A3CD490049D549003CD949009DE4490077
:1071D000E8E8490002F0490077FC49002C034A0026
:1071E000590F4A00B3174A00C61B4A0067264A00D7
:1071F000122A4A00F8324A008D3E4A00CF454A0022
:10720000BA494A0050514A00255D4A0084604A004C
:10721000F16C4A001B744A006E784A009F824A0053
:10722000EA8E4A0000964A00759A4A00D4A74A009E
:10723000A1AB4A004BB34A003EBF4A007CC44A009F
:1072400009C84A00E3D04A0096DC4A0037E14A0008
:1072500042ED4A00A8F54A00DDF94A004A004B0019
:107260003F0C4B00D5144B00A0184B0001254B00E0
:1072700074294B009E314B00EB3D4B00A9464B005F
:10728000DC4A4B0036524B00435E4B00E2634B003E
:10729000976F4B007D774B00087B4B00F9814B00CB
:1072A0008C8D4B0066954B0013994B00B2A44B009C
:1072B000C7A84B002DB04B0058BC4B001AC74B0061
:1072C0006FCB4B0085D34B00F0DF4B0051E24B00FE
:1072D00024EE4B00CEF64B00BBFA4B000D044C00E5
:1072E00078084C0092104C00E71C4C0046214C00E2
:1072F000332D4C00D9354C00AC394C00EE424C00DB
:107300009B4E4C0071564C00045A4C00A5674C0033
:10731000D06B4C003A734C004F7F4C00BE854C0044
:10732000CB894C0021914C00549D4C00F5A04C00A1
:1073300080AC4C006AB44C001FB84C005DC34C00DC
:1073400028CF4C00C2D74C00B7DB4C0016E64C00EF
:1073500063EA4C0089F24C00FCFE4C006B074D00C8
:107360001E0B4D00F4134D00811F4D0020224D00D7
:10737000552E4D00BF364D00CA3A4D0088414D0094
:10738000FD4D4D0017554D0062594D00C3644D0031
:10739000B6684D005C704D00297C4D00D8864D00CC
:1073A000AD8A4D0047924D00329E4D0093A34D0093
:1073B000E6AF4D000CB74D0079BB4D003BC04D0012
:1073C0004ECC4D00A4D44D00D1D84D0070E54D00F9
:1073D00005E94D00EFF14D009AFD4D00C1024E0050
:1073E000B40E4E005E164E002B1A4E008A274E0039
:1073F000FF2B4E0015334E00603F4E0022444E00DE
:1074000057484E00BD504E00C85C4E0069614E00AA
:107410001C6D4E00F6754E0083794E0072834E004F
:10742000078F4E00ED974E00989B4E0039A64E00F8
:107430004CAA4E00A6B24E00D3BE4E0091C54E00DF
:10744000E4C94E000ED14E007BDD4E00DAE04E0066
:10745000AFEC4E0045F44E0030F84E00A7014F004F
:10746000D20D4F0038154F004D194F00EC244F003E
:1074700099284F0073304F00063C4F0044474F009F
:10748000314B4F00DB534F00AE5F4F000F624F0098
:107490007A6E4F0090764F00E57A4F0014804F00CF
:1074A000618C4F008B944F00FE984F005FA54F00FA
:1074B0002AA94F00C0B14F00B5BD4F00F7C64F001D
:1074C00082CA4F0068D24F001DDE4F00BCE34F0060
:1074D000C9EF4F0023F74F0056FB4F008E015000BD
:1074E000FB0D50001115500064195000C5245000C8
:1074F000B02850005A3050002F3C50006D475000CB
:10750000184B5000F2535000875F50002662500025
:10751000536E5000B9765000CC7A50003D80500038
:10752000488C5000A2945000D798500076A5500087
:1075300003A95000E9B150009CBD5000DEC65000C8
:10754000ABCA500041D2500034DE500095E35000E9
:10755000E0EF50000AF750007FFB5000E8025100B6
:107560009D0E510077165100021A5100A3275100B9
:10757000D62B51003C335100493F51000B44510080
:107580007E48510094505100E15C5100406151002F
:10759000356D5100DF755100AA7951005B835100B0
:1075A0002E8F5100C4975100B19B510010A651007D
:1075B00065AA51008FB25100FABE5100B8C5510002
:1075C000CDC9510027D1510052DD5100F3E05100E7
:1075D00086EC51006CF4510019F85100420752003A
:1075E000370B5200DD135200A81F5200092252002F
:1075F0007C2E520096365200E33A5200A1415200CE
:10760000D44D52003E5552004B595200EA6452008C
:107610009F68520075705200007C5200F186520043
:10762000848A52006E9252001B9E5200BAA35200EE
:10763000CFAF520025B7520050BB520012C05200CB
:1076400067CC52008DD45200F8D8520059E5520050
:107650002CE95200C6F15200B3FD5200240453003D
:1076600051085300BB105300CE1C53006F21530030
:107670001A2D5300F035530085395300C74253008B
:10768000B24E5300585653002D5A53008C67530086
:10769000F96B530013735300667F530097855300B3
:1076A000E2895300089153007D9D5300DCA05300F4
:1076B000A9AC530043B4530036B8530074C353000D
:1076C00001CF5300EBD753009EDB53003FE653003E
:1076D0004AEA5300A0F25300D5FE53006300540061
:1076E000160C5400FC14540089185400282554002A
:1076F0005D295400B7315400C23D54008046540007
:10770000F54A54001F5254006A5E5400CB63540083
:10771000BE6F540054775400217B5400D081540034
:10772000A58D54004F9554003A9954009BA45400E1
:10773000EEA8540004B0540071BC540033C7540088
:1077400046CB5400ACD35400D9DF540078E2540047
:107750000DEE5400E7F6540092FA5400050355006C
:10776000700F55009A175500EF1B55004E26550017
:107770003B2A5500D1325500A43E5500E645550040
:1077800093495500795155000C5D5500AD60550089
:10779000D86C55003274550047785500B6825500B4
:1077A000C38E5500299655005C9A5500FDA75500DB
:1077B00088AB550062B3550017BF550055C455003E
:1077C00020C85500CAD05500BFDC55001EE1550049
:1077D0006BED550081F55500F4F95500AF065600E4
:1077E000DA0A560030125600451E5600E4235600B1
:1077F000912F56007B3756000E3B56004C405600EA
:10780000394C5600D3545600A6585600076556000A
:107810007269560098715600ED7D56001C8756001F
:10782000698B560083935600F69F560057A2560068
:1078300022AE5600C8B65600BDBA5600FFC156006B
:107840008ACD560060D5560015D95600B4E45600CE
:10785000C1E856002BF056005EFC5600C9055700E3
:10786000BC09570056115700231D570082205700AE
:10787000F72C57001D345700683857002A4357002B
:107880005F4F5700B5575700C05B57006166570000
:10789000146A5700FE7257008B7E57007A84570097
:1078A0000F885700E5905700909C570031A1570072
:1078B00044AD5700AEB55700DBB9570099C2570029
:1078C000ECCE570006D6570073DA5700D2E75700C0
:1078D000A7EB57004DF3570038FF570054025800EC
:1078E000210E5800CB165800BE1A58001F2758000A
:1078F0006A2B580080335800F53F5800B7445800B1
:10790000C2485800285058005D5C5800FC6158007F
:10791000896D58006375580016795800E783580040
:10792000928F5800789758000D9B5800ACA65800CD
:10793000D9AA580033B2580046BE580004C55800B2
:1079400071C958009BD15800EEDD58004FE0580037
:107950003AEC5800D0F45800A5F85800320159000C
:10796000470D5900AD155900D8195900792459000F
:107970000C285900E6305900933C5900D147590072
:10798000A44B59004E5359003B5F59009A6259006D
:10799000EF6E590005765900707A590081805900C0
:1079A000F48C59001E9459006B985900CAA55900CF
:1079B000BFA9590055B1590020BD590062C65900F0
:1079C00017CA5900FDD2590088DE590029E3590031
:1079D0005CEF5900B6F75900C3FB590098045A00F0
:1079E000ED085A0007105A00721C5A00D3215A00A1
:1079F000A62D5A004C355A0039395A007B425A009C
:107A00000E4E5A00E4565A00915A5A0030675A00F6
:107A1000456B5A00AF735A00DA7F5A002B855A0023
:107A20005E895A00B4915A00C19D5A0060A05A0064
:107A300015AC5A00FFB45A008AB85A00C8C35A009D
:107A4000BDCF5A0057D75A0022DB5A0083E65A00AE
:107A5000F6EA5A001CF25A0069FE5A00FE075B0063
:107A60008B0B5B0061135B00141F5B00B5225B0096
:107A7000C02E5B002A365B005F3A5B001D415B0055
:107A8000684D5B0082555B00F7595B0056645B00F4
:107A900023685B00C9705B00BC7C5B004D865B00AB
:107AA000388A5B00D2925B00A79E5B0006A35B0056
:107AB00073AF5B0099B75B00ECBB5B00AEC05B00D3
:107AC000DBCC5B0031D45B0044D85B00E5E55B00B8
:107AD00090E95B007AF15B000FFD5B00B9035C008D
:107AE000CC0F5C0026175C00531B5C00F2265C0088
:107AF000872A5C006D325C00183E5C005A455C00D1
:107B00002F495C00C5515C00B05D5C0011605C00F9
:107B1000646C5C008E745C00FB785C000A825C0024
:107B20007F8E5C0095965C00E09A5C0041A75C004B
:107B300034AB5C00DEB35C00ABBF5C00E9C45C004E
:107B40009CC85C0076D05C0003DC5C00A2E15C00B9
:107B5000D7ED5C003DF55C0048F95C00DF005D009E
:107B6000AA0C5D0040145D0035185D0094255D0091
:107B7000E1295D000B315D007E3D5D003C465D000E
:107B8000494A5D00A3525D00D65E5D0077635D00EB
:107B9000026F5D00E8775D009D7B5D006C815D009C
:107BA000198D5D00F3955D0086995D0027A45D0049
:107BB00052A85D00B8B05D00CDBC5D008FC75D0010
:107BC000FACB5D0010D35D0065DF5D00C4E25D00AF
:107BD000B1EE5D005BF65D002EFA5D0075055E009E
:107BE00000095E00EA115E009F1D5E003E205E00FF
:107BF0004B2C5E00A1345E00D4385E0096435E00DC
:107C0000E34F5E0009575E007C5B5E00DD665E0050
:107C1000A86A5E0042725E00377E5E00C6845E0027
:107C2000B3885E0059905E002C9C5E008DA15E00C2
:107C3000F8AD5E0012B55E0067B95E0025C25E0059
:107C400050CE5E00BAD65E00CFDA5E006EE75E0010
:107C50001BEB5E00F1F35E0084FF5E0013065F0025
:107C6000660A5F008C125F00F91E5F0058235F00F8
:107C70002D2F5F00C7375F00B23B5F00F0405F0011
:107C8000854C5F006F545F001A585F00BB655F0052
:107C9000CE695F0024715F00517D5F00A0875F00A7
:107CA000D58B5F003F935F004A9F5F00EBA25F00B0
:107CB0009EAE5F0074B65F0001BA5F0043C15F0013
:107CC00036CD5F00DCD55F00A9D95F0008E45F0016
:107CD0007DE85F0097F05F00E2FC5F002705600031
:107CE00052096000B8116000CD1D60006C2060007A
:107CF000192C6000F334600086386000C4436000D3
:107D0000B14F60005B5760002E5B60008F666000C3
:107D1000FA6A600010726000657E60009484600002
:107D2000E18860000B9060007E9C6000DFA1600035
:107D3000AAAD600040B5600035B9600077C2600050
:107D400002CE6000E8D660009DDA60003CE760008B
:107D500049EB6000A3F36000D6FF600041066100BC
:107D6000340A6100DE126100AB1E61000A2361006B
:107D70007F2F610095376100E03B6100A240610008
:107D8000D74C61003D54610048586100E9656100CD
:107D90009C69610076716100037D6100F28761007A
:107DA000878B61006D936100189F6100B9A261002B
:107DB000CCAE610026B6610053BA610011C161000A
:107DC00064CD61008ED56100FBD961005AE4610089
:107DD0002FE86100C5F06100B0FC6100EB036200B8
:107DE0009E0F620074176200011B6200A0266200F1
:107DF000D52A62003F3262004A3E620008456200B6
:107E00007D49620097516200E25D6200436062005A
:107E1000366C6200DC746200A978620058826200ED
:107E20002D8E6200C7966200B29A620013A76200AC
:107E300066AB62008CB36200F9BF6200BBC4620033
:107E4000CEC8620024D0620051DC6200F0E1620022
:107E500085ED62006FF562001AF962008D00630023
:107E6000F80C63001214630067186300C6256300F2
:107E7000B3296300593163002C3D63006E466300F3
:107E80001B4A6300F1526300845E63002563630054
:107E9000506F6300BA776300CF7B63003E8163005D
:107EA0004B8D6300A1956300D499630075A46300B2
:107EB00000A86300EAB063009FBC6300DDC76300F5
:107EC000A8CB630042D3630037DF630096E2630010
:107ED000E3EE630009F663007CFA6300CA04640001
:107EE000BF08640055106400201C640081216400F8
:107EF000F42D64001E3564006B396400294264006F
:107F00005C4E6400B6566400C35A64006267640045
:107F1000176B6400FD736400887F640079856400DA
:107F20000C896400E6916400939D640032A06400B3
:107F300047AC6400ADB46400D8B864009AC3640070
:107F4000EFCF640005D7640070DB6400D1E6640005
:107F5000A4EA64004EF264003BFE6400AC076500D6
:107F6000D90B650033136500461F6500E7226500E5
:107F7000922E6500783665000D3A65004F41650028
:107F80003A4D6500D0556500A5596500046465004B
:107F9000716865009B706500EE7C65001F8665005A
:107FA0006A8A650080926500F59E650054A36500AD
:107FB00021AF6500CBB76500BEBB6500FCC06500A6
:107FC00089CC650063D4650016D86500B7E5650007
:107FD000C2E9650028F165005DFD650006026600E6
:107FE000730E660099166600EC1A66004D2766004F
:107FF000382B6600D2336600A73F6600E544660072
:10800000904866007A5066000F5C6600AE616600BC
:10801000DB6D66003175660044796600B5836600E5
:10802000C08F66002A9766005F9B6600FEA666000A
:108030008BAA660061B2660014BE660056C5660073
:1080400023C96600C9D16600BCDD66001DE066007C
:1080500068EC660082F46600F7F86600600167006D
:10806000150D6700FF1567008A1967002B2467004C
:108070005E286700B4306700C13C67008347670033
:10808000F64B67001C536700695F6700C8626700B2
:10809000BD6E670057766700227A6700D38067005D
:1080A000A68C67004C9467003998670098A5670014
:1080B000EDA9670007B1670072BD670030C66700B1
:1080C00045CA6700AFD26700DADE67007BE367006E
:1080D0000EEF6700E4F7670091FB6700FD0668009C
:1080E000880A680062126800171E6800B6236800DC
:1080F000C32F6800293768005C3B68001E40680099
:108100006B4C680081546800F4586800556568003D
:1081100020696800CA716800BF7D68004E876800EA
:108120003B8B6800D1936800A49F680005A268009B
:1081300070AE68009AB66800EFBA6800ADC168001A
:10814000D8CD680032D5680047D96800E6E46800F9
:1081500093E8680079F068000CFC68009B056900F2
:10816000EE09690004116900711D6900D0206900E1
:10817000A52C69004F3469003A38690078436900DA
:108180000D4F6900E7576900925B6900336669002B
:10819000466A6900AC726900D97E6900288469006A
:1081A0005D886900B7906900C29C690063A169009D
:1081B00016AD6900FCB5690089B96900CBC26900D8
:1081C000BECE690054D6690021DA690080E76900F3
:1081D000F5EB69001FF369006AFF690031006A006E
:1081E000440C6A00AE146A00DB186A007A256A0043
:1081F0000F296A00E5316A00903D6A00D2466A00A4
:10820000A74A6A004D526A00385E6A0099636A00A4
:10821000EC6F6A0006776A00737B6A0082816A00ED
:10822000F78D6A001D956A0068996A00C9A46A0002
:10823000BCA86A0056B06A0023BC6A0061C76A0025
:1082400014CB6A00FED36A008BDF6A002AE26A0060
:108250005FEE6A00B5F66A00C0FA6A0057036B0069
:10826000220F6B00C8176B00BD1B6B001C266B0038
:10827000692A6B0083326B00F63E6B00B4456B00DD
:10828000C1496B002B516B005E5D6B00FF606B00A2
:108290008A6C6B0060746B0015786B00E4826B0075
:1082A000918E6B007B966B000E9A6B00AFA76B00F4
:1082B000DAAB6B0030B36B0045BF6B0007C46B00DB
:1082C00072C86B0098D06B00EDDC6B004CE16B006A
:1082D00039ED6B00D3F56B00A6F96B0010076C004D
:1082E000650B6C008F136C00FA1F6C005B226C0036
:1082F0002E2E6C00C4366C00B13A6C00F3416C0059
:10830000864D6C006C556C0019596C00B8646C009B
:10831000CD686C0027706C00527C6C00A3866C00EA
:10832000D68A6C003C926C00499E6C00E8A36C00FD
:108330009DAF6C0077B76C0002BB6C0040C06C0056
:1083400035CC6C00DFD46C00AAD86C000BE56C0057
:108350007EE96C0094F16C00E1FD6C0076046D0028
:1083600003086D00E9106D009C1C6D003D216D003F
:10837000482D6D00A2356D00D7396D0095426D0016
:10838000E04E6D000A566D007F5A6D00DE676D008D
:10839000AB6B6D0041736D00347F6D00C5856D0062
:1083A000B0896D005A916D002F9D6D008EA06D00FB
:1083B000FBAC6D0011B46D0064B86D0026C36D0098
:1083C00053CF6D00B9D76D00CCDB6D006DE66D004D
:1083D00018EA6D00F2F26D0087FE6D00DC016E00A0
:1083E000A90D6E0043156E0036196E0097246E00BD
:1083F000E2286E0008306E007D3C6E003F476E0044
:108400004A4B6E00A0536E00D55F6E0074626E0022
:10841000016E6E00EB766E009E7A6E006F806E00CD
:108420001A8C6E00F0946E0085986E0024A56E0084
:1084300051A96E00BBB16E00CEBD6E008CC66E0041
:10844000F9CA6E0013D26E0066DE6E00C7E36E00DE
:10845000B2EF6E0058F76E002DFB6E00BA026F008F
:10846000CF0E6F0025166F00501A6F00F1276F00B6
:10847000842B6F006E336F001B3F6F0059446F00F9
:108480002C486F00C6506F00B35C6F0012616F0024
:10849000676D6F008D756F00F8796F0009836F004D
:1084A0007C8F6F0096976F00E39B6F0042A66F0072
:1084B00037AA6F00DDB26F00A8BE6F00EAC56F007B
:1084C0009FC96F0075D16F0000DD6F00A1E06F00E4
:1084D000D4EC6F003EF46F004BF86F009302700015
:1084E000E60E70000C167000791A7000D827700024
:1084F000AD2B700047337000323F70007044700045
:1085000005487000EF5070009A5C70003B6170008D
:108510004E6D7000A4757000D179700020837000DA
:10852000558F7000BF977000CA9B70006BA67000DB
:108530001EAA7000F4B2700081BE7000C3C5700046
:10854000B6C970005CD1700029DD700088E0700051
:10855000FDEC700017F4700062F87000F501710016
:10856000800D71006A1571001F197100BE24710021
:10857000CB28710021307100543C71001647710006
:10858000634B710089537100FC5F71005D62710083
:10859000286E7100C2767100B77A71004680710052
:1085A000338C7100D9947100AC9871000DA57100E5
:1085B00078A9710092B17100E7BD7100A5C6710084
:1085C000D0CA71003AD271004FDE7100EEE3710043
:1085D0009BEF710071F7710004FB71005F04720082
:1085E0002A087200C0107200B51C720014217200BB
:1085F000612D72008B357200FE397200BC42720030
:10860000C94E720023567200565A7200F767720004
:10861000826B7200687372001D7F7200EC857200BD
:108620009989720073917200069D7200A7A0720072
:10863000D2AC720038B472004DB872000FC3720031
:108640007ACF720090D77200E5DB720044E67200C8
:1086500031EA7200DBF27200AEFE7200390773007D
:108660004C0B7300A6137300D31F730072227300A8
:10867000072E7300ED367300983A7300DA417300E9
:10868000AF4D73004555730030597300916473000A
:10869000E46873000E7073007B7C73008A8673003D
:1086A000FF8A730015927300609E7300C1A373006C
:1086B000B4AF73005EB773002BBB730069C0730067
:1086C0001CCC7300F6D4730083D8730022E57300CA
:1086D00057E97300BDF17300C8FD73007E03740099
:1086E0000B0F7400E1177400941B7400352674009E
:1086F000402A7400AA327400DF3E74009D45740065
:10870000E849740002517400775D7400D66074000B
:10871000A36C7400497474003C787400CD827400BA
:10872000B88E740052967400279A740086A774005D
:10873000F3AB740019B374006CBF74002EC47400E2
:108740005BC87400B1D07400C4DC740065E17400CF
:1087500010ED7400FAF574008FF9740018007500BC
:108760006D0C750087147500F2187500532575009F
:1087700026297500CC317500B93D7500FB467500A2
:108780008E4A750064527500115E7500B063750005
:10879000C56F75002F7775005A7B7500AB8175002A
:1087A000DE8D75003495750041997500E0A4750063
:1087B00095A875007FB075000ABC750048C77500A4
:1087C0003DCB7500D7D37500A2DF750003E27500BD
:1087D00076EE75009CF67500E9FA7500B205760034
:1087E000C70976002D117600581D7600F920760015
:1087F0008C2C760066347600133876005143760070
:10880000244F7600CE577600BB5B76001A66760062
:108810006F6A760085727600F07E760001847600BD
:10882000748876009E907600EB9C76004AA17600D4
:108830003FAD7600D5B57600A0B97600E2C27600ED
:1088400097CE76007DD6760008DA7600A9E7760026
:10885000DCEB760036F3760043FF7600D406770033
:10886000A10A77004B1277003E1E77009F23770006
:10887000EA2F770000377700753B770037407700A5
:10888000424C7700A8547700DD5877007C6577006C
:1088900009697700E3717700967D77006787770035
:1088A000128B7700F89377008D9F77002CA27700CA
:1088B00059AE7700B3B67700C6BA770084C17700A7
:1088C000F1CD77001BD577006ED97700CFE4770024
:1088D000BAE8770050F0770025FC7700490178006E
:1088E0003C0D7800D6157800A31978000224780092
:1088F000772878009D307800E83C7800AA47780017
:10890000DF4B780035537800405F7800E1627800F3
:10891000946E78007E7678000B7A7800FA80780082
:108920008F8C78006594780010987800B1A5780055
:10893000C4A978002EB178005BBD780019C6780014
:108940006CCA780086D27800F3DE780052E37800B3
:1089500027EF7800CDF77800B8FB78002F02790078
:108960005A0E7900B0167900C51A7900642779008B
:10897000112B7900FB3379008E3F7900CC447900CC
:10898000B948790053507900265C790087617900F5
:10899000F26D7900187579006D7979009C83790002
:1089A000E98F790003977900769B7900D7A6790043
:1089B000A2AA790048B279003DBE79007FC579004E
:1089C0000AC97900E0D1790095DD790034E07900B9
:1089D00041EC7900ABF47900DEF8790085077A0084
:1089E000F00B7A001A137A006F1F7A00CE227A00F9
:1089F000BB2E7A0051367A00243A7A0066417A001A
:108A0000134D7A00F9557A008C597A002D647A005A
:108A100058687A00B2707A00C77C7A0036867A008D
:108A2000438A7A00A9927A00DC9E7A007DA37A00BC
:108A300008AF7A00E2B77A0097BB7A00D5C07A0017
:108A4000A0CC7A004AD47A003FD87A009EE57A001A
:108A5000EBE97A0001F17A0074FD7A00E3047B000F
:108A600096087B007C107B00091C7B00A8217B0002
:108A7000DD2D7B0037357B0042397B0000427B00D7
:108A8000754E7B009F567B00EA5A7B004B677B004C
:108A90003E6B7B00D4737B00A17F7B0050857B0005
:108AA00025897B00CF917B00BA9D7B001BA07B00BA
:108AB0006EAC7B0084B47B00F1B87B00B3C37B0059
:108AC000C6CF7B002CD77B0059DB7B00F8E67B0010
:108AD0008DEA7B0067F27B0012FE7B00A4007C0025
:108AE000D10C7C003B147C004E187C00EF257C00F0
:108AF0009A297C0070317C00053D7C0047467C0053
:108B0000324A7C00D8527C00AD5E7C000C637C0055
:108B1000796F7C0093777C00E67B7C0017817C007A
:108B2000628D7C0088957C00FD997C005CA47C00B3
:108B300029A87C00C3B07C00B6BC7C00F4C77C00D4
:108B400081CB7C006BD37C001EDF7C00BFE27C000D
:108B5000CAEE7C0020F67C0055FA7C00C2037D0042
:108B6000B70F7D005D177D00281B7D0089267D00E5
:108B7000FC2A7D0016327D00633E7D0021457D008C
:108B800054497D00BE517D00CB5D7D006A607D0053
:108B90001F6C7D00F5747D0080787D0071827D0002
:108BA000048E7D00EE967D009B9A7D003AA77D00A5
:108BB0004FAB7D00A5B37D00D0BF7D0092C47D008A
:108BC000E7C87D000DD07D0078DC7D00D9E17D0017
:108BD000ACED7D0046F57D0033F97D0068067E0032
:108BE0001D0A7E00F7127E00821E7E0023237E0077
:108BF000562F7E00BC377E00C93B7E008B407E0036
:108C0000FE4C7E0014547E0061587E00C0657E00DC
:108C1000B5697E005F717E002A7D7E00DB877E0065
:108C2000AE8B7E0044937E00319F7E0090A27E003A
:108C3000E5AE7E000FB67E007ABA7E0038C17E00B7
:108C40004DCD7E00A7D57E00D2D97E0073E47E0094
:108C500006E87E00ECF07E0099FC7E000E057F00A9
:108C60007B097F0091117F00E41D7F0045207F007C
:108C7000302C7F00DA347F00AF387F00ED437F0077
:108C8000984F7F0072577F00075B7F00A6667F00CA
:108C9000D36A7F0039727F004C7E7F00BD847F00E5
:108CA000C8887F0022907F00579C7F00F6A17F003C
:108CB00083AD7F0069B57F001CB97F005EC27F0075
:108CC0002BCE7F00C1D67F00B4DA7F0015E77F008E
:108CD00060EB7F008AF37F00FFFF7F000000000051
:108CE000010000000200000003000000040000007A
:108CF000050000000600000007000000080000005A
:108D0000090000000A0000000B0000000C00000039
:108D10000D0000000E0000002040020010000000C6
:108D200011000000120000001300000014000000F9
:108D3000150000001600000000204100180000008F
:108D4000190000001A000000000818001C000000B4
:108D50000003200040800400801400002000000078
:108D60002100000022000000230000002400000079
:108D70002500000026000000084002002800000036
:108D8000290000002A000000044002002C0000001E
:108D900002400200014002000040020030000000DA
:108DA000310000003200000080810000340000002B
:108DB000400C00000010300000020C0038000000E1
:108DC000003004000006400040002100800009003F
:108DD0000080500000290000104002004000000008
:108DE0004100000042000000430000004400000079
:108DF00045000000460000008000280048000000F8
:108E0000490000004A000000002500004C0000005E
:108E10000010110010800400000A40005000000003
:108E20005100000052000000001202005400000037
:108E3000200C0000088004000041100058000000D1
:108E400080404000048004002000210002800400D3
:108E500000200A000080040001800400600000007F
:108E60006100000062000000000054006400000087
:108E7000100C00000003010000B0000068000000BA
:108E8000008208008018000010002100002060000F
:108E9000800104000004180040400200700000003F
:108EA000040C00000060080008002100010C000014
:108EB000000C000080004200020C000000011200C3
:108EC00002002100010021000000210000520000EA
:108ED000080C000020800400040021008000000035
:108EE0008100000082000000830000008400000078
:108EF0008500000086000000400028008800000077
:108F0000890000008A000000000205008C000000BB
:108F100000A80000000150001014000090000000A4
:108F200091000000920000002081000094000000E9
:108F300000001600004A000008140000980000001D
:108F400040404000002022000414000020000900DE
:108F5000021400000114000000140000A000000032
:108F6000A1000000A200000010810000A400000089
:108F7000001240000024040000081100A8000000B6
:108F800000043000401800000020480010000900D4
:108F9000400104000082200080400200B000000078
:108FA000028100000181000000810000080009002A
:108FB000006020004000420004810000040009001D
:108FC000000A0200004014000881000000000900AF
:108FD000010009000200090020140000C000000088
:108FE000C1000000C200000004002800C40000000E
:108FF000020028000100280000002800C80000002E
:1090000010404000201800000080120000060200FE
:10901000200104000060010008002800D0000000CA
:109020000840400000041100002804000031000046
:109030000082010020004200100028000140400092
:1090400000404000000308000240400000083000DB
:10905000044040008080040040140000E000000054
:1090600000200300081800000046000000C01000A7
:10907000080104001000420020002800021800002F
:1090800004010400001800000118000001010400A0
:109090000001040004180000020104000002240082
:1090A000001018000400420040810000020042004D
:1090B000800C0000000042000100420000A40000FB
:1090C00020404000101800008000210040000900EE
:1090D00010010400080042000022100000010000FE
:1090E0000101000002010000030100000401000072
:1090F000050100000601000000180400080100003E
:10910000090100000A010000402400000C010000D9
:1091100010022000800050000080090010010000B3
:109120001101000012010000A080000014010000E5
:109130000802200000040A0040401000180100004E
:10914000040220000050010000004600010220003F
:109150000002200020280000020220002001000060
:109160002101000022010000908000002401000085
:1091700000201800400201000004600028010000E7
:109180000008410000002C000012100000940000B4
:10919000C00004001028000000410200300100005F
:1091A0008280000081800000808000000040440038
:1091B0000010030008280000848000004000120016
:1091C00000440800042800008880000002280000F5
:1091D00020022000002800000128000040010000BB
:1091E0004101000042010000082400004401000089
:1091F00000804200200201001040100048010000E1
:10920000022400000124000000240000004808009F
:10921000A0000400001022000424000050010000FF
:1092200000000D00000860000440100080300000C5
:109230000240100001401000004010002000120009
:109240000098000080020800102400000004410083
:10925000400220000081040008401000600100006E
:10926000005020000402010000080A000202010070
:109270008800040000020100010201001000120039
:109280008400040000C0400020240000810004008D
:10929000800004000802010082000400080012009F
:1092A0000022400000140400C0800000008028005C
:1092B000000D00001002010020401000000012000C
:1092C000010012000200120000012100040012003F
:1092D00090000400402800000010480080010000B9
:1092E0008101000082010000308000008401000044
:1092F0000044010008005000002202008801000024
:1093000000100A0004005000004820000200500035
:1093100060000400000050000100500090010000B7
:1093200022800000218000002080000040300000EA
:10933000000848000000250024800000000C040004
:1093400000201100400208002880000000C0020038
:10935000800220001000500000150000A001000055
:109360001280000011800000108000000008220020
:109370004800040000500800148000000062000053
:1093800044000400000403001880000041000400B1
:109390004000040020005000420004000380000050
:1093A0000280000001800000008000000006100024
:1093B00006800000058000000480000000106000AE
:1093C0000A800000098000000880000000010900F8
:1093D00050000400802800000C800000C001000044
:1093E000000A10000040060000104100103000008C
:1093F00028000400008C00000001280000802100EB
:109400002400040010020800802400002100040051
:10941000200004004000500022000400043000003E
:1094200000042200080208006080000000300000F4
:1094300001300000023000008040100002020800ED
:10944000004140000002080001020800083000004E
:109450003000040004020800000803000004480073
:109460000C000400002030005080000009000400BF
:1094700008000400800201000A0004000500040046
:1094800004000400001900000600040001000400AC
:109490000000040003000400020004000048010072
:1094A0004280000041800000408000002030000029
:1094B00018000400000142004480000080001200F7
:1094C000140004002002080048800000110004007D
:1094D00010000400004420001200040000020000FC
:1094E000010200000202000003020000040200006A
:1094F00005020000060200000084100008020000BF
:10950000090200000A020000800005000C020000B1
:109510001001200000300800400840001002000048
:1095200011020000120200004010020014020000AC
:10953000080120008048000020000C0018020000F4
:10954000040120002004400000E000000101200090
:109550000001200000001300020120002002000092
:109560002102000022020000002820002402000046
:10957000801040004001010010000C002802000093
:109580004080080010044000001110000008140082
:109590000024010080802000004202003002000010
:1095A000004011000804400004000C0000A002006C
:1095B00002000C0001000C0000000C00020440003E
:1095C00080080200000440000104400040500000F8
:1095D000200120000404400008000C0040020000AC
:1095E000410200004202000010100200440200008C
:1095F000006004002001010008084000480200004B
:109600002080080000403000040840008004020070
:10961000020840000108400000084000500200001D
:1096200002100200011002000010020000005800A9
:1096300080800100002420000410020000280100A6
:1096400000041400800108000810020020500000EF
:109650004001200000820400100840006002000069
:10966000088008000401010080440000020101009C
:10967000000032000001010001010100018008002A
:109680000080080000200600028008001050000042
:109690000480080008010100200840008000240028
:1096A0000021400000881000201002000850000037
:1096B000000E00001001010040000C0004500000EA
:1096C000108008004004400000022100005000000B
:1096D00001500000025000008020100080020000B5
:1096E00081020000820200000800050084020000E0
:1096F00020104000104800000021020088020000F5
:109700000200050001000500000005004004020001
:109710000040180020802000040005009002000096
:109720000024080004480000000070000248000007
:109730004080010000480000014800000090100037
:10974000200802004001080010000500002044002D
:10975000800120000848000000160000A002000060
:109760000410400000001A004044000001104000B6
:10977000001040000880200002104000006100003E
:109780001008020004802000200005000280200054
:1097900008104000008020000180200040002400CC
:1097A00008080200003001000083000000051000DE
:1097B000101040002048000080000C00010802004A
:1097C00000080200800440000208020000020900B4
:1097D000040802001080200040201000C002000099
:1097E0000009100000A0400020440000080402000E
:1097F0001080010000101400000228000404020080
:1098000000302000100108004000050000040200A4
:10981000010402000204020080084000200024002D
:10982000048001000801080080100200018001008E
:109830000080010040480000028001000201080091
:10984000004240000001080001010800100402006D
:1098500008800100040108002020100010002400EE
:1098600002440000014400000044000000280800F9
:10987000401040008001010004440000000051003D
:1098800080800800001A0000084400002004020044
:10989000000304004080200010201000000024007D
:1098A00001002400020024001044000004002400F1
:1098B000208001000002420008201000080024005F
:1098C0004008020020010800042010008050000021
:1098D00002201000012010000020100000030000F2
:1098E00001030000020300000040480004030000E0
:1098F0001800200060000100802002000803000022
:109900001400200000880200201010001100200028
:10991000100020000044040012002000100300008A
:109920000C00200000201400000C010009002000A1
:1099300008002000009040000A00200005002000E0
:1099400004002000C00008000600200001002000E4
:10995000000020000300200002002000200300007F
:10996000000406004400010008101000420001003D
:1099700000C80000400001004100010080600000BC
:1099800002101000011010000010100000004A002A
:1099900030002000480001000410100000180800EA
:1099A000402040000040220080820000800410001F
:1099B000280020005000010000010C00008005007C
:1099C000240020000005400010101000210020009D
:1099D00020002000002A0000220020004003000098
:1099E00080081000240001000080240022000100F3
:1099F00000140800200001002100010000104400B4
:109A000000400300900008000026000000A01000A5
:109A100050002000280001000009400000C40000A0
:109A20002020400088000800001102000008060005
:109A300048002000300001000042100082000800B1
:109A40004400200080000800810008004100200040
:109A500040002000840008004200200006000100B1
:109A60001020400004000100050001000200010078
:109A7000030001000000010001000100000C2000B3
:109A8000008108000C000100401010000A000100D5
:109A900080020400080001000900010001204000CC
:109AA00000204000140001000220400012000100CC
:109AB000042040001000010011000100000212000B
:109AC00008204000A00008000048040000510000E9
:109AD00060002000180001000084020080030000E4
:109AE00040081000001420000420020000800C0038
:109AF000022002000120020000200200206000007D
:109B0000008440005000080000010500001801001A
:109B100090002000000250000820020000004300D6
:109B200000500400480008002082000020041000BB
:109B300088002000004900001020020042000800B8
:109B4000840020004000080041000800810020003F
:109B5000800020004400080082002000086000000F
:109B600000002900000844001082000010041000CA
:109B700000114000C0000100202002000060000031
:109B8000016000000260000080101000046000000E
:109B90004002040000812000000C080004041000B2
:109BA0000282000001820000008200000004100018
:109BB0000104100002041000048200001060000084
:109BC000000902006000080008820000080410007C
:109BD000A000200000100600004041000108100015
:109BE0000008100018000800020810000040600083
:109BF00004081000A000010040200200120008002C
:109C000008081000100008001100080000050200FC
:109C1000200204001400080000D000000A00080020
:109C200010081000080008000900080000320000B9
:109C3000008101000C00080000044400020008003C
:109C400003000800000008000100080006000800EA
:109C5000C000200004000800050008000090020079
:109C6000200810008400010000450000820001006F
:109C70000802040080000100810001004060000033
:109C80000402040030000800000062000102040029
:109C90000002040088000100020204000001240008
:109CA000802040002800080040820000400410008E
:109CB00000400A0090000100001820002200080067
:109CC0000014010020000800210008000088400066
:109CD000100204002400080000211000000400000D
:109CE000010400000204000003040000040400005A
:109CF00005040000060400000082100008040000B3
:109D0000090400000A040000402100000C040000C7
:109D100000004C000008210090100000100400001A
:109D2000110400001204000000402400140400008C
:109D30006008000000010A008810000018040000FC
:109D4000008003002002400084100000006010002A
:109D5000821000008110000080100000200400002C
:109D60002104000022040000001009002404000067
:109D7000500800008020040000016000280400005A
:109D800080003000100240000088040000910000B4
:109D900000220100400018000044020030040000CE
:109DA00044080000080240000020120041080000A2
:109DB0004008000000C0010042080000020240000C
:109DC000004108000002400001024000000026009F
:109DD0004808000004024000A010000040040000F9
:109DE0004104000042040000082100004404000077
:109DF0003008000000504000000007004804000048
:109E00000221000001210000002100008002020068
:109E100000C02000200018000421000050040000B1
:109E20002408000080001100008048002108000084
:109E30002008000000222000220800000010280056
:109E4000000214000048020010210000000141003F
:109E50002808000000840400C01000006004000016
:109E60001408000000802200804200001108000059
:109E7000100800000800180012080000004005004B
:109E80000010420004001800202100000200180009
:109E90001808000000001800010018000508000064
:109EA000040800000011040006080000010800007A
:109EB00000080000030800000208000080A0000065
:109EC0000C080000400240000004210009080000C6
:109ED00008080000100018000A08000080040000B4
:109EE0008104000082040000000842008404000095
:109EF0000041010020200400181000008804000028
:109F00002000300000C008001410000040020200D1
:109F1000121000001110000010100000900400004A
:109F200000220800400011000C10000000806000BA
:109F30000A100000091000000810000000090400C9
:109F400006100000051000000410000003100000BF
:109F5000021000000110000000100000A00400002A
:109F600008003000042004004042000002200400E9
:109F700000800A00002004000120040001003000DD
:109F800000003000000103000200300000484000E3
:109F900004003000082004003010000000500200CF
:109FA00000004500000828000085000000031000A4
:109FB000C0080000102004002810000040A000008D
:109FC000100030008002400024100000000409004E
:109FD000221000002110000020100000C00400002A
:109FE000009004001000110020420000080202004E
:109FF0000020500000890000000428000402020034
:10A000000008090000006400802100000002020036
:10A0100001020200020202005010000002001100C2
:10A0200000012200000011000100110000400C009E
:10A03000A0080000040011004810000020A000004B
:10A04000004440000800110044100000100202000B
:10A0500042100000411000004010000000014800C4
:10A0600002420000014200000042000000102100F6
:10A0700090080000402004000442000010A00000EE
:10A0800040003000001C00000842000020020200D6
:10A0900000050400800018000080410008A00000B6
:10A0A0008408000020001100104200008108000018
:10A0B00080080000000442008208000000A00000A8
:10A0C00001A0000002A0000000000E0004A000009B
:10A0D000880800000041200060100000000500001A
:10A0E00001050000020500004820000004050000F2
:10A0F0008040010010000A002000600008050000F8
:10A10000422000004120000040200000209000007C
:10A110000008120000420400442000001005000066
:10A120000010500004000A00000A010002000A00AA
:10A1300000A0040000000A0001000A0080080400DA
:10A140002040080000803000502000004000410006
:10A150000006200008000A00801100002005000011
:10A160000002060000481000040060000890000093
:10A170000200600001006000000060000490000028
:10A1800010400800800003006020000000900000E4
:10A1900001900000029000000800600000202100F3
:10A1A0000840080040100400808400008002100075
:10A1B0004009000020000A00100060000140080073
:10A1C000004008000003400002400800109000001A
:10A1D00004400800002C00000000150040050000AD
:10A1E0000A200000092000000820000000003400C0
:10A1F00000120800808800000C20000003200000EE
:10A20000022000000120000000200000100041009A
:10A2100006200000052000000420000000C200000D
:10A2200080002200201004001820000008004100D7
:10A230002009000040000A00004410000400410012
:10A24000122000001120000010200000000041003A
:10A25000010041000200410014200000800048007D
:10A26000008011001010040028200000006002008F
:10A27000100900000006010040006000000A2000F4
:10A28000222000002120000020200000409000003B
:10A2900080040400000118002420000002100400C3
:10A2A000040900000010040001100400010900006E
:10A2B000000900000410040002090000000412005C
:10A2C0004040080008100400302000002000410039
:10A2D0000809000080402000008202008005000084
:10A2E000044001000012200000001C000140010099
:10A2F00000400100408800000240010010080400F6
:10A300000082400020000300C02000000020280040
:10A31000084001000004500010110000080804006B
:10A320004000220000604000208400002002100055
:10A330001040010080000A0008110000000804001D
:10A3400001080400020804000411000004080400CD
:10A35000021100000111000000110000400048003F
:10A3600000380000080003001084000010021000F4
:10A370002040010000210400800060000200030072
:10A380000001300000000300010003008090000085
:10A390004004040004000300000A08000402100046
:10A3A000028400000184000000840000000210000C
:10A3B00001021000020210000484000020080400C2
:10A3C000804008001000030008840000080210000C
:10A3D00000204200404020002011000020004800E2
:10A3E000100022000488000088200000028800007D
:10A3F000404001000088000001880000005010006B
:10A400008220000081200000802000000003020064
:10A4100020040400088800008420000001002200BD
:10A4200000002200000111000200220000340000A0
:10A4300004002200108800000002440040080400CC
:10A440000800220000060800902000008000410063
:10A45000008018002040200040110000000048004B
:10A4600001004800020048000043000004004800CA
:10A4700008040400208800000010120008004800B2
:10A480000404040040000300A020000001040400B4
:10A4900000040400104020000204040010004800E2
:10A4A00020002200801004004084000040021000C0
:10A4B00080090000084020000020090000A10000E1
:10A4C000001201000440200000085000024020005B
:10A4D000100404000040200001402000000600009D
:10A4E00001060000020600000480100004060000BF
:10A4F000028010000180100000801000080600009B
:10A50000005800003000400000002A00C000020097
:10A510002020010000410400088010001006000007
:10A5200080200800280040000009010000100500FC
:10A530000040420040202000108010002200400017
:10A540004000140020004000210040000088080066
:10A5500000052000240040008012000020060000BA
:10A560000001060018004000C04000000040280024
:10A570000820010000180200208010001200400096
:10A5800004200100100040001100400001200100E3
:10A590000020010014004000022001000A004000D9
:10A5A00000902000080040000900400080011000D9
:10A5B000400A00000C00400000040C0002004000B3
:10A5C0000300400000004000010040000600400081
:10A5D000102001000400400005004000400600007B
:10A5E0000000610000080C00A0400000880002008C
:10A5F000001108001020200040801000840002009C
:10A6000010001400009001000023000080000200F0
:10A610008100020082000200000C400000C1000026
:10A620000800140004202000001402000220200072
:10A63000200A00000020200001202000010014005A
:10A6400000001400600040000200140090000200AE
:10A650000400140008202000004009000030100011
:10A6600082400000814000008040000000804400E3
:10A67000100A0000000501008440000000092000CD
:10A68000008408005000400088400000A000020044
:10A6900040200100000218000010240000000B0000
:10A6A000040A00004800400090400000010A000039
:10A6B000000A000020202000020A000042004000A2
:10A6C0002000140040004000410040000054000001
:10A6D000080A0000440040000081020080060000DB
:10A6E0001020080000112000604000004800020017
:10A6F000000824000000490080801000440002008F
:10A700000081400000281000000405004000020005
:10A710004100020042000200101200000120080067
:10A720000020080000800600022008002001100020
:10A7300004200800004C0000081200000040210026
:10A7400008200800A0004000041200005000020091
:10A750000212000001120000001200000088010037
:10A760004240000041400000404000001001100045
:10A7700000144000002204004440000000100C00BF
:10A7800000023000900040004840000060000200DD
:10A79000802001000084200000090800040110004E
:10A7A00020200800880040005040000000011000F8
:10A7B000010110000201100000002300820040008F
:10A7C000000C0200800040008100400008011000E1
:10A7D00000C0040084004000201200000C000200B1
:10A7E000224000002140000020400000080002003C
:10A7F000090002000A0002002440000004000200D8
:10A8000005000200060002002840000000000200CF
:10A8100001000200020002000300020000184000D4
:10A820004020080000021100304000001800020023
:10A830000084010080202000000144001400020078
:10A8400080001400000508000088200010000200AD
:10A85000110002001200020040120000034000003C
:10A8600002400000014000000040000028000200FB
:10A8700006400000054000000440000024000200E3
:10A880000A400000094000000840000020000200CB
:10A8900021000200220002000C40000000042400FD
:10A8A0001240000011400000104000004001100064
:10A8B000800A0000009008001440000000A2000080
:10A8C00000110100C00040001840000030000200EC
:10A8D00000006800000805000024100000070000C8
:10A8E0002000060080102000100801000028400011
:10A8F000401008000840040000811000000019000A
:10A900008080400004400400402200000240040017
:10A9100010042000004004000140040040C000007A
:10A92000020801000108010000080100A000100059
:10A930000804200000020A000408010000300200A0
:10A940000404200020014000080801000104200048
:10A950000004200010400400020420000100060052
:10A960000000060000A00800020006009000100091
:10A9700004000600400401000002600040082000BE
:10A9800008000600100140000014100000920000B2
:10A99000002101002040040080080800840010000D
:10A9A000100006000801400020080100800010008F
:10A9B00081001000820010000070000002014000C1
:10A9C0000042080000014000010140008800100022
:10A9D00020042000040140004080020010C000005C
:10A9E00004100800000052000822000001100800B6
:10A9F00000100800200401000210080020082000B8
:10AA0000022200000122000000220000800102005A
:10AA100008100800404004000422000000C00000AC
:10AA200001C0000002C000004008010004C0000096
:10AA300010100800002120008000440008C0000021
:10AA400000011400800408001022000000024100F0
:10AA50004004200000181000208002000808200098
:10AA600040000600040401008041000002040100CF
:10AA7000201008000004010001040100000820006B
:10AA80000108200002082000202200000408200005
:10AA900000405000080401001080020020C00000A7
:10AAA000002440000012040000003800C000100024
:10AAB000000B0000100401000880020010082000B4
:10AAC00080100100400140000480020000200C00C2
:10AAD00002800200018002000080020002102000BB
:10AAE00008804000001020000110200030001000FD
:10AAF00000420100041020000024020001804000F8
:10AB00000080400008102000028040004001020048
:10AB10000480400080400400200808002400100049
:10AB20000021080010102000800801002000100003
:10AB3000210010002200100040004400000A040020
:10AB4000108040004004080000401200280010005F
:10AB50008004200000A00100001300001400100079
:10AB6000800006002010200040410000100010006E
:10AB70001100100012001000080808000064000016
:10AB800020804000000203000408080018001000A4
:10AB9000020808000108080000080800040010006E
:10ABA00005001000060010000086000000001000E4
:10ABB0000100100002001000030010000C00100043
:10ABC0004010010080014000002024000800100017
:10ABD000090010000A0010001008080000200500FD
:10ABE000000C10004010200020410000080102006D
:10ABF00080100800008A00001000440004010200D8
:10AC00004080400010040800802200000001020083
:10AC100001010200020102000000310080C00000BA
:10AC20000002220008040800040044006000100034
:10AC30000200440001004400000044000204080037
:10AC400020100100000408000104080010010200A7
:10AC500000680000040408000800440000024800E6
:10AC600002410000014100000041000050001000BE
:10AC700000A02000800401000441000080082000A2
:10AC800010100100008014000841000020010200A3
:10AC90000006040000304000400808004400100096
:10ACA00008100100002802001041000040001000C0
:10ACB000410010004200100020004400011001007B
:10ACC00000100100200408000210010048001000DC
:10ACD0000410010000422000808002006672656559
:10ACE00064765F626974735F746F5F7370656563C8
:10ACF000680000006672656564765F73686F7274E1
:10AD0000727800006672656564765F636F6D70725D
:10AD1000780000006672656564765F7278000000F6
:10AD20006672656564765F636865636B5F637263B3
:10AD300031365F756E7061636B6564006672656560
:10AD400064765F63726331365F756E7061636B65E5
:10AD5000640000006672656564765F636F6D707491
:10AD6000780000006672656564765F7478000000A4
:10AD70006672656564765F636C6F736500000000E2
:10AD80006672656564765F636F6D7074785F666424
:10AD90006D64765F313630300000000066726565A4
:10ADA00064765F313630305F6F70656E0000000092
:10ADB0006672656564765F636F6D705F73686F72EE
:10ADC000745F72785F6F66646D000000667265651F
:10ADD00064765F6F66646D5F766F6963655F6F70E1
:10ADE000656E00006672656564765F666C6F61749F
:10ADF000727800006672656564765F323430306266
:10AE00005F6F70656E00000066766866665F6372ED
:10AE1000656174655F64656672616D6572000000EE
:10AE20000101010100000100000101000001010118
:10AE30000101010100000001010101010101000007
:10AE400000010100000101010100010001010001F8
:10AE50000000891112239B322446AD573665BF741A
:10AE6000488CC19D5AAFD3BE6CCAE5DB7EE9F7F8CA
:10AE70008110080193331A22A5562C47B7753E64FA
:10AE8000C99C408DDBBF52AEEDDA64CBFFF976E8AA
:10AE900002218B30100299132667AF763444BD55DA
:10AEA0004AADC3BC588ED19F6EEBE7FA7CC8F5D98A
:10AEB00083310A2091121803A7772E66B5543C45BA
:10AEC000CBBD42ACD99E508FEFFB66EAFDD874C96A
:10AED00004428D5316619F702004A9153227BB369A
:10AEE0004CCEC5DF5EEDD7FC6888E1997AABF3BA4A
:10AEF00085520C4397711E60A1142805B3373A267A
:10AF0000CDDE44CFDFFD56ECE9986089FBBB72AA29
:10AF100006638F7214409D512225AB343006B91759
:10AF20004EEFC7FE5CCCD5DD6AA9E3B8788AF19B09
:10AF300087730E6295501C41A3352A24B116380739
:10AF4000CFFF46EEDDDC54CDEBB962A8F99A708BE9
:10AF5000088481951AA793B62CC2A5D33EE1B7F019
:10AF60004008C919522BDB3A644EED5F766DFF7CC9
:10AF7000899400859BB712A6ADD224C3BFF136E0F9
:10AF8000C1184809D33B5A2AE55E6C4FF77D7E6CA9
:10AF90000AA583B4188691972EE3A7F23CC0B5D1D9
:10AFA0004229CB38500AD91B666FEF7E744CFD5D89
:10AFB0008BB502A499961087AFF326E2BDD034C1B9
:10AFC000C3394A28D11A580BE77F6E6EF55C7C4D69
:10AFD0000CC685D71EE597F42880A1913AA3B3B299
:10AFE000444ACD5B5669DF78600CE91D722FFB3E49
:10AFF0008DD604C79FF516E4A9902081BBB332A279
:10B00000C55A4C4BD7795E68E11C680DF33F7A2E28
:10B010000EE787F61CC495D52AA1A3B03882B19358
:10B02000466BCF7A5448DD59622DEB3C700EF91F08
:10B030008FF706E69DD414C5ABB122A0B992308338
:10B04000C77B4E6AD5585C49E33D6A2CF11E780FE8
:10B0500076617269636F64655F6465636F646533AD
:10B060000000000076617269636F64655F64656308
:10B070006F64655F696E69740000000076617269D3
:10B08000636F64655F656E636F64650076617269A6
:10B09000636F64655F656E636F6465330000000015
:10B0A00076617269636F64655F656E636F64653155
:10B0B0000000000020C00D403D8031F0327033B000
:10B0C00034D03550369037E0386039A061FC627C6E
:10B0D00063BC64DC655C669C67EC686C69AC6AF4B4
:10B0E0006B746CB46DD46E546F9470E4716472A41C
:10B0F00073F8747875B876D87758789879E87A685C
:10B1000030A80000AAC0B6C0BB40DDC0BAC0D7C0DE
:10B11000BBC0BF40BFC0EF00E800DBC0B740F800D5
:10B12000DD40EAC0BDC0BD40EB40EBC0D6C0DAC0D8
:10B13000DB40D5C0DEC0DF40EDC0D540D740EEC01B
:10B14000BEC0DFC08000FF80AF80FA80ED80B540D8
:10B15000AEC0BF80FB00F700B780EF80EA00D400EC
:10B16000AE00D780B700BD00ED00FF00BB80AD8012
:10B17000B580D680D580DB80F500DE80F680AA0021
:10B18000EB80ABC0AF40FA00EB00AD00B500EE00C5
:10B19000DB00FD00AA80FE00FE80BE80D700BB0061
:10B1A000DD00AB00D500EE80AF00DE00DA00AB8042
:10B1B000DA80AE80BA80BD80AB40FB80F780FD8036
:10B1C000AFC0B680B7C0B000BE00BC00B400C000C5
:10B1D000F400B600AC00D000F580BF00D800EC0051
:10B1E000F000E000FC00DF80A800B800A000DC0058
:10B1F000F600D600DF00BA00EA80ADC0DD80AD40C9
:10B20000B5C0ED4072756E5F6C6470635F646563BA
:10B210006F64657200000000696E69745F635F7639
:10B220005F6E6F6465730000667E723C2311813C23
:10B230003464893CBC40923C99AF9B3C3BBAA53CF2
:10B24000B16AB03CAFCBBB3C99E8C73C90CDD43C95
:10B250007F87E23C2724F13C1559003D90A0083D32
:10B26000D170113DAFD21A3D92CF243D80712F3D58
:10B2700025C33A3DDFCF463DCAA3533DCB4B613D8D
:10B28000A0D56F3DEB4F7F3D23E5873DA7AA903DBD
:10B290005E019A3DB8F2A33DC688AE3D46CEB93DAB
:10B2A000A9CEC53D2896D23DCD31E03D83AFEE3DE0
:10B2B000291EFE3DD246073E7607103E185A193E1B
:10B2C0007148233EEADC2D3EAD22393EB625453E8F
:10B2D000E1F2513E05985F3E07246E3EF6A67D3EA4
:10B2E0001619873E36EC8F3E0957993E9E64A33E61
:10B2F0000221AE3E6099B93E26DCC53E38F9D23E09
:10B300002102E13E580AF03EC913003F12B9083F3E
:10B31000C202123F6E001C3FEDC3263FD061323F98
:10B320000CF23E3F788F4939AF28A63986F9083AA2
:10B3300048D5613A012BBA3A3778193B5F077D3B14
:10B340006196D03BC7F32B3C6C6470635F646563AC
:10B350006F64655F6672616D650000006C647063A8
:10B360005F656E636F64655F6672616D65000000A6
:10B370000700080034000C000C002A0010004500F3
:10B380002D000E001300170006002000030005002A
:10B39000160002002D0032000200010012005400CD
:10B3A0000A0007003E000B000900150018003F00CE
:10B3B000020005001C000D0006000F003A002700E7
:10B3C000270016004C000D001A00440009000A0076
:10B3D0003100260020000B0022002C00080007008E
:10B3E000190043000100110013002400040029008B
:10B3F00003001A001F000F002D00280008000400A1
:10B40000290014000600350001002A00090014007C
:10B41000190011002100290003001300370011005A
:10B420001B000E001F0058000F001A00240010001F
:10B430001C0018001B0010001E00380030002B00FC
:10B44000040005002600250028002E00120012002E
:10B45000160032004C0022003C0053002700490037
:10B4600038005C002A0034004B0023002500210036
:10B470003D0043002F004B00420046001D005C00D1
:10B4800033005F005400150039001C002E004200FC
:10B490005D000B005E0037006000140047003000C4
:10B4A00035002B0052005A0042005A000E002C00BA
:10B4B00036003E0022003A005100350017002B00F4
:10B4C0001B005D000A005600250050003C003100C2
:10B4D00015004F004A00480030003D0028004C0095
:10B4E00040001D0026004F00330036000D003100E3
:10B4F00048001E0032005600230050003D00380076
:10B5000024003B0041005B0019002F003A003B0083
:10B510004E002F00200018002C005600400039007B
:10B520000C0017006D006B0055003F001F0041002C
:10B530003E0044006F004E00680059007000570044
:10B540004500690041005E006D004E004800680043
:10B5500055006C004D006A004F004A006700600013
:10B5600040006900690066003F0023003B006C005A
:10B5700070005100660039006A00530051004D0010
:10B58000650037005E00600061006A002E00650003
:10B590005300550047006B0068005700210043002E
:10B5A00067005F001E005B00590067004B0033001E
:10B5B0006B0057005B0059006300440034006D00CD
:10B5C0006300580054007000360046005C006400C0
:10B5D00062004A003C00640062006E005A004900AC
:10B5E00047005F00460064001D0045006E005D00DE
:10B5F0005200610062004D004900630065006C006C
:10B60000520066006F006E006F006100580050002D
:10B61000160012000F003F0010000D000100020094
:10B620001D0019001C00040024000A002600070069
:10B630003C0017000B0026001C0001000C001F003E
:10B6400039002D0039001E0017003B0043000E009A
:10B65000100004000E003E000F00320007004600FC
:10B66000400006002A00300009001F0013002800D7
:10B6700031000200190003002900310024000900F4
:10B680001D0027001F000500110001001D0019000A
:10B690000B001500120002000800160027000F0022
:10B6A000080016000D0003001300040015003E0002
:10B6B00022002B000600180011003C0008004A0080
:10B6C00006002C003C000A0021000C001A001800A3
:10B6D0002D0051004500500029001C0017000500F6
:10B6E0000A001400340012000D0056000300070089
:10B6F0003B00150041004800220025001A003700D9
:10B700002F003000220005002C002F0044006000B4
:10B7100052006F003D004A001E0011003700620019
:10B7200051004200590023004A0052005B003300E0
:10B73000370033001E0059003D004B002800470031
:10B7400049000B003800360013002F005E00450052
:10B750004000140040000C0036004D002A00580044
:10B76000240034005A003F0046001B00200049001E
:10B770005B00200038002E0009004E00330044001A
:10B780005800430014002B0028000E004200560011
:10B790002700610026001B003200540036005C00C8
:10B7A0003D002E00430018003A0023003A00250017
:10B7B0006200550049005400300023003900100099
:10B7C0001A0025004100200048005F006B002100A6
:10B7D0004D002100550069006A004B003800470009
:10B7E0004F003B00340069004F005A005D006400C8
:10B7F000580070005600500041002A006A006400A2
:10B800005D005E00630061005D0065006F00630025
:10B810005300350055005F006C006B0029006D007F
:10B8200054004E006800650045006E00620067002D
:10B83000500053004D0047004C004E00570066007A
:10B8400068005F0060005300570032006E00670020
:10B8500070002D003A0046005E005B005900510068
:10B86000650052003F004800640061004C00700019
:10B870003500690031004B006D00660042006F002A
:10B88000440057005C004F0060002B005A002C0061
:10B890006E00630066005C0067006A003E003500D1
:10B8A0001B002E006C0068006B006C006D004C00EB
:10B8B0000D0004000D0001002C00090005000B0024
:10B8C0001D001000120006000D0001000700090015
:10B8D0001900170007000700090003000A00120002
:10B8E00016001A00040013001C0017000B000E00C5
:10B8F00002002800300014000B00160003000A00AC
:10B9000001001400050004000800020003001700F5
:10B9100015001B000F000C000C001F0002000500AA
:10B9200012000A0015000C002F0020000E000E006F
:10B930002B00230015001E00100023001A002F000A
:10B940002100260018000F00180006001D00180036
:10B9500026001D002400160027002D0011001100F4
:10B960001E00370032002800210019001C002200B0
:10B9700008001B00280013001F0006002E001A00FC
:10B980002A001E002D000F002900340008001900B5
:10B9900029001100230027003100240014001B009F
:10B9A000360025002C002E001C002A002D0033003C
:10B9B00032003300200035002C0010002400350038
:10B9C000360020003300210029002F001300220040
:10B9D000380038003800340030002B001F002B00E6
:10B9E00025002E00320026002700250034003600F6
:10B9F0003100300031002A003500370037002200C6
:10BA0000040021001600020007000C000F002900AE
:10BA100006000200080004000100070014000A00EC
:10BA2000020001001C0007000300190012001300AF
:10BA300011000F0008000D0009000C00270006008F
:10BA400011002000030006000A001200040022007A
:10BA500001000E00090005000F000C000500230086
:10BA6000050011001000240014000900220021002C
:10BA70000E002E0027001B002B00160013002D00C7
:10BA8000100017001F0034000300080033000D00F1
:10BA90001F000B001F0024000B001C001E001500DF
:10BAA00026001A002A001D00170021002D00130097
:10BAB0001C0028000A001700290019001D0024009E
:10BAC0001D00310026000B001E002A00100025007A
:10BAD0003100230012002F00180019003600220048
:10BAE000290037002F002C0038002E0014003700EA
:10BAF00015002800250035000D0020003400160038
:10BB0000200018002C002A00310026003000180008
:10BB100038003000320027001A00320036001A00C8
:10BB2000250038000E001B002E002C002D002B00DD
:10BB3000350034002800150033002F001E003200AD
:10BB400033002B001B003600350030003700230087
:10BB50006C6470635F636F6465735F66696E6400D5
:10BB6000010000000400000010000000E0BD020819
:10BB7000010000000400000010000000A0BD020849
:10BB800001000000040000001000000060BD020879
:10BB900001000000040000001000000020BD0208A9
:10BBA000010000000400000010000000E0BC0208DA
:10BBB000010000000400000010000000A0BC02080A
:10BBC00001000000040000001000000060BC02083A
:10BBD00001000000030000000800000040BC020853
:10BBE00001000000030000000800000020BC020863
:10BBF00001000000020000000400000010BC020868
:10BC00000000000000000000000000000000000034
:10BC10000040354500C0414500404E4500C05A45F2
:10BC200000401C450080224500C0284500002F45EB
:10BC30000040354500803B4500C041450000484577
:10BC400000C00F450000164500401C4500802245FD
:10BC500000C0284500002F450040354500803B4589
:10BC60000080BB440000C8440080D4440000E1448C
:10BC70000080ED440000FA4400400345008009457F
:10BC800000C00F450000164500401C4500802245BD
:10BC900000C0284500002F450040354500803B4549
:10BCA00000808944000096440080A2440000AF4414
:10BCB0000080BB440000C8440080D4440000E1443C
:10BCC0000080ED440000FA4400400345008009452F
:10BCD00000C00F450000164500401C45008022456D
:10BCE00000806D440040834400C08F4400409C4469
:10BCF00000C0A8440040B54400C0C1440040CE4448
:10BD000000C0DA440040E74400C0F344002000458E
:10BD10000060064500A00C4500E0124500201945D2
:10BD200000002F44000048440000614400007A44B1
:10BD300000808944000096440080A2440000AF4483
:10BD40000080BB440000C8440080D4440000E144AB
:10BD50000080ED440000FA4400400345008009459E
:10BD60000000FA4300800944000016440080224489
:10BD700000002F4400803B440000484400805444AD
:10BD80000000614400806D4400007A440040834418
:10BD90000080894400C08F440000964400409C44C9
:10BDA0000080A2430000AF430080BB430000C843B3
:10BDB0000080D4430000E1430080ED430000FA43DB
:10BDC000004003440080094400C00F4400001644B2
:10BDD00000401C440080224400C0284400002F443E
:10BDE0000000614300007A430080894300009643CD
:10BDF0000080A2430000AF430080BB430000C84363
:10BE00000080D4430000E1430080ED430000FA438A
:10BE1000004003440080094400C00F440000164461
:10BE2000140000000900000000020000505E03083A
:10BE300014000000090000000002000050BE0208CB
:10BE400000000000000000000000000000000000F2
:10BE50008126A2BFA2B49FBF03788BBDB1E175401C
:10BE600029ED8DBDFB5CE5BF0612CCBF5917573FCE
:10BE700052B81E3E33C449C03C4E41C0C3D33B3FC1
:10BE80000B4685BE1D5AD43F7F6ABC3C8CDBB2405A
:10BE9000D3BC1FC063EEFA3F418222BF3FC64C3F76
:10BEA0000BB52A40B003BF3FBC05923FD26F3FBFE6
:10BEB000FCA989BFEFC9ABBF910FFABEC1CA813ED1
:10BEC0005917973E5C20C13FEEEBF83F355E2AC024
:10BED000A30118407DD0C33FA85784401904D2C0A5
:10BEE0006A4D0BC0583930C00B4645BFCD3B9E3F15
:10BEF000583924BF1B9EDEBEDFE09BBF08AC7CBF71
:10BF000094878DBF2B1809C0690017C089D2FEBE67
:10BF1000B1BF84C0B4C896C0295CB140B07244407F
:10BF2000D34D6A40FE433E408E061C40728ACEBF0F
:10BF3000CB10A7BFBC960840984CF53F17B711BF70
:10BF40006DE7CB3F3D0A8FBF5BB19FBFFE65CF3F23
:10BF500019042240CCEE154074B505BF9FCD46C0F4
:10BF60002D210BC0711BBDBF591727C0886365C049
:10BF70005DFEC3BEF5B91ABE1895643FBC96244059
:10BF80007502E2BF789CF23F1B9EC040B1E1A9BFA1
:10BF9000AB3E57BE9A77BCBE01DEA2BFBC7493BF56
:10BFA0003F35BEBE6E3410BFF08521C0D34DE2BF19
:10BFB000098A97407AA5B44008AC5C3F0000603F16
:10BFC000C1A864BF1AC0CBBF36CDB3BFBC7493BD8C
:10BFD000E3A51BBF27A049BF73D7B23F73D7923DDC
:10BFE00005C5A3403B01C5BF1D3889C06ABCFCBF65
:10BFF000F4FDAC3F8AB0194089D26E3FA5BD5D40CB
:10C000002EFF19C0D044D8BE30BB3740787ACDBFA0
:10C010007E8C49C044692BC095652CC02FDD8EC035
:10C020003411EE3F71AC0BBF25067940C520784036
:10C030008A1FDBBFF54A81BF1B0D00BF9A77E4BFA3
:10C04000910FFABE9E5E693E426055BFF90F81BFF7
:10C050004D15A4BF1D38E73DF706AFBFF5B9AABF20
:10C06000F2D26D3F60E54440D191284047036440DF
:10C07000FB5C11C06210283F01DE9ABF728A6640E5
:10C08000A301CCBF7AC7A9BF48507C3F9318384062
:10C0900014AE1740C05BA03FCE19A13FFE659FBF05
:10C0A00001DEB2BFAED8BFBF55C1D0BF41F19BBF0B
:10C0B000666626BEC9765EBFA69B443BB68400C0BA
:10C0C000F2D2AD3F10583D4002BC554091ED5CC0EE
:10C0D000A01AAFBFE56121BFFED424C07DAE9EBFD4
:10C0E000C05B9E400A682E400AD7BB3FC8983BBE43
:10C0F0008351C9BE5474BC3F17D9DE3F2D211F3F69
:10C1000001DE8ABF341136BF1B0DC0BECC7FE0BF3D
:10C11000FE43FA3DB22EFE3F4B5906BF20D287C0E8
:10C120002AA9A3BF211F74BE16FB2B3FB37B3E4041
:10C130004013D9BF0EBECE40A0897CC0819503C0FC
:10C1400027C22EC0E63F84BE9B551F3D682268C0B3
:10C15000A54E82C0BC74533FCEAA4F3F211F38402A
:10C16000295C0F40CC5D0B3FD0D5B63E355E064016
:10C1700020412140637F15406ABCD43F0000203F2E
:10C1800027C286BF07CE69BF4DF3EE3FB684A43FFA
:10C1900010E9B73F51DABB3F1EA7903F32E6AE3FF2
:10C1A000D6C58D3F5B4252C09EEFE7BEDDB5E43E93
:10C1B000CC5D97C0522774C074247FC0448B7C3FF1
:10C1C000A1F8313ECBA1A53FADFAAC3FED9EBCBE80
:10C1D000613235BF567D6EBEAA60AC3FACAD88BF44
:10C1E00062A1D6BCDAAC7A3E348057BF2731C8BED4
:10C1F000BC742F40CEAA3F40871693C0211FF4BDC8
:10C2000024977F3E20D2EF3EDE02893DE92625C0FD
:10C2100024287E3EBA6BA9BF6891BDBF1C7C713FCC
:10C22000D26F5B408C4A0E404DF30E4100918EBFA1
:10C2300083C0EA3ED9CE6FC093A9424054522FC06A
:10C24000986E12405474D43FA83569C06EA3813DE6
:10C250008A1F2FC0637FA1BF48504CC0333303C037
:10C2600036CDBB3F0C93A9BFE4140DBFECC0B93F62
:10C27000E926F1BE107A9EBFCC7F3C40F8C214C0C4
:10C2800029CB1440029A0CC097FF703F840DFFBF6A
:10C290009D80063F9C33A23D52494DC0FA7E1AC094
:10C2A000C6DC614024B96440B5157BBDE71D87BF7E
:10C2B000022BC73F2B18153C2DB29D3D36AB3640A7
:10C2C0009FCDBABF1EA700C096430B3F2BF633404D
:10C2D0008FC295BEA60A36BF787A753F499DD8BFF2
:10C2E0002428EEBFDF4F8D3FB22ED6BFC74BB7BD60
:10C2F000211F6C40B7D130401AC0DFC098DDD33E5B
:10C3000032E6C6BF8D972E3FF90FB93FA301DC3E41
:10C3100021B0D2BE07CEA9BF499D003F5C8F32BF7E
:10C320008195C3BE1D5AA43FE6AE753F492E87BF17
:10C3300034110E40014D043E2497B73FD2004240D5
:10C340000C027FC032772D3F560EAD3E55306EC089
:10C35000ABCF01C0CAC3C2BF8351813F211F9C40E4
:10C36000ADFA6C40CDCC8C40BF7D9DBE280F1F40E8
:10C37000C4B10E40F5B9C2BF643BDF3E8AB0BFC056
:10C3800065192AC0068119C014D000C067D5AF3F17
:10C3900048E172C03BDF134007F056BE8A8EC4BE30
:10C3A0006FF0DDBF0D717CBF86C954BEDE02A1BF38
:10C3B000D42B254091ED6CBF80484F4086C98C3FFF
:10C3C000C1396B408A8E9440ED9EF43F645DBC3F62
:10C3D000CA3230401F858BBE07F0B6BE03090ABFC4
:10C3E000B1BF86C01CEBCEC061C317C02CD402C045
:10C3F00030BB373F3867B43FB072383F1DC9DB40B0
:10C40000014DE43F97FFE44088F43BC095D4594088
:10C41000083D1BBFE09C154005C537403C4EE1C0C0
:10C420000A681BC1F01684400D715CC0A5BDBFC079
:10C43000CD3BB040304C66BF5474F0C0BB279F3F2B
:10C440000DE04D3F3F57CB3F371A603F5227E0BECC
:10C45000D7346F3E9FAB2D3DDBF9FEBD3277AD3D4E
:10C4600026E4233FB5A629409A99D13FB1504FC049
:10C47000341112C01B2F09C0D509C8BFDAACDA3E8F
:10C4800054741040A54E204041F1CBBFC13917C0B4
:10C490004013213F6C09993F6FF0553FC8075DBFBE
:10C4A00010E937BE6FF0ED3FFCA9313F772D3540E5
:10C4B00040A42340ECC0D9BE4625953E94F6463FA5
:10C4C0000681B53FAAF15A40BE30F9BFBB2787406D
:10C4D00055C1EAC0CCEE71C0A24566C0EA9526C03F
:10C4E0009CA2F33FF46C36BF2C6515C08E06703EDF
:10C4F00054E3694027317C40984C41404B59463EBB
:10C50000956598BF865AF3BFDAAC2ABFE926A1BF6A
:10C510009D118DBF5C8F2AC0295C0F3EDB8AB5BFA1
:10C5200044FA9DBF1B0D603DAC8B1B3E9565983F4B
:10C53000333367C06DE70FC0FA7E8ABFA4DFFEBF4A
:10C54000037893BF3D2C10C0827322C08D976E3F3D
:10C55000211F943FD57801401136D43F992AB03F2E
:10C56000B22ECE40A3920A4058A801C09A77FC3F51
:10C57000D7125240BA49ECBE696F98BFB30C1DC0C8
:10C58000819593BFBC740BC0BA493CBFBC0506C0C3
:10C59000C9E51F3F8E06E03F04E754C05DFE5BC067
:10C5A000AA8229C09FCD12C0BBB86D3F0378AB3FB4
:10C5B0009A7708C09F3C8C3E6519A23FBB278D40EF
:10C5C0008E75B13F85EB7940C8073540ED9EA43F9D
:10C5D0005BD3FCBF5F073E3F107A1A40CA54F13F5D
:10C5E00095D491BFFF2125C03BDF3BC0D1226BC05A
:10C5F000F085E9BF36AB9E3E567DC44054E3934080
:10C60000061204C09BE66DC0D7A370BFA245B63F1B
:10C6100051DABBBEDF4F0140BB271F3F24B9843F27
:10C62000AED81FBE0C937D400BB5AEBF2B18953E08
:10C63000A8576240158C5A3F8E0670BF63EE6EC0DD
:10C640002F6ED1C038F89ABF075F5440E8D9244014
:10C650000612FC3FD9CE9BC0F7061F3F5EBAC93D0C
:10C660007E8CC93FA323793ED88127C060E518405E
:10C670009B552F3F037893BFDE7102C0613265BFC7
:10C68000A089603F7E8C993F226C78BF5917AFBF5D
:10C6900021B092BF20636E3D94F6863E7D3FFDBF84
:10C6A0001904063FFE43D23F01DE223FBBB83D3FA7
:10C6B000CC5DB340BDE3B4BE226C283F4F403FC0C9
:10C6C0008351193F098A7FC095650CC0E5F2774018
:10C6D000C05B0040780B14400B46E5BED57805C022
:10C6E000DB8A8BC0621008C03F57AB401DC9FD3FBD
:10C6F00004E7AA4058A855BFF6971DC09621963F5B
:10C70000713D8CC01826433FF2B0F8BFA245B63F3A
:10C71000F5DB53C0E561213D24B9004059172B409A
:10C7200092CB9F3FAED85FBEB1BFEC3D90A0F8BEAC
:10C7300070CE1C40E561513F32E68EBF287E0CC0B2
:10C7400070CE78BFC1A8044004E7CC3E6E34983F59
:10C75000FB3AE03FA7E8A0BF061254C0865AF3BFD9
:10C760007368F13F2041DF4024971B404CA602C074
:10C77000713D7A40A835B140E9B7DFBF189554BF85
:10C78000158C3640F628B4BFA60A063E9E5EE93FE9
:10C7900055C138C07502F0C018265FC06EA351C0E5
:10C7A00007F036C0EE5AC8407FFBEEC0FED4D83F3B
:10C7B0003E796040E86AAB3F9A088B3F42CF3E40EB
:10C7C00045D8503F8B6C27C08A8E18C0F85353BF92
:10C7D000F85323BE8A8E004070CE38C0B8401EC0C9
:10C7E00048BFADBFC1A8A4BFCE19C9BFB1E189BFC1
:10C7F00044FAED3E107A2E407DAE06409643CBBE05
:10C80000986E12BEA3927ABFE3A507C0B00347BFDC
:10C81000A392824053966D40B30CC13F8FE4923E89
:10C82000F93126C014D000C0B1E1C13F10E96F401A
:10C830002AA94F408126323F9E5EA93E04E71CC0D4
:10C840005D6D5DC03F5785C03BDF2FBF68B38A3E3B
:10C850007446943DCBA1A53E910FFABFA2B42FC060
:10C8600074B555C0917EF3BF85EB81BF1748403F3B
:10C870003FC65CBD9FAB35C027C2A8409E5EA340AB
:10C880002BF6B73FEFC9B33FB5A6B93FD26F1F40F4
:10C8900033C429C0AD691EBF022B27BF477209BF31
:10C8A0005C8FDEC0E561A93F9B558B4014D03C40B6
:10C8B000B22E7E3F8FE4F2BD849E5DBFC21716C0CC
:10C8C000F16360405D6D35403A9285C0780B84C05D
:10C8D000D34D9640B1BF40406ADE91BE2D2100C1CC
:10C8E000287E5C40992A483F9CA22FC014D0DC3F90
:10C8F00042CF82C0CE8862BF341198C0E336A040D8
:10C90000C97656C079589AC0E63FD4C0A3019C406E
:10C910009B553FBF2D217740682228404772693FD1
:10C92000B1BF843FC5FE1240AC1C8A409D116DC052
:10C93000A4707D3FB6F3FD3E4772994052B80EC0D9
:10C94000CB10173F832F0440AF25E43F8D970EBFD8
:10C950007E8CF93E810431403CBD523F02BC05BE95
:10C96000B6F32DBFFB3AA8BF77BE9FBFD7347F3F3A
:10C970006B9A03406666263EBF0E3C3F7DAEB63CDA
:10C980003480D7BF24283AC0B76283C072F90F3E03
:10C99000F7E401BF4B5956BF569F5BBF7F6A3CBD52
:10C9A00032E6AEBD5F07B6BF378931BFCCEE21405E
:10C9B000BDE30C40713D0E4007F0163F83C0A23F1F
:10C9C000A52C43BF492E33C0158CAAC0BE30814070
:10C9D00029ED4D409D11B5BF8B6CAFBF8B6C673D92
:10C9E0007F6A74C0EB738DBFC729C23F0DE00DBFD6
:10C9F0009790C7BF228E953E545207C0984CD53FA2
:10CA0000C3F53440A245463F1EA72C4001DE8C40B2
:10CA1000F2D24DBEBA498C3D226CA83FB6F34DBF51
:10CA20000378BFC086C9E43F55300AC02F6E733FFC
:10CA30003FC62C3F4A0C82BD1B0DC03E2BF6273F44
:10CA4000C58FF13E211F14C044699DC007CE45C06B
:10CA50003FC60C3FFC18B3BE04569E3FA4DF2A40DD
:10CA6000B684C43FBB27D73FFC189B3F4BC8AFBF22
:10CA7000F016C83D3F35AE3FE71D273CFE65D7BEEB
:10CA8000C05B503F6F813CC0E6AE95BF705F973F83
:10CA9000B1BF6440C1A88A40C807B53F4ED1D93F55
:10CAA00012149FBF9D119B40BADA8EC04D158CBDEC
:10CAB0002B18DDBF39D645BE93A926C07DAEB6BFC3
:10CAC000FC18933EA2B477BFE09C11BE33C499BF5B
:10CAD000643BEFBF14AE9F3F8CDB38C0DDB5C4BEF6
:10CAE000A2B4B7BE58A831404E6200C07CF20CC060
:10CAF000CD3B2AC0F90F25C07DD047C091ED5040F5
:10CB0000A913E83F643B3740910FCA407C6188C05D
:10CB10004547423FCAC342BFD0B39B4060764FBF38
:10CB2000D7121640B6849C3E2F6E0FC0A779A7BFC0
:10CB3000423E283F4A0CC2BEA7E8883E90A0083F6C
:10CB400092CBFF3E6519623F7424174005C57B40B8
:10CB5000711B9940C3D32FC0744604BF7CF2B0BD93
:10CB6000D6C56D3F58A889C0BDE382C0C729EABFBA
:10CB7000ABCF3D40EFC92F4099BBF6BF5F0780C0E8
:10CB80007AC739BF9E5E29BFCBA101C02B18A5BFB4
:10CB9000F5B99A3E355ECA3F9B554340560E254037
:10CBA0005F294FC0984CF5BE9318E43EF90FE93D5C
:10CBB000A8358D3F107A663FF90FC9BF8195033EB6
:10CBC000840DA7407F6A34C02EFF513F2C65193F6A
:10CBD0002506A9BFE2E909C0B7D1A040A470CDBF26
:10CBE0001FF40C3FEFC933C07CF290BEE09CD1BF74
:10CBF000E561E9BF97FF90BCA60A22401AC0034036
:10CC00004CA66A3F6D56C5BF363C9DBEFFB2B3BF52
:10CC1000643BDF3D5F290BBED0D5F6BE378901BF2F
:10CC2000C05B98BFB4C8F6BD2B87A63F158CCA3D24
:10CC3000D578693EE336AA3F917EBB3F355E3A3FE9
:10CC40006C09F93BE2E9BDBF1D3827BEEC51A03F9E
:10CC50005396713F6C09F9BA789C7EC0F54A193F2A
:10CC6000DE0283C00C025BC05B42FE3E38F8AEC001
:10CC70000309C2402063963F5A643BBEE48356409A
:10CC80006F126340764FB63FF90F25400C02BDC0CE
:10CC900087A7EFBF64CCD5BF6F12B33FD34DDC4045
:10CCA00062A1EE3FD2009EBF0AD76FC0621098BF4C
:10CCB000D93D6540A8359D3FE5F25FBE33C451BF05
:10CCC000DFE08BBD9FAB2D3F9CC4703F24973FBEE0
:10CCD000C52088BF05C513C05BB1DFBFE09C15C090
:10CCE00032E6E6BF2C6559BEBF7D3D3F3789613FC7
:10CCF00014D0343FC74B73C034A28840EB73C53F98
:10CD00006E3440BFA60A22C0F1F4BABF992A883F08
:10CD100090A078C0355E9A3FEA042C40CBA19DBF1D
:10CD200042CF26BED57811C0AA8255C06076CFBF4B
:10CD3000DD24FE3F3A925B40871659BEEE5ABABFD9
:10CD4000B762BFBED0D51640C1391740AD69864025
:10CD50001D38C73FB98DCE3F7B14B63FB459D53F80
:10CD600007CEA93F7F6A3C3D917E3B3EC898BBBE43
:10CD700087A7B7BF7F6A2440DAAC12402506D93FA7
:10CD80000681D53FC7BAB0BFB1508BBF448B8CBFB3
:10CD90003D9B15BFA8C683BF12836CC03A92ABC03F
:10CDA000083DDB3FAB3EE7BFF01682C0D19174C0B7
:10CDB0005DFE73BF68B35E4036CD4B3F46B61FC0C5
:10CDC000143F32C00AD7233BF085493F7958883F4A
:10CDD00039D6C53F89D2DEBE166AF53F8E0694402D
:10CDE000ADFABC3ED0B319BE0EBE70BEE63FE43E07
:10CDF000E0BED6BF485048C0EEEBD8BFE3A593BF16
:10CE000029CB0CC0143F4EC0BF0E7CBFABCF09C0B6
:10CE1000228E25BFD2000640645D084019043A40C6
:10CE20001A51C23F9A994540CB10473D76E05CBE0F
:10CE3000014DAC3F6B2B463F17D92E4013F2E13E1C
:10CE400090A000C0265385BD70CE90BF3C4E49C017
:10CE5000499DE8BFFBCBEE3EADFA1440F38E4B404C
:10CE60007AA544C03867CCBFF8C26C4039D6253F9C
:10CE7000C0EC2EBFC520883FE7FB913FF5B9D640F7
:10CE8000BC969CC0287E86C0AD695E401214BFBDB2
:10CE900095D44540B0724840234A6B40F8C29C3F4D
:10CEA000B8400640933AE1BEA69B7CC099BBB63F12
:10CEB0004BEA84BEE4140D3F2EFFCFC0894170BF02
:10CEC0000E2D4E407DAEDE3FC80705C08B6C27C0DF
:10CED000C3F540C01AC003C08BFDF53FFAED6BBE31
:10CEE000B072183F0F0B75BF9EEF73C06A4D9BBFAA
:10CEF0008FC2753FAF9441400E2D0A418A1FB94041
:10CF000016FBC3403D9B353F58391CC0E2E995BF35
:10CF1000FF21E5BFB98D62C0363C35C0C5FE22C0D9
:10CF20000BB59EC0C7291ABFA8351D3FCBA115BFA1
:10CF3000045649416B9AE73FDE710A3E58CAE23F08
:10CF4000CA54713F643BAFBF1E16E4400D712C3DC7
:10CF50001DC915C0AE4795C0F38EBB3F643B1FC0D3
:10CF600027C22640F31F26C10BB501C1AC8B8340FD
:10CF7000BEC19FBFBE9FEABFC21732C005C52740D2
:10CF8000ABCF3D408BFD85BECEAA8F3EF6975DBEF2
:10CF900052B836402FDDFC3F29ED61C07B149EBFA7
:10CFA000925C6E3F840D5F3FFA7E0EC05EBA19BF81
:10CFB000D3DE2840F90F3140280F17C00F0B21C0D6
:10CFC00030BBD73F910F823FF46CFCC061543640B8
:10CFD000C1CA71BFECC0193FA323A9BF4D15A2C0A0
:10CFE0008FE40AC0B1BFECBC166ACD3D827312401B
:10CFF0009FAB2D3D8BFD5D405F29034050FCD03F32
:10D00000E0BECEBF23DBF93D607637C06C780EC042
:10D010001EA79E40B68410C001DE2EC0EEEBBE40BF
:10D02000C0ECAEBFD71272BEB1BFCCBE5BB17FBF8A
:10D03000EB7301C023DB79BD88850ABFF0850DC085
:10D040007AC769BE1F85DBBF280F833FFED48840A7
:10D050001CEBFA3FCC5D43C0BBB825C00D715C3FF3
:10D06000F016A840B8AF5F404DF30EC09A99493F03
:10D070004B5998407CF26C40E3A54B3F2D4348C090
:10D0800022FDAEBF933A613FA9A47EBF029A883EBB
:10D09000D881133F93A972BF30BB91C0053431BF13
:10D0A000BB278F3D1CEBBAC0CC5D87401E16A2404B
:10D0B000FB5CAD3F95D41DC09B551FBF6F128BBF4E
:10D0C000B29D2BC0C0EC7EBFF931CE3FAA82E1BF3A
:10D0D000249723C0D191843FE10BCBBF8BFD11C0BE
:10D0E0000EBE5C40E71D973F0E2D92BEDF4F0DBE7A
:10D0F000787AA5BC88F4B540CA32543FB8AF8BBF2C
:10D10000D93D193F431C93BF46B64F4058A845C070
:10D110004F1EDE3F11364C40A4DFA240569FEBBEAF
:10D1200007CE993DFF2109C079E9A2C036AB4AC0BC
:10D13000F90F55C02EFFF93FC6DCF53E57EC99C0FC
:10D140007E1D104031081C40A1D6243F865AEBC0FA
:10D15000711B8DBD5F29F33FAAF1B64038F8723FCD
:10D160008F5394BF5F2947C0C3F55CC013F2813E63
:10D17000E5D0AA3F666686BFDD24C6BECA5441BD5F
:10D1800051DA1B3E46948240D3DE384041F177406D
:10D190008AB0F9BF6DC53AC05DFEC3BE2FDDA4BD28
:10D1A00061C3D33ECAC3923F57EC4BC0363C654087
:10D1B000F54A85C0F38EB7C09621A0C08D287DBFEB
:10D1C0005F07864031089A40226CC83FCA3218C0B7
:10D1D00014AE573FB37BF040F5B9EC40BB277B4022
:10D1E00045D8203FCC5D6B3F075FA2C0DE71FABF20
:10D1F0003D0A573EB1509FC08941603F615426C0EF
:10D20000FDF6A9C018261340787AFDBF1F859B3F05
:10D21000D5781241448B0CC05DFE37C096B21A41DE
:10D22000711B0D3FA47085C05C2091BFF1F484C0D8
:10D23000560ED53FE4834AC00AD7E3BFCEAA9F402B
:10D240006891AD3E0D712CBD3B0185BF863802C093
:10D25000D578893FA8C60B4024B96C3FE5F203405E
:10D26000F8C20CC0F01682C0AA82C1BF2E9070BF57
:10D270009565B03FFE433A401CEB62BF789C084185
:10D2800008AC0C3F9BE665C024287EBE7F6A0CBFBD
:10D29000C6DC75BFCA32ECBF3A924BC03D0AB73EFE
:10D2A00004E760403FC630408FE49A3FE3A5BBBE31
:10D2B000B76297BF50FC08BFEBE2F63E4182423FA7
:10D2C00038F8523F5BB1BF3FD8F064BFF9A033C01C
:10D2D000107A16C001DE02C048BFBD3EAC8B6BBFEA
:10D2E0002CD47AC01A51923F61C3F33E228EFD3F87
:10D2F000BF0EE4BFB7D1983F93189CBFA54EE03F47
:10D30000C89897C0BC74933F3945C73D7B14C63F4E
:10D310002A3A12401B2FF9C0E3360240EB73053F57
:10D32000DDB538408FE446406744993FBE30194030
:10D33000D95FB6BF98DD93BE9F3CBCBFF5B9BABFFD
:10D34000FD8744BFF5B902C0A7793FC040A4EFBF35
:10D350003480B7BFFE65D73ED191B43FE483863FAA
:10D360007B832FBE2F6E633E5917A73F62A1163FE6
:10D370003C4E49402BF6EF3FBE9F1A3E13F211BFC1
:10D38000FFB20B3FD42B2D4032E6AEBDFC185FC080
:10D39000F163D43FA54E803F41F1A33EE86A833F4D
:10D3A000B37B72BEFE65F73DC7293ABFCD3B86BF52
:10D3B000F085893E888582BFA913A8BF51DA8540D0
:10D3C00036CD833F3A92E33F48BF45C0591747BF28
:10D3D000D0B391C0C74B0B4052B89EBEC729FABE0E
:10D3E0004BC83B40583994BEAAF11AC0E09C713F2B
:10D3F0006ABC3C4054529F3FB515DBBE0F9CD3BE68
:10D4000036AB7EBE787A253F925C3E3E287E5CBF7E
:10D41000DF4F8D3D522700C0DE0265C07E8C69BFA4
:10D420009C3316C024289E3E4182AC4054E395BFF5
:10D43000DA1B5E41BB271F3FB45925BFC5FE5AC04A
:10D440000B46553F014D643F8CDB0C403EE881406C
:10D45000986E42C0C05BECC0D5784DC0BF7D0DC09A
:10D46000AA829940B6F3ABC09CC47840FED4E8BF12
:10D47000182603BFB5A6793F5E4B6CC0D49A56BF41
:10D48000DCD7813E925C30C1CDCC8E403411FEC0E1
:10D49000B5A60A4194F6264083C082BF8BFDE53EC7
:10D4A0001B0DA2C0A60A2E403F35963F7D3F0D4082
:10D4B00026E45740426085BE5305B1406154664042
:10D4C000C4428D3E819567C061C33BC0E5615DC0CC
:10D4D0008AB081BE6ABC9CBF90A098BFA7E848BE36
:10D4E00068221C3FE63F08C0470300C0FA7E02C026
:10D4F000DE93C7BFD0B3493F8D97EE3D52B86EBFA4
:10D500003F35C6BFF90FE93E42CFC63E26E4F33FA2
:10D51000355E1640B37B7A40690017405C20413E7F
:10D520003333333EE02D7040A54ED83FC9768AC0D4
:10D53000FE65A1C0250649C08CDB98C0083DFBBF35
:10D540008CDB92C02731BE4039D61AC13A92EBBE6D
:10D5500087A7434036CDA33FD6C5ED3D71AC6340B0
:10D5600007CE6D40BA6B01C01DC9BD409A08D940B5
:10D57000A52C33BF3A923FC045476AC032E61EBF72
:10D580000F9CB3BF8E7591BF3789813E9D8066BF6A
:10D590001B2F31C0ED0D8AC0C58F41BF696F503F51
:10D5A0007368F1BE992A583FD6560040302A193F79
:10D5B000F0855540BBB88F406744DD40F241EF3EF7
:10D5C00074468C3FEB73B5BD0F9C733EA470514005
:10D5D00007CE993F9F3C94BF8D97AEBFF77520BF94
:10D5E0004850BCBEA2B4673F7C61423FA39212C0C8
:10D5F0003199BABFCE88223FAAF1023FE5F28FC02F
:10D60000E5D00E40583910404B5932C07F6AC43FB4
:10D6100083C06640BC9678404A7B0B40A5BD41BFA5
:10D62000666686BF58CA0AC048502CBF5F9804C0BF
:10D630005BD34C3F00912EBFCD3B8E3F6519123F0F
:10D64000E71D1FC0948749400E4F2B408CDB2040C4
:10D65000E414F5BF5DDC84C0711B1DC0FF2105C053
:10D66000992AF8BFA9A43EBF02BC55BF8BFDE53D7A
:10D67000371A003E287EACBF0F0B29C05839F4BEC4
:10D68000FDF6B5403D9BEDBF567D56C010E907BF86
:10D690007593D0BFCA32ACBFFBCBEEBEDBF9924074
:10D6A000696F983F234A3B407B836F3F4D15CC3FCA
:10D6B0007958183FC6DCD5BE948705BEC3D30B3F4F
:10D6C000C1CAA9BF0309BA3F713DD23F8716793F4E
:10D6D0008104653F81260A40B22E8840AF94653FA1
:10D6E00043ADA1C0A392FABF38F82640B537283F12
:10D6F00068B34A3F8E0610C004E792C077BEDFBF12
:10D7000005A3D2BFB68404C08A8E1CC08C4A26C032
:10D71000C05B20C0F08505406C786ABF006F61BFB8
:10D7200096214EBFCB1047BFE3A5833FC286E73E9D
:10D7300043ADC13FF4FD5C4023DB9D40E09C31C024
:10D740003333E33F4FAF0C40744694BC52491DBA8B
:10D750007E8C0D40DE712A3F1EA728BEEBE246BF3D
:10D76000CC7FA8BE287E8CBD46B64B404F1EEE3FF8
:10D77000143F863F9E5E49BF6F8184BF83C0D23F06
:10D780007D3F753E9F3CCC3EE5F29FBF0C93F9BFB9
:10D790003FC62CC0F2B0F0C0FA7EAA3FB8AF7F40BF
:10D7A0001B2F853FE71DAF3F7AC72D401DC9414064
:10D7B000B68434407424FF3F228EC5BF5D6D01C026
:10D7C000A24586BFDC46A3BF73D712BECAC3823E42
:10D7D000CAC3623FACADA83F2428BE3EBA496440EC
:10D7E0009F3C4CC0B1E181BF228E41C0772DC3C0A8
:10D7F00074B555BF74B519C012146BC0B98D02C091
:10D800006D567DBE273188BFE10B93BFD5E7AA3F98
:10D810007E8C354029CBA44095D489BD917EDB3FD9
:10D82000014D044014AE473FFF2135C0787A39409E
:10D83000D7A340BF57ECA73F925C1AC080481FBFD8
:10D84000CCEE4540F2410340711B1D40AD69A6BFBF
:10D85000F9A07FC040A43FBF158C364065AA203E8A
:10D860008FE48AC0D20029C1ACAD8640637F894075
:10D8700019E22C409D1195BF849E4D3E3F571BC021
:10D880006076EF3F4BEA043FEFC913C02D431C40C5
:10D890002B18253FE56161C04D8475C06F8108403C
:10D8A0002063A6BFDDB5243F6F8120C081044940BD
:10D8B000736871BF810409402B8766BF567D2A407B
:10D8C000AAF1BA401B0D104036CD3BBED49A62C0BF
:10D8D000091B02C01DC9FDBFC3F588BE643BC73F1D
:10D8E000A1D6A440EE5A84408A1F733F0B244CC03B
:10D8F00013F2C1C00BB59AC0107A36BF67D50BC002
:10D90000DE930BC03789013E39B4A83EB072883E21
:10D910004BC88F3F33C4F1BE17D93240696F983F6F
:10D92000C58FD13EA1F8F93FF853233F2041113F65
:10D93000CBA101C0B37BF23F39B45040348027BF44
:10D94000AF2524BEC729D23F3CBDEA3FDA1B84C0C5
:10D95000D122D3BF6822EEC0DDB53040CD3B42407E
:10D96000F706AFC04703AC408CB98B3EA470A5400E
:10D9700011C73A3F378901BE569FD3BF1B9E2AC0AD
:10D98000BC05E6C0BD52DCC0547474BF34112A40DB
:10D99000857CD03F933AA1BE431C0FC039D6D53FFA
:10D9A000D9CE81405D6D5140280F03C02B8726BF23
:10D9B000BBB83140E4839E40355EEA3F804883C077
:10D9C000BE9F5ABFE86A0F4044FA5D3FE78C38BFFC
:10D9D000FBCB5E3F68B3923F5C203D40789C023FAA
:10D9E0009565E83E5917124105C55BC00091C6BF59
:10D9F000A39212C0545283C023DBC1C0E02D60BF8C
:10DA0000DF4F6540B68420407CF2F8BF7593B83E86
:10DA1000DF4F5D3FC4422D3FF7E461BE772D25C047
:10DA20008C4A90C010E987BF772DD13FB4C8163F0C
:10DA3000158C823FF4FD343FFB5CEDBEC4423DBF1C
:10DA4000D6C505C034A28CC04FAFECBF8863394047
:10DA50000091F63FB8AF233F23DB9F4039B47C40B1
:10DA6000E3A55BBEE0BEAEBF8B6CBFBF33C431BEAF
:10DA70007958A0BF20D22FBFE10B133DC6DC153F64
:10DA800088853A3FF54A19BFE86A8BBFB22E9EBF20
:10DA9000166A0DBF6E34F0BF705F9BC0075FA83F72
:10DAA0009C334640A1679B3FF4FDF43ED1220B3FDF
:10DAB000C74B773F98DD733F9C332640917EBBBEBA
:10DAC00079585CC0304C22C08C4A4ABF94F6D63F8D
:10DAD0005C8FB23FB22E6E3F9031073FEBE20240C7
:10DAE0004E6290BE6F1243BF57EC13C01DC921C0D8
:10DAF00042CF9EBF39D693C0CC5D7B40B98DAEBFBF
:10DB0000C66D0440D0B301405C8F1A40E10B374032
:10DB10009F3CACBDB5A6B9BF54E321C0E63F0CC0E5
:10DB20006F12833C1A51CABF1CEB76C04703F0BF8B
:10DB300017D99E3F6D56BD3FAC8BDBBC13F241C085
:10DB4000CF66953F1B9E464004E78CBB3333E3BF53
:10DB5000D93D893FFAEDB940AAF16E40B072483F15
:10DB6000F54AA1BFB1BF6CBF43AD79BF583994BF6F
:10DB70003B70EEBEBBB86D3FCA32E43EFE6537BFB8
:10DB8000D8813B400EBEC040857C903F888513C144
:10DB9000AD6926C0B5158B3F07CE6540287ECCBE4B
:10DBA00045D860BFA60AE6BE94F64240022B07BEE7
:10DBB0009EEF2BC0A857E2BF0A68123F62A18840BF
:10DBC0005305E33E80B7703F22FD36BECFF77FC0DE
:10DBD0004469BFBFC6DC3DC0304C163FC0EC3E3F81
:10DBE000F77510BF1B0D58C058A81940C976AE3F35
:10DBF0000C024F40508D3B40C66D243F06128CBF37
:10DC00004260853E13F201BE13F2413E3C4E613F3D
:10DC10007368B340917E8F403108ACBE151DD13F73
:10DC2000250681BF9A080F401826ABBF17D95AC0E6
:10DC300001DECABFABCF5D4045D830C0B7D138C0D8
:10DC4000C1CA813E38F88ABF59175FC0D93D79BF34
:10DC5000E71D173F55C190BFDFE077C0C05B34C000
:10DC60006519323F1D5A0CC0E10B73C00D712CBEFB
:10DC7000A54EA03EF1635C3F1EA7683DBADA0ABE1E
:10DC80005EBABF40A2B41740DBF97E400681153F63
:10DC900082E2F7BF327729C03FC6FC3EF2B0304087
:10DCA00007F0BEBFFFB22B3FA1F8E9BFB37BF23E46
:10DCB000BD528AC05BD3F440DF4F2DBF66F784BFEF
:10DCC000832FD43F82E25B4077BE074089D2D6BF24
:10DCD000423EF8BFACADF8BE7DAE363D54520BC0EF
:10DCE0006E34C8BFBC74CB3FCDCCBC3FC442F5BF83
:10DCF0007E8C1DC0A245BEBFC4426D3F12146F4052
:10DD0000B003F73F4F408BBF107A66BFD04428BFA7
:10DD1000423EE8BEF5B9923F1DC921403D0A67BFAA
:10DD20009BE609C089D20E3F5530BABF88F423C0A4
:10DD3000560E8DBFD0B3E13F50FC9C40265311C01E
:10DD400024974F409A770440F706AF3F431CBBBF70
:10DD5000A392DABE1361A33FC1CAA13E34A29C3F85
:10DD60005986383F637FC13FDAACBA3FBF7D0DBFF4
:10DD7000469446BF55302EC0CE8882C0A5BDE93F2F
:10DD8000910F2E402B187DC0371AE0BF7AA500C036
:10DD90000B24883E05C5F73F4A0C123F4BEAECBF07
:10DDA000ED0DA0C0A91370C03E7930C02C65993E1E
:10DDB000000090BF1283303F6822304042606D40C7
:10DDC0008D285D409D11D140567D62C0736879C039
:10DDD000F1633CC00AD7433FFE43C23FEFC917403F
:10DDE000DC68A0BF98DD43BF2F6E43BFEC51D8BFA6
:10DDF000D04414C0E25887BF7FD96D3F51DA4BBF82
:10DE0000560EBDBF9D11D5BFE9480E3F2F6E333F63
:10DE100044FA5940B4591441CF66B53FFB5C1D40EC
:10DE2000FE434ABF206372C0AED887BF499DA8BFDA
:10DE3000567D4E407A361B3F1B9E1AC0EA9576C02F
:10DE4000492EFFBFF0162C406ABC20409487553FF6
:10DE50008126523FD0B3993F5EBA393F948709C0BB
:10DE60001AC093BFD8F024BFCB1003404A7B33BF06
:10DE7000AED80FBF9EEFA7BDD6C50D3F7AA5D4BFC4
:10DE80000AD7633F8CDB883E64CC9D3FCF6615BECE
:10DE9000BE30214013F2154036CD0BBF24B90CBF64
:10DEA00050FCF83F083DA5402EFFC13F83C07EC017
:10DEB000E5F2C7BF9F3CC4BFB45931C0B5150FC010
:10DEC0008CB94B3FC6DCCDBF3D2C14C0A167133FBE
:10DED000E0BE8040C72972404D844540B6F31D40E6
:10DEE00052495DBFE0BE1EC0992A78BFE3A5F3BFCB
:10DEF0004BC85FC042607DC0CD3B7EC0BE9F9ABF15
:10DF000067D5CFBFBE9F4A3FC0ECDE3EC286573FBB
:10DF10003E79903F5249ED3F143F16400EBE90BEF1
:10DF2000621008BF304CD63F5E4B284075020ABFD6
:10DF300029CBF0BFF7E42D40CEAADB40DE937F4033
:10DF40005BB103C0158C5ABF789C8AC090A01CC0DE
:10DF5000C7BA38C07CF2B0BEFB5CF5BFF085B9BF74
:10DF6000C364EA3E7FFBFA3FB1502BBEEFC963BFEB
:10DF700044FA09C052B81EC04703C0BFE63FAC3FD9
:10DF80004D845540B1BF2840D26FB73FA5BD154065
:10DF9000645D7040D2005A408F53D43FBADAA23F3A
:10DFA000234ABBBEE9B70F3FF54A25C0D881B3C0AD
:10DFB0005BB15FC08C4A86C01D38C7BF75930C40EB
:10DFC000F775203E7CF2D0BFD9CEEFBF6C7806C08B
:10DFD00020635E3FB0033740D5E7823F9D80A2407B
:10DFE000F16374C0166ACDBE8E0688BF7FFB8ABF00
:10DFF0003BDF1340C4422540E02D80BF250631BFE2
:10E000006EA3A13FEE5A023EE7FB89C0E10BDB3F66
:10E01000ED9E0C3F6E34403E91ED9CBE2FDDA43D45
:10E020007B142E3EE9B7EFBE7E1D38BFA089403F6E
:10E030009CC4983FC74B9FBFC58F013FD49A4240B5
:10E0400016FB5340B1E1394057EC034054742CC0E7
:10E05000FE4336C0DD24BEBFC8075DC05BD3C4BF6E
:10E06000BA6BA13F9A089B3F12A5FDBE01DECA3FD5
:10E07000C66D384080480F3F75024EC0431CF3BF49
:10E080000C9319C01283C03CDF4F6DBF992A90BF1B
:10E090006C78D2BF0F0B61C0E78CA0BFE3A5EB3F4C
:10E0A00075029240B5A6893F8A8E24BE2EFFD13FCD
:10E0B000FB3A60BFAE47D9BF6EA3813E35EFCC407F
:10E0C000A52C5BC059173FC02AA9FB3F4D1550C076
:10E0D0004B5980C02F6E03BFEE7C2340FBCB42C068
:10E0E000C5FE06C089416CC03E7984407E1DC0409B
:10E0F0009F3CACBF3B70AE3FE3A583BF7368A940B4
:10E10000B0720D41508DE7C0C7BA34406900E54098
:10E11000D95FB6BFF0A700C174B5F5BF29CBE83F02
:10E120008D976EBFF24147C004E7F43F6F81924084
:10E130006DC5B240643BDFBF426025BE2D4313C1B5
:10E140002D438E40AEB622C0C4422540B1505BC0C4
:10E150009FCDFABFBC7413BE3480B7BA4B5906BF0B
:10E160006F12A3BF228EF53FB003873EAB3E773FD1
:10E17000C1397F406ADEE1BFE9B75F3F71AC6B40F8
:10E180003FC6BCBFED9E0CBF3F358640D0D516BF05
:10E19000226C783F17B715C0E483A6C04D1584BF25
:10E1A000C05BE8BFF2B060BF48E1B2BF6B9A37C056
:10E1B000EC51A8BF5EBA193F87160540DE02014048
:10E1C000BE3099BC7CF21440C3D3A74058394C40B0
:10E1D00083C00A3F0F0B85BFC729AA3FC3F594C070
:10E1E0000612C4BF5396D9BFD3BC833EED9EBCBEBE
:10E1F00020D28940865A9B3FD656ECBF992A40C010
:10E20000CA3274BF13F24940DBF95A409BE605401D
:10E210009031F73E091BCE3F05C5973FB762C73F18
:10E220008BFDEDBFA1673FC0931844C0045694C056
:10E23000C1A8D4BF44FAAD3F1C7CC13FF90FF1BF68
:10E24000EA04243F7671933FBF7DC53F7AA53CBF6A
:10E250000F0BDDBF8863D5BF931804BE547434BF61
:10E2600005C54F3F68229CBF9D8080C03199A4C0E6
:10E2700075934CC00DE01540A60A363FB1BF2C4047
:10E28000DBF90E3FABCFFD3F5DDC9E401058913F68
:10E290001CEB223F5DDC064008AC7C3FC807A5C0F4
:10E2A000F8C28AC03CBD8ABF9D11ADBFA779EF3FC0
:10E2B000E02D503FF46C96BEBDE354BE7E8C21C071
:10E2C000D95F66BF33C41540363C3D3FE2E9494063
:10E2D0009CA243409A9991BFEF38C53D226C983F6C
:10E2E00089D25EBC74241BC03480D7BEA323D13F27
:10E2F00061545A408AB06540E17AB4BF992A64C03B
:10E30000E9B74B40F5B902405F070E3FFF2101C05E
:10E310008C4AD23F8CDB50C0E7FBC93F0E2D84C036
:10E32000C05B70BFF90F293ED5E7EA3E07CE99BD25
:10E3300095650440F5B95A3F9CA2C3BE158C4ABEF0
:10E34000C7BA803FB30C1540151D4140FA7EAABEE6
:10E35000A32301407FFB2ABF4D154CBE4260F5BF91
:10E36000C807CD3F014DC4BECB10273FF5B9FA3FDA
:10E37000A8C6AB3EF1F402C087A785C07A36B1C00B
:10E3800044FA314043AD693EB4C8F63E51DAF33F3A
:10E390007B14DEBFB22E5EC0819557C0C976A6BF82
:10E3A000371A003E4FAFC4BF07CEF9BFCF6609C0D2
:10E3B0005986A03F53966D40FA7E42400EBE503FB4
:10E3C000832F1440F0162040BA498C3DC6DC6DC046
:10E3D000F9A02FC012140FBFD509F03F006F813E86
:10E3E0005F29DBBF3A92C3BF17B7B13E26E4AB3F0C
:10E3F000E6AEA5BDFD878CBFCD3B0EBF1FF43840F8
:10E4000005A3923E1F850B4043ADD93FC66D5CC04E
:10E4100027C22AC0AEB63A40D191F43FF016A8BF49
:10E420002CD4923F1361A3BEA1D620C076712BC01D
:10E43000764F2E4081048140BA493C40E78C4840E9
:10E44000287EC43F8FC2F53E04E70CBC93188CBFF6
:10E45000AE4799BF0F9CF3BE789C223EC976FEBEA4
:10E460007E8C79BECF6661C0249753C0197397BE66
:10E47000DCD731BF448B60C024B930C05C8F423DD3
:10E480000E2D723EFE431AC0CC5DEBBE711B6DBFFC
:10E49000C28667BE7FFBF23F158C6A3FEB73B53EC9
:10E4A0004ED189BF65AA1440B9FC17403A23D2BFA8
:10E4B00024285E407FFB6AC099BB163E4772B3407A
:10E4C0009565E0BFF2D27DBF89D2DEBE575BD13EFB
:10E4D0003789413E5305DBBF98DD23BFD26F6FBF45
:10E4E000530513BFBA49AC3EAED82FBF696F703F1A
:10E4F00065AA603FE56161BE6210483F67D5DFBF36
:10E50000F77580BE4FAF44407E1D983E2CD44240EC
:10E51000F706CFC0E63FC4BF0B24A83F93A9FE4037
:10E5200012839640E2E9D53E363CBDBFF54A1DC098
:10E53000158C2ABF6DC51AC090A048C04BC803C037
:10E540001FF48AC0F4FD54BEE17ACC3FCC7F2CC0CE
:10E550004703F83D8FE498400C0291407DAE0240A5
:10E56000363C5D3F0B4645403480DF3FA8575ABFDD
:10E5700048506C3F6A4DB3BEE78C30C083512DC00C
:10E580004F1EBEBF832F943FFFB21F401DC901C065
:10E59000E4834A403C4E91BFA9A48E3EC3F528BEF9
:10E5A0006F121B401D3807BF711BCDBEB8406EC037
:10E5B000B22E7AC0E71D873EC1CA21BDB515A1C0E4
:10E5C000F853BB3FEA04FE40A1F8E9BFF706F1C0EB
:10E5D0008885F23FB537783F075FE6C0A301F84072
:10E5E00017489C40DDB5A8C06744A740A1D6CC40E1
:10E5F000BC7404C19A77BAC002BCE53E17B7F540B7
:10E600004469CFBE355E9A3ECF6605BFA30194BF75
:10E61000B003C7BFECC059BFFC18E3BF7FFB2ABFE4
:10E620000B46C53E4A0C7E40AE474940780B64C05D
:10E630009FABADBE780B58C0ADFAAC3FEFC98F4071
:10E640004F40A3BF637FD9BE1748803FF54AA13F23
:10E65000D04444C080484F40423E6840CB10A7BEE3
:10E66000C7BA6CC0789C8CC09A7740C0AB3E3FC0A4
:10E670003A2332C086C978C0B8AF1740E86AC340B1
:10E680009487853FA60A36C00681153EA5BD21C0E8
:10E69000F90FE93F9CA22B4094F6F6402B18453F1A
:10E6A000ED0D5EBF1EA7283F76E09CBD14AEF73F80
:10E6B000C217564076E02C4097FFF03EEA0454BF64
:10E6C000613245BF14D074C0DC6838C034A274BE57
:10E6D00023DBB1BF8E0670BFB8AF833E74465CC00B
:10E6E0004D1518C0C74BEFBF2653EF40A1F8294086
:10E6F000B1505B3F4FAFFC3F8FE4223F55C10C4010
:10E70000211FF43F81260E40D7346F40355E3ABD5D
:10E710006519AA3FBA6B89BFE3369CC0A7E880C0E1
:10E72000F6971D40F9A0873FAED873C0206376C02E
:10E7300046B6633F6F8104BF88F417C06076A73F79
:10E74000A8C66F40378965404CA64A3E857CD03EBE
:10E750006FF095BFBADABABF9FCD0AC0F9A0BFBFAC
:10E7600097FF98BF136133C0F4FDECBF7FFB923F6E
:10E7700050FC7040068129C05EBAA13FAC8B1FC01F
:10E78000508DBFBFAEB6223FD50958405986283FAD
:10E79000C442DDBF48E12ABF09F9C03ED0D58E3F53
:10E7A000696F703D64CCBD3F5A649B3F2B87C0406E
:10E7B00048509C3F66F75CC087A71BC0D1915CBFE7
:10E7C0000F0B11C089D2DEBA99BB96BB54E3853ECC
:10E7D00061C3533D11C75ABF6F81143F8941E0BDEA
:10E7E00012835C401AC0BB3FE948AEBD022B3BC060
:10E7F000A4DFBE3DED9EA43F0000903F17B721BFB0
:10E80000190480C08E758DC0D93DC1BF62A1AE3FD5
:10E81000DB8AFDBD44FA4DBFCDCC1CC06D56874090
:10E8200034803B40029A5040E3C740C0A167433F59
:10E83000CB100F40812622BF3B702EC014D0E4BF06
:10E840004F1EEEBF87A7273F6DC5FE3D14AEE7BF45
:10E85000A5BDE1BF560E31C0FB5C853F1B9E6640E7
:10E860002EFF2D402EFFB9C0DA1B7CBF5B42364025
:10E870004A7BA3BEAAF15E405B42224088F49B3FE4
:10E8800051DA4340C3F58A4096431B40E5F20FBF7F
:10E890008F5364BFA8C68BBECCEEB13F8F53F43EFE
:10E8A0003D9B05BF1B0DB0BF2B87F63E24281A40A9
:10E8B000AA82A1C0933AB3C066F738C01C7C1DC0C1
:10E8C00055C1F03F7C616640B5157B40A5BD8BC04E
:10E8D000BBB80DBDF54A59BEFA7E6ABE77BE6FBFA2
:10E8E0007E1DD8BE3D0AF7BF5DDC16C04A7B3FC027
:10E8F00054520FC037894D40FE431A4090311B409F
:10E900008E7511BF4703C03F9E5EB1BFC74B274006
:10E910001C7CF1BFA8C6B3C011C7EA40C520A83F00
:10E92000AF94E5BE6B2B8EBFC807F5BF304CA6BFBA
:10E9300003090ABF1A5182BFB9FC27BFF8C2043FBE
:10E94000F5B94ABF1B0DB8BF9D1183C0E9481A40F5
:10E950006D56C53FAF25643D69005F402CD4DA3F5A
:10E960000AD753BFBD52E63F8C4A0640B459053F13
:10E97000A7E8E8BE5A643B3EF9A0673EF77510C0B1
:10E98000B3EACBBF98DD33BF8D282940F706274077
:10E990001D3881401904F6BE25753AC0D0D562C035
:10E9A000545227BF29ED09C04F1E064062A19E3F69
:10E9B0005986983E355E6A3F72F903C0645D244013
:10E9C00040A4DFBDADFAA4BF645D24C0849E15C021
:10E9D0004BEADCBFA91310BFB6841CBF871635C035
:10E9E0007F6A24C0098A57C0E41411C055301A3F09
:10E9F000D3BCC33EB7D1BC40A857B8404B59FE3F2B
:10EA000017B7313FF9A09F3FE3A54F40BD52D63E17
:10EA1000B4C8263F0091EE3F3255B0BEE41401C0A9
:10EA20006F1233BFC1393FC0166A1DC073D78ABF8A
:10EA3000925C5EBF992A18C04F1E024041829C40E2
:10EA4000BA6B8540986EA23F1136B43F32E6F63F6E
:10EA500060E5F03F40A47FBF674441C0C74B4FC053
:10EA6000AF94E53F3D2C9C3F2428F6BF39452BC091
:10EA70006B2BCE3F3BDFE1407FD90C4154523F40EE
:10EA8000F90F15C0D7A3D2C06E34C8BF70CE4040B6
:10EA9000A54E80C0F90F81C00E4F1FBF4C3719BF64
:10EAA0008BFD55BF516BA23F508DB73E58393CC0CE
:10EAB000E4839EBF39B4A8BEE5D016406E3444400E
:10EAC000091B4E405A648B3F71AC0BBF1361033E70
:10EAD000B7623F40F0A7C6BD99BBA6C0B840CABF49
:10EAE00070CE24C055C114C01A519ABED5092C400D
:10EAF000E5F20F3F5D6DC5BF992AF8BF5C8FCA3F35
:10EB00003B702AC046B637C07D3F69C0F5B91ABE12
:10EB100024B9843FF2419340BB2733408F5314BF45
:10EB2000FAEDEBBDE86A6B3FC2178440265335BF50
:10EB3000CBA149C0CFF70BC091ED20C00DE05DBF68
:10EB40004F40FB3FE7FB7140F697ED3FD93DD1BF0A
:10EB5000F31F72C080487FBF7DD0833FDC46533FA8
:10EB60002BF61BC0287E58C0DA1B2CC0AEB652BF95
:10EB7000FA7E8ABF9A9919BDEC2F4BBF41F1EBBFCA
:10EB800030BB07BF68227440B9FC1340925CCE3F93
:10EB90007A368340B459B5408FC285BF55C1A83D70
:10EBA000CDCCCCBDAE4701C007CE09BF36AB1240BD
:10EBB0006B2B563FD5780DC0D57859BF99BB064011
:10EBC000FAED5F409E5EA9BDEC2F9BBE3A92DBBF83
:10EBD0008F53AC3F62A1AE40750246C0EE7CBFBD14
:10EBE000ABCF95BF46B6A7C01F851B40832F0CBF78
:10EBF0007FD971C07368F9BFF5B9EA3F63EE3E4053
:10EC00005B422E3FAEB6EA3F1895A440D509E8BE58
:10EC1000A7E8183FDAAC1ABFA913603FE02DC0BFC8
:10EC20001AC0DB3E6D5611C0764FA6BF68B32ABE30
:10EC30002506D9BFC7BA983F9CC4C2C094878740F5
:10EC40006DE7FBBE1EA7683DBEC12BC07DAE4EC0AA
:10EC5000068195BEF2D22DBFF9313240CF664140D8
:10EC6000228EE53F6C090DC0553046C0DE02F13FF3
:10EC7000EA04143F4013D1BF3F35F63F6FF0914097
:10EC8000363C87C0143F46BCB51513400612B4BECF
:10EC9000189524BFBDE3204003781740CDCC0C402D
:10ECA000E7FBF1BF60E5A8BF1F856BBD31082CBF36
:10ECB000598638405DFEC33E4772793FD3BC3B4026
:10ECC000F1F41ABFA69B5040BBB8214017B7D13A08
:10ECD00016FBB9C0827376BF16FB9BC0D42B4DC008
:10ECE0001AC05B3F96216E3F23DBB93ED1919CBE9B
:10ECF00096436BBF1B9E8EBFB9FC57C077BE27C023
:10ED000044FA7D3F583934BD302A69BE04564E3F1F
:10ED1000E9B7DF3FE9B7034014AEC73EFE658D405B
:10ED2000DBF9BA4040A4D3C0569F47C096438BBD81
:10ED3000B9FCA73ECCEEC9BDB0038FBF575BF9BF8E
:10ED400060E51CC0E10B8BBF4260ADBFCE88923F37
:10ED500039D63540A301704074242B40CD3B2E4062
:10ED6000BF7DED3F2F6EB33F4A0C6EC041823AC06B
:10ED70006C789ABF319986C0B6F33D400681D53E86
:10ED80009B555F3E1B9EA6BF508DAFBFE0BE6EBFC2
:10ED9000ADFA94BFFFB21BBF8D97124061C30B4009
:10EDA000C1CA494072F957402E9000403F354EBFCE
:10EDB000863886BF1361333F54E3E5BFDE93C7BE99
:10EDC0005BB11BC0FDF619C0A7790BC04E62204095
:10EDD000D26F1FC0F628FCBEE78CF83FC1CA21BF26
:10EDE0009A9981BFB003E73FA69BC4BF1973DFBFE9
:10EDF000B5A699BEE258173F8CDBE83E2AA9BBBFF7
:10EE0000FE43C2BFA77917BF0A68B440A1F869C022
:10EE1000499DF03F8AB06D40759344400DE069C054
:10EE200023DB89BFD881E33F849E6940492E7F3E22
:10EE3000000024C05B42A6BFDB8A9D3EA5BDB9BFD2
:10EE400089D23EBF1AC083BFF6976D3FF0A7C6BDFB
:10EE50000681B5BF29ED0D3FB0720040560E494006
:10EE600060761740F93136BF7E1D34C0BC74E3BFF5
:10EE7000FED4F0BF54E311C0583994BF6F128B3FDA
:10EE80007E8C39BD8FE4D23F57ECAF3D575BE9BF75
:10EE9000CE8842BF992A80BFBBB88D3CD1911CBFA0
:10EEA0005839343C280F1B3F62A1D63D39B4C83EC7
:10EEB0000EBE3440B537D8BE068195BECFF75F4051
:10EEC00089D25E3DB76237407AA58040B29DD73F78
:10EED000363CEDBFB4C83AC04F1EB6BF19E268C099
:10EEE000105801C0EFC91BC0C1395BC09BE6E5BF2C
:10EEF000F9312E40C442D340C1CA1140083D9BBDE8
:10EF0000840D0BC08941883F7FD99DBE0BB5463F1C
:10EF1000E0BE88C09D1197C0863822C0BC9684C0D0
:10EF2000D3BC17C06ABCF43D9CA2733F6900EFBF1D
:10EF3000F241C73F82735A404A7B733FA7E8C440FF
:10EF400026E4A140182657409A088B40426055BFDE
:10EF5000E0BE8E3D2CD49ABF10580DC070CEE8BFD5
:10EF60003FC65C3DA4DF863FD34D323F3C4E413F20
:10EF7000984C15C06F128DC0E6AEE5BFF90F9540F5
:10EF80008351E9BF5C8FC2BE764FDE3E226C683F84
:10EF9000091B963F13F281BE158C7ABF5AF5D13FFB
:10EFA000DC68C03EB3EA933EF2B088BFB537803F1D
:10EFB000EC51683F696F103F88F41BBF705F37C02A
:10EFC00010E953C027A0A1BF575BD93F6B2B163F59
:10EFD000EC51244038F83640711BCD3F6ADE0540C5
:10EFE000C0ECDE3EAA60843F8C4A9A3F5F0732C085
:10EFF0005DDC16BFA1D6B43D3E7934C0F853B3BF33
:10F0000054E3653FC217C6BE1973F7BE789C26400D
:10F010000F0BB5BD8863BDBE1973E940BB27D73F51
:10F02000C3645A3FA52CD33F44FA8FC0FAEDEB3BA3
:10F03000BC96F8BFAD69E6BFAE4725C0A47069C0F5
:10F04000499D14C024281E3F5227A03E560E0D4055
:10F050007FFBC0C027C2AEBFDCD7C1BEA857CA3C29
:10F060009E5E293F6F81443F96B254400E2D46402C
:10F07000B4C8463F4D151CBF12A5853F03096ABFA2
:10F08000492ECF3FEB7313C1547486C0DB8A2540F1
:10F09000666612404A0C06402AA93740D044C83F51
:10F0A000B459B5BE4260E5BC637F854007CE2140C0
:10F0B000F54AC1404ED13D40767183BFC58FB9BF7F
:10F0C000D9CEB5C03CBD7AC05A647BC05E4BCEC0C1
:10F0D000462525C0197395C0F5B9B2BF61324940C4
:10F0E0006ABC8C4011360CBF25062D40F46CC24022
:10F0F0009487C5BF3D9B754054E3B53F158C92BFC7
:10F100006C78FA3E029AA83F827302C0DC6810C095
:10F1100060760BC0A5BD4140A7E880C0A245AEBF48
:10F12000645DFCBFB29D9FC0EC5178407593244054
:10F130007B8333C0D6C5A7404B5906C0C520944039
:10F1400034A2F43FC6DC753E83C09A3F5F07F63FAA
:10F150003C4E01BFACAD04404BEA54BFA913B8BF4D
:10F1600019E2903F2653853E8B6C9B4088F487C004
:10F17000637F87C0CFF713BE121427402B878E3FC3
:10F1800042605DC00A68E2BF4772A13F48E1FABF32
:10F190009A7794C075023EC0287E6C3FEA04443FD3
:10F1A000C4B10E3F48E1BABED8F06CC0516B82C00A
:10F1B0008D28A1C0A60AA63E31084C40560EDD3F60
:10F1C000CC5D3BBF3A923B40BC9670409A082740CA
:10F1D00001DEA2BE79588A409D11F53FAED897BF97
:10F1E00083C04A3E827312C017D96E3F4469734090
:10F1F000CE1945C04A0C823D5E4BF0BFD200DEBF47
:10F20000910F82BF77BE1F3E1E162ABEFF2179C016
:10F21000234ABBBE7AC7A93E5BB18F3F3A23FA3F70
:10F22000A24586BF319912C0789C6A40C807B14098
:10F23000E9484EBF08AC7CBFF4FDFC3FA4DF4E3F65
:10F240000F9C63BFC3D3D33FDFE0DBBF182653BEA1
:10F25000C8071DBFC5FE724058A8354075028C40D6
:10F260000E2D9A3FC217C0C023DBC1BFCA3264C093
:10F2700060E5603FB3EA53BF5C20713F6822ACBFDA
:10F2800033C4F9BF32771D4067443D40A7795340EE
:10F29000431C13400F0B853FA245D6BEA245B6BD09
:10F2A0008E7591BE67440D401361D33FF163AC3E50
:10F2B0003A238ABF51DABBBF5C8F62BF5F29E33F4D
:10F2C00004568E3D4BC8FFC0BB27ABC08863B53F1B
:10F2D000371A38C04D844DBEA913B03EA2B4473F83
:10F2E000744614BDB30CF1BF71AC9B3FDDB57040EB
:10F2F000728AC63F613295BEB5A68F40C74B1B4090
:10F300001D5A043F8CB9A33FC44245C081268AC020
:10F3100085EB09403411DEBFE2E925C02E90C0BF65
:10F320008351B1BF8E0600BFAAF1223F6D56F5BFD3
:10F330000612FCBFC7BAD8BF86C920C0D3BC47C01D
:10F340007AA5C4BF0B24784051DADB3F2BF69140FD
:10F3500069001340F016E0BFA7E8E8BEE2582F406E
:10F36000F77510C067D5E7BD6666AE3FD42B014088
:10F37000547484BE696F403FB9FC073C1283C8BF18
:10F380008C4A3AC0E78C74C06C78AAC0F46C12C086
:10F39000083D53C02FDD4C40D2007E404A7B954053
:10F3A0003480734023DB5D408273263F3411763F07
:10F3B000CA32C43D8E06C0BFF085993FBB27E7BF68
:10F3C000E4149DBD19E238C05DDC76C0917ED3BFE8
:10F3D00074B53540849E6D40AF94353FB98D86BD80
:10F3E00003787B3F02BCCDBF81950BC0B7D1C0BFB6
:10F3F0009CA223BF46251140BBB8DD3F14D08CBF73
:10F40000CF66853FCA32B43F2CD41A40BDE3C4BF97
:10F4100073D70640C217CE3FE7FB19BF24288EBF23
:10F4200074B595BD083DBB3E8A1F0B40211F243F8C
:10F430001E1652C02B1887C06F12033AFE43844039
:10F44000D26F3B400BB58040637F81BF92CBE3C05E
:10F45000A470BDBEC364CA3F9E5E293E6E34F8BF31
:10F46000948759C0A779ADC09A7758C0CE19113E7C
:10F47000190456BEA1673BC07E8C75406210AE4039
:10F480005B420A40EF38D5BF8C4AEABC992A7440E7
:10F4900020D2CFBFE9B7CFBEA7E858BFF24117408F
:10F4A00020D2AF3E9FAB2D3DB1BFACBE83C0064066
:10F4B000D9CE7340E3C7BCC0A7E886C0B8AF37C099
:10F4C0005EBAA54030BB95C0BC05B4C0A52CE33ED8
:10F4D00007CE6540FFB2C1401CEB1AC0C9761EBF03
:10F4E0009A0803407E8C654052B8E440C13995C00B
:10F4F00065198640DDB5A43F206332C139D69940F5
:10F500007424A9C06C7816C03789F13FD509F0BFC3
:10F51000C9E533C0832FAC3E6A4DF3BF7368D1BEDB
:10F5200005C55F3F14AEE7BEAF25CCC0CBA1E53E1D
:10F5300088632D4060E524407A368D401F859940D0
:10F540000B46A5BE575B7140280F2F40F2B030C06C
:10F5500076717FC0AE47BFC0AF252CC06DE70041BC
:10F56000E336664020639E3F42605D40D5E7AA3E99
:10F57000F31F323F3E7998BFFE650FC086C904C0B5
:10F580007B83AF3D1E167E403255903F7FD99D3F15
:10F5900010E9273F3D2C74C091ED6C3F166A59C0AD
:10F5A000D7341FC0C3F520C0F7E401C0B53788BF0A
:10F5B0002506813F4182323FAD69DEBF97FFC8BF5C
:10F5C0007DD0CB3FDE713ABFB515FBBDCBA1DDBF12
:10F5D00036AB1A405C8FE2BEC3F5C0BF499D784090
:10F5E00029ED0D3F9487653F62109440B81E853E1B
:10F5F000DA1B38404694663F5305A33D05A30AC075
:10F60000CE19C1BFF7E4813FD122ABBFBBB85D3F8C
:10F610002C65993D280FBB3F1F854B40BB270B40F6
:10F62000158CD2BFAF2530C0EEEB30C00091124038
:10F63000E17AF4BF26E49BC0B5A605C05DFEC340D9
:10F64000E78C68407DAE06401FF4EC3E3F352EBF90
:10F65000BC9610BD97FF14C0AC8B8B3F3A23424041
:10F660009318F4BF12A505C03EE83DC09A081B3EA2
:10F670003411B63ECCEE81BF6900ADC08CDB1840C2
:10F680005DFE2340D65650C0FD877C4010E937BD53
:10F69000F085B1BF96B2CCBF789CBA3FC9E5BF3FF9
:10F6A000DE71E23FDC46633F2AA9733F0C023B3F19
:10F6B000D7A3C0BF3E79D0BF13F2D1BFA60AC6BE42
:10F6C000591733402B180DC03C4E01BF5E4B483ECE
:10F6D0009031E5406ADE1D40AB3EBDC0F08549C0BB
:10F6E00096B264C04772EBC0DE02E5C094F6AEBFCE
:10F6F000713D8A40560E094035EFD83EFBCB2EBEF9
:10F70000AA605C40D7342B40F1F40E40BE9FFA3E15
:10F71000F93126400C93813FAC1C6ABF1D388FBF66
:10F72000F9A0673F006F09403FC6DC3ED19194BF0E
:10F7300054E3A7C0226CD0BF098A2FC001DE52C09B
:10F74000AF940DC0BEC1894050FC98407C61984088
:10F75000F9A0673EDFE01BBFC807953FDBF95640C5
:10F76000F5B90AC088855A3EC13993BF9FABB53FF2
:10F77000B459B53F4625B53E40A437C05305A3BD97
:10F780005A645FC0371AA03FEBE2024054E3E53E03
:10F79000EC514840107A8C401F852B3E0F0BADBFBB
:10F7A00070CE88BD1058D93E1826DBBF569F6B3EE1
:10F7B0007D3F0DC0FF219D3EDB8A4940A54EF2C032
:10F7C000431C3340E0BE764011C784C073D7D2BF1C
:10F7D00038F8C23F0AD7C33FE5F287BF4772B9BFC7
:10F7E00029ED4DBF14AEC7BE3480A73F7B8323C035
:10F7F0004D158CC027C2063F917E0F4087A707BFDB
:10F800008A1F2FC093A99E4026E48B3F287E943FF9
:10F810004772354036ABFE3FCF669FC005C58FBEF1
:10F82000D42BD140ABCF21C0431CB3C004E75CC094
:10F83000583974BE234AEB3F711BCDBF97908F3E62
:10F8400020410D4196218E402BF6C3C08E7571402C
:10F85000B37B5E40CEAA3B40098A17C01D5AB0C098
:10F86000E6AE9FC0136103BE27A0093CBE30D93E5F
:10F87000DE93F73FB072C83FB0030F409F3C843F18
:10F88000FA7E1ABF3867E4BED200DE3C4ED1413F5B
:10F8900022FD963FA2B4973E280F7BBF098A0FBF77
:10F8A000014DBCBFF5B922C0B9FC85C03CBD1A40B2
:10F8B0003BDF4F3E48BFE5BF8D976AC0DF4F9340A7
:10F8C000D2000E40075F783F71ACF3BF674415C0AC
:10F8D000DF4F6DBF0E4F3FBF6F81E43E86388040E3
:10F8E000643B4F406EA3D13F48E1CA3F2041F9BF7E
:10F8F00096439BBF4E620CC06F81F4BF29CB54C0AE
:10F9000083512940FA7E8A3F17B7B1BFD578693D48
:10F910009D80EE3F11C7A23FC4B1CE3FDC68C03E20
:10F9200081263E40CA3264BFC1A8A4BFCF66953FBE
:10F93000A24502406ABC9C3FF4FD6CC07B146E4043
:10F94000EC5144C06666F6BF12140F40BA493CBF82
:10F95000DC46033F567D8EC073683DC0FAEDEB3C3C
:10F96000FC1813C0B45905BFE3C7B83E52B82A40CB
:10F9700058396CC03D2CB4BEFB3ACC404D8441405C
:10F98000CAC302BED65610C08D28853F643B7F3F58
:10F9900005C5A7BF6ABCFCBFE78C28BEE9489C40F0
:10F9A000CC7F083E43ADA9BFD1225BC089D202C043
:10F9B0007F6A14C02EFF1140CC5D9B3F091B96BF90
:10F9C000426055C08A1FA7C060E5684029CB20402F
:10F9D000B537C8BF93A95A40B072083FD49AE63FE2
:10F9E0004D15CCBE59173BC054526FC0098A7F3F9A
:10F9F000A69BC4BB6076D7BF81048B40BEC1CF3FFE
:10FA0000857C10C0D0B329C08CDB90BF33C499BFB4
:10FA1000C4423D3FB5153B3E8BFD9DBF5F074EC0C9
:10FA2000F5DB17405F0732406DC5D63F98DD633F79
:10FA30002731083F4A7BBB3FBDE36C408351E14027
:10FA40009F3C2CC065AA20C0CEAA9FBF234A4FC0AE
:10FA5000986EE2BF6D56F5BF55C134C0431C5B3F85
:10FA6000789CD23FE4832E3FE2E9053F1748A0BFD0
:10FA70006ADE29C0A9A44EC005A392BE2B18153C6E
:10FA8000FF210D3F5B421EBFFFB27BC0E2E98F400A
:10FA9000DCD7CF405BD3DC3E7424D73FE9488E3FB0
:10FAA000287E8CBEE7FBC9BFCE88EABFDCD799BFF2
:10FAB0001058B9BE6132A53F97FF90BE448BF4BF8A
:10FAC000948765BFC8075D3F44FAEDBE014D14C081
:10FAD00051DAFBBF986EDABF3CBD523F764F1EC075
:10FAE000D0446440E9B7A94058A88940AB3E8F3F55
:10FAF0001FF4CCBEA167B3BF3EE829C0EC2F4FC0B6
:10FB0000166A09C0EC5168BF94878DBF0DE08D3F28
:10FB1000D7346F3DE10B333FC44211C0D0B3193E1F
:10FB2000BE3099BCC0EC5EBE098A8FBFD73423407B
:10FB30006F81AE403F35BC40F085E9BEE2E9153D3E
:10FB4000986E1E406A4D2B404E625840014D384021
:10FB5000F241A7BFCA54A1BFB459F53E295CC7BF43
:10FB600040A403C0CFF793BFD200AEBFA2B437BF4B
:10FB70007CF2903EC7BAA03F4C3749BE7CF224C00D
:10FB8000F54A593FD122FB3ED65640C0E3C7D83E86
:10FB9000E78C08BFE7FBD1BF27C2BEBFFF21A5BFCF
:10FBA000EE5A02C013F219C068B302C03EE8A1BF0A
:10FBB000780BA4BE204119404D8439401FF42440E5
:10FBC000F085F9BF2A3AB4C08A8E344085EB69408B
:10FBD0003D0A7F40AC8B9B3FB515B33F2063AEBE63
:10FBE000BC74EBBFFAED7BBFBD5216BE2B182DC007
:10FBF0008126123FCB1047BDA2B4134090A04CC049
:10FC00006132B740D26F03C00F0B65BFFF210DBF3C
:10FC1000C286C7BF022B87BDAEB6E23F1D38BF3FCD
:10FC200097FF403FA245663F5BD33C3FAC8B5BBE3A
:10FC3000394507C03BDFCFC08C4A804005A32EC0AA
:10FC40002B8736C03411B63D022B894088F4933F90
:10FC50008E75B93F16FB174057EC8FBEA470D5BF09
:10FC6000DAAC06C048E11E401895CC3F66F740402C
:10FC7000F706BF3FBADABA3F302AB93FFFB2D3C066
:10FC800051DA9B3E46B6033FA1D6543FEA9512BFD8
:10FC9000D191BCBFFB5C0D3FABCF853F4694363F57
:10FCA0006210B8BE29CBF03E423E9E402C653D40DE
:10FCB00040A45B40BA49E4BF94F632C0FE436AC038
:10FCC0009A992DC0E10B9B3F0E2DA0C0933AB13FF6
:10FCD0009621164060E55040D9CEE73F7424F73EA8
:10FCE000C74BCFBF567DFE3F43ADE93F1C7C65400F
:10FCF000C7298440D9CECF3FE414A5C0668873C01D
:10FD0000D656DCBFF1F482BFE414AD3F9487C5BE84
:10FD10002DB2B3C023DBB1BF5530D2BFA69B44BDCB
:10FD200082737240A91310408B6C173F3F356A40B5
:10FD3000F31F6A406D56A53FE3C704C0B9FC4340BA
:10FD400012149BC051DA1AC1B30C99C0BE3085C0E1
:10FD500019E2A8C055C1A0BFE33616401748703F4E
:10FD60008048C14036AB9A40022BDFBF8BFDAD3FD0
:10FD700024970FBFEF3895BF2CD41EC08FC2D1C0BF
:10FD80001F8593C0F77580BEDC46433F863856BF5B
:10FD9000355E76400C027B40454742401E160640C9
:10FDA0002EFFC93F9FCD6E40A089384026539DBF8E
:10FDB000F8535BC0E02DC83FBBB8CD3FA8577AC011
:10FDC00062A1B6BFEA04743E189514402497FF3D23
:10FDD0002B18054034A2CC3F3255503F2DB25DBEAA
:10FDE000C1393BC05B429EBF3D0A8D40643B53C05E
:10FDF0001F85B1C06822184048BF2940840DC73F05
:10FE0000986E2240E02DE03F832F50C0FCA991C0A6
:10FE1000304C46BFDB8A7D3FB072883EF2B0503F27
:10FE2000C0ECDE3F0D71DCBF696F74C0448B1C3FBA
:10FE3000CEAA7740FED4C0BF2E9098BFE926A1BFBE
:10FE4000583974BF40A4EF3FE3A51BBE091B84C013
:10FE5000560E0DBF4BC8473EB6F33D3F158C9E4036
:10FE6000A54E9EC0857C28C011C73ABF95D43DC021
:10FE7000DDB55040D26FA9400DE0AD3F7C61B2BE10
:10FE800038F8C23C2C6509BF6ABC843F44691BC07A
:10FE900016FBBBBF2A3AAE40D5E70A40470398BEDF
:10FEA000E3C7F8BFFB5C9740D712723D789CA2C0B5
:10FEB0005DFE533FC0EC9EBFA91358C0E3A57BC0B5
:10FEC000431CB3BF4BC843C00DE06DBFCCEE254013
:10FED00068B30640C1A81C40BC05123FF31FA23FF7
:10FEE000FE65073F8FE472BE4182A23FADFA7440C7
:10FEF00090A04840F38E8B3FAE478BC0933A91BFA2
:10FF00003F353EBFEE7C3FBF7368A1BF333343BF75
:10FF1000DE718A3FB3EAD33FDCD7993F2EFF114011
:10FF200026534D4070CEC83F6B9AA7BFF01604C051
:10FF3000C44225C0E02D10C01F85ABBFE5F2CFBF86
:10FF40003333233FC3F538408D28BD3FEC51A8BF64
:10FF5000A4DF4E3FE561A9BF11C7AA3F3B01EDBE3B
:10FF60007446104098DDDBBF7D3FDD3F1F850F40AD
:10FF70005F298FC0C5FE223F925CC63F143FA6BFDB
:10FF800083C0AA3E1D5A94BFEA95323E3E7988C08E
:10FF90001DC9A34052499D3E5AF529C0764F5E3F88
:10FFA000F54A81403867F43F6D567DBEE17A94BFD3
:10FFB000DAAC6ABF371A10C01F857B40DBF93240CC
:10FFC00070CE783FDBF99EBE26E42B40098AE7BF5E
:10FFD000A4DFC2C02D43A2C0613205405DDCC6BDB6
:10FFE000E78CC0BFC8983B3D917E83BF637F0140D3
:10FFF000CDCC0C3E6ABC743EE9489E3F083DC33FF1
:020000040803EF
:100000005DDCC63FEA95923F8F5358C03F354AC0EA
:100010002F6E2FC0713D823FA167CF402AA9BB3F01
:10002000D044A0BF2BF657C0CAC362C0FCA9ADC064
:100030000E4FA7BF7FD98B40BADA6A4036CDAB3FAF
:100040009A779CBCCA54E13E8AB061BD7368A13FF7
:100050005EBA9F402C65F13F5D6D894011361040BE
:10006000EE7C9F3F94F6A6BE3789E9BFC7290A3FB9
:10007000A24576BF63EE1AC0C5FEB2BF6DC5AE3FE6
:100080000AD713C0128382C0B29DC7BF39B454C00F
:100090004A7B85C0FC1877C026E467C032E612C0F0
:1000A0000C02EB3EB1508BBEE3361ABE3199DABF7B
:1000B0004ED1113D7CF2C03F151D893FF90F493FDC
:1000C000302A493F27A0893C60E550BF54E3A53D55
:1000D0005A640B3F62A19040234AE5402BF697BD3E
:1000E000E2E93DC01F85BBBFF2B0883F96214E407C
:1000F000A8354540812632BFE8D96CBF18268B3F12
:1001000031082C3EE4836EBF615432BF26538DBF4D
:10011000FE651740EC2F8B3FD3BC33BFAF9415BFA8
:100120002B87BEC0979087BFE6AE8B40AA60243F66
:10013000A1D618C0A60A96BF865A93BE14AEA7BF12
:10014000F5DBD73D2EFF2D40FB3A48405C8FB23F98
:1001500019E22040D5E75A3F3F3586BF742433C0AB
:1001600005A3DABFB150F3BF863856BE029A90BFDE
:100170009621AE4062A1763FB1BF9AC0BF7DD53F08
:1001800085EBB13EE4142D3FFA7E6ABFA32355C030
:10019000C7BA20C01214A7BF787A1DC09CA2CBBFDB
:1001A0001A51DABD96B2A43F1B9EDE3DB5A6293F8B
:1001B000C52070BF8BFD09C0499D84C068910D3F6B
:1001C000295C6B4034118C40CCEE914073684D40FB
:1001D000029AE83F8104F53F72F9AF3F09F9A0BFE9
:1001E00093A9B2BF3BDFCF3E85EBF1BE95D4A1BF53
:1001F00089D24E3FF6282CBFAB3E5BC0690053C08E
:1002000066F7384027C206BDB7D18640B4C8563F0E
:10021000A9A416C0ED0D0EC00C93554031999ABF9C
:100220007E8CF93F34116A4076718740AED8973F93
:100230001361EB3FD6564CBF3C4E51BF3EE8793F71
:10024000917E0BC0F31F1AC01F85EB3E9A0807C0B2
:10025000B81E05BEEA95BC40CE884EC0F8C2B43F79
:1002600039D641C04BEAA0C03C4ED13D9487FDBF7A
:1002700011364C3FD881D33ED5E74A3F3B703E3FD5
:100280008FC22DC06DE74BC0AF94CDBF71AC0BBF1B
:10029000CE1965407446943D40A4FFBE2063EE3EF7
:1002A0007AA54CBF9E5E19BFA089B03DE3C76C40E4
:1002B00055C108BFA3019CBED509683F8A8E44BFC3
:1002C000EC51803F014D043E2A3AEA3F9B555FBE08
:1002D000F163ACBEA54E28409031D7BF1A514ABF3A
:1002E000ED0D863F029A08BF98DD85C045D82840AD
:1002F00021B0723FEC2F9BBE9031A7BF71AC2BBFDA
:100300004469BF3F2DB28D3FF2B07CC06C78923F04
:10031000A69B34C0B9FC3BC0764FDEBF143F8EBFF6
:10032000832F4C3F21B0823F3B7012406822E43F54
:100330004469D7BF19E208C0B84082BD9FCD1A3FBB
:10034000AB3EAF3FF90F093F863836C052B8FE3F8B
:10035000903177BE9CA2EBBF19731740575B954055
:10036000295C4F3F67D5073FB22E4E40EA95324099
:10037000ED9E14401283C0BD091BA6BF917E2B3F8A
:10038000006FA1BE65AA04C0F9A0E7BE66F7243ECF
:10039000E8D92C3DF31F72BF696FD0BF508D87BF66
:1003A000EA95D23E539661BE0AD733BF4DF30AC0D9
:1003B0003D9B253F35EF3C40EBE206BF02BC35C01C
:1003C000560E35C0B459D5BEBE9F26C08048EFBF7B
:1003D00021B0A2BFC3F598BF0D711CBFD20096BF5C
:1003E0007AA5ACBDE09C8340D26F7F400F0B75BFF8
:1003F00051DABBC00D7168406D568140B29D3740E7
:10040000713DE2BF73D7223F45D82040DF4F054002
:100410008C4AF23FE3C7C0BFCF6665C0348089C055
:10042000151D35C03BDF2FBF4FAF543F58CAB23FF9
:100430004FAFB43E903183405DDCCEBF1A51AA3F2E
:10044000295C0F3F6A4D03BF6822D4BF3FC63040CE
:10045000B51583C0E336C2BF1EA7A03F3E79983EC4
:10046000C7BAC83FE10BB33E643BB7BFAC8B03C018
:10047000865A13BF41822240713D4A3F2F6E5B4036
:10048000D42B3DC00309DABFE78C58BF0091863FEB
:10049000B9FCA540B1E121C0FA7EA23FCE88D2BC12
:1004A0004B59063D81959BBF014DA4BF5BB16FBF0A
:1004B000FD879CBF39B4D8BF1904EEBF5F07AE3EBD
:1004C0006688C3BF9E5E81BF91EDCC40211FF4BF03
:1004D000FDF6453F569F1B3F36CD3740B45941404E
:1004E000E3A5134001DE62C020D2AF3E1B0D00BF6A
:1004F000D93DD5C0795864C0A9A42E404260494076
:1005000094F6E6BF66F74CC0DE71CA3E4772C93F3B
:10051000A01A2F3F0EBE00BF1283983F705F1BC012
:10052000871639C06822ECBEDE02093F022B034069
:1005300074249D40ED9E4C3FD93D393E91ED544091
:100540001B9EF8C0CE882EC030BB07BF67D5D7BF73
:1005500033332BC0113686C0E71DC740CC7F8440A3
:100560005DFE9B3F234A5BBF54E34D405F983040A4
:100570000B46554092CB13C0F706BFBF95D4A13FA1
:10058000CAC33EC0984C1540378995405E4BF8BFB2
:100590008A8EA4BE41F1433F97FFB83F0D71843F5F
:1005A000F90F493FF931E6BC1A512A3F083D0B408B
:1005B0001973234039451F40F90F3540BDE314C07E
:1005C000C58FB3C0DDB584C012830CC0A2B437BEE2
:1005D00061C363BF05A33AC0113604409031E73FC1
:1005E000711B8D3D0BB5A6BD5DFE033FF90F69BFC5
:1005F000BC74FB3F8D97BE3F8A1F43BFA4DFB6BFCD
:100600008E75B93F787A1140492E873F3BDF4340D2
:100610006FF02540C89853C06ABC38C00E4F6BC0FD
:10062000A1D67CC0840D0BC03411F6BE72F9A54072
:10063000107A2EC060E5D0BE9487E7C06EA3813EDD
:1006400057ECDFBF32E69A4062A11A40DCD703C103
:10065000F085A9BE67D5873F621058407E8C09BFE0
:10066000FF214D40BBB86D402F6E3BC08B6C2C41C1
:10067000CF669D40ED9E02C1AA8261BFCD3BAEBF59
:10068000E9B777403C4EC13F3789C13E21B0EEC04B
:10069000B98D66BF865A1F40B6F31D4011C71AC0F8
:1006A000AF94B5BFBDE3943E27C20640FFB21B40E6
:1006B000643B8740DC467FC05452D9C0325588BF66
:1006C00019731B40D95F163F43AD99408A1F63C021
:1006D000DE71A2BFC89885C0A1672FC0A01ABF3F16
:1006E00046B6BB3FC3D36BBF9643BBBF2497A5C0E1
:1006F0000A680EC035EF583FBE9F5A3F48E1D440CC
:10070000F90F293ED71212BF5E4BA8BE9BE64940A7
:1007100048E1BABFE63F543F3EE82540BF7D114067
:10072000BA6B7540917E1F405305EB3F234A1B4037
:10073000575B913E6ADE2DC07CF2903EA3010CBF58
:10074000EFC923BF2D219F3EB37B823FBDE308C08D
:100750003E7958BFFD8798C0485020C05C8F9A3FB3
:10076000423EB4C00B24B03F2AA94740560ECD3FAD
:10077000948771C0D42BEDBF7A361B3F4CA65ABF6D
:100780003789D1BF26E467408FC2653F2F6EFB3F9C
:10079000ACAD6040637FB9BE925C1EC0333343BFD3
:1007A0006C0949BF2506C9BF9D11653E32E61EBFD3
:1007B00051DA9B3D58CAF2BEF016C83F50FC2C409F
:1007C0009318943F89D25E3FB762D73FA1F8A13F0B
:1007D00074B515BFF6282CC004562AC0787A75BFA8
:1007E0003B01D5BF8E752DC0A913B8BF63EEFABE0D
:1007F000DBF9E63FCAC3C2BFDCD791BF3411A040CA
:10080000B6F383403D0AC73FAD6972C0C9E50B40EE
:1008100021B02240E336D23FDF4F3D3F2575623F96
:1008200042CF663FE09C31403E79584071AC234056
:10083000CDCCEC3E2CD402C0492EEFBFC9763EBED3
:10084000DB8AE5BF211FA0C07CF264C06D56A5BF46
:10085000545203C04D84EDBF6ADE813F524931409E
:10086000280F8DC0D93D5DC06D564DBF44FA8D3EF9
:1008700071AC234080B7184010E9A73FE02D103E2F
:100880007A362B3FDFE0F33F925CC6BF54E315BFDF
:1008900019739F3F6D560DBF2B87763FD9CE0FC082
:1008A000151D39C0508D6FC09BE6C540812626407E
:1008B00098DDD33EC1CA8BC044FA8BC02D4354404F
:1008C000849EFD3FCA32FCBFE5F28FBF857CF0BF3E
:1008D0000681ED3F0DE0214093A922BF083D9B3EDC
:1008E0006F127F40DC46E33E71ACABBF59172BC0A3
:1008F000228EC53F64CC354085EBB1BF0C020B3F67
:10090000C4B17EBF8273463FB3EA033F8D28ADBEBC
:10091000D34D423F01DEC2BE01DE223F7DAE36BD79
:10092000C5FE323F07CE15C0B6F30DC05C2061BFD7
:10093000F628F43F9D80FE3FADFA284046B6BB3F07
:1009400017B7913FC58FF93FC9E5DFBEAAF1DAC0FD
:1009500091EDBCBEFD87CC3F5EBA6940910F264049
:10096000F2D27D3FBADAEABEA5BDC9BF7AC7B1BF30
:1009700031085CBF17B751B99FCDAA3E41820240F2
:10098000B6F3F53F4850CCBF810409C088F40BC0D2
:10099000A47001C099BBDEC05AF5854066880F403F
:1009A0000B46353F40A49F3F711B9D3F075F48BFEB
:1009B000F5B9B2BF3FC61C3E6519823FB29D8F3F5D
:1009C0008638B63F39D69740D34D8640780BD4BF92
:1009D000D5E7BA3F8863DDBE3199A2C0E6AE95C0C7
:1009E00081044DC017D94E3EB81E55BF24970F3F06
:1009F000304C66BF575B99BF1214FFBE098A57C0BF
:100A000031994AC0D9CEF7BEE02DD8BF0B46B53FCD
:100A1000AB3EEF3FB37BF23F58CA323F499D0C409B
:100A20000612443F5F07AEBE79E986BF917EFBBFE9
:100A300055C19C40B5150F4052B8DEBEE92661BFD6
:100A40006FF041C0711B8DBF7AA568C03D9BED3F23
:100A5000B684104098DD733F39B4A8BFF0A7863F35
:100A6000A2B4773FD93DB93FDCD781BEDAACD23FE3
:100A700064CC0D3F38F83240EE7C13C0F4FD4840A2
:100A8000418262BF6E3400BF05C581C0211FD43EC4
:100A9000569F03C02AA9B33E8C4ACA3FBD5216BE18
:100AA00017B799BF88F4A3C045D8D0BF8CB91BBF76
:100AB000F9A067BE51DA77C08A8EB4BFDAAC844041
:100AC0008E753540F2B0B2409C3302409318ACBFF3
:100AD0001EA788BE0D71D43F5C8FE23E36AB3EBF91
:100AE00035EFD83E1E16B04018955C40302A79BFCD
:100AF000C2178E3FA52CA33E849ECD3EDDB564BFBC
:100B000071AC85C0075FA03F07CE81BFCAC3E23F7B
:100B10007FD9B5BF54740040AD69D8C02B87B6BF2C
:100B2000857C60BF3B01FDBFCFF703404FAF9C3FCB
:100B30006666063F764FDE3E8104ADBF8E0638C046
:100B40001AC043C0DA1B1C3F462511405917BF3F4E
:100B50007FFBBA3F6C7846409CC4C03F40A499C01C
:100B60008CDBF0C09D8026BF9CC400BFC1CA314051
:100B7000CAC33640E2E9853F20415D40E17A44BF87
:100B800008AC6440098AEF3FF7E421BE73D7E2BFA7
:100B900005C5AFBE8D282DC08D2845C0E17AF4BFB4
:100BA00008AC48C0B003873FFBCBFEBFBC96F03E0D
:100BB00058CAB23D569F23400EBE30BE6DC55EBFC3
:100BC0009E5E094096B28C401B2FA34048BFA3C035
:100BD0007C6132BF36ABBEBF83C04ABD499D503F2A
:100BE000FDF6B53F6FF005BDB072E0BF9FCD0EC002
:100BF0001D5AA4BE6C78FA3FDA1B9C40E258F7BF3E
:100C00007424E7BF8D2829C089D26EC008ACBC3ED1
:100C100080B7903F58A89F4041F183BE2041B13F2B
:100C20009790B7BF5F2993BFE71DE7BFF2B0103EB3
:100C3000448B244093183C40A69B343FD0D5D6BE6D
:100C400039D685BEC1A8243E8D971EBFE336BABEF5
:100C5000F24185405917B73EF085C93DF6971140DE
:100C6000D712F23E7B14EAC0DDB544BE304CA6BEBE
:100C7000964389C06744E1C0992A9CC09FCDCABFF2
:100C80008CDBB83FA5BDF13FEF38153FC1A8243E2E
:100C90001EA728C0F01688BF643BFF3EBA6B4D40CC
:100CA000C976CA40C5FE1041A4DF004124B9DCBEAC
:100CB00014AE0740DA1B04C0A7793BC020D2CDC0D8
:100CC000401339C0871669BF5D6D8DBF7FFBAABF1A
:100CD0009565083DCAC3E2BE8D978E3FCCEE4D4070
:100CE0007FD97DBE933A71BFB1500340D5E75AC05A
:100CF000470358C02506C1BFBC96904065AA604016
:100D0000A245563F82E2A73E65198640A8C667C045
:100D10001FF48C3FB81E3540B1E19D40643B9D40BF
:100D2000857CB8BF832F96C0840D3FC032770DC03D
:100D3000A08904C06C787ABE02BCDDBF1D5AE43EB7
:100D40003CBDB2BE68B33A3F90A0A03FF0A7C63FFB
:100D5000645DD4BF1973D7BC9790A7BF6FF0753F80
:100D60003BDF73C0DF4F11C0ABCFF5BEA69B443B4A
:100D700021B08ABF228E65BF448BECBF38F88A4011
:100D80008FC211400B24903F6822CC3F59178D40F1
:100D90000F9C6340D6560CC0C28633C02B879EBFC3
:100DA0003EE8D1BF492E7FBFAEB6123FBC96B03FE2
:100DB000F5DB9140CB108940F628BC3E7A360BBF5C
:100DC000EC51F83FEF38454094F6A63EF2414FBF54
:100DD000E0BE2AC04DF306C0522750BF2C659DC00F
:100DE000759368C02DB2B740508D973C1C7C213F55
:100DF00033C42140D12281C0933AF1BF30BB03C03C
:100E00007AA5A4BF022B87BEFE43FABDEEEBE83FF6
:100E1000D34D52BF166AB5BF1AC0C9400B24A8BF34
:100E200039B40440D49A26BE43AD4140CEAAC73F50
:100E30004A7B13C003783BC0B53708C0A69BC4BB30
:100E4000D04498BEF8C2E4BE226C983E6C78CABF0B
:100E500036CD9BBE32779FC0E8D98EC058A8D53F0B
:100E60000D71B8404DF39440F6287040190476BFD8
:100E7000B81E7DC057EC0FC023DB493F206388407C
:100E8000F7756840CDCC08409A08DFC08D28F53F43
:100E90006076234039455FC070CE58BF4F1E3AC0C0
:100EA00057ECD73FC1A810C08351ABC0A245F6BFD5
:100EB0005E4B18C039D63540E78CBC402E9058C0E8
:100EC0009E5E493F7CF25440FED4383F11C78440B7
:100ED00014AE33C093189C3F6DE783C005A3324026
:100EE0003867B24040A46FBFAAF172C064CC01C0A1
:100EF00010E9EF3F29CBC83F80486F3F38F842BC2C
:100F00001A51A640F85373BFB37BCABFE4831EBD1A
:100F1000E92671BEAAF11E40B6F32DC0569F0BC044
:100F20000D7184BFBEC1C7BFFE43BABFDBF9DE3E51
:100F300029EDD5BF29ED49C01AC05BBE65198A40AD
:100F40006EA301BF74B5253F42CFCE3F2063CE3E96
:100F5000545247BFFBCBEE3EFC181740DE715ABF20
:100F6000C2862FC0D7346F3D68B36640E9B7AFBFC4
:100F700017B7D13CD19100C085EB413F121447C057
:100F8000D656E4BF7593783F4013C93FADFA2C3F66
:100F90007FD93DBEB459F5BEE9486E3E2575123F76
:100FA0005227B03FD7346F3F637FD13FADFA5C3EED
:100FB0007D3F253F4772793F166A49C0B1BFA8C03F
:100FC00047728BC0CE884A406ABC48406FF01140DF
:100FD000787A9D3FEE7CFFBFFB3AC8BF158C1A3F65
:100FE00079E9C63F9D800640E17A184004E74C3F0E
:100FF000BA6B05C0A54E30C035EFC0BF95D4493E91
:1010000031998ABE2FDD44BF158CEABFBC7423BF63
:10101000BB2791C0C729DCC080B7AE40BE9F2A4025
:101020008E06903F713D1240006FB13F696FA83F3F
:10103000EFC913C00C930941C58F013FD1912CBF5B
:1010400054E31DC011C752400C022BBFC21702400F
:10105000C05B303F091BEEBF52B86EBFE09C99BF2A
:10106000CB108BC0EA0424C06ADE313FE02D98BF6C
:101070002653E53E7B1426404D84A53F5986F8BF94
:10108000DE93573F772DC93FC139133F7958183F39
:10109000BDE3F43E74B50DC0E2E9B53E4CA6C240D6
:1010A00039D641402C6515C0567D4EC062A146BF61
:1010B000759300C0304CC6BE46941EC0C4422D3F3E
:1010C0009EEF5FC0984C65BF234A8940A8352DBF6D
:1010D00017B731BF97900A41933AADC044695FBFDB
:1010E000A167B3BEEFC953C069000FBF462595BEC7
:1010F000F4FD384030BB43C0CD3B3EC0B29DDFBFA6
:10110000CDCC5440E4148DBFE86A8DC0EB73F5403C
:101110007DD0033FF9A037BF666666C01973C14032
:1011200096212E3F211F8C3F705F9F3F431C7740CD
:10113000E8D99040A392F23F3333433F643BC7402A
:101140005D6D2140F2B09C409643EB3F5227C0BEFC
:10115000BA6BB13FBB27F1C02731DCC0CAC36EC038
:10116000E86A9DC01EA724C0567D92C0FBCBAEBED0
:10117000917EBBBFDC46FBBFCB10B7BFD200524055
:1011800035EF2C401A51AABFC44265C020635AC033
:10119000A30128C0BC7423C079E93EC0DDB5E43F9B
:1011A00034A2943FE6AEE53F58A8253FF8C2704010
:1011B000CF666540643BDFBEC6DC3D405DFEC33D9F
:1011C000E5D026C02B87F6BE9D11714096B25040E7
:1011D000F241B73FE02DBC403945C73DBC0556C084
:1011E000C36452C01D5A9EC0D656D4BF7CF2403F45
:1011F0000E4FAF3E6DE76B3F62107440FD8786C0B7
:101200004703F0BF744664BF8CDB803FEB73014043
:101210008941824045D8D0BF9D116DC0CD3BAEBF46
:101220006DC5AE3F7CF2D83F5BD33CBDD122DBBE67
:10123000569F3B4054E3853E613255C05B42DE3EE3
:1012400002BC9D3F68B35ABF08AC5CBFEB739BC048
:1012500027A0C5C045D8484054E39D4052274C4084
:10126000AA8283C09C3384C05DDC32C07502A2BFF9
:10127000ADFA2CBF006F813C956588BEA3923ABF42
:10128000A1D634C0DC68F8BF3F35FE3ED200064030
:10129000A54E88403945DF3F54E305402C65494061
:1012A000EFC96740371AF83F0F0BB53D9C3342BF7B
:1012B00068220CBF7E8C6D4052278E401C7C99BFEB
:1012C00081044DC0849E4D3E539699BFBE9FBABEC9
:1012D000234ABBBED3DEC0BFBE9F8C40674409BF5C
:1012E0000DE0B5BFCCEE69BF9A9999BD068175BF77
:1012F0001B0D54404D15304013F2E1C023DB093F74
:101300004DF38EBED34D823FEA04343E4182944079
:1013100077BE7F3F76715B3F24280EC0637F8BC012
:1013200021B0823FA52CA340D1914C40F2B0B83FF0
:101330003D0ADFBFDFE06BBF9CC414C048E1B2BF11
:10134000D712DCC0705F334067D597BF4260653D00
:10135000516BDA3FA69BA43EEEEB80BEF5DB573D1A
:10136000AD6922C054528DC093A942C0A3923ABE27
:10137000522798BF58393CC0E4142D3FCEAA5F4095
:10138000C217CE3FE09CA13F02BC853E6DE7B34053
:1013900061547AC046B68BBFA60A86407671BB3EC2
:1013A0004FAFE4BF7AC791BFFF21FDBC9B556FBF14
:1013B0000B46C53E2DB2F53F7B836F3E94F6C63E8D
:1013C000D578793FC6DCB53FD20022401B9E8C40C9
:1013D0001D5A94C017D922C0AF250CC0AC1C22C026
:1013E0001895B4BE20639840BEC1173FA857BABF36
:1013F0004BC8F940F93176C0A1F8613FF775603FFD
:10140000516B98C0098AA5C0B9FC873D9F3CAA4092
:10141000F4FDE4BF38F88AC09790FF3FB0033B402B
:101420006EA391C0CBA1A540F4FD143F8A1F83BEDB
:101430007DD093BE2B87263FDB8A5DBF5F07CEBE84
:10144000F4FD24C09FCDAABDBC74133E5F07CEBF80
:101450004E6284C0355E9AC0BE30D9BF2653054067
:1014600017D98C407FD915409487053DE10BE3BF28
:101470002E904040C72922405A640F40423E483FC8
:10148000F8535BC039B41440F9A0A73E7DAEB6BD99
:1014900092CB0B40B6F325409EEFAF3FD95FDE3FC6
:1014A000A8C63740BE9F2E40A54E90BF469436BE7C
:1014B0008A1F733F1B0D803FD04498BEEB7395BECF
:1014C000EB73253FAF25643E8716C1BF98DDBBC0D7
:1014D00058396CC088855ABF197323C06F81843D09
:1014E000C807D5BFD1915CBFD0D5563E10E90F409B
:1014F00039459540F0A77640A0891840FBCBAE3F18
:10150000E6AE85BEBC9640BFC3648ABE643B37402E
:101510009318943F992AD0BF014D8CC0E33662C026
:10152000143F46BD166A5DBF2FDD9EC0BE30F93E3A
:10153000C4B12E3FEA048C3F234A2B3FCC7FA83E08
:10154000B45975BEACAD78BF01DE72BFCEAACF3E36
:101550006B9A57BF3E7988BFC9E54FBFA913F0BF4B
:10156000E10BEB3F80B7883F696F704088F42F40F4
:1015700023DB11C08863B53F88F49FC0865AD33CF3
:101580004DF302C098DDFBBF7E1DE8BFE9B72BC05D
:1015900072F943C0B9FCD7BF206312406B2B263FC2
:1015A000A1D6E43F7424973FC05BC03F46B693BFCB
:1015B000166AA5BF22FD76BD4FAF60C002BCCF400A
:1015C000D49A8240EBE2B63F9C33223DFB3A30BED8
:1015D000EB73E53F0AD7233F0E4F2F3C61545AC0AF
:1015E0007DD04341B5A687C0B45985C0DE71B0C077
:1015F000302AD9BFE3A5A940DCD771BF780B80C0E2
:10160000C5FE4640A9A4A640DCD7B340575B1940AD
:101610006891ABC02D21E7BFB98D86BEEC2F9DC070
:10162000EB739D3F67D587BED1225B3D174808C04D
:10163000E6AE71C08D9722C01283A8BF4ED1B13FD4
:101640008273963FB29DE73F8D2819409EEF07BFFA
:10165000E63F54BFA2B4173F1F858BBEFC18E7C0FE
:10166000BD52EE3F1B9E7640E10B5B40D8F08C3FB5
:101670008CB985C033C461C02B1855BFABCFD5BE64
:101680009A9919C07424173D9F3C7C3FA167AD40D7
:101690006666EEBFCA549140F5B95ABDCA3210C051
:1016A0005A64EBBFE6AE4140FC18B33F75026ABF17
:1016B00031996ABE7B832F3F6F811C406E3400BD21
:1016C00085EBCFC00F9C93C01F8557C055C19CC0F0
:1016D000C6DC55BF07F0164051DA1BBF8F5384405C
:1016E0003F571B3F029A383FCDCC8C3E979003C0AA
:1016F000D42BE53E4F1E3240197393404D84CDBE2E
:101700004D84BF4058CA0640F6979D3F4260FDBFDA
:101710001058A93F17B7913F917EA33F1F85DB3F2C
:10172000FB3A40BFEEEB74C0128390BFDB8A3DBE34
:10173000A54E44C05C201D40107AE6BF2AA913BF05
:101740004B5922402D21DFBE5305833F8351394041
:10175000E4839040BE30D9BE11C74EC081045DC045
:1017600062A1B6BE20631A4003788140F0855940DB
:101770004D840540865A0BC03108A4C06DE78BBF6D
:101780002E9010C0827346BEA089003FE86A8BBECF
:10179000713D823F53052BC02E90A03C8863ADBFA6
:1017A0001DC9D5BF17D94E3F62A1263F4DF30E404C
:1017B000226C48C0D73423C0014D44BFADFAFC3F72
:1017C0007DAEEE3F780BA4BDBEC1673F14D0743F21
:1017D000211F8CBFF163CC3E05C5FFBF098A0F40B6
:1017E000E3C70040E86AADC0061228C0E3363ABF3E
:1017F000304C363FC5FEDA3FDDB57C407D3FD53FFE
:1018000039D6FFC0B30C8340986E6E405530BABFD6
:10181000287E0141B684E43F0A6888C032778D4053
:1018200052B8194164CC01C068B30ABF583964C0CA
:10183000D200F6BF849ED9C01EA7B8BFB29DEFBF2D
:1018400017B7C1402428DAC0EC2F4B3F93A9023EC2
:101850000B46FDBFD57881BF8CDBE83E95D419BF20
:101860005B42863F42CFC6BE744674C01973634064
:1018700094F6E63FDF4F4DBF7A360F407F6A8040D7
:101880008AB021404BC83B403D2C3C407F6A4C40D5
:1018900042CF42C17AA592C0B4C8363F4BEA84BD5C
:1018A00095652CC0D7347FBFE4141D3F863856BEE3
:1018B000D3BCE33D8E75313E6519E23CB22E2E3F1E
:1018C000C1CA85C0508DF73ED7344740DD2456BF8E
:1018D0002FDDCCBF4F4047409C33AABF3B70EEBECC
:1018E000FF213540CBA12D40091B2EC06666963FD7
:1018F000426087C0431C8BBF4BC8073F60E510BEEA
:10190000EC2F9BBFE2E965BF250661BF325560BF82
:101910008C4A7ABFF7E4813FFCA9834038F80A403B
:1019200068919D3F70CED8BFF2B0B8BFDD249E3F16
:10193000A301D640B3EA733EF4FD50C0A1D604BF64
:10194000849E09C014AE5BC0933A5DC01AC08BBFC1
:10195000BA6B193F1895B43E72F9AF3E8C4A6A3E95
:10196000B537483FE336823F4FAF1040711B7DBF14
:101970006210B8BE2D438E407D3F6D407B14C63F44
:101980003EE86DC0C1A8443FEA9502BF2041B1BE08
:10199000EEEB6CC0728A52C00D71CCBE14AE8F3F9C
:1019A000903199400000504073D7EABF3E7904C09F
:1019B000BDE3943DFDF6A53F2CD41ABE8351B93F3B
:1019C00080481BC06822CCBE1B9E1AC0D7A354C03F
:1019D0004A0C36401904463FEF38653FC442614027
:1019E0000B46A53D302A99BFD1913CC039B4583F30
:1019F00092CBCF3F508D8F3FAF25A43F2EFF6D4040
:101A000096B21440D5E76EC08A8EECC05F074EC018
:101A1000B9FC8DC0A1679BC032554C40B7621740DE
:101A2000287E9040583984BFCC7F8E40BE9F524064
:101A300027C2063DE78C0C40F46CEE3FD34D023FCD
:101A400089D216C0C9764AC0A245BEBF9D805EC07D
:101A500007F05EC0D34D90C023DB19C0A470B1C0A5
:101A6000780BEE407A364B4027312C4039B48A400F
:101A7000C74BEF3FC6DC35BDC8983BBD5AF5194092
:101A80007B1488C0355E88C0341136C05D6DB5BF2B
:101A90003D9BB5BF780B8CBF4A7B033DE0BE2E401B
:101AA000E5F2CF3F9E5E7140A9136C40327719403A
:101AB000B9FCF73F8104453F3480E1C04772393EAD
:101AC0008FE47A40E9489C400F0B4DC0569FCBBE37
:101AD0007C61D2BEDD2476BF522798BF0AD7ABBF48
:101AE0002E9088BF091B32C0C5203CC0F4FDA43F26
:101AF0002C65D93FB7620FBF52B8D63FA3010CBFC8
:101B000044694FBFB1506BBEFCA941BFF2B0B03EBB
:101B100003784B40143F0E4046B691401D38AFBF8E
:101B2000AB3EB7C064CC69C09D11ADBFABCF153E15
:101B30000C02DB3F93184C401EA7483FB84082BFC1
:101B40009CC460BE7E1DB83F0C93A93C925CFEBE57
:101B5000E94886BFFC18333E8E75893F516B0240C1
:101B6000F2D2AD3F3F359E3FCAC3E23E39B4C8BD55
:101B700022FD463FC6DC65BF46B69BBF7B83F7BFF1
:101B8000D49A3AC0BD5280C0772DA1BE08AC94C093
:101B90008B6C89C0FCA98540CE19B3402A3ABA3F64
:101BA00001DE62401136B43FAF9455BFA7E84CC088
:101BB000CAC3B040E4830E406F81C4BE90A078BD1C
:101BC000E5D032BF8E7521BFFCA91D40ECC009BF16
:101BD0000F9C93BE17B7594094F6064083C03A4015
:101BE000182603BFC21776BF8D286D3DFED48AC06C
:101BF000705F73C0AA82893F7FD9A140E7FBE9BF2C
:101C00000F9C0FC07CF296C01748703FB37B2240F8
:101C100096B290C0098A1F3ECBA135406744194057
:101C2000E3C7F8BF4547223F569F4BBF5249FD3F90
:101C300068B3CA3F74B5953FE6AE91C04E6210BF1F
:101C4000EEEBB83F6ADEE14071ACD9C0F24191C021
:101C5000D26FC1C029CB00BF3255C440FDF69B40B6
:101C60007E8CB93E9C339ABF66F704C0DE71CABF52
:101C7000BC9640BF910FDABEE948FE3FE9482EBE50
:101C8000E926F1BE7AC7F9BF4772C1BF07F056BE59
:101C90007D3F2D404ED17540643B8540E86AD3BFFF
:101CA000F6974D3F508D4740A1D69EC00AD723BC22
:101CB00086C95440CDCC0840B072B03FE258573E80
:101CC00054524340BD52B63F2BF6973E516B9ABEDD
:101CD0001CEBA2BF03096A3F32778D3EA089703F9B
:101CE00073681540304CD6BFC05B7CC05E4B5CC097
:101CF000226C20C0C286DFBF2C65913F3B7022C0A2
:101D00002D43EC40C05BFC40F31FCEC090A00FC140
:101D1000287E0C3E67D553C0E3C75440371A10C025
:101D2000A9A42AC0FB5CC53FFB3AE840711B2DBF4C
:101D3000FE43BABFA54E4040D578DD40CE8809C1EC
:101D4000B98D2AC029ED2140910F4ABFC7290AC089
:101D50004547AA3FB003273E38671CC082739EBF29
:101D6000FBCB7E3F65192E40B8AFF33F2AA9A33FB6
:101D7000B003C73E4A7B37407F6ABC3EC8073DBEC2
:101D80001748B44057EC07406B2B86BF2E90A6C077
:101D9000D7128ABF984CE7C0EE5AC2BF3255303EC8
:101DA000B072283EDF4F7DBF8BFD01C0865A47C011
:101DB0006F1253C05DFE07C0166A01400BB50640A6
:101DC000D1919CBE1EA788BF7FD921C0B6F3B5BFF5
:101DD000B537E0BFFA7E3A4016FB8340143F26BF7A
:101DE00047032C40DDB550409E5E2540744614BF2D
:101DF0004D84EDBE24B9F4BF80B730BFDE718A3F99
:101E0000DD24E63F82E2973F6210D83E780BC43F64
:101E100066F7643FB4C83EC0D0B3B5404B5962408A
:101E200017D97EBF46941E403C4EF9BFD0D54AC05C
:101E300096430BBD8CDBF8BFE3C7E8BF6EA329C098
:101E400047727DC061C34BC093A9AABF925C7EBF9D
:101E5000B30CF13E8D97EE3F96218E3EF01664C096
:101E60002B18EDBF32777940107ACA40022BFF3F22
:101E700018261F40E92691BEF01608BE1A517ABFF7
:101E8000492EBF3FB29D1B408126023FE10BAFC0F0
:101E9000234AF3BFFE650FC107CE393F2BF627C09B
:101EA0007424EF3FD6C53D3F39B4024117D916C05F
:101EB0008CDB86C02A3AACC099BBAC400DE0ADBE0D
:101EC0007A36ABBC74241F408D28E5BFFB3A09412C
:101ED00035EF28C0986E90C0AC8BDB3EA835CB4068
:101EE000979017400C02A33FD26F873FD044383FF2
:101EF00017B7B1BF89D296BF1A513240AE47A1BEC3
:101F0000BF7D8DC07FD9853FDF4F4D3FD6C56D3E2C
:101F1000FCA9E9BFE9487E3F7DAEC63F46948840B4
:101F2000A2455AC0E71DEFBF89D24AC0AA60F43E5D
:101F30003C4ED13D48BF6140865A97406EA3C93F91
:101F400093A966C0E7FB19C0FE65573F11369C3F59
:101F50004A0C8A3F4ED1B93F780B743FC7BA883FCD
:101F6000E3A51BBC05C59FBF8FC26DC0F706BFBFF1
:101F70008E06703D2D435C3EE78C60C0B98D56BF28
:101F80005305274022FDA63F4703383E82E257BF54
:101F9000E8D94CBF9A772CBF7E1D48BF744694BCCD
:101FA000849EEDBF27A009BB5917DF3F24B9084025
:101FB000BBB81940AC1C5A3F33C499BF992A18C00A
:101FC0000B46253EE3A5D3BF3D9B953E448BBCBF4E
:101FD0006DE793BFF5DBFFBFB00373C07DAE62C09A
:101FE000EA95E2BF98DDB340107AD63F88855EC09F
:101FF000E2E90DC0DE9317BF75933CC03E791C40EB
:102000005AF54D404FAF244038F8123F6A4DB33F68
:102010009621CEBF6DC52A40ED0D80406C0989BF69
:102020003A922B407DD01F40A69B10404CA62640E4
:10203000A913204020632E4024B99C3E4A7B13BF45
:10204000E7FB29BD1C7C1DC071AC9BBF0AD7A3BD9B
:102050005EBA2DC03D2C58C0C58FB13EA7E8B03F39
:10206000FCA939C0E78C08BF76E014C09A9989BFF3
:10207000CE88BABF477249BF2041713ED9CE37BE24
:10208000925CE6BF3B701EC0265335BF6D56A5BFA0
:102090007DAE76BEE5F2E73F65AA184077BE9FBDEC
:1020A00018262BC06F81643F4A7B4740A2B41B4077
:1020B000AAF14EC0EE5AC23FF46CD63F234A5B3FB2
:1020C00064CCAD3FC3D3C33F910F8A3FBA49CCBF65
:1020D000E25857C0166AD5BF44FAAD3F45D8B6405E
:1020E0009F3CACBE0EBE50BF2AA98BBF2731A83E75
:1020F000D3BC9B3F728AD0C08CDB6440C1A8C43E75
:1021000042CF5AC0C5201040107AB6BEE3A5BB3EF0
:1021100032557CC0166A85C0006F7DC04CA632C0A7
:10212000B84032C027A0593F7E1D084079584C4026
:1021300016FB3F402CD47A3F37896D40E4142D4084
:1021400088634D3FA60AAEBF226CF8BD2FDDEC3F81
:10215000158C5A3F17D916405C8FE23E4A7B6FC000
:102160007E1D903F8D28DD3FB3EADB3F158C8A3F13
:10217000A913703FA2451240789CE2BE206306C0BE
:1021800073D7923EE8D914C0B98D1EC0273160C004
:10219000BA490CC09D1125BD711B8D3DCEAA0BC047
:1021A0006E34E0BFE86AAB3E3FC6284010E9994074
:1021B0006E3428403E794C4066F7BC3FE78CE8BF60
:1021C000CC5D13C01FF4ECBD97FF90BC8E06D83FCA
:1021D0009A99593FA835CD3DCF6605BFC4429D3F72
:1021E0006519C23F211F24BF0E4F6FBF16FB4BC0A6
:1021F0006DC53E3EDC464BC0B98D72C0A69B6840A3
:10220000E9B71F3F5917CF3F7AC7993F9487853E5B
:10221000DBF9FEBF55C19840F2413F40F697D5BF6C
:10222000C3F5C8BFEA9552C060E51440D93DF93DF9
:10223000742427BF71AC933F6DE7ABBF250651C037
:1022400096213EBF0309CABEF1F45ABF6132353F41
:10225000250625C01FF45440075F483F3B0195BF4A
:1022600036AB9E3EB6F30540711B79C026E407C02D
:102270001B9E5EBE6F8184BF287E1840E8D94C400B
:10228000492EA7BF787AADBF19E20040D5099AC0A0
:10229000F5B912408BFDE5BEF9A0673E24971340C7
:1022A000CFF7333F44FA2DBF3A922B3FF2D29D3FF6
:1022B000423EA83EB9FC8FBF0C9369BED49A663FDC
:1022C0005AF5D9BEC139C33FF2B0103E30BB77409A
:1022D0009A992DC062A1D6BD22FDA6BFCF6629C0A6
:1022E00023DBE1BF19E2D8BE67442940C7291ABFE2
:1022F000CE8802C0C7296A3F2575724069001F4019
:102300008A1F83BE50FC1CC09FCDF23F197317BEBD
:1023100085EB313F90A0A0BF5BD39CC0A7799FBF46
:10232000AD696E3F29CB303F696FA840795890BFA7
:10233000462575BE2B8712C0787A25C0D509F03F97
:10234000B4C8D63F0F9CD3BF34A230C014AE0FC068
:102350000F0B053FA1D6CCBFC7298E4088F48B3F19
:10236000492E9FBE234A6B3F18265BC08C4AAA3F6A
:1023700093A9C2BF9F3C7CBFD93D79BE74467C40C7
:102380005C8FE23E744610C0A24594409F3C00C062
:10239000DE0211408D281DBF355EB2BFD49A66BDE6
:1023A000B81E3DC0B3EAF3BF47725D402F6EC3BE97
:1023B00048E1D2BFF4FD94BE76E00CBFD5E7E23F22
:1023C00011C73A3C8CDB2840A4DF36408CDB083F49
:1023D000EB73AFC02F6E27C07D3F753FF54A594064
:1023E000A3233DC024977F3BA8357D40575B0D401C
:1023F0000E4F6FBFCA32CCBF4E62B0BFC0EC1E3EA4
:102400003EE809C0DAAC4A3F637FE93FC58FD93F58
:1024100009F9F0BF96215EBF27A049BF645D5CBE8D
:10242000BC96184088630940B515DB3F508D83C0CA
:10243000EFC9333F1214F73FB7D1803F022B873CDF
:1024400017B7AD403CBD92BF0DE085BF2E9000C0D8
:1024500017B7A1BFF38E0BC09FAB1DBF7AA5AC3ED3
:1024600085EB5940D7348FBFB00337C0250619C05C
:102470007B140EBFF085AD40EEEB88BF9031FFBFFF
:10248000E9485EBF71AC0B3D80B7903FAA82B1BFF7
:10249000C6DCFDBF4D843D400AD733BFB072783FE4
:1024A000705F4BC00D7184409F3C3C3FC898BB3E61
:1024B0002C650540637F993E295CCFBE894198BF5A
:1024C00043AD4D406C09A1C0F54A913FF8C214C01C
:1024D000772D81BFEA95023FE3A5134051DA0B4007
:1024E00026E4C33FE09CD9BF1904CE3FFA7EBABFB1
:1024F000107A7EC09C33D2BF6EA381BE9A77AC3F68
:1025000002BC653FCC5D7B3F21B00EC0EA95964092
:10251000986E02C0A9A4464021B022C0BE3015C0AA
:102520008F53FC3F45478A3FE3C788BF74B59DBFC3
:10253000FFB29B3EB00317BFA835CDBF348027BF85
:10254000E02D0CC0F5B90AC014D0C43E6ABC943E5C
:10255000AF2514BFB07290BFFFB257C0A54E10BFD9
:102560002DB2BD3E2041114053050641849ECD3D14
:10257000053415C059176740F08571C01B9E164081
:102580006C78CCC099BB7E40C3D33340BBB8C74046
:10259000871621403108A440F90F1D40832FDCBF6E
:1025A00048BF9FC009F9B6C06F8154C09A77AA404E
:1025B00029CB00409D80B8C0516B4A3FDB8A4DC09B
:1025C0004260A53E16FB833F17D9AE3F3E79783F68
:1025D0002506054034A20440FE6577BC6F8154BFD8
:1025E000C74B8FBF4A7B33C0CC5D7BBF9FCD2A3D9D
:1025F000CA54C13DEA959ABF01DE0EC0FC18854061
:102600007FD9B53F50FC30C0789C02BF9CA28BBFE5
:102610006154823F86C9143F787AA53EAC1CDA3FEC
:102620007E8CD13F34A2B43D07CE493FB9FC034074
:10263000151D1DC08AB0E1BF0C93A9BDDBF9FE3D9D
:10264000234A8BBFA77947BD27A001C020D24FBF27
:10265000EF38BDC04469234023DBF93E3E79344066
:10266000643B0BC0A69BB4BFD5E74A3FE02D4C406E
:1026700087164D409643B33FD95F0E4077BEFF3E6D
:102680004260BD3FD509803F1B2FB53F4BC8E7BF18
:102690003EE8E1BF7FD901C0CC5D9DC0A54EF83FAB
:1026A000D6C5ED3EF2412FBF5BB12BC0BADA0ABEF0
:1026B000AF9415C0499D60BF0E2DEA3F2E90244077
:1026C00035EFD83E295CCFBF9A99393F2A3A9A3FD5
:1026D000979023C04850E4BF8B6C03C0B22EEE3FEE
:1026E000A7E8004088F4933FCFF7D33EE9260DC01A
:1026F000226C28404CA682BF6EA3E1BEDCD7813D90
:10270000643BCFC089D216401D38C940B4C8963F3B
:1027100017B711405F980C3F89D26A409F3CCC3F6D
:10272000C807C53FB6F34D3F34A21CC06ADE91BF57
:10273000933A41C0804833C076710B40B459753F1D
:10274000C9E581C06C78AABFDE711ABF6519C2BF26
:10275000D3BC63BECF6649403A2386401CEBCABF58
:10276000992A3CC048501C40F38E03C07958D8BF0A
:102770000F9CBB3F67D5BFBF6F8192C052B87AC074
:1027800086C9EC3FA3012040C2863FC0B1BF48C00C
:102790006E348C40061238401283A0BE04E7044019
:1027A0003C4E913E36AB3E3F3FC6C43FC139DB3F56
:1027B000228EF53F4469FF3FFE43BA3FB1E1293F16
:1027C00052B89EBD3D2CB4BF7CF22CC0FA7E1EC018
:1027D000CFF7C1C0B45987C0D19134C01E168E4006
:1027E000C3F5183F32779D3F3EE81140F1F46A3F50
:1027F00092CB3F3EE9484E3F9B55BF3F68B3EA3E10
:10280000711B2DBF3CBD06C04ED1D1BEBC7473BF81
:102810000091DEBE0B24C8BE9D8086BF575B25C0DD
:10282000ADFA84BFDC4689C0061282C065197640C5
:10283000B81E1140454736403D0A9340492EBF3FE0
:10284000F853CD40A69B9840E4830A4067D507BF64
:102850004DF3DEBF0E4F97BF0456EE3E68B31E40E9
:10286000621080BFDD2432C05D6D253F79E9863F6F
:1028700055C1283E9CC460BE6A4D9BBF4703D8BF6C
:10288000744694BE249797BF9A9987C05EBA05C0D4
:10289000C7BA283F492E1BC0B6F361C0AA6004C066
:1028A000ED9E4C3F5452073FBADA82BFAF2574BF4A
:1028B000DC68203FF628B43FD122BB3F4625D53FF8
:1028C000158CAA3F4182C2BECF66CD3F0456CEBE14
:1028D000DB8AB5BFF7E441BF6F816040EA9522BF54
:1028E000BF7D3DBF2E9000BFC3642ABCD0B319BECC
:1028F0003B704E3C8A8E54BFB84022BFB8AF833D78
:102900006ADE413FA7798B40304C0E4004E73CBF64
:102910006519764065AA503F499D34402063B6BF93
:102920003F57B3BF865A63C0E86ACFC05986C83FD5
:102930001904A63F77BE2B404772A13F3A23EABF56
:102940004E6270BFC4B1D6BFA4DFF6BFA2B49F3F32
:10295000CA54B13F66F7F4BFF08589BF5C20D13F10
:1029600007F09AC017D90EBFB81EA5BFB4C8A840BB
:1029700030BB2FC0DC682C40666676BFDD24124079
:10298000BA6BF13F24B94840F7068140022BDF3F84
:10299000FDF6053F871649BF76E00040C9764E3FF9
:1029A000C3D39B3F9F3C80C01904163FD65684BFBB
:1029B0007368CFC0D200C4C03B01953FBBB87DC097
:1029C000C976CCC0764FFA40166A054083C0E23F14
:1029D00052277C40D49A12405D6DCD3FB840423FB3
:1029E000789C12BF9031D7BEFB5C953F04561E3FCA
:1029F0004DF3AEBE92CB9F3FDA1BCC3FCAC3DA3F4A
:102A00003480E7BFA54E98C0ECC035C014AE7BC083
:102A1000F7E401C068912DBFFB3A40BFEEEB4C409C
:102A200066F7A4BEC9761E3F67441140F775CA40D9
:102A3000CD3BBA40B1BF2C406B2B763D759308BFA0
:102A40008638DEBF36AB6AC05474643E0D7114C064
:102A5000F90F01C077BE1F407368113EFA7E5EC059
:102A600022FD3EC08195A3BE674499BF426005C068
:102A700027C29E3F9B5517C0D20002C0B5A6393F62
:102A800067D54F400D713440ACAD4C4062A1663FFC
:102A9000F775903F83C06ABF97FF1CC05EBA19C02C
:102AA00030BBCF3F933A1540F9A0BFBF9C33423FA4
:102AB000469452C0C3D307C0C1A8A4BF423EC83E7B
:102AC0009BE60940107AF6BE6076CFBF4A7B83BE94
:102AD00025067140CCEE2540759308BF58A8053FE8
:102AE000A39206400612DCBFEA040CC05474CCBFAB
:102AF00002BCE53ECA5441C0B07244C0575B91BEAF
:102B000048E19A3F7FFB86C0F6289C4072F9A73FB8
:102B1000615452BF04E78C3C637F813F60E5E83F2E
:102B200074B5114026E4033D62A196C0925C6EC06C
:102B30004F40933E74B5A53FFB3A90BF234A03C074
:102B40002653A5BEB537C83F3B01354085EBB93F9D
:102B5000A24576BE77BEBF3E547454BF12A55D3FFA
:102B6000F0A716BFCF6645BFC05B20BE917E7B3EFF
:102B700039B490BFC3F508C04CA6CABF7CF22CC0C4
:102B800034112A401C7C3940B7D1F8BF9CC4B8BF6F
:102B90000EBE50404A7B4340D04488BF0F0B75BEE9
:102BA00005C58F3E166A2DBF257556C0029AAC40EA
:102BB000304C0AC096219840BBB82940FE433A40A9
:102BC0003A237ABFD1915CC0A2B4A73F76E09C4083
:102BD0007C614640B459F53DA91330BFB5A6A1C0EC
:102BE00041F127C004560EBE79E9A63ECDCC70C097
:102BF0003C4E93C0F775B8405F072EC0FA7EAA3EE0
:102C0000E4839EBD9FABAD3C2428DE3F18952C404D
:102C1000FFB27740C1CAA1BF560E0DC06B9A77C0F4
:102C2000CFF737C09318C4BE74249FBF7C612E4079
:102C30007424973F705F173FD19158408F533CC029
:102C4000A7E8483E9FCD1ABFD7A34CC05F9810405D
:102C5000B37BE2BF5D6D55BF6B2BBEBF9E5ED13FA8
:102C6000A0894040BDE3BC3FC9E53F3F1214FF3E91
:102C7000FF215DBF61C3833F992A74406F122340D7
:102C8000FF21FDBE151DA5C03D0A85C08048D73F68
:102C9000E71D67BF8E0644C04F1E3A40E0BE1EBF10
:102CA000F38E85C0C58F91BF2BF6D73EA8C6CBBE8D
:102CB000FC1893BE1DC905C0E948B6BFF706973F8B
:102CC000E3369A405839B2409EEF0740B150FBBFFF
:102CD0003EE819BE651962BE20632AC05A649BBFD4
:102CE00071ACC33F228E353EFE65F7BE14D0C43EA4
:102CF000E483963F1EA76840EF3845408AB091BFF5
:102D0000948755BF90A0A0BF27A0E13FCBA185BE6F
:102D1000B30CE1BF87A795C0B98DFEBF006F613FBF
:102D200034A294BEE9B73BC02AA957C0CC7FA83EC5
:102D3000D20022C06DC5CC408F532C4081268A3FE3
:102D4000E0BE4640E86A0B3F265331C0B76247C039
:102D500098DD1BC07FFB06C0B6F3F5BFCC5DC33F5B
:102D6000454702BF6F810CC051DA43C08E06E0BFF9
:102D7000ABCF014019044640567D4A400C02C14089
:102D8000D734EF3D029A14C0CBA111402CD49A3E07
:102D9000E86AB33FBC96503E6A4DF3BD23DBB93EB3
:102DA00088F4E3BFA323A13FC3642ABDBC05123E40
:102DB000E17A94BEDE0289BD77BE6FBFECC0E1BF91
:102DC00007F094C00EBE9240F9A0373FC807A5BFD8
:102DD0005F984C3F567DEE3F7C61F23E0DE05DBF5B
:102DE000AC1C2ABF645D9C3E651922BE14AEC73E72
:102DF0006C78FA3D7E8C993FA4DF8640F163E43F16
:102E000083513140D2006E3F857C88BF68B3A23FBA
:102E10001F852BBEA60A16BF8FE422C0E9483AC020
:102E2000C1CAA13F4625753EB45995C0E8D9DCBF5B
:102E3000BC05B23FAAF1023F3A925BBFB98DC63ED4
:102E40004260453F8F53A43F9A089BBF0681A5BFB0
:102E500092CBF7BF4BEA18C02B1825C02575A23FAF
:102E6000075F4C4096B28CBEA4DF7E3E1CEB5A40FE
:102E7000C4B1ACC0FBCB4EC0857C284085EB814003
:102E8000CC5D47C0E4831EC0696FB8BF9EEFA73D0D
:102E9000B81E85BDDAAC5A3FBA493040151D593FBE
:102EA0008FC2314052B852404ED191BF295C0FBF02
:102EB00036ABB440C976C6BFEC2F4B3F8FE472BE31
:102EC000E41475C0158CE2BF4D8495BFAC8B9B3E5E
:102ED000DC46BBBFF085C9BFA2B487BFD5E7A23F20
:102EE000E5D0A840BBB83D3F151D2940D93D693FFD
:102EF0009FABC5BFEE5A52BFDF4F1DC0C139FBBFEC
:102F00002653A5BEF85333BFED9E3CBEB072B83F0A
:102F1000643B8F3FC0EC1EBDE8D9DCBFD509E83E5D
:102F2000A01A2B40022B07BEACAD04C03A23A2BFAF
:102F3000CA54C1BB8E06D03E42608D3F666626BF36
:102F4000EB73953E57EC6FBE05A312BE211F043FE5
:102F500097FFA8BFED0DF6BFEA04ECBF984CB5BED5
:102F6000D6C52540F5DB473FF016783FE4141D3FFA
:102F70002FDD24C04CA606C019735340C05BF2403D
:102F8000643B9B40B4C8F6BF4BEAAC3F24977FBD7F
:102F9000A54EA83FACAD1840E78C38C0E0BED63F88
:102FA0002E90D83F560E6DBE014D0440A089D0BF73
:102FB000D734F9C0645DFCC06F121BC0A4DF52405F
:102FC00048E13A3E705FB73F65AAF03F5C8F42BF71
:102FD000E02D60C0832F04C0C1CA25C01B2FFDBFD8
:102FE0001A51B2BFAD6902C039D60540E63F44BFB1
:102FF000840DD7BF93A9423EC364AA3F6F1253BF4B
:10300000257552BFC2171341A52C2740F628FCBED8
:103010008CDB283F4FAF043F4B59863D68221C3F55
:103020003F355E3E5B427EBE371AC03ED044583DBF
:10303000A470ADBF83C0FABF3FC644C0009132C088
:1030400077BEDF3F029A883D6EA3A9BF6F12EB3FA8
:1030500007CE993FD712223FF46CC63F26E49B3F30
:10306000D34DC23F2AA937C0A47041C03255983F02
:1030700048BFA53F3D0A9F3F9EEF87BE539681BF45
:1030800075021A3EEA95723F8F53543FDBF9FE3EBC
:1030900082E293C0575BF1BE931814404013013F86
:1030A00027A0893B5F071E3FCDCCCC3CA54E903F6F
:1030B0005D6DA9404CA66A3FCE19D9BF3A92274010
:1030C000EA047040DFE00BBF423EE8BE462525C063
:1030D0008351393FD0D542C0D57879BFDE9307BF41
:1030E000F38E9BBF5DFE833E79589EC0EFC9833E41
:1030F0002575D23FF163DCBF615482BF50FC504064
:10310000B7629FBED49A263EF2D24D3E52B82EBF31
:10311000A392FA3E2DB2BD3EC3640A3FF5DB07BF62
:10312000DCD71540A0894840539681BE31993A3F7B
:10313000A913503C5452573F1E160ABFE09CC9BF0A
:10314000A4DF8EC05F075640BD52AEBF90A01CC02A
:1031500003094A3FBDE3CC3FB8AF0F401EA768BC90
:1031600095D4E9BF68B3823FBDE3943F08ACDCBEB1
:103170008638F63E34A2443F5BB19FBEA8C64BC022
:103180004B59EE3FD6564C3F68227C406666B040B5
:103190008C4A10C14A7BE7C07F6ABC3FBF0EBC3E71
:1031A0001136924096B24C40B537F83E90A0D0BF51
:1031B0003A92C3BF832FECBE5EBAC9BE0F9C43BF19
:1031C000DD2446BF5839BCBF5F9804C0948771C0E6
:1031D0006F8174C012A505C03D2C743F174818407C
:1031E000772D5540D0440840569F7B3F295C3F3F98
:1031F0007AC7E1BFEC5108C0371AE83FA1D6AE400C
:10320000711B9D40AE47E13E4FAF54BE7C6152C042
:10321000964333C05D6D59C09A08BB3F95D449BFF2
:10322000F8C2E4BE8126A23EAC1C4240F7E46940ED
:103230005917C73F348007C06F81A0C0204131BFFC
:10324000F01678BFE2E909404547723FBE9FF2BFE2
:1032500079E91EC0C6DC053F9B55873F091B1EBE92
:10326000787A31C0865AE3BF6A4D9BBFAED8FF3E25
:1032700017D9CEBED8F0743D75020A40A2B4773F8C
:10328000FC18333EADFA9CBEDAACAA3F2B87064051
:10329000FCA9313EEA9522BF143F12C08CB9CB3E47
:1032A000BADA06400E4F5F3FB762B7BF20632E40C9
:1032B000AF940D40DB8A75C04ED1DBC0E9B73F400B
:1032C000DBF90E40D8F0743E99BB92403B704E3F04
:1032D000D0B3F9BE09F9F8BFE63F243E711B01C027
:1032E00022FD42C098DD27C0FBCB2EBF4625C5BFBF
:1032F000E09C91C0499D20BF075FC8BF166A8DBF83
:10330000E3C7A0C02D439C3F36AB8C40AC8BDB3F6A
:103310007424573F98DD1340D34D7A4014AEAF3F2D
:10332000F46C6640431CCBBF143FC6BCA69B404018
:10333000764F964090A004C0F5DB6F403FC65CBD61
:103340009621AEBFAE47D9BFFB5CA3C0C2869140F9
:1033500046B6EF4040A44F3F5305C3BF583900C0A5
:10336000857C14C06132F5BFD881EBBFB30C2D4012
:10337000091B8E3F55C1304003784B3E0AD702C12E
:1033800062A188401C7C09402D21973FE09C51BFE1
:10339000006F81BC250671BFAA604CC05249F5C0C0
:1033A000D0D5A8C017B7D1BECA32543FC7BA28BFBC
:1033B000394507BE91ED10C093182C40A1F861402B
:1033C000C9763EBE9C33124089D20A40F0851D402A
:1033D000C28627C00378FBBFBA49ACBE54E3E53EC2
:1033E000F4FDE43F499D4040C364A23F26E4433ED0
:1033F00002BC353F83C04640A3011C402EFFC13FA5
:1034000097904F3ED5E752C0BDE354BF0000203F28
:10341000CDCC2040BC74FBBF508D97C0CC7F04C086
:10342000D5E77A3F1D5A94BF57EC97BF6C09E9BFA7
:103430005DDC2AC067D50FC0925CF6BF5A64AB3F13
:10344000E3A54B3F95D45140917E0B401D389F3FE3
:103450001B2F75404CA67A3F09F96CC0226C04C042
:10346000CE1955C07B145E4068B38040189500C0EB
:10347000A01AF7BFBC96903F41823240E78C604073
:1034800062A1D6BE4B59EE3F41821EC0E7FB91C000
:103490003255A8BF7593F8BEAC1C5A3E01DE82407F
:1034A00032778DBEEE5A3A406519CA3FBC05B2BEAE
:1034B00085EB51BF705FB340FB3AFCC06F124BC04D
:1034C000D42B6140D9CE8540BEC1FF3F4A7B53BF5C
:1034D00057ECB7BF0BB5C6BEF5B9823F744678C08E
:1034E0006C786AC03FC610401214973FD5E7E23FA0
:1034F0007F6A4CBF4625A5BF857CA2C094879DBF2F
:10350000711BAD3EBE308D40CBA1BDBF08AC1CBF12
:10351000C2868140107AB63FFD87D4BFC36466C0BF
:10352000D8F0F4BF4E62B0BE0309CA3EE6AED53F46
:103530001B2FA53FC8987B3FCE88123F5DFE03BE80
:103540003FC6AC3F4F40AB3F2AA9533EEC2FBB3E9A
:10355000492E7F3E083D9BBF8D9752C0C0ECDEBF19
:10356000A32301C0A4DF2AC0FF21ADBF24977F3E63
:10357000AA60D43E93A962BFCE888A3FFBCB1EBF10
:10358000DE02A13FAA60D43EB0030FC06891CDBE59
:10359000A835B53F55309C409EEFD34026E463C02C
:1035A000D9CEEFBFFAED91C0423E60400C02AB3E77
:1035B0009031BF3F4260C5BFD7A318C01CEB4A4043
:1035C000E63FBC3F8273463E8E75013FC05B78404C
:1035D0005BB1BFBD68B3AA3EC3D3EB3ED93DB93F93
:1035E000022B67BF3945B7BF55C16040D49AA8C008
:1035F0003F35B6BF925CA6BF9FABAD3B780B08C012
:103600008BFD69C0B6F33D3E2DB2BD3E560E953FD3
:10361000E9B76F3EBB274FBFD5781940F9A0A7BEC9
:103620008C4AEABE5BB197BFD95F76C064CC0140DB
:10363000772D55C06154723F77BE9FBD0612843FFF
:10364000C05B8240B29D2740AAF1B2BEF90F81BF94
:10365000DB8AFDBDA54EC0BEB5A6B9BE674499BF05
:10366000C1CA41C0BF7D59C0772D61C0A32335C0F9
:1036700048507CBE52B886BFD7343F3F6D56953F09
:10368000DE93FF3F2F6E03405E4BBC4006819540AA
:10369000E3C7283FB07268BE0EBEA0BF40A4DF3EA5
:1036A000C4B1BE3FFAED6BBB16FB0B403CBD98406E
:1036B00073D7AA40CB1007407F6A5C3F5DDCF6BF42
:1036C000AB3E8FC0567D3AC06666BCC007CE193E81
:1036D000C8981740A60A56C0D49AE63F55C1004084
:1036E0000E2DB23EAAF1CA3FCC7F88BF38F8ACC0DD
:1036F000530583BEF0A7C6BD151D293FA91344C0BD
:103700000F9C81C03F5723C0C520703EEBE2363E80
:10371000C217A6BEB68424C0C442DD3FB4590D40D2
:1037200065AAD83F295C2F40508DF73F1DC925BEA3
:103730007D3FAD407DD06B40A7E8A4C036CD0FC023
:10374000C3D33B3F787A253F4CA63ABF5D6D55BF4A
:103750002CD49ABE04E7AC3E4547C23F1C7C813F57
:10376000A470254095D4793FE5D0B2BFFDF64DC099
:10377000CA326CC02F6EA3BD88F45F401D38FFBFF6
:1037800048BFA9C008ACB43FFD87984001DE823D28
:1037900047723DC01B9E6EBF567DA6BFD50990C027
:1037A00024972FBFD044D03F14D0643F70CEE83F61
:1037B000A5BD2D40BB271F403D2C1C40075F283F67
:1037C000AC1C9A3FAF940140772D813E86C9AC3F37
:1037D0008AB0893F0DE0A9C09CA263BEED9E28C0BF
:1037E0001FF4A43F014D1040371A58408FC2ED3FDF
:1037F0007D3FE5BF499DE0BF5A64C33F38F8324082
:1038000008AC9C3F7F6AFC3F0C93893E14AEE73FB7
:10381000CC7F4840068125C0ED0D32C046947EC065
:1038200081261AC0226C00C0E3C798BD4A0C84C030
:1038300097904F3FCA5441BC46B6B33E5BD37C3EE3
:10384000107AB6BE04E78CBDA5BD114026E43F400A
:103850005839B43CD2005EBF8D979AC00B4605C064
:103860000F9CB33DA3011040705F873D61540AC1B6
:103870009C33D2BF58A89B406E341440D6C50D402F
:10388000AD6916C0B003FF3F3B01D53F95D411C0D1
:10389000B5A65D4052B82640075F40C09C33C23F8A
:1038A0003F35AAC0AED87FBFB0031BC0EE7C7F3EC1
:1038B0007CF2784046B603C0F2D2953F05C5CF3EB4
:1038C0007DD0A3BF8A8E244035EF08BF7E1D383FD0
:1038D0004A7BA94012833040D2005E3DE10BEBBF32
:1038E000BB271F3FD7A34C401748603F3C4E313F9A
:1038F000006F413E151D0DC0567D2AC00B4619C0F4
:10390000C3F5E8BEE71D673F4013713FE17A14C07D
:103910005D6DCDBF0E2D0E403D9B45C0508D97BFB8
:10392000B9FC073D92CB2F3FCC5D0BBFE7FB29C015
:10393000D8F014C014AEFFBFE5F22F40F0855D4013
:103940009565A03F0C021340E0BE2E3F5DDCCE3FEC
:10395000A4DF4E3F2CD436C0128380BE24B9484029
:1039600005A398C0FAED5BBFB1BFBC3F67D5F7BFF9
:103970008E75F13D9487053E1058B9BD7D3FB5BDAC
:10398000F46C163F1C7C05406666C6BE1A51AABF81
:10399000984C65BFF1F44ABE5986583FF31F52BD9B
:1039A0009A080FC05F07B2C0643BF140A8C67F40D1
:1039B000621088BF8941C8BF2B8706C04C37893E3B
:1039C0002653C53FAA60F43EDE710ABD569F2B3FC9
:1039D0005B429E3E151DC9BD86C954BF9BE6EDBF27
:1039E000DAAC0AC09A7744C0D95F6AC0EFC937C061
:1039F000190416BEC3643E40F7064340CA32144061
:103A0000744614BD21B0423F2CD4923F5DFEC33FAB
:103A10006688BBBFFC1893BF1F852BBF3EE819BF4C
:103A2000B762FFBD0AD7933F87A757BEFA7EA2BFF2
:103A3000DCD7E1BE4182923F6DC58440713D2A4092
:103A4000B9FCA73FE6AECD3F8AB0213F075FF8BE85
:103A5000759324C0D95F8CC0128380BFEA04DC3F19
:103A60007E8C793ED9CE273FA9A4AE3EC7BA583F37
:103A70003D0ADFBFC28627BEF931C44069001F3F3F
:103A8000F4FD2CC07E1DC0BFEA9532BE2DB25D3F55
:103A90006FF0AD3F3BDF9F3F5E4B903F705F2FC0AD
:103AA000EE5AC2BDCBA1C5BF3F35EEBF6C786ABF31
:103AB00000918C403480574062A1663FD044A0BF43
:103AC000EE7C1F3F0B4605BF6F12533F90A068BFAF
:103AD000EC2FEBBFC0EC1E3CCF6649C097901BC0DB
:103AE000B51543C06519823E1058F93FC4B1B640C0
:103AF0004BC857C032E652C01AC02B4027C266BF1F
:103B0000F7E40D4026E4433E6DC5D6BF426075BF65
:103B10001C7CA9BF68B36A3E107ABE3F690033407F
:103B2000711B8D3E598674C04A0C1EC0E63FA4BE70
:103B3000865A13404CA6224023DB39BE6B2B96BE1F
:103B4000575B0540363C7D3F53058BBF01DE3EC0D1
:103B50008FE4F23DB072283E54E3C5BE5BD34CBF48
:103B6000A3019CBE48BF15C060761FBFDC4683BD65
:103B70009E5E593FCCEED93F302A91BF6F8104C081
:103B8000C9E59FBEECC0393EB07278409FABA53FFF
:103B900004E7EC3E053411BF34A2043F2A3A12BFB9
:103BA0003BDFCFBD96B214C02B8716C0C4B17E3F99
:103BB0003C4E11401B9E7E3FA245B63EF54A693FF2
:103BC0001748D03D9EEFE7BEAC1C5A3F98DD83BF3F
:103BD000006F613FDA1BBC3E04562AC0E17A9CC0EC
:103BE000D7A33CC0A8C6F33FA7E8284097908F40D2
:103BF000EF3819405EBAD93FBF0EF43F9A77FC3ECA
:103C000087A7B7BFA4DF26C00D7194BF827386BF9C
:103C1000AAF142C06E3434C019E228BF508D17BFDC
:103C20002063AEBE77BE8FBF36CD5BBFEA049E4039
:103C3000C9E5374095D4B93F3EE8254066662AC0BD
:103C400029ED5DBF840DF73F8F535040E10BC54018
:103C5000B98D02408B6C2B4091ED3C3FEE7C9FBEBA
:103C6000B5A69740764FBE3F5C8FC0C07DD0EDC0FB
:103C70005DFE91C06DE75BBFE56179403A230ABE06
:103C8000E10B23C06F1203BC45D8B8BF4F402FC013
:103C90001D38E7BF61C3033FE17A143F682228C0A3
:103CA000C9E57BC087A73BC0BE9F1EC02D431C3FFC
:103CB0008BFDDDBF9A08BBBE2CD49ABED7A3703E45
:103CC0009790134072F9FF3F0E4F0F4086C9F43FA3
:103CD0009FCD4240787A65BEB459A54091ED0CC0A5
:103CE000F2D2ED3F886355405C8F42407593883F28
:103CF0009D80663EBA490C3F6132E53F637F493F94
:103D0000E17AA43FD34DC2BEC3F500C061C317C062
:103D100040A40F3F787A053F9FCD5ABF4D158C3C8C
:103D20008F53ECBFA1D62CC0CA32E4BFCF6645C0CA
:103D3000FDF6BD3F295C4FBF18261BC04BEAECBF08
:103D4000637F79BF121487BF8A8E9C40D3DEB03F59
:103D5000DD24EEBF98DD8BC0A7E800C02D43CE4028
:103D6000865A733F87A717BF6519E23D52B81A40BC
:103D700004E72CBFE78C58BF2D211FBE871659BD05
:103D80000F9CB3BDE8D97CBFB22EDEBF0B46C53E4B
:103D9000E4148D3F7B14A63F6E348A40F46CFEBF62
:103DA00030BB4BC08104853F10E9373EA2B483404D
:103DB0001F85BB3FCB10CFBFD95FCE3F022B85C045
:103DC000A08950C05DFE9B3F03098AC0302A934002
:103DD00002BCE53EAEB6E2BD3B7002C00E4F6FBE08
:103DE0009CC424409E5E35409FCD2ABD857CB83F53
:103DF000E561B9BFA47095BF4A0CC8C0B6F3DDC079
:103E0000886351C0A52C9B4096B26C3F9A9979BFAC
:103E10004D848540DA1BE43F60E5B03F2731044024
:103E20008863DD3DF7E431BFFA7E2A3ED1222B3F85
:103E30002506613F55303A3FA1D6343E6F1203BA92
:103E40008A1F63BE51DADBBE39D6E53E2BF6F7BEDC
:103E5000849E4D3ED7A30C40A9139040EFC983BF69
:103E6000CCEE99BF348023C04D158CBF394517C0A7
:103E700002BC15400DE00940AC8B0F40E63F984076
:103E8000B4C8563F46B663BF81269440643BFF3EAC
:103E9000136117C0D26F0B4067D587BF613265BF12
:103EA0003F57C9C044FA0D3FF5B9DABE508D77BF10
:103EB0006132FDBFFB3AF0BEAAF1B0C0B6F32D3FB0
:103EC00008AC1C3E8F530CC090A00C4019049040CD
:103ED000CA32ACBF910FAA3FE7FB01C0BC058A3FC5
:103EE00091EDACBF645D4CBF12A52D3FB5155FC011
:103EF000F5B9AC408BFD69C0764F66C089D2C2402F
:103F00002A3A123E423E78BFCF664140CB10A5C050
:103F10004DF326C076E09CBD86382E40668803406F
:103F2000E3361A40A60A4240F9A0873F136103BE58
:103F300060764FBFDFE08BBEE483B6BF99BB80C025
:103F40000534B9BFFDF6D5BF20D297BFFAED6BBFE0
:103F500068912D3F17B7D1B955C100404CA61A3F03
:103F600093A9EA3F32E6464040A4E7BFF241973FBB
:103F70004BEA70406ABC043F64CCFD3F45D8B0BEFC
:103F800074B59D3FBD5286BF5396C9C052277C4031
:103F90006D5693C0C4B12E40319912C0DA1BE4BFF4
:103FA00076E00CBFB1BF2CBE3BDFC73FBDE33CC0DA
:103FB000BBB8FDBF6ABCE4BF302A05C058A825BF06
:103FC000AD69DE3FFDF635BFFB5C7DBFEE5A023EBC
:103FD0006891C5BFAC1C5AC0CA54993FB7D14C4078
:103FE000516B823F151D79BFAC1C8ABF8195FBBF09
:103FF000394563402575A23F2C655D405D6DCD3F21
:1040000040A4E73F3A924B3F4A7B134068B30240DB
:104010002DB21D3D8D97BEBFF9A02BC004561AC00E
:10402000A83505C04D8497C0E78CA83F80B7A6404F
:10403000226C04409C33623E431CCBBE4A0CB2BF90
:10404000C3F5A8BDE5D0B2BFE258A7BF4CA60A4051
:1040500017B721BF9C3332BF0612E4BF4850DC3F84
:104060006ADEF13F4F40433FC139CD40EFC9C33C09
:10407000613205C0D34D22BF3BDF5FBF2BF657BF78
:104080009D1161C04B5946C0006FE1BEC4B1A0C0D4
:104090005305B940711B97401B0D3CC039459F3FEC
:1040A000DAAC5ABFC3649CC0EA04AEC07F6A88C061
:1040B000C52084C0D95F463F8CDB9840AA82913EE0
:1040C000EE7C9F3E4E6290BEBF0E5C3EC7BA38BECD
:1040D000728A1E3F9031B940A1F8A5408AB0A9BFAD
:1040E000567D42C00612FCBFA0890F4112140FBFBB
:1040F000CA32DCBF516B9A3E1E168A3E7FFBBA3D28
:10410000C9E57F3E46253D40E7FBA93E7FD9BD3D41
:104110006A4D43C064CCAD3F3E7958BF1361A33FA5
:104120002497FF3DB8407A400B243440ED9E18C0E0
:10413000371AD8C0C7BA10C0764FFE3FB072A03F42
:1041400094F616401CEBF23FE3368A3F11C7823FDC
:10415000A167533F0C93A9BE228E653F0F9C33BECF
:10416000C3D3CBBE85EB813FD49AC6BEBA6B59BFD1
:10417000986EA2BF690097BFDE02C13F9CA223BE1A
:10418000B51517C0423E903FD57829408A8EE8C0C9
:104190004B59963F5EBA9340D9CEAF40E78C5C4016
:1041A00002BC79C0A470CDBFA77907BEC52070BF7F
:1041B00086C9D4BE3333F3BF2A3A92BE34119EBFB0
:1041C0002DB269C0728A3AC08716593D9FCD923F81
:1041D00058CA723E6EA3A9BFA08978409790DFBFEE
:1041E000B5A611C00534F13FA779954052490D405D
:1041F000A60AAEBF3CBDF2BE04E7EC3E05A312BD6D
:1042000089D2DEBA6A4D83BF651932BFBC7483BFE1
:10421000C58F913FF0A726C041F143C00B468BC02C
:104220002041D93F1D38F73F2D21973F17D9DE3F59
:1042300046B6FB3F6C09A93F63EEDABD55C1583F56
:10424000A7798F3F4F1E2A40A301843FD3BC43BFB1
:104250006DC56EBF32E6EEBE63EEB23F0F0B8DBF93
:10426000A01A1BC0454703C1CD3B963FC1CA9D4024
:1042700024973F3F9565883EFE43C2C0CB10274040
:10428000A2B4973F2653C5BFDB8A69C01FF48C4098
:1042900064CCD7C068B39440CB10D73F7D3FA53FD7
:1042A0007FD9114039B43040B37BB23F6FF045BF86
:1042B0000309BAC0AF258E40B30C0DC0FE65573F51
:1042C00010E9BBC0249795C065196AC0910F2041C1
:1042D00075027EC0E8D90CBFDB8A953F34A20CC0C2
:1042E000E63FF4BF97FF103E7DAED63F79E9A63E8C
:1042F00039D66D40DAAC1A408CB927400C02E3BFC6
:104300005305C33F0E2DB23E99BBB6BE0BB58440DC
:10431000933AB93FB7621FBFF93103C13480373DCB
:104320001D38273F17D9BE3FA8579A3F2CD4DA3FF4
:10433000AE471940E6AEDD3FB22EC6BF211FECBF2F
:10434000B37B12C02F6E433FF7E451400DE0D53FE1
:10435000B6F39FC03C4E45C034808FBFFD879C3F65
:104360009C3362BEFED498BFB37BFA3F16FBE3BF1B
:10437000F7E4F9BFB29D89C0ACAD92C0C66D843F71
:104380008CDBA03F6744813F69004F402653354096
:104390008941983F6519C2BFFF210DC00DE09DBF47
:1043A000D26FB7BF728A064079581440787AB54008
:1043B000FD870C40C13903C0228E21C054E385BF64
:1043C000643B97BF0AD7C3BFBB272FBF6E3410BF54
:1043D000E5F22BC0A167B3BF58CA223F871601C0C0
:1043E0001904A6BF6154D2BF5B4286BFE02DB0BFA7
:1043F000242896BF90A018BF327761400681AB4059
:10440000C89847408BFD5940910F9A3E48E15A3F6A
:1044100045D848C09CC420BF499D60BF567D7EBF23
:104420003789713F143F763FAC1C5A3F5E4B58C0F2
:10443000D8814FC0371AB0BFBC745340A60A0E4093
:1044400080B7803F2A3A22402C6599BE3EE8793FEA
:10445000A60A72C0F085C9BE1826B7400E2DD2BE7E
:10446000098A4FC0C4B1ACC08FE4C2BF0DE08B401D
:10447000B4590540E71D0740EA04343FEA9580C07F
:104480004A7B4AC161C377C140A46F3FD49A1341AC
:10449000ACAD28414F1E5A40BEC15B40006F41BFCA
:1044A000A835D53F1B0D503FA52C934060E550BF6C
:1044B0000C93E93F569F2B3D4B59063F36ABEE3FE1
:1044C000EA04A4BFEE5A2AC0DE0289BD910F3A3E2B
:1044D00033C40D40F2B050BFD6C5A34098DD1340A1
:1044E000B6F36940A1670BC1560E05C01B0D883F8E
:1044F000EF38C5BDED0DC6BFD881F33E35EF00C026
:104500006688E3BD4547B23E1283C0BC14AE37BFD8
:10451000AA6014BE787AC5BE9B555FBF431CEB3EB4
:10452000DBF9FE3E9D11653EA7E8C83E304C863E55
:10453000D5E70ABF3BDF6F3FAC8B2BBF0AD7233ECB
:10454000158C4A3EE63FBC3FB072E8BED88183BFBF
:1045500017B771BFD26FFFBE333373BE9E5E19BFF4
:1045600032E69EBFDB8ADDBE986E52BEBDE304BF5D
:1045700012832C406B9A7F405C8F2EC08273E63F83
:1045800024B9FC3F2575DA3F7FD90DBF6F81B6C0D6
:1045900011C71A3FB150B3BFDC68B0BF7DAE6A40EF
:1045A0001F855BBF4D152C3FEEEBE83F7D3F114073
:1045B0008D97B63F2DB2C5BFA01ADFBF5DFECBBF42
:1045C0000C020340D49AE6BD4ED1B13E764FB63FC1
:1045D000E4836E3F23DBB1BF273188BFFBCBEE3EC8
:1045E000BC9690BD962146C042CF86BF9B558F3F5B
:1045F0004C37793F6FF049C0107A9EC0363CEDBF12
:104600000681453F2F6E1F403411A4401B2FDD3E15
:10461000CEAA83C020D28F3F44FA2D402FDD004028
:1046200019E2F83FA301E43F9E5EE93FDA1B28C090
:10463000EE5AB4C0933AC13EFD878C3F832FACBE87
:10464000C58FF93F5249853F780B9CBFE4145DBF8D
:104650003C4E513DCDCCACBE621008BF9CA283BF86
:1046600092CB07404CA6A2C0EA958A3F9BE60DC0BC
:104670007C61B2BF5E4BE83E083D5340F7067F3F8A
:104680004A7B9BBFC976BE3DC3D337C0BC74B5401F
:10469000DC6840C096432BBF567DFE3F52494940DF
:1046A000EA95023F7DAEBE3F1D5AC240910F424087
:1046B000423E383F67442540B003673F1904AEBF10
:1046C00011361CBF26538DC00681A7C009F9003FD3
:1046D000DDB5DCBF5EBA81BFA60AC63E903153C0CD
:1046E0008E06A8BFD26F0FBF2506E1BE41F113BFF2
:1046F000F7E4A9BF341146BF4182923F24B9084074
:104700008126123F07F076BF7C61323E9790AFBEA4
:10471000EF38353F304CAEBF6C0939BEB3EA533F7A
:10472000009190401D3867C02C65F93F8FE412BF9F
:10473000C4B19E404F1EB2407424B7BF9A991D4029
:10474000E9B7AFBFCAC3A23EA7E82040C28647C0B0
:10475000401345C0DB8A25405474C2C06D5641C029
:10476000787A85BFBADA7240A54E5C406E347CC060
:10477000508D77406519BCC080B750C0BA6B2D40D2
:104780008E06F03FD8819340B1BF2C406DC57E3D71
:1047900041F1FB3F0309C2BF17B791BEE0BE024023
:1047A0009621A640E7FB293D3E79D83EC9E57F3EEC
:1047B0002C65F1BFA8359DBFFFB2EBBF61544EC061
:1047C000690037C02C6511C04C37F9BF52B806C01C
:1047D0003D9BD5BE022B87BD621048BF2C65A9BF8B
:1047E000713DD23FBA49CC3F82E2473E643B334001
:1047F000BADAEA3FD3BC63BDC05BE0BFFA7EAABEB3
:10480000143F224085EB4D408126C2BC840D27C059
:10481000228E19C0CCEEE9BE1973573E5DFE73C0FF
:1048200039B4083F713DE4C0FDF6EB4080B7E4C009
:10483000AC1CA040ACAD8240BEC1DF3F60E5203F74
:1048400073680940865A5740A52C5F40B1E193C078
:1048500058A8AB40A60A56BFF9A01340D0D526BF32
:10486000BDE384C0E71D85C08273C6BD4BC8E7C0E9
:1048700029EDCF409C33F2BFC364C040B98D2A40BC
:10488000BBB87940992A3CC0728ABEC01B2FD34066
:10489000EB7371C00309B2BFEE5A86C0CA54A13E81
:1048A00072F98F3FE86A6B3E9BE6BD3FEA04EEC0BB
:1048B0004182823EF5B998402AA93FC0CBA151C0A0
:1048C00040A45F3D8FC2F53BF2410F3F772D813E03
:1048D0004BEA14C0ED0D92C07B836BC079E956BFE3
:1048E0004DF32E40FB5C6D4010E92F40BB27274065
:1048F000FED4C03F12A53D3D0681D53EBB270FBF6C
:10490000A913C03F0B24E8BEB6F3D5BFB76203C0FE
:10491000E5D03E409CC41C407593E03F910F52404F
:10492000029A38402D4324405305233DF241CF3FA6
:104930001D382740E02D54400E4F97C0ACAD28C025
:10494000E3C7E0BF65AA8AC0CC7F68C0E5D03EC09F
:10495000C3D36BBFC52060BF075FB8BE16FBA3BF44
:10496000166A4DBF27A0993F3F354E40C13943BF1E
:10497000840D07C052B886BF94F6E6BF5DDC263FC3
:104980002CD49ABE1E169A3F696F703EE71D673E93
:10499000DB8A39C0A69BD4BF1A51AA3F63EE6ABF17
:1049A0008E0624C03A921BBF44FAB540E414DD3FA2
:1049B000FFB23BBE1B0DC0BE8941103F3EE8193E11
:1049C00022FD96BE1B9E2EBFD95FBE3F6DE7A3BFE3
:1049D000567DA6BF24282EBF2E90203C31997A3FC9
:1049E000DDB5E43F7FD96540AA82513F38F88A3F60
:1049F00066F7CE40F31F56C08D97D6C0DCD705C0F2
:104A00009FCD8640D656843F5DFE63BFBEC1673FE3
:104A1000B6843440423E4C406B2BF63E44FADD3FB8
:104A200096B2943F711B3D3F3CBD7240A3923ABF8A
:104A30008E06C6C029CBD8BFE5D09CC02D4368C028
:104A400073D742BFE3A5B3BF107A76BE8885BA3E5E
:104A5000A30106C1211F10C08B6CA73F9031E73F17
:104A60005C8F623F5F29D33FCBA105406C782E401D
:104A700042CF863E7E8C19BFF90F193F0612343F94
:104A8000DBF97E3F81263E40C3F5283E3BDF5F3F9A
:104A90000B4625BE000030BF4D84ADBFB98D66C04A
:104AA0003D9BB53FEA95823FDC46C33F6ABCD43F9D
:104AB000B7623F3F2731B8BF29ED59C04E62F0BF02
:104AC000A779E73EA8577EC02C65493FAD69BEBEB9
:104AD0007DD017C0F69785BF091B2E3F29ED4DBE2F
:104AE000363C45C02EFF3940228E87404C3715405A
:104AF000F5DBD73D492E27C0B22E8CC06210AAC06C
:104B000017B791BE5E4B8C40871641402497734087
:104B10001904363FD95F86BFEFC983BE63EE7ABF03
:104B2000B22EAE3ED509A03FC0EC224002BCF9C077
:104B3000F46C16BE8CDB3440956540407DAE563F2C
:104B4000EA95A640BC74E34041829E40A01A9FBFF4
:104B50009EEFD5C07E8C6DC07446C6C02DB209C014
:104B6000E0BE0EBF94F6CEBFD191B84060E5F840EC
:104B700017D97AC06822843F2EFF9BC065AA0C40DB
:104B8000CD3BD6C02575B640BB2797BF27A069BFD0
:104B90003D2CA040D95F4E403F352E401FF42440AD
:104BA000CFF7B33EB762FFBE6C782ABFC89893BFF9
:104BB0007DD0B3BEC66D94BE327795BFE0BE4E3F8A
:104BC000736891BDA1F8A9BF60E5F0BF43AD01C016
:104BD0001F85C3BF5EBA11C0598610C017D94E3F9A
:104BE000BB27AFBE6ADE09C0075FF8BF1D5AFC3F96
:104BF000BC960440986EA23F3D0A17BFB684384069
:104C000054E32140E10B93BD8AB0813FC5200CC025
:104C1000F7E4713FC4B18E3EE3363640F7E44D40D1
:104C200016FB03C087A79FC0ED0D9AC001DE023EB0
:104C3000AF2564C039B490C0029A74C0143F46BD19
:104C4000A8C623405D6D5540ED0D96402DB2454000
:104C50008A1F4B403D2C1C4011C7BABE280F03C011
:104C6000287EECBF20D2EF3DFC1833BE2D210FC0B3
:104C70003A924B3E1D380FC0832F2C3F508D173F6B
:104C8000569F23C0C74B57BFD122DBBE5396E1BE10
:104C9000EA9512BF82E2A7BEEE7CEFBF79E91EC0A3
:104CA000931834401FF484408E0698BFB6849CBF8E
:104CB000E948963FE63F343F0F9C83C002BC653F06
:104CC00021B0D23FE5D02E40D26FBF3F355EDA3EF5
:104CD00046B6233FAED81F3F52B85E3E2575823E92
:104CE000F8C224BF17B7B9BFF9A09FBF7AC7F1BFF9
:104CF0002C65D9BFAE47213FC7BAB8BD0BB5B6BF0B
:104D0000B537D03F728A124042CFBEBFE10B8BBF96
:104D1000105819BFAF94A5BE5249914030BB8F3F88
:104D200064CC41C052495DC07F6A7C3E87A7973FF3
:104D30005227A0BE34A2B4BF04E7E4BF88F41BC06E
:104D4000FE436AC00D716C3E1895844068226C3E2B
:104D500090317F40FFB2AB3F95D43DC0FB5C6D3ED0
:104D60006C78B23F0C933940B98D863F2AA9074031
:104D70003E79CEC097904FBF88854240C74B3B409D
:104D8000FF21DD3F44692FBF6688ABBF68B39ABF80
:104D90007B836F3E6ADE213FB459753F5249DDBEC9
:104DA0008716F9BE0A68923F36AB7E406C0919BF80
:104DB0004ED155C0AC8B5BBCD26F1F3E2A3A123F1E
:104DC0009C33623F7AC7293F8E7511BF9CA28B3FEF
:104DD0005C8F823F76715B3E2B18E53F76E0DC3ED0
:104DE000AAF19ABF992AD8BFA83539C03A92CB3FC9
:104DF0009B55B73F1CEBA0400E2D1AC06E3428C047
:104E00003277A5BF86C9ECBFAED877C0789C884002
:104E100054743040E561013FFE65173F5F29EBBEEA
:104E20004A0CFABF1B9E36C06D56A3C09A77A0C02D
:104E30008126A23E54E3F53FDBF9FE3F933AA13FC2
:104E4000ABCF9D3F17B781BF48BF0DC0143F76BFA2
:104E5000C1CA55408885FA3E6891F53FBF0E504063
:104E6000226CFAC089D200C168B312C0575B93406C
:104E7000645DE43F6A4D933EA4701D40E86A6B3E5A
:104E80009FCDCA3E3A924B3FBF7D9F40FE65173F84
:104E9000E10B57C01AC0B33FAF25B2401B0D104005
:104EA000FAEDEB3AAE47C13F394503C04B5952C00A
:104EB000E3C7C83F61C39B3F0F9C23BFD7342BC0C0
:104EC0007B1442C0FE437AC06A4D23C0CCEE79BF4A
:104ED0004182CC40FCA9A9BF8CDBB03FD0D5DE3FDE
:104EE000A8350D40DE02394040A49F3EFDF6B53E98
:104EF000764F9E3E04568EBD569F23C08FE422BF40
:104F0000D0D5963FB1E1493FA913E03F18957840CD
:104F100065AAE03DB0035FC0B45995BFD3DE80BE43
:104F200007CE99BECCEE49BD5EBA01408638563EEA
:104F3000CBA1C53F643B5B407DAE963E03095ABFA3
:104F4000BBB8CDBF8A1F83C024B9BCC030BB1F40D3
:104F50005BB17F3F90A038409D805240F38E574018
:104F600051DABB3F31995240D9CEAF3F4C37993FD0
:104F70004D15EC3E666616BF098ADF3F2653753F26
:104F8000006F113F8FC2BDBFF08589C0143F4EC076
:104F9000BEC117C09D80E2C06DC536C0B459953EF4
:104FA0005F988CBE3F351EBE226CF8BDBC05E2BFCB
:104FB00094F676BFDD2466BF33C411C0B459CDBFAB
:104FC0004D8409403D9BA7403D9BE9C0C217A6BF49
:104FD0004625653FF1F42640FD87F43F66F7643FC0
:104FE0000EBE864019731B403FC61CBF5DFE43C00A
:104FF000772D9340DE02394090A02840B7D124405D
:105000000BB56240AA60ACBF759368C06B9AAFBF26
:105010000378CBBFFAEDE3BF4F1ED63EF54AF9BE8B
:10502000DDB504BCBBB8DDBF66F7A0C032E680C00A
:1050300068B34E407FD93D3EB1503B3F166A4D3E6E
:1050400017B74DC0091B1AC05986184054E3BDBF9D
:105050009E5E3DC0711B8BC0888517C1022B0BC1A2
:105060006EA30D4004E73F4153055B40098AB540FC
:10507000764F863F80486F3FF8534B403FC66C40A9
:105080007F6A3CBCEBE21240A32339C074B5ADBFCC
:10509000431C1340C58F113F304C2EC0499D803DAD
:1050A0000C025740910F4240C05BA03FD6C52D3E39
:1050B0006A4D933EFC1847C034A290C00B4689400D
:1050C000C2869140105809BF95653CC0F853E3BFB4
:1050D0009B555FC0E483FEBE1FF40C3F21B052BF5E
:1050E000A323B93C8F53F4BF0E4F83C0BDE360C010
:1050F0007C61EA3F21B0D440D3BCF33F1D5A84BE4B
:10510000BD52F63E4F1EAEBF29ED5DBFCF6629C032
:1051100002BC19C071AC17C0F90F89BFBB27E73FAC
:105120005249BD3E6C78BA3E143F5E4062A1664073
:10513000C0ECEE3F60E5B03E4A0CE2BEE7FBB93F93
:105140007A360B40EA04D43E5BB17F3F12146F3FC6
:10515000925C0240787AA53D992AA8BFA857A2BFC1
:10516000865AD33D88639D3EB840C23E3BDF0FC0A8
:10517000423E8EC0A1D62CC0D26F9F3F2DB29D3D26
:10518000ACAD78BF9D11653F4D840DBF5E4BC0BF78
:10519000BF0E0CC0643BCFBFE4832AC09CC4C03E9A
:1051A0001748A8406744F93FA77997403A23C2407F
:1051B00071AC6B3FECC0C3C00C93893E3480874018
:1051C00029ED31C040139940304CBEC0D191A4C0EC
:1051D0005DDC62C07E8C29C014AE8FBF96218E3FED
:1051E000FF212DBF492EBFBE0C93493FC3D33B4087
:1051F0004CA6724032555840956544C023DBE1BF50
:1052000065AAE0BF5249DD3EAB3EC73F772D49401E
:1052100055303EC04625953E1EA7A83EFB5C2D3E60
:1052200067D51340C0EC2EBF29ED19C052B85EBF40
:105230006B9A37BEA69B34BFC4B196BF76E09C3D47
:105240007E8C11C096B264C0DDB50CC0A4702D3F39
:105250001D5A243EB9FC073C0E4F874052B8A63F6A
:1052600041827240E3C798BD984C75BFDBF922407C
:1052700073D7723F62A1D63DDE71EA3FA7795F40E6
:105280004F400B40772D913FBADA8A3F12A51D405F
:10529000CC5DCB3D97FFF8BF64CC95BFA54ED0BF8A
:1052A0005B4202C06B2B663FB37BF23E4BEA82C08F
:1052B0004C373DC099BB16C04F4007C0F6976540BC
:1052C000C0EC1E3F16FB5F4062A1C8400EBE864088
:1052D00013F2A13F211F0C401058913F02BC21C086
:1052E000C3F53CC0D1225B3D780BC43E0B4621C0C8
:1052F000D2003AC005A32EC038F8FABF48E1BA3F41
:10530000A52CA33FAE47E13E2B189BC0840D17C0D0
:105310008638063F19733B40772D11404694D63EA0
:105320006ADE09C0D88193BE158C8ABE3B012D3F31
:10533000EC51AE40371A983F840D23C0A913D0C05A
:10534000B7D184C0C3642A3F4625753F091B9EBF61
:10535000BA6B893FDE029BC03E792440DB8A514014
:10536000C28647BFF5B9923F371A604004568E3F58
:105370004C37593FD50988BFE02D50BFC1CA754091
:105380007A36ABBE5AF5A13F1214DF3E7AA50C3F28
:105390000EBE24C005C51FC093A95AC0280F9FC0C8
:1053A0009A779A40BF7D97C0C286973F81261E405C
:1053B000211FEC3FFD878C3F35EFE0BF1DC9C53E87
:1053C000A16703BF65194AC0FBCB6E3DDAAC0ABFCB
:1053D0001A518640C74B93C02428FE3DD5E74EC0E6
:1053E00072F99340394595C006811DC0E78C183F7E
:1053F000A1F84D40E09CA1BF8D28B540AF94C53EBB
:10540000EEEB18C0CA3284BF9D11E53FD712B240FF
:10541000A01AA740F085F13F9F3C8C3FDE714ABE49
:10542000591753406154723F053405C0FAED2BBE45
:10543000BDE314BF7B832FBE621030C009F9983FD3
:105440004B59C63F85EBD13FCD3BA0C091ED1CC170
:10545000C217463F166ADDBFDE714EC038F8A2BEE5
:10546000D0D5F63F6F81DC3FB30C513FFED4683F8F
:10547000CC7F083FDC6800BF4A0CA2BF7FFBFABFAD
:1054800058390040014D2CC0B30C6D40CFF7633F3D
:10549000F08539BFCA3230404BC843C01B9E0EBF97
:1054A000BE3099BDC1CA01BFB7D180BEBADAE23FF2
:1054B0008CB9B33F96438B40B1E1D93F08AC8C3FE8
:1054C000A167BBBF022B17C07B834740832F0C3FD4
:1054D0002575C23F94F6F6BF38F89EC0EB73953E33
:1054E000524949C08FE4B23FF08519BFE86AF3BF63
:1054F00036CD9BBE386792C09790CFC0A2B433C060
:105500003CBD36404694B63F250621BF2F6E533F23
:1055100096B2943FF85353BF857C98BF69006FBF24
:10552000E56151BF2D212FBFF46C2E40CBA1F53F7B
:1055300060768F404A7B1F408FE40240D6C52DBF66
:1055400088F43B40211F64407FD96D404772714011
:10555000772DA13E547420C0FE4382BFEE7CDF3E17
:105560007DAEF63E9A0807C0C1A844C09B5597BFC0
:10557000CE88EABFAAF122C055304EC0B68420C002
:10558000F5B9DA3D0C02ABBE7E1D0040A3014040E0
:10559000E3C70040B9FC57BF5917B7BD174864C0EF
:1055A0002D435C3E6900AF3FA2B497BF53961140B4
:1055B000A7E8883E371A0840401393C08D2861C081
:1055C0004A0CD23F39B4864029CB82C07446143D80
:1055D000D88163405F072AC0F163EC3FF2D27D3F80
:1055E000ADFA3CC03945AF3F67D5AF3FC4426940D3
:1055F000107A94408E0640407CF2D0BE33C401BF86
:10560000FCA905C0D2000AC0F38E433F7D3FF53EA2
:10561000BADA1EC0D122D33FCFF7533FCA32E4BE1D
:10562000DB8A9BC0F2D2614068224C404A0C09C11F
:105630009F3C8EC03A232AC00DE0ADBEE9262D4026
:105640003867484089D22A403BDF0FBEBA492CC098
:10565000FCA9913F40A4BD40516B1A3ECA3220C004
:10566000C72926C038F80EC0499DE0BEF7062F4076
:10567000FBCBEE3D962106C0EEEB40BE302AE13F6B
:105680000BB5E6BE448B10C0D42B01C0A1679BBFF5
:10569000795818402063A440F241CFBD9EEF373FB8
:1056A000A857FABF96B2B2C0711BDD3F8F5324409A
:1056B0000E2DAA3FAF2514C086385E4068B36A3FFE
:1056C0005305C33E24979FBF3F352EBF3F354EBF86
:1056D00038F812BF29CBA8BFBF7DCDBF865AEBBF1C
:1056E000BF0E40C0A1D610C0910FD23F07F0863F39
:1056F00091ED5C3FBB27A73FFA7E2A3FAA60043F9B
:10570000EE7C6FBF151DF1BFFBCB5E3FB81EC53EE3
:10571000A01AAFBD3B018D3E6ABC8E40C3D3BB3FD8
:10572000C7BA82403CBD3A40849ECD3C4547DABF73
:1057300073D73EC00DE005C05452FFBF014D54BFAA
:10574000182623BFCA54013F917E0B4059172B40A6
:105750005530DABF0A6822BF0456AE3F6C09F9BE65
:1057600058A805C0C6DCD5BF5227C03FB5A6C93F63
:10577000C520C8BF14D03440E3366ABF94F642C097
:10578000477297C06D562D40A7798F3F16FB4B3F50
:105790001058493F7958A0BF2497FFBD226C2C4078
:1057A000530533404DF30E40948785BDD509E8BEBF
:1057B000C74B3BC0426065BD8863DDBEE7FBC9BE29
:1057C00068911D40FE65373F90A0C8BFE6AE49C056
:1057D00013F2D1BFB98D1A40FCA93940D3DE244061
:1057E000107A4E402C65993D3B0191C01A515AC028
:1057F0003D9B953EAA82893FE71D273D287ECCBF71
:10580000B7D100BF075F283F4182423F96434BBF5D
:10581000BA49FC3FDD24963F840D2FBFCF660DC0F3
:10582000BEC1F7BFB762BF3FAE4705C0C6DC95BE7D
:10583000EA04443FAEB6EABF764F8E400B4675C0D1
:105840008E75413FE2E9953D682268C0DA1BF4BFDE
:105850004A0C8A40FF211D40DCD701BDD6567C3F53
:1058600048E16E4011C732407502823F2CD4DABF46
:10587000091B36C03199F2BF539641BF4013A13E78
:105880005396C1BE894180BF89D2CEBF16FBCBBE25
:1058900068B36ABD80487F3F006F813FCEAA87BF53
:1058A000508D173D90316740E2E98D3F9BE639C04E
:1058B0007FD9BDBF0BB5FEBF7B835FBF17D96EBF5E
:1058C000BC053AC0B0721840AF2524BE508D37BF1A
:1058D000B07290BF166A6DBF65190A40D0D5CC4032
:1058E000E3A5D3BF67D51340D42BD5BFE4836E4067
:1058F000A1D6B43D4625EDBFDDB504BF4A7B83BECE
:1059000005A3223F9031AF3F8AB0E93FD42BA53E9B
:10591000DC6860BF0000803F1CEB8A3F228EA53F01
:105920000EBE603FACADE03F1AC0933F2CD402C026
:105930000091D6BF5F29EBBE29ED6D3F88859ABFE8
:105940005F9810C052491DBF71AC33C0083D9BBE6B
:10595000FA7E9ABFE17AACBFC364EABFB3EAE3BFA1
:10596000AA823DC09CA24BC08CB93B40B6F3FDBDA2
:10597000A52C433E8FE43A401826EBBF52B8863F31
:10598000A60A02C00B462D4065AA0CC05452A7BF00
:105990002D210FBF4D154040713D2A40D0D59C4070
:1059A0006B2BA4C09CC4584022FD72C0302AF9BFA2
:1059B000645DACC0AA8291BFAA8211BFE10B6F40A7
:1059C000F85313BF1D384FC09A998DC0713D0240E6
:1059D00016FB7B400F0BAF4017B731C0E948BE4004
:1059E000B3EAD540666672C09B55FF3F7593D8BE3B
:1059F000A4DFA6BFDFE0FBBF5EBA49C02F6EB3BF16
:105A00008638563E964333402FDD04405530AABEBB
:105A10002AA98B3F14AE673F5DFEDB3F643B5B40D2
:105A20001748803FED9E6440006F61C06F8198C051
:105A3000378989BF849E8D3E2B18A53F8CDB58BFCC
:105A4000E414FD3FFCA93DC0378941C0014D10C0A1
:105A500020632E3E0378E33F02BCCDBFC9E54BC0B7
:105A60007D3FC53FBEC1B73FC8986B3F34807B4088
:105A7000E7FB8740226CB6401B9E80C09A775CBFD4
:105A8000E336D23F0A68623FD122A5C0E86A93BFDD
:105A9000DE713A40F931663F70CE88BF02BCC5BFA7
:105AA000D1226BBF1FF4CC3E5C8FE2BF17B731C071
:105AB0001361BBBFC286673E27C2363F925CE63F9A
:105AC000234A43406F81544024282E3FDAAC7A3F6A
:105AD000431C8BBEAE4729C0D49A66BE8A1F13C032
:105AE000A8573EC0E0BE1EC00EBE40C002BC49C0AA
:105AF00088F4DB3D098AAF3F158C2A3FA913044087
:105B00009A77E43F4D15ECBECBA145BF6900CFBFEE
:105B10002EFF513F32E65A4000914E3FB68410406E
:105B2000B8AF4F408B6C173FAC8B0FC01058D9BE2D
:105B30004D844DBFFA7E6ABE2CD45A3EFF21DDBE95
:105B400017D90E3F9C33823E9FCD6A3F9CA2633F94
:105B50004F1EF6BE832FA4BF3A926B3F789C923FB4
:105B600080B7D8BF327769C0B1E1E93EE2E9794058
:105B7000022B9F3FF8532740F1F44A3FC3F5AAC0D8
:105B8000B29D27400B46F53F1E167A3F3FC6DCBD4F
:105B9000E3A5DBBE48E1BABE810435C07C618EC09E
:105BA00046B6BFC060E59AC01904363F9643EBBEC7
:105BB0009CC4603E933A594026E4733F637FF1BF33
:105BC000E5F277400B4671401F859B3FAEB6DA3F4A
:105BD000DE02F13F7958383FA323293F6E3480BD60
:105BE000FED498BFF775B8BFCA54C1BD8E06F03D4C
:105BF00005C53FBFED0DBEBE39D621C052270CC032
:105C00001B2F9DBFFBCBBEBF6EA311BF2B87BEBF9B
:105C1000553032400DE08140637F91BF713D8A4035
:105C2000D5789540FB5C7D3FF6971DBFB7622FBFCF
:105C30006ABCB4BF04E78440C3D38D40A323913F23
:105C4000A69B8CBF73D7123FBA49B43FD65694C0B7
:105C5000E5F253C0F163CCBFD9CE5BC068B33ABFA5
:105C6000D04458BDE4839EBE11C76AC01904864063
:105C7000158C22C02506B1BFCC7FC83D3A92FB3FB0
:105C8000933A6140ABCF55BD355E52C0DE7176C0F0
:105C9000AEB6223FF6287CBF674441C088856EC0FF
:105CA0006ABC54BFABCFFD3F3CBDEA3F36AB4EBFF5
:105CB000645D5C3E07F00240A8C6C34038670440FC
:105CC000ED0DFE3EB8404E4065196640BC74AB3FDA
:105CD000C5FE5AC01DC99FC0BEC1FFBF6688733FC5
:105CE0003FC68CBF583930C0E336AA3FEA9532BF71
:105CF00005A3923D363C3D3F3255BC401AC089C099
:105D000093180C40AF25FC3F0D711CC008AC9CBD26
:105D10007AA5BAC082738E3FA4DF4E3FA835B34048
:105D20005530B240C976964005C533400091DE3EFD
:105D3000711B953FCF669DC0DD2437C1A7E8A8BF82
:105D4000EC51D83EAC1C1EC0423EA83EA32339BC39
:105D500077BE0B41D9CE07C0F01608C072F9B7BFA5
:105D6000BEC1CFBF9FCDB2BFDDB500C03789A1BFD7
:105D70006ADE8940ECC099BFFDF69D3F12143F3E9C
:105D80004A0C823D3EE829C035EF1840C286E73F05
:105D90006891ED3C9EEF89C093A97A40DE9307BDE0
:105DA000C9E5BFBEDD241EC06891853F63EE164085
:105DB0003789213F280FB33FAC8BC33FCAC3423F53
:105DC00076718B3FA69BDC3FC05B044005A3164069
:105DD0009BE67D3FFFB29B3F713DAABEF90F11C00C
:105DE0007DD0333E4260253E8104053F6F122BC0BB
:105DF000DCD7E3C03F573BC02E90AEC06900C54022
:105E0000BF0EFC40234AAD40925C22C054E3253DC6
:105E10005F078440F5DB57BEE71D95C0F1F47ABFFC
:105E20000D71ACBF29CBB2C070CE083DB81EC3C047
:105E3000BE9F4ABF3C4E413FAE4721BE371A384055
:105E4000287E64C08A1F83BEEC5180403BDF873FC1
:105E5000E5F2D7409A99F340F90FC140C0ECA84051
:105E6000280FC33F280F0F4086C90440FE65073F37
:105E7000E5F25F3FCAC32240BD5212C058394CC040
:105E800033C431BD6B2BFEBF6F1257C066F7343F72
:105E9000AA60BEC0053411BF5F072EBF17C890C1EE
:105EA0000F9C814081267A403D0A3B40AF25184037
:105EB000B072283FB762DFBE26E483BDD2001A402D
:105EC000DFE0AB3F9D111D403D0A073F5A647B3F19
:105ED00013F2A9BF925C2E3F40A4DF3C11363CBEBA
:105EE000C6DCB5BC39D625BF5A640FC054528BC12D
:105EF000204155416FF0414119732A4174241D41DD
:105F0000ED9E3041F4FD7C4121B09D41F16384411F
:105F1000BADA80419A087E416B2BE84088F48740CA
:105F20007E1DC0C0F8C248C1090AA1C10E3EE2C12F
:105F3000432DCBC15B53AEC1933A38C13BDFD6C1D1
:105F40002586AB412DC3934154F48E41857C6F412E
:105F500058CA3441FFB2CF40C4B19840029A483E7B
:105F60003C4E61BFB515F33FB459FD3F4C379FC060
:105F70005C20F9C086C920C1D57808C1F9A004C148
:105F80007FD983C0E48346C1F85381C11F74D1C156
:105F9000D712804050FC74401A51A23FACAD803FF4
:105FA0004F40333F94F6C6BE75935C406DE7B3BF78
:105FB000711BD9C0736815C085EB39C027A009BE15
:105FC0002CD45A4040A41B4052272041B7627B404A
:105FD0005B422E3F2FDDA43EAE4775C0500D8AC1F7
:105FE000ED9EEE41023CA94197904C41C364504163
:105FF000F31FBA4036CD6F4001DE1A40BE9F1A3EF5
:10600000D26F91C0BE9FA8404D153C411EA79CC0B9
:1060100063EEC0C0E3A50FC148E19E40C9762AC126
:10602000AF9448C145D8ACC1546392C1BFFDBAC159
:10603000508D9B40C6DCA340EF38D14020D21D419B
:106040003D9B7741B98D96412CD46C41C74B2C4177
:10605000A60A474190A0604148E13A40789C6EC052
:10606000728A1BC173D758C1819580C1151D5CC14F
:1060700087A7ADC04D1544C1933A68C154F4D4C14B
:10608000E0BE4240DD244240DF4F8F40E0BEB440DE
:106090008A1FAB40910FB840992A644089D29C4036
:1060A0004DF39E40E3A53BBF265325BF73D7D24097
:1060B0006076A940696F00C0D49AC0C02FDDE6C0E9
:1060C000EE7C2340E0BEBAC092CBEFC076CFC9C110
:1060D0005F07BE404CA6E0408FE42B4194F673412D
:1060E000CC7F6D41B68401418CDB48403480B7BA27
:1060F0007DD033BE143F0A407AA50141FC18D33E3F
:1061000064CCD9C02AA919C1CC5DC7C0A5BDE13EE8
:1061100007CE0FC1ED9E22C1F01696C03BDFEBC14A
:106120001904E640F9A0C34001DEAC40E6AE2841C8
:106130000C938841840D6941569FDB40DE710E400F
:10614000F7E4E13E45D87440ED9E10417B838FBF5C
:10615000DE71D8C0F5DB13C11F850AC1B8AF3FC0DF
:1061600087A70AC183C016C1E258D3C05474EEC1D8
:10617000A52C1E41DE718C40EA046840DE024D40D1
:10618000690095402B1893402BF6EF3FB37B72BB11
:1061900094874D4065AA78403D9B494055305A3F11
:1061A000560EA9C0645D07C174B5A3C0D49A7AC065
:1061B000295CDF40BC74C3BFE258C1C0FFB29FC1BD
:1061C00098DDF3405305234139D64D41D3DE834159
:1061D00095D46E4107CEF94036CD6340D88133C0A7
:1061E000D65668C0ECC02DC14703E4C060E538C096
:1061F00077BEAD40931820C01826B1C0DE933FC0D3
:10620000D122D3C011C7E4C0D5099EC004D6AEC107
:106210002E904B410F1C8941DDA4AD4154749E4129
:1062200063EE4241FCA9BB405B421AC04A0C76C0F7
:106230005396B1C013F2B1C0F2D24DBE9FABA54090
:106240008CB9BBBF5C20D5C035EFA0BFF9314AC0C7
:1062500014AE2CC1690066C1401340C19A88DAC1EE
:10626000BA49EE404A0CFC40F5DB174183514341EB
:106270000F9C4241E3A537410B24F440014D2C40D3
:10628000C05B203EE02D0CC07CF2C8BFFBCBE6BF5C
:106290001D5A10409790C7BF87A7FDC07AC725C178
:1062A000E561B1C05227B2C0744621C1355ED6C186
:1062B000E5F2BF3EE17AFC3F88F42B40A9A4CA4036
:1062C0007F6A0F4116FB4C41D26F5A4132776141D0
:1062D000A7E83341984CA53F4469FFBF696F3CC0B4
:1062E000637F95C0BC058AC0F0855DC09CC401C1B8
:1062F000D5E7FCC0280FE3C0A4DFD2C055B0D2C19F
:106300004BEA24414BEA2A416E340D413FC69C4082
:106310003D9B8B4062100D41B6841C41567D6E4002
:10632000355EDA3E3F571B3F44FA4540D95F3A405D
:1063300088F42BBF77BEB9C0D200DEBFE09C11C18C
:1063400032550DC18E06C2C0AEB633C10601C8C1FA
:10635000EC2F2B4160E56C4164BB9741355EB34146
:10636000CFF7AE419CA27A4123DB2941832F4241E2
:1063700033C460412D43E2408A8E74C0FED442C1D2
:1063800088E380C111B69AC1E9A696C1DC468CC1EA
:1063900001DEFEC0E25817C1BF7D8CC10000CCC138
:1063A000E2581F419C333B418F5364415E4B624135
:1063B00062A1EA40E8D98840423E68BDF0852DC020
:1063C000AC8BB7C0E3A5D7C0B003BDC0B98D46BE86
:1063D000992A9A40B4C87EC0F016E8C07D3F51C0EB
:1063E0009CC4C8BFA69BFCC06ABCCAC043AD6DC1FB
:1063F000BF0E8D41561F9C41567DB341BA5A824112
:106400004D842741226C2040BE3019C06210ACC0C0
:106410004F40FFC070CE1CC18B6C4FC1BE9F51C19D
:10642000EEEB1CC13F35B8C005C5EF3F2BF6F73E7C
:10643000A52C5740499D80BF70CE9AC0356FACC126
:10644000832F1F4156FD8B41EFC9B9417B838A41A0
:1064500095D4D9405DFED540BC96F83FAC1C923F28
:10646000B5373C40A01ADB40B5A61D40492EE9C017
:10647000CEAA0FC1273154C0386744BEF5DB3CC1FA
:10648000D50995C1295C4AC127311CC15396C1C1A8
:10649000F85313411FF41F41371A4841B97CA041FA
:1064A000B5B7A74183512F41B6F3ED404ED18F4090
:1064B000840D9B40810431411EA7E83FFF21EBC0C2
:1064C000B9FC48C15B4276C1030938C122FDA0C0B6
:1064D000F0166CC1D3DE76C1AE47CDC03F57C7C101
:1064E0009B55F940FE43154193183D41029A754171
:1064F00087969A41C57EA5412B879E4112A5694189
:10650000F9A024411B0D1F4187A71D4197906740AB
:106510007D3F314083C0A8C09E5E9EC19A77C5C1B1
:10652000B840D8C1AA71CDC1B751C7C1107ADEC178
:106530001CEBE23D06124840211FDA40AB3E4741CA
:10654000865A8741780B2D41FC1827404BC887BEDF
:106550006C789CC01361C3C0304CEAC068B38EC075
:10656000E09C89408E75714066F734C0C8983BBD89
:10657000CA54813FF9A0CFC0508DCFC0645DB8C16F
:10658000711B4F41F7E42441D6564840764F0A40EC
:106590004260BD3F12833040857CDE40E02D0741E4
:1065A000D5E7E440E926B93FF54A69BF7DD07FC011
:1065B00087169DC0516BACC06C7846C0A301FCBE71
:1065C000804897BF287EAAC064CC03C142E0B9C10D
:1065D00089C1C8418CDB8E4133330F41560E2D40AB
:1065E000E5F25F3E08ACB43F44FA3D3F0B46153F31
:1065F000E4839EBE4DF36E3F6ADE3DC05C2081C0E9
:106600002A3A36C034809BC0F8C292C092CB8DC06B
:10661000B22E36C0B7628FC03F57A5C04CB7AFC1CE
:1066200064CC694188639E411EA7A94127317C4102
:10663000B0030C41ADFA70404F1E06BFEEEB78C0C0
:106640003945DBC066F707C1A30103C16900BBC0C0
:106650007F6A0C3F5EBAD740AAF1F23E33332B403B
:10666000B1E125C15A6470C16DC543C1CD4CB7C1FC
:1066700035EF3F4134A24F410DF188417D3FAC41A0
:10668000151D874138F82D4140A41B416B2B084153
:10669000764F4F41A913104039D6DDC0FE6553C176
:1066A000D34D84C1166A90C1690085C1C4421BC123
:1066B0006DE7C3C034110CC129CBDCC08BECAFC17A
:1066C000A1F84C416F126941C6DC5641E86AE540C9
:1066D000C74B5B40D8F04840C0EC2240D6569CBF28
:1066E000B003C7BEA1D61C40A3927E4067D5673FCA
:1066F0008B6CDDC0F931ECC0F8C250C02428BEBE9E
:10670000371A2840FF21CBC0DDB543C12C65E7C156
:1067100061322940E17A1040B15077400000C24018
:10672000AC8B2E41A9A487413709AC41A3924B41C0
:10673000F5B91541371A17416ABC4D41567D8E4057
:1067400044691BC0BC7497C0470310C0F1F434C146
:10675000E93794C1F0A7B3C10F0BB9C1AF94E1C140
:1067600011362941F7062F419C33604149AE9141D2
:10677000F4FD65419A080B41560E9D40C442853F89
:10678000E9481640711BE740736891402D21A1C074
:106790002E9034C1446951C1295C2FC1DCD741C05E
:1067A0000C0218C1158C23C19790D5C0D792D8C1BF
:1067B0000DE06941835191404F1E564165AA144135
:1067C00020419A4134805A41DB8A664119042241B2
:1067D0001EA7D83F10E97B40CF6625BF16FBA3C09C
:1067E0005BD315C1F2B05FC1D49A36C155C13DC16A
:1067F00001DE52BFEA84A2C196B245C1796998C14F
:1068000026E4814033C49340B684F8405AF5DB4017
:10681000B37B164127C2214141F14D4157EC014163
:106820007D3FD3404D84FD40499DE03FC3F5D0BF3F
:1068300014D09AC0560EA3C0F7750CC083C006C111
:1068400012143EC1075F2BC1091B40C1DE93BAC1C0
:10685000FCA955C0029A90BFAC8B4340C4429F40F4
:106860003333774061320B41F38E014152490DBF02
:106870007CF288BF6744AFC0E92697C0E3369AC070
:1068800088F4E340BE9FFABE4FAF00C011363C3ED5
:10689000E926614013F25140832F4C40F005B3C10B
:1068A000ADFA2E417B837441A0099141BF7D4741E0
:1068B000C5202C408AB099BFB840E2BF1361C5C063
:1068C00043ADC1C007CEB9C0AD6946C0C05B8A4008
:1068D000E6AE01404B59B0C05474843F46B6F3BE97
:1068E000A91394C0D191B43F840DF1C00378D0C1F5
:1068F000B684D8415BC2B141B8406E41A01AF9409C
:106900000F9C37402B1815BDDFE08B3D8FE4F2BDA7
:1069100035EFD0BF22FD1AC0C05B80C0143F16C047
:10692000E336AEC0933ABBC00309CEC0832FC8C0C4
:10693000CAC3D8C0E2E9BDC063EEE2C08351A4C1BE
:1069400065198A40C9E57FBEE258973FD7A3344016
:10695000560E03411FF4A840ED9E1040744640C0FF
:10696000EF38A1C0F5B9A8C0A60A80C0287E2C4087
:10697000F4FD0141E86A93BF4CA6F2BF8E751D403D
:10698000A5BD454025758ABF158C0ABEE9B794C1DF
:1069900017B78C41B673B741BDE3D341C74BB14183
:1069A0005AF55B41804858413F35734146948241D6
:1069B0003E799E40A5BD87C0D49A05C1696F46C186
:1069C00080B74AC1A7E8D6C096B281C1728AA1C178
:1069D00074C6A4C1659980C1DC4648C17F7BB7C13C
:1069E00086C9D24074B5004141F106411D5A354176
:1069F00098EE8A41C5205741A779DD40DC46034027
:106A0000DA1B3CBF2B18A5BF09F9803F7AC70741A5
:106A10003108ACBEB515CFC0B22EBEC05C2085C05B
:106A200017D941C1986E47C195D42EC14EE2E9C134
:106A3000840D984109F9A241675590418AB01741E8
:106A40001DC9994016FBAB3EBF7D83C0871603C1AD
:106A50006FF00FC1F4FD1BC1ACAD54C13D0A0AC1BA
:106A600024289EC03D9BC140ED0DDAC030BBE3C081
:106A70009BE645C05BD30C41CA32B640D33C8DC1C6
:106A8000886397406C09D3C08CB99F40302AEB4093
:106A9000014D1041B00385409F3CE6401AC0FB3ECB
:106AA000787AA14068B3F040EA04C43FB51576C1D6
:106AB0001904AA408351C9BDE10BE1C05530A2BF02
:106AC0000DE0EDBE2575D2BF1B9E3EBFB6F3C0C123
:106AD000EF385C418A8EA440B537AA407D3F7940AB
:106AE0000B467D409CA2B33F8126423E13F281C0FB
:106AF0008AB021C055309EC03A233640F163284009
:106B0000F0A732C0553072C0D200BEBE9A770C3F9B
:106B10001B0DAC40EC2F8BC029ED51C08CB997C137
:106B20009FCD4A41787A6C41C1B98141228E95410D
:106B30005839624197FFE240B684744046941EC0C3
:106B40009D807EC0CC7F8EC01AC037C048BF4D40EC
:106B50007B142E3FFBCB12C15C8F22C14BC8C1C03E
:106B600071AC5BBF598614C1A52C60C16FF0DFC149
:106B70003D0A704134A29141D044B341BCF4AC41D0
:106B80005BB16341363C2941CA54D7404A7BC1407E
:106B90006B9A3C41C1A8064145475EC0325534C19D
:106BA000A9137BC18B7D8CC1426068C129CB90C089
:106BB000C7298FC1BDD292C1CFF724C1A156ABC1A5
:106BC000EE5A2240C898374000910B414FAFA64083
:106BD0003E790F41ED9E38407D3FADBF71AC8DC019
:106BE000F4FD9CC0D49AFCC09A9977C1DAAC27C155
:106BF0002C658FC0BADAD24004E71F4159864E4156
:106C0000DF4F51407E8CA93F82737240D95FA0C193
:106C1000CA540841E5613D41A392834132559F41E9
:106C2000948780413D9B06412B878A408A8E64BFB2
:106C3000BC9670C0F706ADC01B2F89C0BA49EC3EA8
:106C4000AA601F413F35BA40D200E63F17D9F8C0CD
:106C50005A758AC121309CC1D6568EC19D91D6C12C
:106C6000D9CE4340B8402041C8983241211FBE4090
:106C700024B94C40C13907C034A2B43EDE0241C041
:106C80009A0817C073D7AABF962186BF42CF7A4011
:106C90002AA9F940767143404694CEBF9BE64D3F0A
:106CA0005EBA9DC06ADEDFC06D56E9C092DC94C159
:106CB000E3C78E4132779B41F2B0CB41D734994143
:106CC00095654441D0441741F085C34079586C40E4
:106CD0001AC03B406A4DB140AF9413C18A0E88C1BF
:106CE000B515A7C14772B7C16A5EA9C1D95F70C1A6
:106CF0003D9B9B404B591240696F0CC066E6A4C196
:106D00002FDD19412CD40C41DDB532418FE46941AE
:106D1000BD5293416B2B5741560EE540AE4785401F
:106D2000637FE93FD3BC733FD656A4402FDD80403C
:106D30003E79BEC0BD5240C154E364C1C66D29C195
:106D4000D42B35C0EE7C44C1F1F455C145D8DFC128
:106D500065AA5641F6178641F241A541E3C7B04105
:106D60003D9B7E4189412A41C5FEAC404A0C4A40C8
:106D7000ECC039BF787A9D3F1748BE40D712A44077
:106D80002D215F407E1DD83F77BE2EC11F749CC150
:106D900054F4B6C170CEA3C10456C0C1D280D7C1CD
:106DA0007AA500415F297F41515AA841DF4F7141C7
:106DB000158C044162A14640A2B477BE553088C00C
:106DC0003867C2C0287EEEC0DDB5B2C0F0A7C63FAE
:106DD000A3920541A30158403B7086BF6F8127C134
:106DE000DBF93EC1925CB2C0B1E1DBC02D21CAC16A
:106DF000C3F59F417DAEA14154F49541508D4B4167
:106E0000917EBB4061C37340D49AE63E7A36CBBFD5
:106E10007B142EBD539645C0EF38B140637F19BE39
:106E20003333BBC08BFDFDC0C898C7C0545287BE6A
:106E30008A1F71C163EE87C195D415C166F7A5C1DC
:106E4000B98D26C00AD7EFC01748A0BFF8C260406E
:106E5000143F7E4041F15F4059861C40ABCF4D400E
:106E60005A643BBEAEB6DABF86C9ECC0ACADDCC07E
:106E700048BFA7C03B70F2C0F54A12C16B9AD3401D
:106E8000A7792841234A27418F6492415BB150C1C1
:106E90004BEA543FC5FE0E4052276C40A245B44019
:106EA000FF21BB4023DBCD400612C040B29DAB406A
:106EB00043AD154070CE08BF302A89BF62A1263F7E
:106EC00014AE37BF99BB80C0EA04C2C0AF2598C0DA
:106ED000F628FCBF57EC93C01214BF3D1DC975C105
:106EE00023DB15C1295CDDC04BC89DC0FFB24BC080
:106EF0004850D4BFF9A0BFBF0A6822BEC0EC1E3FF5
:106F00008F53043F3A231E4020419340A301AA40DF
:106F1000D26F91404C37514075937040D3DE5C4046
:106F20002FDD74402BF67B400E2D9C40FCA957C1F1
:106F30008B6C97BF986E023F8273963FC9E51340F2
:106F4000BA6B1140AA82A93F3A92D33FB53738BEF7
:106F5000182693BE7AA5A4BF9FAB11C0E78CC8BF0B
:106F6000D7129ABFE5F21BC0BB277BC0249707C08E
:106F7000AD6916409031B73FBD521941C4B1C4C08C
:106F800027C21341713D2C4152499141F252A54112
:106F9000FB3A5941B8AFAF4034114240B15083BFC2
:106FA000894100BF516BE23F93182641A1674041E0
:106FB000401313419CC49EC0068170C186B89FC116
:106FC0006980ABC1A4708DC17AA5CEC0C6DCD9C121
:106FD000C1392A41D6C52C411CEB3741614384415C
:106FE00096219A4170CE59413EE8C54067441D4004
:106FF0003D9B49C007CEE5C0D509FEC057EC27C070
:10700000728A94405F29BDC0B29D15C126E4E1C0DB
:107010005C8F4EC0128324C1287E28C116FBE2C1BA
:107020005917954165199B4177BE9C4185EB644199
:107030000F0B174121B06640EB73FDBF5C20B1C060
:10704000812610C18FE42EC183C04BC1143F61C1A2
:107050004B592FC17B8377C07502CC40CE88194134
:107060002F6EB3BF2BF6EFC08D97C4C0796986C170
:107070004DF31741E0BE3541B1BF3841A089FC4016
:107080002B189740D0B341402FDD8640516B124002
:107090009A779C3FF016B64006122B4196B2884074
:1070A00010E9373FFD8770C0EB73D9C08FE400C192
:1070B00007F0FEC0DE9324C15F0748C10B35DEC177
:1070C0000681FD3F3B709E401283E0404182FA40C2
:1070D00027A00C417C610141AF94F9406891FF40C9
:1070E000A9A40941431C5341006F6C415F07314122
:1070F0007FFB0A407CF2B6C002BC2FC11B2F0CC123
:10710000272087C1C6DC64C11DC98BC1A4F0F0C1B2
:1071100050FCEE40DFE0174138F83141B4C860411F
:10712000516B75418885FE406DC5A640AE47E1BCF8
:10713000F01640C03D0AD73D6B9A273F79E9FE40E3
:10714000143F16C05DDCE2C0C58F93C0D71206C0E5
:10715000508D7FC1FFA181C1C139EFC00E4FA4C1C5
:1071600073D79A409D80864024B9644016FBCF4077
:10717000EEEB2D41D49A85410DE06D4176E0D6408D
:10718000674449400DE01D3FED0D224076E0F2409E
:1071900005A3D23F9A7740C0BA498EC064CC15C0CF
:1071A000B5A634C1DD247BC15FA988C16076EFC17B
:1071B000FF211D417958B240DD245240F77514403B
:1071C0000A68AE40E3C7114106122641A54E0A41A6
:1071D000A857C0409FABCF40522788400DE0953F55
:1071E000569F85C0711B1BC1886328C13FC63DC126
:1071F0008E0621C124B95CC06E3410C0FEE5A3C167
:10720000091BBC40BD52BC40A01AF540C66DA6404B
:107210003333A3402DB2FD3F6ABC1040917EB33F93
:10722000ABCF8DBF2BF68F3FD7126E404D843540CC
:10723000C1A804BFBC96B83F05C5C73FCD3B07C139
:10724000787A6DC004E7CCBFCDCCA8C0431CCBC1BD
:10725000DC465D4118958A415F988F411203974142
:1072600096434A410F0BF140B30CA9400AD7833F24
:10727000F1F482BF16FBAFC020D2D3C0F4FD20C012
:107280006210964060E55CC0F8C2E6C0FB5C83C05B
:1072900034115CC133C465C111C73DC16608E6C184
:1072A000C4B10DC1522744C0C3640E4019739F403E
:1072B0001058CD40FFB2DF407CF21E41083D4041F6
:1072C000D8F04341FDF66441DB7993414B59CA4004
:1072D0005BB187407FFB2EC03411DEC0FB3A2CC16E
:1072E00036AB22C1DFE045C1E01C83C161B2D6C12B
:1072F00009F92F4147725841A53D82417B839D4149
:107300007B948741780B3041B5A67D40F706973FC7
:10731000CC7F00C0F6287CBF7C612E40143F06BEA7
:1073200054E3D3C08B6C09C10BB58CC0D0443FC1B2
:1073300009F976C1AB3E55C166F79AC0712CE0C120
:107340000D71E64012A51141C3D351419CB39E413A
:10735000BA49B441EF388541F8533D418E06254185
:10736000E5D04F412C657D418D971141386707412C
:10737000C286973F197367C18184ABC1856BBDC15C
:107380000770B4C142E0C6C1ADFAC3C1865AD5C1C7
:107390004D8406C15BB1D5C0DF4F7DC082E2CFBF57
:1073A000736809C04B5912C0B53710C0DF4F41C0D8
:1073B000ADFA92C0EE7C23C0D7A308C087A7A7BFB1
:1073C000787A8D3FB1E191BFA8C69B3F1826C74090
:1073D000C5FE6640F2D21C41E09CBC4196435BC0B6
:1073E000C5201B41AF253741925C7141BE9F77415B
:1073F0002A3A1D41D122634026E413BF477231C0AF
:107400007502A6C0B81EB7C0EA958EC0AD69FE3E33
:1074100093A91441CE88BC40508DCD40780B88C0D4
:10742000083D30C12CD417C1DDB550C1FE54F5C1A3
:107430009CA23F402D21B73F12145F3F52B812402B
:10744000F8530740158C3A40849E1940F016F83FD7
:107450000B46D53F143F16C0E09C05C05452F7BF01
:1074600088635540EFC9DB3F835169BFF2D2514079
:107470006F81E43F6688BB3F5D6DADBF568EACC18A
:1074800073D7F640A4701541C8073C41AF2565414C
:10749000849E6F41DE713141C9761E4127C215417C
:1074A000AA602741DD24CC4066887FC07E8CF5C071
:1074B00020D247C133C442C1C898B9C09B55B1C09E
:1074C000A01A19C14A7B19C13EE8F5C08F42F6C126
:1074D000C3648E40FCA913414D15714142BE8F41DA
:1074E0005A6434416F122B40FF217DBF1904B4C090
:1074F000E71DF1C0A85707C14C3707C11E16B0C021
:10750000C729E23FBF0E8A40E09C9BC0499D04C052
:107510001AC095406666A0C04A7B8DC03BF093C1FF
:1075200029ED32419A08474114AE4C41A60A4B411D
:10753000713D00416B2B5A400D71E43F68226CBED7
:10754000287E00C0454782BF6ADE0D40E78CE8BE5A
:10755000DE9306C147720EC1AA6001C1DC687CC01F
:10756000D509C8C02FDD10C0645D08C012A5A6C132
:107570008126C2BC8FC26540F7759040174878409D
:107580001E16B8408C4A3041AC8B0E412BF6E540BC
:10759000143FE240D0B3E540F1F498409FAB2D3F5B
:1075A000C1398BC06DC5ACC0B30CD3C0569FB3C03E
:1075B000D49A18C1F016B6C04013B1BFA2B4CFC15F
:1075C0007E8C2DC05D6DBDBFB5159B3F76E0144030
:1075D000FE656F40401371408885A23F3D9B553E3C
:1075E000166A3D3FFD87ACBF5EBA0DC0B51573C0CE
:1075F000BE309F404CA6EABE508DDFBF88856ABF73
:10760000E3C7E6400681653FE86A8BBE516B36C131
:10761000F697F34037892841008082415541BC41AB
:10762000C3E4AC41CBA18241CE999141A2C587412F
:10763000AE47713F2D43E2C0A5BD4BC161B280C1D1
:107640000ECF93C1F9318FC153056EC10C029BC09F
:10765000C2170FC1728ADAC02E9060BF9643BBC1B9
:1076600020D21241477245404D84954064CC004180
:107670005D6D6A41E2D886414F402741DAAC3F4117
:10768000075F5441B30CF5400456B6BF3480E1C0E7
:1076900048E13FC12F6E70C18A1F6CC1BF7D7EC1A2
:1076A000F8C21CC0053403C153058FC0BBA794C1E9
:1076B0009C33C2BE143F363F9E5EE93EA5BDD93F16
:1076C0003EE84940431CED4053050B41EBE2F240DC
:1076D000CBA11141772DEB40ECC01B419C33744191
:1076E00057ECDB40F6284CBFF1F45A3F6DE71AC166
:1076F0004A7B15C1C5FE64C165AA5FC19F2BF3C15A
:10770000C58FA94032E6CA4017B7993FD42B5540E0
:1077100023DB014082E233404E62803FCB10E73EE4
:10772000F90FB9BF9D8042404C37A13FE8D913C142
:10773000CC7FA83FA470F53FC217463FB840EA3F50
:10774000D044183F8A1F73BF82E22FC05D7E96C16E
:10775000977FBC41C976C8415474C841D656B341DD
:1077600039C583410D716641BADA3141CDCCA040B3
:10777000A16783BFB98D09C1121423C1C1CA19C140
:1077800020D23DC1AB3E5BC1666686C0EC51C0C035
:1077900038F84BC1C96594C1BEC1B4C19318C0C10A
:1077A000575BA1C0B4C886C0984C51C0CD3BCEBE7B
:1077B00021B0EA3F76E04C407E1D1840FF21054095
:1077C000D3BC233FBDE3543E0534113E5BD33CBEE6
:1077D000C05B204086C954BE2E90A8BF0F0B95BE3B
:1077E0004E62503F11C7E23F22FDA840B29DBDC08E
:1077F0008941F4406ABC1F41B51572416A4D9741F9
:10780000690050414D84BD401CEBB23FAEB64AC04A
:10781000B30CCFC0D8F005C16DE7F7C0E9B7A7C07A
:10782000C442D53F4703AC40D93D693F8CDB104093
:1078300082E2F3C0598634C180B7B4C00E2DD5C1E1
:107840001058764124979B41742493416A4D3741E7
:10785000D0D580408CB9EB3E423E94C054741DC1DB
:107860004A7B31C195654BC1F0A751C1075F45C146
:10787000348006C10091AE3FB22EFC409318B24056
:10788000AAF15A40B072383F0C93AF4060F6ABC1DA
:10789000BADA8040DFE099402FDDE2401AC019419A
:1078A000F9314A416A3C8D4192CB9D41BF7D8B416C
:1078B000F7065C41B9FC5E415530C040006F91C095
:1078C0001F8516C1DE7155C18D975AC138F822C186
:1078D000A85728C1A83589C14D849AC1FA6DE4C161
:1078E000C73AD441099BB541FE65AD41D3CD8C412A
:1078F000C5FE3E4112A54A416132AF402428C4C0B2
:1079000006120FC1B4C8DEC0431CB7C06ADEB3C0E4
:10791000F6280AC1CF6621C1CC7F02C15F29F7C01A
:10792000AC8BADC0A85721C1ADFA51C10BC6AFC1D8
:1079300004567E40C8078540A52CB740022B47411E
:107940004ED18A41516B3A412DB2A7401CEB9A3F70
:1079500000910E3FD5E72E40BE301A416ADE01BFCE
:10796000A60AA4C01CEB32C0FC1843BF8BFD6DC03F
:107970001361E3BF2AA907C1213097C1B37B02C2BB
:10798000B003DB405D6D3A412D437041E09C5041B6
:10799000DBF962405E4B183F8CDB40C0A1D6F0C0E3
:1079A000CA5403C1F8C209C16900E9C019049EBFE5
:1079B0001D5A1441363CA340D3BCC140A3926ABFB8
:1079C00042CF92C0FB5C5D407FD999C00B24E3C1DC
:1079D0006EA3FB404703804031083CC09B550340E9
:1079E000F9A00F40A835EDBE1058F13FE0BEF63FBC
:1079F000E92621BF4013B13F9D11A53F97FF883F66
:107A00005BD3FCBE2E90C83F006F013CA779C7BF77
:107A1000B07200C0FF216D3F7E1DF8BEE3258DC111
:107A2000F697BB400B46F34041F1FD40C2170341BE
:107A300005341D414DF36441B4C894414A0C8D4155
:107A40007AA56141CB10364127C20E41234A9940A5
:107A5000045692C08FE435C160768EC1D34D63C1A8
:107A60009FAB33C14B5982C10B35B9C1142EF4C140
:107A700058A8E5BF3B70CEBB295CFF3F0091664034
:107A8000107A4E4007F0563FA52C17403BDF1740B9
:107A9000DE718A3E4547D23E7593B83E9A08AB3FA9
:107AA000D88113C0668807C089D236C0787AA53DD0
:107AB000645D1CC0984C0540DC46204109798BC1AF
:107AC000387880418B6CAA4171ACA141FCA943413B
:107AD0008C4A8040C4B1863F09F968C06B9A01C1E5
:107AE000750208C18AB022C14FAF1BC18195F9C090
:107AF00038F89ABF5BD30F419D80B0400BB59E3FD5
:107B00004F4006C16ADEEDC0F90F99BF287EC3C1A0
:107B100061327D4198EEA941C9F6B241E9379D41F4
:107B2000E86A4A41295C9F40865A034029CBA03F1E
:107B3000470300C0302AE3C01DC907C162A102C1CA
:107B4000431C67C0F5B93E40DA1BCAC0FA7EECC0E0
:107B5000750226C0098A32C17A2591C1C65CE0C18E
:107B60008885374139456E41FAFE9941AD698941B1
:107B700075021241B3EA934099BBB63E2CD46AC059
:107B80003480C9C02D430CC1AB3EEFC067D5DFBF09
:107B900098DD5B4068B380C0E78CB2C0933A993FF0
:107BA000B840E0C0A913B6C07D3F9DC039D6D2C150
:107BB0003D9B81402C65CB40F016F84048E1534195
:107BC00057DBB041C5A0864193A92D41BA491F4159
:107BD00061323A4129CB6741E3C7883FB072C0C0E8
:107BE00065AA0BC18D281FC177BEA7C0485060C1D0
:107BF000C3F59CC11F7483C1B76253C128FEC8C1BD
:107C0000F931614180B74F4167D56B412FDD92411A
:107C1000516BA6414B59AD4116EAA341BB38924185
:107C2000CD3B6D4124B98640FAED93C0F5B9A2C0B1
:107C3000BA490FC1C2861FC14ED167C126E4B1C186
:107C4000A323C7C12BF6C4C120D29FC112A5CCC1AA
:107C5000516BD2402B18D140CE8811419D80684194
:107C60005F29A541FEE5B041AA7188411A516941D9
:107C700068B39341D5E71B41BEC1173E933A8FC00D
:107C8000FBCB9EC0E78C68BEBDE34EC19D11ADC16C
:107C9000568EBEC196A1B5C13188AEC1DC57D7C1E1
:107CA000986E1AC0333373BE401339400309B04095
:107CB00033C4D740D3BCB740567DA24013F2A54091
:107CC0009C338A408A8E5C4063EE8A403EE8F13FF6
:107CD000D712164057EC6FBF5BD3A4BF7FD935C016
:107CE000CE1983C0E86AADC0CD3BE8C09EEFB7C1F6
:107CF000158C9541143F364196B213419621164199
:107D0000D26FAD40BA4968406B9A37BE3411263FF6
:107D100005C563C0CA3280C0CC7FC6C0D2002E3F2A
:107D2000F085593F7F6ABAC0C44241C01D3857BF71
:107D3000355E5A40F62896C0E41424C1840DC6C1AD
:107D4000888592BF2731C83F16FBBB3FCA54E13F2D
:107D50005F98DC3F76E01440FE65974072F927405B
:107D6000B5A67540EE7CD14012835840E17ADC3FE5
:107D7000F085E1BF1F8583BFB51593BF55C1F83F9F
:107D8000EEEB9EC03FC618C0D71236C03CCE92C1A3
:107D900005A361413D0A59417F6A224158A80C411F
:107DA000CF66F7406ABCF440D93D14416EA3004150
:107DB000AF949D40B5A6C3400378B1401FF46CBF9B
:107DC000C3F5C4C0DAACE2C0D95F0AC14A7B11C1B5
:107DD000083D14C11C7C58C1FB5C41C171BDE8C1A8
:107DE00088851D41BC9657414B6A8741956557412F
:107DF0008E06BA40ACADE03FCEAA3FBF1CEB7EC0C2
:107E000097FF01C1371A19C1772D0CC1E0BECCC054
:107E1000674429BFFED42F4199BB4D41F016A83EBF
:107E200005A309C11B9E26C11FF4BCC0C14AB2C133
:107E300017C89941AC0B91413A927F414469544132
:107E4000D2000F4181048140A52C2F40D5E71A4074
:107E500051DA9940F931BE404850D4BFE561B5C010
:107E600033C403C17FD909C1F697B7C0BA6BBDC08F
:107E7000EC5159C1B51533C19CA21BC1E325C9C141
:107E8000A7791B4152274C41D34D8E411DC99C41BE
:107E90000EBE52411D38DF40A77989408273AE3F44
:107EA000DC68E0BEE5D09E40448B0C411283703FFD
:107EB0009C333AC052B85E3FE5611CC152278DC168
:107EC000CE199EC1A39261C1EEEB20C12C54D4C146
:107ED00011479E41D2EFD7413FB5D841D792A74134
:107EE00094F6564133C4DF405C207940CD3BB0402E
:107EF000D7A3CC4025066940FCA961C050FC1EC137
:107F0000668844C150FC76C1E56174C1B07256C147
:107F100017B75AC1575B68C15B4260C198DDB4C1F5
:107F20000AD797C0750216C07958A0BF6744893E2A
:107F3000E414214002BC4140787A514030BB973F65
:107F4000C4B1BEBF10580DC0DFE06B3F5BB1C34092
:107F50007AC7A140FA7EE440DDB5AC407368E93FE2
:107F6000C9E53FBEA32379BF454732C0D5E7A5C1C8
:107F7000CB102F40B0033F4024B99040B81E304191
:107F800048D087412D431B412497A1407C61723E1C
:107F9000AB3E0FC073D70EC0BA6B59404CA6BC4065
:107FA0002AA963C0AA82FDC01D38A3C0CA3282407C
:107FB0003789D9C03B70DEC029CBC0BFB22EF2C119
:107FC000E336F23F7424FF3FE414DD3F211FBC3F42
:107FD000EA95064034112E40CE880E40B30CD13EB7
:107FE0008D97BE3F4F40174089D25E3C448B48C0BE
:107FF0008FE4EABF5EBA5DC0598620C06DC5FE3D04
:10800000736821BF9CC480BE21B02A408BFD15C17E
:108010000612EA40C4B12D41C58F824158A8AA4139
:10802000401378419B55B940D7120240AF2514BF89
:10803000FCA975C0764F4AC0DDB598406F12DD408F
:1080400080B750BF1D5A843EE3A50B3FD49A3FC171
:10805000B8AF9BC157DB9BC1750230C1F697AAC16F
:108060009A779AC0933A15C0668853BF09F930BF12
:108070001EA7E83C8B6C0B40C74B9B4074241F40F1
:108080004694063F54748C3F0B46753F4F40034067
:108090007B14AEBD54E3A5BEB1E109C054526BC020
:1080A0004A0C04413945D73FF8C230406D563FC1B4
:1080B0007446E04134A2AA41DA9BD541166A7E415A
:1080C000D3CD8B41075F3D4185EBA140EFC9D14046
:1080D000FFB289C0FF2165C08BFD0BC1D88107C1EC
:1080E000832FF2C0DC6824C016FB2BC16F7084C1E3
:1080F00057DB94C19F2B86C1211F57C1DD35ACC111
:10810000DD243741D73449417F6A6A4104564141F1
:108110009643AB4032E6D63F9B5513409C331EC07E
:10812000C1CA05C08F5304BFC1390BC074243BC002
:1081300036AB32C04C370540C520883F24286AC082
:10814000759398C00000DAC0BEC103C1B751D6C153
:10815000789C3141FCA90E4129ED3C4134803041ED
:1081600086C9FC3F2D436CBF54E31DC05DDCD8C005
:108170008E7512C12EFF26C1ECC00DC10C93CBC071
:10818000EC51783EF853054186383E4070CE184198
:10819000D0D552C083C04AC0925C8E405D7E97C1EC
:1081A000BA494B418DA8914116EA8C419621134161
:1081B000ECC0C93F832F8CBF97FF9EC0C520C4C0B1
:1081C0009621ECC0D191E6C0ABCF89C0567D664008
:1081D000158C1D4168B32B41840DEFBFE8D936C122
:1081E0008FC25EC119E202C1BEC12B4007709DC1A2
:1081F0008638563F7368E1BF1FF4EC3EE71D174019
:1082000046B6A340C898F740A4DF1741355E8C40BE
:10821000787AC5402BF6B3402BF6CB40D42BAB403D
:10822000F7062F407E8CAF408048954039D606C176
:10823000C3D32FC1CDCC0AC1BE302CC12575D1C14D
:10824000CA544F416833804175829841447A9741BE
:10825000F2D24A417E1DFA40B3EA73402E90703F3D
:10826000BB27C54045D8EE40D93D21C08273E4C04C
:10827000539623C12B1823C1249785C07B14B8C003
:10828000EFC967C1AEB604C1C66D5FC176CFE8C1A4
:108290003188EA41FEC3D741159D9F418126474160
:1082A0009FABEB40174838400612B43F61C31FC074
:1082B000A1D6ACC0327783C0BDE3A6C0B5A6CFC0FF
:1082C000B98DBEC02497CFC0FED4D4C0F085D7C02E
:1082D00040131FC199BB07C15BB13DC10523A4C1B8
:1082E0006744F540EC2FFB406F12AB400B465D40FE
:1082F000832FCA40BC05923FC58F49401058A34008
:10830000C5FE723E73D78A3F1B2FDDBE917EBBBE7A
:10831000865AB3BEDA1B0CBF4F1E03C1273178BF8C
:108320006744E1BFCC7F58C0539641C0379AB2C171
:10833000DFE0E140E8D9094157EC1B41D3DE66415B
:1083400064CCA64162A18841FDF6E140280F1B40A4
:10835000696F00BF83C082BFE0BE4640A167AB40EB
:10836000B7625FC027C2ECC0D712EEC06519E2C089
:10837000E8D90CC1D9CE4DC1CCEE96C14F2FE2C188
:10838000448BB84095652CC09B551A41ACAD48BF95
:108390006C092C41AAF132408A1F27C0F0A752C0B5
:1083A0009E5EC9C002BCF3C033C44AC1E258AFC02C
:1083B0002F6EA14096215C4148E12441789C904079
:1083C00041F1ABBF02BCAF406666DEBF1F74BCC1EB
:1083D00096B233C11214FFC0BDE3ACC036AB56C079
:1083E000D7A34CC01B2F87C05BB17FC07671ABC0D9
:1083F000772DABC013F299C0DFE0AFC076713BC000
:108400002506254055C198408FE45C411CFC8E41F7
:10841000CA541D4133336F411D5A30410B4638C198
:10842000DA1B34404F1EAE3F4FAF884052B89C40DD
:10843000FBCB8A4012145BC0D5094C40E948A240EE
:10844000AC1C7E401826C740E4836E4091EDA840E6
:10845000C3F5B03FF90FF5C0B1503BC0E17A004021
:10846000F2D281C0A779B3C0448BA43F6822D1C1A6
:1084700080489F402D43CE40B1E1F74032E61541A0
:10848000F7E418415C20134130BBCB40F38E9D4094
:1084900069000B40B8AFE33FB150BB3FAF94C5BEDE
:1084A0004182C4C0F016ACC0E78C28C0696F20C000
:1084B00001DE05C14469E1C0539634C1DE02A2C1A8
:1084C00055C120417CF23F41F4EC83419A779F41B2
:1084D00029DC8141FCA9144119048A40E6AE353FEC
:1084E0009D1183C0C9E501C1371A28C1B00325C158
:1084F000F5B9A6C0B8408A3FD191CCBF0B4679C030
:108500004703A03F29CBF0C0CCEE4EC12D32D9C1DC
:10851000AE588841D35E99414D73B541E8D9884141
:108520008E060C41CE888C40D93D39BFE6AEA9C03D
:10853000BBB8FDC06C0906C10E4FEFC0304C72C015
:10854000BE3021C00AD7A33CB6F3C5BFF016483EE3
:108550002B872CC14A7B40C1A2B443C05CA0CEC1D2
:10856000D645954101CDB24130AABC419C339841DA
:1085700034805E412D435541A5BD1041B0034FC02D
:1085800058CAA23F8A1FBB3FF5DB8BC0B515EDC0B3
:1085900004562CC1A60A3DC10F0B65BFB4590BC1CF
:1085A000719BB2C1401301C1213094C12B18D4C1B9
:1085B0006C785240567D764029CBC03F711B9D4060
:1085C0003D9B79409E5E7940CE8822BFD0D5C6BF04
:1085D00057ECA7BF310814C05839ECBF2D4364C015
:1085E000690027C0FB3A5C40A32381BFF38E43C0E0
:1085F000CDCC9040327759406744913F643B7FC176
:108600005249B5C08D2879C05EBAF1BF90A0D03F65
:108610000C9315403FC6044058390840AED8DF3EA1
:108620005F294B3B34118840986EA6401EA75440EA
:10863000D42B3940772DF93F0B4609409CC4703F3D
:1086400083C00A40645D1840AED8A7BF4ED1A8C110
:10865000E5D0AD41C65CC2418AB0B94101DE5741A7
:108660001FF4EA408BFDBD3F48504CC06ABC9AC025
:10867000CD3B26C1045636C147034DC11E163AC133
:108680006EA31FC11B9E26C0D0D57240FCA96140BD
:10869000C58F89C051DAC1C08FE4B23E1737B0C16F
:1086A000C286E3406744CB40D7A33A418C4A964107
:1086B0009AF7854146250541840DBB40C5FE8A4099
:1086C000EFC91741BD52F84045D848C0151D25C116
:1086D00090A062C1499D72C1BB273BC1C3F5E8BFF1
:1086E000D044E6C0AD6908C1787AEDBF984CB4C1FA
:1086F000098A6341226C8E41A4DFAB41A381C7414B
:1087000019E2C741832FB3411904AB41E6BFA7412A
:108710006DE75641DFE08B3D46B612C1AAF151C16B
:10872000075F5EC143AD6FC10E4F91C140A4A4C1AC
:108730001A51B0C13F35B8C1DB8AB2C13709C3C1D4
:1087400060760E415EBA1C41F628154194873B4184
:1087500040138F410D71A94142CF99419FBC8A417D
:1087600047725E411D5AEC409CC42CC0744605C142
:10877000431C22C1DC680CC154E3C1C0BB270CC13F
:108780005F9877C1C431C0C11294CCC133B3D6C194
:10879000E0BE764018268740ABCFC74046B648417A
:1087A000362B91414F1E614172F9BF403F352E403B
:1087B00099BB863F6B9A0B40EC511941AD6956400D
:1087C000DE938BC063EEA0C0B29D0F3FF70625C1BC
:1087D000B68475C1014D4BC1B37BF4C01E16E9C10F
:1087E00037890EC16822C6C0E56175C0A5BD413D8F
:1087F0008638B6BEF2D285BF925CDE3EED0D3E3FBE
:108800005917373E4F1E1AC0986ECABF2B87463F76
:10881000CE8832404625B5BEFE65173F9318984076
:108820008CB9A9405E4BB24042600741C8079FC067
:108830000091C0400F0B1341D7A34841EC518D412B
:1088400099AA9041E3C7314170CE68400E4F6FBF87
:10885000A8C61BC0499D54C0022B1FC03333AF4074
:108860001B9EC440A54E6CC0E41421C0F2B030BFC2
:10887000FF2130C1D28086C1DCD78AC182E2E4C147
:108880003D9B4A41812684419318884153053641D6
:108890005F073240D42B35BFEEEBB0C0BB2703C11E
:1088A000470313C17E1D28C1B22E15C1CE88C6C094
:1088B000E09C05404D840541CCEE31407F6A074184
:1088C0003867A0C0355E10C148E1B2C01CEB4BC197
:1088D00092DCD4410AE8C841D2EF9D4122FD5B41C0
:1088E000D8F0F04007F09A401D5ABA40C217BE4077
:1088F000ECC0554006129A409D80D6BFBEC18DC0C7
:10890000AA82E5C00681D1C005A319C136CD1EC11A
:10891000F84288C1228E9CC11F0596C1C65CB6C1B3
:10892000F46C1541E78C7741E3C79D41D8F05A417B
:10893000FA7EB840A54E3C400D716CBE5DDC42C075
:108940002A3AA0C0E92669C038F86640A4DF014190
:10895000A01A87BFD34D22C0C2170640A857CEC069
:108960000DE030C1BF0E1FC1567D39C16C89D1C128
:10897000C0ECD640728A4E411058024167D53F4044
:10898000B3EAC3BF7FFB7240045694405E4B483E3F
:1089900009F98CC07E1D244070CE60C0B22ECEBEC0
:1089A0003CBD023F2EFFD1BF569F7B3F3EE8B5C086
:1089B000B9FC07BCF7759CC0D8F054C0916D90C14C
:1089C0000DE0ED3F32E6624018952C41014D254106
:1089D000E5610D41780B3541E17A4A41A8570141E3
:1089E000B1502341C5FE6141D34DE23D23DB9F40A1
:1089F0002C65BF409D11FF408273F0405305C1C0FC
:108A0000E325A8C14AFBBBC178CB02C2F7460CC222
:108A10009FAB5141CC7F764133C48C41D49A904175
:108A20006EA3354177BE8B40A323294029CB603FFD
:108A30002F6E233D6B9AD54011C70341AB3E2BC02F
:108A400073D722C145471DC16EA349C0D93D18C186
:108A5000865A66C11826C9C0AD6959C18E06E6C1DD
:108A600004E78C3DC4B112408716D340BEC1054116
:108A700024B90341AA600A410BB5E4401D38E54022
:108A8000006F8F405F075A4036CD34413EE81841B1
:108A90005E4B283F006F25C05BB1D7C018950AC157
:108AA000083D0AC16A4D40C1FF2153C16290D0C147
:108AB000E3361841431C3341D7346A4174A4AA41B8
:108AC000167BA74192CB4D417E8CBD40A54E4440C4
:108AD0007CF2103F73D7364072F9EF40454722BF12
:108AE000A9A41DC11B9E47C1E71D34C182E297C0E6
:108AF000068159C1AA8290C1E9486EC1EBF3C6C193
:108B00008FE4B240E414A540D19196409A778A4010
:108B10009A77BA4018261841759306413199D23F89
:108B20009D1111C00E4F2BC0D95FB6BFC52090BF9D
:108B300061541A40E483E6BF3F359AC0888503C17B
:108B40003BDF3BC02F6E83BEEA95B2BE1BAFADC10B
:108B50008FC2D53E917E9B3F51DAA54022FD154143
:108B6000CCEE1B41BD52BE40D734A140925C2240A6
:108B70006A4D2FC004560EC10E4F31C17B14E2C0A6
:108B8000BF0EEEC0EE7CB7BF0B2423414C371A4119
:108B9000F46CA040C44289C00AD777C079E98BC180
:108BA000083D0D41C1A81141DD245B41FD7697418F
:108BB000CFF7A341FB5C7B4194F61141029AB2408E
:108BC000BC96E03F6744B13F4DF3DE40E561CF40E6
:108BD000BE30A740A0898840A8351DC132E691C1AA
:108BE000C9F6C1C18885C1C18C4AB6C1841EE2C123
:108BF000A4DF26C1BEC133C12C65F3C034A20AC1B3
:108C00009565FEC00000C4C0A0898CC00A68DCC0A5
:108C10007446AEC06F8110C0BDE3ACBF6F1213408D
:108C20007C619A40B1E14B412B18474119E2674101
:108C300000006D4129CB4F415AF5194162103EC1E8
:108C400058390E411EA74041D3DE894129CBBA4194
:108C5000D870B1419A998A4155B0834120E394413B
:108C60000C934041840D07C096B2F0C02AA93BC1C5
:108C700033C437C15EBAF5C0B8403BC113E1A9C1E6
:108C8000A301BDC1B8AF9AC14469FBC0ECC0BEC16D
:108C90003E79F8C0713DF4C0C898BFC073D7B8C062
:108CA000211FB0C054529FC0865A63C0234A7BC064
:108CB000C44297C0840D2BC0F775D8BF910FFABE80
:108CC0009D80EE3F48BFC53FCDCC48405474114114
:108CD000CFF73A4183C05641294B8741E4143DC048
:108CE00080C88C413108A841B6F3A241569F7B4110
:108CF000B22E5541BB2751411C7C574150FCE03FEF
:108D00008FE4C2C08FC2DFC0C97605C1D1222AC19B
:108D10006DC518C1C5FEC2BF022B7F40CEAADDC003
:108D200004E78BC18CCA93C1C3D30EC1EBE2CAC1A5
:108D3000A8C6C540ACAD844062106040A2452E403C
:108D400096217E404D15024123DB174132556C4080
:108D5000F0A73E40C3D30340F6281CBF499DD0BFB7
:108D6000F08521C089D222C0D3BC7FC075022EC03D
:108D7000E02D7CC01EA77CC01B9E9EC0B90DA0C16B
:108D80002F6EF740F90F8F408B6CA740371AFC40CD
:108D9000A69B11413A23AE40AED8C1402C656D4030
:108DA000B98D463E8D978EBE2C65993F6C7826C056
:108DB000FED4283FF8532F40A1F871BFA54E90C0B4
:108DC000143F07C13867CEC0BF0EDCC06065C2C1AA
:108DD0003F57CDC0CC7F74C0C28657C0B150ABBF27
:108DE00089D2DE3B36CDBBBD8B6C27BF44FA8DBF2D
:108DF00061320DC0477239C01B9E42C01CEB2AC0B5
:108E000066663E4007CEC940F54AEF40234A4141DD
:108E100021B0B840BA49B2408E75713F764F58C103
:108E2000166AF340CE19164127C25741AB4F9F41F6
:108E30008C39B641E17A9341BE9F7E41A54E974160
:108E40006B9A2141FD878AC01C7C03C11DC95AC190
:108E500096437BC11A4084C1A7E861C137896DC0C0
:108E6000DAAC5CC1C2174DC10C93F9C0AFA5CEC13D
:108E700035EF9640711B7940910FB840249700411F
:108E800068B34D416DE78541E71D7141DA1B1C4117
:108E900029CBEE40F853ED40F628F8406900973FA3
:108EA0004FAFCCC0D3DED2C0BE30C1BFD1911BC149
:108EB000D64588C1D42B7CC1C8984AC187A7F7C1C1
:108EC000BEC119418CDB5641F2D29541CC6E914125
:108ED00058A81D4150FC6440FDF6BD3F4D84ED3E59
:108EE000226C08BF95D42940B9FC1D41A1F851C09E
:108EF00095D40EC1A54E31C18BFDC9C0C05B24C045
:108F0000772D75C1FB5C46C10E4FFFBF0979CBC100
:108F1000378979404694F440956557419FCD864105
:108F200048502141F2415B4069002FBE63EE98C07A
:108F3000F7E402C1DB8A13C167D504C1865ABFC0FA
:108F4000CDCC00405EBADF404850BC3FDE93D140FC
:108F5000812672C090A09EC0143FAE3F56FDE2C174
:108F6000C2865E4120638641D712A541F539C541CD
:108F70003CCEC24116EA9A416D568F41D1229341AF
:108F8000643B3B416F12833A36AB21C1CE886EC140
:108F9000F8D391C17446A3C1AE36ACC10AE89DC1F5
:108FA000B29D58C16F1218C15DED84C1082CB9C1C2
:108FB0001AC0E54074463641E7FB7B41C1289B411E
:108FC000220E8B41FDF62B41849EE940DDB5C44065
:108FD0008A8E1241E71D3041DE0299400E4F1FC0BC
:108FE0009A086FC0682270C05F07E6BF925C1EC11E
:108FF000CA54B2C13D0ACEC15530B8C10C02DCC161
:10900000B81EB540295C0741767127415C20434179
:10901000C6DC6F4119849441015E8841910F25415E
:1090200019049A40A69B144027C2163FAC8B83407C
:109030004CA69A3FEC5116C1304C5BC177BE51C172
:109040002DB221C116FB34C1C5FEAEC1B3EAF9C1D0
:10905000A5BDF1BFE09C41BF3F57FB3ED7349D40CB
:109060009790DD40C1A8A4407A36C740BEC1CD402C
:1090700058A8A5401B2F13418A8E5341BA6BAD40AF
:10908000767143C0A52C97C09EEFA5C042CF72C099
:109090007CF2EAC0ABCFC5C020638CC093A9CEC11F
:1090A0002B87354111361F4187A7024170CEC24040
:1090B000CCEEB93F226C783F1F85994065AA80406D
:1090C000F01618BFE94822401D5AC43F46948AC092
:1090D0004F1ECEBF5DFE8DC0014D04BD3D0A2BC0AD
:1090E0007D3F01C07AC761C095D4CBC0FF21CAC102
:1090F000C8074DBF20D2B340E71DE3405B42C440E8
:10910000029AE640EEEBEC40075F9240A301074174
:10911000637F8940083DFD40F62851414D8415404C
:10912000B840323F03781FC02EFF9DC0C7BAE8C0C9
:10913000BC7403C15C201AC1F54A67C10AD7D7C104
:109140004F1E1741E7FB47412D217D41166A8A4199
:109150002EFF2E41D42BB1402D215F3FAAF19ABFA3
:109160002B871EC096B25CC020D2873F5917C540DE
:109170009790DFBF09F9F2C077BEDDC02E9008C01E
:1091800044FA0EC1DFE025C1705FCBC0A779E3C10F
:1091900088853841A7792E41C88782410EADA84104
:1091A000789C3F419CA2E140E2E9553F81959FC0F8
:1091B000713DDEC0C4B113C195651CC1C44203C179
:1091C000C0EC12C0DE71B040492EADC08B6C2FC018
:1091D00093A91A40F163EEC07502C2C0933AC4C1AC
:1091E00004E7144182E215417593334150FC5F411D
:1091F000B6F36641D42B33419D80CA4076E0B43F3C
:10920000BF0E2CC00AD7E5C0B81E30C197FF45C1BC
:10921000E71D14C12653C1C0B6841440AA829340EE
:10922000BA49644096214EC046B618C1099BD3C1C5
:10923000EEEBD6C09A08C1C0D0D572C0C1CA613F9A
:10924000F46C6A40CD3B8A40B8AF97408A8E82402A
:1092500032559C40C9E5BB408048064185EB1A4128
:10926000AF2529419D1179409A99693FFAEDA3BF35
:109270004BEA6CC05839B8C03D0A04C198DDD2C170
:1092800095652441F8533A41150C83412731A1419A
:109290008BFD91416EA34C41EE5A26416B2B004150
:1092A00029ED2DBF76E0CCC052491BC1341159C104
:1092B0002C656AC1888581C1CC7FDEC0E3C7583E7A
:1092C0004BEA34BF39D69DBFCAC32AC158CADAC1D6
:1092D0001B0D5641CDCC82417AC7754192CB0E41D0
:1092E000C74B5F40C6DC45BF121427C0E561F1C023
:1092F000D73400C1E3A5F3C0DF4FFBC0DFE01BC0E4
:10930000F628D040A1D692C0BC0552C00EBEBC40CB
:109310007AC7B1BF80489F3E90A0B83E42CFC3C13C
:10932000304C2141F2B0614173E8A2414F40C0414D
:10933000B6F3A2415530884168918341D5099A41DD
:10934000EE5AC0409EEF5BC0F9A01EC1B07251C181
:10935000713D70C1C58F37C1FA7ED4C0C58F21C1A0
:109360001EA76AC134919FC10AD79BC1516BBFC16F
:109370007DD0E5C03277B1C0B98DCEBFADFA4C3FDC
:10938000D0D5F63F0EBE2040E9B7AF3E637F5540D3
:10939000B30C913ED34DAABF77BE1FC01C7CD1BF7A
:1093A0005F982CC017D96A40EC51DA4061C38F40F6
:1093B0003F35C6409621D840C4420D4002BC86C10C
:1093C000211F1A4197903541075F6641CB21A64185
:1093D000B5379E4119734541832FC6403D9B853F5C
:1093E000037893BF0C02CBBF3108EC3FD8F0FA40B2
:1093F000CA32C4BFC0EC1DC1242823C1B29D0FC016
:109400002AA940C127C294C1ABCFA4C191EDDAC152
:1094100080B7C03F6210D83FEBE2864032771841F8
:109420004469884143AD8141F2B0084155C186404D
:1094300071AC8F40D1913B41C976B24011369AC090
:109440006210F0C04625BFC0CA3244BF107A24C1A2
:10945000E2586EC120D21DC1FBCB46C01D49DCC104
:109460004E6273415DFE8F417502AC410E4FC741A4
:1094700073689941A9137E4174468341986E8E4169
:1094800048E1BC40211F58C0840D27C116FB75C19F
:10949000A2B494C13C4E9EC1099B8DC14ED163C103
:1094A0003C4E5FC1F9315DC14F1EBAC0A089ADC14C
:1094B000BF0E4341705F8A41B3EA8B41DA1B2B41F7
:1094C000F1636040857CD0BD8D9722C0BF0ECAC0BD
:1094D0000681F3C0265309C13867EEC05C8F0EC009
:1094E0000A6806417F6ABC3CF931D6BF51DA374081
:1094F000BC9603C15227E8C0EC5118BFCA329FC1C5
:109500001A51DABE97FF903D04E7F43F8FE4C24062
:10951000FA7E4C4174C68E4134804041A8359F404C
:1095200091ED88404D15DE4019E22441711B4D3EFE
:109530001973D7C0D04420C19A7720C1925C32C041
:109540004BEAB4C0EC2F15C11B9EC2C0ED0DD3C1B8
:10955000A1D6FA40AEB64F418FE4A04154D2AE41FD
:1095600032777041F2B026415DFE1F41804848418C
:109570006DE73A4162A1D6BD2EFFB1C07AA5CEC03B
:109580000DE005C09031CBC09BE68DC14636A7C12A
:10959000C0DBA8C19FCD5AC151DA6FC0F98FC5C1D8
:1095A000AF2590418BECAD41B29DA1413480834108
:1095B000A52C464101DE4341F628434105A3CA409C
:1095C000FFB28DC00C9337C1FAEDBDC03E790DC11D
:1095D0007D3F25C17B8399C01EA75C40E86AB33FED
:1095E000516B7FC1A91389C1349187C1F174E4C162
:1095F0000DE00F41AA820641431C24411C7C2841F6
:10960000560E22415AF59D409B55EF3F88F45BBDB5
:10961000CC7FACC013F2BFC01AC095C09D11CD3F26
:10962000211FFCBF9565ACC0B45915C01B2F6DBF81
:1096300020412DC0158C16C0D42B59C0E03EACC1C2
:10964000423E283EA4700DC0FF217DBFF5B95EC02B
:109650003D0A07BF6DE7BBBF1C7C11BF4694C6BF68
:10966000F5DBD7BED3DE003F3A235ABFDD2432C03C
:10967000C05B003FFAED9BBF3BDF3FBF4D84A9407D
:1096800058A8BB40F46C04412CD4C0405F071DC1F6
:109690000681F540C4420141C4B11141158C6341BA
:1096A00051EBAC418104C54180B77641ADFA4B41E5
:1096B000FC186941AE476641B003273F58CAF6C05F
:1096C000250645C197FF56C1EA9500C1EA046FC15E
:1096D00010D8ADC10080B0C11E969AC11361BCC143
:1096E0001904124097FFE03FBADA2ABFBE9FE23F5B
:1096F000BC74F33EA4DFFE3E90A0B0BFB51507C01A
:1097000048E126C03D2C64C0A8C637C0448BDAC0EF
:10971000C5FEDABF7DD03340C4B13EBFA779234038
:109720004BC80A41BE3009BFA54EDC40C3D395C02B
:10973000219F9141015E8741D5E741415AF5F540AE
:10974000EE7C4340C139133FFBCBCEBF3B709EBF85
:10975000E63F48C03D9B87C04FAFB4C0492EA3C071
:10976000E3A5A1C007F09EBFCB10973F70CE983FF6
:109770009CA2C33E143FCAC05249CDC0F98FAAC1B2
:10978000AF256040371A9E40D34DD040BE300F41C8
:10979000363C54418FC27241F0163F41ECC0C74085
:1097A0004625953F70CED0BFAC8B3FC0211FF4BF84
:1097B000014D5C408D28354011C74EC024B9AAC068
:1097C00024B914C0BF0E2CC133B38EC1029AFFC19D
:1097D000BDE3984087162541C4425F41C4B1804132
:1097E0003F35124141F13F40B5A629BF499D86C092
:1097F0003333B5C01C7C9FC00B469DBF0378F74038
:10980000BE301541234AED40FAED83C098DD39C1E1
:10981000431C0CC1083DB3C03D9BB9C0D0D5E8C1C5
:10982000E56175C05C20B1BFB37B72BF3480D7BE29
:109830006132E53F60E58640A4DF0E4026E48940C2
:109840009E5E913F2D210741BEC11C4110E9CB40D6
:10985000D0D52640029AA83EA913D03D5DFEA3BEF6
:10986000CF6687C0DDB56CC027317CC07279B4C1CA
:109870001DC9FF40643B2F413FC66941294B9E41B2
:109880003D2C73417CF2D040ADFA9C40F2D23D3F7A
:1098900007F006BF40A4DFBD4BEADC40341146416F
:1098A0008048F940DB8A054086C911C19CC445C186
:1098B00007F0B8C04C26B9C1910FE8C10BB5EEC195
:1098C0002731CF411984B94176609D41B762774114
:1098D000341115418E75AF407CF2C4408F53EE4079
:1098E000F54A8740F016B0BF917E00C1006F37C1C6
:1098F00008AC27C1D3BCF1C05C2087C0A167C1C040
:109900003AA383C18D1783C19CA250C1FE65AEC12D
:10991000E10BBF403A23D640B1E1084181266C41BA
:10992000DE71784145D82341865AC14001DEDA3FD5
:1099300060E510BE1058D93ECC7FBC40386724414A
:1099400020413D4026E4833F68B3F2C054E377C131
:10995000BE4180C161C305C1BA6B40C1FA7EF3C18B
:10996000A167733E3BDF9F3FBA6B693F0BB5E63F94
:10997000A54E70407DAE9C4017D9A440BC9688404F
:10998000DCD7C13E1C7C013FBEC1F73E64CC7DBF2D
:109990006822B43F091B963F19043AC04BC88DC0DA
:1099A0005B42DEC0583974BE7A36CB3E9FAB31C1C4
:1099B000BADA9C40F9A04F4005C59FBF40A49FBFA5
:1099C0007CF204C0B9FCADC07FD9BD3E0AD785404A
:1099D000F90F42418FC2A53F061214C0F7064BC0D3
:1099E000CAC3E2BEDA1BD4BF91ED1BC1D200D24084
:1099F0001F8556418D28E340378905C0151DBEC11E
:109A000033C4D4418D280741FD873E415F293B4146
:109A1000F853B33F000080BEF7067F4046256940FB
:109A2000637FC1C0B22E224005A3A8C0D12238C195
:109A3000F5DB734013F2C9C013F21DC0C1CA09405F
:109A40003867CCC02DB2E5C0FA7E06C1FBCBB2C1EF
:109A5000F1F412407FD94D3FABCF553F14AED34008
:109A6000D3BC68419E5E714138F85240ED0D0E3F07
:109A7000FAEDD3BFAA8201C0DF4F39401B0DF04081
:109A80002EFF99BFA913B6C0CB1099C058A8A53F07
:109A9000BDE3EAC09A0806C19B5581C048E1A4C154
:109AA0005EBA49C0AD69FEBE83C0D440BF0EFC4063
:109AB0009EEFB140D5E7D0404547B44007F0844021
:109AC0007AA55F4143AD31403E79C4407D3F6DC0D2
:109AD0006B2BE6BFD93D39C09621C0C017D9D0C085
:109AE000FBCB37C1C58FC1BF23DBC1400534DEC10D
:109AF000310800C1849E93C0B53748BF58395440DF
:109B0000BA498E4014D098402731344067D5873FFA
:109B1000C1CA99400C93C1404A0CBE402041494003
:109B2000D0D53640516B2ABFE78C2CC09A9909C01A
:109B3000ECC079BFE02D90BEA60AFEBFA77988C110
:109B40003B0147418E868E411D49B241D8F0AB4161
:109B50001361764106813A4142600741E0BEBEC0D2
:109B600013F26BC12BF67CC17B14AFC1D1A28AC1A9
:109B70003BDF50C1516B56C0A167B740C66DC43FB3
:109B80006ADE913F0C02F3C0B515EBBFF01683C13E
:109B9000787A653F4B59463E6519E23D63EED23F08
:109BA000BADAB44025064341006F24417E8C8D40D3
:109BB000F46C863F2BF607BF0534A13FAF25DC4090
:109BC0001361A94031997AC09A99C1C0A7E868BFCA
:109BD000462589C0787ADFC0CB10E3C036CDA0C15E
:109BE0004FC09E4117D956415F981A41D7A32A41C9
:109BF0001F8501411136B040EEEBE03FBF7D85BFD0
:109C0000711B4DBFDA1B34C0ED9EFCBEC9E5A73FFA
:109C10008638063F3789C5C0621002C105A3CAC095
:109C200070CEC0BFCEAA20C1583912C1CB90C2C1DC
:109C3000EA952EC073D7DABF9CA293BFADFAD43F8A
:109C40004F1EB840166AD9409FAB2941022B4841AC
:109C5000DDB52941637F2141AB3ED5407593B840C6
:109C60002E90A0BDC3D37BC0D42B05C00BB522C0A2
:109C70006ABCF8C096B243C1857C36C14694C6C161
:109C80003D0A224124974241AC2D82416980A64180
:109C9000C1CAA74195D46C417CF22241ADFAD040B3
:109CA000A0898E40CC7FEE403F574441B4C8DE408F
:109CB000B840DA403A23A2C0F01691C11962C0C17F
:109CC000C73ACFC1CC5DCBC1AC1CC3C1F7E4D6C190
:109CD00046251FC15839D2C0E5F21CC1D49ADEBF57
:109CE00068916D3D67444D403333E1405F29174033
:109CF000469496BF7DD0BBC0F6289C3E6F8186C03F
:109D00007671344182E2C7BE2575FA40A1D61D4165
:109D100047039840A470DF40DE93F540A323ADC114
:109D20001D3860415BC28741BF8E9841C2177041A8
:109D30008CDBE040CB10BD4034A23C403F350A40B4
:109D4000B53774408F53E840295C36418716F3409D
:109D5000E17AD43F05A3D6C00D715DC160E57BC13A
:109D6000BE3085C1B84083C1A39283C1A54EE8C16E
:109D700043ADC7408C4A5240789C62BEB003BFBF1F
:109D8000F016A83F46B67B40166A6140083D374052
:109D9000A245AE3FC1CAA1BD9A9981BF006F89BFDC
:109DA000234A9BBE871659BF1826F3BED12293BF04
:109DB0001826D33D190456BEF46CA6BFF85367C1EC
:109DC0007E8C6A41AF14A4414013BD412ABAA6411A
:109DD000F4FD48411B0DD6408E756D406C785ABF1E
:109DE00036AB66C02BF6BDC01D5AE0C08AB071C04C
:109DF00052B8D63F2F6EB3C04CA643C1D3DE2CC1A0
:109E0000E17A8AC039D631C1A0896CC1C3E4C1C12D
:109E1000235B8C4186DAB341302A72417368494131
:109E2000575BA3402F6EFB3FD191AC401A5166C0E7
:109E30003333F3BEFBCB3B4153054F41BDE374C00D
:109E400014D064C0D20005C1F8C21641A2B420C12A
:109E50009632A2C1AA8298C17368AEC13FB5BAC199
:109E6000BC053941B1E161418B6C9941C353C64195
:109E70000DE0914130BB304181260441A52CD540F5
:109E8000F5B9F240AAF1624147034341D712FA40C3
:109E90005249FDBEDE9383C1F47DACC104E7B5C178
:109EA0005ECBAEC12DC3AFC117D9C7C1F0A7CCC11E
:109EB000FE43EC40A089D240560EB740EE5A2441F2
:109EC000EC408541F38E7241A77919413A23B240A3
:109ED000B1BFA040711B1641A1F8AB406076A3C092
:109EE00013F21CC1BF7D45C1C1CA48C13A92C7C067
:109EF000D6C5BFC04BEA05C18E75DBC0728AEBC107
:109F00006DC5BE3EAC1CB4C0516B4EC0FDF60940E1
:109F100026537540F7754241C4B169417DD0454132
:109F20009FAB7B410F8B8841D6C59940A779D7BF9E
:109F30003BDFF1C034113FC197FF4DC15B421BC1F4
:109F4000DB8AA5BF8F53BCC009F9C0C031198AC1D3
:109F5000A8574741CD4C8C41C05BB94105B49541F0
:109F60001CEB1041E3C7DA40DB8A5540014D44BF8A
:109F7000E02D60C051DAB9C068B302C0A9A4624044
:109F800077BEAFC05E4B77C1925C6FC1B6F3E5C0E0
:109F9000234A07C0DF4F26C194F690C05B31B3C19E
:109FA000280FF9409E5EBF40265359404772913FAB
:109FB0000C93293F8273C6BE560E9DBFC3F5083F62
:109FC000F46CB63E8048A740832F1341E3C70E418F
:109FD000B0722840EE7CF7BFB4C886C0553022C0AE
:109FE00086C98CBF6D569DC01D5A9EC07593C4C155
:109FF00081954C41287E3C41113640416ADE4B41FF
:10A00000295C3C41553034419D802E41014DE0405A
:10A01000075F5840F2B014C0E94892C0BBB8D7C03F
:10A02000736800C1DC460BC185EB2FC1A1F8E1C00C
:10A030009EEF15C1431CF5C0B81E9DC04E51BAC15C
:10A0400065AAEE408F532641E70C83414A0CA34199
:10A0500059868441903112417CF29040EFC9814091
:10A06000A2B4DB406ADE1C41FC18F33DAED8D3C07D
:10A0700058A806C18CB91FC0C1A817C102BC82C1B3
:10A08000C9E58CC1569F52C1BC05F0C0AA82C0C1AF
:10A09000AB3E2941C7294841333377410C02824105
:10A0A000BBB86141863847417DD03E415B42274184
:10A0B0003411CC40E258D73FE17A78C0CAC3B0C06F
:10A0C00014D00DC1FF2101C108AC94C039454FC067
:10A0D000A7E85FC10ECF8BC1E71D7EC1A5ACF1C162
:10A0E000295C844181A6AB41A01AA04108AC28415B
:10A0F000A089403F910F3ABECF66B7C05EBA89BE15
:10A100007DD085C0E3C718BF1EA7C6400534854073
:10A110007AA5ECBE0681A340F54A23C15CA080C1AC
:10A1200077AD9FC1A69B3AC1F31F8C4039B49EC145
:10A13000705F273F4F1EF63F83C01240F085A74057
:10A14000BE30494162A130411F85EF4005A3523F17
:10A15000A8355DC06C09A1C0B6843CC04C378F40A7
:10A1600014AE1941728ACE3F0AD7233B89D27EBFF3
:10A170005DDCD8C01D5AFCC046B63BC01294DDC1A0
:10A18000A01A6241ECAF8D41EA95B7418104CC4100
:10A1900007CE9E41CFF746415DFE2C4109F9604153
:10A1A0004C374441C6DC29C0FD8735C18F5378C187
:10A1B000819590C179E995C11D5A7CC1423EE8C0A4
:10A1C000B98D1FC19CC41BC117D988C1EC51BCC13A
:10A1D000A167B7C054E381C0D26F873F0C027B3FB9
:10A1E000E948AE3F2C652D407DD0CB40A8353A41A3
:10A1F000BA494041A7E812416B9AD940696FF83FCC
:10A2000025064540DD2422C06891B9C0166A2DBFDD
:10A21000B81E553F92CB97C0006FE3C03D8ADAC1AC
:10A22000273188BF50FC483FF2D22D406744C340DD
:10A23000B3EA4141F016774173D72441E9488040A1
:10A24000917EFB3F52491DBD88F41F408D2814416B
:10A250008885FA3FE41489C0CC7F4CC0ACAD98BF70
:10A260006F81FAC0319909C12D4321C1B604F7C1EC
:10A27000AF25B4C018958AC0A08914C04FAF64BF81
:10A280003D2C943E5917F7BF14AE03C0C1CA31C06C
:10A29000F4FDC6C0166ABDC095D4D3C0423EB0C05E
:10A2A0009A99D93F03780FC0EE7CD740B98D1B41F6
:10A2B000643BAD409CC4764182E281412D2111C1B5
:10A2C000B82FAF4116EAB9410B24AC41BA6B8A41B1
:10A2D000A8357A411D5A2B41979095C00F9C16C105
:10A2E00088F4EBC00E2D1AC1933A26C1ECC0F3C01E
:10A2F0007F6A6CC0CB101B40A52C45410D716DC110
:10A30000AD6963C162104EC133C48DC00523CFC196
:10A31000BDE33C41FA7E7A41E859A24199BB8641AE
:10A3200009F91241E5F223404DF32A404CA682BFC1
:10A330009A99B9BF7E8C79BE1C7CD5401B9ED040BB
:10A3400061C3D3BE0EBE90BFCA3270C06F815DC103
:10A350004CA665C1D0D527C152A790C13E68DBC1CC
:10A36000C1E85E4277BE1F425305D24105347041B9
:10A37000FC18CF40A8353D3F6E3414C0DC684CC09B
:10A38000D7A33CC073D756C01D5AAAC02A3AFEC0F4
:10A39000029A2AC1C1A852C1295C63C16F8167C1F9
:10A3A000F69766C1CF665DC1F54A7AC14F40B5C127
:10A3B000560E71400BB53A40B9FC87407F6AEC3FBE
:10A3C000A4DFFC40832F6D4180B73041560E5D40C5
:10A3D0003EE82D40228E75C0A3012440CCEE914072
:10A3E00022FD3A4040A418C192CB05C1A52C0DC155
:10A3F0003411B6BF10E937BDCF662DC05E3AE0C15B
:10A40000705F16C19FAB00C160768FC0E8D9FC3F7A
:10A41000E5F2BFBE1D5A96405839CE408A8E5C4048
:10A4200013619B3F60E58440C58FC1C0DC68E03E9E
:10A430000612E240A85776400309324093182CC018
:10A44000325500402575CC400DE08940F5DB8DC1CB
:10A45000B5152A4179585C41D95F8941A857A14176
:10A4600044FA43413D0A5740A1F8194044FA25C037
:10A470004A0C9CC0355EC0C097FF94C0280F4BBFEC
:10A480003B0100410E2D12C055C174C06DC53E3E4A
:10A4900005A312C10EBE6FC1068161C11D49C5C1B0
:10A4A000D0448541BB27AD411294A6418F534E4104
:10A4B000C520034182E283405E4BC83F01DE36C0C7
:10A4C0001A51B2C0A8C6D1C0E09CB9C07FFB16C06B
:10A4D000F0A79A407CF290BE228E353F6D561EC189
:10A4E000F2B077C1645D40C14BC8C5C0F47DC3C143
:10A4F00021B0C8406FF0E5406B9A10414547464196
:10A5000068A298413411B24174249641F2B04A4194
:10A51000AA821A41643B5441151D3D4070CE3CC097
:10A5200018268FC0D9CE87C0D34D4BC1BC859CC1E6
:10A530005986AAC1FFA1ADC1FA6D9EC16132D6C1D3
:10A54000DE93D3404F40FF403B7019418AB08541B4
:10A5500030AAB641DE937F41F31F02416C789E40E2
:10A56000B0034340FD87E84076713D41D42BB5BF31
:10A5700050FC88C0D712A8C05F290FC1848D88C144
:10A58000F39F92C113F249C19D00A8C18D28D0C18B
:10A5900069808A41F7E48B410DE08D4102BC47415F
:10A5A000D656BC40933A93401058893FA32331C0FC
:10A5B00090A004C01FF4ECBE903173C0B4C8BAC000
:10A5C00039D609C1AC8BF3C03255D0C0386724C02E
:10A5D000BB27CFBFF2B0C4C0A60AF0C0F786A8C19F
:10A5E00013F25940F775A2408273E24042CF1C41FA
:10A5F0003333A0411984B441CAC33841EB73C74017
:10A60000151D8F403480CF404D842A41C4B16E3E29
:10A6100029EDC7C05A6431C1789C25C1E5F287C0D5
:10A62000B22E73C1D49A98C1BA5A83C1F697C7C1E2
:10A630000A68984030BB0BC0651912C0E56171C053
:10A6400065193640EC51F0409D8035411904C640F3
:10A6500019E2B83E4850A4BFB4C824C14ED1FDC0D1
:10A66000E92683C07FD9AD3FE414CD40A392CA4010
:10A67000C5FE16415396C1BE1214E3C096C389C1EC
:10A6800001DE823D3480DF3FCC7F5040C364E44034
:10A6900096B26441704EA84175828641D6C521416B
:10A6A0002FDD6441083D62411136BC3ED656CAC01A
:10A6B000D57828C19FAB4CC1D8F012C1BADA1EC000
:10A6C00074B541C1C66D5AC1B4C812C1083DD8C1E4
:10A6D0003B70C64066F7C64053960A417A367B41C6
:10A6E00046A5A041439C8241FB3A1C411058F540CD
:10A6F000F7E43A41A01A0A4144FA29C067D5EFC0ED
:10A7000030BB20C142CF21C19A99DFC088F44FC12C
:10A710007F6A7CC19F3C20C1F628CEC0083DE3C1C2
:10A720007B830641E336BA409F3C6440C139FB3F1E
:10A73000ED9E1C40A60AEE3F08AC3CBFDC6818400A
:10A740006B2B363E6076BF3F62103C402575C0C023
:10A750003D2C14C0DA1B9C3EBC74DBBFAB3E373FC4
:10A76000D881ABBFD49AA4C09FCD024010D886C177
:10A77000DA1BEE40423E5840355ED0409565684158
:10A780009A0851418CDB8040423E98BF6132A3C0A1
:10A79000AC1CF6C0E8D906C16FF0FDC09D8056C064
:10A7A000DC46DF409A087B3FE10BB3BF1283B24027
:10A7B00073D74AC06A4DA7C0C5FED23FED1EA5C1E2
:10A7C000CAC33A41F54AA9407DAEE840006F024154
:10A7D00057EC094117D99A40832FF43F65AA30C03E
:10A7E000F01690C0B5150FC18E7547C1E09C30C101
:10A7F000547498C0234A89405BB157406900873F31
:10A80000A301BC409565383F82E247BE522793C101
:10A81000D712E23FAB3E074036AB2E3F33C4013F79
:10A8200066F744BF21B012BF3FC62CBF9565E83E16
:10A83000D7A318C086C964BF8D97524082E2F73F04
:10A840009D809C4089410E41158C5E401973D73F15
:10A85000B81EC5BEF62884BFEE5AAEC03C3D8CC1C2
:10A860008A1F3241BE300241D712BE406EA3E7407C
:10A870003F351141CE195C4177BE7A413E792F4177
:10A8800094878B40CEAAD14054740441FBCB044141
:10A8900096B260C0CA320EC1242859C1D34D3FC1FF
:10A8A000C1A834C1917E6EC180B775C1516BEFC133
:10A8B00020E3894148D09641014D91412D32844198
:10A8C000AC8B5541C0EC2D41107A0741787A974006
:10A8D000D7A32840E2E9953CDE02993F40A4974087
:10A8E000C9E53BC0D656C2C010E9EDC0E40383C140
:10A8F000E17A9FC1BF0EA0C1265373C1DB79E6C1C7
:10A9000042CF7F419D008141C5FE3E4182730B4194
:10A91000F46CAC40C3648C40D34DB040B515B54029
:10A92000D93D093F60768FBFDD249AC0AED899C06B
:10A93000787A87C0D8F078C0D42BB9C055C1A4C0EC
:10A94000CA32D6C0341194C033C401C12417C8C15F
:10A950008E752841986E27416A4D3041A4DF4741EA
:10A96000E2582341098A0B40A4702D3F38F8FABF02
:10A970005AF5FBC0075F08C194872DC12BF620C193
:10A98000D95F18C1F2B0B6C0091B844030BBFF3F8D
:10A99000F90F9D40BC961840D26FD7BF72F96CC1B9
:10A9A000DFE0DB40F2D2E3402D21FB40C72910411C
:10A9B0003480F140EC2F9D4044FAC1401283444062
:10A9C00043AD293F1CEBE23F2DB22D40CA54CB4092
:10A9D000EA9546403D9B87C064CCCBC0BA4910C0C5
:10A9E000355ECCC093A936C1D3BC1AC1F9B1D5C16B
:10A9F000E3478541355EB0419A77A24176E0574101
:10AA00009A080041083D0B41190422410D7126416D
:10AA1000A60A864032E66EC0D578C5C0A7E82DC12B
:10AA20002C6580C14625FBC0B30C913E6EA35540FA
:10AA3000832F50C1469487C1690064C1FB5CE5C1A6
:10AA400073D7D2BF1136C4BFE7FB39BF6DE75BBF19
:10AA50006666C63F4A0C564085EBC140D191B8406E
:10AA60003D2C3C4044698740B150EB3FA8571AC089
:10AA7000AED8DF3FF9A097BFC58F913EDD24E6BE7B
:10AA800083C0C23FBC050EC00D71A4BF45C787C1BE
:10AA90009565AE4003781341A4705A41FAFE944183
:10AAA00014D0A9417B948241143F23419F3C5C41D7
:10AAB00014BF824139B4FA40ECC059BF832F44C05F
:10AAC000EA04543F964399C0091B65C153055AC116
:10AAD0003C4E84C129CBCDC1090AD3C1EB62E1C18F
:10AAE00005C5AF406ABCE8407593374105A387416F
:10AAF0000D715F419E5E9D4082E2BF3F6210C0BF0C
:10AB00000F9C57C00C9387C05F29BB3FF5DB074103
:10AB10002A3A223FF8C284BE1214BF3EBF0EFAC0CA
:10AB20005DFE22C1CFF7F1C0567DE2C0A53DF4C164
:10AB3000FFB2D540567DBC40226CD84060E5124142
:10AB4000696F0D4118951B41B0720B410681F940A8
:10AB50008F53CA40280F5B4080B7803EF853E33DD7
:10AB6000FDF6D5BFFDF6ADC0D509BEC061C303C1BA
:10AB7000107AF0C06ABCE2C0E6AE0DC13DACE7C1E0
:10AB800068223D41DBF98B4124A89C41ACAD6A4170
:10AB9000FA7E0C41857C29417A4789411E16324153
:10ABA00088F4CBBF60761BC0F853E3C03E79E6C0A3
:10ABB0007DD014C182733CC1FBCB08C1F93136C1D1
:10ABC00093181CC14703F8BD6E3440C1DBF9EFC1D7
:10ABD0001F852241E71D43418FE46F41BF8E8341B2
:10ABE0007CF262418E75044151DA8540B1BFCC3FA1
:10ABF0008D28CDBE58CA2A40AAF19240E3A57340E1
:10AC0000674409BF206336C0B003C1C0F38E01C1E1
:10AC1000FC1834C106817FC143AD85C1BC05FAC1B2
:10AC20007FFB8A414A7B84412B87424132E61240B6
:10AC300051DA3BBFFB5C0DC04E6240C014AE5FC03A
:10AC40004CA6B8C058CAF2BFCE8884C0EC5110C020
:10AC5000E02DF0BE545227BF789C1EC00DE0ADBF62
:10AC6000C9768E3F8638C6BF1F850BC0CC6E8AC1A1
:10AC7000E3362F41280F6B413956A741BCF4A5415B
:10AC8000113656410D7110412DB20741022B27415B
:10AC9000499D324105C5A7BF925C0EC1AE4747C171
:10ACA000394562C1037843C112A502C1AAF112C19C
:10ACB00025756AC1107A2CC1045656C0FE43C5C121
:10ACC000030988C00E2D8AC0508DCDC0014D82C0B1
:10ACD00076E018C0068149C09D8086C0D93D61C01C
:10ACE0003108F0C07424ADC0228E15C0F2D21D3FD1
:10ACF0006F1223C02063D2C052B8B6401283E83F1F
:10AD00004FAF6D416210C341A1D67C41F9A0CFC0C5
:10AD10003F35DC4036CD2D4101DE7541C2866741AD
:10AD2000849E25402A3A323F613271C06F81E6C06D
:10AD30009B5515C1287E28C16DE719C17F6A03C1E3
:10AD40002B1859C0C3F5014195650C4166F71741B1
:10AD500048E13ABE637F7DC0516B22404FC0BCC109
:10AD600063EE2B417C61574106128341704E914145
:10AD7000569F3F412F6EC7402B180D40643BD7BFF5
:10AD800048E1ACC0696FAAC0E6AEF5BFB81EB940D5
:10AD9000EA95E0400F9C0D410B46E1C0AAF17CC151
:10ADA000122588C1D42B17C132E618C160F6DCC168
:10ADB000FCA98F406ADED740D200354101CD9541D4
:10ADC000AF1491413D9BD1403277953F645D84BF84
:10ADD000FFB27FC012A515C09CC4644021B03D41A4
:10ADE0002CD43A403EE8C140B1BF9CC0553050C160
:10ADF000DBF981C1386770C1D42B2BC1FB4BC2C1B9
:10AE000083512241B98D2541E7FB6B41D95F8141D7
:10AE1000569F8741A01A36412EFFDB408D97B63FE3
:10AE2000615432C05B42C6C0EF3800C11361FBC041
:10AE30007FFB36C03EE88140B98DAE404F40574061
:10AE4000327723C1C0EC81C10C8296C15C8FDFC117
:10AE5000F46C184158CA1D419D803A41E325814157
:10AE60004FAFB441B22E9841D5091941D93DA34005
:10AE7000F31F7A403E79DE40F31F1741DA1B9CC076
:10AE8000E09C29C1D73480C1FEE584C14E626CC10B
:10AE9000AB3ED5C0E2585DC1402483C1C3E4BFC10D
:10AEA0002D4334C05DFE83BEB81E394075938E407D
:10AEB000849EB540F31F9640D0445C40C6DC5940A8
:10AEC000C1CAF13F8FC2ED3FF93106BF304CFE3FA2
:10AED000211F743F477279BFF853B3BFE78C0CC092
:10AEE000832FA4BFF16314C0787A09C0F39F8AC18D
:10AEF000226CD24036CD274145D87D414024A44123
:10AF0000CCFF92411895064117B79740FB3A003F96
:10AF10004ED13DC0DAAC84C0E02D92C0F01628BFFF
:10AF2000BBB8B940B3EA17C0E8D908C1B684D2C0EB
:10AF300058CA36C0A9135CC1E4038FC18796D7C134
:10AF4000DD24E440E78C054198DD0F41083D6C416C
:10AF50000000A441083D7841B1BFEA400DE02D3F1B
:10AF6000FA7EC2BF9031A1C07C61723FBE30E14029
:10AF7000B51581C08E751CC1431C0FC1B5155BBFD3
:10AF80001B9E40C14F4050C112A5E5C0A2C5E6C1FD
:10AF900058A8CBC00AD763C09F3C7CBF0EBEB03F51
:10AFA000B30C6140D7348F40D5E78840D26F8540DD
:10AFB00005C5CF3E80484FBFD6C57DBFD3DE4840D4
:10AFC00045D8154194878DBFD712A2BF2A3A423F78
:10AFD0003F35E63FDFE02FC074B58D3F478384C126
:10AFE0006F812D411361C3401C7C914039D638419B
:10AFF000857C3841637F9B40910F9A3F96211E3F8D
:10B0000080B7D0C01B0D38C1AB3E55C129EDE5C09E
:10B0100044FAD5BF42601441E63FD84014AE67BF42
:10B02000C0ECE8C07AA5C2C0D1914040302A7DC1B1
:10B030001F851B40D7A31C4085EB02417B140341B5
:10B040009A081340304C2D41A01A7941AC8BB33F84
:10B05000B072A83E098ADFBE71ACCB40CD3B863FC3
:10B060004CA66ABFEC2F02C1621003C1A01A19C11D
:10B0700011C75AC048507C3DBC749DC03D8ABCC1BC
:10B080009E6F944179E9B141E325AA417B1488413F
:10B09000D42B1B418B6C9740158C8A4030BBF14000
:10B0A000BC0503419031FB407502DA3E9A086FC03F
:10B0B000F706CBC0C7BA05C1567D31C1082C82C185
:10B0C000773E83C12EFF7CC12B878BC1151DD3C159
:10B0D000BEC1A9408BFD7D40787AB14001DE42417E
:10B0E0007C729F418941884195D40541DA1BFC401F
:10B0F0007A362A410E4F7641728A6A40AA8211BE80
:10B100009031434008AC50C0BADA7EC14A8CA0C12D
:10B1100034119CC1107A72C140A436C1C1CADBC1CE
:10B12000ECC083C0228E39C05BB18FBFAF253040E9
:10B13000D3BC83403D9B8740F241CF3FF931BE3FB6
:10B14000D0B32D40A245F63EA69B743F933A71BF03
:10B1500058399C3FFED4183F3A23CA3EA01AEF3E0E
:10B16000ED9E0840158CC23FE71DD73FFB5C8AC1AE
:10B17000516B7B416FF0A74136BCC241D95FC441DE
:10B1800060F6A5410ECF9041ADFA98415F987E419F
:10B19000D5094F413D9B024180B703C13B7045C17A
:10B1A000903188C1B3FBB2C1FA6DB9C12CD4B9C119
:10B1B00059978DC157EC2CC13277A2C13119CBC13F
:10B1C00017B7A1BFF697ED3F3CBDA44014AE0941AF
:10B1D000BC960C41C58F1841933AD54058397440FC
:10B1E000DDB504BEF4FD94C0EEEB00BF711B4DBE97
:10B1F000B1BFD43FD191D4BF0F0B39C0FE439AC029
:10B200009487A53E4469A3C03F57C3C03E7998C107
:10B21000772D2B418C4A3D41ED0D39411B2F474184
:10B220000C0233415BD3DC40F46C2A4029ED4140F1
:10B23000D93D5D408F53AA40BC9620401CEB8ABF8D
:10B2400088F473C021B0E2C0BE309FC0E09CEBC068
:10B250008D2830C16EA3BFC0470330C13B5FEAC138
:10B260003CBD5A41F1748941DEF19941B5375541F0
:10B270004FAFBE40492EFF3E6DE7BB3EA08918C0D0
:10B28000E5D04EC0CEAA07C03CBD9A40AAF1F23E1E
:10B2900020D202C1780B32C19BE61DC18E7531BE32
:10B2A00094F601C168B315C1E258ABC017487AC122
:10B2B00083C0B8C0857C20C02E90C0BF524995BFC6
:10B2C00017B7D1392506154053961140F241634016
:10B2D000EA95023F7AC755C067D5573F8E06E03FD3
:10B2E00017D95240FE43FABE5AF5B13F287E82403C
:10B2F000DA1BD43F42CF1640B459C740F5B977C1E5
:10B30000A4DF1241567D3141C3646C419B559E417F
:10B3100004678841BBB820416ABCFA4036CDA940D9
:10B320004260BF406F123C4186C924415917C74053
:10B33000948729409B55DBC00E4F73C1A68A85C1F7
:10B34000819561C19554BBC17B03D3C1E6AEEAC10F
:10B35000DE028F40D9CECB4050FCF840508D4D419D
:10B360006290A441CB218E4175021741BDE3C840D4
:10B37000C05B1C40BEC1A140865A1F41827352402F
:10B38000772D0DC05C8F0240CF6681C0D93D70C162
:10B39000A8D79DC1A7F991C110E9A1C18796E6C1BF
:10B3A0000091CA41E02DC34157ECB4411E969C4127
:10B3B00075026D41211F294144FA16415DFE8B4003
:10B3C0002497C7BF363C8BC01EA76BC1A3018DC19C
:10B3D00046B673BF485008C1C898EBC0621050C051
:10B3E00063EE1EC1E79D8AC17279ABC1BC74C0C156
:10B3F000006FB241BC0581418A1F40418FC26C4140
:10B4000094872B4139D60541DBF90041F7062241EB
:10B41000F697F14087A7EF3FEBE27AC038F803C117
:10B42000C89822C1190436C186C94BC1F628A0C0EC
:10B430002BF657C04FAF3EC18FC28BC1A8C6DDC12E
:10B44000BF0E8040EB7365404C3755404013AB4016
:10B45000FFB28B408126364055C1A8BC547424C02D
:10B460004A0C423ED734A3401B9E5640ADFA5C3E88
:10B470009C33AA3FDE9377BFB9FC17BFDD24FEBF24
:10B480008C4ADABF516BDABF7FD987C06CF89EC196
:10B49000355E3ABE04E7AC3E41F11740BC74A540AE
:10B4A0003A239C40022B1340BC968A406C09114001
:10B4B00058A8D53E7C6162BF4850C040E948104161
:10B4C0002DB23D40ABCF65BF91EDC4BF984CC5C018
:10B4D000F31F84C0979099C0DD248EBFB7E2A2C14C
:10B4E00019E2F4408C4AEE408F539C404BEA243FD3
:10B4F0007DD0C33FB7D1A03E394527400F0B353E25
:10B500005305A33E772DC93FD712723E8E75F1BE0B
:10B51000D5E780C0FD87E4BF36AB963FC9E58FBF56
:10B520002653153FFD8794BE19E294C0196286C167
:10B53000BFFD9A41A392C9410B24CA415D7E9B4144
:10B540005F29234188851A40ACAD98BFA60A82C006
:10B55000FDF60BC1355E28C1454731C1B00349C175
:10B5600090A020C130BBABC0BC96704019045640BF
:10B57000B537F83DD3BC0DC165195CC1925CB7C14C
:10B5800036AB1941F0A7284138674541280F9E4145
:10B590009A88D241E86A9E410E4F81413F578341CC
:10B5A0007DAE8C4124973340DCD7B5C0B3EA31C1BE
:10B5B000696F71C1D20078C1DAAC31C1174864C17A
:10B5C000B89EA3C15CA0A4C1182676C18037B1C1C2
:10B5D0008B6C4E41FB5CA541D567DF41516BC74188
:10B5E00040139A4152B8C141142E9941E78C083F4B
:10B5F0003D2C54C017B747C1FBCB70C1F53987C18B
:10B60000D93D9AC1DE9389C1F2D21CC132771DC1E6
:10B61000E3C75CC1485003C1F6970DC0FAEDABC15A
:10B62000BC056741516B5641E5E180415DDC6E41EF
:10B6300002BC1C410B463041C66D41418863B5BF19
:10B6400029ED1DC10B2409C18FC276C1021A95C113
:10B650009D0084C1780B5FC19C33823F88850C417B
:10B66000FDF6094055C138BFD42B25BEBCF493C1AB
:10B670000BB54E40355E0E4054528F40D0B3C7409C
:10B680004ED1D34099BB8240AF256440840D134016
:10B6900010E91B406EA3113F38F894C0A392A2BFDB
:10B6A00019E238C0006F09C0AEB682BF083DCBBFFB
:10B6B0001FF43CBF5F290B3F522796C0424F8AC1FF
:10B6C0008104434147033041857C8F417368C24107
:10B6D0000D60B241AB3E71419A084E419FAB88412B
:10B6E0001B9E33413277ADBDA4DFFEC0BC9651C175
:10B6F000483F89C100119EC1A60A95C145D86FC1B6
:10B700008863ADC06A4D6FC1273142C13F579EC1AA
:10B710006A4D9141B7629E41865AAE416132B9414C
:10B720001361B241576C9241575B5E414694494167
:10B730002B8761412CD4044195D499BFBA6B2DC09D
:10B7400044FAA3C0000079C1E8D9A7C17435CFC1BC
:10B75000CF66CCC17FD9C8C1BFFDC2C16519CFC1F9
:10B760000AD7A340CAC32A4039D631406DE7A34067
:10B77000EA95F8401826F54039D6A53E80480FBF17
:10B780007AA50CC0E17A86C0A1F815C0C1A8AE4068
:10B79000B072544020D295C01C7CF7C0832FBEC02D
:10B7A00036ABD8405F9840C0F163ECBE46B67DC171
:10B7B000006F494003097A40DE9395400456C64025
:10B7C00068B37A40E63FB2404E6270403F35AC40CD
:10B7D0009B55CF4040A4ED40029A8040BEC167BF58
:10B7E000CC5D3BC0B07288C0A30178C0E63F24C0E6
:10B7F0002B1879C0F54AB7C05986ECC0A768B7C105
:10B80000D656F8402CD4FE40DD241441287E564103
:10B81000D34DA7418A0E9A4123DB3641C3D3114150
:10B8200061C3264168914A41986EB23F02BCFBC099
:10B83000787A4EC1D04481C1485075C1D5E7F6C071
:10B840009EEF22C190313DC1DDB563C1B7E2DAC1DF
:10B850003B011F410B461B41F2D2224108AC524131
:10B86000D93D1841C1CA0D4011C73ABD2A3A123D0F
:10B870007446B4BEC1CAA1BF029A883D3FC67C408F
:10B880006C0949BF04567E3F1DC9DD3F8A1F0BC0AE
:10B89000B37B1EC01F850EC1009168C16EA3F7C1A6
:10B8A0003C4E17411B9E6741AF258C413956844160
:10B8B000764F2D41F9A09B4063EE724051DA833FF1
:10B8C000D6C53DBFD3DE98C001DE023E81042A41C9
:10B8D00076E0DC3FCA3298C03255E8BF9621A6BF59
:10B8E00066882FC144E998C15986A8C17AA5D3C1F9
:10B8F00018268540BEC18B404C37A5405F072741C5
:10B9000009F99F41C14AB041363C714157EC85412C
:10B91000E33653418D286D3D917EE9C0CFF752C18A
:10B920009FBC83C1EF3882C1CEAA58C12C6569C0C3
:10B930003D0AF5C013F220C1C0EC5EBF32E6B1C1D2
:10B94000BE3014415C8F14410B242B4158A8204178
:10B950008638AC40B4C8E63F36CD8B3F5A64BBBE98
:10B960001DC965BF81954BC000912EBF0E4F77C09A
:10B97000764F07C15AF50FC1D34DB0C00C93F9BF34
:10B980004547B8C0744638C0ADFA1F41804870C101
:10B9900055C18041772D7141986E8B414703894194
:10B9A00071BD8241A9A45E41E5F29FBEB5A65DC00E
:10B9B000006F55C0C729B2C0E5D0823F1E16EA40CD
:10B9C0002D21A3404FAF543FEBE2BCC09F3C66C16A
:10B9D00007F063C146B643C193A9BCC124B9D9C11C
:10B9E00076E0004045D8B840E78C2341C1CA6E419B
:10B9F000F98F84414260284165AA4440567DBEBF0C
:10BA00005C8FE6C0EA04C8C0F931A4C0FED4C03FD0
:10BA10007FD9DF4039B4B8BFD578E93F05A3CABFA5
:10BA200054521CC1EB73F9C0795868BEA92402C2F4
:10BA300020D24F3FA3234940EC51864053960D41FD
:10BA4000840D8941CCFF87418BFD0941948705BD59
:10BA5000FA7E9EC09B55A7C0158C0ABEABCFCB40CB
:10BA6000BEC10BC077BE2BC0151D7540029ACAC05F
:10BA700017D996C0AAF152BE81043AC15AE4FEC158
:10BA800059868041A2B47D41C52082416C786141D4
:10BA9000B4C8E8401CEB923FBB270F3FBF0E4CC021
:10BAA000E02D30C0492E7FC05C8FC2BF984CB3C020
:10BAB000F931E6C030BB39C13B701EC1A4DFBEC046
:10BAC00013F2A1BF55308EC07E1D08BF14D054C1E3
:10BAD00048BFC1408126FA40AE474841C1CA97419C
:10BAE0001B0D95418D2848411DC90A413255EA4038
:10BAF000A1F819416744814174B5154136CDCB4059
:10BB0000143FAC4005A322C1151D99C171ACC8C139
:10BB1000AC0BCDC1CB10A8C130BB44C14A8CD0C145
:10BB2000643B0C41CBA1B7400A68EC405474174108
:10BB300020410B41CC5DD940190412400E2DD23F5B
:10BB4000F7060F3F9A774CBF8C4A9A3F645D0041DD
:10BB500033C43841759392404BC8CFC0E0BE17C183
:10BB600088853AC14772F3C0696F19C1B37BF8C1C8
:10BB7000098A5841B7D1524134A27A41A3A39F41C7
:10BB8000A8C6C24180C8AA4176609C41A4F09A41EF
:10BB900045D85541E2E915BFCE880AC17E1D54C182
:10BBA000F1E387C1AAE08FC1992AA6C143AD77C14D
:10BBB0007DD030C1F08577C1091B81C17660BFC1DE
:10BBC00019731741BC052141C217374121B06A41A1
:10BBD00080379641083D7341AC1C15414E62A4402C
:10BBE0003199FA3FBD52B63E87167140C2170B41DC
:10BBF000C3F5A83FF5DB9FC011C72AC1DF4F65C160
:10BC000061438EC13E7990C1250665C10F1CF0C10C
:10BC10002A3ACA3F05C58940696F18402506394050
:10BC2000EE5A9ABFE17A54BF01DE42BE014D04BE16
:10BC30007FFB823F1CEB7A4032E67E40280F1340A8
:10BC400017D94E40CC7F24C0A54E2CC03255B0BF72
:10BC500094F63A4045D8303EE5D002BF7E9D99C16A
:10BC6000C442DB409FAB9B40D200FE3FCC5D0F4007
:10BC70001D5A70406210C03F8048AFBFBC05123FE4
:10BC8000068109405C8F423F4013313F917E8BBF5C
:10BC90000E2DEA3FD578E1BF8A8E243EDD241AC0FE
:10BCA0004850FC3E6EA399BFE3A55BBEEB739EC1FB
:10BCB000EEEBD6414D73DF41075FB241645D544105
:10BCC0007E8C9D4033339F40022B2841728A4B412A
:10BCD000ACAD9E40BDE3D0C029CB00C044FA59C0F2
:10BCE00068B3BEC042CFEAC0DA1B24C147F290C19C
:10BCF000D5F895C1D26F72C1EA8495C116FBB1C166
:10BD000058393B41A1D64841C66D8641CDBBA441BF
:10BD1000F6A88A41BC743A41EF38FD40D1915C40AD
:10BD200074B5CF40CC5D07414260E53DFED40AC109
:10BD30008CDB54C15D6D88C1B89E84C14FAF35C1E5
:10BD4000560E5DC07B831EC196432FC13F35CEC1C9
:10BD50005305A0413188AF41F764A141A54E7C4114
:10BD600029ED1A4148BFD340D2004341D734724134
:10BD7000FF21DF40C3D327C0E5D03EC14A0C00C13C
:10BD8000AE47AFC00C93FDC04F4065C1F5B9CEC002
:10BD900080B73FC1863894C1A85768C1D7B4D5C110
:10BDA0002E9007410C022541423E81418A30B44128
:10BDB00073E8A341F4FD71410BB52E41560E2641A7
:10BDC000CE8861419FCD0A41A01A2BC0A16702C154
:10BDD000ACAD0EC144FA1DC0D50913C1EA04AAC115
:10BDE00082F3B5C128FE90C15E4B8DC152B8CFC160
:10BDF00068338341964331413C4ED14034807F408B
:10BE000099BB763F68911D3F3945073ED04458BBEA
:10BE1000BE9FC2BF19E208BF569FAB3D7B145EBFF9
:10BE2000204191BE029AD0BF772DD1BF273130C0BB
:10BE300093A92EC020D243C081267AC00011A7C189
:10BE4000EE5A4D4154E35F4163EE7A4101DE7741A2
:10BE5000ADFA2E41B5A63641925C7A413BDF8B406C
:10BE6000B6F32DC103788B4024B928C0925CEAC098
:10BE7000107A25C185EB8BC020D2EF3EAF94E9400C
:10BE80006F1230C1728A96C197FF63C1A28503C247
:10BE90001A5145418FE47C411DB8AE410A68C24148
:10BEA000098A664154E32F410EBEFA408B6C004173
:10BEB000BB274D416ABC63419318BA40D656C24075
:10BEC000C9E5C1C0DC688DC1AA02B1C1440BBAC1C9
:10BED00064BBC1C1CAB2ADC15BB17EC1492EBCC198
:10BEE0003480B74045D8AA40F6977540E5D05A400F
:10BEF000956538403867DC3F865A133EF2D2ED3FF5
:10BF000035EF08BFE02D044010E9ABC0A7E82C4096
:10BF10006744893FE4145DBFE5F2B7BF62A1D63E36
:10BF2000BEC127BFD73407C008AC3CBF10D89BC1E7
:10BF3000F6970C412D430E41C5202841D0B35C41FA
:10BF4000A8D79041150C9341C1A85941C8981E41EA
:10BF5000FDF6C7408273FC40F241CF4061C337C059
:10BF60000C930EC1E9B732C1BB273EC1D509BAC097
:10BF7000ADFA3CC188059BC1C353ACC19FBCE9C1AC
:10BF800056FDA9419CB3B4416519AE4165AA9841DB
:10BF900061326741FBCB0541C0ECCE4054E34940E0
:10BFA000986E92BEDA1BFCBFF0167CC01E16EABF6C
:10BFB000EE5A6EC0B1E119C181955CC1865A71C15A
:10BFC0004B5935C1D5094FC1F76487C1AA71CDC19D
:10BFD000711B7841CCFF8241EE7C824167D54D4197
:10BFE000C364AE40865A1B40C3D383BFAE4751C023
:10BFF000B5154FC03B70CEBCDC46F1406ADE31BFA8
:10C000001748C8C093A912C1F46CDCC05C8F423FD2
:10C010000F0B3BC146B61FC1D12293BFB1BFBEC1FA
:10C0200076E07841AC9C8A4150FCA1415E4BAF4127
:10C030008F428E41FC184741E483094136CD0541CA
:10C0400096212C4151DADB40295C27C0A9A4E4C029
:10C05000FB5C3BC1136173C135DE85C18CDB2DC137
:10C06000BA4942C114BF85C17A479EC17368D7C11E
:10C07000BEC11B41879695419A99B141705F1C41A1
:10C080004CA662401B2F7DBF5F98AEC005C5AFC0F8
:10C09000B29D07C1BC05DCC0530585C0A9A4DC4026
:10C0A00082730A408104A5BF591743402B18EFC083
:10C0B000E25841C1166AF7C07368893F0AD788C140
:10C0C000A835D54042CFDE40BE9F1441CE88EA401D
:10C0D0006EA30540F5DBD7BD1E16C2BFEA9596C01C
:10C0E0002BF68FC027A0AFC07B14D0C040A427C0C0
:10C0F000304CBE403E7990BF075FF8BE910FAA401A
:10C10000986ED2BF287ED4BFAAF1884046258CC144
:10C11000E9263C414F1E50414A7B5A419A7765417E
:10C120003B705E418B6C3941E7FB1E41713D86409F
:10C130002653A5BFED9E18C0984CC5BFA1D648C0D8
:10C140004A7BADC097909FC052491D3C1E166A3E67
:10C150000C02F3C005C555C19407A9C15839FEC1E9
:10C16000B0728441EF38A941D0D59141AF256D41DE
:10C17000A0893B4134A2BC40B003E73DBADAB6C067
:10C1800099BBF63E917E5B40098AF5C0522774C187
:10C19000BC7461C13D0A8BC07E8C87407368A1BFAF
:10C1A000C2860CC150FC66C1E71D02C1888587C1EB
:10C1B000F5DB19C1448BBCC0D200DEBE04E78CBDE8
:10C1C00048E17E408FC2353F6132F5BFE94846C045
:10C1D000B8AF99C0C05B88C0F01628C04D84853FB9
:10C1E0006D56B140BDE3324119E2184160E5A2400D
:10C1F0004D846540E4148B4077BEBB400C8291C1F6
:10C2000022FD13410456484146946D41006FA241FE
:10C21000E2698741197328416F12AD404625B5BFC9
:10C22000D6C5A9C06666AAC0206384C0696F1C40D9
:10C230001FF44C3FA47001C107CEFDC08E75BDC078
:10C24000386759C19D1150C1FFB299C0C217BCC116
:10C250000B46BD40F163C040A392F84088F43E41D4
:10C260008A1F65410C0233414469B94001DE223F17
:10C27000B98D66BF0EBE70C0B6F385BF55C1CA404A
:10C28000EBE2163FAD69F8C0DE7114C1A4DFC2C095
:10C2900021B0F2BE0F9CEDC05A644BC0E79DF4C1C3
:10C2A00083C01041917E4E41A9139141D41AC241DD
:10C2B0001815BD412E109A41021AA741B448884171
:10C2C000865A4B40A4DFA8C0BEC120C14FAF6EC18B
:10C2D0004F9E8CC10BA483C1C8073FC193A91AC14B
:10C2E000F9A03EC19C33E0C0E5E199C1C976C2C165
:10C2F00066F73941304C5C412B768241B4C8974196
:10C300005FA9A9417F6AA941A45F95417F6A7841ED
:10C31000BD5267418CDB2E41E25803C0B8401CC1BE
:10C320001D5A62C1B21D93C1B8C0A1C1C2979FC1BD
:10C3300098DD62C1C7CB8BC133C497C182F3DBC127
:10C34000FD87A4BF304C32C0B840024098DD774032
:10C35000BF0E24400000983F3CBD3E40A2455A40DD
:10C36000575B313F3A230ABF091BCEC02D210BC0BA
:10C37000DA1B8440348037BF71AC5BC01AC0A9C0DF
:10C38000B4C80640A5BDC340A470C540B45949C156
:10C3900069006B40832FA64046B65B4023DB054017
:10C3A00083C0DA3FE86A9D4052B8F040EC51374113
:10C3B000E258F940BBB88D3F933AB1BF31082C3FEA
:10C3C000E63F64BF810405BF4FAF38C008ACB6C0BC
:10C3D00069006FC0F90F8FC0FDF6CDC0364DBCC1EE
:10C3E000423EA040FAEDC14013F2B54026E4BB4006
:10C3F000E2589F40643B8B40C5FE4E40D3BCE3BC3B
:10C4000076E0CCBF8E066CC0C05B68C0287ECCBE18
:10C410004B5932C0C286BBC03F358CC0B15085C0BD
:10C420000000F83F849ECD3C1058E13FF1F445C137
:10C4300020D2C73F325524408863DD402A3A4C4120
:10C4400038674E410B24F440006FC93F6EA3E1BE34
:10C450008E0694C0545253C0F9A0A7BEAEB6174181
:10C460008A8E0541C1CAE34035EF683F8B6C89C0B5
:10C47000910F06C0E10BB3C0DE8285C12F9D09C2BA
:10C48000643B21C1835113C1C898F1C080B7AAC0D1
:10C49000F01604C031993A3FC7BA54404BEAA24063
:10C4A0001748FC40D8F02F413B70234142CF124146
:10C4B000B98DEC4065197640E9486EBF4DF3B6BFC3
:10C4C000EC2FE3BFA2B41FC05C8F22BFFB3A89C12F
:10C4D00074243B419CA27C413B81AC412B98C841D8
:10C4E000294BAA412E909841AC9CA541EEEB6241AC
:10C4F000C3D3AB3D3CBDEEC0984C34C1553061C197
:10C50000EBE27AC1BBB86CC1E5D02CC1F24148C1A5
:10C510000AE88CC185EB5CC117B7EDC05906C0C1F4
:10C52000A2B4DDC036CDD3C0EFC9BBC0E02DB0C0D2
:10C53000197367C070CE24C05EBA55C07446B4BECD
:10C5400079E972C024B909C1EA04C4C0E5D098C031
:10C550002063B4C0E86AF33F228EAD40E414DD40AE
:10C56000780B8841FB5C1A41FD768E419A99A14077
:10C57000B81E853F03788B40E2E9B74054E3BF40E3
:10C58000423EE64003783241FF3283410D608F41E5
:10C5900005A35C41022B08416A4DD3408638064111
:10C5A00030BB4740CAC307C10BB542C113F224C117
:10C5B000FA7E16C1D7B482C1728AB0C1A69BFBC1F4
:10C5C000128382407AA5704051DA4F4046B69140BE
:10C5D000182637406D563940591781405DDC56406A
:10C5E0004C37D7C035EFAC40FBCB1A40448B9C3F57
:10C5F000F7E4213E832F44C0D93DF9BFF9A0573F4E
:10C6000029CB90BF11C79A3F764F52C0431CBFC180
:10C61000645DEA40AE47DD40BC0516415F9890413D
:10C620003188874114AE1941E561A94066F7FC3FA6
:10C630009BE601408716C9400A683D41D34D2F4112
:10C640003A230941B762A1C04DF37CC1E948A8C1B2
:10C65000C4B1B4C17E8C97C17FD906C105B4BAC13B
:10C6600091EDE4BF90A09AC00EBE54C02B18753F48
:10C6700066F744BFBF0E80C0242892C0FED490C08D
:10C680007DD027C05F9880401DC9F540CC7F2F41E9
:10C69000DDB5943F33C4D1402653E940FB5CBF4035
:10C6A00033C4513FA323D9BE50FC803F1BAF9CC174
:10C6B000DE712240560E31402D43D440C7291B4124
:10C6C000575B4041A60AB640A301A840DDB584BD32
:10C6D000C74B373ED8F0DC3FC5FE6A40C4429340AA
:10C6E000AF2588C0E414A9C048E109C1273160C062
:10C6F000C3F538C0A9A4A4C02EFF49C0B7E2AEC19B
:10C700000DE0E5BF4A0CD2BFB003A7BF2428FEBF8F
:10C710008BFD8DBF107A16BFB150E3BF7B143EBFB7
:10C720008AB02DC0ED9E54C03D2C7CC00B46FDBF91
:10C73000BBB885C0CE88FABF3D2C54BDCD3B1E3F53
:10C740009CA2B7403945074127C264415AF5B9BC9C
:10C75000091BF63FC1395F409CA29D40D734A540DC
:10C76000EF388740CE88944079E94240C3F5E8BE6F
:10C770008B6CF7BFF85395C052B8D0C0091B72C07C
:10C780007DAEA8C00B46B5BF46256D409A08B540A2
:10C79000D578E14086383240D6C5F5BFD41AA5C158
:10C7A000DCD7AF40EFC98340728AA240B22E8440EA
:10C7B000174818406FF0053D01DE52BFBC74CBBF77
:10C7C000310870C0986ED4C08273C2C04BC80FC00D
:10C7D00060E5D0BEAED89DC048E1BAC07D3FCDBFB8
:10C7E000371AC03E29EDD140E3364541CDCCD2C009
:10C7F000ECC0D9406ADE29402063034134808B407D
:10C8000083511941FAED9F40EE7C14416DC5AE4055
:10C81000226C383E5F98344099BB9C40A08900410F
:10C82000091BAE3F1AC05BBF371A44406822CAC01A
:10C830004BEA37C1B98D5EC12FDD15C1491DEEC16F
:10C84000E483A34170CEBE414F9E9F41B8AF574194
:10C85000029A9640378961BF6E341440C1398B40CB
:10C86000705F934018262740583934C00091B6C0F5
:10C87000D49AA0C0ECC027C1D88169C154E34CC18F
:10C880007B83C3C09EEF40C17593F6C0D11191C1A7
:10C890002BF61E416B9A65418B6C9C414AFB824191
:10C8A000158CE24071AC3F40FD8794BFD95F4EC00C
:10C8B00088637DC0DC4637C0DE716640431C05419D
:10C8C000B9FCC73F894180406A4DC7C06ABC54C1AA
:10C8D000265373C1713D27C1C3D3BFC0E01CCBC178
:10C8E000FF21B140F7758840FC185B40F628644092
:10C8F000CA327C40CCEEE93F68B38A3E73D7B23E81
:10C900006F1203BB7FFB3ABFF241EF3F2CD40A40CA
:10C91000075FB0BFF1636CBF4BEAA2C039B4083EF9
:10C920002F6E93BF4FAF54BF6B2B9EBFA60A80C123
:10C93000EE7C6B41FBCB064112A5D740A323DF4021
:10C94000A5BD0C410EBE4C41DB8A6A41EA0425417B
:10C950001B9E5240D34D6EC09B55BBC09790DFC00D
:10C96000AEB6DAC0A9A488C0DCD78DC0BE30AFC0D7
:10C97000C3643A3F143F16C143AD33C16FF0E9C100
:10C980007CF21241C58F1C41228E2D4158CA4E4166
:10C99000C5202B411FF4DA40835193400AD7433F0F
:10C9A00029ED01C0A24532C0492EAF3F6B2BB040EC
:10C9B000A323B9BFE71D0BC105A3DCC0A69B8EC096
:10C9C0003CBD15C1D1913EC1EBE2E0C061548FC1C5
:10C9D000984C18411AC0304120632E4161C3284150
:10C9E00007F04641B0728F41D712B041BDD2B0417D
:10C9F00098CCA94144FA8D41AA60844041827AC012
:10CA000066883AC1008096C133C4B3C11BAFC4C1AC
:10CA100001DE6EC1CFF74AC1ECAFB5C181A6DEC160
:10CA2000AC8B40419C22854118957D4134A2204128
:10CA30005A645740C74BEFBF8CDBA6C0D19116C1DB
:10CA40008D972FC1EA9541C152B840C138F831C124
:10CA5000986EE8C0DAACFA3C05C5464196B2494149
:10CA6000A60A8640BA49F4BFA4DF2E3F5B427FC1CD
:10CA7000F706AFBF39D605BFE17A82C00AD773C0C7
:10CA8000A5BD89BF00005C419CA29941D1917B4129
:10CA9000E7FB1841B9FCFF401FF4D04071AC674080
:10CAA00045D8103F158CAABFB8AFF1C05D6DCBC0A3
:10CAB000F706E3C01CEBC6C0BDE301C1356FEBC197
:10CAC0006210EA40DA1B324181267D4163EEA941C2
:10CAD0005DDC9D418E065741BF0E224132555241C9
:10CAE0001D5A58411B9E924068919FC0F77527C1FF
:10CAF000849E46C12FDD07C1BDE3F0C04F1E68C153
:10CB0000FB3A6FC1CFF72AC1D6C597C12575D8C1E9
:10CB100038672CC01C7C81BF431C0B3F0F0B05BF2B
:10CB2000C520A03FE7FB3140F54A49C081261640A9
:10CB30002497A73F8CB98B3F637F993EF931CE3F55
:10CB4000EEEB16414ED11241FCA93DC0D7A3A8BFC0
:10CB50007446ACBFC89817C07AA5ECBE1D3860C13A
:10CB6000ED0D2EBF835109BED1913C3F6E34C03FC5
:10CB70003CBD1640F46CFE3FBB27EF3FF69795BFD8
:10CB80000091DEBF5DDCA6BEB98D5240166A6D40D5
:10CB9000643B3340849ECDBE2F6EA33DA089503FA1
:10CBA000DBF97E3EC4B10EBF304CA63D567D67C159
:10CBB000121493C054E3DDBF01DE0E40C1399F4023
:10CBC000BA4986408195C340E09CC940D9CE77BE22
:10CBD0008885DABE143F5AC02497F7BF64CCED3F76
:10CBE000569FABBEF16360C036AB3AC0637F493F2E
:10CBF00014D0343F575BD1BFB7D15840151D1DC16C
:10CC000094F65141DA1B5C413333414107CE334145
:10CC1000D0445F415B427B4130BB6D41CE881841BF
:10CC2000014D043E8AB045C03F35F8C067D52FC1DD
:10CC30001EA7AEC086C908C05F070E3E6C783BC118
:10CC4000287E51C129EDEFC0F2D245C1F842F3C1AF
:10CC50003878EA41E62EB74192CBA3417DAE6E41D2
:10CC6000A4DFFA40F77518402B1871C0D734873FFE
:10CC7000A1D660C007F00A405A648340D1221FC089
:10CC8000992AECC001DE15C10B241DC1F9310DC17B
:10CC90004D8416C17DD06EC1583981C12E109CC102
:10CCA00094F603414B594B41FCA99B41099BA6417A
:10CCB00074467A41B7D10A419D809240A245844092
:10CCC000D49AB44017486B4100914641BADA3741D3
:10CCD000FD87CAC05BD388C19C44A6C17AA5C3C1E5
:10CCE0005B31B4C1D50969C1234AA7C02D43DCC15A
:10CCF00055C1383F840D8340E2E9A740BC74C33F6F
:10CD00008A1FDB3FC4426540280FBBBF643B5F3FC7
:10CD10002428AEBFBDE3BCBFF54AF9BE014D843F38
:10CD2000E9483EBF55C10440BF7D1D3F499DE4C059
:10CD3000508D173F3277CB4005C53740720A95C1F9
:10CD400098DDA24104E7AD41AEC7AE41B30C7841D6
:10CD50004D84084114D0B040E78C28BF65AA82C03A
:10CD600019E2B2C05917BBC0ED9E10C090314340CC
:10CD7000FDF685C06891EBC06744ABC0787A0AC104
:10CD8000C9760BC167D52DC1F38E1AC1C58FBAC143
:10CD90001CEBFC40304CAC40C72926405D6DE53FA4
:10CDA0000B4685C0BD528E3FEC51803F9BE6FD3E59
:10CDB000BC05BABF014D40C004E73C3F728AEE3F5C
:10CDC000A2B41B403333733FC4B12EBE93A9A2BE9D
:10CDD0005AF5493F3F35963F0E2DF2BEFF3295C1C1
:10CDE000F241FFBFB7620FC0ED9E843FEC51903F10
:10CDF000A52C1B40B9FC773FE2E945BF52B8DEBE27
:10CE000048BF31408E759340F90F1140C898BF401C
:10CE1000143FBE3F31088AC006128CBF11C746407E
:10CE200076719DC045D868407DAEC63FCA5473C177
:10CE30006A4D7841E9268F413AA3A141584AA94158
:10CE400040938441C5201E4162A1C640014DCC3FA4
:10CE5000865A37C01F8587C0C5FE9ABF2E90D03F27
:10CE6000D26F9FBE7D3FC9C039B4D4C0DAACD4C044
:10CE700077AD85C101DE93C127A09CC1C286DDC10B
:10CE80002D439240F31F1F41EE5A87419D1183416C
:10CE90009F3CF040CFF7DB3FABCFD5BF39B494C058
:10CEA000D578E5C0F2B0F0C02497C7C0B684BCBF47
:10CEB0001B2F134158CA9240C3D38740FFB247C0CB
:10CEC000D65622C17E8C0EC14D8401C0E63FB1C151
:10CED000D04423417D3FC7409CC4004162A1C24071
:10CEE0003EE83D40F08589BED122FBBEFE4356C0E0
:10CEF000295C89C080B780C03B0129C0E5F277C0BA
:10CF0000499D303F45D86C40849EBB4068910D419F
:10CF1000AAF18ABFE336D2C03D2C84C06143AFC1C1
:10CF2000E3A54E41D6C590410F9C9E412A3A6141EE
:10CF300095D4DF402428CE3FB30C61BFF5B9C6C0FD
:10CF40004F1EEAC0378924C114D02FC16F8105C19B
:10CF5000FAEDD3BF6F12033C431CB9C058A8B53FCC
:10CF60000612B0C03EE887C01B9E7E40B5B78DC19B
:10CF7000083DA5401E160141492E4941918F8C4123
:10CF80009FCD6E412B18854032776D3FDCD7A1BE17
:10CF90006F12033A40A46B40022B2441009146409B
:10CFA00079E932C0302A35C020D297BF469414C1E7
:10CFB000F8C23CC1448BAAC0E3367CC1EA04F9C183
:10CFC0001FF4DE404D84D940D95FC440B5A6274147
:10CFD000C4B17F4108AC5341A52C9F40F46CF63E90
:10CFE000273184C07E1DB6C01214BFC00B24A0BF61
:10CFF0004694EA40933A29409D11A53EBD5256BF42
:10D00000575BEFC02CD414C1446909C17E5D00C2D6
:10D01000CD3B5241014D4F4197904541075F114132
:10D0200034A21840105859BF8FC2BDBFF38E87C0BD
:10D0300009F9E8C045D8EEC06154DCC03255CEC015
:10D040004ED187C0D19103C1A5BD79C0C898DB3E40
:10D050008126423E70CE6C40C807DF40A30123C149
:10D06000F85375414B489141BDE3B041787AAD41E9
:10D070008104534166882841DB8A0D41029A1A4196
:10D08000849E4641BD525F41A245224105A392BE06
:10D09000ED0D37C132D587C1C5FE9DC1CBA17AC187
:10D0A000491D9EC10000B4C1F539BCC166F7D0C1AD
:10D0B000F90FDB4043ADDBC0CEAAAD40ACADA8401C
:10D0C000022BAFBFFB3AA0402D21C73F0456EE3ED6
:10D0D00029CB09C16E34503F2AA957C096B2C4BFAC
:10D0E00045470E40C7BA30409CC4303F9CA273BF36
:10D0F000DE717E4002BC214042CFDA407B94ADC15C
:10D1000034A28040EE5AAC403108BC3F74B525C013
:10D11000228E45BFCCEE2140B37BD23FD26F1F3F62
:10D12000014D843D93A95240B3EA7340DFE01BBF39
:10D1300020630A40CF66153E151D093E14AE073E1A
:10D1400062A1D6BF3E7908BF325500BF35DE95C11A
:10D150004013E5C01F8527C0AA60143F98DD8540B5
:10D160006744B1BFC7BAB83EE3C70EC1D5788FC018
:10D17000FF21CDBF6FF0A5C0C13906C1448BBCBF34
:10D180002D211941FE4305C1CEAA3941355E3241F8
:10D1900016FB8BBEB22E9A40E9B74141F9A091C06F
:10D1A00098DD4941DC466E413D1B8241E4038941E3
:10D1B000F9319241C74B9A41B8AF8441C1A8264189
:10D1C0001D38DD402CD4CA4041823A401B0DB0BF0F
:10D1D0004A7B2EC15AE483C147039CC1C2178EC14A
:10D1E0004DF3DCC0F92084C151DAB8C19790E8C191
:10D1F0007DD02C414DF34C41F46C6A41FBCB954101
:10D200002B0785418CDB414100910B416EA3CF4040
:10D21000E02DFC40C520224106818540E9488CC0B4
:10D2200011C7DAC04ED10CC1621007C148E169C113
:10D23000CC6E87C120D255C1EEEBA1C1491DECC116
:10D240000C02C74030BBCD404625C540D26F0041DF
:10D250002CD41C41569F1D411361D1403E79E240C0
:10D26000A9A4BA403A92B340A470034109F9EE4030
:10D27000FE6597BE363CD1C0CDCCFCC0A60AE6C048
:10D28000CBA124C17AC743C1728A60C16608E6C1D6
:10D29000F46C004167441A415E4B4341B0727741E0
:10D2A000DF4F76414ED1274189D2D840B81E154074
:10D2B0001973574061C3D140B53714405E4B86C0E7
:10D2C0003CBD14C131083DC12AA91FC10AD7233D65
:10D2D000E5F2D7C0E414CDC0FE4336C1811503C2C8
:10D2E000BB27C1C025066DC07CF290BEC3D3BB3F37
:10D2F000B98D463F143FA63E8D973EBF499D00BF66
:10D30000189508C0D2003240CF6615BE621064C0C6
:10D31000B1507FC0426089C0D04418BFEBE2B44036
:10D32000DC6808405D6D6041EBE248415F985BC19D
:10D330007DAE63C1E78C3DC19C33AEC0B98D12C0D8
:10D340002F6E5F403C4EF13EB9FC373F94872DC0B5
:10D35000C286C7BF448B34C058A8B5BD9CC4C03F6B
:10D36000C80735409A99154120634441A54E0141B3
:10D37000A91342419F3CF8402D215B40A156A8C112
:10D38000917E2441A2451741C6DC2441B5374A416C
:10D39000E7FB9B416EA3B44170CE9941E2587541C1
:10D3A000C74B9141BA492D41DE9367C088F433C120
:10D3B000F53981C1E57298C15DFEAAC1D5F898C161
:10D3C000F46CE0C0E48350C13F3545C12FEECAC1C3
:10D3D000D95FE6C03D0A83C06A4DF3BE789C22BD8A
:10D3E000166AA5BFD34DA23F2B870640810401C01A
:10D3F000575B113F52B884C0D34D12C024979F3F52
:10D40000BE9F3A403A926F40CC7F60C0C976C84018
:10D41000F2B0A440C44259406DC53041C1394AC13F
:10D42000A857BABFD7A328409FAB2140C729DABE6F
:10D43000B003FD400309EC407B1428410F0B094069
:10D44000226C84C0696F38C001DEDC407DD0AD4005
:10D4500041829E405F299140AF9435C0E8D95CC0BD
:10D46000AC1C82BF39D6D5BF426010C1091BE0C1D8
:10D470007958AE40E414E140D8F00D4120635F419B
:10D48000E0BE9A418D9784418CDB48413A925B41E2
:10D490001361724132558640547482C0E3C70FC194
:10D4A000D42B2FC155C152C18E7535C1F2D2EFC0F8
:10D4B00030BB8FC0598664C08D17B7C16B1AEFC1DE
:10D4C000917E40414694644109F98E41B5159241DF
:10D4D0004A7B5541DC680E415839AC3F21B016C13A
:10D4E000849E31C1431C77C17DD08BC1EEFC8FC1BE
:10D4F000583947C17AC7A7C07AC70D41EEEBB24091
:10D50000FDF6C940C8078DBF96214E3EA92486C1AD
:10D5100082F38641D49A86416F819441287E674187
:10D5200063EE0341107A2E4082E2DF3FF241EF3E8C
:10D530007FFB8EC06F12C9C0FA7E8AC018950C405E
:10D54000098A8FC0B1501AC11895F2C0B81E0140A7
:10D5500092CB1AC105341BC15C8F6AC0E561C2C1A0
:10D560004182254197FF1841D95F1941DF4F16418C
:10D57000DDB5F6400A68BE4023DBAF407FD9E1400D
:10D5800073687940F46CE63F33C43940E17A543F24
:10D59000A9A44EBF44695BC0DE930CC1567D17C180
:10D5A0000612F6C0FAED20C18F5309C177ADCDC187
:10D5B000A8570741FA7E5E4123DB924192DCAE41DF
:10D5C000BEB0A641D0445841BF0EE04077BE634094
:10D5D000E3C7983ED0B38BC08D97F4C0B37BAEC089
:10D5E000A1F8CFC0E78CA8BD02BC2FC1F2D267C1A1
:10D5F000FBCB1FC1174892C060E57FC123CADDC1C4
:10D600002CD432C060E588BF90A0F8BDE09C2540D6
:10D610002041C13F2F6E8B3F772DC93F6EA34D40F8
:10D620009790C9409EEF2E4126E41D41EFC90A4163
:10D6300017489C401973EF3F446987BFB84072C0D8
:10D640009B55B9C03277F5C04CA6FEC01F05B2C1CC
:10D650005D6DC94164DDA641A60A88418C4A4F41EF
:10D66000BEC1F740E5D07E40FB3AC040DCD75D400C
:10D670008CB9F3BFF5B901C1F08536C1C3D33DC143
:10D68000FB5C0CC1BD529840810435403108EAC0B2
:10D690007A3670C1B5155DC16132F3C057DB97C1F1
:10D6A000A5BD594177BE2E41F70633417A363C413C
:10D6B0009FAB5341DE71CA401B9EF63F787ADDBFB7
:10D6C000ADFA54C0CCEE8FC0D122E9C0A1F87DC024
:10D6D0005F98AA40BF7DD5BFD49A08C114AEDDC003
:10D6E00002BC35400D7103C15B42BAC02742C9C1BB
:10D6F000849EA041E3B69C4100008941006F7E41B9
:10D7000024B923418351BB4094F68440E5F20B4198
:10D710006C09C940C807D5BF696F50BF98DDB7C055
:10D720009E5EBBC0D881D9C047039AC06DC53E3E3E
:10D730009D8066C1107AB1C11D499EC1ACADD0C1FA
:10D74000789CFA3F07F06240B459B340C7291D41A5
:10D750003F358941A381874129CB03416F8118401F
:10D760003EE869BFDB8A29C059170BC043AD414071
:10D77000DC46D140F54A39C0F0163CC0EA0474BF1B
:10D78000539613C1CC5D3FC1DC684BC11D49E6C156
:10D79000A5BD2D4024B9A240FED4BC40B9FC034134
:10D7A0003D9B1041E78C4841D1227C41C9E5FD40B9
:10D7B00071AC374017D9F4C0F4FDF2C0CE88E2C096
:10D7C000840DE1C0B53798BE8AB083C0A089503FB0
:10D7D000228E553F037800C11B0DC2C066F7BEC143
:10D7E00022FDEEBF4DF34E3EBD52963F567D564054
:10D7F000FAED734079E99440CB10CF40BDE3B240DD
:10D800005DFE95400AD7C34042CFE440AC1C2E4198
:10D81000E258224107CEA140D88181C0AEB6E0C017
:10D820008AB0B9C0B30CE1C0E86A54C1EEFCF1C1E2
:10D83000CA546741832F8A41B53782412D43E44062
:10D840003D0A273F95D48FC0DF4FF9C0986E1DC1A8
:10D85000174849C1D1912CC16FF00DC1C4B188C026
:10D8600068B3E840D044383F36ABC63F46256540F4
:10D870000C023FC020D22F3E865ACB40C1395DC139
:10D880004A7BE541431CCF411962A4413E793241B4
:10D8900033C49340E71DEF3F492E7B408FC2A53F25
:10D8A000D1223BC08FC2894040138B405D6DADC01B
:10D8B000287EFCC07B8324C1B37B04C123DB5FC112
:10D8C000CBA134C1A69B48C1295C5CC166F7A1C14C
:10D8D000645DDE4082730441E6AE4E41E403914153
:10D8E000E2E92141FDF625408F53A4BF7DAEBEC0C5
:10D8F000ADFA10C142CF2BC1643B2AC1009106C1D1
:10D900001B9E82C08716E3407A36AB3E4013094027
:10D910005F07124043AD6DC0091BCE3F917E94C19D
:10D920003F57C940E0BEE4402EFFF740C1392541D2
:10D93000D1224C415396AE41B751AE4117B75A412F
:10D9400027C2E840931815419D11574108AC1CBEF1
:10D95000006FCDC0524917C1F241EDC0674447C1C5
:10D9600004D6A9C19E6FC4C102ABC3C18A9FCBC1FB
:10D97000984C4D40FD87943FB0721840FB5CE540E9
:10D980002B187A4154639D41363C1E41E71DFB40F4
:10D9900087162241E17A26414C37E9BFFF2111C1A8
:10D9A0002BF64BC19CC464C124973CC174244FC066
:10D9B000D49A84C09790D3C0143F46BCBE1FBEC14A
:10D9C0004B599E403199BE40AF2520419C22824157
:10D9D000E5D04E41C3F57C406DE7FB3E94F63EC07A
:10D9E0003D0A99C05B42A2C0863846C0CA548D40E9
:10D9F000B1BFA440FCA945C0B4C812C0AA60EC3FA6
:10DA00006ADED3C0E3A508C1CE1951C077BED1C12B
:10DA10006DE711415BB13B41F0167541719BA4412B
:10DA2000287E7B417B14F6407FFB6E405D6D51C0CC
:10DA30004BEAD6C0FFB210C1F31F01C1D9CE17BF48
:10DA40001214CD40BBB86140A9A442404FAF06C1FB
:10DA500048E16BC145474BC12DB2DFC02E7FD2C11B
:10DA6000091BBE3F89D22EBFFED4C8BF4ED191BE86
:10DA7000992AB04042CF4D417A36CD40E8D9EC3EAC
:10DA8000333363C08351ADC06EA379C00091BEBF74
:10DA9000F0A7F0409CC4B44095D4913F1EA7B0407D
:10DAA000D2009EBF5305C7C0C1A844C0AC1C99C1D9
:10DAB0001EA73E41BE30754195E5914182F38E41EE
:10DAC00011C74F41A52C09414E622C40448BECBE3E
:10DAD000EE7C9FBECA328A40C5FEEA3FB30CD1C07D
:10DAE000764F36C14B5945C1386723C153964DC057
:10DAF000AED82BC122FD39C191EDC2C09CB3A6C1E5
:10DB00002EFF91BFADFA8E40431C833F8CDBE03F7C
:10DB1000075F583F3945873FE10BDB3F5917B73F58
:10DB20000D7103412EFF113F45479A3F0E4FB9C07B
:10DB300040A48BC0BE9F6A3F58CA92C098DD5B402C
:10DB40007E8CDF4033337F403FC660C0AEB691C1AC
:10DB50006C899641C206B441C1B98541ACAD25413D
:10DB6000BDE37C40151DD93F257522BF72F9BFC0AA
:10DB70001136DCC06B9AE9C00F0BFDC0A9A48AC0A6
:10DB8000E2E99D4065AA94405396713F9B5563C05E
:10DB9000F2D215C106121CC0BC9636C15DEDC5C1DE
:10DBA000D3DE70BF7424173FB1E11140E78C9E4073
:10DBB00044FABB40B98D0C410B243041D8F03241BE
:10DBC000FF213B41022B6241EA950E416EA32140A9
:10DBD000075FF0BFD509B4C0DC68B2C070CE12C117
:10DBE000D19111C1547447C1B68437C11DB8CDC19C
:10DBF000EA04D43E75933440FB5C054006124C4069
:10DC000059178740A301DC3FD6C59340091B3E400E
:10DC1000A8C6D33FDD2436C04A7B73BF39D629401E
:10DC20009D80E6BF1F857B3FE4839E3F0F9CC33FE3
:10DC30003A233ABF190446C0A01A4FBF5DED9EC1FA
:10DC40004260C140E8D9944087A7894009F9F6406D
:10DC50004A7BD940DF4FC9402BF60B41AF250C4121
:10DC6000DE71F640A0894241FB5C0041FFB2ABBFD0
:10DC7000713DC0C055C101C1363CDBC0B5A6D3C0A3
:10DC80004ED1B9C06D560BC1804815C1D95FE3C1F3
:10DC9000C976E44055C1CE409643CF400A68D24091
:10DCA000508DB740BEC1B340FB5C7540B22EAEBED6
:10DCB000787AFDBF73D70EC0113684C02F6E4FC067
:10DCC000AD690EC0713D86403F57FB3F3D0ADFBF47
:10DCD0009A080B3F6ABC60C0F54ADBC07446B2C10B
:10DCE0000C138F418885AB41F085A5412A3A7F41CD
:10DCF00017481B41CA322440D49AC6BFA392EEC033
:10DD000066F70DC1ED9E23C17FD90AC13411A6C0AB
:10DD10001D5A34BF7593D8C005A304C1DCD7DDC03C
:10DD2000789CB23F96214EC0E09CC1C0B5157BC126
:10DD3000C3D32A419FAB25411CFC90413D9B3441FC
:10DD40008885C440FED4B8BE5BD31CC07671A3C026
:10DD50004ED19FC0840D9FC0A30114C0EF38BF40B7
:10DD6000EFC9733F33C487C009F920C02F6E9D40AF
:10DD700095D404C1591710C1C442AD3EF90FC4C1B6
:10DD800058A81E41FB5C3E4192DC91414CB7C34117
:10DD90002B18B2416ADE6841FE653141575B3A415A
:10DDA000B1D08541D93D8641ECC02E41C66D8A4037
:10DDB0007FFB4DC16D56A0C18F53B4C16C09C1C169
:10DDC0004850A7C17969B5C135EFC2C14F2FCAC14B
:10DDD000D26F164154E3EB40CC7F3E41273148419E
:10DDE0008CDBE0409B555A4158CAE840E6AE3540CE
:10DDF0008B6C6A412742B1411B1EC241F8C2D2401E
:10DE0000401391BF52B841C14FAF96C13F46A8C120
:10DE10001DB895C1C9F6AAC1371AB9C1986EBAC161
:10DE20005BB1C340DC68DC4011C70041DF4F0540F7
:10DE3000BA49374166E6C341A913244124B90841D0
:10DE40002B180341CFF785C0992A3E41A69BAC3FD2
:10DE5000F0A7FE3FB51569C1257530C137895DC092
:10DE6000DFE0AB3FD5099EC1BBA7C1C14D73CBC19C
:10DE700046B625419CA24D41AC9C8A41C4B1B641F5
:10DE8000B97C8541BC962F414D840341E561DB405F
:10DE9000BF7D1541A52C4441C5FEA4407D3FC53F33
:10DEA0006822AC3F9A083BC1FBDC9EC1ADE9B3C11F
:10DEB0002ABA9AC1272080C1ADE99FC1DBF9D2C13E
:10DEC00063EE12C0674441C0865A23400F0BD14015
:10DED000BEC1A140A835394054E3CD3F80B7B83F1B
:10DEE000B22E2EBE1D5A00C0C9E5973FD49AA6BFD8
:10DEF000E71D13C0CFF7C3400534414007F076BF9C
:10DF0000964327401D5A8240014D843ECC6ECAC1C3
:10DF100085EB5540D7129EC0D191E43FD1227B3F83
:10DF200027C2044119045E414DF3EA40A9A48C4084
:10DF3000B00381403B010F41903112415C20E1BFB1
:10DF40006ADE11C19A7747C17C6140C1363C11C17C
:10DF500005348B4067D527BFA8C68D407CF2A6C18B
:10DF60009A082B40E09C1D4089D222C0EE7C53C011
:10DF70009B5589C0D0B3B9BF6F12CB3F545287BFF6
:10DF8000FC1807C00456BE3FA91380BF470360407A
:10DF90001C7C6D402E90B03F0B24D0BF2CD41A3D7A
:10DFA0006C09014094F6A63E5BB14F40643BA1C0B2
:10DFB0007E1D4840DA1B9C40E5F209414E62594102
:10DFC00062A16141CFF7E740ADFABC3F0612D43EF3
:10DFD000FED4B8BF499D00BEA52CD740FF215A41B1
:10DFE0009FCDFC401DC9A54055300CC14D157FC1CA
:10DFF0008D978CC1075F54C164CC79C082F3CEC1C8
:10E0000025060C41B0038A419621BC41D34D7C4189
:10E01000B6840241A1679F4065AA003F5F98ECBEAD
:10E0200011C7C2BFFD871C40D42B3341AE474E41C0
:10E03000075F0341C80723C1DA2C97C107DFA7C1D7
:10E0400018269DC1F85314C1DA1BEAC0AF25CBC115
:10E050009CC43C411A51424139B469414625A24110
:10E060005E4BA441D3DE604112830F4162A1E440C4
:10E07000591715417AA52341FA7EB2BFD9CE1DC1E9
:10E080002DB263C1F62864C139B434C1F931AAC0D4
:10E0900026536AC1EF3880C1D5E76BC12653DAC178
:10E0A0003EE80541DE021B41CEAA4D416D678A4123
:10E0B0006F12A941CDBB94417671344187A7B1401D
:10E0C00031080C3F2EFF15C04F4017C0615452BE9F
:10E0D0005986483F34808FC08126B8C05A64CDC06D
:10E0E000886373C179E9A7C136CDA4C1DFCFDDC193
:10E0F00089415040022B6340C807B540DA1B3741C5
:10E10000257595414182644129CBFE408E75BB4007
:10E11000363CF540D9CE3341E78C274120D2AFBE03
:10E12000B5A669BF3A23AA3EF2B01AC1886345C1B9
:10E1300038F8E0C031088CC155C1B4C1DB0AF0C168
:10E140009D11294117D99840F31F9C403108BE40CA
:10E150007AA5514180C8A44144696841C3640A4119
:10E160009B551B40F4FD94BFA1F8993F63EE174106
:10E170000AD7A3BC022B49C1ED9E6DC183C016C155
:10E18000BBB88DC089414FC1B6F365C18E06D3C1FE
:10E1900022FD664046250940AF2584BED0B3094024
:10E1A00070CEC040A52C8F4096438B4009F93C406F
:10E1B000840D6740992A2C40EEEBC0BDDC6810400E
:10E1C000EE5AAA3FA16713BFB6F38DBFB3EAF33D82
:10E1D000FCA9F1BD3BDFCFBD0F9CB1C08F42DFC1B9
:10E1E000C7BA0641B0724A41D7B497414EE2BF4127
:10E1F0003108AA4146941B417E8CC13F0D713CBF42
:10E20000E926413FD26FC7BF789C1A4096B21E41A3
:10E21000234AD74079E96A401FF447C1F5DB9EC124
:10E220009710BAC18FC2BDC18CB92EC1B89EDBC1D7
:10E23000918FB141D7B48341BA4953416DE7EF4063
:10E240008D970E40ADFA1CC0355E0C41F4FD2A419D
:10E25000D6C59F4012148F3F992AACC01FF403C14A
:10E260001D38B7C0C0EC0CC1FCA905C121B0CA3F24
:10E27000F2B0C03F006F3AC16A4D5FC17C61CDC151
:10E2800038F8FCC021B0D2C06154C0C055C19CC098
:10E290008FC287C0DFE097C0363CD7C040A408C11A
:10E2A000B30C0BC176710DC1E02DB4C0C66D44BF77
:10E2B000CF660A415C8FA24043AD5F41C0EC37415D
:10E2C0009D802041986E8B41287E6F41D0D500C142
:10E2D00072F93E418A8E0641DC4637408BFD253E71
:10E2E000567D88406ABC2C4074249F3F287EF4BF32
:10E2F00026E423C08BFD8DC008AC3CBFA01AA14012
:10E3000076E01C40705F9FBF242896C074B501C0A2
:10E310008351C93E8D973EBFCA54E9BF1A409AC186
:10E3200050FCA8BFAA607440B1BFEE40C1393A4169
:10E330007A47824176F1CB4163EE7D4114D0B43F00
:10E34000B00346418805AA41098A0241363C79C09A
:10E3500075936CC187162BC126648FC1280F83C1AA
:10E36000DCD7E1BF1E1650C1C4C29AC1B537C5C1C2
:10E3700041821D4138671F41545248411B9E5B41F9
:10E3800020632641C520D440FE653B40B8AF43BF63
:10E390004A0C7EC05AF5ABC029ED05C1EF38F1C07B
:10E3A000E63FDCBF1A51B840B072F83FA08950BFB9
:10E3B0005F290B3FEF38B5C0B07243C1BC96DEC1D8
:10E3C0005EBACD4093A99640F9A07B408FE44A40C5
:10E3D0008351D1BF32E666C07B14CAC0772D13C10A
:10E3E0003D2C25C16DE71CC136CDB9C03A92ABBFFB
:10E3F000C66D44BFCEAA0FC036CDA3BF77BEE540E1
:10E40000F1635040D26F784170CE6D41E6AED7C017
:10E41000D49ABF41143FB141FDF68D41C3F5664129
:10E420008F530541158C46405F078A406EA3094112
:10E43000C74B734074B57DC0E17A2CC166F719C132
:10E440000E2D2EC19C332AC1FF2100C1A913984073
:10E45000F085CFC0C58F5BC129CB47C1B4C8C4C14B
:10E460004C37194150FC3641516B4E41ECC067416D
:10E4700071BD8641DF609C4134A29D41AA60744118
:10E48000696F4041AEB6304166F7EE40B7D1903F7C
:10E49000575B11C16F9292C13A92BEC1355EB9C14C
:10E4A00013F29FC1105824C113E18AC1424FEBC13E
:10E4B000C05B5CC0BD524AC06F81F4BF378931BFB9
:10E4C0003789B13FFDF6A53FE86A8BBF74B51DC023
:10E4D000D49A42C033C48FC00378ADC0A4DF88C0D3
:10E4E000302A09BF7368D13E61C3A33F9CC4BC40BE
:10E4F0007671654119E27040516B324188F40FC169
:10E5000041F17341446996416688CA41B89E9C4175
:10E510003480304101DED240516BB440FF213D4098
:10E52000C1CAA3406210544111C75A4135EF084196
:10E530004E6205C1A60A7FC13B01A3C18649AAC19B
:10E54000ECD1A9C1D7929AC1B81E72C12720C1C10E
:10E55000BE9F464002BCC540787AA14029ED654087
:10E56000075FE2407CF2CC4006121F41BC96F840A7
:10E57000F8C286403D2C68405E4BD04048E1B24036
:10E58000DFE0DBBFD95FCEC02063FCC093A9DEC053
:10E59000AD69A4C08FE404C196B228C15A64B0C169
:10E5A000355E3ABFBC05123F55307E40014DBE403E
:10E5B000FA7EC240C9768240840D9F3F2D43ACBF96
:10E5C00042CF4EC020D295C00F9CC7C034A2A0C07D
:10E5D000BE9F9ABFF54A294145D82840575B7140F4
:10E5E000ED0D764039B4E0BF41F193BF8CDB8AC1B9
:10E5F000A9A4AA4087A7AD401B2F1D41CE998141F8
:10E60000EA045B41986EDE40A089983FED0DD6BFCD
:10E610000F0B25C07CF230C0C05B2C40637FAF4045
:10E6200039B486C02CD419C13F57C9C01AC067403D
:10E630008E0678C073D7D0C09A08A9C017C8DCC1AD
:10E6400035EF2440B8405E405E4BAE40C05B0D41AC
:10E6500027311E41462542415452414120D2F740C4
:10E66000E5D090405AF5493FDE7102C0325598C05E
:10E670006822B8C0A1F893C0F9311EC0CB1083C086
:10E680004DF3C8C0ED0D94C005A318C1C06CBAC14C
:10E69000B98D6C416E3480411F8593414F2F964157
:10E6A0003D9B4641D656134117489E401214A9403F
:10E6B0005530FE403D2C134114AEB5404D84853F8E
:10E6C0009E5EE5C0121446C17F6A5FC12FDD16C190
:10E6D000B81E58C1DB0A92C13A23AAC1D122DEC1B9
:10E6E0004260614123DB4941BDE38D41B4C8B6417D
:10E6F000F46C5441A167ED405AF5B7404469EF3FCF
:10E700006C091540FE65D740CBA185419A085F4151
:10E71000228EF53D1D5A64C1E8EA91C1F016B3C1DD
:10E72000A089C6C1848D9DC1EEEB26C18DA8CCC148
:10E73000EA95A23F6F12A3BFA4706DC0A91310BFCA
:10E7400068B390C0F0A78EC052B8F6C0DAAC05C16D
:10E7500043ADE1C01D5A58C0CCEE45C01B2FFD3F54
:10E760002B18D740AEB686412AA94341F241C34097
:10E770009FAB8B402B186D40D712E240554181C1B1
:10E7800045D8C8BF9A9929BF1283503F94872D401E
:10E79000832F9240832FCC400B24AA402AA95740B4
:10E7A000E86A6F40DE0291BF5BD3AC3F6076B73F53
:10E7B000917EE340764F01417D3FED4005A3B2BE1F
:10E7C000BA6B61C03E79A6C02EFF0EC1C353F7C11C
:10E7D000CB100E4111C73841B37B8B4108ACAF4120
:10E7E000432D96417FFB504155C14541AD697D4167
:10E7F000E6AEFF40470398C0143F32C1545288C16F
:10E800006822A1C1499DA4C19BD586C1045624C1DB
:10E81000598660404A7BCB3FB003C1C04614D1C18A
:10E82000F706BF3F607613409CC46C40D34D7E40DA
:10E83000C1A83C409487B53F6822ECBD0B4635BF6C
:10E840009CC4D8BF60E596C0E56179C0CB1087BF96
:10E850008A8E8C408CB96340234A994067445D405E
:10E86000C3648E402E9070403C4E9FC0D7A3B8C169
:10E87000E6AE9D41E63FBC41FBBAD3415305A941F9
:10E8800094F656412A3A304179583841234A4A4150
:10E890008D973A41D5E7EA3F386728C064CC09C074
:10E8A0006C782EC114BF83C1F17499C1985DABC15E
:10E8B000074EADC19E6FA5C139B468C10467BAC126
:10E8C000713DECC088F4A3C0A32305C03108CCBEC1
:10E8D0002DB209C0226C54C0158C22C06FF069C0E3
:10E8E000865A95C048E17A3EFCA991BF4625D53E9F
:10E8F00083C0A0C0EC2F47C0FBCBD63F71AC0B3F11
:10E900003411144164DD9F41A8D78141EE5AF8C00B
:10E91000F2B02040D9CE0B407E1D2840C7294E4082
:10E920005249974080489D4081048D406ABC2040F8
:10E930003A23A2BF190486BF068115BF08AC4C401C
:10E94000BF0E36415F9848409D11C5BF8B6C47BFD5
:10E950000E4F89C0D191BEC01DC981C0DF60CAC140
:10E96000CEAAA73F52277440A8C6BD4091EDC04033
:10E97000F931C8405F07D240AC8BD140075F1040EF
:10E98000E63F3440FF21BB406B2BD8402CD476406F
:10E99000A52C2F406E3480BDA39276C05F98A4C092
:10E9A0009565B0C0EE5AEAC0A24513C1A7F9ECC103
:10E9B000F31FDE409A77FC40ACAD3E4147839B415C
:10E9C000F786B641A01A8C41E2584E4145D83B41EA
:10E9D000E4145641C520203F1B2F0AC10B2452C10D
:10E9E000423E71C1C80762C11B2F04C17AC74FC123
:10E9F000107A81C11EA724C1516BEABFA009C5C10D
:10EA000014AE5A41FD0796417E1DBE413188BC417E
:10EA100035EF6841F7750441789CBE40D26F734072
:10EA2000D656BA408F5316417DD0734020416DC0F9
:10EA3000772D45C0DBF932C0894176C1D3DEB1C143
:10EA400099AAB5C1F90F9EC192DC89C127C2C3C181
:10EA5000DC68DC4054E39340F0A78240696FE03FFC
:10EA60007E1DCA4017D914416ADE1241984CED3F11
:10EA7000984C79C0BC96C8C0560EE9C002BCC3C051
:10EA8000FF214D3FA167AB40D1916CBF7AA52CC04F
:10EA900009F9E03F5BD394BF33339DC0EF3895C194
:10EAA000EA953841D734124105A31141A1F85441E8
:10EAB0008AB07441B7D10641211F00404260EDBFCA
:10EAC000A01AABC0CFF727C1D7A352C1EC2F0CC1FE
:10EAD000D26F33C07DAED040D95F3EC08D2895BF88
:10EAE000AE473940E09C79C0BC96D0BE4BC8DAC175
:10EAF000A1D60141A392A6408104974024972E41BC
:10EB00002CD4634154741B41228E3140499D803D79
:10EB1000A77967BF5E4B20405C8FC8404DF39040A3
:10EB20001826DBBF24282EC0F2B0CEC04F4003C150
:10EB3000A47042C16ABC1CC102BC91C07958B4C166
:10EB4000FED42641E56122414BEAFA402B18DD4014
:10EB50005C8FA8406FF049406DE74B405BD39C3E13
:10EB6000E09CF13EDBF95EBF20D22FBF964393BFFE
:10EB70006EA393C0C9E53FC095D43DC0F0A736C091
:10EB8000CCEE41C0302A0DC0006FBFC06DD6A2C10F
:10EB9000F5CA8441448B9641AB4FA3414CA68041BA
:10EBA000962174419A995941355E1C41713D9A40B4
:10EBB000448BE840CC5D0B3F3D2CA6C06B9A0FC147
:10EBC0001C7C43C1EEEB73C1075F11C14F1E1AC11C
:10EBD0009A773EC1D6C5E1C075937DC1D723E0C108
:10EBE000E5F2DF401895F240A7791B412DB2644150
:10EBF0003A23A941BA6B9641992A514174B55941BA
:10EC000096B279419031B940FB5C8DC0A69B2AC178
:10EC100066666FC17F6A74C1426042C17E8C9FC0CC
:10EC20008CDB5DC1174871C13F350FC1C50FD2C123
:10EC3000F54A9B407424BD40F775BE40C4B14640C0
:10EC40000D714CBF333373C05F9854C06C09D3C08F
:10EC5000DB8A19C1F628F6C04013E1C0CA3260C091
:10EC6000FB3A1C4093A942BEE9B71241E8D9504192
:10EC7000D93DD93EE9262F413199424057EC82C116
:10EC8000A4701940DA1BFC3E643B734008ACC440DE
:10EC90003480673FA1D608409FAB2DBC2D213B405F
:10ECA00080483CC1637F75C01F855FC02D215F3FD9
:10ECB00004565E406C0935C0FB3A78C01895A43FF5
:10ECC0004694DC40EBE20AC0EEEB58407671D7C0C8
:10ECD0003CBD62C085EBB1BF2DB26D3F27C21E4067
:10ECE00085EB3D40BA494C3F3411763FF31F923ECD
:10ECF000C89803C0D93DA9BF1F85F3BFCA54C1BB83
:10ED0000C05B0A41143F9440A323D93F16FBCB3E7E
:10ED1000D881733FB37BDA3FF697BD3F2ABA8DC1E6
:10ED2000A1D68B41FAFE97415BC2AF41D792A54174
:10ED30008B6C664151DA1341A5BD14416ADE9540E2
:10ED4000819513BF7FFB02C0E7FB95C0DD2402C1A4
:10ED5000A4702DC1D509DEC07A369DC0166A15C0D3
:10ED6000827318C1651985C160E5B6C1F628DAC19C
:10ED70000BA4F1411EA7E841A69BB541F0857F4158
:10ED800055C15341BADA4441BB27FF400C02DB3F77
:10ED900085EB39C0D34DBAC030BB10C18FE437C149
:10EDA000E9B72FC1A1672BC14D841BC1E92637C12B
:10EDB00099BB41C1B6F365C1189565C1EFC9A1C141
:10EDC00002BC8B40CD3BB640226CF440E926124198
:10EDD00054E3FF40C3D3BF40E0BE9C407DAE9240B1
:10EDE000CEAAA73F2D218FBF07CE19C0764F26C0D0
:10EDF000C9E59FBE86C974C029CB58C03FC694C020
:10EE00003B7022C0643B83C08AB08DC0B90DB2C1D3
:10EE100012145641D3DE7F41A53D9241249794417F
:10EE2000E4146841DBF97041772D4A41BB27EF3F7D
:10EE300026538FC00D71F2C064CCEBC0DF4FB7C05A
:10EE40000E4F0CC1508D21C10E2D8ABF8104453F4C
:10EE5000280FD3C0A9A468C1001182C18796E4C15C
:10EE60005B42A63FFED498BE006F01BEE02D10406D
:10EE70000B24C640295C1141BA6B394102BC1941CF
:10EE8000A69BCE4095659640F90F7540D42B49C09E
:10EE9000A32301C0A301AEC074B565C0C7291AC0C1
:10EEA000C3F55CC08FE4D0C04850DCC0FAFEA8C1F6
:10EEB000355ED640AED8DF4014AEDF406D562A41F5
:10EEC00073689141A4F0BB41BE30A64154749A418D
:10EED000AD696841705F85406900A1C0158C29C18A
:10EEE000431C7CC12B0796C18CDB9AC160F693C191
:10EEF000BEC111C135EF04C1128360C04BD9B6C188
:10EF00006C09B93EB1E145C0151D0DC074B5953E03
:10EF1000D93D6140F31F4541DB8A28415B42D04027
:10EF200080483F408A8E7040CCEE1941DE71D0405F
:10EF3000962156C0AD6909C1E5F20BC1295C97C0A5
:10EF40007FD9953F05A3B2C0E94846C0CE9991C18B
:10EF500030BB6B403F57A540DA1BE04040A4A340C4
:10EF6000DCD7C7409F3CA440ECC03940711B8DBE2C
:10EF700009F9303F14D0443F7DD02F40B68440C0C3
:10EF8000591789C079E9D6BF09F9303FF0A712C0F7
:10EF90005B4296BF4BC823C045D82CC0F163B1C1BA
:10EFA000C58F3741910F3141C0EC2C41151D2741D0
:10EFB0001EA72941105846419A08514144FAF3408E
:10EFC0001058F13F59170BC0787A79C0780B44BFBD
:10EFD000DC463F4082E21FC0A47023C1840D64C19F
:10EFE000AEB642C123DBADC0A47005C1986E02C2AB
:10EFF00009F9D6C0849E93C06C784AC0A167B33D1E
:10F000003255303FF5DB873F7FD90D3F273160C058
:10F010009BE665C0ED9E10C0174850BFA54EC0408E
:10F02000AE473E417A363B405C8F92BF287EECBEB5
:10F0300045D8F0BCD8F03C402AA9CF403A92CBC08A
:10F040007424AB40B4C86E40F90FA340EA95464023
:10F05000B4C8D63FDE934740211F043F7E1D60C0E9
:10F06000DA1B90C0C442CBC012A5FBC0560EB5C07F
:10F0700087A7A5C0A32319C014AE073EC3D353402E
:10F08000A245FA4042CF3F4173688D4022FD6CC1DA
:10F09000B1500441A245BC4021B0C0404D152741AC
:10F0A000158C4041D044F240D0D56240F31F82BF5E
:10F0B0009C3384C016FBD1C0AC1CA2C01F855BBFB3
:10F0C000C286E34063EE1ABF280F83C01FF42C3FB3
:10F0D0006F81643FC72988C05452CFC08104EBC1FF
:10F0E000933A0140EF387D40CD3B9E408B6C01410F
:10F0F00053056A4108AC7541A470444180482541DC
:10F10000DE93E9405452494138F8F840D93D19C0DE
:10F1100039D6EFC03FC624C1098A1CC18E75EBC029
:10F12000499DE8C0B840C6C08FE485C104D6FDC182
:10F130001C7C4D4152B87E4163FF8141FCA93D4199
:10F1400033337340C7BA80BFAA6020C02506D1C040
:10F15000713D06C1FCA91EC1B98D1AC1925CC0C027
:10F16000BBB8853FE78C5D414469EB40651986C0BB
:10F17000174831C14D1500C1431C4F4061D496C1A1
:10F18000B29D89418716954136CDBA418AB0A441D6
:10F190001A517941F4FD4B415839CE40B150D5C098
:10F1A0006ABC12C1910F79C11B9EAEC1D3DE93C15F
:10F1B00065AA85C1962164C104E73840D122674021
:10F1C00007F0F6BED6566CBD5BD32440E03EA3C12B
:10F1D00017D93341D1A281412D329C412439984124
:10F1E000560E2D4120638840B37BF23B58A899C04E
:10F1F00016FBF7C0A01A18C1F9A02DC17E8C27C13B
:10F20000D95FC8C0E86ACB3F8716184103788140B0
:10F21000295C87C048501EC1249716C1515AB8C1F5
:10F22000E9C8AC41083D8541DC681341804889400C
:10F23000E09C31C0D49AC2C04DF3B6C0F241DBC0ED
:10F240004BC8A9C0310868C087A7F73FE3C7FC4097
:10F250005EBAA9BF819500C19E5E2AC148E1D0C0B7
:10F26000C5FE42C012A56140D734B540C3642DC16C
:10F27000EA9516405474F43FF2D2953FB5A681BF8B
:10F28000D6C56D3E9A080BC0CD3B32C007CE99BEA5
:10F29000B22E8E3F9A993D4094F6A63EED0D06C0E3
:10F2A0004A7B833FED0D5E40A1D6FC3FCC5D933F92
:10F2B00096431F40933A09404F1E463F43AD6BC1F2
:10F2C0006EA3D9BFF7061FC07DD01BC088859640AE
:10F2D00036BCC74105C5D8411748FE40EBE2964011
:10F2E000A69B443E6B2B66BF835159BF41821E4192
:10F2F00052B81EC0E8D917C1E2E93EC12DB2EDBF38
:10F30000ABCFC7C0136131C127A034C1423E86C113
:10F31000C7BA6E4142608F415F98BB411AD1E34149
:10F320006C78BF41B8AFB441023CAE41B762164100
:10F33000499D68C0BD5224C12EFF65C1789C82C121
:10F34000BA6B9AC102AB93C1D8818AC1045644C139
:10F35000EE7C29C18BFD2FC14F40FDC0D712A8C143
:10F36000228E2D41DBF91F41849E0141C364B440CC
:10F3700024B93C3F7593983DFF215DBFDB8AE5BF13
:10F3800041823AC0C3F540C066880FC01D3847BFF0
:10F39000524921C0C807C7C0832FA6C0B22E8E3ED7
:10F3A000FA7EA0C0C6DC953EAC8B83403F5718C1A7
:10F3B0003B703441EA048C417357A6411D386F41BC
:10F3C000933A0E415B42AC40AD698E3F516B0ABF30
:10F3D000F54AE9BF933A41BFDB8A79403411634172
:10F3E000D0B336412EFF11C0D3BC52C1B3EA89C19C
:10F3F000933A7EC1567D5CC169007FC1D801E0C1EE
:10F40000B537E8BF1EA7B0BF7CF290BE60E5B03F45
:10F4100073D7E23FA52CBB3FF7E499BFF0854DC001
:10F420000681A7C0D712D8C0A69B9EC0DC4637C0B5
:10F43000287E8240234A2BC04ED1613FCCEE6741EB
:10F440007FFB0841A1679140F4FDFC4079586BC1F6
:10F450008A1F284196215E41728A9C41F2D2A641C0
:10F4600093A98D41D95F4B412F6E38414B590041D3
:10F47000D0D50E40492EB7C05BB122C1F4FD4CC1BE
:10F480009CC46EC19F3C2BC196B200C03F5706C1C1
:10F490007A3623C104E7ACC003782CC1211FCFC149
:10F4A000F77580BE3867AC3FAA60243F14D028406F
:10F4B000DA1BC2403EE88B409643AB40A4DF7E405F
:10F4C000B37BDABF5EBA05C0DE02A7C06ABCC4BFA8
:10F4D000B3EA57C0B150AB3FC1398140AEB623410A
:10F4E0007DD0D33F76714FC039B4A4C045C798C111
:10F4F0007FD9CF404E621541F2B061414D04A54124
:10F5000035EF8041BC74EB405917BF3F8A8E30C045
:10F51000E02D82C020637EC06900AF3F68910E413C
:10F520001F856BBF8E06AAC09643AB3E2428C4C07D
:10F530003B014CC1992A15C1136157C12E90DBC103
:10F54000E0BE1E3FFFB21B40643B9F406F12144160
:10F55000A4707641ECC044417593B840143FA0407C
:10F56000C898814060E58640C74B1B4144FAF7408C
:10F57000107ABA40EF38C53EE5F2BFC0AA6038C184
:10F580008FC2E9C03D9B25C17660A6C1A5BDFDC166
:10F590007DAE6EC0857CB8BF522770C08FE492C02C
:10F5A000228E51C07F6A3C3FE6AE51C0569F99C043
:10F5B000840D1FBF60E59C40E561274127C23041B3
:10F5C00092CB8A4199BB46BF7424AF40EBE2463FE1
:10F5D00072F99F3FF38E43BF17D906C010E9B6C139
:10F5E000EEEBD640A69B134165194541098A8D4132
:10F5F0008A1F8D41D34D3E41D42BE340C9768840CC
:10F60000CEAA894064CC1F4189D2BA403C4E5DC02D
:10F61000F775DEC054E399C0DCD709C07E1D61C117
:10F62000ADFA95C1F0A78AC15A6434C18E75E1C1A3
:10F6300019736B41FBBA9B419CA26C41B459D140F8
:10F640004F1E963FB98D16C017B79DC03A23FAC01A
:10F65000D7A30DC15F9817C16EA32BC1D73408C1C2
:10F66000A69B8EC03199FA4067D5E73C7671814000
:10F670005C20D13FDCD7B1BF7AC78D401E2781C146
:10F68000448B984133B3B04154E3C441D645B041B3
:10F69000FDF68A41560E7E411EA762417A363F41F1
:10F6A0001DC98D400C9391BF7B83CDC0BE3025C159
:10F6B00017B73DC1371A58C17AA567C13D9B71C1C3
:10F6C000795878C1CE9986C1AF14B0C1E550C3C195
:10F6D000A08910410B249841C3E4C3410A68C54185
:10F6E0009D919741728A3C410091F440CDCC984065
:10F6F000C1A8A43FCB10E73E4E62E83F772DA1BFE3
:10F700006D5613C1B8AF64C187167CC1B8405AC1E9
:10F7100029CBF8C04F4068C1BBB8ACC11904CFC1F8
:10F720001DC9BD3FB29D8F3E6F12C3BED191BC3F7C
:10F7300077BE034130BB0241C3F520416FF0044165
:10F74000DFE08340C3642E4020416540FC18FF4049
:10F75000C2866F409FAB29C04182ACC0F7758EC096
:10F7600007F090C07424D7C0FB5C0FC1B684D8C129
:10F77000C520294152B82A4132773C417B1443418C
:10F78000AA602041E948D640BBB8A340E2582740D0
:10F790003E7998409B55234066667AC042CFEEC0C2
:10F7A000ECC01AC18C4A15C146251FC1986E01C113
:10F7B000BE30993FE17A74C0B0035FC0FCA9B3C109
:10F7C00060E5F240492E06416FF03841500D82410C
:10F7D0000612B0416D56B8416F708E41F9A051418B
:10F7E000EE5A8941FB3A59417DD073BE9031E7BF53
:10F7F0001A51CA3FD93D26C11C7CA6C1CA54C6C1F4
:10F80000516BC8C173D7C2C1E4039BC10F0BCAC1FE
:10F81000E17AEA4023DB3941C06C8541A835784163
:10F82000F775024106129A40B150DBBF006F3DC030
:10F830009C33D2C05839E2C0B1BF6CBF3FC6AA40AA
:10F84000894190C027A0E5C0F8535BC0682260C022
:10F85000B5A60CC12B18A9C030BBDF3FA61B9AC1AF
:10F86000BE300B4116FB5B41302AA2418AB0794180
:10F87000E17A004131993240BC741FC0D509CCC037
:10F8800057EC10C1C3D327C1637F3CC10DE02BC12E
:10F8900016FBF7C0D734AFBE705F2141A323794078
:10F8A000B6F37D402B1805C0249703C07969BFC10A
:10F8B000AB3EE7BF0E4FAFBF764F863F3480AF3FC2
:10F8C000780BFC3F5396993F36ABEEBF2F6EFBBFD4
:10F8D000EC2FE3BF5A64ABBFEFC957C033C44940F4
:10F8E000C5FE9A3F448B4C3F5B42FE3EFE65234083
:10F8F000A2B4574013F2154066889D4081262FC15F
:10F900006E348240295CED40A01A4B41E17A90416F
:10F91000F9B18441E336154104E790403945374059
:10F920004547D23F19739740F69746416FF0114112
:10F93000CC5DC7406C09793C1FF448C14EE28DC1D3
:10F94000659995C183C04CC1D0338DC18A0EF2C177
:10F950007446543F68912940F2B0F03FD49A8440F5
:10F960009B55B5409A77B640EC519E40AA60DC406A
:10F97000A470D94060760041CB10294197FF0A411D
:10F98000363CED3F68B30EC0CEAACBC0AE47D9C05F
:10F99000736802C163EE14C143AD20C18104CEC1BE
:10F9A0003945E340DDB574404182F23F37898D40EF
:10F9B000871699403F359440014DBA404CA63240DD
:10F9C0007A36D33FAD69DE3EAC1C0E402A3A804009
:10F9D0009487053D583928C058CA22C0F69765C09B
:10F9E0009FCD6AC060E586C04547E0C0E3B69FC1D1
:10F9F000925CFE3DFB3A43416ADE8940FAED874066
:10FA0000F163F43F09F9203F091B8E3F7671C33F34
:10FA1000DAAC1240C05BA44012830C403199B8C0EC
:10FA2000E3C7983F0534B9BF7E1D983ED12295C0EB
:10FA3000C7295A3F4ED1993FF7067FC0E8EABAC1BD
:10FA400074B5A3C01F85A3BFFCA921404A0C844004
:10FA500086385A404D15DCBF0A6862BF4260BDBFA0
:10FA600098DDAFC08351DBC02B18C5BF5452773F20
:10FA70006ABC14C01B9E9CC014AE0441645D5C4013
:10FA8000B684E4BF85EBC940560E57418F5312C16F
:10FA9000E2587F401E168C40DB8A874032E64240A7
:10FAA0002AA96F40211F2040D8F08C3F6ABCF4BEC9
:10FAB000849E19C0BD5226BFE63F543FE3C7583E5F
:10FAC0005EBAC93D516B5ABE9318C43EE17AE4BF99
:10FAD000211F84BFCC7F08C0E6AECDBF598663C16D
:10FAE00092CB354198DD6B4153168741AD69714129
:10FAF000492E1F41A54E0C41B4C88C407E8C01C0DC
:10FB0000EA042CC0772D81BF27C2463F0BB50EC03B
:10FB100021B082C02FDD01C17B14C8C0D49AA6C019
:10FB20005E4BE0C0C0ECD6C0780B14C10011DBC145
:10FB3000091B6A400C933940A7798140EEEB0541DF
:10FB4000CB10884166E6BA41F90F82418941E6400F
:10FB50000F1C8B41FBCBCC40C13989C08B6C1EC1C3
:10FB6000F0164CC1BA6B45C1DBF9AEC0DFE025C170
:10FB70005F292FC18C4A22C15C8FC0C035DEC2C153
:10FB800097FFF040D49ABC40B0728A40780B804016
:10FB900024283A40D3BCD33F47723D4024287A40C2
:10FBA000295CAF3F46943EC0764F4EBF1B0D60BFF1
:10FBB000B6F37DBF000050BFCF6655BFDAACFABCCC
:10FBC000524929C0903133C0228E89C001DE8BC1D9
:10FBD0009C3376411BAFA041B36AB5418805A5416E
:10FBE000166A72418A1F0D41E63F6840832F0CC0A0
:10FBF000CE1909C1A7E852C1121474C1FF2170C106
:10FC0000A3924BC1F2B00BC135EF183FB8408C4006
:10FC10005EBA11C06C09F9BC857CFCC05305CCC12F
:10FC20006D45BD41FD07BA41E5D0A2414ED17241BB
:10FC300062A13641EFC9B9401214AF40B072A83F7B
:10FC40009E5EA93D3A921BC02BF6E1C0E3A5C5C05C
:10FC5000363CEDBF7A36B3405227B8BF6A4D77C104
:10FC600093188BC1AAF196C1CB108BC1439CC0C124
:10FC700002BC3A41FBCB61410467A9415474CE41B7
:10FC800065AAA5410C026141728A624142608F41BE
:10FC900045D869413D2C9A400D715440C520F03E35
:10FCA000C5FE37C1C29799C16688ACC1D35EABC1EE
:10FCB0008885A9C16DD6B2C1B840B1C13D9BBBC159
:10FCC000BEC19540DFE04340FFB2D33F226CC64047
:10FCD000524901C0091B464000910E3F2653514036
:10FCE000C364AA3FE17A943D910FEA3F35EFBEC06D
:10FCF0004A0C2A405E4BC8BDC3D39BBFED9E10C0CB
:10FD0000F8C2643EF4FDBC3F7AA586C00A6865C1AE
:10FD100066F714418CB93D4130BB6F41B30C534180
:10FD2000C0EC0841075F8840C807FDBE325544C09B
:10FD3000F7E44DC0FB3AA4C0166ADDBFC66DD440DF
:10FD4000C3F558BFA32301C17C6119C1D0D5BAC086
:10FD5000D34D2A4066F704C179E9C0C0311999C171
:10FD6000CE881240F1F476404D849D40D42B0A4158
:10FD700011C75E41DE938E4119E27B416D563841D9
:10FD8000D3DEF040B8AF12415F981B41DCD7B740DB
:10FD90003D0A073FA167B33E984CC7C03CBD4EC16A
:10FDA0004B5961C16DC5A4C14625D5C1B448FAC13E
:10FDB000303B9741F842904140135A41FC181C4196
:10FDC00020D2ED4016FBAB4002BC3D4079E9DE3F5E
:10FDD000FAED2B3F24972F3F87A72F4055C1083FAF
:10FDE000CA328AC0A301C6C092CBDDC072F91DC160
:10FDF00032773EC1B30C12C179580FC11D5AC9C127
:10FE00000D71CE40FC18D940CE19174145474F41DE
:10FE10003FD783417E8C6E41F5B904418E06D83FB1
:10FE2000363C21C01AC08FC07B83D7C09487DFC007
:10FE3000A2B495C067D5373FB22E863F0F9CA3C0B2
:10FE40005DDC8EBFDBF9F0C0355E46C17AA5D9C155
:10FE500001000000040000001000000070FE030814
:10FE60000000000000000000000000000000000092
:10FE700000002041000048410000704100008C411A
:10FE80000000A0410000B4410000C8410000DC4176
:10FE90000000F0410000024200000C420000164247
:10FEA0000000204200002A420000344200003E428E
:08FEB0001006FC7F01000000B8
:04FEB80069020008D3
:04FEBC0041020008F7
:10FEC0000400002000000000700D0020D80D00206C
:10FED000400E0020000000000000000000000000B4
:10FEE0000000000000000000000000000000000012
:10FEF0000000000000000000000000000000000002
:10FF000000000000000000000000000000000000F1
:10FF10000000000003000000700D00200000803F82
:10FF20000000803F0000803F0000803F0100000093
:10FF30000000803F400B0000140000000000803FE4
:10FF40000000803F01000000348037BA6F1283BA8E
:10FF5000C364AABA17B7D1BA6C09F9BAE02D10BBBD
:10FF60000AD723BB348037BB5F294BBB89D25EBB2A
:10FF7000B37B72BB6F1283BB04E78CBB99BB96BB90
:10FF80002E90A0BBC364AABB5839B4BBED0DBEBB59
:10FF900082E2C7BB17B7D1BBAC8BDBBB4260E5BB12
:10FFA000D734EFBB6C09F9BB006F01BC4B5906BCE1
:10FFB00096430BBCE02D10BC2B1815BC75021ABC67
:10FFC000A4707D3F75021ABC2B1815BCE02D10BC27
:10FFD00096430BBC4B5906BC006F01BC6C09F9BBC6
:10FFE000D734EFBB4260E5BBAC8BDBBB17B7D1BBF3
:10FFF00082E2C7BBED0DBEBB5839B4BBC364AABB1C
:020000040804EE
:100000002E90A0BB99BB96BB04E78CBB6F1283BB41
:10001000B37B72BB89D25EBB5F294BBB348037BBDD
:100020000AD723BBE02D10BB6C09F9BA17B7D1BAB8
:10003000C364AABA6F1283BA348037BA00000000D2
:100040000000000050B1C03C009065A6BA29C2BDB6
:1000500088872A26D4A55A3E692958A68846AABE6A
:10006000C4C34724D11AC43EC4C347248846AABE89
:10007000692958A6D4A55A3E88872A26BA29C2BD1E
:10008000009065A650B1C03C303F01BABC4EDF388D
:100090003FB1163A8FF49B3A774CD83ACF65D23AB3
:1000A0006FF5593AE1981CBA2B0E12BB14BE5ABB1D
:1000B000A03652BB6953C4BA7A45BF3ADC67973B56
:1000C000FA25D63BFF8BC23B50BD1D3B198A51BB65
:1000D000CC5810BCA6AD41BCDC6026BC0DAA5CBBF4
:1000E000C800DD3B1C5A863CBD6EAC3CEBE48C3C4E
:1000F000E7498A3B080B70BCD7C305BD8C3C29BDC2
:10010000AC0308BD78939DBBEA6F2A3DCB81C83D07
:10011000E98F1B3ED46C433E76F0513ED46C433E97
:10012000E98F1B3ECB81C83DEA6F2A3D78939DBB8A
:10013000AC0308BD8C3C29BDD7C305BD080B70BC02
:10014000E7498A3BEBE48C3CBD6EAC3C1C5A863CD8
:10015000C800DD3B0DAA5CBBDC6026BCA6AD41BC83
:10016000CC5810BC198A51BB50BD1D3BFF8BC23B04
:10017000FA25D63BDC67973B7A45BF3A6953C4BA48
:10018000A03652BB14BE5ABB2B0E12BBE1981CBA50
:100190006FF5593ACF65D23A774CD83A8FF49B3AFB
:1001A0003FB1163ABC4EDF38303F01BA3F420F0034
:1001B000000F000001000000100000000024F40007
:1001C0000000803F01000000C0180208C8180208A3
:1001D000D0180208D8180208E0180208E818020827
:1001E000F0180208F8180208001902080819020895
:1001F0001019020818190208201902082819020803
:100200003019020838190208401902084819020872
:1002100050190208FFFFFFFFFFFF00000000803FB2
:1002200000000000000000000000803F000000000F
:10023000000080BF000080BF00000000690F023A8C
:1002400037CCFF398A41FA39C6E4F1392C66E439F2
:1002500077DCCE3996EEAD395D137C396185EE38A9
:10026000E04464B8EC178DB969E40BBAEE925EBA5B
:1002700022119FBA21A3D4BAA07107BB651C26BB6B
:100280008E4645BBCBA763BB95BF7FBB67EE8BBBE1
:10029000061495BB37589ABB49BD9ABB9F4895BB7E
:1002A0009C0B89BBAA596ABB76E231BB7A13CFBAE1
:1002B000405F28B9520CCB3A5A80683B6EE7BE3B90
:1002C0000A15093CA49B363C0E7F673C628C8D3C32
:1002D0009F53A83CFBA8C33C1B17DF3C5722FA3CAA
:1002E000E6250A3D4A8A163D9300223D4F4E2C3D9D
:1002F000F83D353D6FA03C3D4D4E423D0029463D09
:10030000A41B483DA41B483D0029463D4D4E423D9F
:100310006FA03C3DF83D353D4F4E2C3D9300223DB6
:100320004A8A163DE6250A3D5722FA3C1B17DF3C58
:10033000FBA8C33C9F53A83C628C8D3C0E7F673C5E
:10034000A49B363C0A15093C6EE7BE3B5A80683BCD
:10035000520CCB3A405F28B97A13CFBA76E231BB60
:10036000AA596ABB9C0B89BB9F4895BB49BD9ABBE8
:1003700037589ABB061495BB67EE8BBB95BF7FBB06
:10038000CBA763BB8E4645BB651C26BBA07107BBD4
:1003900021A3D4BA22119FBAEE925EBA69E40BBAD5
:1003A000EC178DB9E04464B86185EE385D137C3993
:1003B00096EEAD3977DCCE392C66E439C6E4F139F6
:1003C0008A41FA3937CCFF39690F023AC8099C399A
:1003D000501C0A3A343BAE3948AA39B9FD1723BA42
:1003E0006E6C1DBA91BCA3B77BD3403A9560843A3A
:1003F000213CD539B1DA46BAA10ECABAAB678EBA7A
:10040000E4BF093A3AAD083BD5CC093B0D5E203933
:10041000D4A91FBB58C65EBB2DE1BCBAD663173B3F
:1004200016029D3B5F65603BF232B5BA402EC3BBFE
:100430004583C6BB25512DBA3323D33BAAA9153C0E
:10044000EA8F853B1DA0BABBA3E348BC1CE713BCE5
:10045000975C483B6157733CD1B07F3C8FC7153BDD
:1004600072D583BC8832C4BC84133EBCCBAF713C14
:10047000ACF40D3D2D90E33C9BAC07BC26DA4EBDA1
:1004800068407BBDC69556BC8F84B83D7CC9553E3F
:10049000D556933ED556933E7CC9553E8F84B83D84
:1004A000C69556BC68407BBD26DA4EBD9BAC07BCEA
:1004B0002D90E33CACF40D3DCBAF713C84133EBCBE
:1004C0008832C4BC72D583BC8FC7153BD1B07F3C8A
:1004D0006157733C975C483B1CE713BCA3E348BCE3
:1004E0001DA0BABBEA8F853BAAA9153C3323D33B99
:1004F00025512DBA4583C6BB402EC3BBF232B5BAD7
:100500005F65603B16029D3BD663173B2DE1BCBA8D
:1005100058C65EBBD4A91FBB0D5E2039D5CC093BA4
:100520003AAD083BE4BF093AAB678EBAA10ECABA2E
:10053000B1DA46BA213CD5399560843A7BD3403A4A
:1005400091BCA3B76E6C1DBAFD1723BA48AA39B97E
:10055000343BAE39501C0A3AC8099C3985A3E739A7
:10056000BF040739055D97B9D4191ABA173B16BAF3
:100570009E5644B92251DA39E4166D3A088C713A24
:10058000E1B5A739098F30BAD732C4BA9DD0C9BAFC
:100590004FAA10BA2F8E8D3AC6C11E3B2349233B6A
:1005A00086C76F3A829AD9BA980C76BBBB027DBBDC
:1005B0008F26BEBA227E203B7575B73BB816BD3B71
:1005C00030AA113B1A9E65BB412F05BC4C110ABCD9
:1005D0002F8C5ABBD39BA13B9E283F3C5F34483CA9
:1005E000C361A33B2711E4BBB8728ABC587D93BC9E
:1005F0009AE2F9BBE33A263C1597D13CA730E63C9A
:1006000046A24D3C114485BC4BA633BD197853BD61
:100610007865D2BC339F103D0B53F03DA5FF473E9C
:100620006C8A783E6C8A783EA5FF473E0B53F03DBE
:10063000339F103D7865D2BC197853BD4BA633BDAE
:10064000114485BC46A24D3CA730E63C1597D13CF1
:10065000E33A263C9AE2F9BB587D93BCB8728ABC57
:100660002711E4BBC361A33B5F34483C9E283F3C59
:10067000D39BA13B2F8C5ABB4C110ABC412F05BC0C
:100680001A9E65BB30AA113BB816BD3B7575B73BCA
:10069000227E203B8F26BEBABB027DBB980C76BB68
:1006A000829AD9BA86C76F3A2349233BC6C11E3BFB
:1006B0002F8E8D3A4FAA10BA9DD0C9BAD732C4BA7C
:1006C000098F30BAE1B5A739088C713AE4166D3A52
:1006D0002251DA399E5644B9173B16BAD4191ABAC0
:1006E000055D97B9BF04073985A3E739BBBEB4B927
:1006F000E833A2B8ED517B390FE5073A1F042E3AD3
:1007000023A81C3A1BEC97398B3F5EB932404ABA9A
:10071000C29F9BBADF1DA4BAB8725BBA0D21F9372C
:10072000F8DF933A0371083BB4E9213B547F023B65
:100730005C8B203A8150B0BAE53255BB11B48EBB08
:10074000174F84BB940D0ABB5978893AB7DB923BAB
:10075000226FE33B5FDAEE3B72A8A23B29889E3909
:100760007840B1BBA4B827BC1ED647BCB09723BC09
:100770001DFD6ABB9E52B33B978A6B3CF721A23C9E
:10078000D33E9B3C8609303CD4BA68BB0D80A5BCE7
:10079000C8200ABDE5941CBDF07DEEBCCC9D95BB88
:1007A000375E093DEB30A33D45CA003E70D8263E7A
:1007B00061123C3E61123C3E70D8263E45CA003E66
:1007C000EB30A33D375E093DCC9D95BBF07DEEBC83
:1007D000E5941CBDC8200ABD0D80A5BCD4BA68BB79
:1007E0008609303CD33E9B3CF721A23C978A6B3C68
:1007F0009E52B33B1DFD6ABBB09723BC1ED647BCBF
:10080000A4B827BC7840B1BB29889E3972A8A23B06
:100810005FDAEE3B226FE33BB7DB923B5978893AD4
:10082000940D0ABB174F84BB11B48EBBE53255BB88
:100830008150B0BA5C8B203A547F023BB4E9213B33
:100840000371083BF8DF933A0D21F937B8725BBAB0
:10085000DF1DA4BAC29F9BBA32404ABA8B3F5EB931
:100860001BEC973923A81C3A1F042E3A0FE5073AD0
:10087000ED517B39E833A2B8BBBEB4B941AF65399D
:1008800042F5D437775946B949DFD4B9E5491DBA9D
:1008900054AE41BA66F84DBAFCF138BAA165F8B960
:1008A000367CB6B8EAA5E039C1A3843A6BD1CD3A1B
:1008B0006449023BAF9D0C3BDFAFFE3A02C2AD3A4A
:1008C000DA78A03980EB85BA1FB022BBBE587BBB5B
:1008D000B67C9DBB9230A8BBAE4397BBA3CD4FBBAC
:1008E00003F561BA6B16083BC31BAC3B059B053C8B
:1008F0003079273CEA0F333CD7F5213C64D2E23B08
:1009000072AE0D3B7B7181BBCCAA2EBC7D048BBC2F
:10091000BF15B2BC7939C3BCE66CB6BC813786BCA6
:100920001BB9C2BB1AD90F3CD80ADD3CE420423DBA
:10093000FB0F8C3DF38BB43D09D7D63D24B8EF3D7A
:1009400072CBFC3D72CBFC3D24B8EF3D09D7D63DC0
:10095000F38BB43DFB0F8C3DE420423DD80ADD3CD7
:100960001AD90F3C1BB9C2BB813786BCE66CB6BC3A
:100970007939C3BCBF15B2BC7D048BBCCCAA2EBCDC
:100980007B7181BB72AE0D3B64D2E23BD7F5213C5B
:10099000EA0F333C3079273C059B053CC31BAC3B3D
:1009A0006B16083B03F561BAA3CD4FBBAE4397BBB3
:1009B0009230A8BBB67C9DBBBE587BBB1FB022BB90
:1009C00080EB85BADA78A03902C2AD3ADFAFFE3AE1
:1009D000AF9D0C3B6449023B6BD1CD3AC1A3843A35
:1009E000EAA5E039367CB6B8A165F8B9FCF138BAA9
:1009F00066F84DBA54AE41BAE5491DBA49DFD4B9DB
:100A0000775946B942F5D43741AF65394852415F0D
:100A10003131325F3131320000000000000000004F
:100A20000000000000000000000000006400000062
:100A3000000000000100000001000000E0000000D4
:100A400070000000700000000300000003000000C0
:100A500010B6020870B30208000000000000000099
:100A60000000000000000000000000004852415F4C
:100A700035365F3536000000000000000000000041
:100A80000000000000000000000000006400000002
:100A900000000000010000000100000070000000E4
:100AA00038000000380000000300000003000000D0
:100AB00000BA0208B0B80208000000000000000000
:0C0AC0000000000000000000000000002A
:100ACC00000000000000000000000000000000001A
:100ADC00000000000000000000000000000000000A
:100AEC0000000000000000000000000000000000FA
:100AFC0000000000000000000000000000000000EA
:100B0C0000000000000000000000000000000000D9
:100B1C0000000000000000000000000000000000C9
:100B2C0000000000000000000000000000000000B9
:100B3C0000000000000000000000000000000000A9
:100B4C000000000000000000000000000000000099
:100B5C000000000000000000000000000000000089
:100B6C000000000000000000000000000000000079
:100B7C000000000000000000000000000000000069
:100B8C000000000000000000000000000000000059
:100B9C000000000000000000000000000000000049
:100BAC000000000000000000000000000000000039
:100BBC000000000000000000000000000000000029
:100BCC000000000000000000000000000000000019
:100BDC000000000000000000000000000000000009
:100BEC0000000000000000000000000000000000F9
:100BFC0000000000000000000000000000000000E9
:040000050801EED52B
:00000001FF
