ARM GAS  /tmp/ccxbErgA.s 			page 1


   1              		.cpu cortex-m7
   2              		.arch armv7e-m
   3              		.fpu fpv5-sp-d16
   4              		.eabi_attribute 27, 1
   5              		.eabi_attribute 28, 1
   6              		.eabi_attribute 20, 1
   7              		.eabi_attribute 21, 1
   8              		.eabi_attribute 23, 3
   9              		.eabi_attribute 24, 1
  10              		.eabi_attribute 25, 1
  11              		.eabi_attribute 26, 1
  12              		.eabi_attribute 30, 1
  13              		.eabi_attribute 34, 1
  14              		.eabi_attribute 18, 4
  15              		.file	"main.c"
  16              		.text
  17              	.Ltext0:
  18              		.cfi_sections	.debug_frame
  19              		.file 1 "Core/Src/main.c"
  20              		.section	.text.MPU_Config,"ax",%progbits
  21              		.align	1
  22              		.syntax unified
  23              		.thumb
  24              		.thumb_func
  26              	MPU_Config:
  27              	.LFB194:
   1:Core/Src/main.c **** /* USER CODE BEGIN Header */
   2:Core/Src/main.c **** /**
   3:Core/Src/main.c ****   ******************************************************************************
   4:Core/Src/main.c ****   * @file           : main.c
   5:Core/Src/main.c ****   * @brief          : Main program body
   6:Core/Src/main.c ****   ******************************************************************************
   7:Core/Src/main.c ****   * @attention
   8:Core/Src/main.c ****   *
   9:Core/Src/main.c ****   * Copyright (c) 2026 STMicroelectronics.
  10:Core/Src/main.c ****   * All rights reserved.
  11:Core/Src/main.c ****   *
  12:Core/Src/main.c ****   * This software is licensed under terms that can be found in the LICENSE file
  13:Core/Src/main.c ****   * in the root directory of this software component.
  14:Core/Src/main.c ****   * If no LICENSE file comes with this software, it is provided AS-IS.
  15:Core/Src/main.c ****   *
  16:Core/Src/main.c ****   ******************************************************************************
  17:Core/Src/main.c ****   */
  18:Core/Src/main.c **** /* USER CODE END Header */
  19:Core/Src/main.c **** /* Includes ------------------------------------------------------------------*/
  20:Core/Src/main.c **** #include "main.h"
  21:Core/Src/main.c **** #include "string.h"
  22:Core/Src/main.c **** 
  23:Core/Src/main.c **** /* Private includes ----------------------------------------------------------*/
  24:Core/Src/main.c **** /* USER CODE BEGIN Includes */
  25:Core/Src/main.c **** #include "stm32f7xx.h"      // <-- MÅ være først
  26:Core/Src/main.c **** #include "arm_math.h"       // <-- CMSIS-DSP
  27:Core/Src/main.c **** #include "dsp.h"            // <-- dine DSP-typer
  28:Core/Src/main.c **** #include <math.h>
  29:Core/Src/main.c **** 
  30:Core/Src/main.c **** /* USER CODE END Includes */
  31:Core/Src/main.c **** 
ARM GAS  /tmp/ccxbErgA.s 			page 2


  32:Core/Src/main.c **** /* Private typedef -----------------------------------------------------------*/
  33:Core/Src/main.c **** /* USER CODE BEGIN PTD */
  34:Core/Src/main.c **** 
  35:Core/Src/main.c **** /* USER CODE END PTD */
  36:Core/Src/main.c **** 
  37:Core/Src/main.c **** /* Private define ------------------------------------------------------------*/
  38:Core/Src/main.c **** /* USER CODE BEGIN PD */
  39:Core/Src/main.c **** 
  40:Core/Src/main.c **** /* USER CODE END PD */
  41:Core/Src/main.c **** 
  42:Core/Src/main.c **** /* Private macro -------------------------------------------------------------*/
  43:Core/Src/main.c **** /* USER CODE BEGIN PM */
  44:Core/Src/main.c **** #define TWO_PI 6.28318530718f
  45:Core/Src/main.c **** #define BLOCK_SIZE 2048
  46:Core/Src/main.c **** /* USER CODE END PM */
  47:Core/Src/main.c **** 
  48:Core/Src/main.c **** /* Private variables ---------------------------------------------------------*/
  49:Core/Src/main.c **** #if defined ( __ICCARM__ ) /*!< IAR Compiler */
  50:Core/Src/main.c **** #pragma location=0x2004c000
  51:Core/Src/main.c **** ETH_DMADescTypeDef  DMARxDscrTab[ETH_RX_DESC_CNT]; /* Ethernet Rx DMA Descriptors */
  52:Core/Src/main.c **** #pragma location=0x2004c0a0
  53:Core/Src/main.c **** ETH_DMADescTypeDef  DMATxDscrTab[ETH_TX_DESC_CNT]; /* Ethernet Tx DMA Descriptors */
  54:Core/Src/main.c **** 
  55:Core/Src/main.c **** #elif defined ( __CC_ARM )  /* MDK ARM Compiler */
  56:Core/Src/main.c **** 
  57:Core/Src/main.c **** __attribute__((at(0x2004c000))) ETH_DMADescTypeDef  DMARxDscrTab[ETH_RX_DESC_CNT]; /* Ethernet Rx D
  58:Core/Src/main.c **** __attribute__((at(0x2004c0a0))) ETH_DMADescTypeDef  DMATxDscrTab[ETH_TX_DESC_CNT]; /* Ethernet Tx D
  59:Core/Src/main.c **** 
  60:Core/Src/main.c **** #elif defined ( __GNUC__ ) /* GNU Compiler */
  61:Core/Src/main.c **** 
  62:Core/Src/main.c **** ETH_DMADescTypeDef DMARxDscrTab[ETH_RX_DESC_CNT] __attribute__((section(".RxDecripSection"))); /* E
  63:Core/Src/main.c **** ETH_DMADescTypeDef DMATxDscrTab[ETH_TX_DESC_CNT] __attribute__((section(".TxDecripSection")));   /*
  64:Core/Src/main.c **** #endif
  65:Core/Src/main.c **** 
  66:Core/Src/main.c **** ETH_TxPacketConfig TxConfig;
  67:Core/Src/main.c **** 
  68:Core/Src/main.c **** ADC_HandleTypeDef hadc1;
  69:Core/Src/main.c **** DMA_HandleTypeDef hdma_adc1;
  70:Core/Src/main.c **** 
  71:Core/Src/main.c **** DAC_HandleTypeDef hdac;
  72:Core/Src/main.c **** DMA_HandleTypeDef hdma_dac1;
  73:Core/Src/main.c **** 
  74:Core/Src/main.c **** ETH_HandleTypeDef heth;
  75:Core/Src/main.c **** 
  76:Core/Src/main.c **** I2C_HandleTypeDef hi2c1;
  77:Core/Src/main.c **** 
  78:Core/Src/main.c **** TIM_HandleTypeDef htim6;
  79:Core/Src/main.c **** 
  80:Core/Src/main.c **** UART_HandleTypeDef huart3;
  81:Core/Src/main.c **** 
  82:Core/Src/main.c **** PCD_HandleTypeDef hpcd_USB_OTG_FS;
  83:Core/Src/main.c **** 
  84:Core/Src/main.c **** /* USER CODE BEGIN PV */
  85:Core/Src/main.c **** uint32_t dac_buffer[BLOCK_SIZE] = {0};
  86:Core/Src/main.c **** uint32_t adc_buffer[BLOCK_SIZE] = {0};
  87:Core/Src/main.c **** 
  88:Core/Src/main.c **** volatile uint8_t block_ready = 0; // 0: no block ready, 1: first half ready, 2: second half ready
ARM GAS  /tmp/ccxbErgA.s 			page 3


  89:Core/Src/main.c **** volatile uint8_t dac_block_processing = 0; // 0: not processing, 1: processing
  90:Core/Src/main.c **** nco_t nco; 
  91:Core/Src/main.c **** 
  92:Core/Src/main.c **** 
  93:Core/Src/main.c **** // NCO for IF-mixing
  94:Core/Src/main.c **** nco_t nco_if;
  95:Core/Src/main.c **** 
  96:Core/Src/main.c **** 
  97:Core/Src/main.c **** 
  98:Core/Src/main.c **** // Pre-demod IF-filter (kompleks, men vi bruker samme koeff for I og Q)
  99:Core/Src/main.c **** arm_fir_instance_f32 pre_demod_filter;
 100:Core/Src/main.c **** 
 101:Core/Src/main.c **** 
 102:Core/Src/main.c **** /*
 103:Core/Src/main.c **** 
 104:Core/Src/main.c **** FIR filter designed with
 105:Core/Src/main.c **** http://t-filter.appspot.com
 106:Core/Src/main.c **** 
 107:Core/Src/main.c **** sampling frequency: 48000 Hz
 108:Core/Src/main.c **** 
 109:Core/Src/main.c **** * 0 Hz - 4000 Hz
 110:Core/Src/main.c ****   gain = 1
 111:Core/Src/main.c ****   desired ripple = 0.1 dB
 112:Core/Src/main.c ****   actual ripple = 0.06811726811384558 dB
 113:Core/Src/main.c **** 
 114:Core/Src/main.c **** * 6000 Hz - 24000 Hz
 115:Core/Src/main.c ****   gain = 0
 116:Core/Src/main.c ****   desired attenuation = -60 dB
 117:Core/Src/main.c ****   actual attenuation = -60.68801081580469 dB
 118:Core/Src/main.c **** 
 119:Core/Src/main.c **** */
 120:Core/Src/main.c **** 
 121:Core/Src/main.c **** #define PRE_DEMOD_TAPS 73
 122:Core/Src/main.c **** 
 123:Core/Src/main.c **** static float pre_demod_coeffs[PRE_DEMOD_TAPS] = {
 124:Core/Src/main.c ****   -0.0004930375303321366,
 125:Core/Src/main.c ****   0.0001064813438661428,
 126:Core/Src/main.c ****   0.0005748457570259578,
 127:Core/Src/main.c ****   0.0011898445128213748,
 128:Core/Src/main.c ****   0.0016502280581233504,
 129:Core/Src/main.c ****   0.001605207031383133,
 130:Core/Src/main.c ****   0.000831446560674343,
 131:Core/Src/main.c ****   -0.0005973708354363059,
 132:Core/Src/main.c ****   -0.002228627696676951,
 133:Core/Src/main.c ****   -0.0033377455060532744,
 134:Core/Src/main.c ****   -0.0032076016149152073,
 135:Core/Src/main.c ****   -0.0014978471407907723,
 136:Core/Src/main.c ****   0.001459284866735388,
 137:Core/Src/main.c ****   0.004620535335059582,
 138:Core/Src/main.c ****   0.00653528877009168,
 139:Core/Src/main.c ****   0.0059370991846072535,
 140:Core/Src/main.c ****   0.00240691382833557,
 141:Core/Src/main.c ****   -0.003197318174051976,
 142:Core/Src/main.c ****   -0.008810233649088216,
 143:Core/Src/main.c ****   -0.0118211865758766,
 144:Core/Src/main.c ****   -0.010154929160148466,
 145:Core/Src/main.c ****   -0.003367069515417546,
ARM GAS  /tmp/ccxbErgA.s 			page 4


 146:Core/Src/main.c ****   0.006744477803887592,
 147:Core/Src/main.c ****   0.016400388788851774,
 148:Core/Src/main.c ****   0.021048898446146783,
 149:Core/Src/main.c ****   0.017199001020187076,
 150:Core/Src/main.c ****   0.0042202354750242735,
 151:Core/Src/main.c ****   -0.014651068016007818,
 152:Core/Src/main.c ****   -0.032657469215897225,
 153:Core/Src/main.c ****   -0.04131750763191529,
 154:Core/Src/main.c ****   -0.03320662673344374,
 155:Core/Src/main.c ****   -0.004808839248635039,
 156:Core/Src/main.c ****   0.04161063532888555,
 157:Core/Src/main.c ****   0.09790380688954856,
 158:Core/Src/main.c ****   0.1519161665559878,
 159:Core/Src/main.c ****   0.1908448312364271,
 160:Core/Src/main.c ****   0.20501884795915196,
 161:Core/Src/main.c ****   0.1908448312364271,
 162:Core/Src/main.c ****   0.1519161665559878,
 163:Core/Src/main.c ****   0.09790380688954856,
 164:Core/Src/main.c ****   0.04161063532888555,
 165:Core/Src/main.c ****   -0.004808839248635039,
 166:Core/Src/main.c ****   -0.03320662673344374,
 167:Core/Src/main.c ****   -0.04131750763191529,
 168:Core/Src/main.c ****   -0.032657469215897225,
 169:Core/Src/main.c ****   -0.014651068016007818,
 170:Core/Src/main.c ****   0.0042202354750242735,
 171:Core/Src/main.c ****   0.017199001020187076,
 172:Core/Src/main.c ****   0.021048898446146783,
 173:Core/Src/main.c ****   0.016400388788851774,
 174:Core/Src/main.c ****   0.006744477803887592,
 175:Core/Src/main.c ****   -0.003367069515417546,
 176:Core/Src/main.c ****   -0.010154929160148466,
 177:Core/Src/main.c ****   -0.0118211865758766,
 178:Core/Src/main.c ****   -0.008810233649088216,
 179:Core/Src/main.c ****   -0.003197318174051976,
 180:Core/Src/main.c ****   0.00240691382833557,
 181:Core/Src/main.c ****   0.0059370991846072535,
 182:Core/Src/main.c ****   0.00653528877009168,
 183:Core/Src/main.c ****   0.004620535335059582,
 184:Core/Src/main.c ****   0.001459284866735388,
 185:Core/Src/main.c ****   -0.0014978471407907723,
 186:Core/Src/main.c ****   -0.0032076016149152073,
 187:Core/Src/main.c ****   -0.0033377455060532744,
 188:Core/Src/main.c ****   -0.002228627696676951,
 189:Core/Src/main.c ****   -0.0005973708354363059,
 190:Core/Src/main.c ****   0.000831446560674343,
 191:Core/Src/main.c ****   0.001605207031383133,
 192:Core/Src/main.c ****   0.0016502280581233504,
 193:Core/Src/main.c ****   0.0011898445128213748,
 194:Core/Src/main.c ****   0.0005748457570259578,
 195:Core/Src/main.c ****   0.0001064813438661428,
 196:Core/Src/main.c ****   -0.0004930375303321366
 197:Core/Src/main.c **** };
 198:Core/Src/main.c **** 
 199:Core/Src/main.c **** 
 200:Core/Src/main.c **** 
 201:Core/Src/main.c **** 
 202:Core/Src/main.c **** 
ARM GAS  /tmp/ccxbErgA.s 			page 5


 203:Core/Src/main.c **** 
 204:Core/Src/main.c **** 
 205:Core/Src/main.c **** arm_fir_instance_f32 pre_fm_I;
 206:Core/Src/main.c **** arm_fir_instance_f32 pre_fm_Q;
 207:Core/Src/main.c **** 
 208:Core/Src/main.c **** static float pre_fm_state_I[PRE_DEMOD_TAPS + BLOCK_SIZE/2];
 209:Core/Src/main.c **** static float pre_fm_state_Q[PRE_DEMOD_TAPS + BLOCK_SIZE/2];
 210:Core/Src/main.c **** 
 211:Core/Src/main.c **** /* USER CODE END PV */
 212:Core/Src/main.c **** 
 213:Core/Src/main.c **** /* Private function prototypes -----------------------------------------------*/
 214:Core/Src/main.c **** void SystemClock_Config(void);
 215:Core/Src/main.c **** static void MPU_Config(void);
 216:Core/Src/main.c **** static void MX_GPIO_Init(void);
 217:Core/Src/main.c **** static void MX_DMA_Init(void);
 218:Core/Src/main.c **** static void MX_ETH_Init(void);
 219:Core/Src/main.c **** static void MX_I2C1_Init(void);
 220:Core/Src/main.c **** static void MX_USART3_UART_Init(void);
 221:Core/Src/main.c **** static void MX_USB_OTG_FS_PCD_Init(void);
 222:Core/Src/main.c **** static void MX_DAC_Init(void);
 223:Core/Src/main.c **** static void MX_TIM6_Init(void);
 224:Core/Src/main.c **** static void MX_ADC1_Init(void);
 225:Core/Src/main.c **** /* USER CODE BEGIN PFP */
 226:Core/Src/main.c **** 
 227:Core/Src/main.c **** /* USER CODE END PFP */
 228:Core/Src/main.c **** 
 229:Core/Src/main.c **** /* Private user code ---------------------------------------------------------*/
 230:Core/Src/main.c **** /* USER CODE BEGIN 0 */
 231:Core/Src/main.c **** 
 232:Core/Src/main.c **** void HAL_ADC_ConvHalfCpltCallback(ADC_HandleTypeDef *hadc)
 233:Core/Src/main.c **** {
 234:Core/Src/main.c ****     block_ready = 1;
 235:Core/Src/main.c **** }
 236:Core/Src/main.c **** 
 237:Core/Src/main.c **** void HAL_ADC_ConvCpltCallback(ADC_HandleTypeDef *hadc)
 238:Core/Src/main.c **** {
 239:Core/Src/main.c ****     block_ready = 2;
 240:Core/Src/main.c **** }
 241:Core/Src/main.c **** 
 242:Core/Src/main.c **** 
 243:Core/Src/main.c **** 
 244:Core/Src/main.c **** void HAL_DAC_ConvHalfCpltCallbackCh1(DAC_HandleTypeDef *hdac)
 245:Core/Src/main.c **** {
 246:Core/Src/main.c ****     // DAC half conversion complete callback (channel 1)
 247:Core/Src/main.c ****     // You can add code here if needed
 248:Core/Src/main.c ****     dac_block_processing = 1;
 249:Core/Src/main.c **** }
 250:Core/Src/main.c **** 
 251:Core/Src/main.c **** 
 252:Core/Src/main.c **** void HAL_DAC_ConvCpltCallbackCh1(DAC_HandleTypeDef *hdac)
 253:Core/Src/main.c **** {
 254:Core/Src/main.c ****     // DAC conversion complete callback (channel 1)
 255:Core/Src/main.c ****     // You can add code here if needed
 256:Core/Src/main.c ****     dac_block_processing = 2;
 257:Core/Src/main.c **** }
 258:Core/Src/main.c **** 
 259:Core/Src/main.c **** 
ARM GAS  /tmp/ccxbErgA.s 			page 6


 260:Core/Src/main.c **** /*
 261:Core/Src/main.c **** //Hilbert filter for SSB
 262:Core/Src/main.c **** #define HILBERT_TAPS 63
 263:Core/Src/main.c **** 
 264:Core/Src/main.c **** static float hilbert_coeffs[HILBERT_TAPS] = {
 265:Core/Src/main.c ****     -0.0041, -0.0037, -0.0028, -0.0014, 0.0004, 0.0025, 0.0047,
 266:Core/Src/main.c ****     0.0067, 0.0082, 0.0089, 0.0086, 0.0071, 0.0044, 0.0007,
 267:Core/Src/main.c ****     -0.0034, -0.0076, -0.0114, -0.0143, -0.0158, -0.0156,
 268:Core/Src/main.c ****     -0.0135, -0.0096, -0.0043, 0.0020, 0.0087, 0.0151,
 269:Core/Src/main.c ****     0.0204, 0.0239, 0.0251, 0.0239, 0.0204, 0.0151,
 270:Core/Src/main.c ****     0.0087, 0.0020, -0.0043, -0.0096, -0.0135, -0.0156,
 271:Core/Src/main.c ****     -0.0158, -0.0143, -0.0114, -0.0076, -0.0034, 0.0007,
 272:Core/Src/main.c ****     0.0044, 0.0071, 0.0086, 0.0089, 0.0082, 0.0067,
 273:Core/Src/main.c ****     0.0047, 0.0025, 0.0004, -0.0014, -0.0028, -0.0037,
 274:Core/Src/main.c ****     -0.0041
 275:Core/Src/main.c **** };
 276:Core/Src/main.c **** */
 277:Core/Src/main.c **** 
 278:Core/Src/main.c **** //Hilbert filter for NBFM
 279:Core/Src/main.c **** /*
 280:Core/Src/main.c **** 
 281:Core/Src/main.c **** FIR filter designed with
 282:Core/Src/main.c **** http://t-filter.appspot.com
 283:Core/Src/main.c **** 
 284:Core/Src/main.c **** sampling frequency: 48000 Hz
 285:Core/Src/main.c **** 
 286:Core/Src/main.c **** * 0 Hz - 6000 Hz
 287:Core/Src/main.c ****   gain = 0
 288:Core/Src/main.c ****   desired attenuation = -60 dB
 289:Core/Src/main.c ****   actual attenuation = -50.41488654693752 dB
 290:Core/Src/main.c **** 
 291:Core/Src/main.c **** * 8000 Hz - 16000 Hz
 292:Core/Src/main.c ****   gain = 1
 293:Core/Src/main.c ****   desired ripple = 5 dB
 294:Core/Src/main.c ****   actual ripple = 15.449541453020096 dB
 295:Core/Src/main.c **** 
 296:Core/Src/main.c **** * 18000 Hz - 24000 Hz
 297:Core/Src/main.c ****   gain = 0
 298:Core/Src/main.c ****   desired attenuation = -60 dB
 299:Core/Src/main.c ****   actual attenuation = -50.41488654693752 dB
 300:Core/Src/main.c **** 
 301:Core/Src/main.c **** */
 302:Core/Src/main.c **** 
 303:Core/Src/main.c **** #define HILBERT_TAPS 17
 304:Core/Src/main.c **** 
 305:Core/Src/main.c **** static float hilbert_coeffs[HILBERT_TAPS] = {
 306:Core/Src/main.c ****   0.02352204878641468,
 307:Core/Src/main.c ****   -7.964549159078516e-16,
 308:Core/Src/main.c ****   -0.094806149454076,
 309:Core/Src/main.c ****   5.916427478655016e-16,
 310:Core/Src/main.c ****   0.21352320600109478,
 311:Core/Src/main.c ****   -7.4996177568773785e-16,
 312:Core/Src/main.c ****   -0.3325693585500034,
 313:Core/Src/main.c ****   4.3317065620714974e-17,
 314:Core/Src/main.c ****   0.3830170947566392,
 315:Core/Src/main.c ****   4.3317065620714974e-17,
 316:Core/Src/main.c ****   -0.3325693585500034,
ARM GAS  /tmp/ccxbErgA.s 			page 7


 317:Core/Src/main.c ****   -7.4996177568773785e-16,
 318:Core/Src/main.c ****   0.21352320600109478,
 319:Core/Src/main.c ****   5.916427478655016e-16,
 320:Core/Src/main.c ****   -0.094806149454076,
 321:Core/Src/main.c ****   -7.964549159078516e-16,
 322:Core/Src/main.c ****   0.02352204878641468
 323:Core/Src/main.c **** };
 324:Core/Src/main.c **** 
 325:Core/Src/main.c **** 
 326:Core/Src/main.c **** 
 327:Core/Src/main.c **** static float hilbert_state[HILBERT_TAPS + BLOCK_SIZE/2];
 328:Core/Src/main.c **** arm_fir_instance_f32 hilbert;
 329:Core/Src/main.c **** 
 330:Core/Src/main.c **** 
 331:Core/Src/main.c **** #define IF_TAPS 101
 332:Core/Src/main.c **** 
 333:Core/Src/main.c **** static float if_coeffs[101] = {
 334:Core/Src/main.c ****     -0.0003, -0.0004, -0.0005, -0.0006, -0.0007, -0.0008,
 335:Core/Src/main.c ****     -0.0009, -0.0010, -0.0011, -0.0012, -0.0013, -0.0014,
 336:Core/Src/main.c ****     -0.0015, -0.0016, -0.0017, -0.0018, -0.0019, -0.0020,
 337:Core/Src/main.c ****     -0.0021, -0.0022, -0.0023, -0.0024, -0.0025, -0.0026,
 338:Core/Src/main.c ****     -0.0027, -0.0028, -0.0029, -0.0030, -0.0031, -0.0032,
 339:Core/Src/main.c ****     -0.0033, -0.0034, -0.0035, -0.0036, -0.0037, -0.0038,
 340:Core/Src/main.c ****     -0.0039, -0.0040, -0.0041, -0.0042, -0.0043, -0.0044,
 341:Core/Src/main.c ****     -0.0045, -0.0046, -0.0047, -0.0048, -0.0049, -0.0050,
 342:Core/Src/main.c ****     0.9950,
 343:Core/Src/main.c ****     -0.0050, -0.0049, -0.0048, -0.0047, -0.0046, -0.0045,
 344:Core/Src/main.c ****     -0.0044, -0.0043, -0.0042, -0.0041, -0.0040, -0.0039,
 345:Core/Src/main.c ****     -0.0038, -0.0037, -0.0036, -0.0035, -0.0034, -0.0033,
 346:Core/Src/main.c ****     -0.0032, -0.0031, -0.0030, -0.0029, -0.0028, -0.0027,
 347:Core/Src/main.c ****     -0.0026, -0.0025, -0.0024, -0.0023, -0.0022, -0.0021,
 348:Core/Src/main.c ****     -0.0020, -0.0019, -0.0018, -0.0017, -0.0016, -0.0015,
 349:Core/Src/main.c ****     -0.0014, -0.0013, -0.0012, -0.0011, -0.0010, -0.0009,
 350:Core/Src/main.c ****     -0.0008, -0.0007, -0.0006, -0.0005, -0.0004, -0.0003
 351:Core/Src/main.c **** };
 352:Core/Src/main.c **** 
 353:Core/Src/main.c **** 
 354:Core/Src/main.c **** 
 355:Core/Src/main.c **** 
 356:Core/Src/main.c **** static float if_state[IF_TAPS + BLOCK_SIZE/2];
 357:Core/Src/main.c **** arm_fir_instance_f32 pre_demod_filter;
 358:Core/Src/main.c **** 
 359:Core/Src/main.c **** #define AUDIO_TAPS 63
 360:Core/Src/main.c **** 
 361:Core/Src/main.c **** static float audio_lpf_coeffs[AUDIO_TAPS] = {
 362:Core/Src/main.c ****     // 3 kHz LPF, 48 kHz fs, Hamming window
 363:Core/Src/main.c ****     -0.0007, -0.0010, -0.0013, -0.0016, -0.0019, -0.0022,
 364:Core/Src/main.c ****     -0.0025, -0.0028, -0.0031, -0.0034, -0.0037, -0.0040,
 365:Core/Src/main.c ****     -0.0043, -0.0046, -0.0049, -0.0052, -0.0055, -0.0058,
 366:Core/Src/main.c ****     -0.0061, -0.0064, -0.0067, -0.0070, -0.0073, -0.0076,
 367:Core/Src/main.c ****     -0.0079, -0.0082, -0.0085, -0.0088, -0.0091, -0.0094,
 368:Core/Src/main.c ****     0.9900,
 369:Core/Src/main.c ****     -0.0094, -0.0091, -0.0088, -0.0085, -0.0082, -0.0079,
 370:Core/Src/main.c ****     -0.0076, -0.0073, -0.0070, -0.0067, -0.0064, -0.0061,
 371:Core/Src/main.c ****     -0.0058, -0.0055, -0.0052, -0.0049, -0.0046, -0.0043,
 372:Core/Src/main.c ****     -0.0040, -0.0037, -0.0034, -0.0031, -0.0028, -0.0025,
 373:Core/Src/main.c ****     -0.0022, -0.0019, -0.0016, -0.0013, -0.0010, -0.0007
ARM GAS  /tmp/ccxbErgA.s 			page 8


 374:Core/Src/main.c **** };
 375:Core/Src/main.c **** 
 376:Core/Src/main.c **** static float audio_state[AUDIO_TAPS + BLOCK_SIZE/2];
 377:Core/Src/main.c **** arm_fir_instance_f32 audio_lpf;
 378:Core/Src/main.c **** 
 379:Core/Src/main.c **** 
 380:Core/Src/main.c **** #define MODE_NBFM 0
 381:Core/Src/main.c **** #define MODE_USB  1
 382:Core/Src/main.c **** #define MODE_LSB  2
 383:Core/Src/main.c **** 
 384:Core/Src/main.c **** int MODE = MODE_NBFM;  // default mode
 385:Core/Src/main.c **** 
 386:Core/Src/main.c **** void ssb_process_block(uint32_t *in, uint32_t *out, int n)
 387:Core/Src/main.c **** {
 388:Core/Src/main.c ****     static float I_buf[BLOCK_SIZE/2];
 389:Core/Src/main.c ****     static float Q_buf[BLOCK_SIZE/2];
 390:Core/Src/main.c **** 
 391:Core/Src/main.c ****     static float IQ_in[BLOCK_SIZE];     // interleaved I/Q
 392:Core/Src/main.c ****     static float NCO_buf[BLOCK_SIZE];   // interleaved cos/sin
 393:Core/Src/main.c ****     static float IQ_mix[BLOCK_SIZE];    // interleaved I/Q
 394:Core/Src/main.c **** 
 395:Core/Src/main.c ****     static float audio_buf[BLOCK_SIZE/2];
 396:Core/Src/main.c **** 
 397:Core/Src/main.c ****     // ---------------------------------------------------------
 398:Core/Src/main.c ****     // 1) ADC → normalisert I
 399:Core/Src/main.c ****     // ---------------------------------------------------------
 400:Core/Src/main.c ****     for (int i = 0; i < n; i++)
 401:Core/Src/main.c ****     {
 402:Core/Src/main.c ****         uint32_t raw = in[i] & 0x0FFF;
 403:Core/Src/main.c ****         I_buf[i] = ((float)raw - 2048.0f) / 2048.0f;
 404:Core/Src/main.c ****     }
 405:Core/Src/main.c **** 
 406:Core/Src/main.c ****     // ---------------------------------------------------------
 407:Core/Src/main.c ****     // 2) Hilbert → Q (for SSB og FM)
 408:Core/Src/main.c ****     // ---------------------------------------------------------
 409:Core/Src/main.c ****     arm_fir_f32(&hilbert, I_buf, Q_buf, n);
 410:Core/Src/main.c **** 
 411:Core/Src/main.c ****     // ---------------------------------------------------------
 412:Core/Src/main.c ****     // 3) Lag interleaved I/Q
 413:Core/Src/main.c ****     // ---------------------------------------------------------
 414:Core/Src/main.c ****     for (int i = 0; i < n; i++)
 415:Core/Src/main.c ****     {
 416:Core/Src/main.c ****         IQ_in[2*i + 0] = I_buf[i];
 417:Core/Src/main.c ****         IQ_in[2*i + 1] = Q_buf[i];
 418:Core/Src/main.c ****     }
 419:Core/Src/main.c **** 
 420:Core/Src/main.c ****     // ---------------------------------------------------------
 421:Core/Src/main.c ****     // 4) NCO → interleaved cos/sin
 422:Core/Src/main.c ****     // ---------------------------------------------------------
 423:Core/Src/main.c ****     for (int i = 0; i < n; i++)
 424:Core/Src/main.c ****     {
 425:Core/Src/main.c ****         float cs = cosf(nco.phase);
 426:Core/Src/main.c ****         float sn = sinf(nco.phase);
 427:Core/Src/main.c ****         nco_step(&nco);
 428:Core/Src/main.c **** 
 429:Core/Src/main.c ****         NCO_buf[2*i + 0] = cs;
 430:Core/Src/main.c ****         NCO_buf[2*i + 1] = sn;
ARM GAS  /tmp/ccxbErgA.s 			page 9


 431:Core/Src/main.c ****     }
 432:Core/Src/main.c **** 
 433:Core/Src/main.c ****     // ---------------------------------------------------------
 434:Core/Src/main.c ****     // 5) Kompleks mixing
 435:Core/Src/main.c ****     // ---------------------------------------------------------
 436:Core/Src/main.c ****     arm_cmplx_mult_cmplx_f32(IQ_in, NCO_buf, IQ_mix, n);
 437:Core/Src/main.c **** 
 438:Core/Src/main.c ****     // ---------------------------------------------------------
 439:Core/Src/main.c ****     // 6) Splitt ut I/Q etter mixing
 440:Core/Src/main.c ****     // ---------------------------------------------------------
 441:Core/Src/main.c ****     for (int i = 0; i < n; i++)
 442:Core/Src/main.c ****     {
 443:Core/Src/main.c ****         I_buf[i] = IQ_mix[2*i + 0];
 444:Core/Src/main.c ****         Q_buf[i] = IQ_mix[2*i + 1];
 445:Core/Src/main.c ****     }
 446:Core/Src/main.c **** 
 447:Core/Src/main.c ****     // ---------------------------------------------------------
 448:Core/Src/main.c ****     // 7) Pre-demod IF-filter
 449:Core/Src/main.c ****     // ---------------------------------------------------------
 450:Core/Src/main.c ****     arm_fir_f32(&pre_fm_I, I_buf, I_buf, n);
 451:Core/Src/main.c ****     arm_fir_f32(&pre_fm_Q, Q_buf, Q_buf, n);
 452:Core/Src/main.c **** 
 453:Core/Src/main.c ****     // ---------------------------------------------------------
 454:Core/Src/main.c ****     // 8) MODE-basert demod
 455:Core/Src/main.c ****     // ---------------------------------------------------------
 456:Core/Src/main.c ****     if(MODE == MODE_USB)
 457:Core/Src/main.c ****     {
 458:Core/Src/main.c ****         // USB = I + Q
 459:Core/Src/main.c ****         for (int i = 0; i < n; i++)
 460:Core/Src/main.c ****             audio_buf[i] = I_buf[i] + Q_buf[i];
 461:Core/Src/main.c ****     }
 462:Core/Src/main.c ****     else if (MODE == MODE_LSB)
 463:Core/Src/main.c ****     {
 464:Core/Src/main.c ****         // LSB = I - Q
 465:Core/Src/main.c ****         for (int i = 0; i < n; i++)
 466:Core/Src/main.c ****             audio_buf[i] = I_buf[i] - Q_buf[i];
 467:Core/Src/main.c ****     }
 468:Core/Src/main.c ****     else
 469:Core/Src/main.c ****     {
 470:Core/Src/main.c ****         for (int i = 0; i < n; i++)
 471:Core/Src/main.c ****             audio_buf[i] = 0.0f;
 472:Core/Src/main.c ****     }
 473:Core/Src/main.c **** 
 474:Core/Src/main.c ****     // ---------------------------------------------------------
 475:Core/Src/main.c ****     // 9) Audio gain før DAC
 476:Core/Src/main.c ****     // ---------------------------------------------------------
 477:Core/Src/main.c ****     for (int i = 0; i < n; i++)
 478:Core/Src/main.c ****         audio_buf[i] *= 1500.0f;
 479:Core/Src/main.c **** 
 480:Core/Src/main.c ****     // ---------------------------------------------------------
 481:Core/Src/main.c ****     // 10) DAC output
 482:Core/Src/main.c ****     // ---------------------------------------------------------
 483:Core/Src/main.c ****     for (int i = 0; i < n; i++)
 484:Core/Src/main.c ****     {
 485:Core/Src/main.c ****         float y = audio_buf[i] + 2048.0f;
 486:Core/Src/main.c **** 
 487:Core/Src/main.c ****         if (y < 0.0f)    y = 0.0f;
ARM GAS  /tmp/ccxbErgA.s 			page 10


 488:Core/Src/main.c ****         if (y > 4095.0f) y = 4095.0f;
 489:Core/Src/main.c **** 
 490:Core/Src/main.c ****         out[i] = (uint32_t)y;
 491:Core/Src/main.c ****     }
 492:Core/Src/main.c **** }
 493:Core/Src/main.c **** 
 494:Core/Src/main.c **** void nbfm_process_block(uint32_t *in, uint32_t *out, int n)
 495:Core/Src/main.c **** {
 496:Core/Src/main.c ****     static float I_if[BLOCK_SIZE];
 497:Core/Src/main.c ****     static float Q_if[BLOCK_SIZE];
 498:Core/Src/main.c **** 
 499:Core/Src/main.c ****     static float IQ_in[BLOCK_SIZE * 2];    // interleaved I/Q
 500:Core/Src/main.c ****     static float NCO_buf[BLOCK_SIZE * 2];  // interleaved cos/sin
 501:Core/Src/main.c ****     static float IQ_mix[BLOCK_SIZE * 2];   // interleaved I/Q etter mixing
 502:Core/Src/main.c **** 
 503:Core/Src/main.c ****     static float audio_fm[BLOCK_SIZE];     // FM-demod audio (float)
 504:Core/Src/main.c ****     static float audio_lpf_out[BLOCK_SIZE];
 505:Core/Src/main.c **** 
 506:Core/Src/main.c ****     // -----------------------------
 507:Core/Src/main.c ****     // 1) ADC → normalisert IF (I)
 508:Core/Src/main.c ****     // -----------------------------
 509:Core/Src/main.c ****     for (int i = 0; i < n; i++)
 510:Core/Src/main.c ****     {
 511:Core/Src/main.c ****         uint32_t raw = in[i] & 0x0FFF;
 512:Core/Src/main.c ****         I_if[i] = ((float)raw - 2048.0f) / 2048.0f;
 513:Core/Src/main.c ****         //Q_if[i] = 0.0f;   // ren IF, ingen Hilbert her
 514:Core/Src/main.c ****     }
 515:Core/Src/main.c **** 
 516:Core/Src/main.c **** 
 517:Core/Src/main.c ****     arm_fir_f32(&hilbert, I_if, Q_if, n);
 518:Core/Src/main.c **** 
 519:Core/Src/main.c ****     // -----------------------------
 520:Core/Src/main.c ****     // 2) Lag interleaved I/Q
 521:Core/Src/main.c ****     // -----------------------------
 522:Core/Src/main.c ****     for (int i = 0; i < n; i++)
 523:Core/Src/main.c ****     {
 524:Core/Src/main.c ****         IQ_in[2*i + 0] = I_if[i];
 525:Core/Src/main.c ****         IQ_in[2*i + 1] = Q_if[i];
 526:Core/Src/main.c ****     }
 527:Core/Src/main.c **** 
 528:Core/Src/main.c ****     // -----------------------------
 529:Core/Src/main.c ****     // 3) NCO → interleaved cos/sin
 530:Core/Src/main.c ****     // -----------------------------
 531:Core/Src/main.c ****     for (int i = 0; i < n; i++)
 532:Core/Src/main.c ****     {
 533:Core/Src/main.c ****         float cs = cosf(nco_if.phase);
 534:Core/Src/main.c ****         float sn = sinf(nco_if.phase);
 535:Core/Src/main.c ****         nco_step(&nco_if);
 536:Core/Src/main.c **** 
 537:Core/Src/main.c ****         NCO_buf[2*i + 0] = cs;
 538:Core/Src/main.c ****         NCO_buf[2*i + 1] = sn;
 539:Core/Src/main.c ****     }
 540:Core/Src/main.c **** 
 541:Core/Src/main.c ****     // -----------------------------
 542:Core/Src/main.c ****     // 4) Kompleks mixing (IF → baseband FM)
 543:Core/Src/main.c ****     // -----------------------------
 544:Core/Src/main.c ****     arm_cmplx_mult_cmplx_f32(IQ_in, NCO_buf, IQ_mix, n);
ARM GAS  /tmp/ccxbErgA.s 			page 11


 545:Core/Src/main.c **** 
 546:Core/Src/main.c ****     // -----------------------------
 547:Core/Src/main.c ****     // 5) Splitt ut I/Q etter mixing
 548:Core/Src/main.c ****     // -----------------------------
 549:Core/Src/main.c ****     for (int i = 0; i < n; i++)
 550:Core/Src/main.c ****     {
 551:Core/Src/main.c ****         I_if[i] = IQ_mix[2*i + 0];
 552:Core/Src/main.c ****         Q_if[i] = IQ_mix[2*i + 1];
 553:Core/Src/main.c ****     }
 554:Core/Src/main.c **** 
 555:Core/Src/main.c ****     // -----------------------------
 556:Core/Src/main.c ****     // 6) Pre-demod IF-filter (kompleks)
 557:Core/Src/main.c ****     // -----------------------------
 558:Core/Src/main.c ****     arm_fir_f32(&pre_fm_I, I_if, I_if, n);
 559:Core/Src/main.c ****     arm_fir_f32(&pre_fm_Q, Q_if, Q_if, n);
 560:Core/Src/main.c **** 
 561:Core/Src/main.c ****     // -----------------------------
 562:Core/Src/main.c ****     // 7) FM-demodulator (din nbfm_demod)
 563:Core/Src/main.c ****     // -----------------------------
 564:Core/Src/main.c ****     nbfm_demod(I_if, Q_if, audio_fm, n);
 565:Core/Src/main.c **** 
 566:Core/Src/main.c ****     // -----------------------------
 567:Core/Src/main.c ****     // 8) Audio LPF etter FM-demod
 568:Core/Src/main.c ****     // -----------------------------
 569:Core/Src/main.c ****     arm_fir_f32(&audio_lpf, audio_fm, audio_lpf_out, n);
 570:Core/Src/main.c **** 
 571:Core/Src/main.c ****     // -----------------------------
 572:Core/Src/main.c ****     // 9) Gain + DAC-skalering
 573:Core/Src/main.c ****     // -----------------------------
 574:Core/Src/main.c ****     for (int i = 0; i < n; i++)
 575:Core/Src/main.c ****     {
 576:Core/Src/main.c ****         float y = audio_lpf_out[i] * 1500.0f + 2048.0f;
 577:Core/Src/main.c **** 
 578:Core/Src/main.c ****         if (y < 0.0f)    y = 0.0f;
 579:Core/Src/main.c ****         if (y > 4095.0f) y = 4095.0f;
 580:Core/Src/main.c **** 
 581:Core/Src/main.c ****         out[i] = (uint32_t)y;
 582:Core/Src/main.c ****     }
 583:Core/Src/main.c **** }
 584:Core/Src/main.c **** 
 585:Core/Src/main.c **** void nbfm_tx_process_block(uint32_t *in, uint32_t *out, int n)
 586:Core/Src/main.c **** {
 587:Core/Src/main.c ****     static float audio_in[BLOCK_SIZE];
 588:Core/Src/main.c ****     static float audio_filtered[BLOCK_SIZE];
 589:Core/Src/main.c ****     static float phase = 0.0f;
 590:Core/Src/main.c **** 
 591:Core/Src/main.c ****     const float kf = 2.0f * M_PI * 5000.0f / 48000.0f;   // FM deviation
 592:Core/Src/main.c ****     const float w_if = 2.0f * M_PI * 12000.0f / 48000.0f; // 12 kHz IF
 593:Core/Src/main.c **** 
 594:Core/Src/main.c ****     // 1) ADC → normalisert audio
 595:Core/Src/main.c ****     for (int i = 0; i < n; i++) {
 596:Core/Src/main.c ****         uint32_t raw = in[i] & 0x0FFF;
 597:Core/Src/main.c ****         audio_in[i] = (((float)raw - 2048.0f) / 2048.0f) * 10.0f; // scale to ±5
 598:Core/Src/main.c ****     }
 599:Core/Src/main.c **** 
 600:Core/Src/main.c ****     // 2) Audio LPF
 601:Core/Src/main.c ****     arm_fir_f32(&audio_lpf, audio_in, audio_filtered, n);
ARM GAS  /tmp/ccxbErgA.s 			page 12


 602:Core/Src/main.c **** 
 603:Core/Src/main.c ****     // 3) FM direkte på NCO
 604:Core/Src/main.c ****     for (int i = 0; i < n; i++) {
 605:Core/Src/main.c **** 
 606:Core/Src/main.c ****         // FM-modulasjon: fase += kf * audio
 607:Core/Src/main.c ****         phase += w_if + kf * audio_filtered[i];
 608:Core/Src/main.c **** 
 609:Core/Src/main.c ****         if (phase > M_PI) phase -= TWO_PI;
 610:Core/Src/main.c ****         if (phase < -M_PI) phase += TWO_PI;
 611:Core/Src/main.c **** 
 612:Core/Src/main.c ****         float s = cosf(phase);   // real FM på 12 kHz IF
 613:Core/Src/main.c **** 
 614:Core/Src/main.c ****         out[i] = (uint32_t)((s * 2048.0f) + 2048.0f);
 615:Core/Src/main.c ****     }
 616:Core/Src/main.c **** }
 617:Core/Src/main.c **** 
 618:Core/Src/main.c **** 
 619:Core/Src/main.c **** void process_block(uint32_t *in, uint32_t *out, int n)
 620:Core/Src/main.c **** {
 621:Core/Src/main.c ****     if (MODE == MODE_NBFM)
 622:Core/Src/main.c ****     {
 623:Core/Src/main.c ****         nbfm_process_block(in, out, n);
 624:Core/Src/main.c ****     }
 625:Core/Src/main.c ****     else
 626:Core/Src/main.c ****     {
 627:Core/Src/main.c ****         ssb_process_block(in, out, n);  // din eksisterende SSB-pipe
 628:Core/Src/main.c ****     }
 629:Core/Src/main.c **** }
 630:Core/Src/main.c **** 
 631:Core/Src/main.c **** 
 632:Core/Src/main.c **** void nbfm_init(float if_freq_hz, float fs_hz)
 633:Core/Src/main.c **** {
 634:Core/Src/main.c ****     // NCO for IF-mixing
 635:Core/Src/main.c ****     nco_init(&nco_if, if_freq_hz, fs_hz);
 636:Core/Src/main.c **** 
 637:Core/Src/main.c ****     // Pre-demod IF-filter (bruk dine egne koeffisienter)
 638:Core/Src/main.c **** arm_fir_init_f32(&pre_fm_I,
 639:Core/Src/main.c ****                  PRE_DEMOD_TAPS,
 640:Core/Src/main.c ****                  pre_demod_coeffs,
 641:Core/Src/main.c ****                  pre_fm_state_I,
 642:Core/Src/main.c ****                  BLOCK_SIZE/2);
 643:Core/Src/main.c **** 
 644:Core/Src/main.c **** arm_fir_init_f32(&pre_fm_Q,
 645:Core/Src/main.c ****                  PRE_DEMOD_TAPS,
 646:Core/Src/main.c ****                  pre_demod_coeffs,
 647:Core/Src/main.c ****                  pre_fm_state_Q,
 648:Core/Src/main.c ****                  BLOCK_SIZE/2);
 649:Core/Src/main.c **** 
 650:Core/Src/main.c **** 
 651:Core/Src/main.c ****     // Audio LPF etter FM-demod
 652:Core/Src/main.c ****     arm_fir_init_f32(&audio_lpf,
 653:Core/Src/main.c ****                      AUDIO_TAPS,
 654:Core/Src/main.c ****                      audio_lpf_coeffs,
 655:Core/Src/main.c ****                      audio_state,
 656:Core/Src/main.c ****                      BLOCK_SIZE/2);
 657:Core/Src/main.c **** }
 658:Core/Src/main.c **** 
ARM GAS  /tmp/ccxbErgA.s 			page 13


 659:Core/Src/main.c **** /* USER CODE END 0 */
 660:Core/Src/main.c **** 
 661:Core/Src/main.c **** /**
 662:Core/Src/main.c ****   * @brief  The application entry point.
 663:Core/Src/main.c ****   * @retval int
 664:Core/Src/main.c ****   */
 665:Core/Src/main.c **** int main(void)
 666:Core/Src/main.c **** {
 667:Core/Src/main.c **** 
 668:Core/Src/main.c ****   /* USER CODE BEGIN 1 */
 669:Core/Src/main.c **** 
 670:Core/Src/main.c ****   /* USER CODE END 1 */
 671:Core/Src/main.c **** 
 672:Core/Src/main.c ****   /* MPU Configuration--------------------------------------------------------*/
 673:Core/Src/main.c ****   MPU_Config();
 674:Core/Src/main.c **** 
 675:Core/Src/main.c ****   /* MCU Configuration--------------------------------------------------------*/
 676:Core/Src/main.c **** 
 677:Core/Src/main.c ****   /* Reset of all peripherals, Initializes the Flash interface and the Systick. */
 678:Core/Src/main.c ****   HAL_Init();
 679:Core/Src/main.c **** 
 680:Core/Src/main.c ****   /* USER CODE BEGIN Init */
 681:Core/Src/main.c **** 
 682:Core/Src/main.c ****   /* USER CODE END Init */
 683:Core/Src/main.c **** 
 684:Core/Src/main.c ****   /* Configure the system clock */
 685:Core/Src/main.c ****   SystemClock_Config();
 686:Core/Src/main.c **** 
 687:Core/Src/main.c ****   /* USER CODE BEGIN SysInit */
 688:Core/Src/main.c **** 
 689:Core/Src/main.c ****   /* USER CODE END SysInit */
 690:Core/Src/main.c **** 
 691:Core/Src/main.c ****   /* Initialize all configured peripherals */
 692:Core/Src/main.c ****   MX_GPIO_Init();
 693:Core/Src/main.c ****   MX_DMA_Init();
 694:Core/Src/main.c ****   MX_ETH_Init();
 695:Core/Src/main.c ****   MX_I2C1_Init();
 696:Core/Src/main.c ****   MX_USART3_UART_Init();
 697:Core/Src/main.c ****   MX_USB_OTG_FS_PCD_Init();
 698:Core/Src/main.c ****   MX_DAC_Init();
 699:Core/Src/main.c ****   MX_TIM6_Init();
 700:Core/Src/main.c ****   MX_ADC1_Init();
 701:Core/Src/main.c ****   /* USER CODE BEGIN 2 */
 702:Core/Src/main.c **** 
 703:Core/Src/main.c ****   //nco_init(&nco, 12000.0f, 48000.0f);
 704:Core/Src/main.c ****   nbfm_init(12000.0f, 48000.0f);
 705:Core/Src/main.c **** 
 706:Core/Src/main.c **** // Kun én init av pre_demod_filter
 707:Core/Src/main.c **** /*
 708:Core/Src/main.c **** arm_fir_init_f32(&pre_demod_filter,
 709:Core/Src/main.c ****                  IF_TAPS,
 710:Core/Src/main.c ****                  if_coeffs,
 711:Core/Src/main.c ****                  if_state,
 712:Core/Src/main.c ****                  BLOCK_SIZE/2);
 713:Core/Src/main.c **** */
 714:Core/Src/main.c **** // Hilbert for SSB
 715:Core/Src/main.c **** arm_fir_init_f32(&hilbert,
ARM GAS  /tmp/ccxbErgA.s 			page 14


 716:Core/Src/main.c ****                  HILBERT_TAPS,
 717:Core/Src/main.c ****                  hilbert_coeffs,
 718:Core/Src/main.c ****                  hilbert_state,
 719:Core/Src/main.c ****                  BLOCK_SIZE/2);
 720:Core/Src/main.c **** 
 721:Core/Src/main.c ****                  /*
 722:Core/Src/main.c **** //Pre FM-demod filter
 723:Core/Src/main.c **** arm_fir_init_f32(&pre_demod_filter,
 724:Core/Src/main.c ****                  PRE_DEMOD_TAPS,
 725:Core/Src/main.c ****                  pre_demod_coeffs,
 726:Core/Src/main.c ****                  pre_demod_state_I,
 727:Core/Src/main.c ****                  BLOCK_SIZE/2);
 728:Core/Src/main.c **** 
 729:Core/Src/main.c **** // Audio LPF etter FM-demod
 730:Core/Src/main.c **** arm_fir_init_f32(&audio_lpf,
 731:Core/Src/main.c ****                  AUDIO_TAPS,
 732:Core/Src/main.c ****                  audio_lpf_coeffs,
 733:Core/Src/main.c ****                  audio_state,
 734:Core/Src/main.c ****                  BLOCK_SIZE/2);
 735:Core/Src/main.c **** */
 736:Core/Src/main.c **** 
 737:Core/Src/main.c **** 
 738:Core/Src/main.c ****   HAL_DAC_Start_DMA(&hdac, DAC_CHANNEL_1, dac_buffer, BLOCK_SIZE, DAC_ALIGN_12B_R);
 739:Core/Src/main.c ****   HAL_ADC_Start_DMA(&hadc1, adc_buffer, BLOCK_SIZE);
 740:Core/Src/main.c **** 
 741:Core/Src/main.c ****   //Start TIM6
 742:Core/Src/main.c ****   HAL_TIM_Base_Start(&htim6);
 743:Core/Src/main.c **** 
 744:Core/Src/main.c ****   /* USER CODE END 2 */
 745:Core/Src/main.c **** 
 746:Core/Src/main.c ****   /* Infinite loop */
 747:Core/Src/main.c ****   /* USER CODE BEGIN WHILE */
 748:Core/Src/main.c ****   while (1)
 749:Core/Src/main.c ****   {
 750:Core/Src/main.c **** 
 751:Core/Src/main.c ****     if(dac_block_processing == 1)
 752:Core/Src/main.c ****     {
 753:Core/Src/main.c ****         nbfm_tx_process_block(&adc_buffer[0], &dac_buffer[0], BLOCK_SIZE/2);
 754:Core/Src/main.c ****         dac_block_processing = 0;
 755:Core/Src/main.c ****     }
 756:Core/Src/main.c ****     else if(dac_block_processing == 2)
 757:Core/Src/main.c ****     {
 758:Core/Src/main.c ****         nbfm_tx_process_block(&adc_buffer[BLOCK_SIZE/2], &dac_buffer[BLOCK_SIZE/2], BLOCK_SIZE/2);
 759:Core/Src/main.c ****         dac_block_processing = 0;
 760:Core/Src/main.c ****     }
 761:Core/Src/main.c ****     /*
 762:Core/Src/main.c ****     if (block_ready == 1)
 763:Core/Src/main.c ****     {
 764:Core/Src/main.c ****       process_block(&adc_buffer[0], &dac_buffer[0], BLOCK_SIZE/2);
 765:Core/Src/main.c ****       block_ready = 0;
 766:Core/Src/main.c ****     }
 767:Core/Src/main.c ****     else if (block_ready == 2)
 768:Core/Src/main.c ****     {
 769:Core/Src/main.c ****       process_block(&adc_buffer[BLOCK_SIZE/2], &dac_buffer[BLOCK_SIZE/2], BLOCK_SIZE/2);
 770:Core/Src/main.c ****       block_ready = 0;
 771:Core/Src/main.c ****     }
 772:Core/Src/main.c **** */
ARM GAS  /tmp/ccxbErgA.s 			page 15


 773:Core/Src/main.c **** 
 774:Core/Src/main.c **** 
 775:Core/Src/main.c ****     /* USER CODE END WHILE */
 776:Core/Src/main.c **** 
 777:Core/Src/main.c ****     /* USER CODE BEGIN 3 */
 778:Core/Src/main.c ****   }
 779:Core/Src/main.c ****   /* USER CODE END 3 */
 780:Core/Src/main.c **** }
 781:Core/Src/main.c **** 
 782:Core/Src/main.c **** /**
 783:Core/Src/main.c ****   * @brief System Clock Configuration
 784:Core/Src/main.c ****   * @retval None
 785:Core/Src/main.c ****   */
 786:Core/Src/main.c **** void SystemClock_Config(void)
 787:Core/Src/main.c **** {
 788:Core/Src/main.c ****   RCC_OscInitTypeDef RCC_OscInitStruct = {0};
 789:Core/Src/main.c ****   RCC_ClkInitTypeDef RCC_ClkInitStruct = {0};
 790:Core/Src/main.c **** 
 791:Core/Src/main.c ****   /** Configure LSE Drive Capability
 792:Core/Src/main.c ****   */
 793:Core/Src/main.c ****   HAL_PWR_EnableBkUpAccess();
 794:Core/Src/main.c **** 
 795:Core/Src/main.c ****   /** Configure the main internal regulator output voltage
 796:Core/Src/main.c ****   */
 797:Core/Src/main.c ****   __HAL_RCC_PWR_CLK_ENABLE();
 798:Core/Src/main.c ****   __HAL_PWR_VOLTAGESCALING_CONFIG(PWR_REGULATOR_VOLTAGE_SCALE1);
 799:Core/Src/main.c **** 
 800:Core/Src/main.c ****   /** Initializes the RCC Oscillators according to the specified parameters
 801:Core/Src/main.c ****   * in the RCC_OscInitTypeDef structure.
 802:Core/Src/main.c ****   */
 803:Core/Src/main.c ****   RCC_OscInitStruct.OscillatorType = RCC_OSCILLATORTYPE_HSE;
 804:Core/Src/main.c ****   RCC_OscInitStruct.HSEState = RCC_HSE_ON;
 805:Core/Src/main.c ****   RCC_OscInitStruct.PLL.PLLState = RCC_PLL_ON;
 806:Core/Src/main.c ****   RCC_OscInitStruct.PLL.PLLSource = RCC_PLLSOURCE_HSE;
 807:Core/Src/main.c ****   RCC_OscInitStruct.PLL.PLLM = 4;
 808:Core/Src/main.c ****   RCC_OscInitStruct.PLL.PLLN = 216;
 809:Core/Src/main.c ****   RCC_OscInitStruct.PLL.PLLP = RCC_PLLP_DIV2;
 810:Core/Src/main.c ****   RCC_OscInitStruct.PLL.PLLQ = 3;
 811:Core/Src/main.c ****   if (HAL_RCC_OscConfig(&RCC_OscInitStruct) != HAL_OK)
 812:Core/Src/main.c ****   {
 813:Core/Src/main.c ****     Error_Handler();
 814:Core/Src/main.c ****   }
 815:Core/Src/main.c **** 
 816:Core/Src/main.c ****   /** Activate the Over-Drive mode
 817:Core/Src/main.c ****   */
 818:Core/Src/main.c ****   if (HAL_PWREx_EnableOverDrive() != HAL_OK)
 819:Core/Src/main.c ****   {
 820:Core/Src/main.c ****     Error_Handler();
 821:Core/Src/main.c ****   }
 822:Core/Src/main.c **** 
 823:Core/Src/main.c ****   /** Initializes the CPU, AHB and APB buses clocks
 824:Core/Src/main.c ****   */
 825:Core/Src/main.c ****   RCC_ClkInitStruct.ClockType = RCC_CLOCKTYPE_HCLK|RCC_CLOCKTYPE_SYSCLK
 826:Core/Src/main.c ****                               |RCC_CLOCKTYPE_PCLK1|RCC_CLOCKTYPE_PCLK2;
 827:Core/Src/main.c ****   RCC_ClkInitStruct.SYSCLKSource = RCC_SYSCLKSOURCE_PLLCLK;
 828:Core/Src/main.c ****   RCC_ClkInitStruct.AHBCLKDivider = RCC_SYSCLK_DIV1;
 829:Core/Src/main.c ****   RCC_ClkInitStruct.APB1CLKDivider = RCC_HCLK_DIV4;
ARM GAS  /tmp/ccxbErgA.s 			page 16


 830:Core/Src/main.c ****   RCC_ClkInitStruct.APB2CLKDivider = RCC_HCLK_DIV2;
 831:Core/Src/main.c **** 
 832:Core/Src/main.c ****   if (HAL_RCC_ClockConfig(&RCC_ClkInitStruct, FLASH_LATENCY_7) != HAL_OK)
 833:Core/Src/main.c ****   {
 834:Core/Src/main.c ****     Error_Handler();
 835:Core/Src/main.c ****   }
 836:Core/Src/main.c **** }
 837:Core/Src/main.c **** 
 838:Core/Src/main.c **** /**
 839:Core/Src/main.c ****   * @brief ADC1 Initialization Function
 840:Core/Src/main.c ****   * @param None
 841:Core/Src/main.c ****   * @retval None
 842:Core/Src/main.c ****   */
 843:Core/Src/main.c **** static void MX_ADC1_Init(void)
 844:Core/Src/main.c **** {
 845:Core/Src/main.c **** 
 846:Core/Src/main.c ****   /* USER CODE BEGIN ADC1_Init 0 */
 847:Core/Src/main.c **** 
 848:Core/Src/main.c ****   /* USER CODE END ADC1_Init 0 */
 849:Core/Src/main.c **** 
 850:Core/Src/main.c ****   ADC_ChannelConfTypeDef sConfig = {0};
 851:Core/Src/main.c **** 
 852:Core/Src/main.c ****   /* USER CODE BEGIN ADC1_Init 1 */
 853:Core/Src/main.c **** 
 854:Core/Src/main.c ****   /* USER CODE END ADC1_Init 1 */
 855:Core/Src/main.c **** 
 856:Core/Src/main.c ****   /** Configure the global features of the ADC (Clock, Resolution, Data Alignment and number of con
 857:Core/Src/main.c ****   */
 858:Core/Src/main.c ****   hadc1.Instance = ADC1;
 859:Core/Src/main.c ****   hadc1.Init.ClockPrescaler = ADC_CLOCK_SYNC_PCLK_DIV4;
 860:Core/Src/main.c ****   hadc1.Init.Resolution = ADC_RESOLUTION_12B;
 861:Core/Src/main.c ****   hadc1.Init.ScanConvMode = ADC_SCAN_DISABLE;
 862:Core/Src/main.c ****   hadc1.Init.ContinuousConvMode = DISABLE;
 863:Core/Src/main.c ****   hadc1.Init.DiscontinuousConvMode = DISABLE;
 864:Core/Src/main.c ****   hadc1.Init.ExternalTrigConvEdge = ADC_EXTERNALTRIGCONVEDGE_RISING;
 865:Core/Src/main.c ****   hadc1.Init.ExternalTrigConv = ADC_EXTERNALTRIGCONV_T6_TRGO;
 866:Core/Src/main.c ****   hadc1.Init.DataAlign = ADC_DATAALIGN_RIGHT;
 867:Core/Src/main.c ****   hadc1.Init.NbrOfConversion = 1;
 868:Core/Src/main.c ****   hadc1.Init.DMAContinuousRequests = ENABLE;
 869:Core/Src/main.c ****   hadc1.Init.EOCSelection = ADC_EOC_SINGLE_CONV;
 870:Core/Src/main.c ****   if (HAL_ADC_Init(&hadc1) != HAL_OK)
 871:Core/Src/main.c ****   {
 872:Core/Src/main.c ****     Error_Handler();
 873:Core/Src/main.c ****   }
 874:Core/Src/main.c **** 
 875:Core/Src/main.c ****   /** Configure for the selected ADC regular channel its corresponding rank in the sequencer and it
 876:Core/Src/main.c ****   */
 877:Core/Src/main.c ****   sConfig.Channel = ADC_CHANNEL_3;
 878:Core/Src/main.c ****   sConfig.Rank = ADC_REGULAR_RANK_1;
 879:Core/Src/main.c ****   sConfig.SamplingTime = ADC_SAMPLETIME_3CYCLES;
 880:Core/Src/main.c ****   if (HAL_ADC_ConfigChannel(&hadc1, &sConfig) != HAL_OK)
 881:Core/Src/main.c ****   {
 882:Core/Src/main.c ****     Error_Handler();
 883:Core/Src/main.c ****   }
 884:Core/Src/main.c ****   /* USER CODE BEGIN ADC1_Init 2 */
 885:Core/Src/main.c **** 
 886:Core/Src/main.c ****   /* USER CODE END ADC1_Init 2 */
ARM GAS  /tmp/ccxbErgA.s 			page 17


 887:Core/Src/main.c **** 
 888:Core/Src/main.c **** }
 889:Core/Src/main.c **** 
 890:Core/Src/main.c **** /**
 891:Core/Src/main.c ****   * @brief DAC Initialization Function
 892:Core/Src/main.c ****   * @param None
 893:Core/Src/main.c ****   * @retval None
 894:Core/Src/main.c ****   */
 895:Core/Src/main.c **** static void MX_DAC_Init(void)
 896:Core/Src/main.c **** {
 897:Core/Src/main.c **** 
 898:Core/Src/main.c ****   /* USER CODE BEGIN DAC_Init 0 */
 899:Core/Src/main.c **** 
 900:Core/Src/main.c ****   /* USER CODE END DAC_Init 0 */
 901:Core/Src/main.c **** 
 902:Core/Src/main.c ****   DAC_ChannelConfTypeDef sConfig = {0};
 903:Core/Src/main.c **** 
 904:Core/Src/main.c ****   /* USER CODE BEGIN DAC_Init 1 */
 905:Core/Src/main.c **** 
 906:Core/Src/main.c ****   /* USER CODE END DAC_Init 1 */
 907:Core/Src/main.c **** 
 908:Core/Src/main.c ****   /** DAC Initialization
 909:Core/Src/main.c ****   */
 910:Core/Src/main.c ****   hdac.Instance = DAC;
 911:Core/Src/main.c ****   if (HAL_DAC_Init(&hdac) != HAL_OK)
 912:Core/Src/main.c ****   {
 913:Core/Src/main.c ****     Error_Handler();
 914:Core/Src/main.c ****   }
 915:Core/Src/main.c **** 
 916:Core/Src/main.c ****   /** DAC channel OUT1 config
 917:Core/Src/main.c ****   */
 918:Core/Src/main.c ****   sConfig.DAC_Trigger = DAC_TRIGGER_T6_TRGO;
 919:Core/Src/main.c ****   sConfig.DAC_OutputBuffer = DAC_OUTPUTBUFFER_ENABLE;
 920:Core/Src/main.c ****   if (HAL_DAC_ConfigChannel(&hdac, &sConfig, DAC_CHANNEL_1) != HAL_OK)
 921:Core/Src/main.c ****   {
 922:Core/Src/main.c ****     Error_Handler();
 923:Core/Src/main.c ****   }
 924:Core/Src/main.c ****   /* USER CODE BEGIN DAC_Init 2 */
 925:Core/Src/main.c **** 
 926:Core/Src/main.c ****   /* USER CODE END DAC_Init 2 */
 927:Core/Src/main.c **** 
 928:Core/Src/main.c **** }
 929:Core/Src/main.c **** 
 930:Core/Src/main.c **** /**
 931:Core/Src/main.c ****   * @brief ETH Initialization Function
 932:Core/Src/main.c ****   * @param None
 933:Core/Src/main.c ****   * @retval None
 934:Core/Src/main.c ****   */
 935:Core/Src/main.c **** static void MX_ETH_Init(void)
 936:Core/Src/main.c **** {
 937:Core/Src/main.c **** 
 938:Core/Src/main.c ****   /* USER CODE BEGIN ETH_Init 0 */
 939:Core/Src/main.c **** 
 940:Core/Src/main.c ****   /* USER CODE END ETH_Init 0 */
 941:Core/Src/main.c **** 
 942:Core/Src/main.c ****    static uint8_t MACAddr[6];
 943:Core/Src/main.c **** 
ARM GAS  /tmp/ccxbErgA.s 			page 18


 944:Core/Src/main.c ****   /* USER CODE BEGIN ETH_Init 1 */
 945:Core/Src/main.c **** 
 946:Core/Src/main.c ****   /* USER CODE END ETH_Init 1 */
 947:Core/Src/main.c ****   heth.Instance = ETH;
 948:Core/Src/main.c ****   MACAddr[0] = 0x00;
 949:Core/Src/main.c ****   MACAddr[1] = 0x80;
 950:Core/Src/main.c ****   MACAddr[2] = 0xE1;
 951:Core/Src/main.c ****   MACAddr[3] = 0x00;
 952:Core/Src/main.c ****   MACAddr[4] = 0x00;
 953:Core/Src/main.c ****   MACAddr[5] = 0x00;
 954:Core/Src/main.c ****   heth.Init.MACAddr = &MACAddr[0];
 955:Core/Src/main.c ****   heth.Init.MediaInterface = HAL_ETH_RMII_MODE;
 956:Core/Src/main.c ****   heth.Init.TxDesc = DMATxDscrTab;
 957:Core/Src/main.c ****   heth.Init.RxDesc = DMARxDscrTab;
 958:Core/Src/main.c ****   heth.Init.RxBuffLen = 1524;
 959:Core/Src/main.c **** 
 960:Core/Src/main.c ****   /* USER CODE BEGIN MACADDRESS */
 961:Core/Src/main.c **** 
 962:Core/Src/main.c ****   /* USER CODE END MACADDRESS */
 963:Core/Src/main.c **** 
 964:Core/Src/main.c ****   if (HAL_ETH_Init(&heth) != HAL_OK)
 965:Core/Src/main.c ****   {
 966:Core/Src/main.c ****     Error_Handler();
 967:Core/Src/main.c ****   }
 968:Core/Src/main.c **** 
 969:Core/Src/main.c ****   memset(&TxConfig, 0 , sizeof(ETH_TxPacketConfig));
 970:Core/Src/main.c ****   TxConfig.Attributes = ETH_TX_PACKETS_FEATURES_CSUM | ETH_TX_PACKETS_FEATURES_CRCPAD;
 971:Core/Src/main.c ****   TxConfig.ChecksumCtrl = ETH_CHECKSUM_IPHDR_PAYLOAD_INSERT_PHDR_CALC;
 972:Core/Src/main.c ****   TxConfig.CRCPadCtrl = ETH_CRC_PAD_INSERT;
 973:Core/Src/main.c ****   /* USER CODE BEGIN ETH_Init 2 */
 974:Core/Src/main.c **** 
 975:Core/Src/main.c ****   /* USER CODE END ETH_Init 2 */
 976:Core/Src/main.c **** 
 977:Core/Src/main.c **** }
 978:Core/Src/main.c **** 
 979:Core/Src/main.c **** /**
 980:Core/Src/main.c ****   * @brief I2C1 Initialization Function
 981:Core/Src/main.c ****   * @param None
 982:Core/Src/main.c ****   * @retval None
 983:Core/Src/main.c ****   */
 984:Core/Src/main.c **** static void MX_I2C1_Init(void)
 985:Core/Src/main.c **** {
 986:Core/Src/main.c **** 
 987:Core/Src/main.c ****   /* USER CODE BEGIN I2C1_Init 0 */
 988:Core/Src/main.c **** 
 989:Core/Src/main.c ****   /* USER CODE END I2C1_Init 0 */
 990:Core/Src/main.c **** 
 991:Core/Src/main.c ****   /* USER CODE BEGIN I2C1_Init 1 */
 992:Core/Src/main.c **** 
 993:Core/Src/main.c ****   /* USER CODE END I2C1_Init 1 */
 994:Core/Src/main.c ****   hi2c1.Instance = I2C1;
 995:Core/Src/main.c ****   hi2c1.Init.Timing = 0x20404768;
 996:Core/Src/main.c ****   hi2c1.Init.OwnAddress1 = 0;
 997:Core/Src/main.c ****   hi2c1.Init.AddressingMode = I2C_ADDRESSINGMODE_7BIT;
 998:Core/Src/main.c ****   hi2c1.Init.DualAddressMode = I2C_DUALADDRESS_DISABLE;
 999:Core/Src/main.c ****   hi2c1.Init.OwnAddress2 = 0;
1000:Core/Src/main.c ****   hi2c1.Init.OwnAddress2Masks = I2C_OA2_NOMASK;
ARM GAS  /tmp/ccxbErgA.s 			page 19


1001:Core/Src/main.c ****   hi2c1.Init.GeneralCallMode = I2C_GENERALCALL_DISABLE;
1002:Core/Src/main.c ****   hi2c1.Init.NoStretchMode = I2C_NOSTRETCH_DISABLE;
1003:Core/Src/main.c ****   if (HAL_I2C_Init(&hi2c1) != HAL_OK)
1004:Core/Src/main.c ****   {
1005:Core/Src/main.c ****     Error_Handler();
1006:Core/Src/main.c ****   }
1007:Core/Src/main.c **** 
1008:Core/Src/main.c ****   /** Configure Analogue filter
1009:Core/Src/main.c ****   */
1010:Core/Src/main.c ****   if (HAL_I2CEx_ConfigAnalogFilter(&hi2c1, I2C_ANALOGFILTER_ENABLE) != HAL_OK)
1011:Core/Src/main.c ****   {
1012:Core/Src/main.c ****     Error_Handler();
1013:Core/Src/main.c ****   }
1014:Core/Src/main.c **** 
1015:Core/Src/main.c ****   /** Configure Digital filter
1016:Core/Src/main.c ****   */
1017:Core/Src/main.c ****   if (HAL_I2CEx_ConfigDigitalFilter(&hi2c1, 0) != HAL_OK)
1018:Core/Src/main.c ****   {
1019:Core/Src/main.c ****     Error_Handler();
1020:Core/Src/main.c ****   }
1021:Core/Src/main.c ****   /* USER CODE BEGIN I2C1_Init 2 */
1022:Core/Src/main.c **** 
1023:Core/Src/main.c ****   /* USER CODE END I2C1_Init 2 */
1024:Core/Src/main.c **** 
1025:Core/Src/main.c **** }
1026:Core/Src/main.c **** 
1027:Core/Src/main.c **** /**
1028:Core/Src/main.c ****   * @brief TIM6 Initialization Function
1029:Core/Src/main.c ****   * @param None
1030:Core/Src/main.c ****   * @retval None
1031:Core/Src/main.c ****   */
1032:Core/Src/main.c **** static void MX_TIM6_Init(void)
1033:Core/Src/main.c **** {
1034:Core/Src/main.c **** 
1035:Core/Src/main.c ****   /* USER CODE BEGIN TIM6_Init 0 */
1036:Core/Src/main.c **** 
1037:Core/Src/main.c ****   /* USER CODE END TIM6_Init 0 */
1038:Core/Src/main.c **** 
1039:Core/Src/main.c ****   TIM_MasterConfigTypeDef sMasterConfig = {0};
1040:Core/Src/main.c **** 
1041:Core/Src/main.c ****   /* USER CODE BEGIN TIM6_Init 1 */
1042:Core/Src/main.c **** 
1043:Core/Src/main.c ****   /* USER CODE END TIM6_Init 1 */
1044:Core/Src/main.c ****   htim6.Instance = TIM6;
1045:Core/Src/main.c ****   htim6.Init.Prescaler = 44;
1046:Core/Src/main.c ****   htim6.Init.CounterMode = TIM_COUNTERMODE_UP;
1047:Core/Src/main.c ****   htim6.Init.Period = 49;
1048:Core/Src/main.c ****   htim6.Init.AutoReloadPreload = TIM_AUTORELOAD_PRELOAD_DISABLE;
1049:Core/Src/main.c ****   if (HAL_TIM_Base_Init(&htim6) != HAL_OK)
1050:Core/Src/main.c ****   {
1051:Core/Src/main.c ****     Error_Handler();
1052:Core/Src/main.c ****   }
1053:Core/Src/main.c ****   sMasterConfig.MasterOutputTrigger = TIM_TRGO_UPDATE;
1054:Core/Src/main.c ****   sMasterConfig.MasterSlaveMode = TIM_MASTERSLAVEMODE_DISABLE;
1055:Core/Src/main.c ****   if (HAL_TIMEx_MasterConfigSynchronization(&htim6, &sMasterConfig) != HAL_OK)
1056:Core/Src/main.c ****   {
1057:Core/Src/main.c ****     Error_Handler();
ARM GAS  /tmp/ccxbErgA.s 			page 20


1058:Core/Src/main.c ****   }
1059:Core/Src/main.c ****   /* USER CODE BEGIN TIM6_Init 2 */
1060:Core/Src/main.c **** 
1061:Core/Src/main.c ****   /* USER CODE END TIM6_Init 2 */
1062:Core/Src/main.c **** 
1063:Core/Src/main.c **** }
1064:Core/Src/main.c **** 
1065:Core/Src/main.c **** /**
1066:Core/Src/main.c ****   * @brief USART3 Initialization Function
1067:Core/Src/main.c ****   * @param None
1068:Core/Src/main.c ****   * @retval None
1069:Core/Src/main.c ****   */
1070:Core/Src/main.c **** static void MX_USART3_UART_Init(void)
1071:Core/Src/main.c **** {
1072:Core/Src/main.c **** 
1073:Core/Src/main.c ****   /* USER CODE BEGIN USART3_Init 0 */
1074:Core/Src/main.c **** 
1075:Core/Src/main.c ****   /* USER CODE END USART3_Init 0 */
1076:Core/Src/main.c **** 
1077:Core/Src/main.c ****   /* USER CODE BEGIN USART3_Init 1 */
1078:Core/Src/main.c **** 
1079:Core/Src/main.c ****   /* USER CODE END USART3_Init 1 */
1080:Core/Src/main.c ****   huart3.Instance = USART3;
1081:Core/Src/main.c ****   huart3.Init.BaudRate = 115200;
1082:Core/Src/main.c ****   huart3.Init.WordLength = UART_WORDLENGTH_8B;
1083:Core/Src/main.c ****   huart3.Init.StopBits = UART_STOPBITS_1;
1084:Core/Src/main.c ****   huart3.Init.Parity = UART_PARITY_NONE;
1085:Core/Src/main.c ****   huart3.Init.Mode = UART_MODE_TX_RX;
1086:Core/Src/main.c ****   huart3.Init.HwFlowCtl = UART_HWCONTROL_NONE;
1087:Core/Src/main.c ****   huart3.Init.OverSampling = UART_OVERSAMPLING_16;
1088:Core/Src/main.c ****   huart3.Init.OneBitSampling = UART_ONE_BIT_SAMPLE_DISABLE;
1089:Core/Src/main.c ****   huart3.AdvancedInit.AdvFeatureInit = UART_ADVFEATURE_NO_INIT;
1090:Core/Src/main.c ****   if (HAL_UART_Init(&huart3) != HAL_OK)
1091:Core/Src/main.c ****   {
1092:Core/Src/main.c ****     Error_Handler();
1093:Core/Src/main.c ****   }
1094:Core/Src/main.c ****   /* USER CODE BEGIN USART3_Init 2 */
1095:Core/Src/main.c **** 
1096:Core/Src/main.c ****   /* USER CODE END USART3_Init 2 */
1097:Core/Src/main.c **** 
1098:Core/Src/main.c **** }
1099:Core/Src/main.c **** 
1100:Core/Src/main.c **** /**
1101:Core/Src/main.c ****   * @brief USB_OTG_FS Initialization Function
1102:Core/Src/main.c ****   * @param None
1103:Core/Src/main.c ****   * @retval None
1104:Core/Src/main.c ****   */
1105:Core/Src/main.c **** static void MX_USB_OTG_FS_PCD_Init(void)
1106:Core/Src/main.c **** {
1107:Core/Src/main.c **** 
1108:Core/Src/main.c ****   /* USER CODE BEGIN USB_OTG_FS_Init 0 */
1109:Core/Src/main.c **** 
1110:Core/Src/main.c ****   /* USER CODE END USB_OTG_FS_Init 0 */
1111:Core/Src/main.c **** 
1112:Core/Src/main.c ****   /* USER CODE BEGIN USB_OTG_FS_Init 1 */
1113:Core/Src/main.c **** 
1114:Core/Src/main.c ****   /* USER CODE END USB_OTG_FS_Init 1 */
ARM GAS  /tmp/ccxbErgA.s 			page 21


1115:Core/Src/main.c ****   hpcd_USB_OTG_FS.Instance = USB_OTG_FS;
1116:Core/Src/main.c ****   hpcd_USB_OTG_FS.Init.dev_endpoints = 6;
1117:Core/Src/main.c ****   hpcd_USB_OTG_FS.Init.speed = PCD_SPEED_FULL;
1118:Core/Src/main.c ****   hpcd_USB_OTG_FS.Init.dma_enable = DISABLE;
1119:Core/Src/main.c ****   hpcd_USB_OTG_FS.Init.phy_itface = PCD_PHY_EMBEDDED;
1120:Core/Src/main.c ****   hpcd_USB_OTG_FS.Init.Sof_enable = ENABLE;
1121:Core/Src/main.c ****   hpcd_USB_OTG_FS.Init.low_power_enable = DISABLE;
1122:Core/Src/main.c ****   hpcd_USB_OTG_FS.Init.lpm_enable = DISABLE;
1123:Core/Src/main.c ****   hpcd_USB_OTG_FS.Init.vbus_sensing_enable = ENABLE;
1124:Core/Src/main.c ****   hpcd_USB_OTG_FS.Init.use_dedicated_ep1 = DISABLE;
1125:Core/Src/main.c ****   if (HAL_PCD_Init(&hpcd_USB_OTG_FS) != HAL_OK)
1126:Core/Src/main.c ****   {
1127:Core/Src/main.c ****     Error_Handler();
1128:Core/Src/main.c ****   }
1129:Core/Src/main.c ****   /* USER CODE BEGIN USB_OTG_FS_Init 2 */
1130:Core/Src/main.c **** 
1131:Core/Src/main.c ****   /* USER CODE END USB_OTG_FS_Init 2 */
1132:Core/Src/main.c **** 
1133:Core/Src/main.c **** }
1134:Core/Src/main.c **** 
1135:Core/Src/main.c **** /**
1136:Core/Src/main.c ****   * Enable DMA controller clock
1137:Core/Src/main.c ****   */
1138:Core/Src/main.c **** static void MX_DMA_Init(void)
1139:Core/Src/main.c **** {
1140:Core/Src/main.c **** 
1141:Core/Src/main.c ****   /* DMA controller clock enable */
1142:Core/Src/main.c ****   __HAL_RCC_DMA1_CLK_ENABLE();
1143:Core/Src/main.c ****   __HAL_RCC_DMA2_CLK_ENABLE();
1144:Core/Src/main.c **** 
1145:Core/Src/main.c ****   /* DMA interrupt init */
1146:Core/Src/main.c ****   /* DMA1_Stream5_IRQn interrupt configuration */
1147:Core/Src/main.c ****   HAL_NVIC_SetPriority(DMA1_Stream5_IRQn, 0, 0);
1148:Core/Src/main.c ****   HAL_NVIC_EnableIRQ(DMA1_Stream5_IRQn);
1149:Core/Src/main.c ****   /* DMA2_Stream0_IRQn interrupt configuration */
1150:Core/Src/main.c ****   HAL_NVIC_SetPriority(DMA2_Stream0_IRQn, 0, 0);
1151:Core/Src/main.c ****   HAL_NVIC_EnableIRQ(DMA2_Stream0_IRQn);
1152:Core/Src/main.c **** 
1153:Core/Src/main.c **** }
1154:Core/Src/main.c **** 
1155:Core/Src/main.c **** /**
1156:Core/Src/main.c ****   * @brief GPIO Initialization Function
1157:Core/Src/main.c ****   * @param None
1158:Core/Src/main.c ****   * @retval None
1159:Core/Src/main.c ****   */
1160:Core/Src/main.c **** static void MX_GPIO_Init(void)
1161:Core/Src/main.c **** {
1162:Core/Src/main.c ****   GPIO_InitTypeDef GPIO_InitStruct = {0};
1163:Core/Src/main.c ****   /* USER CODE BEGIN MX_GPIO_Init_1 */
1164:Core/Src/main.c **** 
1165:Core/Src/main.c ****   /* USER CODE END MX_GPIO_Init_1 */
1166:Core/Src/main.c **** 
1167:Core/Src/main.c ****   /* GPIO Ports Clock Enable */
1168:Core/Src/main.c ****   __HAL_RCC_GPIOC_CLK_ENABLE();
1169:Core/Src/main.c ****   __HAL_RCC_GPIOH_CLK_ENABLE();
1170:Core/Src/main.c ****   __HAL_RCC_GPIOA_CLK_ENABLE();
1171:Core/Src/main.c ****   __HAL_RCC_GPIOB_CLK_ENABLE();
ARM GAS  /tmp/ccxbErgA.s 			page 22


1172:Core/Src/main.c ****   __HAL_RCC_GPIOD_CLK_ENABLE();
1173:Core/Src/main.c ****   __HAL_RCC_GPIOG_CLK_ENABLE();
1174:Core/Src/main.c **** 
1175:Core/Src/main.c ****   /*Configure GPIO pin Output Level */
1176:Core/Src/main.c ****   HAL_GPIO_WritePin(GPIOB, LD1_Pin|LD3_Pin|LD2_Pin, GPIO_PIN_RESET);
1177:Core/Src/main.c **** 
1178:Core/Src/main.c ****   /*Configure GPIO pin Output Level */
1179:Core/Src/main.c ****   HAL_GPIO_WritePin(USB_PowerSwitchOn_GPIO_Port, USB_PowerSwitchOn_Pin, GPIO_PIN_RESET);
1180:Core/Src/main.c **** 
1181:Core/Src/main.c ****   /*Configure GPIO pin : USER_Btn_Pin */
1182:Core/Src/main.c ****   GPIO_InitStruct.Pin = USER_Btn_Pin;
1183:Core/Src/main.c ****   GPIO_InitStruct.Mode = GPIO_MODE_IT_RISING;
1184:Core/Src/main.c ****   GPIO_InitStruct.Pull = GPIO_NOPULL;
1185:Core/Src/main.c ****   HAL_GPIO_Init(USER_Btn_GPIO_Port, &GPIO_InitStruct);
1186:Core/Src/main.c **** 
1187:Core/Src/main.c ****   /*Configure GPIO pins : LD1_Pin LD3_Pin LD2_Pin */
1188:Core/Src/main.c ****   GPIO_InitStruct.Pin = LD1_Pin|LD3_Pin|LD2_Pin;
1189:Core/Src/main.c ****   GPIO_InitStruct.Mode = GPIO_MODE_OUTPUT_PP;
1190:Core/Src/main.c ****   GPIO_InitStruct.Pull = GPIO_NOPULL;
1191:Core/Src/main.c ****   GPIO_InitStruct.Speed = GPIO_SPEED_FREQ_LOW;
1192:Core/Src/main.c ****   HAL_GPIO_Init(GPIOB, &GPIO_InitStruct);
1193:Core/Src/main.c **** 
1194:Core/Src/main.c ****   /*Configure GPIO pin : USB_PowerSwitchOn_Pin */
1195:Core/Src/main.c ****   GPIO_InitStruct.Pin = USB_PowerSwitchOn_Pin;
1196:Core/Src/main.c ****   GPIO_InitStruct.Mode = GPIO_MODE_OUTPUT_PP;
1197:Core/Src/main.c ****   GPIO_InitStruct.Pull = GPIO_NOPULL;
1198:Core/Src/main.c ****   GPIO_InitStruct.Speed = GPIO_SPEED_FREQ_LOW;
1199:Core/Src/main.c ****   HAL_GPIO_Init(USB_PowerSwitchOn_GPIO_Port, &GPIO_InitStruct);
1200:Core/Src/main.c **** 
1201:Core/Src/main.c ****   /*Configure GPIO pin : USB_OverCurrent_Pin */
1202:Core/Src/main.c ****   GPIO_InitStruct.Pin = USB_OverCurrent_Pin;
1203:Core/Src/main.c ****   GPIO_InitStruct.Mode = GPIO_MODE_INPUT;
1204:Core/Src/main.c ****   GPIO_InitStruct.Pull = GPIO_NOPULL;
1205:Core/Src/main.c ****   HAL_GPIO_Init(USB_OverCurrent_GPIO_Port, &GPIO_InitStruct);
1206:Core/Src/main.c **** 
1207:Core/Src/main.c ****   /* USER CODE BEGIN MX_GPIO_Init_2 */
1208:Core/Src/main.c **** 
1209:Core/Src/main.c ****   /* USER CODE END MX_GPIO_Init_2 */
1210:Core/Src/main.c **** }
1211:Core/Src/main.c **** 
1212:Core/Src/main.c **** /* USER CODE BEGIN 4 */
1213:Core/Src/main.c **** 
1214:Core/Src/main.c **** /* USER CODE END 4 */
1215:Core/Src/main.c **** 
1216:Core/Src/main.c ****  /* MPU Configuration */
1217:Core/Src/main.c **** 
1218:Core/Src/main.c **** void MPU_Config(void)
1219:Core/Src/main.c **** {
  28              		.loc 1 1219 1 view -0
  29              		.cfi_startproc
  30              		@ args = 0, pretend = 0, frame = 16
  31              		@ frame_needed = 0, uses_anonymous_args = 0
  32 0000 10B5     		push	{r4, lr}
  33              	.LCFI0:
  34              		.cfi_def_cfa_offset 8
  35              		.cfi_offset 4, -8
  36              		.cfi_offset 14, -4
ARM GAS  /tmp/ccxbErgA.s 			page 23


  37 0002 84B0     		sub	sp, sp, #16
  38              	.LCFI1:
  39              		.cfi_def_cfa_offset 24
1220:Core/Src/main.c ****   MPU_Region_InitTypeDef MPU_InitStruct = {0};
  40              		.loc 1 1220 3 view .LVU1
  41              		.loc 1 1220 26 is_stmt 0 view .LVU2
  42 0004 0024     		movs	r4, #0
  43 0006 0094     		str	r4, [sp]
  44 0008 0194     		str	r4, [sp, #4]
  45 000a 0294     		str	r4, [sp, #8]
  46 000c 0394     		str	r4, [sp, #12]
1221:Core/Src/main.c **** 
1222:Core/Src/main.c ****   /* Disables the MPU */
1223:Core/Src/main.c ****   HAL_MPU_Disable();
  47              		.loc 1 1223 3 is_stmt 1 view .LVU3
  48 000e FFF7FEFF 		bl	HAL_MPU_Disable
  49              	.LVL0:
1224:Core/Src/main.c **** 
1225:Core/Src/main.c ****   /** Initializes and configures the Region and the memory to be protected
1226:Core/Src/main.c ****   */
1227:Core/Src/main.c ****   MPU_InitStruct.Enable = MPU_REGION_ENABLE;
  50              		.loc 1 1227 3 view .LVU4
  51              		.loc 1 1227 25 is_stmt 0 view .LVU5
  52 0012 0123     		movs	r3, #1
  53 0014 8DF80030 		strb	r3, [sp]
1228:Core/Src/main.c ****   MPU_InitStruct.Number = MPU_REGION_NUMBER0;
  54              		.loc 1 1228 3 is_stmt 1 view .LVU6
  55              		.loc 1 1228 25 is_stmt 0 view .LVU7
  56 0018 8DF80140 		strb	r4, [sp, #1]
1229:Core/Src/main.c ****   MPU_InitStruct.BaseAddress = 0x0;
  57              		.loc 1 1229 3 is_stmt 1 view .LVU8
  58              		.loc 1 1229 30 is_stmt 0 view .LVU9
  59 001c 0194     		str	r4, [sp, #4]
1230:Core/Src/main.c ****   MPU_InitStruct.Size = MPU_REGION_SIZE_4GB;
  60              		.loc 1 1230 3 is_stmt 1 view .LVU10
  61              		.loc 1 1230 23 is_stmt 0 view .LVU11
  62 001e 1F22     		movs	r2, #31
  63 0020 8DF80820 		strb	r2, [sp, #8]
1231:Core/Src/main.c ****   MPU_InitStruct.SubRegionDisable = 0x87;
  64              		.loc 1 1231 3 is_stmt 1 view .LVU12
  65              		.loc 1 1231 35 is_stmt 0 view .LVU13
  66 0024 8722     		movs	r2, #135
  67 0026 8DF80920 		strb	r2, [sp, #9]
1232:Core/Src/main.c ****   MPU_InitStruct.TypeExtField = MPU_TEX_LEVEL0;
  68              		.loc 1 1232 3 is_stmt 1 view .LVU14
  69              		.loc 1 1232 31 is_stmt 0 view .LVU15
  70 002a 8DF80A40 		strb	r4, [sp, #10]
1233:Core/Src/main.c ****   MPU_InitStruct.AccessPermission = MPU_REGION_NO_ACCESS;
  71              		.loc 1 1233 3 is_stmt 1 view .LVU16
  72              		.loc 1 1233 35 is_stmt 0 view .LVU17
  73 002e 8DF80B40 		strb	r4, [sp, #11]
1234:Core/Src/main.c ****   MPU_InitStruct.DisableExec = MPU_INSTRUCTION_ACCESS_DISABLE;
  74              		.loc 1 1234 3 is_stmt 1 view .LVU18
  75              		.loc 1 1234 30 is_stmt 0 view .LVU19
  76 0032 8DF80C30 		strb	r3, [sp, #12]
1235:Core/Src/main.c ****   MPU_InitStruct.IsShareable = MPU_ACCESS_SHAREABLE;
  77              		.loc 1 1235 3 is_stmt 1 view .LVU20
ARM GAS  /tmp/ccxbErgA.s 			page 24


  78              		.loc 1 1235 30 is_stmt 0 view .LVU21
  79 0036 8DF80D30 		strb	r3, [sp, #13]
1236:Core/Src/main.c ****   MPU_InitStruct.IsCacheable = MPU_ACCESS_NOT_CACHEABLE;
  80              		.loc 1 1236 3 is_stmt 1 view .LVU22
  81              		.loc 1 1236 30 is_stmt 0 view .LVU23
  82 003a 8DF80E40 		strb	r4, [sp, #14]
1237:Core/Src/main.c ****   MPU_InitStruct.IsBufferable = MPU_ACCESS_NOT_BUFFERABLE;
  83              		.loc 1 1237 3 is_stmt 1 view .LVU24
  84              		.loc 1 1237 31 is_stmt 0 view .LVU25
  85 003e 8DF80F40 		strb	r4, [sp, #15]
1238:Core/Src/main.c **** 
1239:Core/Src/main.c ****   HAL_MPU_ConfigRegion(&MPU_InitStruct);
  86              		.loc 1 1239 3 is_stmt 1 view .LVU26
  87 0042 6846     		mov	r0, sp
  88 0044 FFF7FEFF 		bl	HAL_MPU_ConfigRegion
  89              	.LVL1:
1240:Core/Src/main.c ****   /* Enables the MPU */
1241:Core/Src/main.c ****   HAL_MPU_Enable(MPU_PRIVILEGED_DEFAULT);
  90              		.loc 1 1241 3 view .LVU27
  91 0048 0420     		movs	r0, #4
  92 004a FFF7FEFF 		bl	HAL_MPU_Enable
  93              	.LVL2:
1242:Core/Src/main.c **** 
1243:Core/Src/main.c **** }
  94              		.loc 1 1243 1 is_stmt 0 view .LVU28
  95 004e 04B0     		add	sp, sp, #16
  96              	.LCFI2:
  97              		.cfi_def_cfa_offset 8
  98              		@ sp needed
  99 0050 10BD     		pop	{r4, pc}
 100              		.cfi_endproc
 101              	.LFE194:
 103              		.section	.text.MX_GPIO_Init,"ax",%progbits
 104              		.align	1
 105              		.syntax unified
 106              		.thumb
 107              		.thumb_func
 109              	MX_GPIO_Init:
 110              	.LFB193:
1161:Core/Src/main.c ****   GPIO_InitTypeDef GPIO_InitStruct = {0};
 111              		.loc 1 1161 1 is_stmt 1 view -0
 112              		.cfi_startproc
 113              		@ args = 0, pretend = 0, frame = 48
 114              		@ frame_needed = 0, uses_anonymous_args = 0
 115 0000 F0B5     		push	{r4, r5, r6, r7, lr}
 116              	.LCFI3:
 117              		.cfi_def_cfa_offset 20
 118              		.cfi_offset 4, -20
 119              		.cfi_offset 5, -16
 120              		.cfi_offset 6, -12
 121              		.cfi_offset 7, -8
 122              		.cfi_offset 14, -4
 123 0002 8DB0     		sub	sp, sp, #52
 124              	.LCFI4:
 125              		.cfi_def_cfa_offset 72
1162:Core/Src/main.c ****   /* USER CODE BEGIN MX_GPIO_Init_1 */
 126              		.loc 1 1162 3 view .LVU30
ARM GAS  /tmp/ccxbErgA.s 			page 25


1162:Core/Src/main.c ****   /* USER CODE BEGIN MX_GPIO_Init_1 */
 127              		.loc 1 1162 20 is_stmt 0 view .LVU31
 128 0004 0024     		movs	r4, #0
 129 0006 0794     		str	r4, [sp, #28]
 130 0008 0894     		str	r4, [sp, #32]
 131 000a 0994     		str	r4, [sp, #36]
 132 000c 0A94     		str	r4, [sp, #40]
 133 000e 0B94     		str	r4, [sp, #44]
1168:Core/Src/main.c ****   __HAL_RCC_GPIOH_CLK_ENABLE();
 134              		.loc 1 1168 3 is_stmt 1 view .LVU32
 135              	.LBB4:
1168:Core/Src/main.c ****   __HAL_RCC_GPIOH_CLK_ENABLE();
 136              		.loc 1 1168 3 view .LVU33
1168:Core/Src/main.c ****   __HAL_RCC_GPIOH_CLK_ENABLE();
 137              		.loc 1 1168 3 view .LVU34
 138 0010 364B     		ldr	r3, .L5
 139 0012 1A6B     		ldr	r2, [r3, #48]
 140 0014 42F00402 		orr	r2, r2, #4
 141 0018 1A63     		str	r2, [r3, #48]
1168:Core/Src/main.c ****   __HAL_RCC_GPIOH_CLK_ENABLE();
 142              		.loc 1 1168 3 view .LVU35
 143 001a 1A6B     		ldr	r2, [r3, #48]
 144 001c 02F00402 		and	r2, r2, #4
 145 0020 0192     		str	r2, [sp, #4]
1168:Core/Src/main.c ****   __HAL_RCC_GPIOH_CLK_ENABLE();
 146              		.loc 1 1168 3 view .LVU36
 147 0022 019A     		ldr	r2, [sp, #4]
 148              	.LBE4:
1168:Core/Src/main.c ****   __HAL_RCC_GPIOH_CLK_ENABLE();
 149              		.loc 1 1168 3 view .LVU37
1169:Core/Src/main.c ****   __HAL_RCC_GPIOA_CLK_ENABLE();
 150              		.loc 1 1169 3 view .LVU38
 151              	.LBB5:
1169:Core/Src/main.c ****   __HAL_RCC_GPIOA_CLK_ENABLE();
 152              		.loc 1 1169 3 view .LVU39
1169:Core/Src/main.c ****   __HAL_RCC_GPIOA_CLK_ENABLE();
 153              		.loc 1 1169 3 view .LVU40
 154 0024 1A6B     		ldr	r2, [r3, #48]
 155 0026 42F08002 		orr	r2, r2, #128
 156 002a 1A63     		str	r2, [r3, #48]
1169:Core/Src/main.c ****   __HAL_RCC_GPIOA_CLK_ENABLE();
 157              		.loc 1 1169 3 view .LVU41
 158 002c 1A6B     		ldr	r2, [r3, #48]
 159 002e 02F08002 		and	r2, r2, #128
 160 0032 0292     		str	r2, [sp, #8]
1169:Core/Src/main.c ****   __HAL_RCC_GPIOA_CLK_ENABLE();
 161              		.loc 1 1169 3 view .LVU42
 162 0034 029A     		ldr	r2, [sp, #8]
 163              	.LBE5:
1169:Core/Src/main.c ****   __HAL_RCC_GPIOA_CLK_ENABLE();
 164              		.loc 1 1169 3 view .LVU43
1170:Core/Src/main.c ****   __HAL_RCC_GPIOB_CLK_ENABLE();
 165              		.loc 1 1170 3 view .LVU44
 166              	.LBB6:
1170:Core/Src/main.c ****   __HAL_RCC_GPIOB_CLK_ENABLE();
 167              		.loc 1 1170 3 view .LVU45
1170:Core/Src/main.c ****   __HAL_RCC_GPIOB_CLK_ENABLE();
ARM GAS  /tmp/ccxbErgA.s 			page 26


 168              		.loc 1 1170 3 view .LVU46
 169 0036 1A6B     		ldr	r2, [r3, #48]
 170 0038 42F00102 		orr	r2, r2, #1
 171 003c 1A63     		str	r2, [r3, #48]
1170:Core/Src/main.c ****   __HAL_RCC_GPIOB_CLK_ENABLE();
 172              		.loc 1 1170 3 view .LVU47
 173 003e 1A6B     		ldr	r2, [r3, #48]
 174 0040 02F00102 		and	r2, r2, #1
 175 0044 0392     		str	r2, [sp, #12]
1170:Core/Src/main.c ****   __HAL_RCC_GPIOB_CLK_ENABLE();
 176              		.loc 1 1170 3 view .LVU48
 177 0046 039A     		ldr	r2, [sp, #12]
 178              	.LBE6:
1170:Core/Src/main.c ****   __HAL_RCC_GPIOB_CLK_ENABLE();
 179              		.loc 1 1170 3 view .LVU49
1171:Core/Src/main.c ****   __HAL_RCC_GPIOD_CLK_ENABLE();
 180              		.loc 1 1171 3 view .LVU50
 181              	.LBB7:
1171:Core/Src/main.c ****   __HAL_RCC_GPIOD_CLK_ENABLE();
 182              		.loc 1 1171 3 view .LVU51
1171:Core/Src/main.c ****   __HAL_RCC_GPIOD_CLK_ENABLE();
 183              		.loc 1 1171 3 view .LVU52
 184 0048 1A6B     		ldr	r2, [r3, #48]
 185 004a 42F00202 		orr	r2, r2, #2
 186 004e 1A63     		str	r2, [r3, #48]
1171:Core/Src/main.c ****   __HAL_RCC_GPIOD_CLK_ENABLE();
 187              		.loc 1 1171 3 view .LVU53
 188 0050 1A6B     		ldr	r2, [r3, #48]
 189 0052 02F00202 		and	r2, r2, #2
 190 0056 0492     		str	r2, [sp, #16]
1171:Core/Src/main.c ****   __HAL_RCC_GPIOD_CLK_ENABLE();
 191              		.loc 1 1171 3 view .LVU54
 192 0058 049A     		ldr	r2, [sp, #16]
 193              	.LBE7:
1171:Core/Src/main.c ****   __HAL_RCC_GPIOD_CLK_ENABLE();
 194              		.loc 1 1171 3 view .LVU55
1172:Core/Src/main.c ****   __HAL_RCC_GPIOG_CLK_ENABLE();
 195              		.loc 1 1172 3 view .LVU56
 196              	.LBB8:
1172:Core/Src/main.c ****   __HAL_RCC_GPIOG_CLK_ENABLE();
 197              		.loc 1 1172 3 view .LVU57
1172:Core/Src/main.c ****   __HAL_RCC_GPIOG_CLK_ENABLE();
 198              		.loc 1 1172 3 view .LVU58
 199 005a 1A6B     		ldr	r2, [r3, #48]
 200 005c 42F00802 		orr	r2, r2, #8
 201 0060 1A63     		str	r2, [r3, #48]
1172:Core/Src/main.c ****   __HAL_RCC_GPIOG_CLK_ENABLE();
 202              		.loc 1 1172 3 view .LVU59
 203 0062 1A6B     		ldr	r2, [r3, #48]
 204 0064 02F00802 		and	r2, r2, #8
 205 0068 0592     		str	r2, [sp, #20]
1172:Core/Src/main.c ****   __HAL_RCC_GPIOG_CLK_ENABLE();
 206              		.loc 1 1172 3 view .LVU60
 207 006a 059A     		ldr	r2, [sp, #20]
 208              	.LBE8:
1172:Core/Src/main.c ****   __HAL_RCC_GPIOG_CLK_ENABLE();
 209              		.loc 1 1172 3 view .LVU61
ARM GAS  /tmp/ccxbErgA.s 			page 27


1173:Core/Src/main.c **** 
 210              		.loc 1 1173 3 view .LVU62
 211              	.LBB9:
1173:Core/Src/main.c **** 
 212              		.loc 1 1173 3 view .LVU63
1173:Core/Src/main.c **** 
 213              		.loc 1 1173 3 view .LVU64
 214 006c 1A6B     		ldr	r2, [r3, #48]
 215 006e 42F04002 		orr	r2, r2, #64
 216 0072 1A63     		str	r2, [r3, #48]
1173:Core/Src/main.c **** 
 217              		.loc 1 1173 3 view .LVU65
 218 0074 1B6B     		ldr	r3, [r3, #48]
 219 0076 03F04003 		and	r3, r3, #64
 220 007a 0693     		str	r3, [sp, #24]
1173:Core/Src/main.c **** 
 221              		.loc 1 1173 3 view .LVU66
 222 007c 069B     		ldr	r3, [sp, #24]
 223              	.LBE9:
1173:Core/Src/main.c **** 
 224              		.loc 1 1173 3 view .LVU67
1176:Core/Src/main.c **** 
 225              		.loc 1 1176 3 view .LVU68
 226 007e 1C4F     		ldr	r7, .L5+4
 227 0080 2246     		mov	r2, r4
 228 0082 44F28101 		movw	r1, #16513
 229 0086 3846     		mov	r0, r7
 230 0088 FFF7FEFF 		bl	HAL_GPIO_WritePin
 231              	.LVL3:
1179:Core/Src/main.c **** 
 232              		.loc 1 1179 3 view .LVU69
 233 008c 194D     		ldr	r5, .L5+8
 234 008e 2246     		mov	r2, r4
 235 0090 4021     		movs	r1, #64
 236 0092 2846     		mov	r0, r5
 237 0094 FFF7FEFF 		bl	HAL_GPIO_WritePin
 238              	.LVL4:
1182:Core/Src/main.c ****   GPIO_InitStruct.Mode = GPIO_MODE_IT_RISING;
 239              		.loc 1 1182 3 view .LVU70
1182:Core/Src/main.c ****   GPIO_InitStruct.Mode = GPIO_MODE_IT_RISING;
 240              		.loc 1 1182 23 is_stmt 0 view .LVU71
 241 0098 4FF40053 		mov	r3, #8192
 242 009c 0793     		str	r3, [sp, #28]
1183:Core/Src/main.c ****   GPIO_InitStruct.Pull = GPIO_NOPULL;
 243              		.loc 1 1183 3 is_stmt 1 view .LVU72
1183:Core/Src/main.c ****   GPIO_InitStruct.Pull = GPIO_NOPULL;
 244              		.loc 1 1183 24 is_stmt 0 view .LVU73
 245 009e 4FF48813 		mov	r3, #1114112
 246 00a2 0893     		str	r3, [sp, #32]
1184:Core/Src/main.c ****   HAL_GPIO_Init(USER_Btn_GPIO_Port, &GPIO_InitStruct);
 247              		.loc 1 1184 3 is_stmt 1 view .LVU74
1184:Core/Src/main.c ****   HAL_GPIO_Init(USER_Btn_GPIO_Port, &GPIO_InitStruct);
 248              		.loc 1 1184 24 is_stmt 0 view .LVU75
 249 00a4 0994     		str	r4, [sp, #36]
1185:Core/Src/main.c **** 
 250              		.loc 1 1185 3 is_stmt 1 view .LVU76
 251 00a6 07A9     		add	r1, sp, #28
ARM GAS  /tmp/ccxbErgA.s 			page 28


 252 00a8 1348     		ldr	r0, .L5+12
 253 00aa FFF7FEFF 		bl	HAL_GPIO_Init
 254              	.LVL5:
1188:Core/Src/main.c ****   GPIO_InitStruct.Mode = GPIO_MODE_OUTPUT_PP;
 255              		.loc 1 1188 3 view .LVU77
1188:Core/Src/main.c ****   GPIO_InitStruct.Mode = GPIO_MODE_OUTPUT_PP;
 256              		.loc 1 1188 23 is_stmt 0 view .LVU78
 257 00ae 44F28103 		movw	r3, #16513
 258 00b2 0793     		str	r3, [sp, #28]
1189:Core/Src/main.c ****   GPIO_InitStruct.Pull = GPIO_NOPULL;
 259              		.loc 1 1189 3 is_stmt 1 view .LVU79
1189:Core/Src/main.c ****   GPIO_InitStruct.Pull = GPIO_NOPULL;
 260              		.loc 1 1189 24 is_stmt 0 view .LVU80
 261 00b4 0126     		movs	r6, #1
 262 00b6 0896     		str	r6, [sp, #32]
1190:Core/Src/main.c ****   GPIO_InitStruct.Speed = GPIO_SPEED_FREQ_LOW;
 263              		.loc 1 1190 3 is_stmt 1 view .LVU81
1190:Core/Src/main.c ****   GPIO_InitStruct.Speed = GPIO_SPEED_FREQ_LOW;
 264              		.loc 1 1190 24 is_stmt 0 view .LVU82
 265 00b8 0994     		str	r4, [sp, #36]
1191:Core/Src/main.c ****   HAL_GPIO_Init(GPIOB, &GPIO_InitStruct);
 266              		.loc 1 1191 3 is_stmt 1 view .LVU83
1191:Core/Src/main.c ****   HAL_GPIO_Init(GPIOB, &GPIO_InitStruct);
 267              		.loc 1 1191 25 is_stmt 0 view .LVU84
 268 00ba 0A94     		str	r4, [sp, #40]
1192:Core/Src/main.c **** 
 269              		.loc 1 1192 3 is_stmt 1 view .LVU85
 270 00bc 07A9     		add	r1, sp, #28
 271 00be 3846     		mov	r0, r7
 272 00c0 FFF7FEFF 		bl	HAL_GPIO_Init
 273              	.LVL6:
1195:Core/Src/main.c ****   GPIO_InitStruct.Mode = GPIO_MODE_OUTPUT_PP;
 274              		.loc 1 1195 3 view .LVU86
1195:Core/Src/main.c ****   GPIO_InitStruct.Mode = GPIO_MODE_OUTPUT_PP;
 275              		.loc 1 1195 23 is_stmt 0 view .LVU87
 276 00c4 4023     		movs	r3, #64
 277 00c6 0793     		str	r3, [sp, #28]
1196:Core/Src/main.c ****   GPIO_InitStruct.Pull = GPIO_NOPULL;
 278              		.loc 1 1196 3 is_stmt 1 view .LVU88
1196:Core/Src/main.c ****   GPIO_InitStruct.Pull = GPIO_NOPULL;
 279              		.loc 1 1196 24 is_stmt 0 view .LVU89
 280 00c8 0896     		str	r6, [sp, #32]
1197:Core/Src/main.c ****   GPIO_InitStruct.Speed = GPIO_SPEED_FREQ_LOW;
 281              		.loc 1 1197 3 is_stmt 1 view .LVU90
1197:Core/Src/main.c ****   GPIO_InitStruct.Speed = GPIO_SPEED_FREQ_LOW;
 282              		.loc 1 1197 24 is_stmt 0 view .LVU91
 283 00ca 0994     		str	r4, [sp, #36]
1198:Core/Src/main.c ****   HAL_GPIO_Init(USB_PowerSwitchOn_GPIO_Port, &GPIO_InitStruct);
 284              		.loc 1 1198 3 is_stmt 1 view .LVU92
1198:Core/Src/main.c ****   HAL_GPIO_Init(USB_PowerSwitchOn_GPIO_Port, &GPIO_InitStruct);
 285              		.loc 1 1198 25 is_stmt 0 view .LVU93
 286 00cc 0A94     		str	r4, [sp, #40]
1199:Core/Src/main.c **** 
 287              		.loc 1 1199 3 is_stmt 1 view .LVU94
 288 00ce 07A9     		add	r1, sp, #28
 289 00d0 2846     		mov	r0, r5
 290 00d2 FFF7FEFF 		bl	HAL_GPIO_Init
ARM GAS  /tmp/ccxbErgA.s 			page 29


 291              	.LVL7:
1202:Core/Src/main.c ****   GPIO_InitStruct.Mode = GPIO_MODE_INPUT;
 292              		.loc 1 1202 3 view .LVU95
1202:Core/Src/main.c ****   GPIO_InitStruct.Mode = GPIO_MODE_INPUT;
 293              		.loc 1 1202 23 is_stmt 0 view .LVU96
 294 00d6 8023     		movs	r3, #128
 295 00d8 0793     		str	r3, [sp, #28]
1203:Core/Src/main.c ****   GPIO_InitStruct.Pull = GPIO_NOPULL;
 296              		.loc 1 1203 3 is_stmt 1 view .LVU97
1203:Core/Src/main.c ****   GPIO_InitStruct.Pull = GPIO_NOPULL;
 297              		.loc 1 1203 24 is_stmt 0 view .LVU98
 298 00da 0894     		str	r4, [sp, #32]
1204:Core/Src/main.c ****   HAL_GPIO_Init(USB_OverCurrent_GPIO_Port, &GPIO_InitStruct);
 299              		.loc 1 1204 3 is_stmt 1 view .LVU99
1204:Core/Src/main.c ****   HAL_GPIO_Init(USB_OverCurrent_GPIO_Port, &GPIO_InitStruct);
 300              		.loc 1 1204 24 is_stmt 0 view .LVU100
 301 00dc 0994     		str	r4, [sp, #36]
1205:Core/Src/main.c **** 
 302              		.loc 1 1205 3 is_stmt 1 view .LVU101
 303 00de 07A9     		add	r1, sp, #28
 304 00e0 2846     		mov	r0, r5
 305 00e2 FFF7FEFF 		bl	HAL_GPIO_Init
 306              	.LVL8:
1210:Core/Src/main.c **** 
 307              		.loc 1 1210 1 is_stmt 0 view .LVU102
 308 00e6 0DB0     		add	sp, sp, #52
 309              	.LCFI5:
 310              		.cfi_def_cfa_offset 20
 311              		@ sp needed
 312 00e8 F0BD     		pop	{r4, r5, r6, r7, pc}
 313              	.L6:
 314 00ea 00BF     		.align	2
 315              	.L5:
 316 00ec 00380240 		.word	1073887232
 317 00f0 00040240 		.word	1073873920
 318 00f4 00180240 		.word	1073879040
 319 00f8 00080240 		.word	1073874944
 320              		.cfi_endproc
 321              	.LFE193:
 323              		.section	.text.MX_DMA_Init,"ax",%progbits
 324              		.align	1
 325              		.syntax unified
 326              		.thumb
 327              		.thumb_func
 329              	MX_DMA_Init:
 330              	.LFB192:
1139:Core/Src/main.c **** 
 331              		.loc 1 1139 1 is_stmt 1 view -0
 332              		.cfi_startproc
 333              		@ args = 0, pretend = 0, frame = 8
 334              		@ frame_needed = 0, uses_anonymous_args = 0
 335 0000 00B5     		push	{lr}
 336              	.LCFI6:
 337              		.cfi_def_cfa_offset 4
 338              		.cfi_offset 14, -4
 339 0002 83B0     		sub	sp, sp, #12
 340              	.LCFI7:
ARM GAS  /tmp/ccxbErgA.s 			page 30


 341              		.cfi_def_cfa_offset 16
1142:Core/Src/main.c ****   __HAL_RCC_DMA2_CLK_ENABLE();
 342              		.loc 1 1142 3 view .LVU104
 343              	.LBB10:
1142:Core/Src/main.c ****   __HAL_RCC_DMA2_CLK_ENABLE();
 344              		.loc 1 1142 3 view .LVU105
1142:Core/Src/main.c ****   __HAL_RCC_DMA2_CLK_ENABLE();
 345              		.loc 1 1142 3 view .LVU106
 346 0004 124B     		ldr	r3, .L9
 347 0006 1A6B     		ldr	r2, [r3, #48]
 348 0008 42F40012 		orr	r2, r2, #2097152
 349 000c 1A63     		str	r2, [r3, #48]
1142:Core/Src/main.c ****   __HAL_RCC_DMA2_CLK_ENABLE();
 350              		.loc 1 1142 3 view .LVU107
 351 000e 1A6B     		ldr	r2, [r3, #48]
 352 0010 02F40012 		and	r2, r2, #2097152
 353 0014 0092     		str	r2, [sp]
1142:Core/Src/main.c ****   __HAL_RCC_DMA2_CLK_ENABLE();
 354              		.loc 1 1142 3 view .LVU108
 355 0016 009A     		ldr	r2, [sp]
 356              	.LBE10:
1142:Core/Src/main.c ****   __HAL_RCC_DMA2_CLK_ENABLE();
 357              		.loc 1 1142 3 view .LVU109
1143:Core/Src/main.c **** 
 358              		.loc 1 1143 3 view .LVU110
 359              	.LBB11:
1143:Core/Src/main.c **** 
 360              		.loc 1 1143 3 view .LVU111
1143:Core/Src/main.c **** 
 361              		.loc 1 1143 3 view .LVU112
 362 0018 1A6B     		ldr	r2, [r3, #48]
 363 001a 42F48002 		orr	r2, r2, #4194304
 364 001e 1A63     		str	r2, [r3, #48]
1143:Core/Src/main.c **** 
 365              		.loc 1 1143 3 view .LVU113
 366 0020 1B6B     		ldr	r3, [r3, #48]
 367 0022 03F48003 		and	r3, r3, #4194304
 368 0026 0193     		str	r3, [sp, #4]
1143:Core/Src/main.c **** 
 369              		.loc 1 1143 3 view .LVU114
 370 0028 019B     		ldr	r3, [sp, #4]
 371              	.LBE11:
1143:Core/Src/main.c **** 
 372              		.loc 1 1143 3 view .LVU115
1147:Core/Src/main.c ****   HAL_NVIC_EnableIRQ(DMA1_Stream5_IRQn);
 373              		.loc 1 1147 3 view .LVU116
 374 002a 0022     		movs	r2, #0
 375 002c 1146     		mov	r1, r2
 376 002e 1020     		movs	r0, #16
 377 0030 FFF7FEFF 		bl	HAL_NVIC_SetPriority
 378              	.LVL9:
1148:Core/Src/main.c ****   /* DMA2_Stream0_IRQn interrupt configuration */
 379              		.loc 1 1148 3 view .LVU117
 380 0034 1020     		movs	r0, #16
 381 0036 FFF7FEFF 		bl	HAL_NVIC_EnableIRQ
 382              	.LVL10:
1150:Core/Src/main.c ****   HAL_NVIC_EnableIRQ(DMA2_Stream0_IRQn);
ARM GAS  /tmp/ccxbErgA.s 			page 31


 383              		.loc 1 1150 3 view .LVU118
 384 003a 0022     		movs	r2, #0
 385 003c 1146     		mov	r1, r2
 386 003e 3820     		movs	r0, #56
 387 0040 FFF7FEFF 		bl	HAL_NVIC_SetPriority
 388              	.LVL11:
1151:Core/Src/main.c **** 
 389              		.loc 1 1151 3 view .LVU119
 390 0044 3820     		movs	r0, #56
 391 0046 FFF7FEFF 		bl	HAL_NVIC_EnableIRQ
 392              	.LVL12:
1153:Core/Src/main.c **** 
 393              		.loc 1 1153 1 is_stmt 0 view .LVU120
 394 004a 03B0     		add	sp, sp, #12
 395              	.LCFI8:
 396              		.cfi_def_cfa_offset 4
 397              		@ sp needed
 398 004c 5DF804FB 		ldr	pc, [sp], #4
 399              	.L10:
 400              		.align	2
 401              	.L9:
 402 0050 00380240 		.word	1073887232
 403              		.cfi_endproc
 404              	.LFE192:
 406              		.section	.text.HAL_ADC_ConvHalfCpltCallback,"ax",%progbits
 407              		.align	1
 408              		.global	HAL_ADC_ConvHalfCpltCallback
 409              		.syntax unified
 410              		.thumb
 411              		.thumb_func
 413              	HAL_ADC_ConvHalfCpltCallback:
 414              	.LVL13:
 415              	.LFB174:
 233:Core/Src/main.c ****     block_ready = 1;
 416              		.loc 1 233 1 is_stmt 1 view -0
 417              		.cfi_startproc
 418              		@ args = 0, pretend = 0, frame = 0
 419              		@ frame_needed = 0, uses_anonymous_args = 0
 420              		@ link register save eliminated.
 234:Core/Src/main.c **** }
 421              		.loc 1 234 5 view .LVU122
 234:Core/Src/main.c **** }
 422              		.loc 1 234 17 is_stmt 0 view .LVU123
 423 0000 014B     		ldr	r3, .L12
 424 0002 0122     		movs	r2, #1
 425 0004 1A70     		strb	r2, [r3]
 235:Core/Src/main.c **** 
 426              		.loc 1 235 1 view .LVU124
 427 0006 7047     		bx	lr
 428              	.L13:
 429              		.align	2
 430              	.L12:
 431 0008 00000000 		.word	block_ready
 432              		.cfi_endproc
 433              	.LFE174:
 435              		.section	.text.HAL_ADC_ConvCpltCallback,"ax",%progbits
 436              		.align	1
ARM GAS  /tmp/ccxbErgA.s 			page 32


 437              		.global	HAL_ADC_ConvCpltCallback
 438              		.syntax unified
 439              		.thumb
 440              		.thumb_func
 442              	HAL_ADC_ConvCpltCallback:
 443              	.LVL14:
 444              	.LFB175:
 238:Core/Src/main.c ****     block_ready = 2;
 445              		.loc 1 238 1 is_stmt 1 view -0
 446              		.cfi_startproc
 447              		@ args = 0, pretend = 0, frame = 0
 448              		@ frame_needed = 0, uses_anonymous_args = 0
 449              		@ link register save eliminated.
 239:Core/Src/main.c **** }
 450              		.loc 1 239 5 view .LVU126
 239:Core/Src/main.c **** }
 451              		.loc 1 239 17 is_stmt 0 view .LVU127
 452 0000 014B     		ldr	r3, .L15
 453 0002 0222     		movs	r2, #2
 454 0004 1A70     		strb	r2, [r3]
 240:Core/Src/main.c **** 
 455              		.loc 1 240 1 view .LVU128
 456 0006 7047     		bx	lr
 457              	.L16:
 458              		.align	2
 459              	.L15:
 460 0008 00000000 		.word	block_ready
 461              		.cfi_endproc
 462              	.LFE175:
 464              		.section	.text.HAL_DAC_ConvHalfCpltCallbackCh1,"ax",%progbits
 465              		.align	1
 466              		.global	HAL_DAC_ConvHalfCpltCallbackCh1
 467              		.syntax unified
 468              		.thumb
 469              		.thumb_func
 471              	HAL_DAC_ConvHalfCpltCallbackCh1:
 472              	.LVL15:
 473              	.LFB176:
 245:Core/Src/main.c ****     // DAC half conversion complete callback (channel 1)
 474              		.loc 1 245 1 is_stmt 1 view -0
 475              		.cfi_startproc
 476              		@ args = 0, pretend = 0, frame = 0
 477              		@ frame_needed = 0, uses_anonymous_args = 0
 478              		@ link register save eliminated.
 248:Core/Src/main.c **** }
 479              		.loc 1 248 5 view .LVU130
 248:Core/Src/main.c **** }
 480              		.loc 1 248 26 is_stmt 0 view .LVU131
 481 0000 014B     		ldr	r3, .L18
 482 0002 0122     		movs	r2, #1
 483 0004 1A70     		strb	r2, [r3]
 249:Core/Src/main.c **** 
 484              		.loc 1 249 1 view .LVU132
 485 0006 7047     		bx	lr
 486              	.L19:
 487              		.align	2
 488              	.L18:
ARM GAS  /tmp/ccxbErgA.s 			page 33


 489 0008 00000000 		.word	dac_block_processing
 490              		.cfi_endproc
 491              	.LFE176:
 493              		.section	.text.HAL_DAC_ConvCpltCallbackCh1,"ax",%progbits
 494              		.align	1
 495              		.global	HAL_DAC_ConvCpltCallbackCh1
 496              		.syntax unified
 497              		.thumb
 498              		.thumb_func
 500              	HAL_DAC_ConvCpltCallbackCh1:
 501              	.LVL16:
 502              	.LFB177:
 253:Core/Src/main.c ****     // DAC conversion complete callback (channel 1)
 503              		.loc 1 253 1 is_stmt 1 view -0
 504              		.cfi_startproc
 505              		@ args = 0, pretend = 0, frame = 0
 506              		@ frame_needed = 0, uses_anonymous_args = 0
 507              		@ link register save eliminated.
 256:Core/Src/main.c **** }
 508              		.loc 1 256 5 view .LVU134
 256:Core/Src/main.c **** }
 509              		.loc 1 256 26 is_stmt 0 view .LVU135
 510 0000 014B     		ldr	r3, .L21
 511 0002 0222     		movs	r2, #2
 512 0004 1A70     		strb	r2, [r3]
 257:Core/Src/main.c **** 
 513              		.loc 1 257 1 view .LVU136
 514 0006 7047     		bx	lr
 515              	.L22:
 516              		.align	2
 517              	.L21:
 518 0008 00000000 		.word	dac_block_processing
 519              		.cfi_endproc
 520              	.LFE177:
 522              		.section	.text.ssb_process_block,"ax",%progbits
 523              		.align	1
 524              		.global	ssb_process_block
 525              		.syntax unified
 526              		.thumb
 527              		.thumb_func
 529              	ssb_process_block:
 530              	.LVL17:
 531              	.LFB178:
 387:Core/Src/main.c ****     static float I_buf[BLOCK_SIZE/2];
 532              		.loc 1 387 1 is_stmt 1 view -0
 533              		.cfi_startproc
 534              		@ args = 0, pretend = 0, frame = 0
 535              		@ frame_needed = 0, uses_anonymous_args = 0
 387:Core/Src/main.c ****     static float I_buf[BLOCK_SIZE/2];
 536              		.loc 1 387 1 is_stmt 0 view .LVU138
 537 0000 2DE9F843 		push	{r3, r4, r5, r6, r7, r8, r9, lr}
 538              	.LCFI9:
 539              		.cfi_def_cfa_offset 32
 540              		.cfi_offset 3, -32
 541              		.cfi_offset 4, -28
 542              		.cfi_offset 5, -24
 543              		.cfi_offset 6, -20
ARM GAS  /tmp/ccxbErgA.s 			page 34


 544              		.cfi_offset 7, -16
 545              		.cfi_offset 8, -12
 546              		.cfi_offset 9, -8
 547              		.cfi_offset 14, -4
 548 0004 2DED028B 		vpush.64	{d8}
 549              	.LCFI10:
 550              		.cfi_def_cfa_offset 40
 551              		.cfi_offset 80, -40
 552              		.cfi_offset 81, -36
 553 0008 0D46     		mov	r5, r1
 554 000a 1446     		mov	r4, r2
 388:Core/Src/main.c ****     static float Q_buf[BLOCK_SIZE/2];
 555              		.loc 1 388 5 is_stmt 1 view .LVU139
 389:Core/Src/main.c **** 
 556              		.loc 1 389 5 view .LVU140
 391:Core/Src/main.c ****     static float NCO_buf[BLOCK_SIZE];   // interleaved cos/sin
 557              		.loc 1 391 5 view .LVU141
 392:Core/Src/main.c ****     static float IQ_mix[BLOCK_SIZE];    // interleaved I/Q
 558              		.loc 1 392 5 view .LVU142
 393:Core/Src/main.c **** 
 559              		.loc 1 393 5 view .LVU143
 395:Core/Src/main.c **** 
 560              		.loc 1 395 5 view .LVU144
 400:Core/Src/main.c ****     {
 561              		.loc 1 400 5 view .LVU145
 562              	.LBB12:
 400:Core/Src/main.c ****     {
 563              		.loc 1 400 10 view .LVU146
 564              	.LVL18:
 400:Core/Src/main.c ****     {
 565              		.loc 1 400 14 is_stmt 0 view .LVU147
 566 000c 0022     		movs	r2, #0
 567              	.LVL19:
 400:Core/Src/main.c ****     {
 568              		.loc 1 400 5 view .LVU148
 569 000e 15E0     		b	.L24
 570              	.LVL20:
 571              	.L25:
 572              	.LBB13:
 402:Core/Src/main.c ****         I_buf[i] = ((float)raw - 2048.0f) / 2048.0f;
 573              		.loc 1 402 9 is_stmt 1 view .LVU149
 402:Core/Src/main.c ****         I_buf[i] = ((float)raw - 2048.0f) / 2048.0f;
 574              		.loc 1 402 26 is_stmt 0 view .LVU150
 575 0010 50F82230 		ldr	r3, [r0, r2, lsl #2]
 402:Core/Src/main.c ****         I_buf[i] = ((float)raw - 2048.0f) / 2048.0f;
 576              		.loc 1 402 18 view .LVU151
 577 0014 C3F30B03 		ubfx	r3, r3, #0, #12
 578 0018 07EE903A 		vmov	s15, r3	@ int
 579              	.LVL21:
 403:Core/Src/main.c ****     }
 580              		.loc 1 403 9 is_stmt 1 view .LVU152
 403:Core/Src/main.c ****     }
 581              		.loc 1 403 21 is_stmt 0 view .LVU153
 582 001c F8EE677A 		vcvt.f32.u32	s15, s15
 403:Core/Src/main.c ****     }
 583              		.loc 1 403 32 view .LVU154
 584 0020 9FED767A 		vldr.32	s14, .L53
ARM GAS  /tmp/ccxbErgA.s 			page 35


 585 0024 77EEC77A 		vsub.f32	s15, s15, s14
 403:Core/Src/main.c ****     }
 586              		.loc 1 403 43 view .LVU155
 587 0028 9FED757A 		vldr.32	s14, .L53+4
 588 002c 67EE877A 		vmul.f32	s15, s15, s14
 403:Core/Src/main.c ****     }
 589              		.loc 1 403 18 view .LVU156
 590 0030 744B     		ldr	r3, .L53+8
 591              	.LVL22:
 403:Core/Src/main.c ****     }
 592              		.loc 1 403 18 view .LVU157
 593 0032 03EB8203 		add	r3, r3, r2, lsl #2
 594 0036 C3ED007A 		vstr.32	s15, [r3]
 595              	.LVL23:
 403:Core/Src/main.c ****     }
 596              		.loc 1 403 18 view .LVU158
 597              	.LBE13:
 400:Core/Src/main.c ****     {
 598              		.loc 1 400 29 is_stmt 1 discriminator 3 view .LVU159
 599 003a 0132     		adds	r2, r2, #1
 600              	.LVL24:
 601              	.L24:
 400:Core/Src/main.c ****     {
 602              		.loc 1 400 23 discriminator 1 view .LVU160
 603 003c A242     		cmp	r2, r4
 604 003e E7DB     		blt	.L25
 605              	.LBE12:
 409:Core/Src/main.c **** 
 606              		.loc 1 409 5 view .LVU161
 607 0040 2346     		mov	r3, r4
 608 0042 714A     		ldr	r2, .L53+12
 609              	.LVL25:
 409:Core/Src/main.c **** 
 610              		.loc 1 409 5 is_stmt 0 view .LVU162
 611 0044 6F49     		ldr	r1, .L53+8
 612              	.LVL26:
 409:Core/Src/main.c **** 
 613              		.loc 1 409 5 view .LVU163
 614 0046 7148     		ldr	r0, .L53+16
 615              	.LVL27:
 409:Core/Src/main.c **** 
 616              		.loc 1 409 5 view .LVU164
 617 0048 FFF7FEFF 		bl	arm_fir_f32
 618              	.LVL28:
 414:Core/Src/main.c ****     {
 619              		.loc 1 414 5 is_stmt 1 view .LVU165
 620              	.LBB14:
 414:Core/Src/main.c ****     {
 621              		.loc 1 414 10 view .LVU166
 414:Core/Src/main.c ****     {
 622              		.loc 1 414 14 is_stmt 0 view .LVU167
 623 004c 0023     		movs	r3, #0
 414:Core/Src/main.c ****     {
 624              		.loc 1 414 5 view .LVU168
 625 004e 11E0     		b	.L26
 626              	.LVL29:
 627              	.L27:
ARM GAS  /tmp/ccxbErgA.s 			page 36


 416:Core/Src/main.c ****         IQ_in[2*i + 1] = Q_buf[i];
 628              		.loc 1 416 9 is_stmt 1 view .LVU169
 416:Core/Src/main.c ****         IQ_in[2*i + 1] = Q_buf[i];
 629              		.loc 1 416 19 is_stmt 0 view .LVU170
 630 0050 5900     		lsls	r1, r3, #1
 416:Core/Src/main.c ****         IQ_in[2*i + 1] = Q_buf[i];
 631              		.loc 1 416 31 view .LVU171
 632 0052 6C4A     		ldr	r2, .L53+8
 633 0054 02EB8302 		add	r2, r2, r3, lsl #2
 634 0058 1668     		ldr	r6, [r2]	@ float
 416:Core/Src/main.c ****         IQ_in[2*i + 1] = Q_buf[i];
 635              		.loc 1 416 24 view .LVU172
 636 005a 6D4A     		ldr	r2, .L53+20
 637 005c 02EBC300 		add	r0, r2, r3, lsl #3
 638 0060 0660     		str	r6, [r0]	@ float
 417:Core/Src/main.c ****     }
 639              		.loc 1 417 9 is_stmt 1 view .LVU173
 417:Core/Src/main.c ****     }
 640              		.loc 1 417 19 is_stmt 0 view .LVU174
 641 0062 0131     		adds	r1, r1, #1
 417:Core/Src/main.c ****     }
 642              		.loc 1 417 31 view .LVU175
 643 0064 6848     		ldr	r0, .L53+12
 644 0066 00EB8300 		add	r0, r0, r3, lsl #2
 645 006a 0068     		ldr	r0, [r0]	@ float
 417:Core/Src/main.c ****     }
 646              		.loc 1 417 24 view .LVU176
 647 006c 02EB8102 		add	r2, r2, r1, lsl #2
 648 0070 1060     		str	r0, [r2]	@ float
 414:Core/Src/main.c ****     {
 649              		.loc 1 414 29 is_stmt 1 discriminator 3 view .LVU177
 650 0072 0133     		adds	r3, r3, #1
 651              	.LVL30:
 652              	.L26:
 414:Core/Src/main.c ****     {
 653              		.loc 1 414 23 discriminator 1 view .LVU178
 654 0074 A342     		cmp	r3, r4
 655 0076 EBDB     		blt	.L27
 656              	.LBE14:
 657              	.LBB15:
 423:Core/Src/main.c ****     {
 658              		.loc 1 423 14 is_stmt 0 view .LVU179
 659 0078 0026     		movs	r6, #0
 660 007a 1DE0     		b	.L28
 661              	.LVL31:
 662              	.L29:
 663              	.LBB16:
 425:Core/Src/main.c ****         float sn = sinf(nco.phase);
 664              		.loc 1 425 9 is_stmt 1 view .LVU180
 425:Core/Src/main.c ****         float sn = sinf(nco.phase);
 665              		.loc 1 425 20 is_stmt 0 view .LVU181
 666 007c DFF8B891 		ldr	r9, .L53+60
 667 0080 99ED008A 		vldr.32	s16, [r9]
 668 0084 B0EE480A 		vmov.f32	s0, s16
 669 0088 FFF7FEFF 		bl	cosf
 670              	.LVL32:
 671 008c 10EE108A 		vmov	r8, s0
ARM GAS  /tmp/ccxbErgA.s 			page 37


 672              	.LVL33:
 426:Core/Src/main.c ****         nco_step(&nco);
 673              		.loc 1 426 9 is_stmt 1 view .LVU182
 426:Core/Src/main.c ****         nco_step(&nco);
 674              		.loc 1 426 20 is_stmt 0 view .LVU183
 675 0090 B0EE480A 		vmov.f32	s0, s16
 676 0094 FFF7FEFF 		bl	sinf
 677              	.LVL34:
 678 0098 10EE107A 		vmov	r7, s0
 679              	.LVL35:
 427:Core/Src/main.c **** 
 680              		.loc 1 427 9 is_stmt 1 view .LVU184
 681 009c 4846     		mov	r0, r9
 682 009e FFF7FEFF 		bl	nco_step
 683              	.LVL36:
 429:Core/Src/main.c ****         NCO_buf[2*i + 1] = sn;
 684              		.loc 1 429 9 view .LVU185
 429:Core/Src/main.c ****         NCO_buf[2*i + 1] = sn;
 685              		.loc 1 429 21 is_stmt 0 view .LVU186
 686 00a2 7200     		lsls	r2, r6, #1
 429:Core/Src/main.c ****         NCO_buf[2*i + 1] = sn;
 687              		.loc 1 429 26 view .LVU187
 688 00a4 5B4B     		ldr	r3, .L53+24
 689 00a6 03EBC601 		add	r1, r3, r6, lsl #3
 690 00aa C1F80080 		str	r8, [r1]	@ float
 430:Core/Src/main.c ****     }
 691              		.loc 1 430 9 is_stmt 1 view .LVU188
 430:Core/Src/main.c ****     }
 692              		.loc 1 430 21 is_stmt 0 view .LVU189
 693 00ae 0132     		adds	r2, r2, #1
 430:Core/Src/main.c ****     }
 694              		.loc 1 430 26 view .LVU190
 695 00b0 03EB8203 		add	r3, r3, r2, lsl #2
 696 00b4 1F60     		str	r7, [r3]	@ float
 697              	.LBE16:
 423:Core/Src/main.c ****     {
 698              		.loc 1 423 29 is_stmt 1 discriminator 3 view .LVU191
 699 00b6 0136     		adds	r6, r6, #1
 700              	.LVL37:
 701              	.L28:
 423:Core/Src/main.c ****     {
 702              		.loc 1 423 23 discriminator 1 view .LVU192
 703 00b8 A642     		cmp	r6, r4
 704 00ba DFDB     		blt	.L29
 705              	.LBE15:
 436:Core/Src/main.c **** 
 706              		.loc 1 436 5 view .LVU193
 707 00bc 2346     		mov	r3, r4
 708 00be 564A     		ldr	r2, .L53+28
 709 00c0 5449     		ldr	r1, .L53+24
 710 00c2 5348     		ldr	r0, .L53+20
 711 00c4 FFF7FEFF 		bl	arm_cmplx_mult_cmplx_f32
 712              	.LVL38:
 441:Core/Src/main.c ****     {
 713              		.loc 1 441 5 view .LVU194
 714              	.LBB17:
 441:Core/Src/main.c ****     {
ARM GAS  /tmp/ccxbErgA.s 			page 38


 715              		.loc 1 441 10 view .LVU195
 441:Core/Src/main.c ****     {
 716              		.loc 1 441 14 is_stmt 0 view .LVU196
 717 00c8 0023     		movs	r3, #0
 441:Core/Src/main.c ****     {
 718              		.loc 1 441 5 view .LVU197
 719 00ca 11E0     		b	.L30
 720              	.LVL39:
 721              	.L31:
 443:Core/Src/main.c ****         Q_buf[i] = IQ_mix[2*i + 1];
 722              		.loc 1 443 9 is_stmt 1 view .LVU198
 443:Core/Src/main.c ****         Q_buf[i] = IQ_mix[2*i + 1];
 723              		.loc 1 443 31 is_stmt 0 view .LVU199
 724 00cc 5900     		lsls	r1, r3, #1
 443:Core/Src/main.c ****         Q_buf[i] = IQ_mix[2*i + 1];
 725              		.loc 1 443 26 view .LVU200
 726 00ce 524A     		ldr	r2, .L53+28
 727 00d0 02EBC300 		add	r0, r2, r3, lsl #3
 728 00d4 0668     		ldr	r6, [r0]	@ float
 443:Core/Src/main.c ****         Q_buf[i] = IQ_mix[2*i + 1];
 729              		.loc 1 443 18 view .LVU201
 730 00d6 4B48     		ldr	r0, .L53+8
 731 00d8 00EB8300 		add	r0, r0, r3, lsl #2
 732 00dc 0660     		str	r6, [r0]	@ float
 444:Core/Src/main.c ****     }
 733              		.loc 1 444 9 is_stmt 1 view .LVU202
 444:Core/Src/main.c ****     }
 734              		.loc 1 444 31 is_stmt 0 view .LVU203
 735 00de 0131     		adds	r1, r1, #1
 444:Core/Src/main.c ****     }
 736              		.loc 1 444 26 view .LVU204
 737 00e0 02EB8102 		add	r2, r2, r1, lsl #2
 738 00e4 1168     		ldr	r1, [r2]	@ float
 444:Core/Src/main.c ****     }
 739              		.loc 1 444 18 view .LVU205
 740 00e6 484A     		ldr	r2, .L53+12
 741 00e8 02EB8302 		add	r2, r2, r3, lsl #2
 742 00ec 1160     		str	r1, [r2]	@ float
 441:Core/Src/main.c ****     {
 743              		.loc 1 441 29 is_stmt 1 discriminator 3 view .LVU206
 744 00ee 0133     		adds	r3, r3, #1
 745              	.LVL40:
 746              	.L30:
 441:Core/Src/main.c ****     {
 747              		.loc 1 441 23 discriminator 1 view .LVU207
 748 00f0 A342     		cmp	r3, r4
 749 00f2 EBDB     		blt	.L31
 750              	.LBE17:
 450:Core/Src/main.c ****     arm_fir_f32(&pre_fm_Q, Q_buf, Q_buf, n);
 751              		.loc 1 450 5 view .LVU208
 752 00f4 4349     		ldr	r1, .L53+8
 753 00f6 2346     		mov	r3, r4
 754              	.LVL41:
 450:Core/Src/main.c ****     arm_fir_f32(&pre_fm_Q, Q_buf, Q_buf, n);
 755              		.loc 1 450 5 is_stmt 0 view .LVU209
 756 00f8 0A46     		mov	r2, r1
 757 00fa 4848     		ldr	r0, .L53+32
ARM GAS  /tmp/ccxbErgA.s 			page 39


 758 00fc FFF7FEFF 		bl	arm_fir_f32
 759              	.LVL42:
 451:Core/Src/main.c **** 
 760              		.loc 1 451 5 is_stmt 1 view .LVU210
 761 0100 4149     		ldr	r1, .L53+12
 762 0102 2346     		mov	r3, r4
 763 0104 0A46     		mov	r2, r1
 764 0106 4648     		ldr	r0, .L53+36
 765 0108 FFF7FEFF 		bl	arm_fir_f32
 766              	.LVL43:
 456:Core/Src/main.c ****     {
 767              		.loc 1 456 5 view .LVU211
 456:Core/Src/main.c ****     {
 768              		.loc 1 456 13 is_stmt 0 view .LVU212
 769 010c 454B     		ldr	r3, .L53+40
 770 010e 1B68     		ldr	r3, [r3]
 456:Core/Src/main.c ****     {
 771              		.loc 1 456 7 view .LVU213
 772 0110 012B     		cmp	r3, #1
 773 0112 18D0     		beq	.L51
 462:Core/Src/main.c ****     {
 774              		.loc 1 462 10 is_stmt 1 view .LVU214
 462:Core/Src/main.c ****     {
 775              		.loc 1 462 13 is_stmt 0 view .LVU215
 776 0114 022B     		cmp	r3, #2
 777 0116 2DD0     		beq	.L46
 778              	.LBB18:
 470:Core/Src/main.c ****             audio_buf[i] = 0.0f;
 779              		.loc 1 470 18 view .LVU216
 780 0118 0023     		movs	r3, #0
 781 011a 33E0     		b	.L37
 782              	.LVL44:
 783              	.L34:
 470:Core/Src/main.c ****             audio_buf[i] = 0.0f;
 784              		.loc 1 470 18 view .LVU217
 785              	.LBE18:
 786              	.LBB19:
 460:Core/Src/main.c ****     }
 787              		.loc 1 460 13 is_stmt 1 view .LVU218
 460:Core/Src/main.c ****     }
 788              		.loc 1 460 33 is_stmt 0 view .LVU219
 789 011c 394A     		ldr	r2, .L53+8
 790 011e 02EB8302 		add	r2, r2, r3, lsl #2
 791 0122 D2ED007A 		vldr.32	s15, [r2]
 460:Core/Src/main.c ****     }
 792              		.loc 1 460 44 view .LVU220
 793 0126 384A     		ldr	r2, .L53+12
 794 0128 02EB8302 		add	r2, r2, r3, lsl #2
 795 012c 92ED007A 		vldr.32	s14, [r2]
 460:Core/Src/main.c ****     }
 796              		.loc 1 460 37 view .LVU221
 797 0130 77EE877A 		vadd.f32	s15, s15, s14
 460:Core/Src/main.c ****     }
 798              		.loc 1 460 26 view .LVU222
 799 0134 3C4A     		ldr	r2, .L53+44
 800 0136 02EB8302 		add	r2, r2, r3, lsl #2
 801 013a C2ED007A 		vstr.32	s15, [r2]
ARM GAS  /tmp/ccxbErgA.s 			page 40


 459:Core/Src/main.c ****             audio_buf[i] = I_buf[i] + Q_buf[i];
 802              		.loc 1 459 33 is_stmt 1 discriminator 3 view .LVU223
 803 013e 0133     		adds	r3, r3, #1
 804              	.LVL45:
 805              	.L32:
 459:Core/Src/main.c ****             audio_buf[i] = I_buf[i] + Q_buf[i];
 806              		.loc 1 459 27 discriminator 1 view .LVU224
 807 0140 A342     		cmp	r3, r4
 808 0142 EBDB     		blt	.L34
 809 0144 20E0     		b	.L35
 810              	.LVL46:
 811              	.L51:
 459:Core/Src/main.c ****             audio_buf[i] = I_buf[i] + Q_buf[i];
 812              		.loc 1 459 18 is_stmt 0 view .LVU225
 813 0146 0023     		movs	r3, #0
 814 0148 FAE7     		b	.L32
 815              	.LVL47:
 816              	.L38:
 459:Core/Src/main.c ****             audio_buf[i] = I_buf[i] + Q_buf[i];
 817              		.loc 1 459 18 view .LVU226
 818              	.LBE19:
 819              	.LBB20:
 466:Core/Src/main.c ****     }
 820              		.loc 1 466 13 is_stmt 1 view .LVU227
 466:Core/Src/main.c ****     }
 821              		.loc 1 466 33 is_stmt 0 view .LVU228
 822 014a 2E4A     		ldr	r2, .L53+8
 823 014c 02EB8302 		add	r2, r2, r3, lsl #2
 824 0150 D2ED007A 		vldr.32	s15, [r2]
 466:Core/Src/main.c ****     }
 825              		.loc 1 466 44 view .LVU229
 826 0154 2C4A     		ldr	r2, .L53+12
 827 0156 02EB8302 		add	r2, r2, r3, lsl #2
 828 015a 92ED007A 		vldr.32	s14, [r2]
 466:Core/Src/main.c ****     }
 829              		.loc 1 466 37 view .LVU230
 830 015e 77EEC77A 		vsub.f32	s15, s15, s14
 466:Core/Src/main.c ****     }
 831              		.loc 1 466 26 view .LVU231
 832 0162 314A     		ldr	r2, .L53+44
 833 0164 02EB8302 		add	r2, r2, r3, lsl #2
 834 0168 C2ED007A 		vstr.32	s15, [r2]
 465:Core/Src/main.c ****             audio_buf[i] = I_buf[i] - Q_buf[i];
 835              		.loc 1 465 33 is_stmt 1 discriminator 3 view .LVU232
 836 016c 0133     		adds	r3, r3, #1
 837              	.LVL48:
 838              	.L36:
 465:Core/Src/main.c ****             audio_buf[i] = I_buf[i] - Q_buf[i];
 839              		.loc 1 465 27 discriminator 1 view .LVU233
 840 016e A342     		cmp	r3, r4
 841 0170 EBDB     		blt	.L38
 842 0172 09E0     		b	.L35
 843              	.LVL49:
 844              	.L46:
 465:Core/Src/main.c ****             audio_buf[i] = I_buf[i] - Q_buf[i];
 845              		.loc 1 465 18 is_stmt 0 view .LVU234
 846 0174 0023     		movs	r3, #0
ARM GAS  /tmp/ccxbErgA.s 			page 41


 847 0176 FAE7     		b	.L36
 848              	.LVL50:
 849              	.L40:
 465:Core/Src/main.c ****             audio_buf[i] = I_buf[i] - Q_buf[i];
 850              		.loc 1 465 18 view .LVU235
 851              	.LBE20:
 852              	.LBB21:
 471:Core/Src/main.c ****     }
 853              		.loc 1 471 13 is_stmt 1 view .LVU236
 471:Core/Src/main.c ****     }
 854              		.loc 1 471 26 is_stmt 0 view .LVU237
 855 0178 2B4A     		ldr	r2, .L53+44
 856 017a 02EB8302 		add	r2, r2, r3, lsl #2
 857 017e 0021     		movs	r1, #0
 858 0180 1160     		str	r1, [r2]	@ float
 470:Core/Src/main.c ****             audio_buf[i] = 0.0f;
 859              		.loc 1 470 33 is_stmt 1 discriminator 3 view .LVU238
 860 0182 0133     		adds	r3, r3, #1
 861              	.LVL51:
 862              	.L37:
 470:Core/Src/main.c ****             audio_buf[i] = 0.0f;
 863              		.loc 1 470 27 discriminator 1 view .LVU239
 864 0184 A342     		cmp	r3, r4
 865 0186 F7DB     		blt	.L40
 866              	.LVL52:
 867              	.L35:
 470:Core/Src/main.c ****             audio_buf[i] = 0.0f;
 868              		.loc 1 470 18 is_stmt 0 view .LVU240
 869 0188 0022     		movs	r2, #0
 870 018a 0BE0     		b	.L39
 871              	.LVL53:
 872              	.L41:
 470:Core/Src/main.c ****             audio_buf[i] = 0.0f;
 873              		.loc 1 470 18 view .LVU241
 874              	.LBE21:
 875              	.LBB22:
 478:Core/Src/main.c **** 
 876              		.loc 1 478 9 is_stmt 1 view .LVU242
 478:Core/Src/main.c **** 
 877              		.loc 1 478 18 is_stmt 0 view .LVU243
 878 018c 264B     		ldr	r3, .L53+44
 879 018e 03EB8203 		add	r3, r3, r2, lsl #2
 880 0192 D3ED007A 		vldr.32	s15, [r3]
 478:Core/Src/main.c **** 
 881              		.loc 1 478 22 view .LVU244
 882 0196 9FED257A 		vldr.32	s14, .L53+48
 883 019a 67EE877A 		vmul.f32	s15, s15, s14
 884 019e C3ED007A 		vstr.32	s15, [r3]
 477:Core/Src/main.c ****         audio_buf[i] *= 1500.0f;
 885              		.loc 1 477 29 is_stmt 1 discriminator 3 view .LVU245
 886 01a2 0132     		adds	r2, r2, #1
 887              	.LVL54:
 888              	.L39:
 477:Core/Src/main.c ****         audio_buf[i] *= 1500.0f;
 889              		.loc 1 477 23 discriminator 1 view .LVU246
 890 01a4 A242     		cmp	r2, r4
 891 01a6 F1DB     		blt	.L41
ARM GAS  /tmp/ccxbErgA.s 			page 42


 892              	.LBE22:
 893              	.LBB23:
 483:Core/Src/main.c ****     {
 894              		.loc 1 483 14 is_stmt 0 view .LVU247
 895 01a8 0023     		movs	r3, #0
 896 01aa 08E0     		b	.L42
 897              	.LVL55:
 898              	.L47:
 899              	.LBB24:
 487:Core/Src/main.c ****         if (y > 4095.0f) y = 4095.0f;
 900              		.loc 1 487 28 discriminator 1 view .LVU248
 901 01ac DFED207A 		vldr.32	s15, .L53+52
 902              	.LVL56:
 903              	.L43:
 490:Core/Src/main.c ****     }
 904              		.loc 1 490 9 is_stmt 1 view .LVU249
 490:Core/Src/main.c ****     }
 905              		.loc 1 490 18 is_stmt 0 view .LVU250
 906 01b0 FCEEE77A 		vcvt.u32.f32	s15, s15
 907              	.LVL57:
 490:Core/Src/main.c ****     }
 908              		.loc 1 490 16 view .LVU251
 909 01b4 17EE902A 		vmov	r2, s15	@ int
 910 01b8 45F82320 		str	r2, [r5, r3, lsl #2]
 911              	.LBE24:
 483:Core/Src/main.c ****     {
 912              		.loc 1 483 29 is_stmt 1 discriminator 2 view .LVU252
 913 01bc 0133     		adds	r3, r3, #1
 914              	.LVL58:
 915              	.L42:
 483:Core/Src/main.c ****     {
 916              		.loc 1 483 23 discriminator 1 view .LVU253
 917 01be A342     		cmp	r3, r4
 918 01c0 17DA     		bge	.L52
 919              	.LBB25:
 485:Core/Src/main.c **** 
 920              		.loc 1 485 9 view .LVU254
 485:Core/Src/main.c **** 
 921              		.loc 1 485 28 is_stmt 0 view .LVU255
 922 01c2 194A     		ldr	r2, .L53+44
 923 01c4 02EB8302 		add	r2, r2, r3, lsl #2
 924 01c8 D2ED007A 		vldr.32	s15, [r2]
 485:Core/Src/main.c **** 
 925              		.loc 1 485 15 view .LVU256
 926 01cc 9FED0B7A 		vldr.32	s14, .L53
 927 01d0 77EE877A 		vadd.f32	s15, s15, s14
 928              	.LVL59:
 487:Core/Src/main.c ****         if (y > 4095.0f) y = 4095.0f;
 929              		.loc 1 487 9 is_stmt 1 view .LVU257
 487:Core/Src/main.c ****         if (y > 4095.0f) y = 4095.0f;
 930              		.loc 1 487 12 is_stmt 0 view .LVU258
 931 01d4 F5EEC07A 		vcmpe.f32	s15, #0
 932 01d8 F1EE10FA 		vmrs	APSR_nzcv, FPSCR
 933 01dc E6D4     		bmi	.L47
 488:Core/Src/main.c **** 
 934              		.loc 1 488 9 is_stmt 1 view .LVU259
 488:Core/Src/main.c **** 
ARM GAS  /tmp/ccxbErgA.s 			page 43


 935              		.loc 1 488 12 is_stmt 0 view .LVU260
 936 01de 9FED157A 		vldr.32	s14, .L53+56
 937 01e2 F4EEC77A 		vcmpe.f32	s15, s14
 938 01e6 F1EE10FA 		vmrs	APSR_nzcv, FPSCR
 939 01ea E1DD     		ble	.L43
 488:Core/Src/main.c **** 
 940              		.loc 1 488 28 discriminator 1 view .LVU261
 941 01ec DFED117A 		vldr.32	s15, .L53+56
 942              	.LVL60:
 488:Core/Src/main.c **** 
 943              		.loc 1 488 28 discriminator 1 view .LVU262
 944 01f0 DEE7     		b	.L43
 945              	.LVL61:
 946              	.L52:
 488:Core/Src/main.c **** 
 947              		.loc 1 488 28 discriminator 1 view .LVU263
 948              	.LBE25:
 949              	.LBE23:
 492:Core/Src/main.c **** 
 950              		.loc 1 492 1 view .LVU264
 951 01f2 BDEC028B 		vldm	sp!, {d8}
 952              	.LCFI11:
 953              		.cfi_restore 80
 954              		.cfi_restore 81
 955              		.cfi_def_cfa_offset 32
 956 01f6 BDE8F883 		pop	{r3, r4, r5, r6, r7, r8, r9, pc}
 957              	.LVL62:
 958              	.L54:
 492:Core/Src/main.c **** 
 959              		.loc 1 492 1 view .LVU265
 960 01fa 00BF     		.align	2
 961              	.L53:
 962 01fc 00000045 		.word	1157627904
 963 0200 0000003A 		.word	973078528
 964 0204 00000000 		.word	I_buf.16
 965 0208 00000000 		.word	Q_buf.15
 966 020c 00000000 		.word	hilbert
 967 0210 00000000 		.word	IQ_in.14
 968 0214 00000000 		.word	NCO_buf.13
 969 0218 00000000 		.word	IQ_mix.12
 970 021c 00000000 		.word	pre_fm_I
 971 0220 00000000 		.word	pre_fm_Q
 972 0224 00000000 		.word	MODE
 973 0228 00000000 		.word	audio_buf.11
 974 022c 0080BB44 		.word	1153138688
 975 0230 00000000 		.word	0
 976 0234 00F07F45 		.word	1166012416
 977 0238 00000000 		.word	nco
 978              		.cfi_endproc
 979              	.LFE178:
 981              		.section	.text.nbfm_process_block,"ax",%progbits
 982              		.align	1
 983              		.global	nbfm_process_block
 984              		.syntax unified
 985              		.thumb
 986              		.thumb_func
 988              	nbfm_process_block:
ARM GAS  /tmp/ccxbErgA.s 			page 44


 989              	.LVL63:
 990              	.LFB179:
 495:Core/Src/main.c ****     static float I_if[BLOCK_SIZE];
 991              		.loc 1 495 1 is_stmt 1 view -0
 992              		.cfi_startproc
 993              		@ args = 0, pretend = 0, frame = 0
 994              		@ frame_needed = 0, uses_anonymous_args = 0
 495:Core/Src/main.c ****     static float I_if[BLOCK_SIZE];
 995              		.loc 1 495 1 is_stmt 0 view .LVU267
 996 0000 2DE9F843 		push	{r3, r4, r5, r6, r7, r8, r9, lr}
 997              	.LCFI12:
 998              		.cfi_def_cfa_offset 32
 999              		.cfi_offset 3, -32
 1000              		.cfi_offset 4, -28
 1001              		.cfi_offset 5, -24
 1002              		.cfi_offset 6, -20
 1003              		.cfi_offset 7, -16
 1004              		.cfi_offset 8, -12
 1005              		.cfi_offset 9, -8
 1006              		.cfi_offset 14, -4
 1007 0004 2DED028B 		vpush.64	{d8}
 1008              	.LCFI13:
 1009              		.cfi_def_cfa_offset 40
 1010              		.cfi_offset 80, -40
 1011              		.cfi_offset 81, -36
 1012 0008 0D46     		mov	r5, r1
 1013 000a 1446     		mov	r4, r2
 496:Core/Src/main.c ****     static float Q_if[BLOCK_SIZE];
 1014              		.loc 1 496 5 is_stmt 1 view .LVU268
 497:Core/Src/main.c **** 
 1015              		.loc 1 497 5 view .LVU269
 499:Core/Src/main.c ****     static float NCO_buf[BLOCK_SIZE * 2];  // interleaved cos/sin
 1016              		.loc 1 499 5 view .LVU270
 500:Core/Src/main.c ****     static float IQ_mix[BLOCK_SIZE * 2];   // interleaved I/Q etter mixing
 1017              		.loc 1 500 5 view .LVU271
 501:Core/Src/main.c **** 
 1018              		.loc 1 501 5 view .LVU272
 503:Core/Src/main.c ****     static float audio_lpf_out[BLOCK_SIZE];
 1019              		.loc 1 503 5 view .LVU273
 504:Core/Src/main.c **** 
 1020              		.loc 1 504 5 view .LVU274
 509:Core/Src/main.c ****     {
 1021              		.loc 1 509 5 view .LVU275
 1022              	.LBB26:
 509:Core/Src/main.c ****     {
 1023              		.loc 1 509 10 view .LVU276
 1024              	.LVL64:
 509:Core/Src/main.c ****     {
 1025              		.loc 1 509 14 is_stmt 0 view .LVU277
 1026 000c 0023     		movs	r3, #0
 509:Core/Src/main.c ****     {
 1027              		.loc 1 509 5 view .LVU278
 1028 000e 15E0     		b	.L56
 1029              	.LVL65:
 1030              	.L57:
 1031              	.LBB27:
 511:Core/Src/main.c ****         I_if[i] = ((float)raw - 2048.0f) / 2048.0f;
ARM GAS  /tmp/ccxbErgA.s 			page 45


 1032              		.loc 1 511 9 is_stmt 1 view .LVU279
 511:Core/Src/main.c ****         I_if[i] = ((float)raw - 2048.0f) / 2048.0f;
 1033              		.loc 1 511 18 is_stmt 0 view .LVU280
 1034 0010 50F82320 		ldr	r2, [r0, r3, lsl #2]
 1035 0014 C2F30B02 		ubfx	r2, r2, #0, #12
 1036 0018 07EE902A 		vmov	s15, r2	@ int
 1037              	.LVL66:
 512:Core/Src/main.c ****         //Q_if[i] = 0.0f;   // ren IF, ingen Hilbert her
 1038              		.loc 1 512 9 is_stmt 1 view .LVU281
 512:Core/Src/main.c ****         //Q_if[i] = 0.0f;   // ren IF, ingen Hilbert her
 1039              		.loc 1 512 20 is_stmt 0 view .LVU282
 1040 001c F8EE677A 		vcvt.f32.u32	s15, s15
 512:Core/Src/main.c ****         //Q_if[i] = 0.0f;   // ren IF, ingen Hilbert her
 1041              		.loc 1 512 31 view .LVU283
 1042 0020 9FED597A 		vldr.32	s14, .L71
 1043 0024 77EEC77A 		vsub.f32	s15, s15, s14
 512:Core/Src/main.c ****         //Q_if[i] = 0.0f;   // ren IF, ingen Hilbert her
 1044              		.loc 1 512 42 view .LVU284
 1045 0028 9FED587A 		vldr.32	s14, .L71+4
 1046 002c 67EE877A 		vmul.f32	s15, s15, s14
 512:Core/Src/main.c ****         //Q_if[i] = 0.0f;   // ren IF, ingen Hilbert her
 1047              		.loc 1 512 17 view .LVU285
 1048 0030 574A     		ldr	r2, .L71+8
 1049              	.LVL67:
 512:Core/Src/main.c ****         //Q_if[i] = 0.0f;   // ren IF, ingen Hilbert her
 1050              		.loc 1 512 17 view .LVU286
 1051 0032 02EB8302 		add	r2, r2, r3, lsl #2
 1052 0036 C2ED007A 		vstr.32	s15, [r2]
 1053              	.LVL68:
 512:Core/Src/main.c ****         //Q_if[i] = 0.0f;   // ren IF, ingen Hilbert her
 1054              		.loc 1 512 17 view .LVU287
 1055              	.LBE27:
 509:Core/Src/main.c ****     {
 1056              		.loc 1 509 29 is_stmt 1 discriminator 3 view .LVU288
 1057 003a 0133     		adds	r3, r3, #1
 1058              	.LVL69:
 1059              	.L56:
 509:Core/Src/main.c ****     {
 1060              		.loc 1 509 23 discriminator 1 view .LVU289
 1061 003c A342     		cmp	r3, r4
 1062 003e E7DB     		blt	.L57
 1063              	.LBE26:
 517:Core/Src/main.c **** 
 1064              		.loc 1 517 5 view .LVU290
 1065 0040 2346     		mov	r3, r4
 1066              	.LVL70:
 517:Core/Src/main.c **** 
 1067              		.loc 1 517 5 is_stmt 0 view .LVU291
 1068 0042 544A     		ldr	r2, .L71+12
 1069 0044 5249     		ldr	r1, .L71+8
 1070              	.LVL71:
 517:Core/Src/main.c **** 
 1071              		.loc 1 517 5 view .LVU292
 1072 0046 5448     		ldr	r0, .L71+16
 1073              	.LVL72:
 517:Core/Src/main.c **** 
 1074              		.loc 1 517 5 view .LVU293
ARM GAS  /tmp/ccxbErgA.s 			page 46


 1075 0048 FFF7FEFF 		bl	arm_fir_f32
 1076              	.LVL73:
 522:Core/Src/main.c ****     {
 1077              		.loc 1 522 5 is_stmt 1 view .LVU294
 1078              	.LBB28:
 522:Core/Src/main.c ****     {
 1079              		.loc 1 522 10 view .LVU295
 522:Core/Src/main.c ****     {
 1080              		.loc 1 522 14 is_stmt 0 view .LVU296
 1081 004c 0020     		movs	r0, #0
 522:Core/Src/main.c ****     {
 1082              		.loc 1 522 5 view .LVU297
 1083 004e 11E0     		b	.L58
 1084              	.LVL74:
 1085              	.L59:
 524:Core/Src/main.c ****         IQ_in[2*i + 1] = Q_if[i];
 1086              		.loc 1 524 9 is_stmt 1 view .LVU298
 524:Core/Src/main.c ****         IQ_in[2*i + 1] = Q_if[i];
 1087              		.loc 1 524 19 is_stmt 0 view .LVU299
 1088 0050 4200     		lsls	r2, r0, #1
 524:Core/Src/main.c ****         IQ_in[2*i + 1] = Q_if[i];
 1089              		.loc 1 524 30 view .LVU300
 1090 0052 4F4B     		ldr	r3, .L71+8
 1091 0054 03EB8003 		add	r3, r3, r0, lsl #2
 1092 0058 1E68     		ldr	r6, [r3]	@ float
 524:Core/Src/main.c ****         IQ_in[2*i + 1] = Q_if[i];
 1093              		.loc 1 524 24 view .LVU301
 1094 005a 504B     		ldr	r3, .L71+20
 1095 005c 03EBC001 		add	r1, r3, r0, lsl #3
 1096 0060 0E60     		str	r6, [r1]	@ float
 525:Core/Src/main.c ****     }
 1097              		.loc 1 525 9 is_stmt 1 view .LVU302
 525:Core/Src/main.c ****     }
 1098              		.loc 1 525 19 is_stmt 0 view .LVU303
 1099 0062 0132     		adds	r2, r2, #1
 525:Core/Src/main.c ****     }
 1100              		.loc 1 525 30 view .LVU304
 1101 0064 4B49     		ldr	r1, .L71+12
 1102 0066 01EB8001 		add	r1, r1, r0, lsl #2
 1103 006a 0968     		ldr	r1, [r1]	@ float
 525:Core/Src/main.c ****     }
 1104              		.loc 1 525 24 view .LVU305
 1105 006c 03EB8203 		add	r3, r3, r2, lsl #2
 1106 0070 1960     		str	r1, [r3]	@ float
 522:Core/Src/main.c ****     {
 1107              		.loc 1 522 29 is_stmt 1 discriminator 3 view .LVU306
 1108 0072 0130     		adds	r0, r0, #1
 1109              	.LVL75:
 1110              	.L58:
 522:Core/Src/main.c ****     {
 1111              		.loc 1 522 23 discriminator 1 view .LVU307
 1112 0074 A042     		cmp	r0, r4
 1113 0076 EBDB     		blt	.L59
 1114              	.LBE28:
 1115              	.LBB29:
 531:Core/Src/main.c ****     {
 1116              		.loc 1 531 14 is_stmt 0 view .LVU308
ARM GAS  /tmp/ccxbErgA.s 			page 47


 1117 0078 0026     		movs	r6, #0
 1118 007a 1DE0     		b	.L60
 1119              	.LVL76:
 1120              	.L61:
 1121              	.LBB30:
 533:Core/Src/main.c ****         float sn = sinf(nco_if.phase);
 1122              		.loc 1 533 9 is_stmt 1 view .LVU309
 533:Core/Src/main.c ****         float sn = sinf(nco_if.phase);
 1123              		.loc 1 533 20 is_stmt 0 view .LVU310
 1124 007c DFF84491 		ldr	r9, .L71+60
 1125 0080 99ED008A 		vldr.32	s16, [r9]
 1126 0084 B0EE480A 		vmov.f32	s0, s16
 1127 0088 FFF7FEFF 		bl	cosf
 1128              	.LVL77:
 1129 008c 10EE108A 		vmov	r8, s0
 1130              	.LVL78:
 534:Core/Src/main.c ****         nco_step(&nco_if);
 1131              		.loc 1 534 9 is_stmt 1 view .LVU311
 534:Core/Src/main.c ****         nco_step(&nco_if);
 1132              		.loc 1 534 20 is_stmt 0 view .LVU312
 1133 0090 B0EE480A 		vmov.f32	s0, s16
 1134 0094 FFF7FEFF 		bl	sinf
 1135              	.LVL79:
 1136 0098 10EE107A 		vmov	r7, s0
 1137              	.LVL80:
 535:Core/Src/main.c **** 
 1138              		.loc 1 535 9 is_stmt 1 view .LVU313
 1139 009c 4846     		mov	r0, r9
 1140 009e FFF7FEFF 		bl	nco_step
 1141              	.LVL81:
 537:Core/Src/main.c ****         NCO_buf[2*i + 1] = sn;
 1142              		.loc 1 537 9 view .LVU314
 537:Core/Src/main.c ****         NCO_buf[2*i + 1] = sn;
 1143              		.loc 1 537 21 is_stmt 0 view .LVU315
 1144 00a2 7200     		lsls	r2, r6, #1
 537:Core/Src/main.c ****         NCO_buf[2*i + 1] = sn;
 1145              		.loc 1 537 26 view .LVU316
 1146 00a4 3E4B     		ldr	r3, .L71+24
 1147 00a6 03EBC601 		add	r1, r3, r6, lsl #3
 1148 00aa C1F80080 		str	r8, [r1]	@ float
 538:Core/Src/main.c ****     }
 1149              		.loc 1 538 9 is_stmt 1 view .LVU317
 538:Core/Src/main.c ****     }
 1150              		.loc 1 538 21 is_stmt 0 view .LVU318
 1151 00ae 0132     		adds	r2, r2, #1
 538:Core/Src/main.c ****     }
 1152              		.loc 1 538 26 view .LVU319
 1153 00b0 03EB8203 		add	r3, r3, r2, lsl #2
 1154 00b4 1F60     		str	r7, [r3]	@ float
 1155              	.LBE30:
 531:Core/Src/main.c ****     {
 1156              		.loc 1 531 29 is_stmt 1 discriminator 3 view .LVU320
 1157 00b6 0136     		adds	r6, r6, #1
 1158              	.LVL82:
 1159              	.L60:
 531:Core/Src/main.c ****     {
 1160              		.loc 1 531 23 discriminator 1 view .LVU321
ARM GAS  /tmp/ccxbErgA.s 			page 48


 1161 00b8 A642     		cmp	r6, r4
 1162 00ba DFDB     		blt	.L61
 1163              	.LBE29:
 544:Core/Src/main.c **** 
 1164              		.loc 1 544 5 view .LVU322
 1165 00bc 2346     		mov	r3, r4
 1166 00be 394A     		ldr	r2, .L71+28
 1167 00c0 3749     		ldr	r1, .L71+24
 1168 00c2 3648     		ldr	r0, .L71+20
 1169 00c4 FFF7FEFF 		bl	arm_cmplx_mult_cmplx_f32
 1170              	.LVL83:
 549:Core/Src/main.c ****     {
 1171              		.loc 1 549 5 view .LVU323
 1172              	.LBB31:
 549:Core/Src/main.c ****     {
 1173              		.loc 1 549 10 view .LVU324
 549:Core/Src/main.c ****     {
 1174              		.loc 1 549 14 is_stmt 0 view .LVU325
 1175 00c8 0020     		movs	r0, #0
 549:Core/Src/main.c ****     {
 1176              		.loc 1 549 5 view .LVU326
 1177 00ca 11E0     		b	.L62
 1178              	.LVL84:
 1179              	.L63:
 551:Core/Src/main.c ****         Q_if[i] = IQ_mix[2*i + 1];
 1180              		.loc 1 551 9 is_stmt 1 view .LVU327
 551:Core/Src/main.c ****         Q_if[i] = IQ_mix[2*i + 1];
 1181              		.loc 1 551 30 is_stmt 0 view .LVU328
 1182 00cc 4200     		lsls	r2, r0, #1
 551:Core/Src/main.c ****         Q_if[i] = IQ_mix[2*i + 1];
 1183              		.loc 1 551 25 view .LVU329
 1184 00ce 354B     		ldr	r3, .L71+28
 1185 00d0 03EBC001 		add	r1, r3, r0, lsl #3
 1186 00d4 0E68     		ldr	r6, [r1]	@ float
 551:Core/Src/main.c ****         Q_if[i] = IQ_mix[2*i + 1];
 1187              		.loc 1 551 17 view .LVU330
 1188 00d6 2E49     		ldr	r1, .L71+8
 1189 00d8 01EB8001 		add	r1, r1, r0, lsl #2
 1190 00dc 0E60     		str	r6, [r1]	@ float
 552:Core/Src/main.c ****     }
 1191              		.loc 1 552 9 is_stmt 1 view .LVU331
 552:Core/Src/main.c ****     }
 1192              		.loc 1 552 30 is_stmt 0 view .LVU332
 1193 00de 0132     		adds	r2, r2, #1
 552:Core/Src/main.c ****     }
 1194              		.loc 1 552 25 view .LVU333
 1195 00e0 03EB8203 		add	r3, r3, r2, lsl #2
 1196 00e4 1A68     		ldr	r2, [r3]	@ float
 552:Core/Src/main.c ****     }
 1197              		.loc 1 552 17 view .LVU334
 1198 00e6 2B4B     		ldr	r3, .L71+12
 1199 00e8 03EB8003 		add	r3, r3, r0, lsl #2
 1200 00ec 1A60     		str	r2, [r3]	@ float
 549:Core/Src/main.c ****     {
 1201              		.loc 1 549 29 is_stmt 1 discriminator 3 view .LVU335
 1202 00ee 0130     		adds	r0, r0, #1
 1203              	.LVL85:
ARM GAS  /tmp/ccxbErgA.s 			page 49


 1204              	.L62:
 549:Core/Src/main.c ****     {
 1205              		.loc 1 549 23 discriminator 1 view .LVU336
 1206 00f0 A042     		cmp	r0, r4
 1207 00f2 EBDB     		blt	.L63
 1208              	.LBE31:
 558:Core/Src/main.c ****     arm_fir_f32(&pre_fm_Q, Q_if, Q_if, n);
 1209              		.loc 1 558 5 view .LVU337
 1210 00f4 264E     		ldr	r6, .L71+8
 1211 00f6 2346     		mov	r3, r4
 1212 00f8 3246     		mov	r2, r6
 1213 00fa 3146     		mov	r1, r6
 1214 00fc 2A48     		ldr	r0, .L71+32
 1215              	.LVL86:
 558:Core/Src/main.c ****     arm_fir_f32(&pre_fm_Q, Q_if, Q_if, n);
 1216              		.loc 1 558 5 is_stmt 0 view .LVU338
 1217 00fe FFF7FEFF 		bl	arm_fir_f32
 1218              	.LVL87:
 559:Core/Src/main.c **** 
 1219              		.loc 1 559 5 is_stmt 1 view .LVU339
 1220 0102 244F     		ldr	r7, .L71+12
 1221 0104 2346     		mov	r3, r4
 1222 0106 3A46     		mov	r2, r7
 1223 0108 3946     		mov	r1, r7
 1224 010a 2848     		ldr	r0, .L71+36
 1225 010c FFF7FEFF 		bl	arm_fir_f32
 1226              	.LVL88:
 564:Core/Src/main.c **** 
 1227              		.loc 1 564 5 view .LVU340
 1228 0110 DFF8B480 		ldr	r8, .L71+64
 1229 0114 2346     		mov	r3, r4
 1230 0116 4246     		mov	r2, r8
 1231 0118 3946     		mov	r1, r7
 1232 011a 3046     		mov	r0, r6
 1233 011c FFF7FEFF 		bl	nbfm_demod
 1234              	.LVL89:
 569:Core/Src/main.c **** 
 1235              		.loc 1 569 5 view .LVU341
 1236 0120 2346     		mov	r3, r4
 1237 0122 234A     		ldr	r2, .L71+40
 1238 0124 4146     		mov	r1, r8
 1239 0126 2348     		ldr	r0, .L71+44
 1240 0128 FFF7FEFF 		bl	arm_fir_f32
 1241              	.LVL90:
 574:Core/Src/main.c ****     {
 1242              		.loc 1 574 5 view .LVU342
 1243              	.LBB32:
 574:Core/Src/main.c ****     {
 1244              		.loc 1 574 10 view .LVU343
 574:Core/Src/main.c ****     {
 1245              		.loc 1 574 14 is_stmt 0 view .LVU344
 1246 012c 0023     		movs	r3, #0
 574:Core/Src/main.c ****     {
 1247              		.loc 1 574 5 view .LVU345
 1248 012e 08E0     		b	.L64
 1249              	.LVL91:
 1250              	.L67:
ARM GAS  /tmp/ccxbErgA.s 			page 50


 1251              	.LBB33:
 578:Core/Src/main.c ****         if (y > 4095.0f) y = 4095.0f;
 1252              		.loc 1 578 28 discriminator 1 view .LVU346
 1253 0130 DFED217A 		vldr.32	s15, .L71+48
 1254              	.LVL92:
 1255              	.L65:
 581:Core/Src/main.c ****     }
 1256              		.loc 1 581 9 is_stmt 1 view .LVU347
 581:Core/Src/main.c ****     }
 1257              		.loc 1 581 18 is_stmt 0 view .LVU348
 1258 0134 FCEEE77A 		vcvt.u32.f32	s15, s15
 1259              	.LVL93:
 581:Core/Src/main.c ****     }
 1260              		.loc 1 581 16 view .LVU349
 1261 0138 17EE902A 		vmov	r2, s15	@ int
 1262 013c 45F82320 		str	r2, [r5, r3, lsl #2]
 1263              	.LBE33:
 574:Core/Src/main.c ****     {
 1264              		.loc 1 574 29 is_stmt 1 discriminator 2 view .LVU350
 1265 0140 0133     		adds	r3, r3, #1
 1266              	.LVL94:
 1267              	.L64:
 574:Core/Src/main.c ****     {
 1268              		.loc 1 574 23 discriminator 1 view .LVU351
 1269 0142 A342     		cmp	r3, r4
 1270 0144 1BDA     		bge	.L70
 1271              	.LBB34:
 576:Core/Src/main.c **** 
 1272              		.loc 1 576 9 view .LVU352
 576:Core/Src/main.c **** 
 1273              		.loc 1 576 32 is_stmt 0 view .LVU353
 1274 0146 1A4A     		ldr	r2, .L71+40
 1275 0148 02EB8302 		add	r2, r2, r3, lsl #2
 1276 014c D2ED007A 		vldr.32	s15, [r2]
 576:Core/Src/main.c **** 
 1277              		.loc 1 576 36 view .LVU354
 1278 0150 9FED1A7A 		vldr.32	s14, .L71+52
 1279 0154 67EE877A 		vmul.f32	s15, s15, s14
 576:Core/Src/main.c **** 
 1280              		.loc 1 576 15 view .LVU355
 1281 0158 9FED0B7A 		vldr.32	s14, .L71
 1282 015c 77EE877A 		vadd.f32	s15, s15, s14
 1283              	.LVL95:
 578:Core/Src/main.c ****         if (y > 4095.0f) y = 4095.0f;
 1284              		.loc 1 578 9 is_stmt 1 view .LVU356
 578:Core/Src/main.c ****         if (y > 4095.0f) y = 4095.0f;
 1285              		.loc 1 578 12 is_stmt 0 view .LVU357
 1286 0160 F5EEC07A 		vcmpe.f32	s15, #0
 1287 0164 F1EE10FA 		vmrs	APSR_nzcv, FPSCR
 1288 0168 E2D4     		bmi	.L67
 579:Core/Src/main.c **** 
 1289              		.loc 1 579 9 is_stmt 1 view .LVU358
 579:Core/Src/main.c **** 
 1290              		.loc 1 579 12 is_stmt 0 view .LVU359
 1291 016a 9FED157A 		vldr.32	s14, .L71+56
 1292 016e F4EEC77A 		vcmpe.f32	s15, s14
 1293 0172 F1EE10FA 		vmrs	APSR_nzcv, FPSCR
ARM GAS  /tmp/ccxbErgA.s 			page 51


 1294 0176 DDDD     		ble	.L65
 579:Core/Src/main.c **** 
 1295              		.loc 1 579 28 discriminator 1 view .LVU360
 1296 0178 DFED117A 		vldr.32	s15, .L71+56
 1297              	.LVL96:
 579:Core/Src/main.c **** 
 1298              		.loc 1 579 28 discriminator 1 view .LVU361
 1299 017c DAE7     		b	.L65
 1300              	.LVL97:
 1301              	.L70:
 579:Core/Src/main.c **** 
 1302              		.loc 1 579 28 discriminator 1 view .LVU362
 1303              	.LBE34:
 1304              	.LBE32:
 583:Core/Src/main.c **** 
 1305              		.loc 1 583 1 view .LVU363
 1306 017e BDEC028B 		vldm	sp!, {d8}
 1307              	.LCFI14:
 1308              		.cfi_restore 80
 1309              		.cfi_restore 81
 1310              		.cfi_def_cfa_offset 32
 1311 0182 BDE8F883 		pop	{r3, r4, r5, r6, r7, r8, r9, pc}
 1312              	.LVL98:
 1313              	.L72:
 583:Core/Src/main.c **** 
 1314              		.loc 1 583 1 view .LVU364
 1315 0186 00BF     		.align	2
 1316              	.L71:
 1317 0188 00000045 		.word	1157627904
 1318 018c 0000003A 		.word	973078528
 1319 0190 00000000 		.word	I_if.10
 1320 0194 00000000 		.word	Q_if.9
 1321 0198 00000000 		.word	hilbert
 1322 019c 00000000 		.word	IQ_in.8
 1323 01a0 00000000 		.word	NCO_buf.7
 1324 01a4 00000000 		.word	IQ_mix.6
 1325 01a8 00000000 		.word	pre_fm_I
 1326 01ac 00000000 		.word	pre_fm_Q
 1327 01b0 00000000 		.word	audio_lpf_out.4
 1328 01b4 00000000 		.word	audio_lpf
 1329 01b8 00000000 		.word	0
 1330 01bc 0080BB44 		.word	1153138688
 1331 01c0 00F07F45 		.word	1166012416
 1332 01c4 00000000 		.word	nco_if
 1333 01c8 00000000 		.word	audio_fm.5
 1334              		.cfi_endproc
 1335              	.LFE179:
 1337              		.global	__aeabi_f2d
 1338              		.global	__aeabi_dcmpgt
 1339              		.global	__aeabi_dcmplt
 1340              		.section	.text.nbfm_tx_process_block,"ax",%progbits
 1341              		.align	1
 1342              		.global	nbfm_tx_process_block
 1343              		.syntax unified
 1344              		.thumb
 1345              		.thumb_func
 1347              	nbfm_tx_process_block:
ARM GAS  /tmp/ccxbErgA.s 			page 52


 1348              	.LVL99:
 1349              	.LFB180:
 586:Core/Src/main.c ****     static float audio_in[BLOCK_SIZE];
 1350              		.loc 1 586 1 is_stmt 1 view -0
 1351              		.cfi_startproc
 1352              		@ args = 0, pretend = 0, frame = 0
 1353              		@ frame_needed = 0, uses_anonymous_args = 0
 586:Core/Src/main.c ****     static float audio_in[BLOCK_SIZE];
 1354              		.loc 1 586 1 is_stmt 0 view .LVU366
 1355 0000 F8B5     		push	{r3, r4, r5, r6, r7, lr}
 1356              	.LCFI15:
 1357              		.cfi_def_cfa_offset 24
 1358              		.cfi_offset 3, -24
 1359              		.cfi_offset 4, -20
 1360              		.cfi_offset 5, -16
 1361              		.cfi_offset 6, -12
 1362              		.cfi_offset 7, -8
 1363              		.cfi_offset 14, -4
 1364 0002 2DED028B 		vpush.64	{d8}
 1365              	.LCFI16:
 1366              		.cfi_def_cfa_offset 32
 1367              		.cfi_offset 80, -32
 1368              		.cfi_offset 81, -28
 1369 0006 0E46     		mov	r6, r1
 1370 0008 1546     		mov	r5, r2
 587:Core/Src/main.c ****     static float audio_filtered[BLOCK_SIZE];
 1371              		.loc 1 587 5 is_stmt 1 view .LVU367
 588:Core/Src/main.c ****     static float phase = 0.0f;
 1372              		.loc 1 588 5 view .LVU368
 589:Core/Src/main.c **** 
 1373              		.loc 1 589 5 view .LVU369
 591:Core/Src/main.c ****     const float w_if = 2.0f * M_PI * 12000.0f / 48000.0f; // 12 kHz IF
 1374              		.loc 1 591 5 view .LVU370
 1375              	.LVL100:
 592:Core/Src/main.c **** 
 1376              		.loc 1 592 5 view .LVU371
 595:Core/Src/main.c ****         uint32_t raw = in[i] & 0x0FFF;
 1377              		.loc 1 595 5 view .LVU372
 1378              	.LBB35:
 595:Core/Src/main.c ****         uint32_t raw = in[i] & 0x0FFF;
 1379              		.loc 1 595 10 view .LVU373
 595:Core/Src/main.c ****         uint32_t raw = in[i] & 0x0FFF;
 1380              		.loc 1 595 14 is_stmt 0 view .LVU374
 1381 000a 0024     		movs	r4, #0
 595:Core/Src/main.c ****         uint32_t raw = in[i] & 0x0FFF;
 1382              		.loc 1 595 5 view .LVU375
 1383 000c 19E0     		b	.L74
 1384              	.LVL101:
 1385              	.L75:
 1386              	.LBB36:
 596:Core/Src/main.c ****         audio_in[i] = (((float)raw - 2048.0f) / 2048.0f) * 10.0f; // scale to ±5
 1387              		.loc 1 596 9 is_stmt 1 view .LVU376
 596:Core/Src/main.c ****         audio_in[i] = (((float)raw - 2048.0f) / 2048.0f) * 10.0f; // scale to ±5
 1388              		.loc 1 596 26 is_stmt 0 view .LVU377
 1389 000e 50F82430 		ldr	r3, [r0, r4, lsl #2]
 596:Core/Src/main.c ****         audio_in[i] = (((float)raw - 2048.0f) / 2048.0f) * 10.0f; // scale to ±5
 1390              		.loc 1 596 18 view .LVU378
ARM GAS  /tmp/ccxbErgA.s 			page 53


 1391 0012 C3F30B03 		ubfx	r3, r3, #0, #12
 1392 0016 07EE903A 		vmov	s15, r3	@ int
 1393              	.LVL102:
 597:Core/Src/main.c ****     }
 1394              		.loc 1 597 9 is_stmt 1 view .LVU379
 597:Core/Src/main.c ****     }
 1395              		.loc 1 597 25 is_stmt 0 view .LVU380
 1396 001a F8EE677A 		vcvt.f32.u32	s15, s15
 597:Core/Src/main.c ****     }
 1397              		.loc 1 597 36 view .LVU381
 1398 001e 9FED3C7A 		vldr.32	s14, .L86+16
 1399 0022 77EEC77A 		vsub.f32	s15, s15, s14
 597:Core/Src/main.c ****     }
 1400              		.loc 1 597 47 view .LVU382
 1401 0026 9FED3B7A 		vldr.32	s14, .L86+20
 1402 002a 67EE877A 		vmul.f32	s15, s15, s14
 597:Core/Src/main.c ****     }
 1403              		.loc 1 597 58 view .LVU383
 1404 002e B2EE047A 		vmov.f32	s14, #1.0e+1
 1405 0032 67EE877A 		vmul.f32	s15, s15, s14
 597:Core/Src/main.c ****     }
 1406              		.loc 1 597 21 view .LVU384
 1407 0036 384B     		ldr	r3, .L86+24
 1408              	.LVL103:
 597:Core/Src/main.c ****     }
 1409              		.loc 1 597 21 view .LVU385
 1410 0038 03EB8403 		add	r3, r3, r4, lsl #2
 1411 003c C3ED007A 		vstr.32	s15, [r3]
 1412              	.LVL104:
 597:Core/Src/main.c ****     }
 1413              		.loc 1 597 21 view .LVU386
 1414              	.LBE36:
 595:Core/Src/main.c ****         uint32_t raw = in[i] & 0x0FFF;
 1415              		.loc 1 595 29 is_stmt 1 discriminator 3 view .LVU387
 1416 0040 0134     		adds	r4, r4, #1
 1417              	.LVL105:
 1418              	.L74:
 595:Core/Src/main.c ****         uint32_t raw = in[i] & 0x0FFF;
 1419              		.loc 1 595 23 discriminator 1 view .LVU388
 1420 0042 AC42     		cmp	r4, r5
 1421 0044 E3DB     		blt	.L75
 1422              	.LBE35:
 601:Core/Src/main.c **** 
 1423              		.loc 1 601 5 view .LVU389
 1424 0046 2B46     		mov	r3, r5
 1425 0048 344A     		ldr	r2, .L86+28
 1426              	.LVL106:
 601:Core/Src/main.c **** 
 1427              		.loc 1 601 5 is_stmt 0 view .LVU390
 1428 004a 3349     		ldr	r1, .L86+24
 1429              	.LVL107:
 601:Core/Src/main.c **** 
 1430              		.loc 1 601 5 view .LVU391
 1431 004c 3448     		ldr	r0, .L86+32
 1432              	.LVL108:
 601:Core/Src/main.c **** 
 1433              		.loc 1 601 5 view .LVU392
ARM GAS  /tmp/ccxbErgA.s 			page 54


 1434 004e FFF7FEFF 		bl	arm_fir_f32
 1435              	.LVL109:
 604:Core/Src/main.c **** 
 1436              		.loc 1 604 5 is_stmt 1 view .LVU393
 1437              	.LBB37:
 604:Core/Src/main.c **** 
 1438              		.loc 1 604 10 view .LVU394
 604:Core/Src/main.c **** 
 1439              		.loc 1 604 14 is_stmt 0 view .LVU395
 1440 0052 0024     		movs	r4, #0
 1441              	.LVL110:
 604:Core/Src/main.c **** 
 1442              		.loc 1 604 5 view .LVU396
 1443 0054 11E0     		b	.L76
 1444              	.LVL111:
 1445              	.L79:
 1446              	.LBB38:
 612:Core/Src/main.c **** 
 1447              		.loc 1 612 9 is_stmt 1 view .LVU397
 612:Core/Src/main.c **** 
 1448              		.loc 1 612 19 is_stmt 0 view .LVU398
 1449 0056 334B     		ldr	r3, .L86+36
 1450 0058 93ED000A 		vldr.32	s0, [r3]
 1451 005c FFF7FEFF 		bl	cosf
 1452              	.LVL112:
 614:Core/Src/main.c ****     }
 1453              		.loc 1 614 9 is_stmt 1 view .LVU399
 614:Core/Src/main.c ****     }
 1454              		.loc 1 614 32 is_stmt 0 view .LVU400
 1455 0060 DFED2B7A 		vldr.32	s15, .L86+16
 1456 0064 20EE270A 		vmul.f32	s0, s0, s15
 1457              	.LVL113:
 614:Core/Src/main.c ****     }
 1458              		.loc 1 614 43 view .LVU401
 1459 0068 30EE270A 		vadd.f32	s0, s0, s15
 614:Core/Src/main.c ****     }
 1460              		.loc 1 614 18 view .LVU402
 1461 006c BCEEC00A 		vcvt.u32.f32	s0, s0
 614:Core/Src/main.c ****     }
 1462              		.loc 1 614 16 view .LVU403
 1463 0070 10EE103A 		vmov	r3, s0	@ int
 1464 0074 46F82430 		str	r3, [r6, r4, lsl #2]
 1465              	.LBE38:
 604:Core/Src/main.c **** 
 1466              		.loc 1 604 29 is_stmt 1 discriminator 2 view .LVU404
 1467 0078 0134     		adds	r4, r4, #1
 1468              	.LVL114:
 1469              	.L76:
 604:Core/Src/main.c **** 
 1470              		.loc 1 604 23 discriminator 1 view .LVU405
 1471 007a AC42     		cmp	r4, r5
 1472 007c 3ADA     		bge	.L85
 1473              	.LBB39:
 607:Core/Src/main.c **** 
 1474              		.loc 1 607 9 view .LVU406
 607:Core/Src/main.c **** 
 1475              		.loc 1 607 44 is_stmt 0 view .LVU407
ARM GAS  /tmp/ccxbErgA.s 			page 55


 1476 007e 274B     		ldr	r3, .L86+28
 1477 0080 03EB8403 		add	r3, r3, r4, lsl #2
 1478 0084 93ED008A 		vldr.32	s16, [r3]
 607:Core/Src/main.c **** 
 1479              		.loc 1 607 28 view .LVU408
 1480 0088 DFED277A 		vldr.32	s15, .L86+40
 1481 008c 28EE278A 		vmul.f32	s16, s16, s15
 607:Core/Src/main.c **** 
 1482              		.loc 1 607 23 view .LVU409
 1483 0090 DFED267A 		vldr.32	s15, .L86+44
 1484 0094 38EE278A 		vadd.f32	s16, s16, s15
 607:Core/Src/main.c **** 
 1485              		.loc 1 607 15 view .LVU410
 1486 0098 224B     		ldr	r3, .L86+36
 1487 009a D3ED007A 		vldr.32	s15, [r3]
 1488 009e 38EE278A 		vadd.f32	s16, s16, s15
 1489 00a2 83ED008A 		vstr.32	s16, [r3]
 609:Core/Src/main.c ****         if (phase < -M_PI) phase += TWO_PI;
 1490              		.loc 1 609 9 is_stmt 1 view .LVU411
 609:Core/Src/main.c ****         if (phase < -M_PI) phase += TWO_PI;
 1491              		.loc 1 609 19 is_stmt 0 view .LVU412
 1492 00a6 18EE100A 		vmov	r0, s16
 1493 00aa FFF7FEFF 		bl	__aeabi_f2d
 1494              	.LVL115:
 609:Core/Src/main.c ****         if (phase < -M_PI) phase += TWO_PI;
 1495              		.loc 1 609 12 view .LVU413
 1496 00ae 14A3     		adr	r3, .L86
 1497 00b0 D3E90023 		ldrd	r2, [r3]
 1498 00b4 FFF7FEFF 		bl	__aeabi_dcmpgt
 1499              	.LVL116:
 1500 00b8 30B1     		cbz	r0, .L77
 609:Core/Src/main.c ****         if (phase < -M_PI) phase += TWO_PI;
 1501              		.loc 1 609 27 is_stmt 1 discriminator 1 view .LVU414
 609:Core/Src/main.c ****         if (phase < -M_PI) phase += TWO_PI;
 1502              		.loc 1 609 33 is_stmt 0 discriminator 1 view .LVU415
 1503 00ba DFED1D7A 		vldr.32	s15, .L86+48
 1504 00be 38EE678A 		vsub.f32	s16, s16, s15
 1505 00c2 184B     		ldr	r3, .L86+36
 1506 00c4 83ED008A 		vstr.32	s16, [r3]
 1507              	.L77:
 610:Core/Src/main.c **** 
 1508              		.loc 1 610 9 is_stmt 1 view .LVU416
 610:Core/Src/main.c **** 
 1509              		.loc 1 610 19 is_stmt 0 view .LVU417
 1510 00c8 164B     		ldr	r3, .L86+36
 1511 00ca 1F68     		ldr	r7, [r3]	@ float
 1512 00cc 3846     		mov	r0, r7	@ float
 1513 00ce FFF7FEFF 		bl	__aeabi_f2d
 1514              	.LVL117:
 610:Core/Src/main.c **** 
 1515              		.loc 1 610 12 view .LVU418
 1516 00d2 0DA3     		adr	r3, .L86+8
 1517 00d4 D3E90023 		ldrd	r2, [r3]
 1518 00d8 FFF7FEFF 		bl	__aeabi_dcmplt
 1519              	.LVL118:
 1520 00dc 0028     		cmp	r0, #0
 1521 00de BAD0     		beq	.L79
ARM GAS  /tmp/ccxbErgA.s 			page 56


 610:Core/Src/main.c **** 
 1522              		.loc 1 610 28 is_stmt 1 discriminator 1 view .LVU419
 610:Core/Src/main.c **** 
 1523              		.loc 1 610 34 is_stmt 0 discriminator 1 view .LVU420
 1524 00e0 DFED137A 		vldr.32	s15, .L86+48
 1525 00e4 07EE107A 		vmov	s14, r7
 1526 00e8 77EE277A 		vadd.f32	s15, s14, s15
 1527 00ec 0D4B     		ldr	r3, .L86+36
 1528 00ee C3ED007A 		vstr.32	s15, [r3]
 1529 00f2 B0E7     		b	.L79
 1530              	.L85:
 1531              	.LBE39:
 1532              	.LBE37:
 616:Core/Src/main.c **** 
 1533              		.loc 1 616 1 view .LVU421
 1534 00f4 BDEC028B 		vldm	sp!, {d8}
 1535              	.LCFI17:
 1536              		.cfi_restore 80
 1537              		.cfi_restore 81
 1538              		.cfi_def_cfa_offset 24
 1539 00f8 F8BD     		pop	{r3, r4, r5, r6, r7, pc}
 1540              	.LVL119:
 1541              	.L87:
 616:Core/Src/main.c **** 
 1542              		.loc 1 616 1 view .LVU422
 1543 00fa 00BFAFF3 		.align	3
 1543      0080
 1544              	.L86:
 1545 0100 182D4454 		.word	1413754136
 1546 0104 FB210940 		.word	1074340347
 1547 0108 182D4454 		.word	1413754136
 1548 010c FB2109C0 		.word	-1073143301
 1549 0110 00000045 		.word	1157627904
 1550 0114 0000003A 		.word	973078528
 1551 0118 00000000 		.word	audio_in.3
 1552 011c 00000000 		.word	audio_filtered.2
 1553 0120 00000000 		.word	audio_lpf
 1554 0124 00000000 		.word	phase.1
 1555 0128 368D273F 		.word	1059556662
 1556 012c DB0FC93F 		.word	1070141403
 1557 0130 DB0FC940 		.word	1086918619
 1558              		.cfi_endproc
 1559              	.LFE180:
 1561              		.section	.text.process_block,"ax",%progbits
 1562              		.align	1
 1563              		.global	process_block
 1564              		.syntax unified
 1565              		.thumb
 1566              		.thumb_func
 1568              	process_block:
 1569              	.LVL120:
 1570              	.LFB181:
 620:Core/Src/main.c ****     if (MODE == MODE_NBFM)
 1571              		.loc 1 620 1 is_stmt 1 view -0
 1572              		.cfi_startproc
 1573              		@ args = 0, pretend = 0, frame = 0
 1574              		@ frame_needed = 0, uses_anonymous_args = 0
ARM GAS  /tmp/ccxbErgA.s 			page 57


 620:Core/Src/main.c ****     if (MODE == MODE_NBFM)
 1575              		.loc 1 620 1 is_stmt 0 view .LVU424
 1576 0000 08B5     		push	{r3, lr}
 1577              	.LCFI18:
 1578              		.cfi_def_cfa_offset 8
 1579              		.cfi_offset 3, -8
 1580              		.cfi_offset 14, -4
 621:Core/Src/main.c ****     {
 1581              		.loc 1 621 5 is_stmt 1 view .LVU425
 621:Core/Src/main.c ****     {
 1582              		.loc 1 621 14 is_stmt 0 view .LVU426
 1583 0002 044B     		ldr	r3, .L92
 1584 0004 1B68     		ldr	r3, [r3]
 621:Core/Src/main.c ****     {
 1585              		.loc 1 621 8 view .LVU427
 1586 0006 13B9     		cbnz	r3, .L89
 623:Core/Src/main.c ****     }
 1587              		.loc 1 623 9 is_stmt 1 view .LVU428
 1588 0008 FFF7FEFF 		bl	nbfm_process_block
 1589              	.LVL121:
 1590              	.L88:
 629:Core/Src/main.c **** 
 1591              		.loc 1 629 1 is_stmt 0 view .LVU429
 1592 000c 08BD     		pop	{r3, pc}
 1593              	.LVL122:
 1594              	.L89:
 627:Core/Src/main.c ****     }
 1595              		.loc 1 627 9 is_stmt 1 view .LVU430
 1596 000e FFF7FEFF 		bl	ssb_process_block
 1597              	.LVL123:
 629:Core/Src/main.c **** 
 1598              		.loc 1 629 1 is_stmt 0 view .LVU431
 1599 0012 FBE7     		b	.L88
 1600              	.L93:
 1601              		.align	2
 1602              	.L92:
 1603 0014 00000000 		.word	MODE
 1604              		.cfi_endproc
 1605              	.LFE181:
 1607              		.section	.text.nbfm_init,"ax",%progbits
 1608              		.align	1
 1609              		.global	nbfm_init
 1610              		.syntax unified
 1611              		.thumb
 1612              		.thumb_func
 1614              	nbfm_init:
 1615              	.LVL124:
 1616              	.LFB182:
 633:Core/Src/main.c ****     // NCO for IF-mixing
 1617              		.loc 1 633 1 is_stmt 1 view -0
 1618              		.cfi_startproc
 1619              		@ args = 0, pretend = 0, frame = 0
 1620              		@ frame_needed = 0, uses_anonymous_args = 0
 633:Core/Src/main.c ****     // NCO for IF-mixing
 1621              		.loc 1 633 1 is_stmt 0 view .LVU433
 1622 0000 30B5     		push	{r4, r5, lr}
 1623              	.LCFI19:
ARM GAS  /tmp/ccxbErgA.s 			page 58


 1624              		.cfi_def_cfa_offset 12
 1625              		.cfi_offset 4, -12
 1626              		.cfi_offset 5, -8
 1627              		.cfi_offset 14, -4
 1628 0002 83B0     		sub	sp, sp, #12
 1629              	.LCFI20:
 1630              		.cfi_def_cfa_offset 24
 635:Core/Src/main.c **** 
 1631              		.loc 1 635 5 is_stmt 1 view .LVU434
 1632 0004 0E48     		ldr	r0, .L96
 1633 0006 FFF7FEFF 		bl	nco_init
 1634              	.LVL125:
 638:Core/Src/main.c ****                  PRE_DEMOD_TAPS,
 1635              		.loc 1 638 1 view .LVU435
 1636 000a 0E4D     		ldr	r5, .L96+4
 1637 000c 4FF48064 		mov	r4, #1024
 1638 0010 0094     		str	r4, [sp]
 1639 0012 0D4B     		ldr	r3, .L96+8
 1640 0014 2A46     		mov	r2, r5
 1641 0016 4921     		movs	r1, #73
 1642 0018 0C48     		ldr	r0, .L96+12
 1643 001a FFF7FEFF 		bl	arm_fir_init_f32
 1644              	.LVL126:
 644:Core/Src/main.c ****                  PRE_DEMOD_TAPS,
 1645              		.loc 1 644 1 view .LVU436
 1646 001e 0094     		str	r4, [sp]
 1647 0020 0B4B     		ldr	r3, .L96+16
 1648 0022 2A46     		mov	r2, r5
 1649 0024 4921     		movs	r1, #73
 1650 0026 0B48     		ldr	r0, .L96+20
 1651 0028 FFF7FEFF 		bl	arm_fir_init_f32
 1652              	.LVL127:
 652:Core/Src/main.c ****                      AUDIO_TAPS,
 1653              		.loc 1 652 5 view .LVU437
 1654 002c 0094     		str	r4, [sp]
 1655 002e 0A4B     		ldr	r3, .L96+24
 1656 0030 0A4A     		ldr	r2, .L96+28
 1657 0032 3F21     		movs	r1, #63
 1658 0034 0A48     		ldr	r0, .L96+32
 1659 0036 FFF7FEFF 		bl	arm_fir_init_f32
 1660              	.LVL128:
 657:Core/Src/main.c **** 
 1661              		.loc 1 657 1 is_stmt 0 view .LVU438
 1662 003a 03B0     		add	sp, sp, #12
 1663              	.LCFI21:
 1664              		.cfi_def_cfa_offset 12
 1665              		@ sp needed
 1666 003c 30BD     		pop	{r4, r5, pc}
 1667              	.L97:
 1668 003e 00BF     		.align	2
 1669              	.L96:
 1670 0040 00000000 		.word	nco_if
 1671 0044 00000000 		.word	pre_demod_coeffs
 1672 0048 00000000 		.word	pre_fm_state_I
 1673 004c 00000000 		.word	pre_fm_I
 1674 0050 00000000 		.word	pre_fm_state_Q
 1675 0054 00000000 		.word	pre_fm_Q
ARM GAS  /tmp/ccxbErgA.s 			page 59


 1676 0058 00000000 		.word	audio_state
 1677 005c 00000000 		.word	audio_lpf_coeffs
 1678 0060 00000000 		.word	audio_lpf
 1679              		.cfi_endproc
 1680              	.LFE182:
 1682              		.section	.text.Error_Handler,"ax",%progbits
 1683              		.align	1
 1684              		.global	Error_Handler
 1685              		.syntax unified
 1686              		.thumb
 1687              		.thumb_func
 1689              	Error_Handler:
 1690              	.LFB195:
1244:Core/Src/main.c **** 
1245:Core/Src/main.c **** /**
1246:Core/Src/main.c ****   * @brief  This function is executed in case of error occurrence.
1247:Core/Src/main.c ****   * @retval None
1248:Core/Src/main.c ****   */
1249:Core/Src/main.c **** void Error_Handler(void)
1250:Core/Src/main.c **** {
 1691              		.loc 1 1250 1 is_stmt 1 view -0
 1692              		.cfi_startproc
 1693              		@ Volatile: function does not return.
 1694              		@ args = 0, pretend = 0, frame = 0
 1695              		@ frame_needed = 0, uses_anonymous_args = 0
 1696              		@ link register save eliminated.
1251:Core/Src/main.c ****   /* USER CODE BEGIN Error_Handler_Debug */
1252:Core/Src/main.c ****   /* User can add his own implementation to report the HAL error return state */
1253:Core/Src/main.c ****   __disable_irq();
 1697              		.loc 1 1253 3 view .LVU440
 1698              	.LBB40:
 1699              	.LBI40:
 1700              		.file 2 "Drivers/CMSIS/Include/cmsis_gcc.h"
   1:Drivers/CMSIS/Include/cmsis_gcc.h **** /**************************************************************************//**
   2:Drivers/CMSIS/Include/cmsis_gcc.h ****  * @file     cmsis_gcc.h
   3:Drivers/CMSIS/Include/cmsis_gcc.h ****  * @brief    CMSIS compiler GCC header file
   4:Drivers/CMSIS/Include/cmsis_gcc.h ****  * @version  V5.0.4
   5:Drivers/CMSIS/Include/cmsis_gcc.h ****  * @date     09. April 2018
   6:Drivers/CMSIS/Include/cmsis_gcc.h ****  ******************************************************************************/
   7:Drivers/CMSIS/Include/cmsis_gcc.h **** /*
   8:Drivers/CMSIS/Include/cmsis_gcc.h ****  * Copyright (c) 2009-2018 Arm Limited. All rights reserved.
   9:Drivers/CMSIS/Include/cmsis_gcc.h ****  *
  10:Drivers/CMSIS/Include/cmsis_gcc.h ****  * SPDX-License-Identifier: Apache-2.0
  11:Drivers/CMSIS/Include/cmsis_gcc.h ****  *
  12:Drivers/CMSIS/Include/cmsis_gcc.h ****  * Licensed under the Apache License, Version 2.0 (the License); you may
  13:Drivers/CMSIS/Include/cmsis_gcc.h ****  * not use this file except in compliance with the License.
  14:Drivers/CMSIS/Include/cmsis_gcc.h ****  * You may obtain a copy of the License at
  15:Drivers/CMSIS/Include/cmsis_gcc.h ****  *
  16:Drivers/CMSIS/Include/cmsis_gcc.h ****  * www.apache.org/licenses/LICENSE-2.0
  17:Drivers/CMSIS/Include/cmsis_gcc.h ****  *
  18:Drivers/CMSIS/Include/cmsis_gcc.h ****  * Unless required by applicable law or agreed to in writing, software
  19:Drivers/CMSIS/Include/cmsis_gcc.h ****  * distributed under the License is distributed on an AS IS BASIS, WITHOUT
  20:Drivers/CMSIS/Include/cmsis_gcc.h ****  * WARRANTIES OR CONDITIONS OF ANY KIND, either express or implied.
  21:Drivers/CMSIS/Include/cmsis_gcc.h ****  * See the License for the specific language governing permissions and
  22:Drivers/CMSIS/Include/cmsis_gcc.h ****  * limitations under the License.
  23:Drivers/CMSIS/Include/cmsis_gcc.h ****  */
  24:Drivers/CMSIS/Include/cmsis_gcc.h **** 
ARM GAS  /tmp/ccxbErgA.s 			page 60


  25:Drivers/CMSIS/Include/cmsis_gcc.h **** #ifndef __CMSIS_GCC_H
  26:Drivers/CMSIS/Include/cmsis_gcc.h **** #define __CMSIS_GCC_H
  27:Drivers/CMSIS/Include/cmsis_gcc.h **** 
  28:Drivers/CMSIS/Include/cmsis_gcc.h **** /* ignore some GCC warnings */
  29:Drivers/CMSIS/Include/cmsis_gcc.h **** #pragma GCC diagnostic push
  30:Drivers/CMSIS/Include/cmsis_gcc.h **** #pragma GCC diagnostic ignored "-Wsign-conversion"
  31:Drivers/CMSIS/Include/cmsis_gcc.h **** #pragma GCC diagnostic ignored "-Wconversion"
  32:Drivers/CMSIS/Include/cmsis_gcc.h **** #pragma GCC diagnostic ignored "-Wunused-parameter"
  33:Drivers/CMSIS/Include/cmsis_gcc.h **** 
  34:Drivers/CMSIS/Include/cmsis_gcc.h **** /* Fallback for __has_builtin */
  35:Drivers/CMSIS/Include/cmsis_gcc.h **** #ifndef __has_builtin
  36:Drivers/CMSIS/Include/cmsis_gcc.h ****   #define __has_builtin(x) (0)
  37:Drivers/CMSIS/Include/cmsis_gcc.h **** #endif
  38:Drivers/CMSIS/Include/cmsis_gcc.h **** 
  39:Drivers/CMSIS/Include/cmsis_gcc.h **** /* CMSIS compiler specific defines */
  40:Drivers/CMSIS/Include/cmsis_gcc.h **** #ifndef   __ASM
  41:Drivers/CMSIS/Include/cmsis_gcc.h ****   #define __ASM                                  __asm
  42:Drivers/CMSIS/Include/cmsis_gcc.h **** #endif
  43:Drivers/CMSIS/Include/cmsis_gcc.h **** #ifndef   __INLINE
  44:Drivers/CMSIS/Include/cmsis_gcc.h ****   #define __INLINE                               inline
  45:Drivers/CMSIS/Include/cmsis_gcc.h **** #endif
  46:Drivers/CMSIS/Include/cmsis_gcc.h **** #ifndef   __STATIC_INLINE
  47:Drivers/CMSIS/Include/cmsis_gcc.h ****   #define __STATIC_INLINE                        static inline
  48:Drivers/CMSIS/Include/cmsis_gcc.h **** #endif
  49:Drivers/CMSIS/Include/cmsis_gcc.h **** #ifndef   __STATIC_FORCEINLINE                 
  50:Drivers/CMSIS/Include/cmsis_gcc.h ****   #define __STATIC_FORCEINLINE                   __attribute__((always_inline)) static inline
  51:Drivers/CMSIS/Include/cmsis_gcc.h **** #endif                                           
  52:Drivers/CMSIS/Include/cmsis_gcc.h **** #ifndef   __NO_RETURN
  53:Drivers/CMSIS/Include/cmsis_gcc.h ****   #define __NO_RETURN                            __attribute__((__noreturn__))
  54:Drivers/CMSIS/Include/cmsis_gcc.h **** #endif
  55:Drivers/CMSIS/Include/cmsis_gcc.h **** #ifndef   __USED
  56:Drivers/CMSIS/Include/cmsis_gcc.h ****   #define __USED                                 __attribute__((used))
  57:Drivers/CMSIS/Include/cmsis_gcc.h **** #endif
  58:Drivers/CMSIS/Include/cmsis_gcc.h **** #ifndef   __WEAK
  59:Drivers/CMSIS/Include/cmsis_gcc.h ****   #define __WEAK                                 __attribute__((weak))
  60:Drivers/CMSIS/Include/cmsis_gcc.h **** #endif
  61:Drivers/CMSIS/Include/cmsis_gcc.h **** #ifndef   __PACKED
  62:Drivers/CMSIS/Include/cmsis_gcc.h ****   #define __PACKED                               __attribute__((packed, aligned(1)))
  63:Drivers/CMSIS/Include/cmsis_gcc.h **** #endif
  64:Drivers/CMSIS/Include/cmsis_gcc.h **** #ifndef   __PACKED_STRUCT
  65:Drivers/CMSIS/Include/cmsis_gcc.h ****   #define __PACKED_STRUCT                        struct __attribute__((packed, aligned(1)))
  66:Drivers/CMSIS/Include/cmsis_gcc.h **** #endif
  67:Drivers/CMSIS/Include/cmsis_gcc.h **** #ifndef   __PACKED_UNION
  68:Drivers/CMSIS/Include/cmsis_gcc.h ****   #define __PACKED_UNION                         union __attribute__((packed, aligned(1)))
  69:Drivers/CMSIS/Include/cmsis_gcc.h **** #endif
  70:Drivers/CMSIS/Include/cmsis_gcc.h **** #ifndef   __UNALIGNED_UINT32        /* deprecated */
  71:Drivers/CMSIS/Include/cmsis_gcc.h ****   #pragma GCC diagnostic push
  72:Drivers/CMSIS/Include/cmsis_gcc.h ****   #pragma GCC diagnostic ignored "-Wpacked"
  73:Drivers/CMSIS/Include/cmsis_gcc.h ****   #pragma GCC diagnostic ignored "-Wattributes"
  74:Drivers/CMSIS/Include/cmsis_gcc.h ****   struct __attribute__((packed)) T_UINT32 { uint32_t v; };
  75:Drivers/CMSIS/Include/cmsis_gcc.h ****   #pragma GCC diagnostic pop
  76:Drivers/CMSIS/Include/cmsis_gcc.h ****   #define __UNALIGNED_UINT32(x)                  (((struct T_UINT32 *)(x))->v)
  77:Drivers/CMSIS/Include/cmsis_gcc.h **** #endif
  78:Drivers/CMSIS/Include/cmsis_gcc.h **** #ifndef   __UNALIGNED_UINT16_WRITE
  79:Drivers/CMSIS/Include/cmsis_gcc.h ****   #pragma GCC diagnostic push
  80:Drivers/CMSIS/Include/cmsis_gcc.h ****   #pragma GCC diagnostic ignored "-Wpacked"
  81:Drivers/CMSIS/Include/cmsis_gcc.h ****   #pragma GCC diagnostic ignored "-Wattributes"
ARM GAS  /tmp/ccxbErgA.s 			page 61


  82:Drivers/CMSIS/Include/cmsis_gcc.h ****   __PACKED_STRUCT T_UINT16_WRITE { uint16_t v; };
  83:Drivers/CMSIS/Include/cmsis_gcc.h ****   #pragma GCC diagnostic pop
  84:Drivers/CMSIS/Include/cmsis_gcc.h ****   #define __UNALIGNED_UINT16_WRITE(addr, val)    (void)((((struct T_UINT16_WRITE *)(void *)(addr))-
  85:Drivers/CMSIS/Include/cmsis_gcc.h **** #endif
  86:Drivers/CMSIS/Include/cmsis_gcc.h **** #ifndef   __UNALIGNED_UINT16_READ
  87:Drivers/CMSIS/Include/cmsis_gcc.h ****   #pragma GCC diagnostic push
  88:Drivers/CMSIS/Include/cmsis_gcc.h ****   #pragma GCC diagnostic ignored "-Wpacked"
  89:Drivers/CMSIS/Include/cmsis_gcc.h ****   #pragma GCC diagnostic ignored "-Wattributes"
  90:Drivers/CMSIS/Include/cmsis_gcc.h ****   __PACKED_STRUCT T_UINT16_READ { uint16_t v; };
  91:Drivers/CMSIS/Include/cmsis_gcc.h ****   #pragma GCC diagnostic pop
  92:Drivers/CMSIS/Include/cmsis_gcc.h ****   #define __UNALIGNED_UINT16_READ(addr)          (((const struct T_UINT16_READ *)(const void *)(add
  93:Drivers/CMSIS/Include/cmsis_gcc.h **** #endif
  94:Drivers/CMSIS/Include/cmsis_gcc.h **** #ifndef   __UNALIGNED_UINT32_WRITE
  95:Drivers/CMSIS/Include/cmsis_gcc.h ****   #pragma GCC diagnostic push
  96:Drivers/CMSIS/Include/cmsis_gcc.h ****   #pragma GCC diagnostic ignored "-Wpacked"
  97:Drivers/CMSIS/Include/cmsis_gcc.h ****   #pragma GCC diagnostic ignored "-Wattributes"
  98:Drivers/CMSIS/Include/cmsis_gcc.h ****   __PACKED_STRUCT T_UINT32_WRITE { uint32_t v; };
  99:Drivers/CMSIS/Include/cmsis_gcc.h ****   #pragma GCC diagnostic pop
 100:Drivers/CMSIS/Include/cmsis_gcc.h ****   #define __UNALIGNED_UINT32_WRITE(addr, val)    (void)((((struct T_UINT32_WRITE *)(void *)(addr))-
 101:Drivers/CMSIS/Include/cmsis_gcc.h **** #endif
 102:Drivers/CMSIS/Include/cmsis_gcc.h **** #ifndef   __UNALIGNED_UINT32_READ
 103:Drivers/CMSIS/Include/cmsis_gcc.h ****   #pragma GCC diagnostic push
 104:Drivers/CMSIS/Include/cmsis_gcc.h ****   #pragma GCC diagnostic ignored "-Wpacked"
 105:Drivers/CMSIS/Include/cmsis_gcc.h ****   #pragma GCC diagnostic ignored "-Wattributes"
 106:Drivers/CMSIS/Include/cmsis_gcc.h ****   __PACKED_STRUCT T_UINT32_READ { uint32_t v; };
 107:Drivers/CMSIS/Include/cmsis_gcc.h ****   #pragma GCC diagnostic pop
 108:Drivers/CMSIS/Include/cmsis_gcc.h ****   #define __UNALIGNED_UINT32_READ(addr)          (((const struct T_UINT32_READ *)(const void *)(add
 109:Drivers/CMSIS/Include/cmsis_gcc.h **** #endif
 110:Drivers/CMSIS/Include/cmsis_gcc.h **** #ifndef   __ALIGNED
 111:Drivers/CMSIS/Include/cmsis_gcc.h ****   #define __ALIGNED(x)                           __attribute__((aligned(x)))
 112:Drivers/CMSIS/Include/cmsis_gcc.h **** #endif
 113:Drivers/CMSIS/Include/cmsis_gcc.h **** #ifndef   __RESTRICT
 114:Drivers/CMSIS/Include/cmsis_gcc.h ****   #define __RESTRICT                             __restrict
 115:Drivers/CMSIS/Include/cmsis_gcc.h **** #endif
 116:Drivers/CMSIS/Include/cmsis_gcc.h **** 
 117:Drivers/CMSIS/Include/cmsis_gcc.h **** 
 118:Drivers/CMSIS/Include/cmsis_gcc.h **** /* ###########################  Core Function Access  ########################### */
 119:Drivers/CMSIS/Include/cmsis_gcc.h **** /** \ingroup  CMSIS_Core_FunctionInterface
 120:Drivers/CMSIS/Include/cmsis_gcc.h ****     \defgroup CMSIS_Core_RegAccFunctions CMSIS Core Register Access Functions
 121:Drivers/CMSIS/Include/cmsis_gcc.h ****   @{
 122:Drivers/CMSIS/Include/cmsis_gcc.h ****  */
 123:Drivers/CMSIS/Include/cmsis_gcc.h **** 
 124:Drivers/CMSIS/Include/cmsis_gcc.h **** /**
 125:Drivers/CMSIS/Include/cmsis_gcc.h ****   \brief   Enable IRQ Interrupts
 126:Drivers/CMSIS/Include/cmsis_gcc.h ****   \details Enables IRQ interrupts by clearing the I-bit in the CPSR.
 127:Drivers/CMSIS/Include/cmsis_gcc.h ****            Can only be executed in Privileged modes.
 128:Drivers/CMSIS/Include/cmsis_gcc.h ****  */
 129:Drivers/CMSIS/Include/cmsis_gcc.h **** __STATIC_FORCEINLINE void __enable_irq(void)
 130:Drivers/CMSIS/Include/cmsis_gcc.h **** {
 131:Drivers/CMSIS/Include/cmsis_gcc.h ****   __ASM volatile ("cpsie i" : : : "memory");
 132:Drivers/CMSIS/Include/cmsis_gcc.h **** }
 133:Drivers/CMSIS/Include/cmsis_gcc.h **** 
 134:Drivers/CMSIS/Include/cmsis_gcc.h **** 
 135:Drivers/CMSIS/Include/cmsis_gcc.h **** /**
 136:Drivers/CMSIS/Include/cmsis_gcc.h ****   \brief   Disable IRQ Interrupts
 137:Drivers/CMSIS/Include/cmsis_gcc.h ****   \details Disables IRQ interrupts by setting the I-bit in the CPSR.
 138:Drivers/CMSIS/Include/cmsis_gcc.h ****            Can only be executed in Privileged modes.
ARM GAS  /tmp/ccxbErgA.s 			page 62


 139:Drivers/CMSIS/Include/cmsis_gcc.h ****  */
 140:Drivers/CMSIS/Include/cmsis_gcc.h **** __STATIC_FORCEINLINE void __disable_irq(void)
 1701              		.loc 2 140 27 view .LVU441
 1702              	.LBB41:
 141:Drivers/CMSIS/Include/cmsis_gcc.h **** {
 142:Drivers/CMSIS/Include/cmsis_gcc.h ****   __ASM volatile ("cpsid i" : : : "memory");
 1703              		.loc 2 142 3 view .LVU442
 1704              		.syntax unified
 1705              	@ 142 "Drivers/CMSIS/Include/cmsis_gcc.h" 1
 1706 0000 72B6     		cpsid i
 1707              	@ 0 "" 2
 1708              		.thumb
 1709              		.syntax unified
 1710              	.L99:
 1711              	.LBE41:
 1712              	.LBE40:
1254:Core/Src/main.c ****   while (1)
 1713              		.loc 1 1254 3 view .LVU443
1255:Core/Src/main.c ****   {
1256:Core/Src/main.c ****   }
 1714              		.loc 1 1256 3 view .LVU444
1254:Core/Src/main.c ****   while (1)
 1715              		.loc 1 1254 9 view .LVU445
 1716 0002 FEE7     		b	.L99
 1717              		.cfi_endproc
 1718              	.LFE195:
 1720              		.section	.text.MX_ETH_Init,"ax",%progbits
 1721              		.align	1
 1722              		.syntax unified
 1723              		.thumb
 1724              		.thumb_func
 1726              	MX_ETH_Init:
 1727              	.LFB187:
 936:Core/Src/main.c **** 
 1728              		.loc 1 936 1 view -0
 1729              		.cfi_startproc
 1730              		@ args = 0, pretend = 0, frame = 0
 1731              		@ frame_needed = 0, uses_anonymous_args = 0
 1732 0000 10B5     		push	{r4, lr}
 1733              	.LCFI22:
 1734              		.cfi_def_cfa_offset 8
 1735              		.cfi_offset 4, -8
 1736              		.cfi_offset 14, -4
 942:Core/Src/main.c **** 
 1737              		.loc 1 942 4 view .LVU447
 947:Core/Src/main.c ****   MACAddr[0] = 0x00;
 1738              		.loc 1 947 3 view .LVU448
 947:Core/Src/main.c ****   MACAddr[0] = 0x00;
 1739              		.loc 1 947 17 is_stmt 0 view .LVU449
 1740 0002 1448     		ldr	r0, .L104
 1741 0004 144B     		ldr	r3, .L104+4
 1742 0006 0360     		str	r3, [r0]
 948:Core/Src/main.c ****   MACAddr[1] = 0x80;
 1743              		.loc 1 948 3 is_stmt 1 view .LVU450
 948:Core/Src/main.c ****   MACAddr[1] = 0x80;
 1744              		.loc 1 948 14 is_stmt 0 view .LVU451
 1745 0008 144B     		ldr	r3, .L104+8
ARM GAS  /tmp/ccxbErgA.s 			page 63


 1746 000a 0022     		movs	r2, #0
 1747 000c 1A70     		strb	r2, [r3]
 949:Core/Src/main.c ****   MACAddr[2] = 0xE1;
 1748              		.loc 1 949 3 is_stmt 1 view .LVU452
 949:Core/Src/main.c ****   MACAddr[2] = 0xE1;
 1749              		.loc 1 949 14 is_stmt 0 view .LVU453
 1750 000e 8021     		movs	r1, #128
 1751 0010 5970     		strb	r1, [r3, #1]
 950:Core/Src/main.c ****   MACAddr[3] = 0x00;
 1752              		.loc 1 950 3 is_stmt 1 view .LVU454
 950:Core/Src/main.c ****   MACAddr[3] = 0x00;
 1753              		.loc 1 950 14 is_stmt 0 view .LVU455
 1754 0012 E121     		movs	r1, #225
 1755 0014 9970     		strb	r1, [r3, #2]
 951:Core/Src/main.c ****   MACAddr[4] = 0x00;
 1756              		.loc 1 951 3 is_stmt 1 view .LVU456
 951:Core/Src/main.c ****   MACAddr[4] = 0x00;
 1757              		.loc 1 951 14 is_stmt 0 view .LVU457
 1758 0016 DA70     		strb	r2, [r3, #3]
 952:Core/Src/main.c ****   MACAddr[5] = 0x00;
 1759              		.loc 1 952 3 is_stmt 1 view .LVU458
 952:Core/Src/main.c ****   MACAddr[5] = 0x00;
 1760              		.loc 1 952 14 is_stmt 0 view .LVU459
 1761 0018 1A71     		strb	r2, [r3, #4]
 953:Core/Src/main.c ****   heth.Init.MACAddr = &MACAddr[0];
 1762              		.loc 1 953 3 is_stmt 1 view .LVU460
 953:Core/Src/main.c ****   heth.Init.MACAddr = &MACAddr[0];
 1763              		.loc 1 953 14 is_stmt 0 view .LVU461
 1764 001a 5A71     		strb	r2, [r3, #5]
 954:Core/Src/main.c ****   heth.Init.MediaInterface = HAL_ETH_RMII_MODE;
 1765              		.loc 1 954 3 is_stmt 1 view .LVU462
 954:Core/Src/main.c ****   heth.Init.MediaInterface = HAL_ETH_RMII_MODE;
 1766              		.loc 1 954 21 is_stmt 0 view .LVU463
 1767 001c 4360     		str	r3, [r0, #4]
 955:Core/Src/main.c ****   heth.Init.TxDesc = DMATxDscrTab;
 1768              		.loc 1 955 3 is_stmt 1 view .LVU464
 955:Core/Src/main.c ****   heth.Init.TxDesc = DMATxDscrTab;
 1769              		.loc 1 955 28 is_stmt 0 view .LVU465
 1770 001e 4FF40003 		mov	r3, #8388608
 1771 0022 8360     		str	r3, [r0, #8]
 956:Core/Src/main.c ****   heth.Init.RxDesc = DMARxDscrTab;
 1772              		.loc 1 956 3 is_stmt 1 view .LVU466
 956:Core/Src/main.c ****   heth.Init.RxDesc = DMARxDscrTab;
 1773              		.loc 1 956 20 is_stmt 0 view .LVU467
 1774 0024 0E4B     		ldr	r3, .L104+12
 1775 0026 C360     		str	r3, [r0, #12]
 957:Core/Src/main.c ****   heth.Init.RxBuffLen = 1524;
 1776              		.loc 1 957 3 is_stmt 1 view .LVU468
 957:Core/Src/main.c ****   heth.Init.RxBuffLen = 1524;
 1777              		.loc 1 957 20 is_stmt 0 view .LVU469
 1778 0028 0E4B     		ldr	r3, .L104+16
 1779 002a 0361     		str	r3, [r0, #16]
 958:Core/Src/main.c **** 
 1780              		.loc 1 958 3 is_stmt 1 view .LVU470
 958:Core/Src/main.c **** 
 1781              		.loc 1 958 23 is_stmt 0 view .LVU471
 1782 002c 40F2F453 		movw	r3, #1524
ARM GAS  /tmp/ccxbErgA.s 			page 64


 1783 0030 4361     		str	r3, [r0, #20]
 964:Core/Src/main.c ****   {
 1784              		.loc 1 964 3 is_stmt 1 view .LVU472
 964:Core/Src/main.c ****   {
 1785              		.loc 1 964 7 is_stmt 0 view .LVU473
 1786 0032 FFF7FEFF 		bl	HAL_ETH_Init
 1787              	.LVL129:
 964:Core/Src/main.c ****   {
 1788              		.loc 1 964 6 discriminator 1 view .LVU474
 1789 0036 58B9     		cbnz	r0, .L103
 969:Core/Src/main.c ****   TxConfig.Attributes = ETH_TX_PACKETS_FEATURES_CSUM | ETH_TX_PACKETS_FEATURES_CRCPAD;
 1790              		.loc 1 969 3 is_stmt 1 view .LVU475
 1791 0038 0B4C     		ldr	r4, .L104+20
 1792 003a 3822     		movs	r2, #56
 1793 003c 0021     		movs	r1, #0
 1794 003e 2046     		mov	r0, r4
 1795 0040 FFF7FEFF 		bl	memset
 1796              	.LVL130:
 970:Core/Src/main.c ****   TxConfig.ChecksumCtrl = ETH_CHECKSUM_IPHDR_PAYLOAD_INSERT_PHDR_CALC;
 1797              		.loc 1 970 3 view .LVU476
 970:Core/Src/main.c ****   TxConfig.ChecksumCtrl = ETH_CHECKSUM_IPHDR_PAYLOAD_INSERT_PHDR_CALC;
 1798              		.loc 1 970 23 is_stmt 0 view .LVU477
 1799 0044 2123     		movs	r3, #33
 1800 0046 2360     		str	r3, [r4]
 971:Core/Src/main.c ****   TxConfig.CRCPadCtrl = ETH_CRC_PAD_INSERT;
 1801              		.loc 1 971 3 is_stmt 1 view .LVU478
 971:Core/Src/main.c ****   TxConfig.CRCPadCtrl = ETH_CRC_PAD_INSERT;
 1802              		.loc 1 971 25 is_stmt 0 view .LVU479
 1803 0048 4FF44003 		mov	r3, #12582912
 1804 004c 6361     		str	r3, [r4, #20]
 972:Core/Src/main.c ****   /* USER CODE BEGIN ETH_Init 2 */
 1805              		.loc 1 972 3 is_stmt 1 view .LVU480
 977:Core/Src/main.c **** 
 1806              		.loc 1 977 1 is_stmt 0 view .LVU481
 1807 004e 10BD     		pop	{r4, pc}
 1808              	.L103:
 966:Core/Src/main.c ****   }
 1809              		.loc 1 966 5 is_stmt 1 view .LVU482
 1810 0050 FFF7FEFF 		bl	Error_Handler
 1811              	.LVL131:
 1812              	.L105:
 1813              		.align	2
 1814              	.L104:
 1815 0054 00000000 		.word	heth
 1816 0058 00800240 		.word	1073905664
 1817 005c 00000000 		.word	MACAddr.0
 1818 0060 00000000 		.word	DMATxDscrTab
 1819 0064 00000000 		.word	DMARxDscrTab
 1820 0068 00000000 		.word	TxConfig
 1821              		.cfi_endproc
 1822              	.LFE187:
 1824              		.section	.text.MX_I2C1_Init,"ax",%progbits
 1825              		.align	1
 1826              		.syntax unified
 1827              		.thumb
 1828              		.thumb_func
 1830              	MX_I2C1_Init:
ARM GAS  /tmp/ccxbErgA.s 			page 65


 1831              	.LFB188:
 985:Core/Src/main.c **** 
 1832              		.loc 1 985 1 view -0
 1833              		.cfi_startproc
 1834              		@ args = 0, pretend = 0, frame = 0
 1835              		@ frame_needed = 0, uses_anonymous_args = 0
 1836 0000 08B5     		push	{r3, lr}
 1837              	.LCFI23:
 1838              		.cfi_def_cfa_offset 8
 1839              		.cfi_offset 3, -8
 1840              		.cfi_offset 14, -4
 994:Core/Src/main.c ****   hi2c1.Init.Timing = 0x20404768;
 1841              		.loc 1 994 3 view .LVU484
 994:Core/Src/main.c ****   hi2c1.Init.Timing = 0x20404768;
 1842              		.loc 1 994 18 is_stmt 0 view .LVU485
 1843 0002 1248     		ldr	r0, .L114
 1844 0004 124B     		ldr	r3, .L114+4
 1845 0006 0360     		str	r3, [r0]
 995:Core/Src/main.c ****   hi2c1.Init.OwnAddress1 = 0;
 1846              		.loc 1 995 3 is_stmt 1 view .LVU486
 995:Core/Src/main.c ****   hi2c1.Init.OwnAddress1 = 0;
 1847              		.loc 1 995 21 is_stmt 0 view .LVU487
 1848 0008 A3F1FE53 		sub	r3, r3, #532676608
 1849 000c A3F69843 		subw	r3, r3, #3224
 1850 0010 4360     		str	r3, [r0, #4]
 996:Core/Src/main.c ****   hi2c1.Init.AddressingMode = I2C_ADDRESSINGMODE_7BIT;
 1851              		.loc 1 996 3 is_stmt 1 view .LVU488
 996:Core/Src/main.c ****   hi2c1.Init.AddressingMode = I2C_ADDRESSINGMODE_7BIT;
 1852              		.loc 1 996 26 is_stmt 0 view .LVU489
 1853 0012 0023     		movs	r3, #0
 1854 0014 8360     		str	r3, [r0, #8]
 997:Core/Src/main.c ****   hi2c1.Init.DualAddressMode = I2C_DUALADDRESS_DISABLE;
 1855              		.loc 1 997 3 is_stmt 1 view .LVU490
 997:Core/Src/main.c ****   hi2c1.Init.DualAddressMode = I2C_DUALADDRESS_DISABLE;
 1856              		.loc 1 997 29 is_stmt 0 view .LVU491
 1857 0016 0122     		movs	r2, #1
 1858 0018 C260     		str	r2, [r0, #12]
 998:Core/Src/main.c ****   hi2c1.Init.OwnAddress2 = 0;
 1859              		.loc 1 998 3 is_stmt 1 view .LVU492
 998:Core/Src/main.c ****   hi2c1.Init.OwnAddress2 = 0;
 1860              		.loc 1 998 30 is_stmt 0 view .LVU493
 1861 001a 0361     		str	r3, [r0, #16]
 999:Core/Src/main.c ****   hi2c1.Init.OwnAddress2Masks = I2C_OA2_NOMASK;
 1862              		.loc 1 999 3 is_stmt 1 view .LVU494
 999:Core/Src/main.c ****   hi2c1.Init.OwnAddress2Masks = I2C_OA2_NOMASK;
 1863              		.loc 1 999 26 is_stmt 0 view .LVU495
 1864 001c 4361     		str	r3, [r0, #20]
1000:Core/Src/main.c ****   hi2c1.Init.GeneralCallMode = I2C_GENERALCALL_DISABLE;
 1865              		.loc 1 1000 3 is_stmt 1 view .LVU496
1000:Core/Src/main.c ****   hi2c1.Init.GeneralCallMode = I2C_GENERALCALL_DISABLE;
 1866              		.loc 1 1000 31 is_stmt 0 view .LVU497
 1867 001e 8361     		str	r3, [r0, #24]
1001:Core/Src/main.c ****   hi2c1.Init.NoStretchMode = I2C_NOSTRETCH_DISABLE;
 1868              		.loc 1 1001 3 is_stmt 1 view .LVU498
1001:Core/Src/main.c ****   hi2c1.Init.NoStretchMode = I2C_NOSTRETCH_DISABLE;
 1869              		.loc 1 1001 30 is_stmt 0 view .LVU499
 1870 0020 C361     		str	r3, [r0, #28]
ARM GAS  /tmp/ccxbErgA.s 			page 66


1002:Core/Src/main.c ****   if (HAL_I2C_Init(&hi2c1) != HAL_OK)
 1871              		.loc 1 1002 3 is_stmt 1 view .LVU500
1002:Core/Src/main.c ****   if (HAL_I2C_Init(&hi2c1) != HAL_OK)
 1872              		.loc 1 1002 28 is_stmt 0 view .LVU501
 1873 0022 0362     		str	r3, [r0, #32]
1003:Core/Src/main.c ****   {
 1874              		.loc 1 1003 3 is_stmt 1 view .LVU502
1003:Core/Src/main.c ****   {
 1875              		.loc 1 1003 7 is_stmt 0 view .LVU503
 1876 0024 FFF7FEFF 		bl	HAL_I2C_Init
 1877              	.LVL132:
1003:Core/Src/main.c ****   {
 1878              		.loc 1 1003 6 discriminator 1 view .LVU504
 1879 0028 50B9     		cbnz	r0, .L111
1010:Core/Src/main.c ****   {
 1880              		.loc 1 1010 3 is_stmt 1 view .LVU505
1010:Core/Src/main.c ****   {
 1881              		.loc 1 1010 7 is_stmt 0 view .LVU506
 1882 002a 0021     		movs	r1, #0
 1883 002c 0748     		ldr	r0, .L114
 1884 002e FFF7FEFF 		bl	HAL_I2CEx_ConfigAnalogFilter
 1885              	.LVL133:
1010:Core/Src/main.c ****   {
 1886              		.loc 1 1010 6 discriminator 1 view .LVU507
 1887 0032 38B9     		cbnz	r0, .L112
1017:Core/Src/main.c ****   {
 1888              		.loc 1 1017 3 is_stmt 1 view .LVU508
1017:Core/Src/main.c ****   {
 1889              		.loc 1 1017 7 is_stmt 0 view .LVU509
 1890 0034 0021     		movs	r1, #0
 1891 0036 0548     		ldr	r0, .L114
 1892 0038 FFF7FEFF 		bl	HAL_I2CEx_ConfigDigitalFilter
 1893              	.LVL134:
1017:Core/Src/main.c ****   {
 1894              		.loc 1 1017 6 discriminator 1 view .LVU510
 1895 003c 20B9     		cbnz	r0, .L113
1025:Core/Src/main.c **** 
 1896              		.loc 1 1025 1 view .LVU511
 1897 003e 08BD     		pop	{r3, pc}
 1898              	.L111:
1005:Core/Src/main.c ****   }
 1899              		.loc 1 1005 5 is_stmt 1 view .LVU512
 1900 0040 FFF7FEFF 		bl	Error_Handler
 1901              	.LVL135:
 1902              	.L112:
1012:Core/Src/main.c ****   }
 1903              		.loc 1 1012 5 view .LVU513
 1904 0044 FFF7FEFF 		bl	Error_Handler
 1905              	.LVL136:
 1906              	.L113:
1019:Core/Src/main.c ****   }
 1907              		.loc 1 1019 5 view .LVU514
 1908 0048 FFF7FEFF 		bl	Error_Handler
 1909              	.LVL137:
 1910              	.L115:
 1911              		.align	2
 1912              	.L114:
ARM GAS  /tmp/ccxbErgA.s 			page 67


 1913 004c 00000000 		.word	hi2c1
 1914 0050 00540040 		.word	1073763328
 1915              		.cfi_endproc
 1916              	.LFE188:
 1918              		.section	.text.MX_USART3_UART_Init,"ax",%progbits
 1919              		.align	1
 1920              		.syntax unified
 1921              		.thumb
 1922              		.thumb_func
 1924              	MX_USART3_UART_Init:
 1925              	.LFB190:
1071:Core/Src/main.c **** 
 1926              		.loc 1 1071 1 view -0
 1927              		.cfi_startproc
 1928              		@ args = 0, pretend = 0, frame = 0
 1929              		@ frame_needed = 0, uses_anonymous_args = 0
 1930 0000 08B5     		push	{r3, lr}
 1931              	.LCFI24:
 1932              		.cfi_def_cfa_offset 8
 1933              		.cfi_offset 3, -8
 1934              		.cfi_offset 14, -4
1080:Core/Src/main.c ****   huart3.Init.BaudRate = 115200;
 1935              		.loc 1 1080 3 view .LVU516
1080:Core/Src/main.c ****   huart3.Init.BaudRate = 115200;
 1936              		.loc 1 1080 19 is_stmt 0 view .LVU517
 1937 0002 0B48     		ldr	r0, .L120
 1938 0004 0B4B     		ldr	r3, .L120+4
 1939 0006 0360     		str	r3, [r0]
1081:Core/Src/main.c ****   huart3.Init.WordLength = UART_WORDLENGTH_8B;
 1940              		.loc 1 1081 3 is_stmt 1 view .LVU518
1081:Core/Src/main.c ****   huart3.Init.WordLength = UART_WORDLENGTH_8B;
 1941              		.loc 1 1081 24 is_stmt 0 view .LVU519
 1942 0008 4FF4E133 		mov	r3, #115200
 1943 000c 4360     		str	r3, [r0, #4]
1082:Core/Src/main.c ****   huart3.Init.StopBits = UART_STOPBITS_1;
 1944              		.loc 1 1082 3 is_stmt 1 view .LVU520
1082:Core/Src/main.c ****   huart3.Init.StopBits = UART_STOPBITS_1;
 1945              		.loc 1 1082 26 is_stmt 0 view .LVU521
 1946 000e 0023     		movs	r3, #0
 1947 0010 8360     		str	r3, [r0, #8]
1083:Core/Src/main.c ****   huart3.Init.Parity = UART_PARITY_NONE;
 1948              		.loc 1 1083 3 is_stmt 1 view .LVU522
1083:Core/Src/main.c ****   huart3.Init.Parity = UART_PARITY_NONE;
 1949              		.loc 1 1083 24 is_stmt 0 view .LVU523
 1950 0012 C360     		str	r3, [r0, #12]
1084:Core/Src/main.c ****   huart3.Init.Mode = UART_MODE_TX_RX;
 1951              		.loc 1 1084 3 is_stmt 1 view .LVU524
1084:Core/Src/main.c ****   huart3.Init.Mode = UART_MODE_TX_RX;
 1952              		.loc 1 1084 22 is_stmt 0 view .LVU525
 1953 0014 0361     		str	r3, [r0, #16]
1085:Core/Src/main.c ****   huart3.Init.HwFlowCtl = UART_HWCONTROL_NONE;
 1954              		.loc 1 1085 3 is_stmt 1 view .LVU526
1085:Core/Src/main.c ****   huart3.Init.HwFlowCtl = UART_HWCONTROL_NONE;
 1955              		.loc 1 1085 20 is_stmt 0 view .LVU527
 1956 0016 0C22     		movs	r2, #12
 1957 0018 4261     		str	r2, [r0, #20]
1086:Core/Src/main.c ****   huart3.Init.OverSampling = UART_OVERSAMPLING_16;
ARM GAS  /tmp/ccxbErgA.s 			page 68


 1958              		.loc 1 1086 3 is_stmt 1 view .LVU528
1086:Core/Src/main.c ****   huart3.Init.OverSampling = UART_OVERSAMPLING_16;
 1959              		.loc 1 1086 25 is_stmt 0 view .LVU529
 1960 001a 8361     		str	r3, [r0, #24]
1087:Core/Src/main.c ****   huart3.Init.OneBitSampling = UART_ONE_BIT_SAMPLE_DISABLE;
 1961              		.loc 1 1087 3 is_stmt 1 view .LVU530
1087:Core/Src/main.c ****   huart3.Init.OneBitSampling = UART_ONE_BIT_SAMPLE_DISABLE;
 1962              		.loc 1 1087 28 is_stmt 0 view .LVU531
 1963 001c C361     		str	r3, [r0, #28]
1088:Core/Src/main.c ****   huart3.AdvancedInit.AdvFeatureInit = UART_ADVFEATURE_NO_INIT;
 1964              		.loc 1 1088 3 is_stmt 1 view .LVU532
1088:Core/Src/main.c ****   huart3.AdvancedInit.AdvFeatureInit = UART_ADVFEATURE_NO_INIT;
 1965              		.loc 1 1088 30 is_stmt 0 view .LVU533
 1966 001e 0362     		str	r3, [r0, #32]
1089:Core/Src/main.c ****   if (HAL_UART_Init(&huart3) != HAL_OK)
 1967              		.loc 1 1089 3 is_stmt 1 view .LVU534
1089:Core/Src/main.c ****   if (HAL_UART_Init(&huart3) != HAL_OK)
 1968              		.loc 1 1089 38 is_stmt 0 view .LVU535
 1969 0020 4362     		str	r3, [r0, #36]
1090:Core/Src/main.c ****   {
 1970              		.loc 1 1090 3 is_stmt 1 view .LVU536
1090:Core/Src/main.c ****   {
 1971              		.loc 1 1090 7 is_stmt 0 view .LVU537
 1972 0022 FFF7FEFF 		bl	HAL_UART_Init
 1973              	.LVL138:
1090:Core/Src/main.c ****   {
 1974              		.loc 1 1090 6 discriminator 1 view .LVU538
 1975 0026 00B9     		cbnz	r0, .L119
1098:Core/Src/main.c **** 
 1976              		.loc 1 1098 1 view .LVU539
 1977 0028 08BD     		pop	{r3, pc}
 1978              	.L119:
1092:Core/Src/main.c ****   }
 1979              		.loc 1 1092 5 is_stmt 1 view .LVU540
 1980 002a FFF7FEFF 		bl	Error_Handler
 1981              	.LVL139:
 1982              	.L121:
 1983 002e 00BF     		.align	2
 1984              	.L120:
 1985 0030 00000000 		.word	huart3
 1986 0034 00480040 		.word	1073760256
 1987              		.cfi_endproc
 1988              	.LFE190:
 1990              		.section	.text.MX_USB_OTG_FS_PCD_Init,"ax",%progbits
 1991              		.align	1
 1992              		.syntax unified
 1993              		.thumb
 1994              		.thumb_func
 1996              	MX_USB_OTG_FS_PCD_Init:
 1997              	.LFB191:
1106:Core/Src/main.c **** 
 1998              		.loc 1 1106 1 view -0
 1999              		.cfi_startproc
 2000              		@ args = 0, pretend = 0, frame = 0
 2001              		@ frame_needed = 0, uses_anonymous_args = 0
 2002 0000 08B5     		push	{r3, lr}
 2003              	.LCFI25:
ARM GAS  /tmp/ccxbErgA.s 			page 69


 2004              		.cfi_def_cfa_offset 8
 2005              		.cfi_offset 3, -8
 2006              		.cfi_offset 14, -4
1115:Core/Src/main.c ****   hpcd_USB_OTG_FS.Init.dev_endpoints = 6;
 2007              		.loc 1 1115 3 view .LVU542
1115:Core/Src/main.c ****   hpcd_USB_OTG_FS.Init.dev_endpoints = 6;
 2008              		.loc 1 1115 28 is_stmt 0 view .LVU543
 2009 0002 0B48     		ldr	r0, .L126
 2010 0004 4FF0A043 		mov	r3, #1342177280
 2011 0008 0360     		str	r3, [r0]
1116:Core/Src/main.c ****   hpcd_USB_OTG_FS.Init.speed = PCD_SPEED_FULL;
 2012              		.loc 1 1116 3 is_stmt 1 view .LVU544
1116:Core/Src/main.c ****   hpcd_USB_OTG_FS.Init.speed = PCD_SPEED_FULL;
 2013              		.loc 1 1116 38 is_stmt 0 view .LVU545
 2014 000a 0623     		movs	r3, #6
 2015 000c 0371     		strb	r3, [r0, #4]
1117:Core/Src/main.c ****   hpcd_USB_OTG_FS.Init.dma_enable = DISABLE;
 2016              		.loc 1 1117 3 is_stmt 1 view .LVU546
1117:Core/Src/main.c ****   hpcd_USB_OTG_FS.Init.dma_enable = DISABLE;
 2017              		.loc 1 1117 30 is_stmt 0 view .LVU547
 2018 000e 0222     		movs	r2, #2
 2019 0010 C271     		strb	r2, [r0, #7]
1118:Core/Src/main.c ****   hpcd_USB_OTG_FS.Init.phy_itface = PCD_PHY_EMBEDDED;
 2020              		.loc 1 1118 3 is_stmt 1 view .LVU548
1118:Core/Src/main.c ****   hpcd_USB_OTG_FS.Init.phy_itface = PCD_PHY_EMBEDDED;
 2021              		.loc 1 1118 35 is_stmt 0 view .LVU549
 2022 0012 0023     		movs	r3, #0
 2023 0014 8371     		strb	r3, [r0, #6]
1119:Core/Src/main.c ****   hpcd_USB_OTG_FS.Init.Sof_enable = ENABLE;
 2024              		.loc 1 1119 3 is_stmt 1 view .LVU550
1119:Core/Src/main.c ****   hpcd_USB_OTG_FS.Init.Sof_enable = ENABLE;
 2025              		.loc 1 1119 35 is_stmt 0 view .LVU551
 2026 0016 4272     		strb	r2, [r0, #9]
1120:Core/Src/main.c ****   hpcd_USB_OTG_FS.Init.low_power_enable = DISABLE;
 2027              		.loc 1 1120 3 is_stmt 1 view .LVU552
1120:Core/Src/main.c ****   hpcd_USB_OTG_FS.Init.low_power_enable = DISABLE;
 2028              		.loc 1 1120 35 is_stmt 0 view .LVU553
 2029 0018 0122     		movs	r2, #1
 2030 001a 8272     		strb	r2, [r0, #10]
1121:Core/Src/main.c ****   hpcd_USB_OTG_FS.Init.lpm_enable = DISABLE;
 2031              		.loc 1 1121 3 is_stmt 1 view .LVU554
1121:Core/Src/main.c ****   hpcd_USB_OTG_FS.Init.lpm_enable = DISABLE;
 2032              		.loc 1 1121 41 is_stmt 0 view .LVU555
 2033 001c C372     		strb	r3, [r0, #11]
1122:Core/Src/main.c ****   hpcd_USB_OTG_FS.Init.vbus_sensing_enable = ENABLE;
 2034              		.loc 1 1122 3 is_stmt 1 view .LVU556
1122:Core/Src/main.c ****   hpcd_USB_OTG_FS.Init.vbus_sensing_enable = ENABLE;
 2035              		.loc 1 1122 35 is_stmt 0 view .LVU557
 2036 001e 0373     		strb	r3, [r0, #12]
1123:Core/Src/main.c ****   hpcd_USB_OTG_FS.Init.use_dedicated_ep1 = DISABLE;
 2037              		.loc 1 1123 3 is_stmt 1 view .LVU558
1123:Core/Src/main.c ****   hpcd_USB_OTG_FS.Init.use_dedicated_ep1 = DISABLE;
 2038              		.loc 1 1123 44 is_stmt 0 view .LVU559
 2039 0020 8273     		strb	r2, [r0, #14]
1124:Core/Src/main.c ****   if (HAL_PCD_Init(&hpcd_USB_OTG_FS) != HAL_OK)
 2040              		.loc 1 1124 3 is_stmt 1 view .LVU560
1124:Core/Src/main.c ****   if (HAL_PCD_Init(&hpcd_USB_OTG_FS) != HAL_OK)
ARM GAS  /tmp/ccxbErgA.s 			page 70


 2041              		.loc 1 1124 42 is_stmt 0 view .LVU561
 2042 0022 C373     		strb	r3, [r0, #15]
1125:Core/Src/main.c ****   {
 2043              		.loc 1 1125 3 is_stmt 1 view .LVU562
1125:Core/Src/main.c ****   {
 2044              		.loc 1 1125 7 is_stmt 0 view .LVU563
 2045 0024 FFF7FEFF 		bl	HAL_PCD_Init
 2046              	.LVL140:
1125:Core/Src/main.c ****   {
 2047              		.loc 1 1125 6 discriminator 1 view .LVU564
 2048 0028 00B9     		cbnz	r0, .L125
1133:Core/Src/main.c **** 
 2049              		.loc 1 1133 1 view .LVU565
 2050 002a 08BD     		pop	{r3, pc}
 2051              	.L125:
1127:Core/Src/main.c ****   }
 2052              		.loc 1 1127 5 is_stmt 1 view .LVU566
 2053 002c FFF7FEFF 		bl	Error_Handler
 2054              	.LVL141:
 2055              	.L127:
 2056              		.align	2
 2057              	.L126:
 2058 0030 00000000 		.word	hpcd_USB_OTG_FS
 2059              		.cfi_endproc
 2060              	.LFE191:
 2062              		.section	.text.MX_DAC_Init,"ax",%progbits
 2063              		.align	1
 2064              		.syntax unified
 2065              		.thumb
 2066              		.thumb_func
 2068              	MX_DAC_Init:
 2069              	.LFB186:
 896:Core/Src/main.c **** 
 2070              		.loc 1 896 1 view -0
 2071              		.cfi_startproc
 2072              		@ args = 0, pretend = 0, frame = 8
 2073              		@ frame_needed = 0, uses_anonymous_args = 0
 2074 0000 00B5     		push	{lr}
 2075              	.LCFI26:
 2076              		.cfi_def_cfa_offset 4
 2077              		.cfi_offset 14, -4
 2078 0002 83B0     		sub	sp, sp, #12
 2079              	.LCFI27:
 2080              		.cfi_def_cfa_offset 16
 902:Core/Src/main.c **** 
 2081              		.loc 1 902 3 view .LVU568
 902:Core/Src/main.c **** 
 2082              		.loc 1 902 26 is_stmt 0 view .LVU569
 2083 0004 0023     		movs	r3, #0
 2084 0006 0093     		str	r3, [sp]
 2085 0008 0193     		str	r3, [sp, #4]
 910:Core/Src/main.c ****   if (HAL_DAC_Init(&hdac) != HAL_OK)
 2086              		.loc 1 910 3 is_stmt 1 view .LVU570
 910:Core/Src/main.c ****   if (HAL_DAC_Init(&hdac) != HAL_OK)
 2087              		.loc 1 910 17 is_stmt 0 view .LVU571
 2088 000a 0B48     		ldr	r0, .L134
 2089 000c 0B4B     		ldr	r3, .L134+4
ARM GAS  /tmp/ccxbErgA.s 			page 71


 2090 000e 0360     		str	r3, [r0]
 911:Core/Src/main.c ****   {
 2091              		.loc 1 911 3 is_stmt 1 view .LVU572
 911:Core/Src/main.c ****   {
 2092              		.loc 1 911 7 is_stmt 0 view .LVU573
 2093 0010 FFF7FEFF 		bl	HAL_DAC_Init
 2094              	.LVL142:
 911:Core/Src/main.c ****   {
 2095              		.loc 1 911 6 discriminator 1 view .LVU574
 2096 0014 58B9     		cbnz	r0, .L132
 918:Core/Src/main.c ****   sConfig.DAC_OutputBuffer = DAC_OUTPUTBUFFER_ENABLE;
 2097              		.loc 1 918 3 is_stmt 1 view .LVU575
 918:Core/Src/main.c ****   sConfig.DAC_OutputBuffer = DAC_OUTPUTBUFFER_ENABLE;
 2098              		.loc 1 918 23 is_stmt 0 view .LVU576
 2099 0016 0423     		movs	r3, #4
 2100 0018 0093     		str	r3, [sp]
 919:Core/Src/main.c ****   if (HAL_DAC_ConfigChannel(&hdac, &sConfig, DAC_CHANNEL_1) != HAL_OK)
 2101              		.loc 1 919 3 is_stmt 1 view .LVU577
 919:Core/Src/main.c ****   if (HAL_DAC_ConfigChannel(&hdac, &sConfig, DAC_CHANNEL_1) != HAL_OK)
 2102              		.loc 1 919 28 is_stmt 0 view .LVU578
 2103 001a 0022     		movs	r2, #0
 2104 001c 0192     		str	r2, [sp, #4]
 920:Core/Src/main.c ****   {
 2105              		.loc 1 920 3 is_stmt 1 view .LVU579
 920:Core/Src/main.c ****   {
 2106              		.loc 1 920 7 is_stmt 0 view .LVU580
 2107 001e 6946     		mov	r1, sp
 2108 0020 0548     		ldr	r0, .L134
 2109 0022 FFF7FEFF 		bl	HAL_DAC_ConfigChannel
 2110              	.LVL143:
 920:Core/Src/main.c ****   {
 2111              		.loc 1 920 6 discriminator 1 view .LVU581
 2112 0026 20B9     		cbnz	r0, .L133
 928:Core/Src/main.c **** 
 2113              		.loc 1 928 1 view .LVU582
 2114 0028 03B0     		add	sp, sp, #12
 2115              	.LCFI28:
 2116              		.cfi_remember_state
 2117              		.cfi_def_cfa_offset 4
 2118              		@ sp needed
 2119 002a 5DF804FB 		ldr	pc, [sp], #4
 2120              	.L132:
 2121              	.LCFI29:
 2122              		.cfi_restore_state
 913:Core/Src/main.c ****   }
 2123              		.loc 1 913 5 is_stmt 1 view .LVU583
 2124 002e FFF7FEFF 		bl	Error_Handler
 2125              	.LVL144:
 2126              	.L133:
 922:Core/Src/main.c ****   }
 2127              		.loc 1 922 5 view .LVU584
 2128 0032 FFF7FEFF 		bl	Error_Handler
 2129              	.LVL145:
 2130              	.L135:
 2131 0036 00BF     		.align	2
 2132              	.L134:
 2133 0038 00000000 		.word	hdac
ARM GAS  /tmp/ccxbErgA.s 			page 72


 2134 003c 00740040 		.word	1073771520
 2135              		.cfi_endproc
 2136              	.LFE186:
 2138              		.section	.text.MX_TIM6_Init,"ax",%progbits
 2139              		.align	1
 2140              		.syntax unified
 2141              		.thumb
 2142              		.thumb_func
 2144              	MX_TIM6_Init:
 2145              	.LFB189:
1033:Core/Src/main.c **** 
 2146              		.loc 1 1033 1 view -0
 2147              		.cfi_startproc
 2148              		@ args = 0, pretend = 0, frame = 16
 2149              		@ frame_needed = 0, uses_anonymous_args = 0
 2150 0000 00B5     		push	{lr}
 2151              	.LCFI30:
 2152              		.cfi_def_cfa_offset 4
 2153              		.cfi_offset 14, -4
 2154 0002 85B0     		sub	sp, sp, #20
 2155              	.LCFI31:
 2156              		.cfi_def_cfa_offset 24
1039:Core/Src/main.c **** 
 2157              		.loc 1 1039 3 view .LVU586
1039:Core/Src/main.c **** 
 2158              		.loc 1 1039 27 is_stmt 0 view .LVU587
 2159 0004 0023     		movs	r3, #0
 2160 0006 0193     		str	r3, [sp, #4]
 2161 0008 0293     		str	r3, [sp, #8]
 2162 000a 0393     		str	r3, [sp, #12]
1044:Core/Src/main.c ****   htim6.Init.Prescaler = 44;
 2163              		.loc 1 1044 3 is_stmt 1 view .LVU588
1044:Core/Src/main.c ****   htim6.Init.Prescaler = 44;
 2164              		.loc 1 1044 18 is_stmt 0 view .LVU589
 2165 000c 0D48     		ldr	r0, .L142
 2166 000e 0E4A     		ldr	r2, .L142+4
 2167 0010 0260     		str	r2, [r0]
1045:Core/Src/main.c ****   htim6.Init.CounterMode = TIM_COUNTERMODE_UP;
 2168              		.loc 1 1045 3 is_stmt 1 view .LVU590
1045:Core/Src/main.c ****   htim6.Init.CounterMode = TIM_COUNTERMODE_UP;
 2169              		.loc 1 1045 24 is_stmt 0 view .LVU591
 2170 0012 2C22     		movs	r2, #44
 2171 0014 4260     		str	r2, [r0, #4]
1046:Core/Src/main.c ****   htim6.Init.Period = 49;
 2172              		.loc 1 1046 3 is_stmt 1 view .LVU592
1046:Core/Src/main.c ****   htim6.Init.Period = 49;
 2173              		.loc 1 1046 26 is_stmt 0 view .LVU593
 2174 0016 8360     		str	r3, [r0, #8]
1047:Core/Src/main.c ****   htim6.Init.AutoReloadPreload = TIM_AUTORELOAD_PRELOAD_DISABLE;
 2175              		.loc 1 1047 3 is_stmt 1 view .LVU594
1047:Core/Src/main.c ****   htim6.Init.AutoReloadPreload = TIM_AUTORELOAD_PRELOAD_DISABLE;
 2176              		.loc 1 1047 21 is_stmt 0 view .LVU595
 2177 0018 3122     		movs	r2, #49
 2178 001a C260     		str	r2, [r0, #12]
1048:Core/Src/main.c ****   if (HAL_TIM_Base_Init(&htim6) != HAL_OK)
 2179              		.loc 1 1048 3 is_stmt 1 view .LVU596
1048:Core/Src/main.c ****   if (HAL_TIM_Base_Init(&htim6) != HAL_OK)
ARM GAS  /tmp/ccxbErgA.s 			page 73


 2180              		.loc 1 1048 32 is_stmt 0 view .LVU597
 2181 001c 8361     		str	r3, [r0, #24]
1049:Core/Src/main.c ****   {
 2182              		.loc 1 1049 3 is_stmt 1 view .LVU598
1049:Core/Src/main.c ****   {
 2183              		.loc 1 1049 7 is_stmt 0 view .LVU599
 2184 001e FFF7FEFF 		bl	HAL_TIM_Base_Init
 2185              	.LVL146:
1049:Core/Src/main.c ****   {
 2186              		.loc 1 1049 6 discriminator 1 view .LVU600
 2187 0022 58B9     		cbnz	r0, .L140
1053:Core/Src/main.c ****   sMasterConfig.MasterSlaveMode = TIM_MASTERSLAVEMODE_DISABLE;
 2188              		.loc 1 1053 3 is_stmt 1 view .LVU601
1053:Core/Src/main.c ****   sMasterConfig.MasterSlaveMode = TIM_MASTERSLAVEMODE_DISABLE;
 2189              		.loc 1 1053 37 is_stmt 0 view .LVU602
 2190 0024 2023     		movs	r3, #32
 2191 0026 0193     		str	r3, [sp, #4]
1054:Core/Src/main.c ****   if (HAL_TIMEx_MasterConfigSynchronization(&htim6, &sMasterConfig) != HAL_OK)
 2192              		.loc 1 1054 3 is_stmt 1 view .LVU603
1054:Core/Src/main.c ****   if (HAL_TIMEx_MasterConfigSynchronization(&htim6, &sMasterConfig) != HAL_OK)
 2193              		.loc 1 1054 33 is_stmt 0 view .LVU604
 2194 0028 0023     		movs	r3, #0
 2195 002a 0393     		str	r3, [sp, #12]
1055:Core/Src/main.c ****   {
 2196              		.loc 1 1055 3 is_stmt 1 view .LVU605
1055:Core/Src/main.c ****   {
 2197              		.loc 1 1055 7 is_stmt 0 view .LVU606
 2198 002c 01A9     		add	r1, sp, #4
 2199 002e 0548     		ldr	r0, .L142
 2200 0030 FFF7FEFF 		bl	HAL_TIMEx_MasterConfigSynchronization
 2201              	.LVL147:
1055:Core/Src/main.c ****   {
 2202              		.loc 1 1055 6 discriminator 1 view .LVU607
 2203 0034 20B9     		cbnz	r0, .L141
1063:Core/Src/main.c **** 
 2204              		.loc 1 1063 1 view .LVU608
 2205 0036 05B0     		add	sp, sp, #20
 2206              	.LCFI32:
 2207              		.cfi_remember_state
 2208              		.cfi_def_cfa_offset 4
 2209              		@ sp needed
 2210 0038 5DF804FB 		ldr	pc, [sp], #4
 2211              	.L140:
 2212              	.LCFI33:
 2213              		.cfi_restore_state
1051:Core/Src/main.c ****   }
 2214              		.loc 1 1051 5 is_stmt 1 view .LVU609
 2215 003c FFF7FEFF 		bl	Error_Handler
 2216              	.LVL148:
 2217              	.L141:
1057:Core/Src/main.c ****   }
 2218              		.loc 1 1057 5 view .LVU610
 2219 0040 FFF7FEFF 		bl	Error_Handler
 2220              	.LVL149:
 2221              	.L143:
 2222              		.align	2
 2223              	.L142:
ARM GAS  /tmp/ccxbErgA.s 			page 74


 2224 0044 00000000 		.word	htim6
 2225 0048 00100040 		.word	1073745920
 2226              		.cfi_endproc
 2227              	.LFE189:
 2229              		.section	.text.MX_ADC1_Init,"ax",%progbits
 2230              		.align	1
 2231              		.syntax unified
 2232              		.thumb
 2233              		.thumb_func
 2235              	MX_ADC1_Init:
 2236              	.LFB185:
 844:Core/Src/main.c **** 
 2237              		.loc 1 844 1 view -0
 2238              		.cfi_startproc
 2239              		@ args = 0, pretend = 0, frame = 16
 2240              		@ frame_needed = 0, uses_anonymous_args = 0
 2241 0000 00B5     		push	{lr}
 2242              	.LCFI34:
 2243              		.cfi_def_cfa_offset 4
 2244              		.cfi_offset 14, -4
 2245 0002 85B0     		sub	sp, sp, #20
 2246              	.LCFI35:
 2247              		.cfi_def_cfa_offset 24
 850:Core/Src/main.c **** 
 2248              		.loc 1 850 3 view .LVU612
 850:Core/Src/main.c **** 
 2249              		.loc 1 850 26 is_stmt 0 view .LVU613
 2250 0004 0023     		movs	r3, #0
 2251 0006 0093     		str	r3, [sp]
 2252 0008 0193     		str	r3, [sp, #4]
 2253 000a 0293     		str	r3, [sp, #8]
 2254 000c 0393     		str	r3, [sp, #12]
 858:Core/Src/main.c ****   hadc1.Init.ClockPrescaler = ADC_CLOCK_SYNC_PCLK_DIV4;
 2255              		.loc 1 858 3 is_stmt 1 view .LVU614
 858:Core/Src/main.c ****   hadc1.Init.ClockPrescaler = ADC_CLOCK_SYNC_PCLK_DIV4;
 2256              		.loc 1 858 18 is_stmt 0 view .LVU615
 2257 000e 1648     		ldr	r0, .L150
 2258 0010 164A     		ldr	r2, .L150+4
 2259 0012 0260     		str	r2, [r0]
 859:Core/Src/main.c ****   hadc1.Init.Resolution = ADC_RESOLUTION_12B;
 2260              		.loc 1 859 3 is_stmt 1 view .LVU616
 859:Core/Src/main.c ****   hadc1.Init.Resolution = ADC_RESOLUTION_12B;
 2261              		.loc 1 859 29 is_stmt 0 view .LVU617
 2262 0014 4FF48032 		mov	r2, #65536
 2263 0018 4260     		str	r2, [r0, #4]
 860:Core/Src/main.c ****   hadc1.Init.ScanConvMode = ADC_SCAN_DISABLE;
 2264              		.loc 1 860 3 is_stmt 1 view .LVU618
 860:Core/Src/main.c ****   hadc1.Init.ScanConvMode = ADC_SCAN_DISABLE;
 2265              		.loc 1 860 25 is_stmt 0 view .LVU619
 2266 001a 8360     		str	r3, [r0, #8]
 861:Core/Src/main.c ****   hadc1.Init.ContinuousConvMode = DISABLE;
 2267              		.loc 1 861 3 is_stmt 1 view .LVU620
 861:Core/Src/main.c ****   hadc1.Init.ContinuousConvMode = DISABLE;
 2268              		.loc 1 861 27 is_stmt 0 view .LVU621
 2269 001c 0361     		str	r3, [r0, #16]
 862:Core/Src/main.c ****   hadc1.Init.DiscontinuousConvMode = DISABLE;
 2270              		.loc 1 862 3 is_stmt 1 view .LVU622
ARM GAS  /tmp/ccxbErgA.s 			page 75


 862:Core/Src/main.c ****   hadc1.Init.DiscontinuousConvMode = DISABLE;
 2271              		.loc 1 862 33 is_stmt 0 view .LVU623
 2272 001e 8361     		str	r3, [r0, #24]
 863:Core/Src/main.c ****   hadc1.Init.ExternalTrigConvEdge = ADC_EXTERNALTRIGCONVEDGE_RISING;
 2273              		.loc 1 863 3 is_stmt 1 view .LVU624
 863:Core/Src/main.c ****   hadc1.Init.ExternalTrigConvEdge = ADC_EXTERNALTRIGCONVEDGE_RISING;
 2274              		.loc 1 863 36 is_stmt 0 view .LVU625
 2275 0020 80F82030 		strb	r3, [r0, #32]
 864:Core/Src/main.c ****   hadc1.Init.ExternalTrigConv = ADC_EXTERNALTRIGCONV_T6_TRGO;
 2276              		.loc 1 864 3 is_stmt 1 view .LVU626
 864:Core/Src/main.c ****   hadc1.Init.ExternalTrigConv = ADC_EXTERNALTRIGCONV_T6_TRGO;
 2277              		.loc 1 864 35 is_stmt 0 view .LVU627
 2278 0024 4FF08052 		mov	r2, #268435456
 2279 0028 C262     		str	r2, [r0, #44]
 865:Core/Src/main.c ****   hadc1.Init.DataAlign = ADC_DATAALIGN_RIGHT;
 2280              		.loc 1 865 3 is_stmt 1 view .LVU628
 865:Core/Src/main.c ****   hadc1.Init.DataAlign = ADC_DATAALIGN_RIGHT;
 2281              		.loc 1 865 31 is_stmt 0 view .LVU629
 2282 002a 4FF05062 		mov	r2, #218103808
 2283 002e 8262     		str	r2, [r0, #40]
 866:Core/Src/main.c ****   hadc1.Init.NbrOfConversion = 1;
 2284              		.loc 1 866 3 is_stmt 1 view .LVU630
 866:Core/Src/main.c ****   hadc1.Init.NbrOfConversion = 1;
 2285              		.loc 1 866 24 is_stmt 0 view .LVU631
 2286 0030 C360     		str	r3, [r0, #12]
 867:Core/Src/main.c ****   hadc1.Init.DMAContinuousRequests = ENABLE;
 2287              		.loc 1 867 3 is_stmt 1 view .LVU632
 867:Core/Src/main.c ****   hadc1.Init.DMAContinuousRequests = ENABLE;
 2288              		.loc 1 867 30 is_stmt 0 view .LVU633
 2289 0032 0123     		movs	r3, #1
 2290 0034 C361     		str	r3, [r0, #28]
 868:Core/Src/main.c ****   hadc1.Init.EOCSelection = ADC_EOC_SINGLE_CONV;
 2291              		.loc 1 868 3 is_stmt 1 view .LVU634
 868:Core/Src/main.c ****   hadc1.Init.EOCSelection = ADC_EOC_SINGLE_CONV;
 2292              		.loc 1 868 36 is_stmt 0 view .LVU635
 2293 0036 80F83030 		strb	r3, [r0, #48]
 869:Core/Src/main.c ****   if (HAL_ADC_Init(&hadc1) != HAL_OK)
 2294              		.loc 1 869 3 is_stmt 1 view .LVU636
 869:Core/Src/main.c ****   if (HAL_ADC_Init(&hadc1) != HAL_OK)
 2295              		.loc 1 869 27 is_stmt 0 view .LVU637
 2296 003a 4361     		str	r3, [r0, #20]
 870:Core/Src/main.c ****   {
 2297              		.loc 1 870 3 is_stmt 1 view .LVU638
 870:Core/Src/main.c ****   {
 2298              		.loc 1 870 7 is_stmt 0 view .LVU639
 2299 003c FFF7FEFF 		bl	HAL_ADC_Init
 2300              	.LVL150:
 870:Core/Src/main.c ****   {
 2301              		.loc 1 870 6 discriminator 1 view .LVU640
 2302 0040 68B9     		cbnz	r0, .L148
 877:Core/Src/main.c ****   sConfig.Rank = ADC_REGULAR_RANK_1;
 2303              		.loc 1 877 3 is_stmt 1 view .LVU641
 877:Core/Src/main.c ****   sConfig.Rank = ADC_REGULAR_RANK_1;
 2304              		.loc 1 877 19 is_stmt 0 view .LVU642
 2305 0042 0323     		movs	r3, #3
 2306 0044 0093     		str	r3, [sp]
 878:Core/Src/main.c ****   sConfig.SamplingTime = ADC_SAMPLETIME_3CYCLES;
ARM GAS  /tmp/ccxbErgA.s 			page 76


 2307              		.loc 1 878 3 is_stmt 1 view .LVU643
 878:Core/Src/main.c ****   sConfig.SamplingTime = ADC_SAMPLETIME_3CYCLES;
 2308              		.loc 1 878 16 is_stmt 0 view .LVU644
 2309 0046 0123     		movs	r3, #1
 2310 0048 0193     		str	r3, [sp, #4]
 879:Core/Src/main.c ****   if (HAL_ADC_ConfigChannel(&hadc1, &sConfig) != HAL_OK)
 2311              		.loc 1 879 3 is_stmt 1 view .LVU645
 879:Core/Src/main.c ****   if (HAL_ADC_ConfigChannel(&hadc1, &sConfig) != HAL_OK)
 2312              		.loc 1 879 24 is_stmt 0 view .LVU646
 2313 004a 0023     		movs	r3, #0
 2314 004c 0293     		str	r3, [sp, #8]
 880:Core/Src/main.c ****   {
 2315              		.loc 1 880 3 is_stmt 1 view .LVU647
 880:Core/Src/main.c ****   {
 2316              		.loc 1 880 7 is_stmt 0 view .LVU648
 2317 004e 6946     		mov	r1, sp
 2318 0050 0548     		ldr	r0, .L150
 2319 0052 FFF7FEFF 		bl	HAL_ADC_ConfigChannel
 2320              	.LVL151:
 880:Core/Src/main.c ****   {
 2321              		.loc 1 880 6 discriminator 1 view .LVU649
 2322 0056 20B9     		cbnz	r0, .L149
 888:Core/Src/main.c **** 
 2323              		.loc 1 888 1 view .LVU650
 2324 0058 05B0     		add	sp, sp, #20
 2325              	.LCFI36:
 2326              		.cfi_remember_state
 2327              		.cfi_def_cfa_offset 4
 2328              		@ sp needed
 2329 005a 5DF804FB 		ldr	pc, [sp], #4
 2330              	.L148:
 2331              	.LCFI37:
 2332              		.cfi_restore_state
 872:Core/Src/main.c ****   }
 2333              		.loc 1 872 5 is_stmt 1 view .LVU651
 2334 005e FFF7FEFF 		bl	Error_Handler
 2335              	.LVL152:
 2336              	.L149:
 882:Core/Src/main.c ****   }
 2337              		.loc 1 882 5 view .LVU652
 2338 0062 FFF7FEFF 		bl	Error_Handler
 2339              	.LVL153:
 2340              	.L151:
 2341 0066 00BF     		.align	2
 2342              	.L150:
 2343 0068 00000000 		.word	hadc1
 2344 006c 00200140 		.word	1073815552
 2345              		.cfi_endproc
 2346              	.LFE185:
 2348              		.section	.text.SystemClock_Config,"ax",%progbits
 2349              		.align	1
 2350              		.global	SystemClock_Config
 2351              		.syntax unified
 2352              		.thumb
 2353              		.thumb_func
 2355              	SystemClock_Config:
 2356              	.LFB184:
ARM GAS  /tmp/ccxbErgA.s 			page 77


 787:Core/Src/main.c ****   RCC_OscInitTypeDef RCC_OscInitStruct = {0};
 2357              		.loc 1 787 1 view -0
 2358              		.cfi_startproc
 2359              		@ args = 0, pretend = 0, frame = 80
 2360              		@ frame_needed = 0, uses_anonymous_args = 0
 2361 0000 00B5     		push	{lr}
 2362              	.LCFI38:
 2363              		.cfi_def_cfa_offset 4
 2364              		.cfi_offset 14, -4
 2365 0002 95B0     		sub	sp, sp, #84
 2366              	.LCFI39:
 2367              		.cfi_def_cfa_offset 88
 788:Core/Src/main.c ****   RCC_ClkInitTypeDef RCC_ClkInitStruct = {0};
 2368              		.loc 1 788 3 view .LVU654
 788:Core/Src/main.c ****   RCC_ClkInitTypeDef RCC_ClkInitStruct = {0};
 2369              		.loc 1 788 22 is_stmt 0 view .LVU655
 2370 0004 3022     		movs	r2, #48
 2371 0006 0021     		movs	r1, #0
 2372 0008 08A8     		add	r0, sp, #32
 2373 000a FFF7FEFF 		bl	memset
 2374              	.LVL154:
 789:Core/Src/main.c **** 
 2375              		.loc 1 789 3 is_stmt 1 view .LVU656
 789:Core/Src/main.c **** 
 2376              		.loc 1 789 22 is_stmt 0 view .LVU657
 2377 000e 0023     		movs	r3, #0
 2378 0010 0393     		str	r3, [sp, #12]
 2379 0012 0493     		str	r3, [sp, #16]
 2380 0014 0593     		str	r3, [sp, #20]
 2381 0016 0693     		str	r3, [sp, #24]
 2382 0018 0793     		str	r3, [sp, #28]
 793:Core/Src/main.c **** 
 2383              		.loc 1 793 3 is_stmt 1 view .LVU658
 2384 001a FFF7FEFF 		bl	HAL_PWR_EnableBkUpAccess
 2385              	.LVL155:
 797:Core/Src/main.c ****   __HAL_PWR_VOLTAGESCALING_CONFIG(PWR_REGULATOR_VOLTAGE_SCALE1);
 2386              		.loc 1 797 3 view .LVU659
 2387              	.LBB42:
 797:Core/Src/main.c ****   __HAL_PWR_VOLTAGESCALING_CONFIG(PWR_REGULATOR_VOLTAGE_SCALE1);
 2388              		.loc 1 797 3 view .LVU660
 797:Core/Src/main.c ****   __HAL_PWR_VOLTAGESCALING_CONFIG(PWR_REGULATOR_VOLTAGE_SCALE1);
 2389              		.loc 1 797 3 view .LVU661
 2390 001e 234B     		ldr	r3, .L160
 2391 0020 1A6C     		ldr	r2, [r3, #64]
 2392 0022 42F08052 		orr	r2, r2, #268435456
 2393 0026 1A64     		str	r2, [r3, #64]
 797:Core/Src/main.c ****   __HAL_PWR_VOLTAGESCALING_CONFIG(PWR_REGULATOR_VOLTAGE_SCALE1);
 2394              		.loc 1 797 3 view .LVU662
 2395 0028 1B6C     		ldr	r3, [r3, #64]
 2396 002a 03F08053 		and	r3, r3, #268435456
 2397 002e 0193     		str	r3, [sp, #4]
 797:Core/Src/main.c ****   __HAL_PWR_VOLTAGESCALING_CONFIG(PWR_REGULATOR_VOLTAGE_SCALE1);
 2398              		.loc 1 797 3 view .LVU663
 2399 0030 019B     		ldr	r3, [sp, #4]
 2400              	.LBE42:
 797:Core/Src/main.c ****   __HAL_PWR_VOLTAGESCALING_CONFIG(PWR_REGULATOR_VOLTAGE_SCALE1);
 2401              		.loc 1 797 3 view .LVU664
ARM GAS  /tmp/ccxbErgA.s 			page 78


 798:Core/Src/main.c **** 
 2402              		.loc 1 798 3 view .LVU665
 2403              	.LBB43:
 798:Core/Src/main.c **** 
 2404              		.loc 1 798 3 view .LVU666
 798:Core/Src/main.c **** 
 2405              		.loc 1 798 3 view .LVU667
 2406 0032 1F4B     		ldr	r3, .L160+4
 2407 0034 1A68     		ldr	r2, [r3]
 2408 0036 42F44042 		orr	r2, r2, #49152
 2409 003a 1A60     		str	r2, [r3]
 798:Core/Src/main.c **** 
 2410              		.loc 1 798 3 view .LVU668
 2411 003c 1B68     		ldr	r3, [r3]
 2412 003e 03F44043 		and	r3, r3, #49152
 2413 0042 0293     		str	r3, [sp, #8]
 798:Core/Src/main.c **** 
 2414              		.loc 1 798 3 view .LVU669
 2415 0044 029B     		ldr	r3, [sp, #8]
 2416              	.LBE43:
 798:Core/Src/main.c **** 
 2417              		.loc 1 798 3 view .LVU670
 803:Core/Src/main.c ****   RCC_OscInitStruct.HSEState = RCC_HSE_ON;
 2418              		.loc 1 803 3 view .LVU671
 803:Core/Src/main.c ****   RCC_OscInitStruct.HSEState = RCC_HSE_ON;
 2419              		.loc 1 803 36 is_stmt 0 view .LVU672
 2420 0046 0123     		movs	r3, #1
 2421 0048 0893     		str	r3, [sp, #32]
 804:Core/Src/main.c ****   RCC_OscInitStruct.PLL.PLLState = RCC_PLL_ON;
 2422              		.loc 1 804 3 is_stmt 1 view .LVU673
 804:Core/Src/main.c ****   RCC_OscInitStruct.PLL.PLLState = RCC_PLL_ON;
 2423              		.loc 1 804 30 is_stmt 0 view .LVU674
 2424 004a 4FF48033 		mov	r3, #65536
 2425 004e 0993     		str	r3, [sp, #36]
 805:Core/Src/main.c ****   RCC_OscInitStruct.PLL.PLLSource = RCC_PLLSOURCE_HSE;
 2426              		.loc 1 805 3 is_stmt 1 view .LVU675
 805:Core/Src/main.c ****   RCC_OscInitStruct.PLL.PLLSource = RCC_PLLSOURCE_HSE;
 2427              		.loc 1 805 34 is_stmt 0 view .LVU676
 2428 0050 0223     		movs	r3, #2
 2429 0052 0E93     		str	r3, [sp, #56]
 806:Core/Src/main.c ****   RCC_OscInitStruct.PLL.PLLM = 4;
 2430              		.loc 1 806 3 is_stmt 1 view .LVU677
 806:Core/Src/main.c ****   RCC_OscInitStruct.PLL.PLLM = 4;
 2431              		.loc 1 806 35 is_stmt 0 view .LVU678
 2432 0054 4FF48002 		mov	r2, #4194304
 2433 0058 0F92     		str	r2, [sp, #60]
 807:Core/Src/main.c ****   RCC_OscInitStruct.PLL.PLLN = 216;
 2434              		.loc 1 807 3 is_stmt 1 view .LVU679
 807:Core/Src/main.c ****   RCC_OscInitStruct.PLL.PLLN = 216;
 2435              		.loc 1 807 30 is_stmt 0 view .LVU680
 2436 005a 0422     		movs	r2, #4
 2437 005c 1092     		str	r2, [sp, #64]
 808:Core/Src/main.c ****   RCC_OscInitStruct.PLL.PLLP = RCC_PLLP_DIV2;
 2438              		.loc 1 808 3 is_stmt 1 view .LVU681
 808:Core/Src/main.c ****   RCC_OscInitStruct.PLL.PLLP = RCC_PLLP_DIV2;
 2439              		.loc 1 808 30 is_stmt 0 view .LVU682
 2440 005e D822     		movs	r2, #216
ARM GAS  /tmp/ccxbErgA.s 			page 79


 2441 0060 1192     		str	r2, [sp, #68]
 809:Core/Src/main.c ****   RCC_OscInitStruct.PLL.PLLQ = 3;
 2442              		.loc 1 809 3 is_stmt 1 view .LVU683
 809:Core/Src/main.c ****   RCC_OscInitStruct.PLL.PLLQ = 3;
 2443              		.loc 1 809 30 is_stmt 0 view .LVU684
 2444 0062 1293     		str	r3, [sp, #72]
 810:Core/Src/main.c ****   if (HAL_RCC_OscConfig(&RCC_OscInitStruct) != HAL_OK)
 2445              		.loc 1 810 3 is_stmt 1 view .LVU685
 810:Core/Src/main.c ****   if (HAL_RCC_OscConfig(&RCC_OscInitStruct) != HAL_OK)
 2446              		.loc 1 810 30 is_stmt 0 view .LVU686
 2447 0064 0323     		movs	r3, #3
 2448 0066 1393     		str	r3, [sp, #76]
 811:Core/Src/main.c ****   {
 2449              		.loc 1 811 3 is_stmt 1 view .LVU687
 811:Core/Src/main.c ****   {
 2450              		.loc 1 811 7 is_stmt 0 view .LVU688
 2451 0068 08A8     		add	r0, sp, #32
 2452 006a FFF7FEFF 		bl	HAL_RCC_OscConfig
 2453              	.LVL156:
 811:Core/Src/main.c ****   {
 2454              		.loc 1 811 6 discriminator 1 view .LVU689
 2455 006e B0B9     		cbnz	r0, .L157
 818:Core/Src/main.c ****   {
 2456              		.loc 1 818 3 is_stmt 1 view .LVU690
 818:Core/Src/main.c ****   {
 2457              		.loc 1 818 7 is_stmt 0 view .LVU691
 2458 0070 FFF7FEFF 		bl	HAL_PWREx_EnableOverDrive
 2459              	.LVL157:
 818:Core/Src/main.c ****   {
 2460              		.loc 1 818 6 discriminator 1 view .LVU692
 2461 0074 A8B9     		cbnz	r0, .L158
 825:Core/Src/main.c ****                               |RCC_CLOCKTYPE_PCLK1|RCC_CLOCKTYPE_PCLK2;
 2462              		.loc 1 825 3 is_stmt 1 view .LVU693
 825:Core/Src/main.c ****                               |RCC_CLOCKTYPE_PCLK1|RCC_CLOCKTYPE_PCLK2;
 2463              		.loc 1 825 31 is_stmt 0 view .LVU694
 2464 0076 0F23     		movs	r3, #15
 2465 0078 0393     		str	r3, [sp, #12]
 827:Core/Src/main.c ****   RCC_ClkInitStruct.AHBCLKDivider = RCC_SYSCLK_DIV1;
 2466              		.loc 1 827 3 is_stmt 1 view .LVU695
 827:Core/Src/main.c ****   RCC_ClkInitStruct.AHBCLKDivider = RCC_SYSCLK_DIV1;
 2467              		.loc 1 827 34 is_stmt 0 view .LVU696
 2468 007a 0223     		movs	r3, #2
 2469 007c 0493     		str	r3, [sp, #16]
 828:Core/Src/main.c ****   RCC_ClkInitStruct.APB1CLKDivider = RCC_HCLK_DIV4;
 2470              		.loc 1 828 3 is_stmt 1 view .LVU697
 828:Core/Src/main.c ****   RCC_ClkInitStruct.APB1CLKDivider = RCC_HCLK_DIV4;
 2471              		.loc 1 828 35 is_stmt 0 view .LVU698
 2472 007e 0023     		movs	r3, #0
 2473 0080 0593     		str	r3, [sp, #20]
 829:Core/Src/main.c ****   RCC_ClkInitStruct.APB2CLKDivider = RCC_HCLK_DIV2;
 2474              		.loc 1 829 3 is_stmt 1 view .LVU699
 829:Core/Src/main.c ****   RCC_ClkInitStruct.APB2CLKDivider = RCC_HCLK_DIV2;
 2475              		.loc 1 829 36 is_stmt 0 view .LVU700
 2476 0082 4FF4A053 		mov	r3, #5120
 2477 0086 0693     		str	r3, [sp, #24]
 830:Core/Src/main.c **** 
 2478              		.loc 1 830 3 is_stmt 1 view .LVU701
ARM GAS  /tmp/ccxbErgA.s 			page 80


 830:Core/Src/main.c **** 
 2479              		.loc 1 830 36 is_stmt 0 view .LVU702
 2480 0088 4FF48053 		mov	r3, #4096
 2481 008c 0793     		str	r3, [sp, #28]
 832:Core/Src/main.c ****   {
 2482              		.loc 1 832 3 is_stmt 1 view .LVU703
 832:Core/Src/main.c ****   {
 2483              		.loc 1 832 7 is_stmt 0 view .LVU704
 2484 008e 0721     		movs	r1, #7
 2485 0090 03A8     		add	r0, sp, #12
 2486 0092 FFF7FEFF 		bl	HAL_RCC_ClockConfig
 2487              	.LVL158:
 832:Core/Src/main.c ****   {
 2488              		.loc 1 832 6 discriminator 1 view .LVU705
 2489 0096 30B9     		cbnz	r0, .L159
 836:Core/Src/main.c **** 
 2490              		.loc 1 836 1 view .LVU706
 2491 0098 15B0     		add	sp, sp, #84
 2492              	.LCFI40:
 2493              		.cfi_remember_state
 2494              		.cfi_def_cfa_offset 4
 2495              		@ sp needed
 2496 009a 5DF804FB 		ldr	pc, [sp], #4
 2497              	.L157:
 2498              	.LCFI41:
 2499              		.cfi_restore_state
 813:Core/Src/main.c ****   }
 2500              		.loc 1 813 5 is_stmt 1 view .LVU707
 2501 009e FFF7FEFF 		bl	Error_Handler
 2502              	.LVL159:
 2503              	.L158:
 820:Core/Src/main.c ****   }
 2504              		.loc 1 820 5 view .LVU708
 2505 00a2 FFF7FEFF 		bl	Error_Handler
 2506              	.LVL160:
 2507              	.L159:
 834:Core/Src/main.c ****   }
 2508              		.loc 1 834 5 view .LVU709
 2509 00a6 FFF7FEFF 		bl	Error_Handler
 2510              	.LVL161:
 2511              	.L161:
 2512 00aa 00BF     		.align	2
 2513              	.L160:
 2514 00ac 00380240 		.word	1073887232
 2515 00b0 00700040 		.word	1073770496
 2516              		.cfi_endproc
 2517              	.LFE184:
 2519              		.section	.text.main,"ax",%progbits
 2520              		.align	1
 2521              		.global	main
 2522              		.syntax unified
 2523              		.thumb
 2524              		.thumb_func
 2526              	main:
 2527              	.LFB183:
 666:Core/Src/main.c **** 
 2528              		.loc 1 666 1 view -0
ARM GAS  /tmp/ccxbErgA.s 			page 81


 2529              		.cfi_startproc
 2530              		@ Volatile: function does not return.
 2531              		@ args = 0, pretend = 0, frame = 0
 2532              		@ frame_needed = 0, uses_anonymous_args = 0
 2533 0000 00B5     		push	{lr}
 2534              	.LCFI42:
 2535              		.cfi_def_cfa_offset 4
 2536              		.cfi_offset 14, -4
 2537 0002 83B0     		sub	sp, sp, #12
 2538              	.LCFI43:
 2539              		.cfi_def_cfa_offset 16
 673:Core/Src/main.c **** 
 2540              		.loc 1 673 3 view .LVU711
 2541 0004 FFF7FEFF 		bl	MPU_Config
 2542              	.LVL162:
 678:Core/Src/main.c **** 
 2543              		.loc 1 678 3 view .LVU712
 2544 0008 FFF7FEFF 		bl	HAL_Init
 2545              	.LVL163:
 685:Core/Src/main.c **** 
 2546              		.loc 1 685 3 view .LVU713
 2547 000c FFF7FEFF 		bl	SystemClock_Config
 2548              	.LVL164:
 692:Core/Src/main.c ****   MX_DMA_Init();
 2549              		.loc 1 692 3 view .LVU714
 2550 0010 FFF7FEFF 		bl	MX_GPIO_Init
 2551              	.LVL165:
 693:Core/Src/main.c ****   MX_ETH_Init();
 2552              		.loc 1 693 3 view .LVU715
 2553 0014 FFF7FEFF 		bl	MX_DMA_Init
 2554              	.LVL166:
 694:Core/Src/main.c ****   MX_I2C1_Init();
 2555              		.loc 1 694 3 view .LVU716
 2556 0018 FFF7FEFF 		bl	MX_ETH_Init
 2557              	.LVL167:
 695:Core/Src/main.c ****   MX_USART3_UART_Init();
 2558              		.loc 1 695 3 view .LVU717
 2559 001c FFF7FEFF 		bl	MX_I2C1_Init
 2560              	.LVL168:
 696:Core/Src/main.c ****   MX_USB_OTG_FS_PCD_Init();
 2561              		.loc 1 696 3 view .LVU718
 2562 0020 FFF7FEFF 		bl	MX_USART3_UART_Init
 2563              	.LVL169:
 697:Core/Src/main.c ****   MX_DAC_Init();
 2564              		.loc 1 697 3 view .LVU719
 2565 0024 FFF7FEFF 		bl	MX_USB_OTG_FS_PCD_Init
 2566              	.LVL170:
 698:Core/Src/main.c ****   MX_TIM6_Init();
 2567              		.loc 1 698 3 view .LVU720
 2568 0028 FFF7FEFF 		bl	MX_DAC_Init
 2569              	.LVL171:
 699:Core/Src/main.c ****   MX_ADC1_Init();
 2570              		.loc 1 699 3 view .LVU721
 2571 002c FFF7FEFF 		bl	MX_TIM6_Init
 2572              	.LVL172:
 700:Core/Src/main.c ****   /* USER CODE BEGIN 2 */
 2573              		.loc 1 700 3 view .LVU722
ARM GAS  /tmp/ccxbErgA.s 			page 82


 2574 0030 FFF7FEFF 		bl	MX_ADC1_Init
 2575              	.LVL173:
 704:Core/Src/main.c **** 
 2576              		.loc 1 704 3 view .LVU723
 2577 0034 DFED1E0A 		vldr.32	s1, .L168
 2578 0038 9FED1E0A 		vldr.32	s0, .L168+4
 2579 003c FFF7FEFF 		bl	nbfm_init
 2580              	.LVL174:
 715:Core/Src/main.c ****                  HILBERT_TAPS,
 2581              		.loc 1 715 1 view .LVU724
 2582 0040 4FF48063 		mov	r3, #1024
 2583 0044 0093     		str	r3, [sp]
 2584 0046 1C4B     		ldr	r3, .L168+8
 2585 0048 1C4A     		ldr	r2, .L168+12
 2586 004a 1121     		movs	r1, #17
 2587 004c 1C48     		ldr	r0, .L168+16
 2588 004e FFF7FEFF 		bl	arm_fir_init_f32
 2589              	.LVL175:
 738:Core/Src/main.c ****   HAL_ADC_Start_DMA(&hadc1, adc_buffer, BLOCK_SIZE);
 2590              		.loc 1 738 3 view .LVU725
 2591 0052 0021     		movs	r1, #0
 2592 0054 0091     		str	r1, [sp]
 2593 0056 4FF40063 		mov	r3, #2048
 2594 005a 1A4A     		ldr	r2, .L168+20
 2595 005c 1A48     		ldr	r0, .L168+24
 2596 005e FFF7FEFF 		bl	HAL_DAC_Start_DMA
 2597              	.LVL176:
 739:Core/Src/main.c **** 
 2598              		.loc 1 739 3 view .LVU726
 2599 0062 4FF40062 		mov	r2, #2048
 2600 0066 1949     		ldr	r1, .L168+28
 2601 0068 1948     		ldr	r0, .L168+32
 2602 006a FFF7FEFF 		bl	HAL_ADC_Start_DMA
 2603              	.LVL177:
 742:Core/Src/main.c **** 
 2604              		.loc 1 742 3 view .LVU727
 2605 006e 1948     		ldr	r0, .L168+36
 2606 0070 FFF7FEFF 		bl	HAL_TIM_Base_Start
 2607              	.LVL178:
 2608 0074 08E0     		b	.L163
 2609              	.L167:
 753:Core/Src/main.c ****         dac_block_processing = 0;
 2610              		.loc 1 753 9 view .LVU728
 2611 0076 4FF48062 		mov	r2, #1024
 2612 007a 1249     		ldr	r1, .L168+20
 2613 007c 1348     		ldr	r0, .L168+28
 2614 007e FFF7FEFF 		bl	nbfm_tx_process_block
 2615              	.LVL179:
 754:Core/Src/main.c ****     }
 2616              		.loc 1 754 9 view .LVU729
 754:Core/Src/main.c ****     }
 2617              		.loc 1 754 30 is_stmt 0 view .LVU730
 2618 0082 154B     		ldr	r3, .L168+40
 2619 0084 0022     		movs	r2, #0
 2620 0086 1A70     		strb	r2, [r3]
 2621              	.L163:
 748:Core/Src/main.c ****   {
ARM GAS  /tmp/ccxbErgA.s 			page 83


 2622              		.loc 1 748 3 is_stmt 1 view .LVU731
 751:Core/Src/main.c ****     {
 2623              		.loc 1 751 5 view .LVU732
 751:Core/Src/main.c ****     {
 2624              		.loc 1 751 29 is_stmt 0 view .LVU733
 2625 0088 134B     		ldr	r3, .L168+40
 2626 008a 1B78     		ldrb	r3, [r3]	@ zero_extendqisi2
 2627 008c DBB2     		uxtb	r3, r3
 751:Core/Src/main.c ****     {
 2628              		.loc 1 751 7 view .LVU734
 2629 008e 012B     		cmp	r3, #1
 2630 0090 F1D0     		beq	.L167
 756:Core/Src/main.c ****     {
 2631              		.loc 1 756 10 is_stmt 1 view .LVU735
 756:Core/Src/main.c ****     {
 2632              		.loc 1 756 34 is_stmt 0 view .LVU736
 2633 0092 114B     		ldr	r3, .L168+40
 2634 0094 1B78     		ldrb	r3, [r3]	@ zero_extendqisi2
 2635 0096 DBB2     		uxtb	r3, r3
 756:Core/Src/main.c ****     {
 2636              		.loc 1 756 12 view .LVU737
 2637 0098 022B     		cmp	r3, #2
 2638 009a F5D1     		bne	.L163
 758:Core/Src/main.c ****         dac_block_processing = 0;
 2639              		.loc 1 758 9 is_stmt 1 view .LVU738
 2640 009c 4FF48062 		mov	r2, #1024
 2641 00a0 0E49     		ldr	r1, .L168+44
 2642 00a2 0F48     		ldr	r0, .L168+48
 2643 00a4 FFF7FEFF 		bl	nbfm_tx_process_block
 2644              	.LVL180:
 759:Core/Src/main.c ****     }
 2645              		.loc 1 759 9 view .LVU739
 759:Core/Src/main.c ****     }
 2646              		.loc 1 759 30 is_stmt 0 view .LVU740
 2647 00a8 0B4B     		ldr	r3, .L168+40
 2648 00aa 0022     		movs	r2, #0
 2649 00ac 1A70     		strb	r2, [r3]
 2650 00ae EBE7     		b	.L163
 2651              	.L169:
 2652              		.align	2
 2653              	.L168:
 2654 00b0 00803B47 		.word	1195081728
 2655 00b4 00803B46 		.word	1178304512
 2656 00b8 00000000 		.word	hilbert_state
 2657 00bc 00000000 		.word	hilbert_coeffs
 2658 00c0 00000000 		.word	hilbert
 2659 00c4 00000000 		.word	dac_buffer
 2660 00c8 00000000 		.word	hdac
 2661 00cc 00000000 		.word	adc_buffer
 2662 00d0 00000000 		.word	hadc1
 2663 00d4 00000000 		.word	htim6
 2664 00d8 00000000 		.word	dac_block_processing
 2665 00dc 00100000 		.word	dac_buffer+4096
 2666 00e0 00100000 		.word	adc_buffer+4096
 2667              		.cfi_endproc
 2668              	.LFE183:
 2670              		.section	.bss.MACAddr.0,"aw",%nobits
ARM GAS  /tmp/ccxbErgA.s 			page 84


 2671              		.align	2
 2674              	MACAddr.0:
 2675 0000 00000000 		.space	6
 2675      0000
 2676              		.section	.bss.phase.1,"aw",%nobits
 2677              		.align	2
 2680              	phase.1:
 2681 0000 00000000 		.space	4
 2682              		.section	.bss.audio_filtered.2,"aw",%nobits
 2683              		.align	2
 2686              	audio_filtered.2:
 2687 0000 00000000 		.space	8192
 2687      00000000 
 2687      00000000 
 2687      00000000 
 2687      00000000 
 2688              		.section	.bss.audio_in.3,"aw",%nobits
 2689              		.align	2
 2692              	audio_in.3:
 2693 0000 00000000 		.space	8192
 2693      00000000 
 2693      00000000 
 2693      00000000 
 2693      00000000 
 2694              		.section	.bss.audio_lpf_out.4,"aw",%nobits
 2695              		.align	2
 2698              	audio_lpf_out.4:
 2699 0000 00000000 		.space	8192
 2699      00000000 
 2699      00000000 
 2699      00000000 
 2699      00000000 
 2700              		.section	.bss.audio_fm.5,"aw",%nobits
 2701              		.align	2
 2704              	audio_fm.5:
 2705 0000 00000000 		.space	8192
 2705      00000000 
 2705      00000000 
 2705      00000000 
 2705      00000000 
 2706              		.section	.bss.IQ_mix.6,"aw",%nobits
 2707              		.align	2
 2710              	IQ_mix.6:
 2711 0000 00000000 		.space	16384
 2711      00000000 
 2711      00000000 
 2711      00000000 
 2711      00000000 
 2712              		.section	.bss.NCO_buf.7,"aw",%nobits
 2713              		.align	2
 2716              	NCO_buf.7:
 2717 0000 00000000 		.space	16384
 2717      00000000 
 2717      00000000 
 2717      00000000 
 2717      00000000 
 2718              		.section	.bss.IQ_in.8,"aw",%nobits
ARM GAS  /tmp/ccxbErgA.s 			page 85


 2719              		.align	2
 2722              	IQ_in.8:
 2723 0000 00000000 		.space	16384
 2723      00000000 
 2723      00000000 
 2723      00000000 
 2723      00000000 
 2724              		.section	.bss.Q_if.9,"aw",%nobits
 2725              		.align	2
 2728              	Q_if.9:
 2729 0000 00000000 		.space	8192
 2729      00000000 
 2729      00000000 
 2729      00000000 
 2729      00000000 
 2730              		.section	.bss.I_if.10,"aw",%nobits
 2731              		.align	2
 2734              	I_if.10:
 2735 0000 00000000 		.space	8192
 2735      00000000 
 2735      00000000 
 2735      00000000 
 2735      00000000 
 2736              		.section	.bss.audio_buf.11,"aw",%nobits
 2737              		.align	2
 2740              	audio_buf.11:
 2741 0000 00000000 		.space	4096
 2741      00000000 
 2741      00000000 
 2741      00000000 
 2741      00000000 
 2742              		.section	.bss.IQ_mix.12,"aw",%nobits
 2743              		.align	2
 2746              	IQ_mix.12:
 2747 0000 00000000 		.space	8192
 2747      00000000 
 2747      00000000 
 2747      00000000 
 2747      00000000 
 2748              		.section	.bss.NCO_buf.13,"aw",%nobits
 2749              		.align	2
 2752              	NCO_buf.13:
 2753 0000 00000000 		.space	8192
 2753      00000000 
 2753      00000000 
 2753      00000000 
 2753      00000000 
 2754              		.section	.bss.IQ_in.14,"aw",%nobits
 2755              		.align	2
 2758              	IQ_in.14:
 2759 0000 00000000 		.space	8192
 2759      00000000 
 2759      00000000 
 2759      00000000 
 2759      00000000 
 2760              		.section	.bss.Q_buf.15,"aw",%nobits
 2761              		.align	2
ARM GAS  /tmp/ccxbErgA.s 			page 86


 2764              	Q_buf.15:
 2765 0000 00000000 		.space	4096
 2765      00000000 
 2765      00000000 
 2765      00000000 
 2765      00000000 
 2766              		.section	.bss.I_buf.16,"aw",%nobits
 2767              		.align	2
 2770              	I_buf.16:
 2771 0000 00000000 		.space	4096
 2771      00000000 
 2771      00000000 
 2771      00000000 
 2771      00000000 
 2772              		.global	MODE
 2773              		.section	.bss.MODE,"aw",%nobits
 2774              		.align	2
 2777              	MODE:
 2778 0000 00000000 		.space	4
 2779              		.global	audio_lpf
 2780              		.section	.bss.audio_lpf,"aw",%nobits
 2781              		.align	2
 2784              	audio_lpf:
 2785 0000 00000000 		.space	12
 2785      00000000 
 2785      00000000 
 2786              		.section	.bss.audio_state,"aw",%nobits
 2787              		.align	2
 2790              	audio_state:
 2791 0000 00000000 		.space	4348
 2791      00000000 
 2791      00000000 
 2791      00000000 
 2791      00000000 
 2792              		.section	.data.audio_lpf_coeffs,"aw"
 2793              		.align	2
 2796              	audio_lpf_coeffs:
 2797 0000 348037BA 		.word	-1170767820
 2798 0004 6F1283BA 		.word	-1165815185
 2799 0008 C364AABA 		.word	-1163238205
 2800 000c 17B7D1BA 		.word	-1160661225
 2801 0010 6C09F9BA 		.word	-1158084244
 2802 0014 E02D10BB 		.word	-1156567584
 2803 0018 0AD723BB 		.word	-1155279094
 2804 001c 348037BB 		.word	-1153990604
 2805 0020 5F294BBB 		.word	-1152702113
 2806 0024 89D25EBB 		.word	-1151413623
 2807 0028 B37B72BB 		.word	-1150125133
 2808 002c 6F1283BB 		.word	-1149037969
 2809 0030 04E78CBB 		.word	-1148393724
 2810 0034 99BB96BB 		.word	-1147749479
 2811 0038 2E90A0BB 		.word	-1147105234
 2812 003c C364AABB 		.word	-1146460989
 2813 0040 5839B4BB 		.word	-1145816744
 2814 0044 ED0DBEBB 		.word	-1145172499
 2815 0048 82E2C7BB 		.word	-1144528254
 2816 004c 17B7D1BB 		.word	-1143884009
ARM GAS  /tmp/ccxbErgA.s 			page 87


 2817 0050 AC8BDBBB 		.word	-1143239764
 2818 0054 4260E5BB 		.word	-1142595518
 2819 0058 D734EFBB 		.word	-1141951273
 2820 005c 6C09F9BB 		.word	-1141307028
 2821 0060 006F01BC 		.word	-1140756736
 2822 0064 4B5906BC 		.word	-1140434613
 2823 0068 96430BBC 		.word	-1140112490
 2824 006c E02D10BC 		.word	-1139790368
 2825 0070 2B1815BC 		.word	-1139468245
 2826 0074 75021ABC 		.word	-1139146123
 2827 0078 A4707D3F 		.word	1065185444
 2828 007c 75021ABC 		.word	-1139146123
 2829 0080 2B1815BC 		.word	-1139468245
 2830 0084 E02D10BC 		.word	-1139790368
 2831 0088 96430BBC 		.word	-1140112490
 2832 008c 4B5906BC 		.word	-1140434613
 2833 0090 006F01BC 		.word	-1140756736
 2834 0094 6C09F9BB 		.word	-1141307028
 2835 0098 D734EFBB 		.word	-1141951273
 2836 009c 4260E5BB 		.word	-1142595518
 2837 00a0 AC8BDBBB 		.word	-1143239764
 2838 00a4 17B7D1BB 		.word	-1143884009
 2839 00a8 82E2C7BB 		.word	-1144528254
 2840 00ac ED0DBEBB 		.word	-1145172499
 2841 00b0 5839B4BB 		.word	-1145816744
 2842 00b4 C364AABB 		.word	-1146460989
 2843 00b8 2E90A0BB 		.word	-1147105234
 2844 00bc 99BB96BB 		.word	-1147749479
 2845 00c0 04E78CBB 		.word	-1148393724
 2846 00c4 6F1283BB 		.word	-1149037969
 2847 00c8 B37B72BB 		.word	-1150125133
 2848 00cc 89D25EBB 		.word	-1151413623
 2849 00d0 5F294BBB 		.word	-1152702113
 2850 00d4 348037BB 		.word	-1153990604
 2851 00d8 0AD723BB 		.word	-1155279094
 2852 00dc E02D10BB 		.word	-1156567584
 2853 00e0 6C09F9BA 		.word	-1158084244
 2854 00e4 17B7D1BA 		.word	-1160661225
 2855 00e8 C364AABA 		.word	-1163238205
 2856 00ec 6F1283BA 		.word	-1165815185
 2857 00f0 348037BA 		.word	-1170767820
 2858 00f4 00000000 		.space	8
 2858      00000000 
 2859              		.global	hilbert
 2860              		.section	.bss.hilbert,"aw",%nobits
 2861              		.align	2
 2864              	hilbert:
 2865 0000 00000000 		.space	12
 2865      00000000 
 2865      00000000 
 2866              		.section	.bss.hilbert_state,"aw",%nobits
 2867              		.align	2
 2870              	hilbert_state:
 2871 0000 00000000 		.space	4164
 2871      00000000 
 2871      00000000 
 2871      00000000 
ARM GAS  /tmp/ccxbErgA.s 			page 88


 2871      00000000 
 2872              		.section	.data.hilbert_coeffs,"aw"
 2873              		.align	2
 2876              	hilbert_coeffs:
 2877 0000 50B1C03C 		.word	1019261264
 2878 0004 009065A6 		.word	-1503293440
 2879 0008 BA29C2BD 		.word	-1111348806
 2880 000c 88872A26 		.word	640321416
 2881 0010 D4A55A3E 		.word	1046128084
 2882 0014 692958A6 		.word	-1504171671
 2883 0018 8846AABE 		.word	-1096137080
 2884 001c C4C34724 		.word	608682948
 2885 0020 D11AC43E 		.word	1053039313
 2886 0024 C4C34724 		.word	608682948
 2887 0028 8846AABE 		.word	-1096137080
 2888 002c 692958A6 		.word	-1504171671
 2889 0030 D4A55A3E 		.word	1046128084
 2890 0034 88872A26 		.word	640321416
 2891 0038 BA29C2BD 		.word	-1111348806
 2892 003c 009065A6 		.word	-1503293440
 2893 0040 50B1C03C 		.word	1019261264
 2894              		.section	.bss.pre_fm_state_Q,"aw",%nobits
 2895              		.align	2
 2898              	pre_fm_state_Q:
 2899 0000 00000000 		.space	4388
 2899      00000000 
 2899      00000000 
 2899      00000000 
 2899      00000000 
 2900              		.section	.bss.pre_fm_state_I,"aw",%nobits
 2901              		.align	2
 2904              	pre_fm_state_I:
 2905 0000 00000000 		.space	4388
 2905      00000000 
 2905      00000000 
 2905      00000000 
 2905      00000000 
 2906              		.global	pre_fm_Q
 2907              		.section	.bss.pre_fm_Q,"aw",%nobits
 2908              		.align	2
 2911              	pre_fm_Q:
 2912 0000 00000000 		.space	12
 2912      00000000 
 2912      00000000 
 2913              		.global	pre_fm_I
 2914              		.section	.bss.pre_fm_I,"aw",%nobits
 2915              		.align	2
 2918              	pre_fm_I:
 2919 0000 00000000 		.space	12
 2919      00000000 
 2919      00000000 
 2920              		.section	.data.pre_demod_coeffs,"aw"
 2921              		.align	2
 2924              	pre_demod_coeffs:
 2925 0000 303F01BA 		.word	-1174323408
 2926 0004 BC4EDF38 		.word	954158780
 2927 0008 3FB1163A 		.word	974565695
ARM GAS  /tmp/ccxbErgA.s 			page 89


 2928 000c 8FF49B3A 		.word	983299215
 2929 0010 774CD83A 		.word	987253879
 2930 0014 CF65D23A 		.word	986867151
 2931 0018 6FF5593A 		.word	978974063
 2932 001c E1981CBA 		.word	-1172530975
 2933 0020 2B0E12BB 		.word	-1156444629
 2934 0024 14BE5ABB 		.word	-1151681004
 2935 0028 A03652BB 		.word	-1152239968
 2936 002c 6953C4BA 		.word	-1161538711
 2937 0030 7A45BF3A 		.word	985613690
 2938 0034 DC67973B 		.word	999778268
 2939 0038 FA25D63B 		.word	1003890170
 2940 003c FF8BC23B 		.word	1002605567
 2941 0040 50BD1D3B 		.word	991804752
 2942 0044 198A51BB 		.word	-1152284135
 2943 0048 CC5810BC 		.word	-1139779380
 2944 004c A6AD41BC 		.word	-1136546394
 2945 0050 DC6026BC 		.word	-1138335524
 2946 0054 0DAA5CBB 		.word	-1151555059
 2947 0058 C800DD3B 		.word	1004339400
 2948 005c 1C5A863C 		.word	1015437852
 2949 0060 BD6EAC3C 		.word	1017933501
 2950 0064 EBE48C3C 		.word	1015866603
 2951 0068 E7498A3B 		.word	998918631
 2952 006c 080B70BC 		.word	-1133507832
 2953 0070 D7C305BD 		.word	-1123695657
 2954 0074 8C3C29BD 		.word	-1121370996
 2955 0078 AC0308BD 		.word	-1123548244
 2956 007c 78939DBB 		.word	-1147301000
 2957 0080 EA6F2A3D 		.word	1026191338
 2958 0084 CB81C83D 		.word	1036550603
 2959 0088 E98F1B3E 		.word	1041993705
 2960 008c D46C433E 		.word	1044606164
 2961 0090 76F0513E 		.word	1045557366
 2962 0094 D46C433E 		.word	1044606164
 2963 0098 E98F1B3E 		.word	1041993705
 2964 009c CB81C83D 		.word	1036550603
 2965 00a0 EA6F2A3D 		.word	1026191338
 2966 00a4 78939DBB 		.word	-1147301000
 2967 00a8 AC0308BD 		.word	-1123548244
 2968 00ac 8C3C29BD 		.word	-1121370996
 2969 00b0 D7C305BD 		.word	-1123695657
 2970 00b4 080B70BC 		.word	-1133507832
 2971 00b8 E7498A3B 		.word	998918631
 2972 00bc EBE48C3C 		.word	1015866603
 2973 00c0 BD6EAC3C 		.word	1017933501
 2974 00c4 1C5A863C 		.word	1015437852
 2975 00c8 C800DD3B 		.word	1004339400
 2976 00cc 0DAA5CBB 		.word	-1151555059
 2977 00d0 DC6026BC 		.word	-1138335524
 2978 00d4 A6AD41BC 		.word	-1136546394
 2979 00d8 CC5810BC 		.word	-1139779380
 2980 00dc 198A51BB 		.word	-1152284135
 2981 00e0 50BD1D3B 		.word	991804752
 2982 00e4 FF8BC23B 		.word	1002605567
 2983 00e8 FA25D63B 		.word	1003890170
 2984 00ec DC67973B 		.word	999778268
ARM GAS  /tmp/ccxbErgA.s 			page 90


 2985 00f0 7A45BF3A 		.word	985613690
 2986 00f4 6953C4BA 		.word	-1161538711
 2987 00f8 A03652BB 		.word	-1152239968
 2988 00fc 14BE5ABB 		.word	-1151681004
 2989 0100 2B0E12BB 		.word	-1156444629
 2990 0104 E1981CBA 		.word	-1172530975
 2991 0108 6FF5593A 		.word	978974063
 2992 010c CF65D23A 		.word	986867151
 2993 0110 774CD83A 		.word	987253879
 2994 0114 8FF49B3A 		.word	983299215
 2995 0118 3FB1163A 		.word	974565695
 2996 011c BC4EDF38 		.word	954158780
 2997 0120 303F01BA 		.word	-1174323408
 2998              		.global	pre_demod_filter
 2999              		.section	.bss.pre_demod_filter,"aw",%nobits
 3000              		.align	2
 3003              	pre_demod_filter:
 3004 0000 00000000 		.space	12
 3004      00000000 
 3004      00000000 
 3005              		.global	nco_if
 3006              		.section	.bss.nco_if,"aw",%nobits
 3007              		.align	2
 3010              	nco_if:
 3011 0000 00000000 		.space	16
 3011      00000000 
 3011      00000000 
 3011      00000000 
 3012              		.global	nco
 3013              		.section	.bss.nco,"aw",%nobits
 3014              		.align	2
 3017              	nco:
 3018 0000 00000000 		.space	16
 3018      00000000 
 3018      00000000 
 3018      00000000 
 3019              		.global	dac_block_processing
 3020              		.section	.bss.dac_block_processing,"aw",%nobits
 3023              	dac_block_processing:
 3024 0000 00       		.space	1
 3025              		.global	block_ready
 3026              		.section	.bss.block_ready,"aw",%nobits
 3029              	block_ready:
 3030 0000 00       		.space	1
 3031              		.global	adc_buffer
 3032              		.section	.bss.adc_buffer,"aw",%nobits
 3033              		.align	2
 3036              	adc_buffer:
 3037 0000 00000000 		.space	8192
 3037      00000000 
 3037      00000000 
 3037      00000000 
 3037      00000000 
 3038              		.global	dac_buffer
 3039              		.section	.bss.dac_buffer,"aw",%nobits
 3040              		.align	2
 3043              	dac_buffer:
ARM GAS  /tmp/ccxbErgA.s 			page 91


 3044 0000 00000000 		.space	8192
 3044      00000000 
 3044      00000000 
 3044      00000000 
 3044      00000000 
 3045              		.global	hpcd_USB_OTG_FS
 3046              		.section	.bss.hpcd_USB_OTG_FS,"aw",%nobits
 3047              		.align	2
 3050              	hpcd_USB_OTG_FS:
 3051 0000 00000000 		.space	1248
 3051      00000000 
 3051      00000000 
 3051      00000000 
 3051      00000000 
 3052              		.global	huart3
 3053              		.section	.bss.huart3,"aw",%nobits
 3054              		.align	2
 3057              	huart3:
 3058 0000 00000000 		.space	136
 3058      00000000 
 3058      00000000 
 3058      00000000 
 3058      00000000 
 3059              		.global	htim6
 3060              		.section	.bss.htim6,"aw",%nobits
 3061              		.align	2
 3064              	htim6:
 3065 0000 00000000 		.space	76
 3065      00000000 
 3065      00000000 
 3065      00000000 
 3065      00000000 
 3066              		.global	hi2c1
 3067              		.section	.bss.hi2c1,"aw",%nobits
 3068              		.align	2
 3071              	hi2c1:
 3072 0000 00000000 		.space	84
 3072      00000000 
 3072      00000000 
 3072      00000000 
 3072      00000000 
 3073              		.global	heth
 3074              		.section	.bss.heth,"aw",%nobits
 3075              		.align	2
 3078              	heth:
 3079 0000 00000000 		.space	176
 3079      00000000 
 3079      00000000 
 3079      00000000 
 3079      00000000 
 3080              		.global	hdma_dac1
 3081              		.section	.bss.hdma_dac1,"aw",%nobits
 3082              		.align	2
 3085              	hdma_dac1:
 3086 0000 00000000 		.space	96
 3086      00000000 
 3086      00000000 
ARM GAS  /tmp/ccxbErgA.s 			page 92


 3086      00000000 
 3086      00000000 
 3087              		.global	hdac
 3088              		.section	.bss.hdac,"aw",%nobits
 3089              		.align	2
 3092              	hdac:
 3093 0000 00000000 		.space	20
 3093      00000000 
 3093      00000000 
 3093      00000000 
 3093      00000000 
 3094              		.global	hdma_adc1
 3095              		.section	.bss.hdma_adc1,"aw",%nobits
 3096              		.align	2
 3099              	hdma_adc1:
 3100 0000 00000000 		.space	96
 3100      00000000 
 3100      00000000 
 3100      00000000 
 3100      00000000 
 3101              		.global	hadc1
 3102              		.section	.bss.hadc1,"aw",%nobits
 3103              		.align	2
 3106              	hadc1:
 3107 0000 00000000 		.space	72
 3107      00000000 
 3107      00000000 
 3107      00000000 
 3107      00000000 
 3108              		.global	TxConfig
 3109              		.section	.bss.TxConfig,"aw",%nobits
 3110              		.align	2
 3113              	TxConfig:
 3114 0000 00000000 		.space	56
 3114      00000000 
 3114      00000000 
 3114      00000000 
 3114      00000000 
 3115              		.global	DMATxDscrTab
 3116              		.section	.TxDecripSection,"aw"
 3117              		.align	2
 3120              	DMATxDscrTab:
 3121 0000 00000000 		.space	160
 3121      00000000 
 3121      00000000 
 3121      00000000 
 3121      00000000 
 3122              		.global	DMARxDscrTab
 3123              		.section	.RxDecripSection,"aw"
 3124              		.align	2
 3127              	DMARxDscrTab:
 3128 0000 00000000 		.space	160
 3128      00000000 
 3128      00000000 
 3128      00000000 
 3128      00000000 
 3129              		.text
ARM GAS  /tmp/ccxbErgA.s 			page 93


 3130              	.Letext0:
 3131              		.file 3 "Drivers/CMSIS/Device/ST/STM32F7xx/Include/stm32f746xx.h"
 3132              		.file 4 "/usr/lib/gcc/arm-none-eabi/13.2.1/include/stdint.h"
 3133              		.file 5 "Drivers/CMSIS/Device/ST/STM32F7xx/Include/stm32f7xx.h"
 3134              		.file 6 "/usr/lib/gcc/arm-none-eabi/13.2.1/include/stddef.h"
 3135              		.file 7 "Drivers/STM32F7xx_HAL_Driver/Inc/stm32f7xx_hal_def.h"
 3136              		.file 8 "Drivers/STM32F7xx_HAL_Driver/Inc/stm32f7xx_hal_rcc_ex.h"
 3137              		.file 9 "Drivers/STM32F7xx_HAL_Driver/Inc/stm32f7xx_hal_rcc.h"
 3138              		.file 10 "Drivers/STM32F7xx_HAL_Driver/Inc/stm32f7xx_hal_gpio.h"
 3139              		.file 11 "Drivers/STM32F7xx_HAL_Driver/Inc/stm32f7xx_hal_dma.h"
 3140              		.file 12 "Drivers/STM32F7xx_HAL_Driver/Inc/stm32f7xx_hal_cortex.h"
 3141              		.file 13 "Drivers/STM32F7xx_HAL_Driver/Inc/stm32f7xx_hal_adc.h"
 3142              		.file 14 "Drivers/STM32F7xx_HAL_Driver/Inc/stm32f7xx_hal_dac.h"
 3143              		.file 15 "Drivers/STM32F7xx_HAL_Driver/Inc/stm32f7xx_hal_eth.h"
 3144              		.file 16 "Drivers/STM32F7xx_HAL_Driver/Inc/stm32f7xx_hal_i2c.h"
 3145              		.file 17 "Drivers/STM32F7xx_HAL_Driver/Inc/stm32f7xx_hal_tim.h"
 3146              		.file 18 "Drivers/STM32F7xx_HAL_Driver/Inc/stm32f7xx_hal_uart.h"
 3147              		.file 19 "Drivers/STM32F7xx_HAL_Driver/Inc/stm32f7xx_ll_usb.h"
 3148              		.file 20 "Drivers/STM32F7xx_HAL_Driver/Inc/stm32f7xx_hal_pcd.h"
 3149              		.file 21 "Drivers/CMSIS/DSP/Include/arm_math.h"
 3150              		.file 22 "Core/Inc/dsp.h"
 3151              		.file 23 "Drivers/STM32F7xx_HAL_Driver/Inc/stm32f7xx_hal_tim_ex.h"
 3152              		.file 24 "Drivers/STM32F7xx_HAL_Driver/Inc/stm32f7xx_hal_i2c_ex.h"
 3153              		.file 25 "/usr/include/newlib/string.h"
 3154              		.file 26 "Drivers/STM32F7xx_HAL_Driver/Inc/stm32f7xx_hal_pwr.h"
 3155              		.file 27 "Drivers/STM32F7xx_HAL_Driver/Inc/stm32f7xx_hal_pwr_ex.h"
 3156              		.file 28 "Drivers/STM32F7xx_HAL_Driver/Inc/stm32f7xx_hal.h"
 3157              		.file 29 "/usr/include/newlib/math.h"
 3158              		.file 30 "<built-in>"
ARM GAS  /tmp/ccxbErgA.s 			page 94


DEFINED SYMBOLS
                            *ABS*:00000000 main.c
     /tmp/ccxbErgA.s:21     .text.MPU_Config:00000000 $t
     /tmp/ccxbErgA.s:26     .text.MPU_Config:00000000 MPU_Config
     /tmp/ccxbErgA.s:104    .text.MX_GPIO_Init:00000000 $t
     /tmp/ccxbErgA.s:109    .text.MX_GPIO_Init:00000000 MX_GPIO_Init
     /tmp/ccxbErgA.s:316    .text.MX_GPIO_Init:000000ec $d
     /tmp/ccxbErgA.s:324    .text.MX_DMA_Init:00000000 $t
     /tmp/ccxbErgA.s:329    .text.MX_DMA_Init:00000000 MX_DMA_Init
     /tmp/ccxbErgA.s:402    .text.MX_DMA_Init:00000050 $d
     /tmp/ccxbErgA.s:407    .text.HAL_ADC_ConvHalfCpltCallback:00000000 $t
     /tmp/ccxbErgA.s:413    .text.HAL_ADC_ConvHalfCpltCallback:00000000 HAL_ADC_ConvHalfCpltCallback
     /tmp/ccxbErgA.s:431    .text.HAL_ADC_ConvHalfCpltCallback:00000008 $d
     /tmp/ccxbErgA.s:3029   .bss.block_ready:00000000 block_ready
     /tmp/ccxbErgA.s:436    .text.HAL_ADC_ConvCpltCallback:00000000 $t
     /tmp/ccxbErgA.s:442    .text.HAL_ADC_ConvCpltCallback:00000000 HAL_ADC_ConvCpltCallback
     /tmp/ccxbErgA.s:460    .text.HAL_ADC_ConvCpltCallback:00000008 $d
     /tmp/ccxbErgA.s:465    .text.HAL_DAC_ConvHalfCpltCallbackCh1:00000000 $t
     /tmp/ccxbErgA.s:471    .text.HAL_DAC_ConvHalfCpltCallbackCh1:00000000 HAL_DAC_ConvHalfCpltCallbackCh1
     /tmp/ccxbErgA.s:489    .text.HAL_DAC_ConvHalfCpltCallbackCh1:00000008 $d
     /tmp/ccxbErgA.s:3023   .bss.dac_block_processing:00000000 dac_block_processing
     /tmp/ccxbErgA.s:494    .text.HAL_DAC_ConvCpltCallbackCh1:00000000 $t
     /tmp/ccxbErgA.s:500    .text.HAL_DAC_ConvCpltCallbackCh1:00000000 HAL_DAC_ConvCpltCallbackCh1
     /tmp/ccxbErgA.s:518    .text.HAL_DAC_ConvCpltCallbackCh1:00000008 $d
     /tmp/ccxbErgA.s:523    .text.ssb_process_block:00000000 $t
     /tmp/ccxbErgA.s:529    .text.ssb_process_block:00000000 ssb_process_block
     /tmp/ccxbErgA.s:962    .text.ssb_process_block:000001fc $d
     /tmp/ccxbErgA.s:2770   .bss.I_buf.16:00000000 I_buf.16
     /tmp/ccxbErgA.s:2764   .bss.Q_buf.15:00000000 Q_buf.15
     /tmp/ccxbErgA.s:2864   .bss.hilbert:00000000 hilbert
     /tmp/ccxbErgA.s:2758   .bss.IQ_in.14:00000000 IQ_in.14
     /tmp/ccxbErgA.s:2752   .bss.NCO_buf.13:00000000 NCO_buf.13
     /tmp/ccxbErgA.s:2746   .bss.IQ_mix.12:00000000 IQ_mix.12
     /tmp/ccxbErgA.s:2918   .bss.pre_fm_I:00000000 pre_fm_I
     /tmp/ccxbErgA.s:2911   .bss.pre_fm_Q:00000000 pre_fm_Q
     /tmp/ccxbErgA.s:2777   .bss.MODE:00000000 MODE
     /tmp/ccxbErgA.s:2740   .bss.audio_buf.11:00000000 audio_buf.11
     /tmp/ccxbErgA.s:3017   .bss.nco:00000000 nco
     /tmp/ccxbErgA.s:982    .text.nbfm_process_block:00000000 $t
     /tmp/ccxbErgA.s:988    .text.nbfm_process_block:00000000 nbfm_process_block
     /tmp/ccxbErgA.s:1317   .text.nbfm_process_block:00000188 $d
     /tmp/ccxbErgA.s:2734   .bss.I_if.10:00000000 I_if.10
     /tmp/ccxbErgA.s:2728   .bss.Q_if.9:00000000 Q_if.9
     /tmp/ccxbErgA.s:2722   .bss.IQ_in.8:00000000 IQ_in.8
     /tmp/ccxbErgA.s:2716   .bss.NCO_buf.7:00000000 NCO_buf.7
     /tmp/ccxbErgA.s:2710   .bss.IQ_mix.6:00000000 IQ_mix.6
     /tmp/ccxbErgA.s:2698   .bss.audio_lpf_out.4:00000000 audio_lpf_out.4
     /tmp/ccxbErgA.s:2784   .bss.audio_lpf:00000000 audio_lpf
     /tmp/ccxbErgA.s:3010   .bss.nco_if:00000000 nco_if
     /tmp/ccxbErgA.s:2704   .bss.audio_fm.5:00000000 audio_fm.5
     /tmp/ccxbErgA.s:1341   .text.nbfm_tx_process_block:00000000 $t
     /tmp/ccxbErgA.s:1347   .text.nbfm_tx_process_block:00000000 nbfm_tx_process_block
     /tmp/ccxbErgA.s:1545   .text.nbfm_tx_process_block:00000100 $d
     /tmp/ccxbErgA.s:2692   .bss.audio_in.3:00000000 audio_in.3
     /tmp/ccxbErgA.s:2686   .bss.audio_filtered.2:00000000 audio_filtered.2
     /tmp/ccxbErgA.s:2680   .bss.phase.1:00000000 phase.1
     /tmp/ccxbErgA.s:1562   .text.process_block:00000000 $t
ARM GAS  /tmp/ccxbErgA.s 			page 95


     /tmp/ccxbErgA.s:1568   .text.process_block:00000000 process_block
     /tmp/ccxbErgA.s:1603   .text.process_block:00000014 $d
     /tmp/ccxbErgA.s:1608   .text.nbfm_init:00000000 $t
     /tmp/ccxbErgA.s:1614   .text.nbfm_init:00000000 nbfm_init
     /tmp/ccxbErgA.s:1670   .text.nbfm_init:00000040 $d
     /tmp/ccxbErgA.s:2924   .data.pre_demod_coeffs:00000000 pre_demod_coeffs
     /tmp/ccxbErgA.s:2904   .bss.pre_fm_state_I:00000000 pre_fm_state_I
     /tmp/ccxbErgA.s:2898   .bss.pre_fm_state_Q:00000000 pre_fm_state_Q
     /tmp/ccxbErgA.s:2790   .bss.audio_state:00000000 audio_state
     /tmp/ccxbErgA.s:2796   .data.audio_lpf_coeffs:00000000 audio_lpf_coeffs
     /tmp/ccxbErgA.s:1683   .text.Error_Handler:00000000 $t
     /tmp/ccxbErgA.s:1689   .text.Error_Handler:00000000 Error_Handler
     /tmp/ccxbErgA.s:1721   .text.MX_ETH_Init:00000000 $t
     /tmp/ccxbErgA.s:1726   .text.MX_ETH_Init:00000000 MX_ETH_Init
     /tmp/ccxbErgA.s:1815   .text.MX_ETH_Init:00000054 $d
     /tmp/ccxbErgA.s:3078   .bss.heth:00000000 heth
     /tmp/ccxbErgA.s:2674   .bss.MACAddr.0:00000000 MACAddr.0
     /tmp/ccxbErgA.s:3120   .TxDecripSection:00000000 DMATxDscrTab
     /tmp/ccxbErgA.s:3127   .RxDecripSection:00000000 DMARxDscrTab
     /tmp/ccxbErgA.s:3113   .bss.TxConfig:00000000 TxConfig
     /tmp/ccxbErgA.s:1825   .text.MX_I2C1_Init:00000000 $t
     /tmp/ccxbErgA.s:1830   .text.MX_I2C1_Init:00000000 MX_I2C1_Init
     /tmp/ccxbErgA.s:1913   .text.MX_I2C1_Init:0000004c $d
     /tmp/ccxbErgA.s:3071   .bss.hi2c1:00000000 hi2c1
     /tmp/ccxbErgA.s:1919   .text.MX_USART3_UART_Init:00000000 $t
     /tmp/ccxbErgA.s:1924   .text.MX_USART3_UART_Init:00000000 MX_USART3_UART_Init
     /tmp/ccxbErgA.s:1985   .text.MX_USART3_UART_Init:00000030 $d
     /tmp/ccxbErgA.s:3057   .bss.huart3:00000000 huart3
     /tmp/ccxbErgA.s:1991   .text.MX_USB_OTG_FS_PCD_Init:00000000 $t
     /tmp/ccxbErgA.s:1996   .text.MX_USB_OTG_FS_PCD_Init:00000000 MX_USB_OTG_FS_PCD_Init
     /tmp/ccxbErgA.s:2058   .text.MX_USB_OTG_FS_PCD_Init:00000030 $d
     /tmp/ccxbErgA.s:3050   .bss.hpcd_USB_OTG_FS:00000000 hpcd_USB_OTG_FS
     /tmp/ccxbErgA.s:2063   .text.MX_DAC_Init:00000000 $t
     /tmp/ccxbErgA.s:2068   .text.MX_DAC_Init:00000000 MX_DAC_Init
     /tmp/ccxbErgA.s:2133   .text.MX_DAC_Init:00000038 $d
     /tmp/ccxbErgA.s:3092   .bss.hdac:00000000 hdac
     /tmp/ccxbErgA.s:2139   .text.MX_TIM6_Init:00000000 $t
     /tmp/ccxbErgA.s:2144   .text.MX_TIM6_Init:00000000 MX_TIM6_Init
     /tmp/ccxbErgA.s:2224   .text.MX_TIM6_Init:00000044 $d
     /tmp/ccxbErgA.s:3064   .bss.htim6:00000000 htim6
     /tmp/ccxbErgA.s:2230   .text.MX_ADC1_Init:00000000 $t
     /tmp/ccxbErgA.s:2235   .text.MX_ADC1_Init:00000000 MX_ADC1_Init
     /tmp/ccxbErgA.s:2343   .text.MX_ADC1_Init:00000068 $d
     /tmp/ccxbErgA.s:3106   .bss.hadc1:00000000 hadc1
     /tmp/ccxbErgA.s:2349   .text.SystemClock_Config:00000000 $t
     /tmp/ccxbErgA.s:2355   .text.SystemClock_Config:00000000 SystemClock_Config
     /tmp/ccxbErgA.s:2514   .text.SystemClock_Config:000000ac $d
     /tmp/ccxbErgA.s:2520   .text.main:00000000 $t
     /tmp/ccxbErgA.s:2526   .text.main:00000000 main
     /tmp/ccxbErgA.s:2654   .text.main:000000b0 $d
     /tmp/ccxbErgA.s:2870   .bss.hilbert_state:00000000 hilbert_state
     /tmp/ccxbErgA.s:2876   .data.hilbert_coeffs:00000000 hilbert_coeffs
     /tmp/ccxbErgA.s:3043   .bss.dac_buffer:00000000 dac_buffer
     /tmp/ccxbErgA.s:3036   .bss.adc_buffer:00000000 adc_buffer
     /tmp/ccxbErgA.s:2671   .bss.MACAddr.0:00000000 $d
     /tmp/ccxbErgA.s:2677   .bss.phase.1:00000000 $d
     /tmp/ccxbErgA.s:2683   .bss.audio_filtered.2:00000000 $d
ARM GAS  /tmp/ccxbErgA.s 			page 96


     /tmp/ccxbErgA.s:2689   .bss.audio_in.3:00000000 $d
     /tmp/ccxbErgA.s:2695   .bss.audio_lpf_out.4:00000000 $d
     /tmp/ccxbErgA.s:2701   .bss.audio_fm.5:00000000 $d
     /tmp/ccxbErgA.s:2707   .bss.IQ_mix.6:00000000 $d
     /tmp/ccxbErgA.s:2713   .bss.NCO_buf.7:00000000 $d
     /tmp/ccxbErgA.s:2719   .bss.IQ_in.8:00000000 $d
     /tmp/ccxbErgA.s:2725   .bss.Q_if.9:00000000 $d
     /tmp/ccxbErgA.s:2731   .bss.I_if.10:00000000 $d
     /tmp/ccxbErgA.s:2737   .bss.audio_buf.11:00000000 $d
     /tmp/ccxbErgA.s:2743   .bss.IQ_mix.12:00000000 $d
     /tmp/ccxbErgA.s:2749   .bss.NCO_buf.13:00000000 $d
     /tmp/ccxbErgA.s:2755   .bss.IQ_in.14:00000000 $d
     /tmp/ccxbErgA.s:2761   .bss.Q_buf.15:00000000 $d
     /tmp/ccxbErgA.s:2767   .bss.I_buf.16:00000000 $d
     /tmp/ccxbErgA.s:2774   .bss.MODE:00000000 $d
     /tmp/ccxbErgA.s:2781   .bss.audio_lpf:00000000 $d
     /tmp/ccxbErgA.s:2787   .bss.audio_state:00000000 $d
     /tmp/ccxbErgA.s:2793   .data.audio_lpf_coeffs:00000000 $d
     /tmp/ccxbErgA.s:2861   .bss.hilbert:00000000 $d
     /tmp/ccxbErgA.s:2867   .bss.hilbert_state:00000000 $d
     /tmp/ccxbErgA.s:2873   .data.hilbert_coeffs:00000000 $d
     /tmp/ccxbErgA.s:2895   .bss.pre_fm_state_Q:00000000 $d
     /tmp/ccxbErgA.s:2901   .bss.pre_fm_state_I:00000000 $d
     /tmp/ccxbErgA.s:2908   .bss.pre_fm_Q:00000000 $d
     /tmp/ccxbErgA.s:2915   .bss.pre_fm_I:00000000 $d
     /tmp/ccxbErgA.s:2921   .data.pre_demod_coeffs:00000000 $d
     /tmp/ccxbErgA.s:3003   .bss.pre_demod_filter:00000000 pre_demod_filter
     /tmp/ccxbErgA.s:3000   .bss.pre_demod_filter:00000000 $d
     /tmp/ccxbErgA.s:3007   .bss.nco_if:00000000 $d
     /tmp/ccxbErgA.s:3014   .bss.nco:00000000 $d
     /tmp/ccxbErgA.s:3024   .bss.dac_block_processing:00000000 $d
     /tmp/ccxbErgA.s:3030   .bss.block_ready:00000000 $d
     /tmp/ccxbErgA.s:3033   .bss.adc_buffer:00000000 $d
     /tmp/ccxbErgA.s:3040   .bss.dac_buffer:00000000 $d
     /tmp/ccxbErgA.s:3047   .bss.hpcd_USB_OTG_FS:00000000 $d
     /tmp/ccxbErgA.s:3054   .bss.huart3:00000000 $d
     /tmp/ccxbErgA.s:3061   .bss.htim6:00000000 $d
     /tmp/ccxbErgA.s:3068   .bss.hi2c1:00000000 $d
     /tmp/ccxbErgA.s:3075   .bss.heth:00000000 $d
     /tmp/ccxbErgA.s:3085   .bss.hdma_dac1:00000000 hdma_dac1
     /tmp/ccxbErgA.s:3082   .bss.hdma_dac1:00000000 $d
     /tmp/ccxbErgA.s:3089   .bss.hdac:00000000 $d
     /tmp/ccxbErgA.s:3099   .bss.hdma_adc1:00000000 hdma_adc1
     /tmp/ccxbErgA.s:3096   .bss.hdma_adc1:00000000 $d
     /tmp/ccxbErgA.s:3103   .bss.hadc1:00000000 $d
     /tmp/ccxbErgA.s:3110   .bss.TxConfig:00000000 $d
     /tmp/ccxbErgA.s:3117   .TxDecripSection:00000000 $d
     /tmp/ccxbErgA.s:3124   .RxDecripSection:00000000 $d

UNDEFINED SYMBOLS
HAL_MPU_Disable
HAL_MPU_ConfigRegion
HAL_MPU_Enable
HAL_GPIO_WritePin
HAL_GPIO_Init
HAL_NVIC_SetPriority
HAL_NVIC_EnableIRQ
ARM GAS  /tmp/ccxbErgA.s 			page 97


arm_fir_f32
cosf
sinf
nco_step
arm_cmplx_mult_cmplx_f32
nbfm_demod
__aeabi_f2d
__aeabi_dcmpgt
__aeabi_dcmplt
nco_init
arm_fir_init_f32
HAL_ETH_Init
memset
HAL_I2C_Init
HAL_I2CEx_ConfigAnalogFilter
HAL_I2CEx_ConfigDigitalFilter
HAL_UART_Init
HAL_PCD_Init
HAL_DAC_Init
HAL_DAC_ConfigChannel
HAL_TIM_Base_Init
HAL_TIMEx_MasterConfigSynchronization
HAL_ADC_Init
HAL_ADC_ConfigChannel
HAL_PWR_EnableBkUpAccess
HAL_RCC_OscConfig
HAL_PWREx_EnableOverDrive
HAL_RCC_ClockConfig
HAL_Init
HAL_DAC_Start_DMA
HAL_ADC_Start_DMA
HAL_TIM_Base_Start
