ARM GAS  /tmp/ccyYvSLN.s 			page 1


   1              		.cpu cortex-m7
   2              		.arch armv7e-m
   3              		.fpu fpv5-sp-d16
   4              		.eabi_attribute 27, 1
   5              		.eabi_attribute 28, 1
   6              		.eabi_attribute 20, 1
   7              		.eabi_attribute 21, 1
   8              		.eabi_attribute 23, 3
   9              		.eabi_attribute 24, 1
  10              		.eabi_attribute 25, 1
  11              		.eabi_attribute 26, 1
  12              		.eabi_attribute 30, 1
  13              		.eabi_attribute 34, 1
  14              		.eabi_attribute 18, 4
  15              		.file	"stm32f7xx_ll_usb.c"
  16              		.text
  17              	.Ltext0:
  18              		.cfi_sections	.debug_frame
  19              		.file 1 "Drivers/STM32F7xx_HAL_Driver/Src/stm32f7xx_ll_usb.c"
  20              		.section	.text.USB_CoreReset,"ax",%progbits
  21              		.align	1
  22              		.syntax unified
  23              		.thumb
  24              		.thumb_func
  26              	USB_CoreReset:
  27              	.LVL0:
  28              	.LFB175:
   1:Drivers/STM32F7xx_HAL_Driver/Src/stm32f7xx_ll_usb.c **** /**
   2:Drivers/STM32F7xx_HAL_Driver/Src/stm32f7xx_ll_usb.c ****   ******************************************************************************
   3:Drivers/STM32F7xx_HAL_Driver/Src/stm32f7xx_ll_usb.c ****   * @file    stm32f7xx_ll_usb.c
   4:Drivers/STM32F7xx_HAL_Driver/Src/stm32f7xx_ll_usb.c ****   * @author  MCD Application Team
   5:Drivers/STM32F7xx_HAL_Driver/Src/stm32f7xx_ll_usb.c ****   * @brief   USB Low Layer HAL module driver.
   6:Drivers/STM32F7xx_HAL_Driver/Src/stm32f7xx_ll_usb.c ****   *
   7:Drivers/STM32F7xx_HAL_Driver/Src/stm32f7xx_ll_usb.c ****   *          This file provides firmware functions to manage the following
   8:Drivers/STM32F7xx_HAL_Driver/Src/stm32f7xx_ll_usb.c ****   *          functionalities of the USB Peripheral Controller:
   9:Drivers/STM32F7xx_HAL_Driver/Src/stm32f7xx_ll_usb.c ****   *           + Initialization/de-initialization functions
  10:Drivers/STM32F7xx_HAL_Driver/Src/stm32f7xx_ll_usb.c ****   *           + I/O operation functions
  11:Drivers/STM32F7xx_HAL_Driver/Src/stm32f7xx_ll_usb.c ****   *           + Peripheral Control functions
  12:Drivers/STM32F7xx_HAL_Driver/Src/stm32f7xx_ll_usb.c ****   *           + Peripheral State functions
  13:Drivers/STM32F7xx_HAL_Driver/Src/stm32f7xx_ll_usb.c ****   *
  14:Drivers/STM32F7xx_HAL_Driver/Src/stm32f7xx_ll_usb.c ****   ******************************************************************************
  15:Drivers/STM32F7xx_HAL_Driver/Src/stm32f7xx_ll_usb.c ****   * @attention
  16:Drivers/STM32F7xx_HAL_Driver/Src/stm32f7xx_ll_usb.c ****   *
  17:Drivers/STM32F7xx_HAL_Driver/Src/stm32f7xx_ll_usb.c ****   * Copyright (c) 2017 STMicroelectronics.
  18:Drivers/STM32F7xx_HAL_Driver/Src/stm32f7xx_ll_usb.c ****   * All rights reserved.
  19:Drivers/STM32F7xx_HAL_Driver/Src/stm32f7xx_ll_usb.c ****   *
  20:Drivers/STM32F7xx_HAL_Driver/Src/stm32f7xx_ll_usb.c ****   * This software is licensed under terms that can be found in the LICENSE file
  21:Drivers/STM32F7xx_HAL_Driver/Src/stm32f7xx_ll_usb.c ****   * in the root directory of this software component.
  22:Drivers/STM32F7xx_HAL_Driver/Src/stm32f7xx_ll_usb.c ****   * If no LICENSE file comes with this software, it is provided AS-IS.
  23:Drivers/STM32F7xx_HAL_Driver/Src/stm32f7xx_ll_usb.c ****   *
  24:Drivers/STM32F7xx_HAL_Driver/Src/stm32f7xx_ll_usb.c ****   ******************************************************************************
  25:Drivers/STM32F7xx_HAL_Driver/Src/stm32f7xx_ll_usb.c ****   @verbatim
  26:Drivers/STM32F7xx_HAL_Driver/Src/stm32f7xx_ll_usb.c ****   ==============================================================================
  27:Drivers/STM32F7xx_HAL_Driver/Src/stm32f7xx_ll_usb.c ****                     ##### How to use this driver #####
  28:Drivers/STM32F7xx_HAL_Driver/Src/stm32f7xx_ll_usb.c ****   ==============================================================================
  29:Drivers/STM32F7xx_HAL_Driver/Src/stm32f7xx_ll_usb.c ****     [..]
  30:Drivers/STM32F7xx_HAL_Driver/Src/stm32f7xx_ll_usb.c ****       (#) Fill parameters of Init structure in USB_CfgTypeDef structure.
ARM GAS  /tmp/ccyYvSLN.s 			page 2


  31:Drivers/STM32F7xx_HAL_Driver/Src/stm32f7xx_ll_usb.c **** 
  32:Drivers/STM32F7xx_HAL_Driver/Src/stm32f7xx_ll_usb.c ****       (#) Call USB_CoreInit() API to initialize the USB Core peripheral.
  33:Drivers/STM32F7xx_HAL_Driver/Src/stm32f7xx_ll_usb.c **** 
  34:Drivers/STM32F7xx_HAL_Driver/Src/stm32f7xx_ll_usb.c ****       (#) The upper HAL HCD/PCD driver will call the right routines for its internal processes.
  35:Drivers/STM32F7xx_HAL_Driver/Src/stm32f7xx_ll_usb.c **** 
  36:Drivers/STM32F7xx_HAL_Driver/Src/stm32f7xx_ll_usb.c ****   @endverbatim
  37:Drivers/STM32F7xx_HAL_Driver/Src/stm32f7xx_ll_usb.c **** 
  38:Drivers/STM32F7xx_HAL_Driver/Src/stm32f7xx_ll_usb.c ****   ******************************************************************************
  39:Drivers/STM32F7xx_HAL_Driver/Src/stm32f7xx_ll_usb.c ****   */
  40:Drivers/STM32F7xx_HAL_Driver/Src/stm32f7xx_ll_usb.c **** 
  41:Drivers/STM32F7xx_HAL_Driver/Src/stm32f7xx_ll_usb.c **** /* Includes ------------------------------------------------------------------*/
  42:Drivers/STM32F7xx_HAL_Driver/Src/stm32f7xx_ll_usb.c **** #include "stm32f7xx_hal.h"
  43:Drivers/STM32F7xx_HAL_Driver/Src/stm32f7xx_ll_usb.c **** 
  44:Drivers/STM32F7xx_HAL_Driver/Src/stm32f7xx_ll_usb.c **** /** @addtogroup STM32F7xx_LL_USB_DRIVER
  45:Drivers/STM32F7xx_HAL_Driver/Src/stm32f7xx_ll_usb.c ****   * @{
  46:Drivers/STM32F7xx_HAL_Driver/Src/stm32f7xx_ll_usb.c ****   */
  47:Drivers/STM32F7xx_HAL_Driver/Src/stm32f7xx_ll_usb.c **** 
  48:Drivers/STM32F7xx_HAL_Driver/Src/stm32f7xx_ll_usb.c **** #if defined (HAL_PCD_MODULE_ENABLED) || defined (HAL_HCD_MODULE_ENABLED)
  49:Drivers/STM32F7xx_HAL_Driver/Src/stm32f7xx_ll_usb.c **** #if defined (USB_OTG_FS) || defined (USB_OTG_HS)
  50:Drivers/STM32F7xx_HAL_Driver/Src/stm32f7xx_ll_usb.c **** /* Private typedef -----------------------------------------------------------*/
  51:Drivers/STM32F7xx_HAL_Driver/Src/stm32f7xx_ll_usb.c **** /* Private define ------------------------------------------------------------*/
  52:Drivers/STM32F7xx_HAL_Driver/Src/stm32f7xx_ll_usb.c **** /* Private macro -------------------------------------------------------------*/
  53:Drivers/STM32F7xx_HAL_Driver/Src/stm32f7xx_ll_usb.c **** /* Private variables ---------------------------------------------------------*/
  54:Drivers/STM32F7xx_HAL_Driver/Src/stm32f7xx_ll_usb.c **** /* Private function prototypes -----------------------------------------------*/
  55:Drivers/STM32F7xx_HAL_Driver/Src/stm32f7xx_ll_usb.c **** /* Private functions ---------------------------------------------------------*/
  56:Drivers/STM32F7xx_HAL_Driver/Src/stm32f7xx_ll_usb.c **** #if defined (USB_OTG_FS) || defined (USB_OTG_HS)
  57:Drivers/STM32F7xx_HAL_Driver/Src/stm32f7xx_ll_usb.c **** static HAL_StatusTypeDef USB_CoreReset(USB_OTG_GlobalTypeDef *USBx);
  58:Drivers/STM32F7xx_HAL_Driver/Src/stm32f7xx_ll_usb.c **** #ifdef USBPHYC
  59:Drivers/STM32F7xx_HAL_Driver/Src/stm32f7xx_ll_usb.c **** static HAL_StatusTypeDef USB_HS_PHYCInit(USB_OTG_GlobalTypeDef *USBx);
  60:Drivers/STM32F7xx_HAL_Driver/Src/stm32f7xx_ll_usb.c **** #endif /* USBPHYC */
  61:Drivers/STM32F7xx_HAL_Driver/Src/stm32f7xx_ll_usb.c **** 
  62:Drivers/STM32F7xx_HAL_Driver/Src/stm32f7xx_ll_usb.c **** /* Exported functions --------------------------------------------------------*/
  63:Drivers/STM32F7xx_HAL_Driver/Src/stm32f7xx_ll_usb.c **** /** @defgroup USB_LL_Exported_Functions USB Low Layer Exported Functions
  64:Drivers/STM32F7xx_HAL_Driver/Src/stm32f7xx_ll_usb.c ****   * @{
  65:Drivers/STM32F7xx_HAL_Driver/Src/stm32f7xx_ll_usb.c ****   */
  66:Drivers/STM32F7xx_HAL_Driver/Src/stm32f7xx_ll_usb.c **** 
  67:Drivers/STM32F7xx_HAL_Driver/Src/stm32f7xx_ll_usb.c **** /** @defgroup USB_LL_Exported_Functions_Group1 Initialization/de-initialization functions
  68:Drivers/STM32F7xx_HAL_Driver/Src/stm32f7xx_ll_usb.c ****   *  @brief    Initialization and Configuration functions
  69:Drivers/STM32F7xx_HAL_Driver/Src/stm32f7xx_ll_usb.c ****   *
  70:Drivers/STM32F7xx_HAL_Driver/Src/stm32f7xx_ll_usb.c **** @verbatim
  71:Drivers/STM32F7xx_HAL_Driver/Src/stm32f7xx_ll_usb.c ****  ===============================================================================
  72:Drivers/STM32F7xx_HAL_Driver/Src/stm32f7xx_ll_usb.c ****                       ##### Initialization/de-initialization functions #####
  73:Drivers/STM32F7xx_HAL_Driver/Src/stm32f7xx_ll_usb.c ****  ===============================================================================
  74:Drivers/STM32F7xx_HAL_Driver/Src/stm32f7xx_ll_usb.c **** 
  75:Drivers/STM32F7xx_HAL_Driver/Src/stm32f7xx_ll_usb.c **** @endverbatim
  76:Drivers/STM32F7xx_HAL_Driver/Src/stm32f7xx_ll_usb.c ****   * @{
  77:Drivers/STM32F7xx_HAL_Driver/Src/stm32f7xx_ll_usb.c ****   */
  78:Drivers/STM32F7xx_HAL_Driver/Src/stm32f7xx_ll_usb.c **** 
  79:Drivers/STM32F7xx_HAL_Driver/Src/stm32f7xx_ll_usb.c **** /**
  80:Drivers/STM32F7xx_HAL_Driver/Src/stm32f7xx_ll_usb.c ****   * @brief  Initializes the USB Core
  81:Drivers/STM32F7xx_HAL_Driver/Src/stm32f7xx_ll_usb.c ****   * @param  USBx USB Instance
  82:Drivers/STM32F7xx_HAL_Driver/Src/stm32f7xx_ll_usb.c ****   * @param  cfg pointer to a USB_OTG_CfgTypeDef structure that contains
  83:Drivers/STM32F7xx_HAL_Driver/Src/stm32f7xx_ll_usb.c ****   *         the configuration information for the specified USBx peripheral.
  84:Drivers/STM32F7xx_HAL_Driver/Src/stm32f7xx_ll_usb.c ****   * @retval HAL status
  85:Drivers/STM32F7xx_HAL_Driver/Src/stm32f7xx_ll_usb.c ****   */
  86:Drivers/STM32F7xx_HAL_Driver/Src/stm32f7xx_ll_usb.c **** HAL_StatusTypeDef USB_CoreInit(USB_OTG_GlobalTypeDef *USBx, USB_OTG_CfgTypeDef cfg)
  87:Drivers/STM32F7xx_HAL_Driver/Src/stm32f7xx_ll_usb.c **** {
ARM GAS  /tmp/ccyYvSLN.s 			page 3


  88:Drivers/STM32F7xx_HAL_Driver/Src/stm32f7xx_ll_usb.c ****   HAL_StatusTypeDef ret;
  89:Drivers/STM32F7xx_HAL_Driver/Src/stm32f7xx_ll_usb.c **** 
  90:Drivers/STM32F7xx_HAL_Driver/Src/stm32f7xx_ll_usb.c ****   if (cfg.phy_itface == USB_OTG_ULPI_PHY)
  91:Drivers/STM32F7xx_HAL_Driver/Src/stm32f7xx_ll_usb.c ****   {
  92:Drivers/STM32F7xx_HAL_Driver/Src/stm32f7xx_ll_usb.c ****     USBx->GCCFG &= ~(USB_OTG_GCCFG_PWRDWN);
  93:Drivers/STM32F7xx_HAL_Driver/Src/stm32f7xx_ll_usb.c **** 
  94:Drivers/STM32F7xx_HAL_Driver/Src/stm32f7xx_ll_usb.c ****     /* Init The ULPI Interface */
  95:Drivers/STM32F7xx_HAL_Driver/Src/stm32f7xx_ll_usb.c ****     USBx->GUSBCFG &= ~(USB_OTG_GUSBCFG_TSDPS | USB_OTG_GUSBCFG_ULPIFSLS | USB_OTG_GUSBCFG_PHYSEL);
  96:Drivers/STM32F7xx_HAL_Driver/Src/stm32f7xx_ll_usb.c **** 
  97:Drivers/STM32F7xx_HAL_Driver/Src/stm32f7xx_ll_usb.c **** #if defined(STM32F722xx) || defined(STM32F723xx) || defined(STM32F730xx) \
  98:Drivers/STM32F7xx_HAL_Driver/Src/stm32f7xx_ll_usb.c ****  || defined(STM32F732xx) || defined(STM32F733xx)
  99:Drivers/STM32F7xx_HAL_Driver/Src/stm32f7xx_ll_usb.c ****     /* Select ULPI Interface */
 100:Drivers/STM32F7xx_HAL_Driver/Src/stm32f7xx_ll_usb.c ****     USBx->GUSBCFG |= USB_OTG_GUSBCFG_ULPI_UTMI_SEL;
 101:Drivers/STM32F7xx_HAL_Driver/Src/stm32f7xx_ll_usb.c **** #endif /* defined(STM32F722xx) || defined(STM32F723xx) || defined(STM32F730xx) ||
 102:Drivers/STM32F7xx_HAL_Driver/Src/stm32f7xx_ll_usb.c ****           defined(STM32F732xx) || defined(STM32F733xx) */
 103:Drivers/STM32F7xx_HAL_Driver/Src/stm32f7xx_ll_usb.c **** 
 104:Drivers/STM32F7xx_HAL_Driver/Src/stm32f7xx_ll_usb.c ****     /* Select vbus source */
 105:Drivers/STM32F7xx_HAL_Driver/Src/stm32f7xx_ll_usb.c ****     USBx->GUSBCFG &= ~(USB_OTG_GUSBCFG_ULPIEVBUSD | USB_OTG_GUSBCFG_ULPIEVBUSI);
 106:Drivers/STM32F7xx_HAL_Driver/Src/stm32f7xx_ll_usb.c ****     if (cfg.use_external_vbus == 1U)
 107:Drivers/STM32F7xx_HAL_Driver/Src/stm32f7xx_ll_usb.c ****     {
 108:Drivers/STM32F7xx_HAL_Driver/Src/stm32f7xx_ll_usb.c ****       USBx->GUSBCFG |= USB_OTG_GUSBCFG_ULPIEVBUSD;
 109:Drivers/STM32F7xx_HAL_Driver/Src/stm32f7xx_ll_usb.c ****     }
 110:Drivers/STM32F7xx_HAL_Driver/Src/stm32f7xx_ll_usb.c **** 
 111:Drivers/STM32F7xx_HAL_Driver/Src/stm32f7xx_ll_usb.c ****     /* Reset after a PHY select */
 112:Drivers/STM32F7xx_HAL_Driver/Src/stm32f7xx_ll_usb.c ****     ret = USB_CoreReset(USBx);
 113:Drivers/STM32F7xx_HAL_Driver/Src/stm32f7xx_ll_usb.c ****   }
 114:Drivers/STM32F7xx_HAL_Driver/Src/stm32f7xx_ll_usb.c **** #if defined(STM32F722xx) || defined(STM32F723xx) || defined(STM32F730xx) \
 115:Drivers/STM32F7xx_HAL_Driver/Src/stm32f7xx_ll_usb.c ****  || defined(STM32F732xx) || defined(STM32F733xx)
 116:Drivers/STM32F7xx_HAL_Driver/Src/stm32f7xx_ll_usb.c ****   else if (cfg.phy_itface == USB_OTG_HS_EMBEDDED_PHY)
 117:Drivers/STM32F7xx_HAL_Driver/Src/stm32f7xx_ll_usb.c ****   {
 118:Drivers/STM32F7xx_HAL_Driver/Src/stm32f7xx_ll_usb.c ****     USBx->GCCFG &= ~(USB_OTG_GCCFG_PWRDWN);
 119:Drivers/STM32F7xx_HAL_Driver/Src/stm32f7xx_ll_usb.c **** 
 120:Drivers/STM32F7xx_HAL_Driver/Src/stm32f7xx_ll_usb.c ****     /* Init The UTMI Interface */
 121:Drivers/STM32F7xx_HAL_Driver/Src/stm32f7xx_ll_usb.c ****     USBx->GUSBCFG &= ~(USB_OTG_GUSBCFG_TSDPS | USB_OTG_GUSBCFG_ULPIFSLS | USB_OTG_GUSBCFG_PHYSEL);
 122:Drivers/STM32F7xx_HAL_Driver/Src/stm32f7xx_ll_usb.c **** 
 123:Drivers/STM32F7xx_HAL_Driver/Src/stm32f7xx_ll_usb.c ****     /* Select vbus source */
 124:Drivers/STM32F7xx_HAL_Driver/Src/stm32f7xx_ll_usb.c ****     USBx->GUSBCFG &= ~(USB_OTG_GUSBCFG_ULPIEVBUSD | USB_OTG_GUSBCFG_ULPIEVBUSI);
 125:Drivers/STM32F7xx_HAL_Driver/Src/stm32f7xx_ll_usb.c **** 
 126:Drivers/STM32F7xx_HAL_Driver/Src/stm32f7xx_ll_usb.c ****     /* Select UTMI Interface */
 127:Drivers/STM32F7xx_HAL_Driver/Src/stm32f7xx_ll_usb.c ****     USBx->GUSBCFG &= ~USB_OTG_GUSBCFG_ULPI_UTMI_SEL;
 128:Drivers/STM32F7xx_HAL_Driver/Src/stm32f7xx_ll_usb.c **** #ifdef USBPHYC
 129:Drivers/STM32F7xx_HAL_Driver/Src/stm32f7xx_ll_usb.c ****     /* Enable USB HS PHY */
 130:Drivers/STM32F7xx_HAL_Driver/Src/stm32f7xx_ll_usb.c ****     USBx->GCCFG |= USB_OTG_GCCFG_PHYHSEN;
 131:Drivers/STM32F7xx_HAL_Driver/Src/stm32f7xx_ll_usb.c **** 
 132:Drivers/STM32F7xx_HAL_Driver/Src/stm32f7xx_ll_usb.c ****     /* Enables control of a High Speed USB PHY */
 133:Drivers/STM32F7xx_HAL_Driver/Src/stm32f7xx_ll_usb.c ****     if (USB_HS_PHYCInit(USBx) != HAL_OK)
 134:Drivers/STM32F7xx_HAL_Driver/Src/stm32f7xx_ll_usb.c ****     {
 135:Drivers/STM32F7xx_HAL_Driver/Src/stm32f7xx_ll_usb.c ****       return HAL_ERROR;
 136:Drivers/STM32F7xx_HAL_Driver/Src/stm32f7xx_ll_usb.c ****     }
 137:Drivers/STM32F7xx_HAL_Driver/Src/stm32f7xx_ll_usb.c **** #endif /* USBPHYC */
 138:Drivers/STM32F7xx_HAL_Driver/Src/stm32f7xx_ll_usb.c **** 
 139:Drivers/STM32F7xx_HAL_Driver/Src/stm32f7xx_ll_usb.c ****     if (cfg.use_external_vbus == 1U)
 140:Drivers/STM32F7xx_HAL_Driver/Src/stm32f7xx_ll_usb.c ****     {
 141:Drivers/STM32F7xx_HAL_Driver/Src/stm32f7xx_ll_usb.c ****       USBx->GUSBCFG |= USB_OTG_GUSBCFG_ULPIEVBUSD;
 142:Drivers/STM32F7xx_HAL_Driver/Src/stm32f7xx_ll_usb.c ****     }
 143:Drivers/STM32F7xx_HAL_Driver/Src/stm32f7xx_ll_usb.c **** 
 144:Drivers/STM32F7xx_HAL_Driver/Src/stm32f7xx_ll_usb.c ****     /* Reset after a PHY select */
ARM GAS  /tmp/ccyYvSLN.s 			page 4


 145:Drivers/STM32F7xx_HAL_Driver/Src/stm32f7xx_ll_usb.c ****     ret = USB_CoreReset(USBx);
 146:Drivers/STM32F7xx_HAL_Driver/Src/stm32f7xx_ll_usb.c ****   }
 147:Drivers/STM32F7xx_HAL_Driver/Src/stm32f7xx_ll_usb.c **** #endif /* defined(STM32F722xx) || defined(STM32F723xx) || defined(STM32F730xx) ||
 148:Drivers/STM32F7xx_HAL_Driver/Src/stm32f7xx_ll_usb.c ****           defined(STM32F732xx) || defined(STM32F733xx) */
 149:Drivers/STM32F7xx_HAL_Driver/Src/stm32f7xx_ll_usb.c ****   else /* FS interface (embedded Phy) */
 150:Drivers/STM32F7xx_HAL_Driver/Src/stm32f7xx_ll_usb.c ****   {
 151:Drivers/STM32F7xx_HAL_Driver/Src/stm32f7xx_ll_usb.c ****     /* Select FS Embedded PHY */
 152:Drivers/STM32F7xx_HAL_Driver/Src/stm32f7xx_ll_usb.c ****     USBx->GUSBCFG |= USB_OTG_GUSBCFG_PHYSEL;
 153:Drivers/STM32F7xx_HAL_Driver/Src/stm32f7xx_ll_usb.c **** 
 154:Drivers/STM32F7xx_HAL_Driver/Src/stm32f7xx_ll_usb.c ****     /* Reset after a PHY select */
 155:Drivers/STM32F7xx_HAL_Driver/Src/stm32f7xx_ll_usb.c ****     ret = USB_CoreReset(USBx);
 156:Drivers/STM32F7xx_HAL_Driver/Src/stm32f7xx_ll_usb.c **** 
 157:Drivers/STM32F7xx_HAL_Driver/Src/stm32f7xx_ll_usb.c ****     /* Activate the USB Transceiver */
 158:Drivers/STM32F7xx_HAL_Driver/Src/stm32f7xx_ll_usb.c ****     USBx->GCCFG |= USB_OTG_GCCFG_PWRDWN;
 159:Drivers/STM32F7xx_HAL_Driver/Src/stm32f7xx_ll_usb.c ****   }
 160:Drivers/STM32F7xx_HAL_Driver/Src/stm32f7xx_ll_usb.c **** 
 161:Drivers/STM32F7xx_HAL_Driver/Src/stm32f7xx_ll_usb.c ****   if (cfg.dma_enable == 1U)
 162:Drivers/STM32F7xx_HAL_Driver/Src/stm32f7xx_ll_usb.c ****   {
 163:Drivers/STM32F7xx_HAL_Driver/Src/stm32f7xx_ll_usb.c ****     USBx->GAHBCFG |= USB_OTG_GAHBCFG_HBSTLEN_2;
 164:Drivers/STM32F7xx_HAL_Driver/Src/stm32f7xx_ll_usb.c ****     USBx->GAHBCFG |= USB_OTG_GAHBCFG_DMAEN;
 165:Drivers/STM32F7xx_HAL_Driver/Src/stm32f7xx_ll_usb.c ****   }
 166:Drivers/STM32F7xx_HAL_Driver/Src/stm32f7xx_ll_usb.c **** 
 167:Drivers/STM32F7xx_HAL_Driver/Src/stm32f7xx_ll_usb.c ****   return ret;
 168:Drivers/STM32F7xx_HAL_Driver/Src/stm32f7xx_ll_usb.c **** }
 169:Drivers/STM32F7xx_HAL_Driver/Src/stm32f7xx_ll_usb.c **** 
 170:Drivers/STM32F7xx_HAL_Driver/Src/stm32f7xx_ll_usb.c **** 
 171:Drivers/STM32F7xx_HAL_Driver/Src/stm32f7xx_ll_usb.c **** /**
 172:Drivers/STM32F7xx_HAL_Driver/Src/stm32f7xx_ll_usb.c ****   * @brief  Set the USB turnaround time
 173:Drivers/STM32F7xx_HAL_Driver/Src/stm32f7xx_ll_usb.c ****   * @param  USBx USB Instance
 174:Drivers/STM32F7xx_HAL_Driver/Src/stm32f7xx_ll_usb.c ****   * @param  hclk: AHB clock frequency
 175:Drivers/STM32F7xx_HAL_Driver/Src/stm32f7xx_ll_usb.c ****   * @retval USB turnaround time In PHY Clocks number
 176:Drivers/STM32F7xx_HAL_Driver/Src/stm32f7xx_ll_usb.c ****   */
 177:Drivers/STM32F7xx_HAL_Driver/Src/stm32f7xx_ll_usb.c **** HAL_StatusTypeDef USB_SetTurnaroundTime(USB_OTG_GlobalTypeDef *USBx,
 178:Drivers/STM32F7xx_HAL_Driver/Src/stm32f7xx_ll_usb.c ****                                         uint32_t hclk, uint8_t speed)
 179:Drivers/STM32F7xx_HAL_Driver/Src/stm32f7xx_ll_usb.c **** {
 180:Drivers/STM32F7xx_HAL_Driver/Src/stm32f7xx_ll_usb.c ****   uint32_t UsbTrd;
 181:Drivers/STM32F7xx_HAL_Driver/Src/stm32f7xx_ll_usb.c **** 
 182:Drivers/STM32F7xx_HAL_Driver/Src/stm32f7xx_ll_usb.c ****   /* The USBTRD is configured according to the tables below, depending on AHB frequency
 183:Drivers/STM32F7xx_HAL_Driver/Src/stm32f7xx_ll_usb.c ****   used by application. In the low AHB frequency range it is used to stretch enough the USB response
 184:Drivers/STM32F7xx_HAL_Driver/Src/stm32f7xx_ll_usb.c ****   time to IN tokens, the USB turnaround time, so to compensate for the longer AHB read access
 185:Drivers/STM32F7xx_HAL_Driver/Src/stm32f7xx_ll_usb.c ****   latency to the Data FIFO */
 186:Drivers/STM32F7xx_HAL_Driver/Src/stm32f7xx_ll_usb.c ****   if (speed == USBD_FS_SPEED)
 187:Drivers/STM32F7xx_HAL_Driver/Src/stm32f7xx_ll_usb.c ****   {
 188:Drivers/STM32F7xx_HAL_Driver/Src/stm32f7xx_ll_usb.c ****     if ((hclk >= 14200000U) && (hclk < 15000000U))
 189:Drivers/STM32F7xx_HAL_Driver/Src/stm32f7xx_ll_usb.c ****     {
 190:Drivers/STM32F7xx_HAL_Driver/Src/stm32f7xx_ll_usb.c ****       /* hclk Clock Range between 14.2-15 MHz */
 191:Drivers/STM32F7xx_HAL_Driver/Src/stm32f7xx_ll_usb.c ****       UsbTrd = 0xFU;
 192:Drivers/STM32F7xx_HAL_Driver/Src/stm32f7xx_ll_usb.c ****     }
 193:Drivers/STM32F7xx_HAL_Driver/Src/stm32f7xx_ll_usb.c ****     else if ((hclk >= 15000000U) && (hclk < 16000000U))
 194:Drivers/STM32F7xx_HAL_Driver/Src/stm32f7xx_ll_usb.c ****     {
 195:Drivers/STM32F7xx_HAL_Driver/Src/stm32f7xx_ll_usb.c ****       /* hclk Clock Range between 15-16 MHz */
 196:Drivers/STM32F7xx_HAL_Driver/Src/stm32f7xx_ll_usb.c ****       UsbTrd = 0xEU;
 197:Drivers/STM32F7xx_HAL_Driver/Src/stm32f7xx_ll_usb.c ****     }
 198:Drivers/STM32F7xx_HAL_Driver/Src/stm32f7xx_ll_usb.c ****     else if ((hclk >= 16000000U) && (hclk < 17200000U))
 199:Drivers/STM32F7xx_HAL_Driver/Src/stm32f7xx_ll_usb.c ****     {
 200:Drivers/STM32F7xx_HAL_Driver/Src/stm32f7xx_ll_usb.c ****       /* hclk Clock Range between 16-17.2 MHz */
 201:Drivers/STM32F7xx_HAL_Driver/Src/stm32f7xx_ll_usb.c ****       UsbTrd = 0xDU;
ARM GAS  /tmp/ccyYvSLN.s 			page 5


 202:Drivers/STM32F7xx_HAL_Driver/Src/stm32f7xx_ll_usb.c ****     }
 203:Drivers/STM32F7xx_HAL_Driver/Src/stm32f7xx_ll_usb.c ****     else if ((hclk >= 17200000U) && (hclk < 18500000U))
 204:Drivers/STM32F7xx_HAL_Driver/Src/stm32f7xx_ll_usb.c ****     {
 205:Drivers/STM32F7xx_HAL_Driver/Src/stm32f7xx_ll_usb.c ****       /* hclk Clock Range between 17.2-18.5 MHz */
 206:Drivers/STM32F7xx_HAL_Driver/Src/stm32f7xx_ll_usb.c ****       UsbTrd = 0xCU;
 207:Drivers/STM32F7xx_HAL_Driver/Src/stm32f7xx_ll_usb.c ****     }
 208:Drivers/STM32F7xx_HAL_Driver/Src/stm32f7xx_ll_usb.c ****     else if ((hclk >= 18500000U) && (hclk < 20000000U))
 209:Drivers/STM32F7xx_HAL_Driver/Src/stm32f7xx_ll_usb.c ****     {
 210:Drivers/STM32F7xx_HAL_Driver/Src/stm32f7xx_ll_usb.c ****       /* hclk Clock Range between 18.5-20 MHz */
 211:Drivers/STM32F7xx_HAL_Driver/Src/stm32f7xx_ll_usb.c ****       UsbTrd = 0xBU;
 212:Drivers/STM32F7xx_HAL_Driver/Src/stm32f7xx_ll_usb.c ****     }
 213:Drivers/STM32F7xx_HAL_Driver/Src/stm32f7xx_ll_usb.c ****     else if ((hclk >= 20000000U) && (hclk < 21800000U))
 214:Drivers/STM32F7xx_HAL_Driver/Src/stm32f7xx_ll_usb.c ****     {
 215:Drivers/STM32F7xx_HAL_Driver/Src/stm32f7xx_ll_usb.c ****       /* hclk Clock Range between 20-21.8 MHz */
 216:Drivers/STM32F7xx_HAL_Driver/Src/stm32f7xx_ll_usb.c ****       UsbTrd = 0xAU;
 217:Drivers/STM32F7xx_HAL_Driver/Src/stm32f7xx_ll_usb.c ****     }
 218:Drivers/STM32F7xx_HAL_Driver/Src/stm32f7xx_ll_usb.c ****     else if ((hclk >= 21800000U) && (hclk < 24000000U))
 219:Drivers/STM32F7xx_HAL_Driver/Src/stm32f7xx_ll_usb.c ****     {
 220:Drivers/STM32F7xx_HAL_Driver/Src/stm32f7xx_ll_usb.c ****       /* hclk Clock Range between 21.8-24 MHz */
 221:Drivers/STM32F7xx_HAL_Driver/Src/stm32f7xx_ll_usb.c ****       UsbTrd = 0x9U;
 222:Drivers/STM32F7xx_HAL_Driver/Src/stm32f7xx_ll_usb.c ****     }
 223:Drivers/STM32F7xx_HAL_Driver/Src/stm32f7xx_ll_usb.c ****     else if ((hclk >= 24000000U) && (hclk < 27700000U))
 224:Drivers/STM32F7xx_HAL_Driver/Src/stm32f7xx_ll_usb.c ****     {
 225:Drivers/STM32F7xx_HAL_Driver/Src/stm32f7xx_ll_usb.c ****       /* hclk Clock Range between 24-27.7 MHz */
 226:Drivers/STM32F7xx_HAL_Driver/Src/stm32f7xx_ll_usb.c ****       UsbTrd = 0x8U;
 227:Drivers/STM32F7xx_HAL_Driver/Src/stm32f7xx_ll_usb.c ****     }
 228:Drivers/STM32F7xx_HAL_Driver/Src/stm32f7xx_ll_usb.c ****     else if ((hclk >= 27700000U) && (hclk < 32000000U))
 229:Drivers/STM32F7xx_HAL_Driver/Src/stm32f7xx_ll_usb.c ****     {
 230:Drivers/STM32F7xx_HAL_Driver/Src/stm32f7xx_ll_usb.c ****       /* hclk Clock Range between 27.7-32 MHz */
 231:Drivers/STM32F7xx_HAL_Driver/Src/stm32f7xx_ll_usb.c ****       UsbTrd = 0x7U;
 232:Drivers/STM32F7xx_HAL_Driver/Src/stm32f7xx_ll_usb.c ****     }
 233:Drivers/STM32F7xx_HAL_Driver/Src/stm32f7xx_ll_usb.c ****     else /* if(hclk >= 32000000) */
 234:Drivers/STM32F7xx_HAL_Driver/Src/stm32f7xx_ll_usb.c ****     {
 235:Drivers/STM32F7xx_HAL_Driver/Src/stm32f7xx_ll_usb.c ****       /* hclk Clock Range between 32-200 MHz */
 236:Drivers/STM32F7xx_HAL_Driver/Src/stm32f7xx_ll_usb.c ****       UsbTrd = 0x6U;
 237:Drivers/STM32F7xx_HAL_Driver/Src/stm32f7xx_ll_usb.c ****     }
 238:Drivers/STM32F7xx_HAL_Driver/Src/stm32f7xx_ll_usb.c ****   }
 239:Drivers/STM32F7xx_HAL_Driver/Src/stm32f7xx_ll_usb.c ****   else if (speed == USBD_HS_SPEED)
 240:Drivers/STM32F7xx_HAL_Driver/Src/stm32f7xx_ll_usb.c ****   {
 241:Drivers/STM32F7xx_HAL_Driver/Src/stm32f7xx_ll_usb.c ****     UsbTrd = USBD_HS_TRDT_VALUE;
 242:Drivers/STM32F7xx_HAL_Driver/Src/stm32f7xx_ll_usb.c ****   }
 243:Drivers/STM32F7xx_HAL_Driver/Src/stm32f7xx_ll_usb.c ****   else
 244:Drivers/STM32F7xx_HAL_Driver/Src/stm32f7xx_ll_usb.c ****   {
 245:Drivers/STM32F7xx_HAL_Driver/Src/stm32f7xx_ll_usb.c ****     UsbTrd = USBD_DEFAULT_TRDT_VALUE;
 246:Drivers/STM32F7xx_HAL_Driver/Src/stm32f7xx_ll_usb.c ****   }
 247:Drivers/STM32F7xx_HAL_Driver/Src/stm32f7xx_ll_usb.c **** 
 248:Drivers/STM32F7xx_HAL_Driver/Src/stm32f7xx_ll_usb.c ****   USBx->GUSBCFG &= ~USB_OTG_GUSBCFG_TRDT;
 249:Drivers/STM32F7xx_HAL_Driver/Src/stm32f7xx_ll_usb.c ****   USBx->GUSBCFG |= (uint32_t)((UsbTrd << 10) & USB_OTG_GUSBCFG_TRDT);
 250:Drivers/STM32F7xx_HAL_Driver/Src/stm32f7xx_ll_usb.c **** 
 251:Drivers/STM32F7xx_HAL_Driver/Src/stm32f7xx_ll_usb.c ****   return HAL_OK;
 252:Drivers/STM32F7xx_HAL_Driver/Src/stm32f7xx_ll_usb.c **** }
 253:Drivers/STM32F7xx_HAL_Driver/Src/stm32f7xx_ll_usb.c **** 
 254:Drivers/STM32F7xx_HAL_Driver/Src/stm32f7xx_ll_usb.c **** /**
 255:Drivers/STM32F7xx_HAL_Driver/Src/stm32f7xx_ll_usb.c ****   * @brief  USB_EnableGlobalInt
 256:Drivers/STM32F7xx_HAL_Driver/Src/stm32f7xx_ll_usb.c ****   *         Enables the controller's Global Int in the AHB Config reg
 257:Drivers/STM32F7xx_HAL_Driver/Src/stm32f7xx_ll_usb.c ****   * @param  USBx  Selected device
 258:Drivers/STM32F7xx_HAL_Driver/Src/stm32f7xx_ll_usb.c ****   * @retval HAL status
ARM GAS  /tmp/ccyYvSLN.s 			page 6


 259:Drivers/STM32F7xx_HAL_Driver/Src/stm32f7xx_ll_usb.c ****   */
 260:Drivers/STM32F7xx_HAL_Driver/Src/stm32f7xx_ll_usb.c **** HAL_StatusTypeDef USB_EnableGlobalInt(USB_OTG_GlobalTypeDef *USBx)
 261:Drivers/STM32F7xx_HAL_Driver/Src/stm32f7xx_ll_usb.c **** {
 262:Drivers/STM32F7xx_HAL_Driver/Src/stm32f7xx_ll_usb.c ****   USBx->GAHBCFG |= USB_OTG_GAHBCFG_GINT;
 263:Drivers/STM32F7xx_HAL_Driver/Src/stm32f7xx_ll_usb.c ****   return HAL_OK;
 264:Drivers/STM32F7xx_HAL_Driver/Src/stm32f7xx_ll_usb.c **** }
 265:Drivers/STM32F7xx_HAL_Driver/Src/stm32f7xx_ll_usb.c **** 
 266:Drivers/STM32F7xx_HAL_Driver/Src/stm32f7xx_ll_usb.c **** /**
 267:Drivers/STM32F7xx_HAL_Driver/Src/stm32f7xx_ll_usb.c ****   * @brief  USB_DisableGlobalInt
 268:Drivers/STM32F7xx_HAL_Driver/Src/stm32f7xx_ll_usb.c ****   *         Disable the controller's Global Int in the AHB Config reg
 269:Drivers/STM32F7xx_HAL_Driver/Src/stm32f7xx_ll_usb.c ****   * @param  USBx  Selected device
 270:Drivers/STM32F7xx_HAL_Driver/Src/stm32f7xx_ll_usb.c ****   * @retval HAL status
 271:Drivers/STM32F7xx_HAL_Driver/Src/stm32f7xx_ll_usb.c ****   */
 272:Drivers/STM32F7xx_HAL_Driver/Src/stm32f7xx_ll_usb.c **** HAL_StatusTypeDef USB_DisableGlobalInt(USB_OTG_GlobalTypeDef *USBx)
 273:Drivers/STM32F7xx_HAL_Driver/Src/stm32f7xx_ll_usb.c **** {
 274:Drivers/STM32F7xx_HAL_Driver/Src/stm32f7xx_ll_usb.c ****   USBx->GAHBCFG &= ~USB_OTG_GAHBCFG_GINT;
 275:Drivers/STM32F7xx_HAL_Driver/Src/stm32f7xx_ll_usb.c ****   return HAL_OK;
 276:Drivers/STM32F7xx_HAL_Driver/Src/stm32f7xx_ll_usb.c **** }
 277:Drivers/STM32F7xx_HAL_Driver/Src/stm32f7xx_ll_usb.c **** 
 278:Drivers/STM32F7xx_HAL_Driver/Src/stm32f7xx_ll_usb.c **** /**
 279:Drivers/STM32F7xx_HAL_Driver/Src/stm32f7xx_ll_usb.c ****   * @brief  USB_SetCurrentMode Set functional mode
 280:Drivers/STM32F7xx_HAL_Driver/Src/stm32f7xx_ll_usb.c ****   * @param  USBx  Selected device
 281:Drivers/STM32F7xx_HAL_Driver/Src/stm32f7xx_ll_usb.c ****   * @param  mode  current core mode
 282:Drivers/STM32F7xx_HAL_Driver/Src/stm32f7xx_ll_usb.c ****   *          This parameter can be one of these values:
 283:Drivers/STM32F7xx_HAL_Driver/Src/stm32f7xx_ll_usb.c ****   *            @arg USB_DEVICE_MODE Peripheral mode
 284:Drivers/STM32F7xx_HAL_Driver/Src/stm32f7xx_ll_usb.c ****   *            @arg USB_HOST_MODE Host mode
 285:Drivers/STM32F7xx_HAL_Driver/Src/stm32f7xx_ll_usb.c ****   * @retval HAL status
 286:Drivers/STM32F7xx_HAL_Driver/Src/stm32f7xx_ll_usb.c ****   */
 287:Drivers/STM32F7xx_HAL_Driver/Src/stm32f7xx_ll_usb.c **** HAL_StatusTypeDef USB_SetCurrentMode(USB_OTG_GlobalTypeDef *USBx, USB_OTG_ModeTypeDef mode)
 288:Drivers/STM32F7xx_HAL_Driver/Src/stm32f7xx_ll_usb.c **** {
 289:Drivers/STM32F7xx_HAL_Driver/Src/stm32f7xx_ll_usb.c ****   uint32_t ms = 0U;
 290:Drivers/STM32F7xx_HAL_Driver/Src/stm32f7xx_ll_usb.c **** 
 291:Drivers/STM32F7xx_HAL_Driver/Src/stm32f7xx_ll_usb.c ****   USBx->GUSBCFG &= ~(USB_OTG_GUSBCFG_FHMOD | USB_OTG_GUSBCFG_FDMOD);
 292:Drivers/STM32F7xx_HAL_Driver/Src/stm32f7xx_ll_usb.c **** 
 293:Drivers/STM32F7xx_HAL_Driver/Src/stm32f7xx_ll_usb.c ****   if (mode == USB_HOST_MODE)
 294:Drivers/STM32F7xx_HAL_Driver/Src/stm32f7xx_ll_usb.c ****   {
 295:Drivers/STM32F7xx_HAL_Driver/Src/stm32f7xx_ll_usb.c ****     USBx->GUSBCFG |= USB_OTG_GUSBCFG_FHMOD;
 296:Drivers/STM32F7xx_HAL_Driver/Src/stm32f7xx_ll_usb.c **** 
 297:Drivers/STM32F7xx_HAL_Driver/Src/stm32f7xx_ll_usb.c ****     do
 298:Drivers/STM32F7xx_HAL_Driver/Src/stm32f7xx_ll_usb.c ****     {
 299:Drivers/STM32F7xx_HAL_Driver/Src/stm32f7xx_ll_usb.c ****       HAL_Delay(10U);
 300:Drivers/STM32F7xx_HAL_Driver/Src/stm32f7xx_ll_usb.c ****       ms += 10U;
 301:Drivers/STM32F7xx_HAL_Driver/Src/stm32f7xx_ll_usb.c ****     } while ((USB_GetMode(USBx) != (uint32_t)USB_HOST_MODE) && (ms < HAL_USB_CURRENT_MODE_MAX_DELAY
 302:Drivers/STM32F7xx_HAL_Driver/Src/stm32f7xx_ll_usb.c ****   }
 303:Drivers/STM32F7xx_HAL_Driver/Src/stm32f7xx_ll_usb.c ****   else if (mode == USB_DEVICE_MODE)
 304:Drivers/STM32F7xx_HAL_Driver/Src/stm32f7xx_ll_usb.c ****   {
 305:Drivers/STM32F7xx_HAL_Driver/Src/stm32f7xx_ll_usb.c ****     USBx->GUSBCFG |= USB_OTG_GUSBCFG_FDMOD;
 306:Drivers/STM32F7xx_HAL_Driver/Src/stm32f7xx_ll_usb.c **** 
 307:Drivers/STM32F7xx_HAL_Driver/Src/stm32f7xx_ll_usb.c ****     do
 308:Drivers/STM32F7xx_HAL_Driver/Src/stm32f7xx_ll_usb.c ****     {
 309:Drivers/STM32F7xx_HAL_Driver/Src/stm32f7xx_ll_usb.c ****       HAL_Delay(10U);
 310:Drivers/STM32F7xx_HAL_Driver/Src/stm32f7xx_ll_usb.c ****       ms += 10U;
 311:Drivers/STM32F7xx_HAL_Driver/Src/stm32f7xx_ll_usb.c ****     } while ((USB_GetMode(USBx) != (uint32_t)USB_DEVICE_MODE) && (ms < HAL_USB_CURRENT_MODE_MAX_DEL
 312:Drivers/STM32F7xx_HAL_Driver/Src/stm32f7xx_ll_usb.c ****   }
 313:Drivers/STM32F7xx_HAL_Driver/Src/stm32f7xx_ll_usb.c ****   else
 314:Drivers/STM32F7xx_HAL_Driver/Src/stm32f7xx_ll_usb.c ****   {
 315:Drivers/STM32F7xx_HAL_Driver/Src/stm32f7xx_ll_usb.c ****     return HAL_ERROR;
ARM GAS  /tmp/ccyYvSLN.s 			page 7


 316:Drivers/STM32F7xx_HAL_Driver/Src/stm32f7xx_ll_usb.c ****   }
 317:Drivers/STM32F7xx_HAL_Driver/Src/stm32f7xx_ll_usb.c **** 
 318:Drivers/STM32F7xx_HAL_Driver/Src/stm32f7xx_ll_usb.c ****   if (ms == HAL_USB_CURRENT_MODE_MAX_DELAY_MS)
 319:Drivers/STM32F7xx_HAL_Driver/Src/stm32f7xx_ll_usb.c ****   {
 320:Drivers/STM32F7xx_HAL_Driver/Src/stm32f7xx_ll_usb.c ****     return HAL_ERROR;
 321:Drivers/STM32F7xx_HAL_Driver/Src/stm32f7xx_ll_usb.c ****   }
 322:Drivers/STM32F7xx_HAL_Driver/Src/stm32f7xx_ll_usb.c **** 
 323:Drivers/STM32F7xx_HAL_Driver/Src/stm32f7xx_ll_usb.c ****   return HAL_OK;
 324:Drivers/STM32F7xx_HAL_Driver/Src/stm32f7xx_ll_usb.c **** }
 325:Drivers/STM32F7xx_HAL_Driver/Src/stm32f7xx_ll_usb.c **** 
 326:Drivers/STM32F7xx_HAL_Driver/Src/stm32f7xx_ll_usb.c **** /**
 327:Drivers/STM32F7xx_HAL_Driver/Src/stm32f7xx_ll_usb.c ****   * @brief  USB_DevInit Initializes the USB_OTG controller registers
 328:Drivers/STM32F7xx_HAL_Driver/Src/stm32f7xx_ll_usb.c ****   *         for device mode
 329:Drivers/STM32F7xx_HAL_Driver/Src/stm32f7xx_ll_usb.c ****   * @param  USBx  Selected device
 330:Drivers/STM32F7xx_HAL_Driver/Src/stm32f7xx_ll_usb.c ****   * @param  cfg   pointer to a USB_OTG_CfgTypeDef structure that contains
 331:Drivers/STM32F7xx_HAL_Driver/Src/stm32f7xx_ll_usb.c ****   *         the configuration information for the specified USBx peripheral.
 332:Drivers/STM32F7xx_HAL_Driver/Src/stm32f7xx_ll_usb.c ****   * @retval HAL status
 333:Drivers/STM32F7xx_HAL_Driver/Src/stm32f7xx_ll_usb.c ****   */
 334:Drivers/STM32F7xx_HAL_Driver/Src/stm32f7xx_ll_usb.c **** HAL_StatusTypeDef USB_DevInit(USB_OTG_GlobalTypeDef *USBx, USB_OTG_CfgTypeDef cfg)
 335:Drivers/STM32F7xx_HAL_Driver/Src/stm32f7xx_ll_usb.c **** {
 336:Drivers/STM32F7xx_HAL_Driver/Src/stm32f7xx_ll_usb.c ****   HAL_StatusTypeDef ret = HAL_OK;
 337:Drivers/STM32F7xx_HAL_Driver/Src/stm32f7xx_ll_usb.c ****   uint32_t USBx_BASE = (uint32_t)USBx;
 338:Drivers/STM32F7xx_HAL_Driver/Src/stm32f7xx_ll_usb.c ****   uint32_t i;
 339:Drivers/STM32F7xx_HAL_Driver/Src/stm32f7xx_ll_usb.c **** 
 340:Drivers/STM32F7xx_HAL_Driver/Src/stm32f7xx_ll_usb.c ****   for (i = 0U; i < 15U; i++)
 341:Drivers/STM32F7xx_HAL_Driver/Src/stm32f7xx_ll_usb.c ****   {
 342:Drivers/STM32F7xx_HAL_Driver/Src/stm32f7xx_ll_usb.c ****     USBx->DIEPTXF[i] = 0U;
 343:Drivers/STM32F7xx_HAL_Driver/Src/stm32f7xx_ll_usb.c ****   }
 344:Drivers/STM32F7xx_HAL_Driver/Src/stm32f7xx_ll_usb.c **** 
 345:Drivers/STM32F7xx_HAL_Driver/Src/stm32f7xx_ll_usb.c ****   /* VBUS Sensing setup */
 346:Drivers/STM32F7xx_HAL_Driver/Src/stm32f7xx_ll_usb.c ****   if (cfg.vbus_sensing_enable == 0U)
 347:Drivers/STM32F7xx_HAL_Driver/Src/stm32f7xx_ll_usb.c ****   {
 348:Drivers/STM32F7xx_HAL_Driver/Src/stm32f7xx_ll_usb.c ****     USBx_DEVICE->DCTL |= USB_OTG_DCTL_SDIS;
 349:Drivers/STM32F7xx_HAL_Driver/Src/stm32f7xx_ll_usb.c **** 
 350:Drivers/STM32F7xx_HAL_Driver/Src/stm32f7xx_ll_usb.c ****     /* Deactivate VBUS Sensing B */
 351:Drivers/STM32F7xx_HAL_Driver/Src/stm32f7xx_ll_usb.c ****     USBx->GCCFG &= ~USB_OTG_GCCFG_VBDEN;
 352:Drivers/STM32F7xx_HAL_Driver/Src/stm32f7xx_ll_usb.c **** 
 353:Drivers/STM32F7xx_HAL_Driver/Src/stm32f7xx_ll_usb.c ****     /* B-peripheral session valid override enable */
 354:Drivers/STM32F7xx_HAL_Driver/Src/stm32f7xx_ll_usb.c ****     USBx->GOTGCTL |= USB_OTG_GOTGCTL_BVALOEN;
 355:Drivers/STM32F7xx_HAL_Driver/Src/stm32f7xx_ll_usb.c ****     USBx->GOTGCTL |= USB_OTG_GOTGCTL_BVALOVAL;
 356:Drivers/STM32F7xx_HAL_Driver/Src/stm32f7xx_ll_usb.c ****   }
 357:Drivers/STM32F7xx_HAL_Driver/Src/stm32f7xx_ll_usb.c ****   else
 358:Drivers/STM32F7xx_HAL_Driver/Src/stm32f7xx_ll_usb.c ****   {
 359:Drivers/STM32F7xx_HAL_Driver/Src/stm32f7xx_ll_usb.c ****     /* Enable HW VBUS sensing */
 360:Drivers/STM32F7xx_HAL_Driver/Src/stm32f7xx_ll_usb.c ****     USBx->GCCFG |= USB_OTG_GCCFG_VBDEN;
 361:Drivers/STM32F7xx_HAL_Driver/Src/stm32f7xx_ll_usb.c ****   }
 362:Drivers/STM32F7xx_HAL_Driver/Src/stm32f7xx_ll_usb.c **** 
 363:Drivers/STM32F7xx_HAL_Driver/Src/stm32f7xx_ll_usb.c ****   /* Restart the Phy Clock */
 364:Drivers/STM32F7xx_HAL_Driver/Src/stm32f7xx_ll_usb.c ****   USBx_PCGCCTL = 0U;
 365:Drivers/STM32F7xx_HAL_Driver/Src/stm32f7xx_ll_usb.c **** 
 366:Drivers/STM32F7xx_HAL_Driver/Src/stm32f7xx_ll_usb.c ****   if (cfg.phy_itface == USB_OTG_ULPI_PHY)
 367:Drivers/STM32F7xx_HAL_Driver/Src/stm32f7xx_ll_usb.c ****   {
 368:Drivers/STM32F7xx_HAL_Driver/Src/stm32f7xx_ll_usb.c ****     if (cfg.speed == USBD_HS_SPEED)
 369:Drivers/STM32F7xx_HAL_Driver/Src/stm32f7xx_ll_usb.c ****     {
 370:Drivers/STM32F7xx_HAL_Driver/Src/stm32f7xx_ll_usb.c ****       /* Set Core speed to High speed mode */
 371:Drivers/STM32F7xx_HAL_Driver/Src/stm32f7xx_ll_usb.c ****       (void)USB_SetDevSpeed(USBx, USB_OTG_SPEED_HIGH);
 372:Drivers/STM32F7xx_HAL_Driver/Src/stm32f7xx_ll_usb.c ****     }
ARM GAS  /tmp/ccyYvSLN.s 			page 8


 373:Drivers/STM32F7xx_HAL_Driver/Src/stm32f7xx_ll_usb.c ****     else
 374:Drivers/STM32F7xx_HAL_Driver/Src/stm32f7xx_ll_usb.c ****     {
 375:Drivers/STM32F7xx_HAL_Driver/Src/stm32f7xx_ll_usb.c ****       /* Set Core speed to Full speed mode */
 376:Drivers/STM32F7xx_HAL_Driver/Src/stm32f7xx_ll_usb.c ****       (void)USB_SetDevSpeed(USBx, USB_OTG_SPEED_HIGH_IN_FULL);
 377:Drivers/STM32F7xx_HAL_Driver/Src/stm32f7xx_ll_usb.c ****     }
 378:Drivers/STM32F7xx_HAL_Driver/Src/stm32f7xx_ll_usb.c ****   }
 379:Drivers/STM32F7xx_HAL_Driver/Src/stm32f7xx_ll_usb.c **** #if defined(STM32F722xx) || defined(STM32F723xx) || defined(STM32F730xx) \
 380:Drivers/STM32F7xx_HAL_Driver/Src/stm32f7xx_ll_usb.c ****  || defined(STM32F732xx) || defined(STM32F733xx)
 381:Drivers/STM32F7xx_HAL_Driver/Src/stm32f7xx_ll_usb.c ****   else if (cfg.phy_itface == USB_OTG_HS_EMBEDDED_PHY)
 382:Drivers/STM32F7xx_HAL_Driver/Src/stm32f7xx_ll_usb.c ****   {
 383:Drivers/STM32F7xx_HAL_Driver/Src/stm32f7xx_ll_usb.c ****     if (cfg.speed == USBD_HS_SPEED)
 384:Drivers/STM32F7xx_HAL_Driver/Src/stm32f7xx_ll_usb.c ****     {
 385:Drivers/STM32F7xx_HAL_Driver/Src/stm32f7xx_ll_usb.c ****       /* Set Core speed to High speed mode */
 386:Drivers/STM32F7xx_HAL_Driver/Src/stm32f7xx_ll_usb.c ****       (void)USB_SetDevSpeed(USBx, USB_OTG_SPEED_HIGH);
 387:Drivers/STM32F7xx_HAL_Driver/Src/stm32f7xx_ll_usb.c ****     }
 388:Drivers/STM32F7xx_HAL_Driver/Src/stm32f7xx_ll_usb.c ****     else
 389:Drivers/STM32F7xx_HAL_Driver/Src/stm32f7xx_ll_usb.c ****     {
 390:Drivers/STM32F7xx_HAL_Driver/Src/stm32f7xx_ll_usb.c ****       /* Set Core speed to Full speed mode */
 391:Drivers/STM32F7xx_HAL_Driver/Src/stm32f7xx_ll_usb.c ****       (void)USB_SetDevSpeed(USBx, USB_OTG_SPEED_HIGH_IN_FULL);
 392:Drivers/STM32F7xx_HAL_Driver/Src/stm32f7xx_ll_usb.c ****     }
 393:Drivers/STM32F7xx_HAL_Driver/Src/stm32f7xx_ll_usb.c ****   }
 394:Drivers/STM32F7xx_HAL_Driver/Src/stm32f7xx_ll_usb.c **** #endif /* defined(STM32F722xx) || defined(STM32F723xx) || defined(STM32F730xx) ||
 395:Drivers/STM32F7xx_HAL_Driver/Src/stm32f7xx_ll_usb.c ****           defined(STM32F732xx) || defined(STM32F733xx) */
 396:Drivers/STM32F7xx_HAL_Driver/Src/stm32f7xx_ll_usb.c ****   else
 397:Drivers/STM32F7xx_HAL_Driver/Src/stm32f7xx_ll_usb.c ****   {
 398:Drivers/STM32F7xx_HAL_Driver/Src/stm32f7xx_ll_usb.c ****     /* Set Core speed to Full speed mode */
 399:Drivers/STM32F7xx_HAL_Driver/Src/stm32f7xx_ll_usb.c ****     (void)USB_SetDevSpeed(USBx, USB_OTG_SPEED_FULL);
 400:Drivers/STM32F7xx_HAL_Driver/Src/stm32f7xx_ll_usb.c ****   }
 401:Drivers/STM32F7xx_HAL_Driver/Src/stm32f7xx_ll_usb.c **** 
 402:Drivers/STM32F7xx_HAL_Driver/Src/stm32f7xx_ll_usb.c ****   /* Flush the FIFOs */
 403:Drivers/STM32F7xx_HAL_Driver/Src/stm32f7xx_ll_usb.c ****   if (USB_FlushTxFifo(USBx, 0x10U) != HAL_OK) /* all Tx FIFOs */
 404:Drivers/STM32F7xx_HAL_Driver/Src/stm32f7xx_ll_usb.c ****   {
 405:Drivers/STM32F7xx_HAL_Driver/Src/stm32f7xx_ll_usb.c ****     ret = HAL_ERROR;
 406:Drivers/STM32F7xx_HAL_Driver/Src/stm32f7xx_ll_usb.c ****   }
 407:Drivers/STM32F7xx_HAL_Driver/Src/stm32f7xx_ll_usb.c **** 
 408:Drivers/STM32F7xx_HAL_Driver/Src/stm32f7xx_ll_usb.c ****   if (USB_FlushRxFifo(USBx) != HAL_OK)
 409:Drivers/STM32F7xx_HAL_Driver/Src/stm32f7xx_ll_usb.c ****   {
 410:Drivers/STM32F7xx_HAL_Driver/Src/stm32f7xx_ll_usb.c ****     ret = HAL_ERROR;
 411:Drivers/STM32F7xx_HAL_Driver/Src/stm32f7xx_ll_usb.c ****   }
 412:Drivers/STM32F7xx_HAL_Driver/Src/stm32f7xx_ll_usb.c **** 
 413:Drivers/STM32F7xx_HAL_Driver/Src/stm32f7xx_ll_usb.c ****   /* Clear all pending Device Interrupts */
 414:Drivers/STM32F7xx_HAL_Driver/Src/stm32f7xx_ll_usb.c ****   USBx_DEVICE->DIEPMSK = 0U;
 415:Drivers/STM32F7xx_HAL_Driver/Src/stm32f7xx_ll_usb.c ****   USBx_DEVICE->DOEPMSK = 0U;
 416:Drivers/STM32F7xx_HAL_Driver/Src/stm32f7xx_ll_usb.c ****   USBx_DEVICE->DAINTMSK = 0U;
 417:Drivers/STM32F7xx_HAL_Driver/Src/stm32f7xx_ll_usb.c **** 
 418:Drivers/STM32F7xx_HAL_Driver/Src/stm32f7xx_ll_usb.c ****   for (i = 0U; i < cfg.dev_endpoints; i++)
 419:Drivers/STM32F7xx_HAL_Driver/Src/stm32f7xx_ll_usb.c ****   {
 420:Drivers/STM32F7xx_HAL_Driver/Src/stm32f7xx_ll_usb.c ****     if ((USBx_INEP(i)->DIEPCTL & USB_OTG_DIEPCTL_EPENA) == USB_OTG_DIEPCTL_EPENA)
 421:Drivers/STM32F7xx_HAL_Driver/Src/stm32f7xx_ll_usb.c ****     {
 422:Drivers/STM32F7xx_HAL_Driver/Src/stm32f7xx_ll_usb.c ****       if (i == 0U)
 423:Drivers/STM32F7xx_HAL_Driver/Src/stm32f7xx_ll_usb.c ****       {
 424:Drivers/STM32F7xx_HAL_Driver/Src/stm32f7xx_ll_usb.c ****         USBx_INEP(i)->DIEPCTL = USB_OTG_DIEPCTL_SNAK;
 425:Drivers/STM32F7xx_HAL_Driver/Src/stm32f7xx_ll_usb.c ****       }
 426:Drivers/STM32F7xx_HAL_Driver/Src/stm32f7xx_ll_usb.c ****       else
 427:Drivers/STM32F7xx_HAL_Driver/Src/stm32f7xx_ll_usb.c ****       {
 428:Drivers/STM32F7xx_HAL_Driver/Src/stm32f7xx_ll_usb.c ****         USBx_INEP(i)->DIEPCTL = USB_OTG_DIEPCTL_EPDIS | USB_OTG_DIEPCTL_SNAK;
 429:Drivers/STM32F7xx_HAL_Driver/Src/stm32f7xx_ll_usb.c ****       }
ARM GAS  /tmp/ccyYvSLN.s 			page 9


 430:Drivers/STM32F7xx_HAL_Driver/Src/stm32f7xx_ll_usb.c ****     }
 431:Drivers/STM32F7xx_HAL_Driver/Src/stm32f7xx_ll_usb.c ****     else
 432:Drivers/STM32F7xx_HAL_Driver/Src/stm32f7xx_ll_usb.c ****     {
 433:Drivers/STM32F7xx_HAL_Driver/Src/stm32f7xx_ll_usb.c ****       USBx_INEP(i)->DIEPCTL = 0U;
 434:Drivers/STM32F7xx_HAL_Driver/Src/stm32f7xx_ll_usb.c ****     }
 435:Drivers/STM32F7xx_HAL_Driver/Src/stm32f7xx_ll_usb.c **** 
 436:Drivers/STM32F7xx_HAL_Driver/Src/stm32f7xx_ll_usb.c ****     USBx_INEP(i)->DIEPTSIZ = 0U;
 437:Drivers/STM32F7xx_HAL_Driver/Src/stm32f7xx_ll_usb.c ****     USBx_INEP(i)->DIEPINT  = 0xFB7FU;
 438:Drivers/STM32F7xx_HAL_Driver/Src/stm32f7xx_ll_usb.c ****   }
 439:Drivers/STM32F7xx_HAL_Driver/Src/stm32f7xx_ll_usb.c **** 
 440:Drivers/STM32F7xx_HAL_Driver/Src/stm32f7xx_ll_usb.c ****   for (i = 0U; i < cfg.dev_endpoints; i++)
 441:Drivers/STM32F7xx_HAL_Driver/Src/stm32f7xx_ll_usb.c ****   {
 442:Drivers/STM32F7xx_HAL_Driver/Src/stm32f7xx_ll_usb.c ****     if ((USBx_OUTEP(i)->DOEPCTL & USB_OTG_DOEPCTL_EPENA) == USB_OTG_DOEPCTL_EPENA)
 443:Drivers/STM32F7xx_HAL_Driver/Src/stm32f7xx_ll_usb.c ****     {
 444:Drivers/STM32F7xx_HAL_Driver/Src/stm32f7xx_ll_usb.c ****       if (i == 0U)
 445:Drivers/STM32F7xx_HAL_Driver/Src/stm32f7xx_ll_usb.c ****       {
 446:Drivers/STM32F7xx_HAL_Driver/Src/stm32f7xx_ll_usb.c ****         USBx_OUTEP(i)->DOEPCTL = USB_OTG_DOEPCTL_SNAK;
 447:Drivers/STM32F7xx_HAL_Driver/Src/stm32f7xx_ll_usb.c ****       }
 448:Drivers/STM32F7xx_HAL_Driver/Src/stm32f7xx_ll_usb.c ****       else
 449:Drivers/STM32F7xx_HAL_Driver/Src/stm32f7xx_ll_usb.c ****       {
 450:Drivers/STM32F7xx_HAL_Driver/Src/stm32f7xx_ll_usb.c ****         USBx_OUTEP(i)->DOEPCTL = USB_OTG_DOEPCTL_EPDIS | USB_OTG_DOEPCTL_SNAK;
 451:Drivers/STM32F7xx_HAL_Driver/Src/stm32f7xx_ll_usb.c ****       }
 452:Drivers/STM32F7xx_HAL_Driver/Src/stm32f7xx_ll_usb.c ****     }
 453:Drivers/STM32F7xx_HAL_Driver/Src/stm32f7xx_ll_usb.c ****     else
 454:Drivers/STM32F7xx_HAL_Driver/Src/stm32f7xx_ll_usb.c ****     {
 455:Drivers/STM32F7xx_HAL_Driver/Src/stm32f7xx_ll_usb.c ****       USBx_OUTEP(i)->DOEPCTL = 0U;
 456:Drivers/STM32F7xx_HAL_Driver/Src/stm32f7xx_ll_usb.c ****     }
 457:Drivers/STM32F7xx_HAL_Driver/Src/stm32f7xx_ll_usb.c **** 
 458:Drivers/STM32F7xx_HAL_Driver/Src/stm32f7xx_ll_usb.c ****     USBx_OUTEP(i)->DOEPTSIZ = 0U;
 459:Drivers/STM32F7xx_HAL_Driver/Src/stm32f7xx_ll_usb.c ****     USBx_OUTEP(i)->DOEPINT  = 0xFB7FU;
 460:Drivers/STM32F7xx_HAL_Driver/Src/stm32f7xx_ll_usb.c ****   }
 461:Drivers/STM32F7xx_HAL_Driver/Src/stm32f7xx_ll_usb.c **** 
 462:Drivers/STM32F7xx_HAL_Driver/Src/stm32f7xx_ll_usb.c ****   USBx_DEVICE->DIEPMSK &= ~(USB_OTG_DIEPMSK_TXFURM);
 463:Drivers/STM32F7xx_HAL_Driver/Src/stm32f7xx_ll_usb.c **** 
 464:Drivers/STM32F7xx_HAL_Driver/Src/stm32f7xx_ll_usb.c ****   /* Disable all interrupts. */
 465:Drivers/STM32F7xx_HAL_Driver/Src/stm32f7xx_ll_usb.c ****   USBx->GINTMSK = 0U;
 466:Drivers/STM32F7xx_HAL_Driver/Src/stm32f7xx_ll_usb.c **** 
 467:Drivers/STM32F7xx_HAL_Driver/Src/stm32f7xx_ll_usb.c ****   /* Clear any pending interrupts */
 468:Drivers/STM32F7xx_HAL_Driver/Src/stm32f7xx_ll_usb.c ****   USBx->GINTSTS = 0xBFFFFFFFU;
 469:Drivers/STM32F7xx_HAL_Driver/Src/stm32f7xx_ll_usb.c **** 
 470:Drivers/STM32F7xx_HAL_Driver/Src/stm32f7xx_ll_usb.c ****   /* Enable the common interrupts */
 471:Drivers/STM32F7xx_HAL_Driver/Src/stm32f7xx_ll_usb.c ****   if (cfg.dma_enable == 0U)
 472:Drivers/STM32F7xx_HAL_Driver/Src/stm32f7xx_ll_usb.c ****   {
 473:Drivers/STM32F7xx_HAL_Driver/Src/stm32f7xx_ll_usb.c ****     USBx->GINTMSK |= USB_OTG_GINTMSK_RXFLVLM;
 474:Drivers/STM32F7xx_HAL_Driver/Src/stm32f7xx_ll_usb.c ****   }
 475:Drivers/STM32F7xx_HAL_Driver/Src/stm32f7xx_ll_usb.c **** 
 476:Drivers/STM32F7xx_HAL_Driver/Src/stm32f7xx_ll_usb.c ****   /* Enable interrupts matching to the Device mode ONLY */
 477:Drivers/STM32F7xx_HAL_Driver/Src/stm32f7xx_ll_usb.c ****   USBx->GINTMSK |= USB_OTG_GINTMSK_USBSUSPM | USB_OTG_GINTMSK_USBRST |
 478:Drivers/STM32F7xx_HAL_Driver/Src/stm32f7xx_ll_usb.c ****                    USB_OTG_GINTMSK_ENUMDNEM | USB_OTG_GINTMSK_IEPINT |
 479:Drivers/STM32F7xx_HAL_Driver/Src/stm32f7xx_ll_usb.c ****                    USB_OTG_GINTMSK_OEPINT   | USB_OTG_GINTMSK_IISOIXFRM |
 480:Drivers/STM32F7xx_HAL_Driver/Src/stm32f7xx_ll_usb.c ****                    USB_OTG_GINTMSK_PXFRM_IISOOXFRM | USB_OTG_GINTMSK_WUIM;
 481:Drivers/STM32F7xx_HAL_Driver/Src/stm32f7xx_ll_usb.c **** 
 482:Drivers/STM32F7xx_HAL_Driver/Src/stm32f7xx_ll_usb.c ****   if (cfg.Sof_enable != 0U)
 483:Drivers/STM32F7xx_HAL_Driver/Src/stm32f7xx_ll_usb.c ****   {
 484:Drivers/STM32F7xx_HAL_Driver/Src/stm32f7xx_ll_usb.c ****     USBx->GINTMSK |= USB_OTG_GINTMSK_SOFM;
 485:Drivers/STM32F7xx_HAL_Driver/Src/stm32f7xx_ll_usb.c ****   }
 486:Drivers/STM32F7xx_HAL_Driver/Src/stm32f7xx_ll_usb.c **** 
ARM GAS  /tmp/ccyYvSLN.s 			page 10


 487:Drivers/STM32F7xx_HAL_Driver/Src/stm32f7xx_ll_usb.c ****   if (cfg.vbus_sensing_enable == 1U)
 488:Drivers/STM32F7xx_HAL_Driver/Src/stm32f7xx_ll_usb.c ****   {
 489:Drivers/STM32F7xx_HAL_Driver/Src/stm32f7xx_ll_usb.c ****     USBx->GINTMSK |= (USB_OTG_GINTMSK_SRQIM | USB_OTG_GINTMSK_OTGINT);
 490:Drivers/STM32F7xx_HAL_Driver/Src/stm32f7xx_ll_usb.c ****   }
 491:Drivers/STM32F7xx_HAL_Driver/Src/stm32f7xx_ll_usb.c **** 
 492:Drivers/STM32F7xx_HAL_Driver/Src/stm32f7xx_ll_usb.c ****   return ret;
 493:Drivers/STM32F7xx_HAL_Driver/Src/stm32f7xx_ll_usb.c **** }
 494:Drivers/STM32F7xx_HAL_Driver/Src/stm32f7xx_ll_usb.c **** 
 495:Drivers/STM32F7xx_HAL_Driver/Src/stm32f7xx_ll_usb.c **** /**
 496:Drivers/STM32F7xx_HAL_Driver/Src/stm32f7xx_ll_usb.c ****   * @brief  USB_FlushTxFifo Flush a Tx FIFO
 497:Drivers/STM32F7xx_HAL_Driver/Src/stm32f7xx_ll_usb.c ****   * @param  USBx  Selected device
 498:Drivers/STM32F7xx_HAL_Driver/Src/stm32f7xx_ll_usb.c ****   * @param  num  FIFO number
 499:Drivers/STM32F7xx_HAL_Driver/Src/stm32f7xx_ll_usb.c ****   *         This parameter can be a value from 1 to 15
 500:Drivers/STM32F7xx_HAL_Driver/Src/stm32f7xx_ll_usb.c ****             15 means Flush all Tx FIFOs
 501:Drivers/STM32F7xx_HAL_Driver/Src/stm32f7xx_ll_usb.c ****   * @retval HAL status
 502:Drivers/STM32F7xx_HAL_Driver/Src/stm32f7xx_ll_usb.c ****   */
 503:Drivers/STM32F7xx_HAL_Driver/Src/stm32f7xx_ll_usb.c **** HAL_StatusTypeDef USB_FlushTxFifo(USB_OTG_GlobalTypeDef *USBx, uint32_t num)
 504:Drivers/STM32F7xx_HAL_Driver/Src/stm32f7xx_ll_usb.c **** {
 505:Drivers/STM32F7xx_HAL_Driver/Src/stm32f7xx_ll_usb.c ****   __IO uint32_t count = 0U;
 506:Drivers/STM32F7xx_HAL_Driver/Src/stm32f7xx_ll_usb.c **** 
 507:Drivers/STM32F7xx_HAL_Driver/Src/stm32f7xx_ll_usb.c ****   /* Wait for AHB master IDLE state. */
 508:Drivers/STM32F7xx_HAL_Driver/Src/stm32f7xx_ll_usb.c ****   do
 509:Drivers/STM32F7xx_HAL_Driver/Src/stm32f7xx_ll_usb.c ****   {
 510:Drivers/STM32F7xx_HAL_Driver/Src/stm32f7xx_ll_usb.c ****     count++;
 511:Drivers/STM32F7xx_HAL_Driver/Src/stm32f7xx_ll_usb.c **** 
 512:Drivers/STM32F7xx_HAL_Driver/Src/stm32f7xx_ll_usb.c ****     if (count > HAL_USB_TIMEOUT)
 513:Drivers/STM32F7xx_HAL_Driver/Src/stm32f7xx_ll_usb.c ****     {
 514:Drivers/STM32F7xx_HAL_Driver/Src/stm32f7xx_ll_usb.c ****       return HAL_TIMEOUT;
 515:Drivers/STM32F7xx_HAL_Driver/Src/stm32f7xx_ll_usb.c ****     }
 516:Drivers/STM32F7xx_HAL_Driver/Src/stm32f7xx_ll_usb.c ****   } while ((USBx->GRSTCTL & USB_OTG_GRSTCTL_AHBIDL) == 0U);
 517:Drivers/STM32F7xx_HAL_Driver/Src/stm32f7xx_ll_usb.c **** 
 518:Drivers/STM32F7xx_HAL_Driver/Src/stm32f7xx_ll_usb.c ****   /* Flush TX Fifo */
 519:Drivers/STM32F7xx_HAL_Driver/Src/stm32f7xx_ll_usb.c ****   count = 0U;
 520:Drivers/STM32F7xx_HAL_Driver/Src/stm32f7xx_ll_usb.c ****   USBx->GRSTCTL = (USB_OTG_GRSTCTL_TXFFLSH | (num << 6));
 521:Drivers/STM32F7xx_HAL_Driver/Src/stm32f7xx_ll_usb.c **** 
 522:Drivers/STM32F7xx_HAL_Driver/Src/stm32f7xx_ll_usb.c ****   do
 523:Drivers/STM32F7xx_HAL_Driver/Src/stm32f7xx_ll_usb.c ****   {
 524:Drivers/STM32F7xx_HAL_Driver/Src/stm32f7xx_ll_usb.c ****     count++;
 525:Drivers/STM32F7xx_HAL_Driver/Src/stm32f7xx_ll_usb.c **** 
 526:Drivers/STM32F7xx_HAL_Driver/Src/stm32f7xx_ll_usb.c ****     if (count > HAL_USB_TIMEOUT)
 527:Drivers/STM32F7xx_HAL_Driver/Src/stm32f7xx_ll_usb.c ****     {
 528:Drivers/STM32F7xx_HAL_Driver/Src/stm32f7xx_ll_usb.c ****       return HAL_TIMEOUT;
 529:Drivers/STM32F7xx_HAL_Driver/Src/stm32f7xx_ll_usb.c ****     }
 530:Drivers/STM32F7xx_HAL_Driver/Src/stm32f7xx_ll_usb.c ****   } while ((USBx->GRSTCTL & USB_OTG_GRSTCTL_TXFFLSH) == USB_OTG_GRSTCTL_TXFFLSH);
 531:Drivers/STM32F7xx_HAL_Driver/Src/stm32f7xx_ll_usb.c **** 
 532:Drivers/STM32F7xx_HAL_Driver/Src/stm32f7xx_ll_usb.c ****   return HAL_OK;
 533:Drivers/STM32F7xx_HAL_Driver/Src/stm32f7xx_ll_usb.c **** }
 534:Drivers/STM32F7xx_HAL_Driver/Src/stm32f7xx_ll_usb.c **** 
 535:Drivers/STM32F7xx_HAL_Driver/Src/stm32f7xx_ll_usb.c **** /**
 536:Drivers/STM32F7xx_HAL_Driver/Src/stm32f7xx_ll_usb.c ****   * @brief  USB_FlushRxFifo  Flush Rx FIFO
 537:Drivers/STM32F7xx_HAL_Driver/Src/stm32f7xx_ll_usb.c ****   * @param  USBx  Selected device
 538:Drivers/STM32F7xx_HAL_Driver/Src/stm32f7xx_ll_usb.c ****   * @retval HAL status
 539:Drivers/STM32F7xx_HAL_Driver/Src/stm32f7xx_ll_usb.c ****   */
 540:Drivers/STM32F7xx_HAL_Driver/Src/stm32f7xx_ll_usb.c **** HAL_StatusTypeDef USB_FlushRxFifo(USB_OTG_GlobalTypeDef *USBx)
 541:Drivers/STM32F7xx_HAL_Driver/Src/stm32f7xx_ll_usb.c **** {
 542:Drivers/STM32F7xx_HAL_Driver/Src/stm32f7xx_ll_usb.c ****   __IO uint32_t count = 0U;
 543:Drivers/STM32F7xx_HAL_Driver/Src/stm32f7xx_ll_usb.c **** 
ARM GAS  /tmp/ccyYvSLN.s 			page 11


 544:Drivers/STM32F7xx_HAL_Driver/Src/stm32f7xx_ll_usb.c ****   /* Wait for AHB master IDLE state. */
 545:Drivers/STM32F7xx_HAL_Driver/Src/stm32f7xx_ll_usb.c ****   do
 546:Drivers/STM32F7xx_HAL_Driver/Src/stm32f7xx_ll_usb.c ****   {
 547:Drivers/STM32F7xx_HAL_Driver/Src/stm32f7xx_ll_usb.c ****     count++;
 548:Drivers/STM32F7xx_HAL_Driver/Src/stm32f7xx_ll_usb.c **** 
 549:Drivers/STM32F7xx_HAL_Driver/Src/stm32f7xx_ll_usb.c ****     if (count > HAL_USB_TIMEOUT)
 550:Drivers/STM32F7xx_HAL_Driver/Src/stm32f7xx_ll_usb.c ****     {
 551:Drivers/STM32F7xx_HAL_Driver/Src/stm32f7xx_ll_usb.c ****       return HAL_TIMEOUT;
 552:Drivers/STM32F7xx_HAL_Driver/Src/stm32f7xx_ll_usb.c ****     }
 553:Drivers/STM32F7xx_HAL_Driver/Src/stm32f7xx_ll_usb.c ****   } while ((USBx->GRSTCTL & USB_OTG_GRSTCTL_AHBIDL) == 0U);
 554:Drivers/STM32F7xx_HAL_Driver/Src/stm32f7xx_ll_usb.c **** 
 555:Drivers/STM32F7xx_HAL_Driver/Src/stm32f7xx_ll_usb.c ****   /* Flush RX Fifo */
 556:Drivers/STM32F7xx_HAL_Driver/Src/stm32f7xx_ll_usb.c ****   count = 0U;
 557:Drivers/STM32F7xx_HAL_Driver/Src/stm32f7xx_ll_usb.c ****   USBx->GRSTCTL = USB_OTG_GRSTCTL_RXFFLSH;
 558:Drivers/STM32F7xx_HAL_Driver/Src/stm32f7xx_ll_usb.c **** 
 559:Drivers/STM32F7xx_HAL_Driver/Src/stm32f7xx_ll_usb.c ****   do
 560:Drivers/STM32F7xx_HAL_Driver/Src/stm32f7xx_ll_usb.c ****   {
 561:Drivers/STM32F7xx_HAL_Driver/Src/stm32f7xx_ll_usb.c ****     count++;
 562:Drivers/STM32F7xx_HAL_Driver/Src/stm32f7xx_ll_usb.c **** 
 563:Drivers/STM32F7xx_HAL_Driver/Src/stm32f7xx_ll_usb.c ****     if (count > HAL_USB_TIMEOUT)
 564:Drivers/STM32F7xx_HAL_Driver/Src/stm32f7xx_ll_usb.c ****     {
 565:Drivers/STM32F7xx_HAL_Driver/Src/stm32f7xx_ll_usb.c ****       return HAL_TIMEOUT;
 566:Drivers/STM32F7xx_HAL_Driver/Src/stm32f7xx_ll_usb.c ****     }
 567:Drivers/STM32F7xx_HAL_Driver/Src/stm32f7xx_ll_usb.c ****   } while ((USBx->GRSTCTL & USB_OTG_GRSTCTL_RXFFLSH) == USB_OTG_GRSTCTL_RXFFLSH);
 568:Drivers/STM32F7xx_HAL_Driver/Src/stm32f7xx_ll_usb.c **** 
 569:Drivers/STM32F7xx_HAL_Driver/Src/stm32f7xx_ll_usb.c ****   return HAL_OK;
 570:Drivers/STM32F7xx_HAL_Driver/Src/stm32f7xx_ll_usb.c **** }
 571:Drivers/STM32F7xx_HAL_Driver/Src/stm32f7xx_ll_usb.c **** 
 572:Drivers/STM32F7xx_HAL_Driver/Src/stm32f7xx_ll_usb.c **** /**
 573:Drivers/STM32F7xx_HAL_Driver/Src/stm32f7xx_ll_usb.c ****   * @brief  USB_SetDevSpeed  Initializes the DevSpd field of DCFG register
 574:Drivers/STM32F7xx_HAL_Driver/Src/stm32f7xx_ll_usb.c ****   *         depending the PHY type and the enumeration speed of the device.
 575:Drivers/STM32F7xx_HAL_Driver/Src/stm32f7xx_ll_usb.c ****   * @param  USBx  Selected device
 576:Drivers/STM32F7xx_HAL_Driver/Src/stm32f7xx_ll_usb.c ****   * @param  speed  device speed
 577:Drivers/STM32F7xx_HAL_Driver/Src/stm32f7xx_ll_usb.c ****   *          This parameter can be one of these values:
 578:Drivers/STM32F7xx_HAL_Driver/Src/stm32f7xx_ll_usb.c ****   *            @arg USB_OTG_SPEED_HIGH: High speed mode
 579:Drivers/STM32F7xx_HAL_Driver/Src/stm32f7xx_ll_usb.c ****   *            @arg USB_OTG_SPEED_HIGH_IN_FULL: High speed core in Full Speed mode
 580:Drivers/STM32F7xx_HAL_Driver/Src/stm32f7xx_ll_usb.c ****   *            @arg USB_OTG_SPEED_FULL: Full speed mode
 581:Drivers/STM32F7xx_HAL_Driver/Src/stm32f7xx_ll_usb.c ****   * @retval  Hal status
 582:Drivers/STM32F7xx_HAL_Driver/Src/stm32f7xx_ll_usb.c ****   */
 583:Drivers/STM32F7xx_HAL_Driver/Src/stm32f7xx_ll_usb.c **** HAL_StatusTypeDef USB_SetDevSpeed(const USB_OTG_GlobalTypeDef *USBx, uint8_t speed)
 584:Drivers/STM32F7xx_HAL_Driver/Src/stm32f7xx_ll_usb.c **** {
 585:Drivers/STM32F7xx_HAL_Driver/Src/stm32f7xx_ll_usb.c ****   uint32_t USBx_BASE = (uint32_t)USBx;
 586:Drivers/STM32F7xx_HAL_Driver/Src/stm32f7xx_ll_usb.c **** 
 587:Drivers/STM32F7xx_HAL_Driver/Src/stm32f7xx_ll_usb.c ****   USBx_DEVICE->DCFG |= speed;
 588:Drivers/STM32F7xx_HAL_Driver/Src/stm32f7xx_ll_usb.c ****   return HAL_OK;
 589:Drivers/STM32F7xx_HAL_Driver/Src/stm32f7xx_ll_usb.c **** }
 590:Drivers/STM32F7xx_HAL_Driver/Src/stm32f7xx_ll_usb.c **** 
 591:Drivers/STM32F7xx_HAL_Driver/Src/stm32f7xx_ll_usb.c **** /**
 592:Drivers/STM32F7xx_HAL_Driver/Src/stm32f7xx_ll_usb.c ****   * @brief  USB_GetDevSpeed  Return the Dev Speed
 593:Drivers/STM32F7xx_HAL_Driver/Src/stm32f7xx_ll_usb.c ****   * @param  USBx  Selected device
 594:Drivers/STM32F7xx_HAL_Driver/Src/stm32f7xx_ll_usb.c ****   * @retval speed  device speed
 595:Drivers/STM32F7xx_HAL_Driver/Src/stm32f7xx_ll_usb.c ****   *          This parameter can be one of these values:
 596:Drivers/STM32F7xx_HAL_Driver/Src/stm32f7xx_ll_usb.c ****   *            @arg USBD_HS_SPEED: High speed mode
 597:Drivers/STM32F7xx_HAL_Driver/Src/stm32f7xx_ll_usb.c ****   *            @arg USBD_FS_SPEED: Full speed mode
 598:Drivers/STM32F7xx_HAL_Driver/Src/stm32f7xx_ll_usb.c ****   */
 599:Drivers/STM32F7xx_HAL_Driver/Src/stm32f7xx_ll_usb.c **** uint8_t USB_GetDevSpeed(const USB_OTG_GlobalTypeDef *USBx)
 600:Drivers/STM32F7xx_HAL_Driver/Src/stm32f7xx_ll_usb.c **** {
ARM GAS  /tmp/ccyYvSLN.s 			page 12


 601:Drivers/STM32F7xx_HAL_Driver/Src/stm32f7xx_ll_usb.c ****   uint32_t USBx_BASE = (uint32_t)USBx;
 602:Drivers/STM32F7xx_HAL_Driver/Src/stm32f7xx_ll_usb.c ****   uint8_t speed;
 603:Drivers/STM32F7xx_HAL_Driver/Src/stm32f7xx_ll_usb.c ****   uint32_t DevEnumSpeed = USBx_DEVICE->DSTS & USB_OTG_DSTS_ENUMSPD;
 604:Drivers/STM32F7xx_HAL_Driver/Src/stm32f7xx_ll_usb.c **** 
 605:Drivers/STM32F7xx_HAL_Driver/Src/stm32f7xx_ll_usb.c ****   if (DevEnumSpeed == DSTS_ENUMSPD_HS_PHY_30MHZ_OR_60MHZ)
 606:Drivers/STM32F7xx_HAL_Driver/Src/stm32f7xx_ll_usb.c ****   {
 607:Drivers/STM32F7xx_HAL_Driver/Src/stm32f7xx_ll_usb.c ****     speed = USBD_HS_SPEED;
 608:Drivers/STM32F7xx_HAL_Driver/Src/stm32f7xx_ll_usb.c ****   }
 609:Drivers/STM32F7xx_HAL_Driver/Src/stm32f7xx_ll_usb.c ****   else if ((DevEnumSpeed == DSTS_ENUMSPD_FS_PHY_30MHZ_OR_60MHZ) ||
 610:Drivers/STM32F7xx_HAL_Driver/Src/stm32f7xx_ll_usb.c ****            (DevEnumSpeed == DSTS_ENUMSPD_FS_PHY_48MHZ))
 611:Drivers/STM32F7xx_HAL_Driver/Src/stm32f7xx_ll_usb.c ****   {
 612:Drivers/STM32F7xx_HAL_Driver/Src/stm32f7xx_ll_usb.c ****     speed = USBD_FS_SPEED;
 613:Drivers/STM32F7xx_HAL_Driver/Src/stm32f7xx_ll_usb.c ****   }
 614:Drivers/STM32F7xx_HAL_Driver/Src/stm32f7xx_ll_usb.c ****   else
 615:Drivers/STM32F7xx_HAL_Driver/Src/stm32f7xx_ll_usb.c ****   {
 616:Drivers/STM32F7xx_HAL_Driver/Src/stm32f7xx_ll_usb.c ****     speed = 0xFU;
 617:Drivers/STM32F7xx_HAL_Driver/Src/stm32f7xx_ll_usb.c ****   }
 618:Drivers/STM32F7xx_HAL_Driver/Src/stm32f7xx_ll_usb.c **** 
 619:Drivers/STM32F7xx_HAL_Driver/Src/stm32f7xx_ll_usb.c ****   return speed;
 620:Drivers/STM32F7xx_HAL_Driver/Src/stm32f7xx_ll_usb.c **** }
 621:Drivers/STM32F7xx_HAL_Driver/Src/stm32f7xx_ll_usb.c **** 
 622:Drivers/STM32F7xx_HAL_Driver/Src/stm32f7xx_ll_usb.c **** /**
 623:Drivers/STM32F7xx_HAL_Driver/Src/stm32f7xx_ll_usb.c ****   * @brief  Activate and configure an endpoint
 624:Drivers/STM32F7xx_HAL_Driver/Src/stm32f7xx_ll_usb.c ****   * @param  USBx  Selected device
 625:Drivers/STM32F7xx_HAL_Driver/Src/stm32f7xx_ll_usb.c ****   * @param  ep pointer to endpoint structure
 626:Drivers/STM32F7xx_HAL_Driver/Src/stm32f7xx_ll_usb.c ****   * @retval HAL status
 627:Drivers/STM32F7xx_HAL_Driver/Src/stm32f7xx_ll_usb.c ****   */
 628:Drivers/STM32F7xx_HAL_Driver/Src/stm32f7xx_ll_usb.c **** HAL_StatusTypeDef USB_ActivateEndpoint(const USB_OTG_GlobalTypeDef *USBx, const USB_OTG_EPTypeDef *
 629:Drivers/STM32F7xx_HAL_Driver/Src/stm32f7xx_ll_usb.c **** {
 630:Drivers/STM32F7xx_HAL_Driver/Src/stm32f7xx_ll_usb.c ****   uint32_t USBx_BASE = (uint32_t)USBx;
 631:Drivers/STM32F7xx_HAL_Driver/Src/stm32f7xx_ll_usb.c ****   uint32_t epnum = (uint32_t)ep->num;
 632:Drivers/STM32F7xx_HAL_Driver/Src/stm32f7xx_ll_usb.c **** 
 633:Drivers/STM32F7xx_HAL_Driver/Src/stm32f7xx_ll_usb.c ****   if (ep->is_in == 1U)
 634:Drivers/STM32F7xx_HAL_Driver/Src/stm32f7xx_ll_usb.c ****   {
 635:Drivers/STM32F7xx_HAL_Driver/Src/stm32f7xx_ll_usb.c ****     USBx_DEVICE->DAINTMSK |= USB_OTG_DAINTMSK_IEPM & (uint32_t)(1UL << (ep->num & EP_ADDR_MSK));
 636:Drivers/STM32F7xx_HAL_Driver/Src/stm32f7xx_ll_usb.c **** 
 637:Drivers/STM32F7xx_HAL_Driver/Src/stm32f7xx_ll_usb.c ****     if ((USBx_INEP(epnum)->DIEPCTL & USB_OTG_DIEPCTL_USBAEP) == 0U)
 638:Drivers/STM32F7xx_HAL_Driver/Src/stm32f7xx_ll_usb.c ****     {
 639:Drivers/STM32F7xx_HAL_Driver/Src/stm32f7xx_ll_usb.c ****       USBx_INEP(epnum)->DIEPCTL |= (ep->maxpacket & USB_OTG_DIEPCTL_MPSIZ) |
 640:Drivers/STM32F7xx_HAL_Driver/Src/stm32f7xx_ll_usb.c ****                                    ((uint32_t)ep->type << 18) | (epnum << 22) |
 641:Drivers/STM32F7xx_HAL_Driver/Src/stm32f7xx_ll_usb.c ****                                    USB_OTG_DIEPCTL_SD0PID_SEVNFRM |
 642:Drivers/STM32F7xx_HAL_Driver/Src/stm32f7xx_ll_usb.c ****                                    USB_OTG_DIEPCTL_USBAEP;
 643:Drivers/STM32F7xx_HAL_Driver/Src/stm32f7xx_ll_usb.c ****     }
 644:Drivers/STM32F7xx_HAL_Driver/Src/stm32f7xx_ll_usb.c ****   }
 645:Drivers/STM32F7xx_HAL_Driver/Src/stm32f7xx_ll_usb.c ****   else
 646:Drivers/STM32F7xx_HAL_Driver/Src/stm32f7xx_ll_usb.c ****   {
 647:Drivers/STM32F7xx_HAL_Driver/Src/stm32f7xx_ll_usb.c ****     USBx_DEVICE->DAINTMSK |= USB_OTG_DAINTMSK_OEPM & ((uint32_t)(1UL << (ep->num & EP_ADDR_MSK)) <<
 648:Drivers/STM32F7xx_HAL_Driver/Src/stm32f7xx_ll_usb.c **** 
 649:Drivers/STM32F7xx_HAL_Driver/Src/stm32f7xx_ll_usb.c ****     if (((USBx_OUTEP(epnum)->DOEPCTL) & USB_OTG_DOEPCTL_USBAEP) == 0U)
 650:Drivers/STM32F7xx_HAL_Driver/Src/stm32f7xx_ll_usb.c ****     {
 651:Drivers/STM32F7xx_HAL_Driver/Src/stm32f7xx_ll_usb.c ****       USBx_OUTEP(epnum)->DOEPCTL |= (ep->maxpacket & USB_OTG_DOEPCTL_MPSIZ) |
 652:Drivers/STM32F7xx_HAL_Driver/Src/stm32f7xx_ll_usb.c ****                                     ((uint32_t)ep->type << 18) |
 653:Drivers/STM32F7xx_HAL_Driver/Src/stm32f7xx_ll_usb.c ****                                     USB_OTG_DIEPCTL_SD0PID_SEVNFRM |
 654:Drivers/STM32F7xx_HAL_Driver/Src/stm32f7xx_ll_usb.c ****                                     USB_OTG_DOEPCTL_USBAEP;
 655:Drivers/STM32F7xx_HAL_Driver/Src/stm32f7xx_ll_usb.c ****     }
 656:Drivers/STM32F7xx_HAL_Driver/Src/stm32f7xx_ll_usb.c ****   }
 657:Drivers/STM32F7xx_HAL_Driver/Src/stm32f7xx_ll_usb.c ****   return HAL_OK;
ARM GAS  /tmp/ccyYvSLN.s 			page 13


 658:Drivers/STM32F7xx_HAL_Driver/Src/stm32f7xx_ll_usb.c **** }
 659:Drivers/STM32F7xx_HAL_Driver/Src/stm32f7xx_ll_usb.c **** 
 660:Drivers/STM32F7xx_HAL_Driver/Src/stm32f7xx_ll_usb.c **** /**
 661:Drivers/STM32F7xx_HAL_Driver/Src/stm32f7xx_ll_usb.c ****   * @brief  Activate and configure a dedicated endpoint
 662:Drivers/STM32F7xx_HAL_Driver/Src/stm32f7xx_ll_usb.c ****   * @param  USBx  Selected device
 663:Drivers/STM32F7xx_HAL_Driver/Src/stm32f7xx_ll_usb.c ****   * @param  ep pointer to endpoint structure
 664:Drivers/STM32F7xx_HAL_Driver/Src/stm32f7xx_ll_usb.c ****   * @retval HAL status
 665:Drivers/STM32F7xx_HAL_Driver/Src/stm32f7xx_ll_usb.c ****   */
 666:Drivers/STM32F7xx_HAL_Driver/Src/stm32f7xx_ll_usb.c **** HAL_StatusTypeDef USB_ActivateDedicatedEndpoint(const USB_OTG_GlobalTypeDef *USBx, const USB_OTG_EP
 667:Drivers/STM32F7xx_HAL_Driver/Src/stm32f7xx_ll_usb.c **** {
 668:Drivers/STM32F7xx_HAL_Driver/Src/stm32f7xx_ll_usb.c ****   uint32_t USBx_BASE = (uint32_t)USBx;
 669:Drivers/STM32F7xx_HAL_Driver/Src/stm32f7xx_ll_usb.c ****   uint32_t epnum = (uint32_t)ep->num;
 670:Drivers/STM32F7xx_HAL_Driver/Src/stm32f7xx_ll_usb.c **** 
 671:Drivers/STM32F7xx_HAL_Driver/Src/stm32f7xx_ll_usb.c ****   /* Read DEPCTLn register */
 672:Drivers/STM32F7xx_HAL_Driver/Src/stm32f7xx_ll_usb.c ****   if (ep->is_in == 1U)
 673:Drivers/STM32F7xx_HAL_Driver/Src/stm32f7xx_ll_usb.c ****   {
 674:Drivers/STM32F7xx_HAL_Driver/Src/stm32f7xx_ll_usb.c ****     if (((USBx_INEP(epnum)->DIEPCTL) & USB_OTG_DIEPCTL_USBAEP) == 0U)
 675:Drivers/STM32F7xx_HAL_Driver/Src/stm32f7xx_ll_usb.c ****     {
 676:Drivers/STM32F7xx_HAL_Driver/Src/stm32f7xx_ll_usb.c ****       USBx_INEP(epnum)->DIEPCTL |= (ep->maxpacket & USB_OTG_DIEPCTL_MPSIZ) |
 677:Drivers/STM32F7xx_HAL_Driver/Src/stm32f7xx_ll_usb.c ****                                    ((uint32_t)ep->type << 18) | (epnum << 22) |
 678:Drivers/STM32F7xx_HAL_Driver/Src/stm32f7xx_ll_usb.c ****                                    USB_OTG_DIEPCTL_SD0PID_SEVNFRM |
 679:Drivers/STM32F7xx_HAL_Driver/Src/stm32f7xx_ll_usb.c ****                                    USB_OTG_DIEPCTL_USBAEP;
 680:Drivers/STM32F7xx_HAL_Driver/Src/stm32f7xx_ll_usb.c ****     }
 681:Drivers/STM32F7xx_HAL_Driver/Src/stm32f7xx_ll_usb.c **** 
 682:Drivers/STM32F7xx_HAL_Driver/Src/stm32f7xx_ll_usb.c ****     USBx_DEVICE->DEACHMSK |= USB_OTG_DAINTMSK_IEPM & (uint32_t)(1UL << (ep->num & EP_ADDR_MSK));
 683:Drivers/STM32F7xx_HAL_Driver/Src/stm32f7xx_ll_usb.c ****   }
 684:Drivers/STM32F7xx_HAL_Driver/Src/stm32f7xx_ll_usb.c ****   else
 685:Drivers/STM32F7xx_HAL_Driver/Src/stm32f7xx_ll_usb.c ****   {
 686:Drivers/STM32F7xx_HAL_Driver/Src/stm32f7xx_ll_usb.c ****     if (((USBx_OUTEP(epnum)->DOEPCTL) & USB_OTG_DOEPCTL_USBAEP) == 0U)
 687:Drivers/STM32F7xx_HAL_Driver/Src/stm32f7xx_ll_usb.c ****     {
 688:Drivers/STM32F7xx_HAL_Driver/Src/stm32f7xx_ll_usb.c ****       USBx_OUTEP(epnum)->DOEPCTL |= (ep->maxpacket & USB_OTG_DOEPCTL_MPSIZ) |
 689:Drivers/STM32F7xx_HAL_Driver/Src/stm32f7xx_ll_usb.c ****                                     ((uint32_t)ep->type << 18) | (epnum << 22) |
 690:Drivers/STM32F7xx_HAL_Driver/Src/stm32f7xx_ll_usb.c ****                                     USB_OTG_DOEPCTL_USBAEP;
 691:Drivers/STM32F7xx_HAL_Driver/Src/stm32f7xx_ll_usb.c ****     }
 692:Drivers/STM32F7xx_HAL_Driver/Src/stm32f7xx_ll_usb.c **** 
 693:Drivers/STM32F7xx_HAL_Driver/Src/stm32f7xx_ll_usb.c ****     USBx_DEVICE->DEACHMSK |= USB_OTG_DAINTMSK_OEPM & ((uint32_t)(1UL << (ep->num & EP_ADDR_MSK)) <<
 694:Drivers/STM32F7xx_HAL_Driver/Src/stm32f7xx_ll_usb.c ****   }
 695:Drivers/STM32F7xx_HAL_Driver/Src/stm32f7xx_ll_usb.c **** 
 696:Drivers/STM32F7xx_HAL_Driver/Src/stm32f7xx_ll_usb.c ****   return HAL_OK;
 697:Drivers/STM32F7xx_HAL_Driver/Src/stm32f7xx_ll_usb.c **** }
 698:Drivers/STM32F7xx_HAL_Driver/Src/stm32f7xx_ll_usb.c **** 
 699:Drivers/STM32F7xx_HAL_Driver/Src/stm32f7xx_ll_usb.c **** /**
 700:Drivers/STM32F7xx_HAL_Driver/Src/stm32f7xx_ll_usb.c ****   * @brief  De-activate and de-initialize an endpoint
 701:Drivers/STM32F7xx_HAL_Driver/Src/stm32f7xx_ll_usb.c ****   * @param  USBx  Selected device
 702:Drivers/STM32F7xx_HAL_Driver/Src/stm32f7xx_ll_usb.c ****   * @param  ep pointer to endpoint structure
 703:Drivers/STM32F7xx_HAL_Driver/Src/stm32f7xx_ll_usb.c ****   * @retval HAL status
 704:Drivers/STM32F7xx_HAL_Driver/Src/stm32f7xx_ll_usb.c ****   */
 705:Drivers/STM32F7xx_HAL_Driver/Src/stm32f7xx_ll_usb.c **** HAL_StatusTypeDef USB_DeactivateEndpoint(const USB_OTG_GlobalTypeDef *USBx, const USB_OTG_EPTypeDef
 706:Drivers/STM32F7xx_HAL_Driver/Src/stm32f7xx_ll_usb.c **** {
 707:Drivers/STM32F7xx_HAL_Driver/Src/stm32f7xx_ll_usb.c ****   uint32_t USBx_BASE = (uint32_t)USBx;
 708:Drivers/STM32F7xx_HAL_Driver/Src/stm32f7xx_ll_usb.c ****   uint32_t epnum = (uint32_t)ep->num;
 709:Drivers/STM32F7xx_HAL_Driver/Src/stm32f7xx_ll_usb.c **** 
 710:Drivers/STM32F7xx_HAL_Driver/Src/stm32f7xx_ll_usb.c ****   /* Read DEPCTLn register */
 711:Drivers/STM32F7xx_HAL_Driver/Src/stm32f7xx_ll_usb.c ****   if (ep->is_in == 1U)
 712:Drivers/STM32F7xx_HAL_Driver/Src/stm32f7xx_ll_usb.c ****   {
 713:Drivers/STM32F7xx_HAL_Driver/Src/stm32f7xx_ll_usb.c ****     if ((USBx_INEP(epnum)->DIEPCTL & USB_OTG_DIEPCTL_EPENA) == USB_OTG_DIEPCTL_EPENA)
 714:Drivers/STM32F7xx_HAL_Driver/Src/stm32f7xx_ll_usb.c ****     {
ARM GAS  /tmp/ccyYvSLN.s 			page 14


 715:Drivers/STM32F7xx_HAL_Driver/Src/stm32f7xx_ll_usb.c ****       USBx_INEP(epnum)->DIEPCTL |= USB_OTG_DIEPCTL_SNAK;
 716:Drivers/STM32F7xx_HAL_Driver/Src/stm32f7xx_ll_usb.c ****       USBx_INEP(epnum)->DIEPCTL |= USB_OTG_DIEPCTL_EPDIS;
 717:Drivers/STM32F7xx_HAL_Driver/Src/stm32f7xx_ll_usb.c ****     }
 718:Drivers/STM32F7xx_HAL_Driver/Src/stm32f7xx_ll_usb.c **** 
 719:Drivers/STM32F7xx_HAL_Driver/Src/stm32f7xx_ll_usb.c ****     USBx_DEVICE->DEACHMSK &= ~(USB_OTG_DAINTMSK_IEPM & (uint32_t)(1UL << (ep->num & EP_ADDR_MSK)));
 720:Drivers/STM32F7xx_HAL_Driver/Src/stm32f7xx_ll_usb.c ****     USBx_DEVICE->DAINTMSK &= ~(USB_OTG_DAINTMSK_IEPM & (uint32_t)(1UL << (ep->num & EP_ADDR_MSK)));
 721:Drivers/STM32F7xx_HAL_Driver/Src/stm32f7xx_ll_usb.c ****     USBx_INEP(epnum)->DIEPCTL &= ~(USB_OTG_DIEPCTL_USBAEP |
 722:Drivers/STM32F7xx_HAL_Driver/Src/stm32f7xx_ll_usb.c ****                                    USB_OTG_DIEPCTL_MPSIZ |
 723:Drivers/STM32F7xx_HAL_Driver/Src/stm32f7xx_ll_usb.c ****                                    USB_OTG_DIEPCTL_TXFNUM |
 724:Drivers/STM32F7xx_HAL_Driver/Src/stm32f7xx_ll_usb.c ****                                    USB_OTG_DIEPCTL_SD0PID_SEVNFRM |
 725:Drivers/STM32F7xx_HAL_Driver/Src/stm32f7xx_ll_usb.c ****                                    USB_OTG_DIEPCTL_EPTYP);
 726:Drivers/STM32F7xx_HAL_Driver/Src/stm32f7xx_ll_usb.c ****   }
 727:Drivers/STM32F7xx_HAL_Driver/Src/stm32f7xx_ll_usb.c ****   else
 728:Drivers/STM32F7xx_HAL_Driver/Src/stm32f7xx_ll_usb.c ****   {
 729:Drivers/STM32F7xx_HAL_Driver/Src/stm32f7xx_ll_usb.c ****     if ((USBx_OUTEP(epnum)->DOEPCTL & USB_OTG_DOEPCTL_EPENA) == USB_OTG_DOEPCTL_EPENA)
 730:Drivers/STM32F7xx_HAL_Driver/Src/stm32f7xx_ll_usb.c ****     {
 731:Drivers/STM32F7xx_HAL_Driver/Src/stm32f7xx_ll_usb.c ****       USBx_OUTEP(epnum)->DOEPCTL |= USB_OTG_DOEPCTL_SNAK;
 732:Drivers/STM32F7xx_HAL_Driver/Src/stm32f7xx_ll_usb.c ****       USBx_OUTEP(epnum)->DOEPCTL |= USB_OTG_DOEPCTL_EPDIS;
 733:Drivers/STM32F7xx_HAL_Driver/Src/stm32f7xx_ll_usb.c ****     }
 734:Drivers/STM32F7xx_HAL_Driver/Src/stm32f7xx_ll_usb.c **** 
 735:Drivers/STM32F7xx_HAL_Driver/Src/stm32f7xx_ll_usb.c ****     USBx_DEVICE->DEACHMSK &= ~(USB_OTG_DAINTMSK_OEPM & ((uint32_t)(1UL << (ep->num & EP_ADDR_MSK)) 
 736:Drivers/STM32F7xx_HAL_Driver/Src/stm32f7xx_ll_usb.c ****     USBx_DEVICE->DAINTMSK &= ~(USB_OTG_DAINTMSK_OEPM & ((uint32_t)(1UL << (ep->num & EP_ADDR_MSK)) 
 737:Drivers/STM32F7xx_HAL_Driver/Src/stm32f7xx_ll_usb.c ****     USBx_OUTEP(epnum)->DOEPCTL &= ~(USB_OTG_DOEPCTL_USBAEP |
 738:Drivers/STM32F7xx_HAL_Driver/Src/stm32f7xx_ll_usb.c ****                                     USB_OTG_DOEPCTL_MPSIZ |
 739:Drivers/STM32F7xx_HAL_Driver/Src/stm32f7xx_ll_usb.c ****                                     USB_OTG_DOEPCTL_SD0PID_SEVNFRM |
 740:Drivers/STM32F7xx_HAL_Driver/Src/stm32f7xx_ll_usb.c ****                                     USB_OTG_DOEPCTL_EPTYP);
 741:Drivers/STM32F7xx_HAL_Driver/Src/stm32f7xx_ll_usb.c ****   }
 742:Drivers/STM32F7xx_HAL_Driver/Src/stm32f7xx_ll_usb.c **** 
 743:Drivers/STM32F7xx_HAL_Driver/Src/stm32f7xx_ll_usb.c ****   return HAL_OK;
 744:Drivers/STM32F7xx_HAL_Driver/Src/stm32f7xx_ll_usb.c **** }
 745:Drivers/STM32F7xx_HAL_Driver/Src/stm32f7xx_ll_usb.c **** 
 746:Drivers/STM32F7xx_HAL_Driver/Src/stm32f7xx_ll_usb.c **** /**
 747:Drivers/STM32F7xx_HAL_Driver/Src/stm32f7xx_ll_usb.c ****   * @brief  De-activate and de-initialize a dedicated endpoint
 748:Drivers/STM32F7xx_HAL_Driver/Src/stm32f7xx_ll_usb.c ****   * @param  USBx  Selected device
 749:Drivers/STM32F7xx_HAL_Driver/Src/stm32f7xx_ll_usb.c ****   * @param  ep pointer to endpoint structure
 750:Drivers/STM32F7xx_HAL_Driver/Src/stm32f7xx_ll_usb.c ****   * @retval HAL status
 751:Drivers/STM32F7xx_HAL_Driver/Src/stm32f7xx_ll_usb.c ****   */
 752:Drivers/STM32F7xx_HAL_Driver/Src/stm32f7xx_ll_usb.c **** HAL_StatusTypeDef USB_DeactivateDedicatedEndpoint(const USB_OTG_GlobalTypeDef *USBx, const USB_OTG_
 753:Drivers/STM32F7xx_HAL_Driver/Src/stm32f7xx_ll_usb.c **** {
 754:Drivers/STM32F7xx_HAL_Driver/Src/stm32f7xx_ll_usb.c ****   uint32_t USBx_BASE = (uint32_t)USBx;
 755:Drivers/STM32F7xx_HAL_Driver/Src/stm32f7xx_ll_usb.c ****   uint32_t epnum = (uint32_t)ep->num;
 756:Drivers/STM32F7xx_HAL_Driver/Src/stm32f7xx_ll_usb.c **** 
 757:Drivers/STM32F7xx_HAL_Driver/Src/stm32f7xx_ll_usb.c ****   /* Read DEPCTLn register */
 758:Drivers/STM32F7xx_HAL_Driver/Src/stm32f7xx_ll_usb.c ****   if (ep->is_in == 1U)
 759:Drivers/STM32F7xx_HAL_Driver/Src/stm32f7xx_ll_usb.c ****   {
 760:Drivers/STM32F7xx_HAL_Driver/Src/stm32f7xx_ll_usb.c ****     if ((USBx_INEP(epnum)->DIEPCTL & USB_OTG_DIEPCTL_EPENA) == USB_OTG_DIEPCTL_EPENA)
 761:Drivers/STM32F7xx_HAL_Driver/Src/stm32f7xx_ll_usb.c ****     {
 762:Drivers/STM32F7xx_HAL_Driver/Src/stm32f7xx_ll_usb.c ****       USBx_INEP(epnum)->DIEPCTL  |= USB_OTG_DIEPCTL_SNAK;
 763:Drivers/STM32F7xx_HAL_Driver/Src/stm32f7xx_ll_usb.c ****       USBx_INEP(epnum)->DIEPCTL  |= USB_OTG_DIEPCTL_EPDIS;
 764:Drivers/STM32F7xx_HAL_Driver/Src/stm32f7xx_ll_usb.c ****     }
 765:Drivers/STM32F7xx_HAL_Driver/Src/stm32f7xx_ll_usb.c **** 
 766:Drivers/STM32F7xx_HAL_Driver/Src/stm32f7xx_ll_usb.c ****     USBx_INEP(epnum)->DIEPCTL &= ~ USB_OTG_DIEPCTL_USBAEP;
 767:Drivers/STM32F7xx_HAL_Driver/Src/stm32f7xx_ll_usb.c ****     USBx_DEVICE->DAINTMSK &= ~(USB_OTG_DAINTMSK_IEPM & (uint32_t)(1UL << (ep->num & EP_ADDR_MSK)));
 768:Drivers/STM32F7xx_HAL_Driver/Src/stm32f7xx_ll_usb.c ****   }
 769:Drivers/STM32F7xx_HAL_Driver/Src/stm32f7xx_ll_usb.c ****   else
 770:Drivers/STM32F7xx_HAL_Driver/Src/stm32f7xx_ll_usb.c ****   {
 771:Drivers/STM32F7xx_HAL_Driver/Src/stm32f7xx_ll_usb.c ****     if ((USBx_OUTEP(epnum)->DOEPCTL & USB_OTG_DOEPCTL_EPENA) == USB_OTG_DOEPCTL_EPENA)
ARM GAS  /tmp/ccyYvSLN.s 			page 15


 772:Drivers/STM32F7xx_HAL_Driver/Src/stm32f7xx_ll_usb.c ****     {
 773:Drivers/STM32F7xx_HAL_Driver/Src/stm32f7xx_ll_usb.c ****       USBx_OUTEP(epnum)->DOEPCTL  |= USB_OTG_DOEPCTL_SNAK;
 774:Drivers/STM32F7xx_HAL_Driver/Src/stm32f7xx_ll_usb.c ****       USBx_OUTEP(epnum)->DOEPCTL  |= USB_OTG_DOEPCTL_EPDIS;
 775:Drivers/STM32F7xx_HAL_Driver/Src/stm32f7xx_ll_usb.c ****     }
 776:Drivers/STM32F7xx_HAL_Driver/Src/stm32f7xx_ll_usb.c **** 
 777:Drivers/STM32F7xx_HAL_Driver/Src/stm32f7xx_ll_usb.c ****     USBx_OUTEP(epnum)->DOEPCTL &= ~USB_OTG_DOEPCTL_USBAEP;
 778:Drivers/STM32F7xx_HAL_Driver/Src/stm32f7xx_ll_usb.c ****     USBx_DEVICE->DAINTMSK &= ~(USB_OTG_DAINTMSK_OEPM & ((uint32_t)(1UL << (ep->num & EP_ADDR_MSK)) 
 779:Drivers/STM32F7xx_HAL_Driver/Src/stm32f7xx_ll_usb.c ****   }
 780:Drivers/STM32F7xx_HAL_Driver/Src/stm32f7xx_ll_usb.c **** 
 781:Drivers/STM32F7xx_HAL_Driver/Src/stm32f7xx_ll_usb.c ****   return HAL_OK;
 782:Drivers/STM32F7xx_HAL_Driver/Src/stm32f7xx_ll_usb.c **** }
 783:Drivers/STM32F7xx_HAL_Driver/Src/stm32f7xx_ll_usb.c **** 
 784:Drivers/STM32F7xx_HAL_Driver/Src/stm32f7xx_ll_usb.c **** /**
 785:Drivers/STM32F7xx_HAL_Driver/Src/stm32f7xx_ll_usb.c ****   * @brief  USB_EPStartXfer : setup and starts a transfer over an EP
 786:Drivers/STM32F7xx_HAL_Driver/Src/stm32f7xx_ll_usb.c ****   * @param  USBx  Selected device
 787:Drivers/STM32F7xx_HAL_Driver/Src/stm32f7xx_ll_usb.c ****   * @param  ep pointer to endpoint structure
 788:Drivers/STM32F7xx_HAL_Driver/Src/stm32f7xx_ll_usb.c ****   * @param  dma USB dma enabled or disabled
 789:Drivers/STM32F7xx_HAL_Driver/Src/stm32f7xx_ll_usb.c ****   *          This parameter can be one of these values:
 790:Drivers/STM32F7xx_HAL_Driver/Src/stm32f7xx_ll_usb.c ****   *           0 : DMA feature not used
 791:Drivers/STM32F7xx_HAL_Driver/Src/stm32f7xx_ll_usb.c ****   *           1 : DMA feature used
 792:Drivers/STM32F7xx_HAL_Driver/Src/stm32f7xx_ll_usb.c ****   * @retval HAL status
 793:Drivers/STM32F7xx_HAL_Driver/Src/stm32f7xx_ll_usb.c ****   */
 794:Drivers/STM32F7xx_HAL_Driver/Src/stm32f7xx_ll_usb.c **** HAL_StatusTypeDef USB_EPStartXfer(USB_OTG_GlobalTypeDef *USBx, USB_OTG_EPTypeDef *ep, uint8_t dma)
 795:Drivers/STM32F7xx_HAL_Driver/Src/stm32f7xx_ll_usb.c **** {
 796:Drivers/STM32F7xx_HAL_Driver/Src/stm32f7xx_ll_usb.c ****   uint32_t USBx_BASE = (uint32_t)USBx;
 797:Drivers/STM32F7xx_HAL_Driver/Src/stm32f7xx_ll_usb.c ****   uint32_t epnum = (uint32_t)ep->num;
 798:Drivers/STM32F7xx_HAL_Driver/Src/stm32f7xx_ll_usb.c ****   uint16_t pktcnt;
 799:Drivers/STM32F7xx_HAL_Driver/Src/stm32f7xx_ll_usb.c **** 
 800:Drivers/STM32F7xx_HAL_Driver/Src/stm32f7xx_ll_usb.c ****   /* IN endpoint */
 801:Drivers/STM32F7xx_HAL_Driver/Src/stm32f7xx_ll_usb.c ****   if (ep->is_in == 1U)
 802:Drivers/STM32F7xx_HAL_Driver/Src/stm32f7xx_ll_usb.c ****   {
 803:Drivers/STM32F7xx_HAL_Driver/Src/stm32f7xx_ll_usb.c ****     /* Zero Length Packet? */
 804:Drivers/STM32F7xx_HAL_Driver/Src/stm32f7xx_ll_usb.c ****     if (ep->xfer_len == 0U)
 805:Drivers/STM32F7xx_HAL_Driver/Src/stm32f7xx_ll_usb.c ****     {
 806:Drivers/STM32F7xx_HAL_Driver/Src/stm32f7xx_ll_usb.c ****       USBx_INEP(epnum)->DIEPTSIZ &= ~(USB_OTG_DIEPTSIZ_PKTCNT);
 807:Drivers/STM32F7xx_HAL_Driver/Src/stm32f7xx_ll_usb.c ****       USBx_INEP(epnum)->DIEPTSIZ |= (USB_OTG_DIEPTSIZ_PKTCNT & (1U << 19));
 808:Drivers/STM32F7xx_HAL_Driver/Src/stm32f7xx_ll_usb.c ****       USBx_INEP(epnum)->DIEPTSIZ &= ~(USB_OTG_DIEPTSIZ_XFRSIZ);
 809:Drivers/STM32F7xx_HAL_Driver/Src/stm32f7xx_ll_usb.c ****     }
 810:Drivers/STM32F7xx_HAL_Driver/Src/stm32f7xx_ll_usb.c ****     else
 811:Drivers/STM32F7xx_HAL_Driver/Src/stm32f7xx_ll_usb.c ****     {
 812:Drivers/STM32F7xx_HAL_Driver/Src/stm32f7xx_ll_usb.c ****       /* Program the transfer size and packet count
 813:Drivers/STM32F7xx_HAL_Driver/Src/stm32f7xx_ll_usb.c ****       * as follows: xfersize = N * maxpacket +
 814:Drivers/STM32F7xx_HAL_Driver/Src/stm32f7xx_ll_usb.c ****       * short_packet pktcnt = N + (short_packet
 815:Drivers/STM32F7xx_HAL_Driver/Src/stm32f7xx_ll_usb.c ****       * exist ? 1 : 0)
 816:Drivers/STM32F7xx_HAL_Driver/Src/stm32f7xx_ll_usb.c ****       */
 817:Drivers/STM32F7xx_HAL_Driver/Src/stm32f7xx_ll_usb.c ****       USBx_INEP(epnum)->DIEPTSIZ &= ~(USB_OTG_DIEPTSIZ_XFRSIZ);
 818:Drivers/STM32F7xx_HAL_Driver/Src/stm32f7xx_ll_usb.c ****       USBx_INEP(epnum)->DIEPTSIZ &= ~(USB_OTG_DIEPTSIZ_PKTCNT);
 819:Drivers/STM32F7xx_HAL_Driver/Src/stm32f7xx_ll_usb.c **** 
 820:Drivers/STM32F7xx_HAL_Driver/Src/stm32f7xx_ll_usb.c ****       if (epnum == 0U)
 821:Drivers/STM32F7xx_HAL_Driver/Src/stm32f7xx_ll_usb.c ****       {
 822:Drivers/STM32F7xx_HAL_Driver/Src/stm32f7xx_ll_usb.c ****         if (ep->xfer_len > ep->maxpacket)
 823:Drivers/STM32F7xx_HAL_Driver/Src/stm32f7xx_ll_usb.c ****         {
 824:Drivers/STM32F7xx_HAL_Driver/Src/stm32f7xx_ll_usb.c ****           ep->xfer_len = ep->maxpacket;
 825:Drivers/STM32F7xx_HAL_Driver/Src/stm32f7xx_ll_usb.c ****         }
 826:Drivers/STM32F7xx_HAL_Driver/Src/stm32f7xx_ll_usb.c **** 
 827:Drivers/STM32F7xx_HAL_Driver/Src/stm32f7xx_ll_usb.c ****         USBx_INEP(epnum)->DIEPTSIZ |= (USB_OTG_DIEPTSIZ_PKTCNT & (1U << 19));
 828:Drivers/STM32F7xx_HAL_Driver/Src/stm32f7xx_ll_usb.c ****       }
ARM GAS  /tmp/ccyYvSLN.s 			page 16


 829:Drivers/STM32F7xx_HAL_Driver/Src/stm32f7xx_ll_usb.c ****       else
 830:Drivers/STM32F7xx_HAL_Driver/Src/stm32f7xx_ll_usb.c ****       {
 831:Drivers/STM32F7xx_HAL_Driver/Src/stm32f7xx_ll_usb.c ****         pktcnt = (uint16_t)((ep->xfer_len + ep->maxpacket - 1U) / ep->maxpacket);
 832:Drivers/STM32F7xx_HAL_Driver/Src/stm32f7xx_ll_usb.c ****         USBx_INEP(epnum)->DIEPTSIZ |= (USB_OTG_DIEPTSIZ_PKTCNT & ((uint32_t)pktcnt << 19));
 833:Drivers/STM32F7xx_HAL_Driver/Src/stm32f7xx_ll_usb.c **** 
 834:Drivers/STM32F7xx_HAL_Driver/Src/stm32f7xx_ll_usb.c ****         if (ep->type == EP_TYPE_ISOC)
 835:Drivers/STM32F7xx_HAL_Driver/Src/stm32f7xx_ll_usb.c ****         {
 836:Drivers/STM32F7xx_HAL_Driver/Src/stm32f7xx_ll_usb.c ****           USBx_INEP(epnum)->DIEPTSIZ &= ~(USB_OTG_DIEPTSIZ_MULCNT);
 837:Drivers/STM32F7xx_HAL_Driver/Src/stm32f7xx_ll_usb.c ****           USBx_INEP(epnum)->DIEPTSIZ |= (USB_OTG_DIEPTSIZ_MULCNT & ((uint32_t)pktcnt << 29));
 838:Drivers/STM32F7xx_HAL_Driver/Src/stm32f7xx_ll_usb.c ****         }
 839:Drivers/STM32F7xx_HAL_Driver/Src/stm32f7xx_ll_usb.c ****       }
 840:Drivers/STM32F7xx_HAL_Driver/Src/stm32f7xx_ll_usb.c **** 
 841:Drivers/STM32F7xx_HAL_Driver/Src/stm32f7xx_ll_usb.c ****       USBx_INEP(epnum)->DIEPTSIZ |= (USB_OTG_DIEPTSIZ_XFRSIZ & ep->xfer_len);
 842:Drivers/STM32F7xx_HAL_Driver/Src/stm32f7xx_ll_usb.c ****     }
 843:Drivers/STM32F7xx_HAL_Driver/Src/stm32f7xx_ll_usb.c **** 
 844:Drivers/STM32F7xx_HAL_Driver/Src/stm32f7xx_ll_usb.c ****     if (dma == 1U)
 845:Drivers/STM32F7xx_HAL_Driver/Src/stm32f7xx_ll_usb.c ****     {
 846:Drivers/STM32F7xx_HAL_Driver/Src/stm32f7xx_ll_usb.c ****       if ((uint32_t)ep->dma_addr != 0U)
 847:Drivers/STM32F7xx_HAL_Driver/Src/stm32f7xx_ll_usb.c ****       {
 848:Drivers/STM32F7xx_HAL_Driver/Src/stm32f7xx_ll_usb.c ****         USBx_INEP(epnum)->DIEPDMA = (uint32_t)(ep->dma_addr);
 849:Drivers/STM32F7xx_HAL_Driver/Src/stm32f7xx_ll_usb.c ****       }
 850:Drivers/STM32F7xx_HAL_Driver/Src/stm32f7xx_ll_usb.c **** 
 851:Drivers/STM32F7xx_HAL_Driver/Src/stm32f7xx_ll_usb.c ****       if (ep->type == EP_TYPE_ISOC)
 852:Drivers/STM32F7xx_HAL_Driver/Src/stm32f7xx_ll_usb.c ****       {
 853:Drivers/STM32F7xx_HAL_Driver/Src/stm32f7xx_ll_usb.c ****         if ((USBx_DEVICE->DSTS & (1U << 8)) == 0U)
 854:Drivers/STM32F7xx_HAL_Driver/Src/stm32f7xx_ll_usb.c ****         {
 855:Drivers/STM32F7xx_HAL_Driver/Src/stm32f7xx_ll_usb.c ****           USBx_INEP(epnum)->DIEPCTL |= USB_OTG_DIEPCTL_SODDFRM;
 856:Drivers/STM32F7xx_HAL_Driver/Src/stm32f7xx_ll_usb.c ****         }
 857:Drivers/STM32F7xx_HAL_Driver/Src/stm32f7xx_ll_usb.c ****         else
 858:Drivers/STM32F7xx_HAL_Driver/Src/stm32f7xx_ll_usb.c ****         {
 859:Drivers/STM32F7xx_HAL_Driver/Src/stm32f7xx_ll_usb.c ****           USBx_INEP(epnum)->DIEPCTL |= USB_OTG_DIEPCTL_SD0PID_SEVNFRM;
 860:Drivers/STM32F7xx_HAL_Driver/Src/stm32f7xx_ll_usb.c ****         }
 861:Drivers/STM32F7xx_HAL_Driver/Src/stm32f7xx_ll_usb.c ****       }
 862:Drivers/STM32F7xx_HAL_Driver/Src/stm32f7xx_ll_usb.c **** 
 863:Drivers/STM32F7xx_HAL_Driver/Src/stm32f7xx_ll_usb.c ****       /* EP enable, IN data in FIFO */
 864:Drivers/STM32F7xx_HAL_Driver/Src/stm32f7xx_ll_usb.c ****       USBx_INEP(epnum)->DIEPCTL |= (USB_OTG_DIEPCTL_CNAK | USB_OTG_DIEPCTL_EPENA);
 865:Drivers/STM32F7xx_HAL_Driver/Src/stm32f7xx_ll_usb.c ****     }
 866:Drivers/STM32F7xx_HAL_Driver/Src/stm32f7xx_ll_usb.c ****     else
 867:Drivers/STM32F7xx_HAL_Driver/Src/stm32f7xx_ll_usb.c ****     {
 868:Drivers/STM32F7xx_HAL_Driver/Src/stm32f7xx_ll_usb.c ****       /* EP enable, IN data in FIFO */
 869:Drivers/STM32F7xx_HAL_Driver/Src/stm32f7xx_ll_usb.c ****       USBx_INEP(epnum)->DIEPCTL |= (USB_OTG_DIEPCTL_CNAK | USB_OTG_DIEPCTL_EPENA);
 870:Drivers/STM32F7xx_HAL_Driver/Src/stm32f7xx_ll_usb.c **** 
 871:Drivers/STM32F7xx_HAL_Driver/Src/stm32f7xx_ll_usb.c ****       if (ep->type != EP_TYPE_ISOC)
 872:Drivers/STM32F7xx_HAL_Driver/Src/stm32f7xx_ll_usb.c ****       {
 873:Drivers/STM32F7xx_HAL_Driver/Src/stm32f7xx_ll_usb.c ****         /* Enable the Tx FIFO Empty Interrupt for this EP */
 874:Drivers/STM32F7xx_HAL_Driver/Src/stm32f7xx_ll_usb.c ****         if (ep->xfer_len > 0U)
 875:Drivers/STM32F7xx_HAL_Driver/Src/stm32f7xx_ll_usb.c ****         {
 876:Drivers/STM32F7xx_HAL_Driver/Src/stm32f7xx_ll_usb.c ****           USBx_DEVICE->DIEPEMPMSK |= 1UL << (ep->num & EP_ADDR_MSK);
 877:Drivers/STM32F7xx_HAL_Driver/Src/stm32f7xx_ll_usb.c ****         }
 878:Drivers/STM32F7xx_HAL_Driver/Src/stm32f7xx_ll_usb.c ****       }
 879:Drivers/STM32F7xx_HAL_Driver/Src/stm32f7xx_ll_usb.c ****       else
 880:Drivers/STM32F7xx_HAL_Driver/Src/stm32f7xx_ll_usb.c ****       {
 881:Drivers/STM32F7xx_HAL_Driver/Src/stm32f7xx_ll_usb.c ****         if ((USBx_DEVICE->DSTS & (1U << 8)) == 0U)
 882:Drivers/STM32F7xx_HAL_Driver/Src/stm32f7xx_ll_usb.c ****         {
 883:Drivers/STM32F7xx_HAL_Driver/Src/stm32f7xx_ll_usb.c ****           USBx_INEP(epnum)->DIEPCTL |= USB_OTG_DIEPCTL_SODDFRM;
 884:Drivers/STM32F7xx_HAL_Driver/Src/stm32f7xx_ll_usb.c ****         }
 885:Drivers/STM32F7xx_HAL_Driver/Src/stm32f7xx_ll_usb.c ****         else
ARM GAS  /tmp/ccyYvSLN.s 			page 17


 886:Drivers/STM32F7xx_HAL_Driver/Src/stm32f7xx_ll_usb.c ****         {
 887:Drivers/STM32F7xx_HAL_Driver/Src/stm32f7xx_ll_usb.c ****           USBx_INEP(epnum)->DIEPCTL |= USB_OTG_DIEPCTL_SD0PID_SEVNFRM;
 888:Drivers/STM32F7xx_HAL_Driver/Src/stm32f7xx_ll_usb.c ****         }
 889:Drivers/STM32F7xx_HAL_Driver/Src/stm32f7xx_ll_usb.c **** 
 890:Drivers/STM32F7xx_HAL_Driver/Src/stm32f7xx_ll_usb.c ****         (void)USB_WritePacket(USBx, ep->xfer_buff, ep->num, (uint16_t)ep->xfer_len, dma);
 891:Drivers/STM32F7xx_HAL_Driver/Src/stm32f7xx_ll_usb.c ****       }
 892:Drivers/STM32F7xx_HAL_Driver/Src/stm32f7xx_ll_usb.c ****     }
 893:Drivers/STM32F7xx_HAL_Driver/Src/stm32f7xx_ll_usb.c ****   }
 894:Drivers/STM32F7xx_HAL_Driver/Src/stm32f7xx_ll_usb.c ****   else /* OUT endpoint */
 895:Drivers/STM32F7xx_HAL_Driver/Src/stm32f7xx_ll_usb.c ****   {
 896:Drivers/STM32F7xx_HAL_Driver/Src/stm32f7xx_ll_usb.c ****     /* Program the transfer size and packet count as follows:
 897:Drivers/STM32F7xx_HAL_Driver/Src/stm32f7xx_ll_usb.c ****     * pktcnt = N
 898:Drivers/STM32F7xx_HAL_Driver/Src/stm32f7xx_ll_usb.c ****     * xfersize = N * maxpacket
 899:Drivers/STM32F7xx_HAL_Driver/Src/stm32f7xx_ll_usb.c ****     */
 900:Drivers/STM32F7xx_HAL_Driver/Src/stm32f7xx_ll_usb.c ****     USBx_OUTEP(epnum)->DOEPTSIZ &= ~(USB_OTG_DOEPTSIZ_XFRSIZ);
 901:Drivers/STM32F7xx_HAL_Driver/Src/stm32f7xx_ll_usb.c ****     USBx_OUTEP(epnum)->DOEPTSIZ &= ~(USB_OTG_DOEPTSIZ_PKTCNT);
 902:Drivers/STM32F7xx_HAL_Driver/Src/stm32f7xx_ll_usb.c **** 
 903:Drivers/STM32F7xx_HAL_Driver/Src/stm32f7xx_ll_usb.c ****     if (epnum == 0U)
 904:Drivers/STM32F7xx_HAL_Driver/Src/stm32f7xx_ll_usb.c ****     {
 905:Drivers/STM32F7xx_HAL_Driver/Src/stm32f7xx_ll_usb.c ****       if (ep->xfer_len > 0U)
 906:Drivers/STM32F7xx_HAL_Driver/Src/stm32f7xx_ll_usb.c ****       {
 907:Drivers/STM32F7xx_HAL_Driver/Src/stm32f7xx_ll_usb.c ****         ep->xfer_len = ep->maxpacket;
 908:Drivers/STM32F7xx_HAL_Driver/Src/stm32f7xx_ll_usb.c ****       }
 909:Drivers/STM32F7xx_HAL_Driver/Src/stm32f7xx_ll_usb.c **** 
 910:Drivers/STM32F7xx_HAL_Driver/Src/stm32f7xx_ll_usb.c ****       /* Store transfer size, for EP0 this is equal to endpoint max packet size */
 911:Drivers/STM32F7xx_HAL_Driver/Src/stm32f7xx_ll_usb.c ****       ep->xfer_size = ep->maxpacket;
 912:Drivers/STM32F7xx_HAL_Driver/Src/stm32f7xx_ll_usb.c **** 
 913:Drivers/STM32F7xx_HAL_Driver/Src/stm32f7xx_ll_usb.c ****       USBx_OUTEP(epnum)->DOEPTSIZ |= (USB_OTG_DOEPTSIZ_XFRSIZ & ep->xfer_size);
 914:Drivers/STM32F7xx_HAL_Driver/Src/stm32f7xx_ll_usb.c ****       USBx_OUTEP(epnum)->DOEPTSIZ |= (USB_OTG_DOEPTSIZ_PKTCNT & (1U << 19));
 915:Drivers/STM32F7xx_HAL_Driver/Src/stm32f7xx_ll_usb.c ****     }
 916:Drivers/STM32F7xx_HAL_Driver/Src/stm32f7xx_ll_usb.c ****     else
 917:Drivers/STM32F7xx_HAL_Driver/Src/stm32f7xx_ll_usb.c ****     {
 918:Drivers/STM32F7xx_HAL_Driver/Src/stm32f7xx_ll_usb.c ****       if (ep->xfer_len == 0U)
 919:Drivers/STM32F7xx_HAL_Driver/Src/stm32f7xx_ll_usb.c ****       {
 920:Drivers/STM32F7xx_HAL_Driver/Src/stm32f7xx_ll_usb.c ****         USBx_OUTEP(epnum)->DOEPTSIZ |= (USB_OTG_DOEPTSIZ_XFRSIZ & ep->maxpacket);
 921:Drivers/STM32F7xx_HAL_Driver/Src/stm32f7xx_ll_usb.c ****         USBx_OUTEP(epnum)->DOEPTSIZ |= (USB_OTG_DOEPTSIZ_PKTCNT & (1U << 19));
 922:Drivers/STM32F7xx_HAL_Driver/Src/stm32f7xx_ll_usb.c ****       }
 923:Drivers/STM32F7xx_HAL_Driver/Src/stm32f7xx_ll_usb.c ****       else
 924:Drivers/STM32F7xx_HAL_Driver/Src/stm32f7xx_ll_usb.c ****       {
 925:Drivers/STM32F7xx_HAL_Driver/Src/stm32f7xx_ll_usb.c ****         pktcnt = (uint16_t)((ep->xfer_len + ep->maxpacket - 1U) / ep->maxpacket);
 926:Drivers/STM32F7xx_HAL_Driver/Src/stm32f7xx_ll_usb.c ****         ep->xfer_size = ep->maxpacket * pktcnt;
 927:Drivers/STM32F7xx_HAL_Driver/Src/stm32f7xx_ll_usb.c **** 
 928:Drivers/STM32F7xx_HAL_Driver/Src/stm32f7xx_ll_usb.c ****         USBx_OUTEP(epnum)->DOEPTSIZ |= USB_OTG_DOEPTSIZ_PKTCNT & ((uint32_t)pktcnt << 19);
 929:Drivers/STM32F7xx_HAL_Driver/Src/stm32f7xx_ll_usb.c ****         USBx_OUTEP(epnum)->DOEPTSIZ |= USB_OTG_DOEPTSIZ_XFRSIZ & ep->xfer_size;
 930:Drivers/STM32F7xx_HAL_Driver/Src/stm32f7xx_ll_usb.c ****       }
 931:Drivers/STM32F7xx_HAL_Driver/Src/stm32f7xx_ll_usb.c ****     }
 932:Drivers/STM32F7xx_HAL_Driver/Src/stm32f7xx_ll_usb.c **** 
 933:Drivers/STM32F7xx_HAL_Driver/Src/stm32f7xx_ll_usb.c ****     if (dma == 1U)
 934:Drivers/STM32F7xx_HAL_Driver/Src/stm32f7xx_ll_usb.c ****     {
 935:Drivers/STM32F7xx_HAL_Driver/Src/stm32f7xx_ll_usb.c ****       if ((uint32_t)ep->xfer_buff != 0U)
 936:Drivers/STM32F7xx_HAL_Driver/Src/stm32f7xx_ll_usb.c ****       {
 937:Drivers/STM32F7xx_HAL_Driver/Src/stm32f7xx_ll_usb.c ****         USBx_OUTEP(epnum)->DOEPDMA = (uint32_t)(ep->xfer_buff);
 938:Drivers/STM32F7xx_HAL_Driver/Src/stm32f7xx_ll_usb.c ****       }
 939:Drivers/STM32F7xx_HAL_Driver/Src/stm32f7xx_ll_usb.c ****     }
 940:Drivers/STM32F7xx_HAL_Driver/Src/stm32f7xx_ll_usb.c **** 
 941:Drivers/STM32F7xx_HAL_Driver/Src/stm32f7xx_ll_usb.c ****     if (ep->type == EP_TYPE_ISOC)
 942:Drivers/STM32F7xx_HAL_Driver/Src/stm32f7xx_ll_usb.c ****     {
ARM GAS  /tmp/ccyYvSLN.s 			page 18


 943:Drivers/STM32F7xx_HAL_Driver/Src/stm32f7xx_ll_usb.c ****       if ((USBx_DEVICE->DSTS & (1U << 8)) == 0U)
 944:Drivers/STM32F7xx_HAL_Driver/Src/stm32f7xx_ll_usb.c ****       {
 945:Drivers/STM32F7xx_HAL_Driver/Src/stm32f7xx_ll_usb.c ****         USBx_OUTEP(epnum)->DOEPCTL |= USB_OTG_DOEPCTL_SODDFRM;
 946:Drivers/STM32F7xx_HAL_Driver/Src/stm32f7xx_ll_usb.c ****       }
 947:Drivers/STM32F7xx_HAL_Driver/Src/stm32f7xx_ll_usb.c ****       else
 948:Drivers/STM32F7xx_HAL_Driver/Src/stm32f7xx_ll_usb.c ****       {
 949:Drivers/STM32F7xx_HAL_Driver/Src/stm32f7xx_ll_usb.c ****         USBx_OUTEP(epnum)->DOEPCTL |= USB_OTG_DOEPCTL_SD0PID_SEVNFRM;
 950:Drivers/STM32F7xx_HAL_Driver/Src/stm32f7xx_ll_usb.c ****       }
 951:Drivers/STM32F7xx_HAL_Driver/Src/stm32f7xx_ll_usb.c ****     }
 952:Drivers/STM32F7xx_HAL_Driver/Src/stm32f7xx_ll_usb.c ****     /* EP enable */
 953:Drivers/STM32F7xx_HAL_Driver/Src/stm32f7xx_ll_usb.c ****     USBx_OUTEP(epnum)->DOEPCTL |= (USB_OTG_DOEPCTL_CNAK | USB_OTG_DOEPCTL_EPENA);
 954:Drivers/STM32F7xx_HAL_Driver/Src/stm32f7xx_ll_usb.c ****   }
 955:Drivers/STM32F7xx_HAL_Driver/Src/stm32f7xx_ll_usb.c **** 
 956:Drivers/STM32F7xx_HAL_Driver/Src/stm32f7xx_ll_usb.c ****   return HAL_OK;
 957:Drivers/STM32F7xx_HAL_Driver/Src/stm32f7xx_ll_usb.c **** }
 958:Drivers/STM32F7xx_HAL_Driver/Src/stm32f7xx_ll_usb.c **** 
 959:Drivers/STM32F7xx_HAL_Driver/Src/stm32f7xx_ll_usb.c **** 
 960:Drivers/STM32F7xx_HAL_Driver/Src/stm32f7xx_ll_usb.c **** /**
 961:Drivers/STM32F7xx_HAL_Driver/Src/stm32f7xx_ll_usb.c ****    * @brief  USB_EPStoptXfer  Stop transfer on an EP
 962:Drivers/STM32F7xx_HAL_Driver/Src/stm32f7xx_ll_usb.c ****    * @param  USBx  usb device instance
 963:Drivers/STM32F7xx_HAL_Driver/Src/stm32f7xx_ll_usb.c ****    * @param  ep pointer to endpoint structure
 964:Drivers/STM32F7xx_HAL_Driver/Src/stm32f7xx_ll_usb.c ****    * @retval HAL status
 965:Drivers/STM32F7xx_HAL_Driver/Src/stm32f7xx_ll_usb.c ****    */
 966:Drivers/STM32F7xx_HAL_Driver/Src/stm32f7xx_ll_usb.c **** HAL_StatusTypeDef USB_EPStopXfer(const USB_OTG_GlobalTypeDef *USBx, USB_OTG_EPTypeDef *ep)
 967:Drivers/STM32F7xx_HAL_Driver/Src/stm32f7xx_ll_usb.c **** {
 968:Drivers/STM32F7xx_HAL_Driver/Src/stm32f7xx_ll_usb.c ****   __IO uint32_t count = 0U;
 969:Drivers/STM32F7xx_HAL_Driver/Src/stm32f7xx_ll_usb.c ****   HAL_StatusTypeDef ret = HAL_OK;
 970:Drivers/STM32F7xx_HAL_Driver/Src/stm32f7xx_ll_usb.c ****   uint32_t USBx_BASE = (uint32_t)USBx;
 971:Drivers/STM32F7xx_HAL_Driver/Src/stm32f7xx_ll_usb.c **** 
 972:Drivers/STM32F7xx_HAL_Driver/Src/stm32f7xx_ll_usb.c ****   /* IN endpoint */
 973:Drivers/STM32F7xx_HAL_Driver/Src/stm32f7xx_ll_usb.c ****   if (ep->is_in == 1U)
 974:Drivers/STM32F7xx_HAL_Driver/Src/stm32f7xx_ll_usb.c ****   {
 975:Drivers/STM32F7xx_HAL_Driver/Src/stm32f7xx_ll_usb.c ****     /* EP enable, IN data in FIFO */
 976:Drivers/STM32F7xx_HAL_Driver/Src/stm32f7xx_ll_usb.c ****     if (((USBx_INEP(ep->num)->DIEPCTL) & USB_OTG_DIEPCTL_EPENA) == USB_OTG_DIEPCTL_EPENA)
 977:Drivers/STM32F7xx_HAL_Driver/Src/stm32f7xx_ll_usb.c ****     {
 978:Drivers/STM32F7xx_HAL_Driver/Src/stm32f7xx_ll_usb.c ****       USBx_INEP(ep->num)->DIEPCTL |= (USB_OTG_DIEPCTL_SNAK);
 979:Drivers/STM32F7xx_HAL_Driver/Src/stm32f7xx_ll_usb.c ****       USBx_INEP(ep->num)->DIEPCTL |= (USB_OTG_DIEPCTL_EPDIS);
 980:Drivers/STM32F7xx_HAL_Driver/Src/stm32f7xx_ll_usb.c **** 
 981:Drivers/STM32F7xx_HAL_Driver/Src/stm32f7xx_ll_usb.c ****       do
 982:Drivers/STM32F7xx_HAL_Driver/Src/stm32f7xx_ll_usb.c ****       {
 983:Drivers/STM32F7xx_HAL_Driver/Src/stm32f7xx_ll_usb.c ****         count++;
 984:Drivers/STM32F7xx_HAL_Driver/Src/stm32f7xx_ll_usb.c **** 
 985:Drivers/STM32F7xx_HAL_Driver/Src/stm32f7xx_ll_usb.c ****         if (count > 10000U)
 986:Drivers/STM32F7xx_HAL_Driver/Src/stm32f7xx_ll_usb.c ****         {
 987:Drivers/STM32F7xx_HAL_Driver/Src/stm32f7xx_ll_usb.c ****           ret = HAL_ERROR;
 988:Drivers/STM32F7xx_HAL_Driver/Src/stm32f7xx_ll_usb.c ****           break;
 989:Drivers/STM32F7xx_HAL_Driver/Src/stm32f7xx_ll_usb.c ****         }
 990:Drivers/STM32F7xx_HAL_Driver/Src/stm32f7xx_ll_usb.c ****       } while (((USBx_INEP(ep->num)->DIEPCTL) & USB_OTG_DIEPCTL_EPENA) ==  USB_OTG_DIEPCTL_EPENA);
 991:Drivers/STM32F7xx_HAL_Driver/Src/stm32f7xx_ll_usb.c ****     }
 992:Drivers/STM32F7xx_HAL_Driver/Src/stm32f7xx_ll_usb.c ****   }
 993:Drivers/STM32F7xx_HAL_Driver/Src/stm32f7xx_ll_usb.c ****   else /* OUT endpoint */
 994:Drivers/STM32F7xx_HAL_Driver/Src/stm32f7xx_ll_usb.c ****   {
 995:Drivers/STM32F7xx_HAL_Driver/Src/stm32f7xx_ll_usb.c ****     if (((USBx_OUTEP(ep->num)->DOEPCTL) & USB_OTG_DOEPCTL_EPENA) == USB_OTG_DOEPCTL_EPENA)
 996:Drivers/STM32F7xx_HAL_Driver/Src/stm32f7xx_ll_usb.c ****     {
 997:Drivers/STM32F7xx_HAL_Driver/Src/stm32f7xx_ll_usb.c ****       USBx_OUTEP(ep->num)->DOEPCTL |= (USB_OTG_DOEPCTL_SNAK);
 998:Drivers/STM32F7xx_HAL_Driver/Src/stm32f7xx_ll_usb.c ****       USBx_OUTEP(ep->num)->DOEPCTL |= (USB_OTG_DOEPCTL_EPDIS);
 999:Drivers/STM32F7xx_HAL_Driver/Src/stm32f7xx_ll_usb.c **** 
ARM GAS  /tmp/ccyYvSLN.s 			page 19


1000:Drivers/STM32F7xx_HAL_Driver/Src/stm32f7xx_ll_usb.c ****       do
1001:Drivers/STM32F7xx_HAL_Driver/Src/stm32f7xx_ll_usb.c ****       {
1002:Drivers/STM32F7xx_HAL_Driver/Src/stm32f7xx_ll_usb.c ****         count++;
1003:Drivers/STM32F7xx_HAL_Driver/Src/stm32f7xx_ll_usb.c **** 
1004:Drivers/STM32F7xx_HAL_Driver/Src/stm32f7xx_ll_usb.c ****         if (count > 10000U)
1005:Drivers/STM32F7xx_HAL_Driver/Src/stm32f7xx_ll_usb.c ****         {
1006:Drivers/STM32F7xx_HAL_Driver/Src/stm32f7xx_ll_usb.c ****           ret = HAL_ERROR;
1007:Drivers/STM32F7xx_HAL_Driver/Src/stm32f7xx_ll_usb.c ****           break;
1008:Drivers/STM32F7xx_HAL_Driver/Src/stm32f7xx_ll_usb.c ****         }
1009:Drivers/STM32F7xx_HAL_Driver/Src/stm32f7xx_ll_usb.c ****       } while (((USBx_OUTEP(ep->num)->DOEPCTL) & USB_OTG_DOEPCTL_EPENA) ==  USB_OTG_DOEPCTL_EPENA);
1010:Drivers/STM32F7xx_HAL_Driver/Src/stm32f7xx_ll_usb.c ****     }
1011:Drivers/STM32F7xx_HAL_Driver/Src/stm32f7xx_ll_usb.c ****   }
1012:Drivers/STM32F7xx_HAL_Driver/Src/stm32f7xx_ll_usb.c **** 
1013:Drivers/STM32F7xx_HAL_Driver/Src/stm32f7xx_ll_usb.c ****   return ret;
1014:Drivers/STM32F7xx_HAL_Driver/Src/stm32f7xx_ll_usb.c **** }
1015:Drivers/STM32F7xx_HAL_Driver/Src/stm32f7xx_ll_usb.c **** 
1016:Drivers/STM32F7xx_HAL_Driver/Src/stm32f7xx_ll_usb.c **** 
1017:Drivers/STM32F7xx_HAL_Driver/Src/stm32f7xx_ll_usb.c **** /**
1018:Drivers/STM32F7xx_HAL_Driver/Src/stm32f7xx_ll_usb.c ****   * @brief  USB_WritePacket : Writes a packet into the Tx FIFO associated
1019:Drivers/STM32F7xx_HAL_Driver/Src/stm32f7xx_ll_usb.c ****   *         with the EP/channel
1020:Drivers/STM32F7xx_HAL_Driver/Src/stm32f7xx_ll_usb.c ****   * @param  USBx  Selected device
1021:Drivers/STM32F7xx_HAL_Driver/Src/stm32f7xx_ll_usb.c ****   * @param  src   pointer to source buffer
1022:Drivers/STM32F7xx_HAL_Driver/Src/stm32f7xx_ll_usb.c ****   * @param  ch_ep_num  endpoint or host channel number
1023:Drivers/STM32F7xx_HAL_Driver/Src/stm32f7xx_ll_usb.c ****   * @param  len  Number of bytes to write
1024:Drivers/STM32F7xx_HAL_Driver/Src/stm32f7xx_ll_usb.c ****   * @param  dma USB dma enabled or disabled
1025:Drivers/STM32F7xx_HAL_Driver/Src/stm32f7xx_ll_usb.c ****   *          This parameter can be one of these values:
1026:Drivers/STM32F7xx_HAL_Driver/Src/stm32f7xx_ll_usb.c ****   *           0 : DMA feature not used
1027:Drivers/STM32F7xx_HAL_Driver/Src/stm32f7xx_ll_usb.c ****   *           1 : DMA feature used
1028:Drivers/STM32F7xx_HAL_Driver/Src/stm32f7xx_ll_usb.c ****   * @retval HAL status
1029:Drivers/STM32F7xx_HAL_Driver/Src/stm32f7xx_ll_usb.c ****   */
1030:Drivers/STM32F7xx_HAL_Driver/Src/stm32f7xx_ll_usb.c **** HAL_StatusTypeDef USB_WritePacket(const USB_OTG_GlobalTypeDef *USBx, uint8_t *src,
1031:Drivers/STM32F7xx_HAL_Driver/Src/stm32f7xx_ll_usb.c ****                                   uint8_t ch_ep_num, uint16_t len, uint8_t dma)
1032:Drivers/STM32F7xx_HAL_Driver/Src/stm32f7xx_ll_usb.c **** {
1033:Drivers/STM32F7xx_HAL_Driver/Src/stm32f7xx_ll_usb.c ****   uint32_t USBx_BASE = (uint32_t)USBx;
1034:Drivers/STM32F7xx_HAL_Driver/Src/stm32f7xx_ll_usb.c ****   uint8_t *pSrc = src;
1035:Drivers/STM32F7xx_HAL_Driver/Src/stm32f7xx_ll_usb.c ****   uint32_t count32b;
1036:Drivers/STM32F7xx_HAL_Driver/Src/stm32f7xx_ll_usb.c ****   uint32_t i;
1037:Drivers/STM32F7xx_HAL_Driver/Src/stm32f7xx_ll_usb.c **** 
1038:Drivers/STM32F7xx_HAL_Driver/Src/stm32f7xx_ll_usb.c ****   if (dma == 0U)
1039:Drivers/STM32F7xx_HAL_Driver/Src/stm32f7xx_ll_usb.c ****   {
1040:Drivers/STM32F7xx_HAL_Driver/Src/stm32f7xx_ll_usb.c ****     count32b = ((uint32_t)len + 3U) / 4U;
1041:Drivers/STM32F7xx_HAL_Driver/Src/stm32f7xx_ll_usb.c ****     for (i = 0U; i < count32b; i++)
1042:Drivers/STM32F7xx_HAL_Driver/Src/stm32f7xx_ll_usb.c ****     {
1043:Drivers/STM32F7xx_HAL_Driver/Src/stm32f7xx_ll_usb.c ****       USBx_DFIFO((uint32_t)ch_ep_num) = __UNALIGNED_UINT32_READ(pSrc);
1044:Drivers/STM32F7xx_HAL_Driver/Src/stm32f7xx_ll_usb.c ****       pSrc++;
1045:Drivers/STM32F7xx_HAL_Driver/Src/stm32f7xx_ll_usb.c ****       pSrc++;
1046:Drivers/STM32F7xx_HAL_Driver/Src/stm32f7xx_ll_usb.c ****       pSrc++;
1047:Drivers/STM32F7xx_HAL_Driver/Src/stm32f7xx_ll_usb.c ****       pSrc++;
1048:Drivers/STM32F7xx_HAL_Driver/Src/stm32f7xx_ll_usb.c ****     }
1049:Drivers/STM32F7xx_HAL_Driver/Src/stm32f7xx_ll_usb.c ****   }
1050:Drivers/STM32F7xx_HAL_Driver/Src/stm32f7xx_ll_usb.c **** 
1051:Drivers/STM32F7xx_HAL_Driver/Src/stm32f7xx_ll_usb.c ****   return HAL_OK;
1052:Drivers/STM32F7xx_HAL_Driver/Src/stm32f7xx_ll_usb.c **** }
1053:Drivers/STM32F7xx_HAL_Driver/Src/stm32f7xx_ll_usb.c **** 
1054:Drivers/STM32F7xx_HAL_Driver/Src/stm32f7xx_ll_usb.c **** /**
1055:Drivers/STM32F7xx_HAL_Driver/Src/stm32f7xx_ll_usb.c ****   * @brief  USB_ReadPacket : read a packet from the RX FIFO
1056:Drivers/STM32F7xx_HAL_Driver/Src/stm32f7xx_ll_usb.c ****   * @param  USBx  Selected device
ARM GAS  /tmp/ccyYvSLN.s 			page 20


1057:Drivers/STM32F7xx_HAL_Driver/Src/stm32f7xx_ll_usb.c ****   * @param  dest  source pointer
1058:Drivers/STM32F7xx_HAL_Driver/Src/stm32f7xx_ll_usb.c ****   * @param  len  Number of bytes to read
1059:Drivers/STM32F7xx_HAL_Driver/Src/stm32f7xx_ll_usb.c ****   * @retval pointer to destination buffer
1060:Drivers/STM32F7xx_HAL_Driver/Src/stm32f7xx_ll_usb.c ****   */
1061:Drivers/STM32F7xx_HAL_Driver/Src/stm32f7xx_ll_usb.c **** void *USB_ReadPacket(const USB_OTG_GlobalTypeDef *USBx, uint8_t *dest, uint16_t len)
1062:Drivers/STM32F7xx_HAL_Driver/Src/stm32f7xx_ll_usb.c **** {
1063:Drivers/STM32F7xx_HAL_Driver/Src/stm32f7xx_ll_usb.c ****   uint32_t USBx_BASE = (uint32_t)USBx;
1064:Drivers/STM32F7xx_HAL_Driver/Src/stm32f7xx_ll_usb.c ****   uint8_t *pDest = dest;
1065:Drivers/STM32F7xx_HAL_Driver/Src/stm32f7xx_ll_usb.c ****   uint32_t pData;
1066:Drivers/STM32F7xx_HAL_Driver/Src/stm32f7xx_ll_usb.c ****   uint32_t i;
1067:Drivers/STM32F7xx_HAL_Driver/Src/stm32f7xx_ll_usb.c ****   uint32_t count32b = (uint32_t)len >> 2U;
1068:Drivers/STM32F7xx_HAL_Driver/Src/stm32f7xx_ll_usb.c ****   uint16_t remaining_bytes = len % 4U;
1069:Drivers/STM32F7xx_HAL_Driver/Src/stm32f7xx_ll_usb.c **** 
1070:Drivers/STM32F7xx_HAL_Driver/Src/stm32f7xx_ll_usb.c ****   for (i = 0U; i < count32b; i++)
1071:Drivers/STM32F7xx_HAL_Driver/Src/stm32f7xx_ll_usb.c ****   {
1072:Drivers/STM32F7xx_HAL_Driver/Src/stm32f7xx_ll_usb.c ****     __UNALIGNED_UINT32_WRITE(pDest, USBx_DFIFO(0U));
1073:Drivers/STM32F7xx_HAL_Driver/Src/stm32f7xx_ll_usb.c ****     pDest++;
1074:Drivers/STM32F7xx_HAL_Driver/Src/stm32f7xx_ll_usb.c ****     pDest++;
1075:Drivers/STM32F7xx_HAL_Driver/Src/stm32f7xx_ll_usb.c ****     pDest++;
1076:Drivers/STM32F7xx_HAL_Driver/Src/stm32f7xx_ll_usb.c ****     pDest++;
1077:Drivers/STM32F7xx_HAL_Driver/Src/stm32f7xx_ll_usb.c ****   }
1078:Drivers/STM32F7xx_HAL_Driver/Src/stm32f7xx_ll_usb.c **** 
1079:Drivers/STM32F7xx_HAL_Driver/Src/stm32f7xx_ll_usb.c ****   /* When Number of data is not word aligned, read the remaining byte */
1080:Drivers/STM32F7xx_HAL_Driver/Src/stm32f7xx_ll_usb.c ****   if (remaining_bytes != 0U)
1081:Drivers/STM32F7xx_HAL_Driver/Src/stm32f7xx_ll_usb.c ****   {
1082:Drivers/STM32F7xx_HAL_Driver/Src/stm32f7xx_ll_usb.c ****     i = 0U;
1083:Drivers/STM32F7xx_HAL_Driver/Src/stm32f7xx_ll_usb.c ****     __UNALIGNED_UINT32_WRITE(&pData, USBx_DFIFO(0U));
1084:Drivers/STM32F7xx_HAL_Driver/Src/stm32f7xx_ll_usb.c **** 
1085:Drivers/STM32F7xx_HAL_Driver/Src/stm32f7xx_ll_usb.c ****     do
1086:Drivers/STM32F7xx_HAL_Driver/Src/stm32f7xx_ll_usb.c ****     {
1087:Drivers/STM32F7xx_HAL_Driver/Src/stm32f7xx_ll_usb.c ****       *(uint8_t *)pDest = (uint8_t)(pData >> (8U * (uint8_t)(i)));
1088:Drivers/STM32F7xx_HAL_Driver/Src/stm32f7xx_ll_usb.c ****       i++;
1089:Drivers/STM32F7xx_HAL_Driver/Src/stm32f7xx_ll_usb.c ****       pDest++;
1090:Drivers/STM32F7xx_HAL_Driver/Src/stm32f7xx_ll_usb.c ****       remaining_bytes--;
1091:Drivers/STM32F7xx_HAL_Driver/Src/stm32f7xx_ll_usb.c ****     } while (remaining_bytes != 0U);
1092:Drivers/STM32F7xx_HAL_Driver/Src/stm32f7xx_ll_usb.c ****   }
1093:Drivers/STM32F7xx_HAL_Driver/Src/stm32f7xx_ll_usb.c **** 
1094:Drivers/STM32F7xx_HAL_Driver/Src/stm32f7xx_ll_usb.c ****   return ((void *)pDest);
1095:Drivers/STM32F7xx_HAL_Driver/Src/stm32f7xx_ll_usb.c **** }
1096:Drivers/STM32F7xx_HAL_Driver/Src/stm32f7xx_ll_usb.c **** 
1097:Drivers/STM32F7xx_HAL_Driver/Src/stm32f7xx_ll_usb.c **** /**
1098:Drivers/STM32F7xx_HAL_Driver/Src/stm32f7xx_ll_usb.c ****   * @brief  USB_EPSetStall : set a stall condition over an EP
1099:Drivers/STM32F7xx_HAL_Driver/Src/stm32f7xx_ll_usb.c ****   * @param  USBx  Selected device
1100:Drivers/STM32F7xx_HAL_Driver/Src/stm32f7xx_ll_usb.c ****   * @param  ep pointer to endpoint structure
1101:Drivers/STM32F7xx_HAL_Driver/Src/stm32f7xx_ll_usb.c ****   * @retval HAL status
1102:Drivers/STM32F7xx_HAL_Driver/Src/stm32f7xx_ll_usb.c ****   */
1103:Drivers/STM32F7xx_HAL_Driver/Src/stm32f7xx_ll_usb.c **** HAL_StatusTypeDef USB_EPSetStall(const USB_OTG_GlobalTypeDef *USBx, const USB_OTG_EPTypeDef *ep)
1104:Drivers/STM32F7xx_HAL_Driver/Src/stm32f7xx_ll_usb.c **** {
1105:Drivers/STM32F7xx_HAL_Driver/Src/stm32f7xx_ll_usb.c ****   uint32_t USBx_BASE = (uint32_t)USBx;
1106:Drivers/STM32F7xx_HAL_Driver/Src/stm32f7xx_ll_usb.c ****   uint32_t epnum = (uint32_t)ep->num;
1107:Drivers/STM32F7xx_HAL_Driver/Src/stm32f7xx_ll_usb.c **** 
1108:Drivers/STM32F7xx_HAL_Driver/Src/stm32f7xx_ll_usb.c ****   if (ep->is_in == 1U)
1109:Drivers/STM32F7xx_HAL_Driver/Src/stm32f7xx_ll_usb.c ****   {
1110:Drivers/STM32F7xx_HAL_Driver/Src/stm32f7xx_ll_usb.c ****     if (((USBx_INEP(epnum)->DIEPCTL & USB_OTG_DIEPCTL_EPENA) == 0U) && (epnum != 0U))
1111:Drivers/STM32F7xx_HAL_Driver/Src/stm32f7xx_ll_usb.c ****     {
1112:Drivers/STM32F7xx_HAL_Driver/Src/stm32f7xx_ll_usb.c ****       USBx_INEP(epnum)->DIEPCTL &= ~(USB_OTG_DIEPCTL_EPDIS);
1113:Drivers/STM32F7xx_HAL_Driver/Src/stm32f7xx_ll_usb.c ****     }
ARM GAS  /tmp/ccyYvSLN.s 			page 21


1114:Drivers/STM32F7xx_HAL_Driver/Src/stm32f7xx_ll_usb.c ****     USBx_INEP(epnum)->DIEPCTL |= USB_OTG_DIEPCTL_STALL;
1115:Drivers/STM32F7xx_HAL_Driver/Src/stm32f7xx_ll_usb.c ****   }
1116:Drivers/STM32F7xx_HAL_Driver/Src/stm32f7xx_ll_usb.c ****   else
1117:Drivers/STM32F7xx_HAL_Driver/Src/stm32f7xx_ll_usb.c ****   {
1118:Drivers/STM32F7xx_HAL_Driver/Src/stm32f7xx_ll_usb.c ****     if (((USBx_OUTEP(epnum)->DOEPCTL & USB_OTG_DOEPCTL_EPENA) == 0U) && (epnum != 0U))
1119:Drivers/STM32F7xx_HAL_Driver/Src/stm32f7xx_ll_usb.c ****     {
1120:Drivers/STM32F7xx_HAL_Driver/Src/stm32f7xx_ll_usb.c ****       USBx_OUTEP(epnum)->DOEPCTL &= ~(USB_OTG_DOEPCTL_EPDIS);
1121:Drivers/STM32F7xx_HAL_Driver/Src/stm32f7xx_ll_usb.c ****     }
1122:Drivers/STM32F7xx_HAL_Driver/Src/stm32f7xx_ll_usb.c ****     USBx_OUTEP(epnum)->DOEPCTL |= USB_OTG_DOEPCTL_STALL;
1123:Drivers/STM32F7xx_HAL_Driver/Src/stm32f7xx_ll_usb.c ****   }
1124:Drivers/STM32F7xx_HAL_Driver/Src/stm32f7xx_ll_usb.c **** 
1125:Drivers/STM32F7xx_HAL_Driver/Src/stm32f7xx_ll_usb.c ****   return HAL_OK;
1126:Drivers/STM32F7xx_HAL_Driver/Src/stm32f7xx_ll_usb.c **** }
1127:Drivers/STM32F7xx_HAL_Driver/Src/stm32f7xx_ll_usb.c **** 
1128:Drivers/STM32F7xx_HAL_Driver/Src/stm32f7xx_ll_usb.c **** /**
1129:Drivers/STM32F7xx_HAL_Driver/Src/stm32f7xx_ll_usb.c ****   * @brief  USB_EPClearStall : Clear a stall condition over an EP
1130:Drivers/STM32F7xx_HAL_Driver/Src/stm32f7xx_ll_usb.c ****   * @param  USBx  Selected device
1131:Drivers/STM32F7xx_HAL_Driver/Src/stm32f7xx_ll_usb.c ****   * @param  ep pointer to endpoint structure
1132:Drivers/STM32F7xx_HAL_Driver/Src/stm32f7xx_ll_usb.c ****   * @retval HAL status
1133:Drivers/STM32F7xx_HAL_Driver/Src/stm32f7xx_ll_usb.c ****   */
1134:Drivers/STM32F7xx_HAL_Driver/Src/stm32f7xx_ll_usb.c **** HAL_StatusTypeDef USB_EPClearStall(const USB_OTG_GlobalTypeDef *USBx, const USB_OTG_EPTypeDef *ep)
1135:Drivers/STM32F7xx_HAL_Driver/Src/stm32f7xx_ll_usb.c **** {
1136:Drivers/STM32F7xx_HAL_Driver/Src/stm32f7xx_ll_usb.c ****   uint32_t USBx_BASE = (uint32_t)USBx;
1137:Drivers/STM32F7xx_HAL_Driver/Src/stm32f7xx_ll_usb.c ****   uint32_t epnum = (uint32_t)ep->num;
1138:Drivers/STM32F7xx_HAL_Driver/Src/stm32f7xx_ll_usb.c **** 
1139:Drivers/STM32F7xx_HAL_Driver/Src/stm32f7xx_ll_usb.c ****   if (ep->is_in == 1U)
1140:Drivers/STM32F7xx_HAL_Driver/Src/stm32f7xx_ll_usb.c ****   {
1141:Drivers/STM32F7xx_HAL_Driver/Src/stm32f7xx_ll_usb.c ****     USBx_INEP(epnum)->DIEPCTL &= ~USB_OTG_DIEPCTL_STALL;
1142:Drivers/STM32F7xx_HAL_Driver/Src/stm32f7xx_ll_usb.c ****     if ((ep->type == EP_TYPE_INTR) || (ep->type == EP_TYPE_BULK))
1143:Drivers/STM32F7xx_HAL_Driver/Src/stm32f7xx_ll_usb.c ****     {
1144:Drivers/STM32F7xx_HAL_Driver/Src/stm32f7xx_ll_usb.c ****       USBx_INEP(epnum)->DIEPCTL |= USB_OTG_DIEPCTL_SD0PID_SEVNFRM; /* DATA0 */
1145:Drivers/STM32F7xx_HAL_Driver/Src/stm32f7xx_ll_usb.c ****     }
1146:Drivers/STM32F7xx_HAL_Driver/Src/stm32f7xx_ll_usb.c ****   }
1147:Drivers/STM32F7xx_HAL_Driver/Src/stm32f7xx_ll_usb.c ****   else
1148:Drivers/STM32F7xx_HAL_Driver/Src/stm32f7xx_ll_usb.c ****   {
1149:Drivers/STM32F7xx_HAL_Driver/Src/stm32f7xx_ll_usb.c ****     USBx_OUTEP(epnum)->DOEPCTL &= ~USB_OTG_DOEPCTL_STALL;
1150:Drivers/STM32F7xx_HAL_Driver/Src/stm32f7xx_ll_usb.c ****     if ((ep->type == EP_TYPE_INTR) || (ep->type == EP_TYPE_BULK))
1151:Drivers/STM32F7xx_HAL_Driver/Src/stm32f7xx_ll_usb.c ****     {
1152:Drivers/STM32F7xx_HAL_Driver/Src/stm32f7xx_ll_usb.c ****       USBx_OUTEP(epnum)->DOEPCTL |= USB_OTG_DOEPCTL_SD0PID_SEVNFRM; /* DATA0 */
1153:Drivers/STM32F7xx_HAL_Driver/Src/stm32f7xx_ll_usb.c ****     }
1154:Drivers/STM32F7xx_HAL_Driver/Src/stm32f7xx_ll_usb.c ****   }
1155:Drivers/STM32F7xx_HAL_Driver/Src/stm32f7xx_ll_usb.c ****   return HAL_OK;
1156:Drivers/STM32F7xx_HAL_Driver/Src/stm32f7xx_ll_usb.c **** }
1157:Drivers/STM32F7xx_HAL_Driver/Src/stm32f7xx_ll_usb.c **** 
1158:Drivers/STM32F7xx_HAL_Driver/Src/stm32f7xx_ll_usb.c **** /**
1159:Drivers/STM32F7xx_HAL_Driver/Src/stm32f7xx_ll_usb.c ****   * @brief  USB_StopDevice : Stop the usb device mode
1160:Drivers/STM32F7xx_HAL_Driver/Src/stm32f7xx_ll_usb.c ****   * @param  USBx  Selected device
1161:Drivers/STM32F7xx_HAL_Driver/Src/stm32f7xx_ll_usb.c ****   * @retval HAL status
1162:Drivers/STM32F7xx_HAL_Driver/Src/stm32f7xx_ll_usb.c ****   */
1163:Drivers/STM32F7xx_HAL_Driver/Src/stm32f7xx_ll_usb.c **** HAL_StatusTypeDef USB_StopDevice(USB_OTG_GlobalTypeDef *USBx)
1164:Drivers/STM32F7xx_HAL_Driver/Src/stm32f7xx_ll_usb.c **** {
1165:Drivers/STM32F7xx_HAL_Driver/Src/stm32f7xx_ll_usb.c ****   HAL_StatusTypeDef ret;
1166:Drivers/STM32F7xx_HAL_Driver/Src/stm32f7xx_ll_usb.c ****   uint32_t USBx_BASE = (uint32_t)USBx;
1167:Drivers/STM32F7xx_HAL_Driver/Src/stm32f7xx_ll_usb.c ****   uint32_t i;
1168:Drivers/STM32F7xx_HAL_Driver/Src/stm32f7xx_ll_usb.c **** 
1169:Drivers/STM32F7xx_HAL_Driver/Src/stm32f7xx_ll_usb.c ****   /* Clear Pending interrupt */
1170:Drivers/STM32F7xx_HAL_Driver/Src/stm32f7xx_ll_usb.c ****   for (i = 0U; i < 15U; i++)
ARM GAS  /tmp/ccyYvSLN.s 			page 22


1171:Drivers/STM32F7xx_HAL_Driver/Src/stm32f7xx_ll_usb.c ****   {
1172:Drivers/STM32F7xx_HAL_Driver/Src/stm32f7xx_ll_usb.c ****     USBx_INEP(i)->DIEPINT = 0xFB7FU;
1173:Drivers/STM32F7xx_HAL_Driver/Src/stm32f7xx_ll_usb.c ****     USBx_OUTEP(i)->DOEPINT = 0xFB7FU;
1174:Drivers/STM32F7xx_HAL_Driver/Src/stm32f7xx_ll_usb.c ****   }
1175:Drivers/STM32F7xx_HAL_Driver/Src/stm32f7xx_ll_usb.c **** 
1176:Drivers/STM32F7xx_HAL_Driver/Src/stm32f7xx_ll_usb.c ****   /* Clear interrupt masks */
1177:Drivers/STM32F7xx_HAL_Driver/Src/stm32f7xx_ll_usb.c ****   USBx_DEVICE->DIEPMSK  = 0U;
1178:Drivers/STM32F7xx_HAL_Driver/Src/stm32f7xx_ll_usb.c ****   USBx_DEVICE->DOEPMSK  = 0U;
1179:Drivers/STM32F7xx_HAL_Driver/Src/stm32f7xx_ll_usb.c ****   USBx_DEVICE->DAINTMSK = 0U;
1180:Drivers/STM32F7xx_HAL_Driver/Src/stm32f7xx_ll_usb.c **** 
1181:Drivers/STM32F7xx_HAL_Driver/Src/stm32f7xx_ll_usb.c ****   /* Flush the FIFO */
1182:Drivers/STM32F7xx_HAL_Driver/Src/stm32f7xx_ll_usb.c ****   ret = USB_FlushRxFifo(USBx);
1183:Drivers/STM32F7xx_HAL_Driver/Src/stm32f7xx_ll_usb.c ****   if (ret != HAL_OK)
1184:Drivers/STM32F7xx_HAL_Driver/Src/stm32f7xx_ll_usb.c ****   {
1185:Drivers/STM32F7xx_HAL_Driver/Src/stm32f7xx_ll_usb.c ****     return ret;
1186:Drivers/STM32F7xx_HAL_Driver/Src/stm32f7xx_ll_usb.c ****   }
1187:Drivers/STM32F7xx_HAL_Driver/Src/stm32f7xx_ll_usb.c **** 
1188:Drivers/STM32F7xx_HAL_Driver/Src/stm32f7xx_ll_usb.c ****   ret = USB_FlushTxFifo(USBx,  0x10U);
1189:Drivers/STM32F7xx_HAL_Driver/Src/stm32f7xx_ll_usb.c ****   if (ret != HAL_OK)
1190:Drivers/STM32F7xx_HAL_Driver/Src/stm32f7xx_ll_usb.c ****   {
1191:Drivers/STM32F7xx_HAL_Driver/Src/stm32f7xx_ll_usb.c ****     return ret;
1192:Drivers/STM32F7xx_HAL_Driver/Src/stm32f7xx_ll_usb.c ****   }
1193:Drivers/STM32F7xx_HAL_Driver/Src/stm32f7xx_ll_usb.c **** 
1194:Drivers/STM32F7xx_HAL_Driver/Src/stm32f7xx_ll_usb.c ****   return ret;
1195:Drivers/STM32F7xx_HAL_Driver/Src/stm32f7xx_ll_usb.c **** }
1196:Drivers/STM32F7xx_HAL_Driver/Src/stm32f7xx_ll_usb.c **** 
1197:Drivers/STM32F7xx_HAL_Driver/Src/stm32f7xx_ll_usb.c **** /**
1198:Drivers/STM32F7xx_HAL_Driver/Src/stm32f7xx_ll_usb.c ****   * @brief  USB_SetDevAddress : Stop the usb device mode
1199:Drivers/STM32F7xx_HAL_Driver/Src/stm32f7xx_ll_usb.c ****   * @param  USBx  Selected device
1200:Drivers/STM32F7xx_HAL_Driver/Src/stm32f7xx_ll_usb.c ****   * @param  address  new device address to be assigned
1201:Drivers/STM32F7xx_HAL_Driver/Src/stm32f7xx_ll_usb.c ****   *          This parameter can be a value from 0 to 255
1202:Drivers/STM32F7xx_HAL_Driver/Src/stm32f7xx_ll_usb.c ****   * @retval HAL status
1203:Drivers/STM32F7xx_HAL_Driver/Src/stm32f7xx_ll_usb.c ****   */
1204:Drivers/STM32F7xx_HAL_Driver/Src/stm32f7xx_ll_usb.c **** HAL_StatusTypeDef USB_SetDevAddress(const USB_OTG_GlobalTypeDef *USBx, uint8_t address)
1205:Drivers/STM32F7xx_HAL_Driver/Src/stm32f7xx_ll_usb.c **** {
1206:Drivers/STM32F7xx_HAL_Driver/Src/stm32f7xx_ll_usb.c ****   uint32_t USBx_BASE = (uint32_t)USBx;
1207:Drivers/STM32F7xx_HAL_Driver/Src/stm32f7xx_ll_usb.c **** 
1208:Drivers/STM32F7xx_HAL_Driver/Src/stm32f7xx_ll_usb.c ****   USBx_DEVICE->DCFG &= ~(USB_OTG_DCFG_DAD);
1209:Drivers/STM32F7xx_HAL_Driver/Src/stm32f7xx_ll_usb.c ****   USBx_DEVICE->DCFG |= ((uint32_t)address << 4) & USB_OTG_DCFG_DAD;
1210:Drivers/STM32F7xx_HAL_Driver/Src/stm32f7xx_ll_usb.c **** 
1211:Drivers/STM32F7xx_HAL_Driver/Src/stm32f7xx_ll_usb.c ****   return HAL_OK;
1212:Drivers/STM32F7xx_HAL_Driver/Src/stm32f7xx_ll_usb.c **** }
1213:Drivers/STM32F7xx_HAL_Driver/Src/stm32f7xx_ll_usb.c **** 
1214:Drivers/STM32F7xx_HAL_Driver/Src/stm32f7xx_ll_usb.c **** /**
1215:Drivers/STM32F7xx_HAL_Driver/Src/stm32f7xx_ll_usb.c ****   * @brief  USB_DevConnect : Connect the USB device by enabling Rpu
1216:Drivers/STM32F7xx_HAL_Driver/Src/stm32f7xx_ll_usb.c ****   * @param  USBx  Selected device
1217:Drivers/STM32F7xx_HAL_Driver/Src/stm32f7xx_ll_usb.c ****   * @retval HAL status
1218:Drivers/STM32F7xx_HAL_Driver/Src/stm32f7xx_ll_usb.c ****   */
1219:Drivers/STM32F7xx_HAL_Driver/Src/stm32f7xx_ll_usb.c **** HAL_StatusTypeDef USB_DevConnect(const USB_OTG_GlobalTypeDef *USBx)
1220:Drivers/STM32F7xx_HAL_Driver/Src/stm32f7xx_ll_usb.c **** {
1221:Drivers/STM32F7xx_HAL_Driver/Src/stm32f7xx_ll_usb.c ****   uint32_t USBx_BASE = (uint32_t)USBx;
1222:Drivers/STM32F7xx_HAL_Driver/Src/stm32f7xx_ll_usb.c **** 
1223:Drivers/STM32F7xx_HAL_Driver/Src/stm32f7xx_ll_usb.c ****   /* In case phy is stopped, ensure to ungate and restore the phy CLK */
1224:Drivers/STM32F7xx_HAL_Driver/Src/stm32f7xx_ll_usb.c ****   USBx_PCGCCTL &= ~(USB_OTG_PCGCCTL_STOPCLK | USB_OTG_PCGCCTL_GATECLK);
1225:Drivers/STM32F7xx_HAL_Driver/Src/stm32f7xx_ll_usb.c **** 
1226:Drivers/STM32F7xx_HAL_Driver/Src/stm32f7xx_ll_usb.c ****   USBx_DEVICE->DCTL &= ~USB_OTG_DCTL_SDIS;
1227:Drivers/STM32F7xx_HAL_Driver/Src/stm32f7xx_ll_usb.c **** 
ARM GAS  /tmp/ccyYvSLN.s 			page 23


1228:Drivers/STM32F7xx_HAL_Driver/Src/stm32f7xx_ll_usb.c ****   return HAL_OK;
1229:Drivers/STM32F7xx_HAL_Driver/Src/stm32f7xx_ll_usb.c **** }
1230:Drivers/STM32F7xx_HAL_Driver/Src/stm32f7xx_ll_usb.c **** 
1231:Drivers/STM32F7xx_HAL_Driver/Src/stm32f7xx_ll_usb.c **** /**
1232:Drivers/STM32F7xx_HAL_Driver/Src/stm32f7xx_ll_usb.c ****   * @brief  USB_DevDisconnect : Disconnect the USB device by disabling Rpu
1233:Drivers/STM32F7xx_HAL_Driver/Src/stm32f7xx_ll_usb.c ****   * @param  USBx  Selected device
1234:Drivers/STM32F7xx_HAL_Driver/Src/stm32f7xx_ll_usb.c ****   * @retval HAL status
1235:Drivers/STM32F7xx_HAL_Driver/Src/stm32f7xx_ll_usb.c ****   */
1236:Drivers/STM32F7xx_HAL_Driver/Src/stm32f7xx_ll_usb.c **** HAL_StatusTypeDef USB_DevDisconnect(const USB_OTG_GlobalTypeDef *USBx)
1237:Drivers/STM32F7xx_HAL_Driver/Src/stm32f7xx_ll_usb.c **** {
1238:Drivers/STM32F7xx_HAL_Driver/Src/stm32f7xx_ll_usb.c ****   uint32_t USBx_BASE = (uint32_t)USBx;
1239:Drivers/STM32F7xx_HAL_Driver/Src/stm32f7xx_ll_usb.c **** 
1240:Drivers/STM32F7xx_HAL_Driver/Src/stm32f7xx_ll_usb.c ****   /* In case phy is stopped, ensure to ungate and restore the phy CLK */
1241:Drivers/STM32F7xx_HAL_Driver/Src/stm32f7xx_ll_usb.c ****   USBx_PCGCCTL &= ~(USB_OTG_PCGCCTL_STOPCLK | USB_OTG_PCGCCTL_GATECLK);
1242:Drivers/STM32F7xx_HAL_Driver/Src/stm32f7xx_ll_usb.c **** 
1243:Drivers/STM32F7xx_HAL_Driver/Src/stm32f7xx_ll_usb.c ****   USBx_DEVICE->DCTL |= USB_OTG_DCTL_SDIS;
1244:Drivers/STM32F7xx_HAL_Driver/Src/stm32f7xx_ll_usb.c **** 
1245:Drivers/STM32F7xx_HAL_Driver/Src/stm32f7xx_ll_usb.c ****   return HAL_OK;
1246:Drivers/STM32F7xx_HAL_Driver/Src/stm32f7xx_ll_usb.c **** }
1247:Drivers/STM32F7xx_HAL_Driver/Src/stm32f7xx_ll_usb.c **** 
1248:Drivers/STM32F7xx_HAL_Driver/Src/stm32f7xx_ll_usb.c **** /**
1249:Drivers/STM32F7xx_HAL_Driver/Src/stm32f7xx_ll_usb.c ****   * @brief  USB_ReadInterrupts: return the global USB interrupt status
1250:Drivers/STM32F7xx_HAL_Driver/Src/stm32f7xx_ll_usb.c ****   * @param  USBx  Selected device
1251:Drivers/STM32F7xx_HAL_Driver/Src/stm32f7xx_ll_usb.c ****   * @retval USB Global Interrupt status
1252:Drivers/STM32F7xx_HAL_Driver/Src/stm32f7xx_ll_usb.c ****   */
1253:Drivers/STM32F7xx_HAL_Driver/Src/stm32f7xx_ll_usb.c **** uint32_t USB_ReadInterrupts(USB_OTG_GlobalTypeDef const *USBx)
1254:Drivers/STM32F7xx_HAL_Driver/Src/stm32f7xx_ll_usb.c **** {
1255:Drivers/STM32F7xx_HAL_Driver/Src/stm32f7xx_ll_usb.c ****   uint32_t tmpreg;
1256:Drivers/STM32F7xx_HAL_Driver/Src/stm32f7xx_ll_usb.c **** 
1257:Drivers/STM32F7xx_HAL_Driver/Src/stm32f7xx_ll_usb.c ****   tmpreg = USBx->GINTSTS;
1258:Drivers/STM32F7xx_HAL_Driver/Src/stm32f7xx_ll_usb.c ****   tmpreg &= USBx->GINTMSK;
1259:Drivers/STM32F7xx_HAL_Driver/Src/stm32f7xx_ll_usb.c **** 
1260:Drivers/STM32F7xx_HAL_Driver/Src/stm32f7xx_ll_usb.c ****   return tmpreg;
1261:Drivers/STM32F7xx_HAL_Driver/Src/stm32f7xx_ll_usb.c **** }
1262:Drivers/STM32F7xx_HAL_Driver/Src/stm32f7xx_ll_usb.c **** 
1263:Drivers/STM32F7xx_HAL_Driver/Src/stm32f7xx_ll_usb.c **** /**
1264:Drivers/STM32F7xx_HAL_Driver/Src/stm32f7xx_ll_usb.c ****   * @brief  USB_ReadChInterrupts: return USB channel interrupt status
1265:Drivers/STM32F7xx_HAL_Driver/Src/stm32f7xx_ll_usb.c ****   * @param  USBx  Selected device
1266:Drivers/STM32F7xx_HAL_Driver/Src/stm32f7xx_ll_usb.c ****   * @param  chnum Channel number
1267:Drivers/STM32F7xx_HAL_Driver/Src/stm32f7xx_ll_usb.c ****   * @retval USB Channel Interrupt status
1268:Drivers/STM32F7xx_HAL_Driver/Src/stm32f7xx_ll_usb.c ****   */
1269:Drivers/STM32F7xx_HAL_Driver/Src/stm32f7xx_ll_usb.c **** uint32_t USB_ReadChInterrupts(const USB_OTG_GlobalTypeDef *USBx, uint8_t chnum)
1270:Drivers/STM32F7xx_HAL_Driver/Src/stm32f7xx_ll_usb.c **** {
1271:Drivers/STM32F7xx_HAL_Driver/Src/stm32f7xx_ll_usb.c ****   uint32_t USBx_BASE = (uint32_t)USBx;
1272:Drivers/STM32F7xx_HAL_Driver/Src/stm32f7xx_ll_usb.c ****   uint32_t tmpreg;
1273:Drivers/STM32F7xx_HAL_Driver/Src/stm32f7xx_ll_usb.c **** 
1274:Drivers/STM32F7xx_HAL_Driver/Src/stm32f7xx_ll_usb.c ****   tmpreg = USBx_HC(chnum)->HCINT;
1275:Drivers/STM32F7xx_HAL_Driver/Src/stm32f7xx_ll_usb.c ****   tmpreg &= USBx_HC(chnum)->HCINTMSK;
1276:Drivers/STM32F7xx_HAL_Driver/Src/stm32f7xx_ll_usb.c **** 
1277:Drivers/STM32F7xx_HAL_Driver/Src/stm32f7xx_ll_usb.c ****   return tmpreg;
1278:Drivers/STM32F7xx_HAL_Driver/Src/stm32f7xx_ll_usb.c **** }
1279:Drivers/STM32F7xx_HAL_Driver/Src/stm32f7xx_ll_usb.c **** 
1280:Drivers/STM32F7xx_HAL_Driver/Src/stm32f7xx_ll_usb.c **** /**
1281:Drivers/STM32F7xx_HAL_Driver/Src/stm32f7xx_ll_usb.c ****   * @brief  USB_ReadDevAllOutEpInterrupt: return the USB device OUT endpoints interrupt status
1282:Drivers/STM32F7xx_HAL_Driver/Src/stm32f7xx_ll_usb.c ****   * @param  USBx  Selected device
1283:Drivers/STM32F7xx_HAL_Driver/Src/stm32f7xx_ll_usb.c ****   * @retval USB Device OUT EP interrupt status
1284:Drivers/STM32F7xx_HAL_Driver/Src/stm32f7xx_ll_usb.c ****   */
ARM GAS  /tmp/ccyYvSLN.s 			page 24


1285:Drivers/STM32F7xx_HAL_Driver/Src/stm32f7xx_ll_usb.c **** uint32_t USB_ReadDevAllOutEpInterrupt(const USB_OTG_GlobalTypeDef *USBx)
1286:Drivers/STM32F7xx_HAL_Driver/Src/stm32f7xx_ll_usb.c **** {
1287:Drivers/STM32F7xx_HAL_Driver/Src/stm32f7xx_ll_usb.c ****   uint32_t USBx_BASE = (uint32_t)USBx;
1288:Drivers/STM32F7xx_HAL_Driver/Src/stm32f7xx_ll_usb.c ****   uint32_t tmpreg;
1289:Drivers/STM32F7xx_HAL_Driver/Src/stm32f7xx_ll_usb.c **** 
1290:Drivers/STM32F7xx_HAL_Driver/Src/stm32f7xx_ll_usb.c ****   tmpreg  = USBx_DEVICE->DAINT;
1291:Drivers/STM32F7xx_HAL_Driver/Src/stm32f7xx_ll_usb.c ****   tmpreg &= USBx_DEVICE->DAINTMSK;
1292:Drivers/STM32F7xx_HAL_Driver/Src/stm32f7xx_ll_usb.c **** 
1293:Drivers/STM32F7xx_HAL_Driver/Src/stm32f7xx_ll_usb.c ****   return ((tmpreg & 0xffff0000U) >> 16);
1294:Drivers/STM32F7xx_HAL_Driver/Src/stm32f7xx_ll_usb.c **** }
1295:Drivers/STM32F7xx_HAL_Driver/Src/stm32f7xx_ll_usb.c **** 
1296:Drivers/STM32F7xx_HAL_Driver/Src/stm32f7xx_ll_usb.c **** /**
1297:Drivers/STM32F7xx_HAL_Driver/Src/stm32f7xx_ll_usb.c ****   * @brief  USB_ReadDevAllInEpInterrupt: return the USB device IN endpoints interrupt status
1298:Drivers/STM32F7xx_HAL_Driver/Src/stm32f7xx_ll_usb.c ****   * @param  USBx  Selected device
1299:Drivers/STM32F7xx_HAL_Driver/Src/stm32f7xx_ll_usb.c ****   * @retval USB Device IN EP interrupt status
1300:Drivers/STM32F7xx_HAL_Driver/Src/stm32f7xx_ll_usb.c ****   */
1301:Drivers/STM32F7xx_HAL_Driver/Src/stm32f7xx_ll_usb.c **** uint32_t USB_ReadDevAllInEpInterrupt(const USB_OTG_GlobalTypeDef *USBx)
1302:Drivers/STM32F7xx_HAL_Driver/Src/stm32f7xx_ll_usb.c **** {
1303:Drivers/STM32F7xx_HAL_Driver/Src/stm32f7xx_ll_usb.c ****   uint32_t USBx_BASE = (uint32_t)USBx;
1304:Drivers/STM32F7xx_HAL_Driver/Src/stm32f7xx_ll_usb.c ****   uint32_t tmpreg;
1305:Drivers/STM32F7xx_HAL_Driver/Src/stm32f7xx_ll_usb.c **** 
1306:Drivers/STM32F7xx_HAL_Driver/Src/stm32f7xx_ll_usb.c ****   tmpreg  = USBx_DEVICE->DAINT;
1307:Drivers/STM32F7xx_HAL_Driver/Src/stm32f7xx_ll_usb.c ****   tmpreg &= USBx_DEVICE->DAINTMSK;
1308:Drivers/STM32F7xx_HAL_Driver/Src/stm32f7xx_ll_usb.c **** 
1309:Drivers/STM32F7xx_HAL_Driver/Src/stm32f7xx_ll_usb.c ****   return ((tmpreg & 0xFFFFU));
1310:Drivers/STM32F7xx_HAL_Driver/Src/stm32f7xx_ll_usb.c **** }
1311:Drivers/STM32F7xx_HAL_Driver/Src/stm32f7xx_ll_usb.c **** 
1312:Drivers/STM32F7xx_HAL_Driver/Src/stm32f7xx_ll_usb.c **** /**
1313:Drivers/STM32F7xx_HAL_Driver/Src/stm32f7xx_ll_usb.c ****   * @brief  Returns Device OUT EP Interrupt register
1314:Drivers/STM32F7xx_HAL_Driver/Src/stm32f7xx_ll_usb.c ****   * @param  USBx  Selected device
1315:Drivers/STM32F7xx_HAL_Driver/Src/stm32f7xx_ll_usb.c ****   * @param  epnum  endpoint number
1316:Drivers/STM32F7xx_HAL_Driver/Src/stm32f7xx_ll_usb.c ****   *          This parameter can be a value from 0 to 15
1317:Drivers/STM32F7xx_HAL_Driver/Src/stm32f7xx_ll_usb.c ****   * @retval Device OUT EP Interrupt register
1318:Drivers/STM32F7xx_HAL_Driver/Src/stm32f7xx_ll_usb.c ****   */
1319:Drivers/STM32F7xx_HAL_Driver/Src/stm32f7xx_ll_usb.c **** uint32_t USB_ReadDevOutEPInterrupt(const USB_OTG_GlobalTypeDef *USBx, uint8_t epnum)
1320:Drivers/STM32F7xx_HAL_Driver/Src/stm32f7xx_ll_usb.c **** {
1321:Drivers/STM32F7xx_HAL_Driver/Src/stm32f7xx_ll_usb.c ****   uint32_t USBx_BASE = (uint32_t)USBx;
1322:Drivers/STM32F7xx_HAL_Driver/Src/stm32f7xx_ll_usb.c ****   uint32_t tmpreg;
1323:Drivers/STM32F7xx_HAL_Driver/Src/stm32f7xx_ll_usb.c **** 
1324:Drivers/STM32F7xx_HAL_Driver/Src/stm32f7xx_ll_usb.c ****   tmpreg  = USBx_OUTEP((uint32_t)epnum)->DOEPINT;
1325:Drivers/STM32F7xx_HAL_Driver/Src/stm32f7xx_ll_usb.c ****   tmpreg &= USBx_DEVICE->DOEPMSK;
1326:Drivers/STM32F7xx_HAL_Driver/Src/stm32f7xx_ll_usb.c **** 
1327:Drivers/STM32F7xx_HAL_Driver/Src/stm32f7xx_ll_usb.c ****   return tmpreg;
1328:Drivers/STM32F7xx_HAL_Driver/Src/stm32f7xx_ll_usb.c **** }
1329:Drivers/STM32F7xx_HAL_Driver/Src/stm32f7xx_ll_usb.c **** 
1330:Drivers/STM32F7xx_HAL_Driver/Src/stm32f7xx_ll_usb.c **** /**
1331:Drivers/STM32F7xx_HAL_Driver/Src/stm32f7xx_ll_usb.c ****   * @brief  Returns Device IN EP Interrupt register
1332:Drivers/STM32F7xx_HAL_Driver/Src/stm32f7xx_ll_usb.c ****   * @param  USBx  Selected device
1333:Drivers/STM32F7xx_HAL_Driver/Src/stm32f7xx_ll_usb.c ****   * @param  epnum  endpoint number
1334:Drivers/STM32F7xx_HAL_Driver/Src/stm32f7xx_ll_usb.c ****   *          This parameter can be a value from 0 to 15
1335:Drivers/STM32F7xx_HAL_Driver/Src/stm32f7xx_ll_usb.c ****   * @retval Device IN EP Interrupt register
1336:Drivers/STM32F7xx_HAL_Driver/Src/stm32f7xx_ll_usb.c ****   */
1337:Drivers/STM32F7xx_HAL_Driver/Src/stm32f7xx_ll_usb.c **** uint32_t USB_ReadDevInEPInterrupt(const USB_OTG_GlobalTypeDef *USBx, uint8_t epnum)
1338:Drivers/STM32F7xx_HAL_Driver/Src/stm32f7xx_ll_usb.c **** {
1339:Drivers/STM32F7xx_HAL_Driver/Src/stm32f7xx_ll_usb.c ****   uint32_t USBx_BASE = (uint32_t)USBx;
1340:Drivers/STM32F7xx_HAL_Driver/Src/stm32f7xx_ll_usb.c ****   uint32_t tmpreg;
1341:Drivers/STM32F7xx_HAL_Driver/Src/stm32f7xx_ll_usb.c ****   uint32_t msk;
ARM GAS  /tmp/ccyYvSLN.s 			page 25


1342:Drivers/STM32F7xx_HAL_Driver/Src/stm32f7xx_ll_usb.c ****   uint32_t emp;
1343:Drivers/STM32F7xx_HAL_Driver/Src/stm32f7xx_ll_usb.c **** 
1344:Drivers/STM32F7xx_HAL_Driver/Src/stm32f7xx_ll_usb.c ****   msk = USBx_DEVICE->DIEPMSK;
1345:Drivers/STM32F7xx_HAL_Driver/Src/stm32f7xx_ll_usb.c ****   emp = USBx_DEVICE->DIEPEMPMSK;
1346:Drivers/STM32F7xx_HAL_Driver/Src/stm32f7xx_ll_usb.c ****   msk |= ((emp >> (epnum & EP_ADDR_MSK)) & 0x1U) << 7;
1347:Drivers/STM32F7xx_HAL_Driver/Src/stm32f7xx_ll_usb.c ****   tmpreg = USBx_INEP((uint32_t)epnum)->DIEPINT & msk;
1348:Drivers/STM32F7xx_HAL_Driver/Src/stm32f7xx_ll_usb.c **** 
1349:Drivers/STM32F7xx_HAL_Driver/Src/stm32f7xx_ll_usb.c ****   return tmpreg;
1350:Drivers/STM32F7xx_HAL_Driver/Src/stm32f7xx_ll_usb.c **** }
1351:Drivers/STM32F7xx_HAL_Driver/Src/stm32f7xx_ll_usb.c **** 
1352:Drivers/STM32F7xx_HAL_Driver/Src/stm32f7xx_ll_usb.c **** /**
1353:Drivers/STM32F7xx_HAL_Driver/Src/stm32f7xx_ll_usb.c ****   * @brief  USB_ClearInterrupts: clear a USB interrupt
1354:Drivers/STM32F7xx_HAL_Driver/Src/stm32f7xx_ll_usb.c ****   * @param  USBx  Selected device
1355:Drivers/STM32F7xx_HAL_Driver/Src/stm32f7xx_ll_usb.c ****   * @param  interrupt  flag
1356:Drivers/STM32F7xx_HAL_Driver/Src/stm32f7xx_ll_usb.c ****   * @retval None
1357:Drivers/STM32F7xx_HAL_Driver/Src/stm32f7xx_ll_usb.c ****   */
1358:Drivers/STM32F7xx_HAL_Driver/Src/stm32f7xx_ll_usb.c **** void  USB_ClearInterrupts(USB_OTG_GlobalTypeDef *USBx, uint32_t interrupt)
1359:Drivers/STM32F7xx_HAL_Driver/Src/stm32f7xx_ll_usb.c **** {
1360:Drivers/STM32F7xx_HAL_Driver/Src/stm32f7xx_ll_usb.c ****   USBx->GINTSTS &= interrupt;
1361:Drivers/STM32F7xx_HAL_Driver/Src/stm32f7xx_ll_usb.c **** }
1362:Drivers/STM32F7xx_HAL_Driver/Src/stm32f7xx_ll_usb.c **** 
1363:Drivers/STM32F7xx_HAL_Driver/Src/stm32f7xx_ll_usb.c **** /**
1364:Drivers/STM32F7xx_HAL_Driver/Src/stm32f7xx_ll_usb.c ****   * @brief  Returns USB core mode
1365:Drivers/STM32F7xx_HAL_Driver/Src/stm32f7xx_ll_usb.c ****   * @param  USBx  Selected device
1366:Drivers/STM32F7xx_HAL_Driver/Src/stm32f7xx_ll_usb.c ****   * @retval return core mode : Host or Device
1367:Drivers/STM32F7xx_HAL_Driver/Src/stm32f7xx_ll_usb.c ****   *          This parameter can be one of these values:
1368:Drivers/STM32F7xx_HAL_Driver/Src/stm32f7xx_ll_usb.c ****   *           1 : Host
1369:Drivers/STM32F7xx_HAL_Driver/Src/stm32f7xx_ll_usb.c ****   *           0 : Device
1370:Drivers/STM32F7xx_HAL_Driver/Src/stm32f7xx_ll_usb.c ****   */
1371:Drivers/STM32F7xx_HAL_Driver/Src/stm32f7xx_ll_usb.c **** uint32_t USB_GetMode(const USB_OTG_GlobalTypeDef *USBx)
1372:Drivers/STM32F7xx_HAL_Driver/Src/stm32f7xx_ll_usb.c **** {
1373:Drivers/STM32F7xx_HAL_Driver/Src/stm32f7xx_ll_usb.c ****   return ((USBx->GINTSTS) & 0x1U);
1374:Drivers/STM32F7xx_HAL_Driver/Src/stm32f7xx_ll_usb.c **** }
1375:Drivers/STM32F7xx_HAL_Driver/Src/stm32f7xx_ll_usb.c **** 
1376:Drivers/STM32F7xx_HAL_Driver/Src/stm32f7xx_ll_usb.c **** /**
1377:Drivers/STM32F7xx_HAL_Driver/Src/stm32f7xx_ll_usb.c ****   * @brief  Activate EP0 for Setup transactions
1378:Drivers/STM32F7xx_HAL_Driver/Src/stm32f7xx_ll_usb.c ****   * @param  USBx  Selected device
1379:Drivers/STM32F7xx_HAL_Driver/Src/stm32f7xx_ll_usb.c ****   * @retval HAL status
1380:Drivers/STM32F7xx_HAL_Driver/Src/stm32f7xx_ll_usb.c ****   */
1381:Drivers/STM32F7xx_HAL_Driver/Src/stm32f7xx_ll_usb.c **** HAL_StatusTypeDef USB_ActivateSetup(const USB_OTG_GlobalTypeDef *USBx)
1382:Drivers/STM32F7xx_HAL_Driver/Src/stm32f7xx_ll_usb.c **** {
1383:Drivers/STM32F7xx_HAL_Driver/Src/stm32f7xx_ll_usb.c ****   uint32_t USBx_BASE = (uint32_t)USBx;
1384:Drivers/STM32F7xx_HAL_Driver/Src/stm32f7xx_ll_usb.c **** 
1385:Drivers/STM32F7xx_HAL_Driver/Src/stm32f7xx_ll_usb.c ****   /* Set the MPS of the IN EP0 to 64 bytes */
1386:Drivers/STM32F7xx_HAL_Driver/Src/stm32f7xx_ll_usb.c ****   USBx_INEP(0U)->DIEPCTL &= ~USB_OTG_DIEPCTL_MPSIZ;
1387:Drivers/STM32F7xx_HAL_Driver/Src/stm32f7xx_ll_usb.c **** 
1388:Drivers/STM32F7xx_HAL_Driver/Src/stm32f7xx_ll_usb.c ****   USBx_DEVICE->DCTL |= USB_OTG_DCTL_CGINAK;
1389:Drivers/STM32F7xx_HAL_Driver/Src/stm32f7xx_ll_usb.c **** 
1390:Drivers/STM32F7xx_HAL_Driver/Src/stm32f7xx_ll_usb.c ****   return HAL_OK;
1391:Drivers/STM32F7xx_HAL_Driver/Src/stm32f7xx_ll_usb.c **** }
1392:Drivers/STM32F7xx_HAL_Driver/Src/stm32f7xx_ll_usb.c **** 
1393:Drivers/STM32F7xx_HAL_Driver/Src/stm32f7xx_ll_usb.c **** /**
1394:Drivers/STM32F7xx_HAL_Driver/Src/stm32f7xx_ll_usb.c ****   * @brief  Prepare the EP0 to start the first control setup
1395:Drivers/STM32F7xx_HAL_Driver/Src/stm32f7xx_ll_usb.c ****   * @param  USBx  Selected device
1396:Drivers/STM32F7xx_HAL_Driver/Src/stm32f7xx_ll_usb.c ****   * @param  dma USB dma enabled or disabled
1397:Drivers/STM32F7xx_HAL_Driver/Src/stm32f7xx_ll_usb.c ****   *          This parameter can be one of these values:
1398:Drivers/STM32F7xx_HAL_Driver/Src/stm32f7xx_ll_usb.c ****   *           0 : DMA feature not used
ARM GAS  /tmp/ccyYvSLN.s 			page 26


1399:Drivers/STM32F7xx_HAL_Driver/Src/stm32f7xx_ll_usb.c ****   *           1 : DMA feature used
1400:Drivers/STM32F7xx_HAL_Driver/Src/stm32f7xx_ll_usb.c ****   * @param  psetup  pointer to setup packet
1401:Drivers/STM32F7xx_HAL_Driver/Src/stm32f7xx_ll_usb.c ****   * @retval HAL status
1402:Drivers/STM32F7xx_HAL_Driver/Src/stm32f7xx_ll_usb.c ****   */
1403:Drivers/STM32F7xx_HAL_Driver/Src/stm32f7xx_ll_usb.c **** HAL_StatusTypeDef USB_EP0_OutStart(const USB_OTG_GlobalTypeDef *USBx, uint8_t dma, const uint8_t *p
1404:Drivers/STM32F7xx_HAL_Driver/Src/stm32f7xx_ll_usb.c **** {
1405:Drivers/STM32F7xx_HAL_Driver/Src/stm32f7xx_ll_usb.c ****   uint32_t USBx_BASE = (uint32_t)USBx;
1406:Drivers/STM32F7xx_HAL_Driver/Src/stm32f7xx_ll_usb.c ****   uint32_t gSNPSiD = *(__IO const uint32_t *)(&USBx->CID + 0x1U);
1407:Drivers/STM32F7xx_HAL_Driver/Src/stm32f7xx_ll_usb.c **** 
1408:Drivers/STM32F7xx_HAL_Driver/Src/stm32f7xx_ll_usb.c ****   if (gSNPSiD > USB_OTG_CORE_ID_300A)
1409:Drivers/STM32F7xx_HAL_Driver/Src/stm32f7xx_ll_usb.c ****   {
1410:Drivers/STM32F7xx_HAL_Driver/Src/stm32f7xx_ll_usb.c ****     if ((USBx_OUTEP(0U)->DOEPCTL & USB_OTG_DOEPCTL_EPENA) == USB_OTG_DOEPCTL_EPENA)
1411:Drivers/STM32F7xx_HAL_Driver/Src/stm32f7xx_ll_usb.c ****     {
1412:Drivers/STM32F7xx_HAL_Driver/Src/stm32f7xx_ll_usb.c ****       return HAL_OK;
1413:Drivers/STM32F7xx_HAL_Driver/Src/stm32f7xx_ll_usb.c ****     }
1414:Drivers/STM32F7xx_HAL_Driver/Src/stm32f7xx_ll_usb.c ****   }
1415:Drivers/STM32F7xx_HAL_Driver/Src/stm32f7xx_ll_usb.c **** 
1416:Drivers/STM32F7xx_HAL_Driver/Src/stm32f7xx_ll_usb.c ****   USBx_OUTEP(0U)->DOEPTSIZ = 0U;
1417:Drivers/STM32F7xx_HAL_Driver/Src/stm32f7xx_ll_usb.c ****   USBx_OUTEP(0U)->DOEPTSIZ |= (USB_OTG_DOEPTSIZ_PKTCNT & (1U << 19));
1418:Drivers/STM32F7xx_HAL_Driver/Src/stm32f7xx_ll_usb.c ****   USBx_OUTEP(0U)->DOEPTSIZ |= (3U * 8U);
1419:Drivers/STM32F7xx_HAL_Driver/Src/stm32f7xx_ll_usb.c ****   USBx_OUTEP(0U)->DOEPTSIZ |=  USB_OTG_DOEPTSIZ_STUPCNT;
1420:Drivers/STM32F7xx_HAL_Driver/Src/stm32f7xx_ll_usb.c **** 
1421:Drivers/STM32F7xx_HAL_Driver/Src/stm32f7xx_ll_usb.c ****   if (dma == 1U)
1422:Drivers/STM32F7xx_HAL_Driver/Src/stm32f7xx_ll_usb.c ****   {
1423:Drivers/STM32F7xx_HAL_Driver/Src/stm32f7xx_ll_usb.c ****     USBx_OUTEP(0U)->DOEPDMA = (uint32_t)psetup;
1424:Drivers/STM32F7xx_HAL_Driver/Src/stm32f7xx_ll_usb.c ****     /* EP enable */
1425:Drivers/STM32F7xx_HAL_Driver/Src/stm32f7xx_ll_usb.c ****     USBx_OUTEP(0U)->DOEPCTL |= USB_OTG_DOEPCTL_EPENA | USB_OTG_DOEPCTL_USBAEP;
1426:Drivers/STM32F7xx_HAL_Driver/Src/stm32f7xx_ll_usb.c ****   }
1427:Drivers/STM32F7xx_HAL_Driver/Src/stm32f7xx_ll_usb.c **** 
1428:Drivers/STM32F7xx_HAL_Driver/Src/stm32f7xx_ll_usb.c ****   return HAL_OK;
1429:Drivers/STM32F7xx_HAL_Driver/Src/stm32f7xx_ll_usb.c **** }
1430:Drivers/STM32F7xx_HAL_Driver/Src/stm32f7xx_ll_usb.c **** 
1431:Drivers/STM32F7xx_HAL_Driver/Src/stm32f7xx_ll_usb.c **** /**
1432:Drivers/STM32F7xx_HAL_Driver/Src/stm32f7xx_ll_usb.c ****   * @brief  Reset the USB Core (needed after USB clock settings change)
1433:Drivers/STM32F7xx_HAL_Driver/Src/stm32f7xx_ll_usb.c ****   * @param  USBx  Selected device
1434:Drivers/STM32F7xx_HAL_Driver/Src/stm32f7xx_ll_usb.c ****   * @retval HAL status
1435:Drivers/STM32F7xx_HAL_Driver/Src/stm32f7xx_ll_usb.c ****   */
1436:Drivers/STM32F7xx_HAL_Driver/Src/stm32f7xx_ll_usb.c **** static HAL_StatusTypeDef USB_CoreReset(USB_OTG_GlobalTypeDef *USBx)
1437:Drivers/STM32F7xx_HAL_Driver/Src/stm32f7xx_ll_usb.c **** {
  29              		.loc 1 1437 1 view -0
  30              		.cfi_startproc
  31              		@ args = 0, pretend = 0, frame = 8
  32              		@ frame_needed = 0, uses_anonymous_args = 0
  33              		@ link register save eliminated.
  34              		.loc 1 1437 1 is_stmt 0 view .LVU1
  35 0000 82B0     		sub	sp, sp, #8
  36              	.LCFI0:
  37              		.cfi_def_cfa_offset 8
1438:Drivers/STM32F7xx_HAL_Driver/Src/stm32f7xx_ll_usb.c ****   __IO uint32_t count = 0U;
  38              		.loc 1 1438 3 is_stmt 1 view .LVU2
  39              		.loc 1 1438 17 is_stmt 0 view .LVU3
  40 0002 0023     		movs	r3, #0
  41 0004 0193     		str	r3, [sp, #4]
  42              	.L3:
1439:Drivers/STM32F7xx_HAL_Driver/Src/stm32f7xx_ll_usb.c **** 
1440:Drivers/STM32F7xx_HAL_Driver/Src/stm32f7xx_ll_usb.c ****   /* Wait for AHB master IDLE state. */
1441:Drivers/STM32F7xx_HAL_Driver/Src/stm32f7xx_ll_usb.c ****   do
ARM GAS  /tmp/ccyYvSLN.s 			page 27


  43              		.loc 1 1441 3 is_stmt 1 view .LVU4
1442:Drivers/STM32F7xx_HAL_Driver/Src/stm32f7xx_ll_usb.c ****   {
1443:Drivers/STM32F7xx_HAL_Driver/Src/stm32f7xx_ll_usb.c ****     count++;
  44              		.loc 1 1443 5 view .LVU5
  45              		.loc 1 1443 10 is_stmt 0 view .LVU6
  46 0006 019B     		ldr	r3, [sp, #4]
  47 0008 0133     		adds	r3, r3, #1
  48 000a 0193     		str	r3, [sp, #4]
1444:Drivers/STM32F7xx_HAL_Driver/Src/stm32f7xx_ll_usb.c **** 
1445:Drivers/STM32F7xx_HAL_Driver/Src/stm32f7xx_ll_usb.c ****     if (count > HAL_USB_TIMEOUT)
  49              		.loc 1 1445 5 is_stmt 1 view .LVU7
  50              		.loc 1 1445 15 is_stmt 0 view .LVU8
  51 000c 019B     		ldr	r3, [sp, #4]
  52              		.loc 1 1445 8 view .LVU9
  53 000e B3F1706F 		cmp	r3, #251658240
  54 0012 1CD8     		bhi	.L7
1446:Drivers/STM32F7xx_HAL_Driver/Src/stm32f7xx_ll_usb.c ****     {
1447:Drivers/STM32F7xx_HAL_Driver/Src/stm32f7xx_ll_usb.c ****       return HAL_TIMEOUT;
1448:Drivers/STM32F7xx_HAL_Driver/Src/stm32f7xx_ll_usb.c ****     }
1449:Drivers/STM32F7xx_HAL_Driver/Src/stm32f7xx_ll_usb.c ****   } while ((USBx->GRSTCTL & USB_OTG_GRSTCTL_AHBIDL) == 0U);
  55              		.loc 1 1449 53 is_stmt 1 view .LVU10
  56              		.loc 1 1449 17 is_stmt 0 view .LVU11
  57 0014 0369     		ldr	r3, [r0, #16]
  58              		.loc 1 1449 53 view .LVU12
  59 0016 002B     		cmp	r3, #0
  60 0018 F5DA     		bge	.L3
1450:Drivers/STM32F7xx_HAL_Driver/Src/stm32f7xx_ll_usb.c **** 
1451:Drivers/STM32F7xx_HAL_Driver/Src/stm32f7xx_ll_usb.c ****   count = 10U;
  61              		.loc 1 1451 3 is_stmt 1 view .LVU13
  62              		.loc 1 1451 9 is_stmt 0 view .LVU14
  63 001a 0A23     		movs	r3, #10
  64 001c 0193     		str	r3, [sp, #4]
1452:Drivers/STM32F7xx_HAL_Driver/Src/stm32f7xx_ll_usb.c **** 
1453:Drivers/STM32F7xx_HAL_Driver/Src/stm32f7xx_ll_usb.c ****   /* few cycles before setting core reset */
1454:Drivers/STM32F7xx_HAL_Driver/Src/stm32f7xx_ll_usb.c ****   while (count > 0U)
  65              		.loc 1 1454 3 is_stmt 1 view .LVU15
  66              		.loc 1 1454 9 is_stmt 0 view .LVU16
  67 001e 02E0     		b	.L4
  68              	.L5:
1455:Drivers/STM32F7xx_HAL_Driver/Src/stm32f7xx_ll_usb.c ****   {
1456:Drivers/STM32F7xx_HAL_Driver/Src/stm32f7xx_ll_usb.c ****     count--;
  69              		.loc 1 1456 5 is_stmt 1 view .LVU17
  70              		.loc 1 1456 10 is_stmt 0 view .LVU18
  71 0020 019B     		ldr	r3, [sp, #4]
  72 0022 013B     		subs	r3, r3, #1
  73 0024 0193     		str	r3, [sp, #4]
  74              	.L4:
1454:Drivers/STM32F7xx_HAL_Driver/Src/stm32f7xx_ll_usb.c ****   {
  75              		.loc 1 1454 16 is_stmt 1 view .LVU19
  76 0026 019B     		ldr	r3, [sp, #4]
  77 0028 002B     		cmp	r3, #0
  78 002a F9D1     		bne	.L5
1457:Drivers/STM32F7xx_HAL_Driver/Src/stm32f7xx_ll_usb.c ****   }
1458:Drivers/STM32F7xx_HAL_Driver/Src/stm32f7xx_ll_usb.c **** 
1459:Drivers/STM32F7xx_HAL_Driver/Src/stm32f7xx_ll_usb.c ****   /* Core Soft Reset */
1460:Drivers/STM32F7xx_HAL_Driver/Src/stm32f7xx_ll_usb.c ****   USBx->GRSTCTL |= USB_OTG_GRSTCTL_CSRST;
  79              		.loc 1 1460 3 view .LVU20
ARM GAS  /tmp/ccyYvSLN.s 			page 28


  80              		.loc 1 1460 7 is_stmt 0 view .LVU21
  81 002c 0369     		ldr	r3, [r0, #16]
  82              		.loc 1 1460 17 view .LVU22
  83 002e 43F00103 		orr	r3, r3, #1
  84 0032 0361     		str	r3, [r0, #16]
  85              	.L6:
1461:Drivers/STM32F7xx_HAL_Driver/Src/stm32f7xx_ll_usb.c **** 
1462:Drivers/STM32F7xx_HAL_Driver/Src/stm32f7xx_ll_usb.c ****   do
  86              		.loc 1 1462 3 is_stmt 1 view .LVU23
1463:Drivers/STM32F7xx_HAL_Driver/Src/stm32f7xx_ll_usb.c ****   {
1464:Drivers/STM32F7xx_HAL_Driver/Src/stm32f7xx_ll_usb.c ****     count++;
  87              		.loc 1 1464 5 view .LVU24
  88              		.loc 1 1464 10 is_stmt 0 view .LVU25
  89 0034 019B     		ldr	r3, [sp, #4]
  90 0036 0133     		adds	r3, r3, #1
  91 0038 0193     		str	r3, [sp, #4]
1465:Drivers/STM32F7xx_HAL_Driver/Src/stm32f7xx_ll_usb.c **** 
1466:Drivers/STM32F7xx_HAL_Driver/Src/stm32f7xx_ll_usb.c ****     if (count > HAL_USB_TIMEOUT)
  92              		.loc 1 1466 5 is_stmt 1 view .LVU26
  93              		.loc 1 1466 15 is_stmt 0 view .LVU27
  94 003a 019B     		ldr	r3, [sp, #4]
  95              		.loc 1 1466 8 view .LVU28
  96 003c B3F1706F 		cmp	r3, #251658240
  97 0040 08D8     		bhi	.L8
1467:Drivers/STM32F7xx_HAL_Driver/Src/stm32f7xx_ll_usb.c ****     {
1468:Drivers/STM32F7xx_HAL_Driver/Src/stm32f7xx_ll_usb.c ****       return HAL_TIMEOUT;
1469:Drivers/STM32F7xx_HAL_Driver/Src/stm32f7xx_ll_usb.c ****     }
1470:Drivers/STM32F7xx_HAL_Driver/Src/stm32f7xx_ll_usb.c ****   } while ((USBx->GRSTCTL & USB_OTG_GRSTCTL_CSRST) == USB_OTG_GRSTCTL_CSRST);
  98              		.loc 1 1470 52 is_stmt 1 view .LVU29
  99              		.loc 1 1470 17 is_stmt 0 view .LVU30
 100 0042 0369     		ldr	r3, [r0, #16]
 101              		.loc 1 1470 52 view .LVU31
 102 0044 13F0010F 		tst	r3, #1
 103 0048 F4D1     		bne	.L6
1471:Drivers/STM32F7xx_HAL_Driver/Src/stm32f7xx_ll_usb.c **** 
1472:Drivers/STM32F7xx_HAL_Driver/Src/stm32f7xx_ll_usb.c ****   return HAL_OK;
 104              		.loc 1 1472 10 view .LVU32
 105 004a 0020     		movs	r0, #0
 106              	.LVL1:
 107              		.loc 1 1472 10 view .LVU33
 108 004c 00E0     		b	.L2
 109              	.LVL2:
 110              	.L7:
1447:Drivers/STM32F7xx_HAL_Driver/Src/stm32f7xx_ll_usb.c ****     }
 111              		.loc 1 1447 14 view .LVU34
 112 004e 0320     		movs	r0, #3
 113              	.LVL3:
 114              	.L2:
1473:Drivers/STM32F7xx_HAL_Driver/Src/stm32f7xx_ll_usb.c **** }
 115              		.loc 1 1473 1 view .LVU35
 116 0050 02B0     		add	sp, sp, #8
 117              	.LCFI1:
 118              		.cfi_remember_state
 119              		.cfi_def_cfa_offset 0
 120              		@ sp needed
 121 0052 7047     		bx	lr
 122              	.LVL4:
ARM GAS  /tmp/ccyYvSLN.s 			page 29


 123              	.L8:
 124              	.LCFI2:
 125              		.cfi_restore_state
1468:Drivers/STM32F7xx_HAL_Driver/Src/stm32f7xx_ll_usb.c ****     }
 126              		.loc 1 1468 14 view .LVU36
 127 0054 0320     		movs	r0, #3
 128              	.LVL5:
1468:Drivers/STM32F7xx_HAL_Driver/Src/stm32f7xx_ll_usb.c ****     }
 129              		.loc 1 1468 14 view .LVU37
 130 0056 FBE7     		b	.L2
 131              		.cfi_endproc
 132              	.LFE175:
 134              		.section	.text.USB_CoreInit,"ax",%progbits
 135              		.align	1
 136              		.global	USB_CoreInit
 137              		.syntax unified
 138              		.thumb
 139              		.thumb_func
 141              	USB_CoreInit:
 142              	.LVL6:
 143              	.LFB141:
  87:Drivers/STM32F7xx_HAL_Driver/Src/stm32f7xx_ll_usb.c ****   HAL_StatusTypeDef ret;
 144              		.loc 1 87 1 is_stmt 1 view -0
 145              		.cfi_startproc
 146              		@ args = 20, pretend = 16, frame = 0
 147              		@ frame_needed = 0, uses_anonymous_args = 0
  87:Drivers/STM32F7xx_HAL_Driver/Src/stm32f7xx_ll_usb.c ****   HAL_StatusTypeDef ret;
 148              		.loc 1 87 1 is_stmt 0 view .LVU39
 149 0000 84B0     		sub	sp, sp, #16
 150              	.LCFI3:
 151              		.cfi_def_cfa_offset 16
 152 0002 10B5     		push	{r4, lr}
 153              	.LCFI4:
 154              		.cfi_def_cfa_offset 24
 155              		.cfi_offset 4, -24
 156              		.cfi_offset 14, -20
 157 0004 0446     		mov	r4, r0
 158 0006 03A8     		add	r0, sp, #12
 159              	.LVL7:
  87:Drivers/STM32F7xx_HAL_Driver/Src/stm32f7xx_ll_usb.c ****   HAL_StatusTypeDef ret;
 160              		.loc 1 87 1 view .LVU40
 161 0008 80E80E00 		stm	r0, {r1, r2, r3}
  88:Drivers/STM32F7xx_HAL_Driver/Src/stm32f7xx_ll_usb.c **** 
 162              		.loc 1 88 3 is_stmt 1 view .LVU41
  90:Drivers/STM32F7xx_HAL_Driver/Src/stm32f7xx_ll_usb.c ****   {
 163              		.loc 1 90 3 view .LVU42
  90:Drivers/STM32F7xx_HAL_Driver/Src/stm32f7xx_ll_usb.c ****   {
 164              		.loc 1 90 10 is_stmt 0 view .LVU43
 165 000c 9DF81130 		ldrb	r3, [sp, #17]	@ zero_extendqisi2
  90:Drivers/STM32F7xx_HAL_Driver/Src/stm32f7xx_ll_usb.c ****   {
 166              		.loc 1 90 6 view .LVU44
 167 0010 012B     		cmp	r3, #1
 168 0012 1FD1     		bne	.L11
  92:Drivers/STM32F7xx_HAL_Driver/Src/stm32f7xx_ll_usb.c **** 
 169              		.loc 1 92 5 is_stmt 1 view .LVU45
  92:Drivers/STM32F7xx_HAL_Driver/Src/stm32f7xx_ll_usb.c **** 
 170              		.loc 1 92 9 is_stmt 0 view .LVU46
ARM GAS  /tmp/ccyYvSLN.s 			page 30


 171 0014 A36B     		ldr	r3, [r4, #56]
  92:Drivers/STM32F7xx_HAL_Driver/Src/stm32f7xx_ll_usb.c **** 
 172              		.loc 1 92 17 view .LVU47
 173 0016 23F48033 		bic	r3, r3, #65536
 174 001a A363     		str	r3, [r4, #56]
  95:Drivers/STM32F7xx_HAL_Driver/Src/stm32f7xx_ll_usb.c **** 
 175              		.loc 1 95 5 is_stmt 1 view .LVU48
  95:Drivers/STM32F7xx_HAL_Driver/Src/stm32f7xx_ll_usb.c **** 
 176              		.loc 1 95 9 is_stmt 0 view .LVU49
 177 001c E268     		ldr	r2, [r4, #12]
  95:Drivers/STM32F7xx_HAL_Driver/Src/stm32f7xx_ll_usb.c **** 
 178              		.loc 1 95 19 view .LVU50
 179 001e 184B     		ldr	r3, .L18
 180 0020 1340     		ands	r3, r3, r2
 181 0022 E360     		str	r3, [r4, #12]
 105:Drivers/STM32F7xx_HAL_Driver/Src/stm32f7xx_ll_usb.c ****     if (cfg.use_external_vbus == 1U)
 182              		.loc 1 105 5 is_stmt 1 view .LVU51
 105:Drivers/STM32F7xx_HAL_Driver/Src/stm32f7xx_ll_usb.c ****     if (cfg.use_external_vbus == 1U)
 183              		.loc 1 105 9 is_stmt 0 view .LVU52
 184 0024 E368     		ldr	r3, [r4, #12]
 105:Drivers/STM32F7xx_HAL_Driver/Src/stm32f7xx_ll_usb.c ****     if (cfg.use_external_vbus == 1U)
 185              		.loc 1 105 19 view .LVU53
 186 0026 23F44013 		bic	r3, r3, #3145728
 187 002a E360     		str	r3, [r4, #12]
 106:Drivers/STM32F7xx_HAL_Driver/Src/stm32f7xx_ll_usb.c ****     {
 188              		.loc 1 106 5 is_stmt 1 view .LVU54
 106:Drivers/STM32F7xx_HAL_Driver/Src/stm32f7xx_ll_usb.c ****     {
 189              		.loc 1 106 12 is_stmt 0 view .LVU55
 190 002c 9DF81830 		ldrb	r3, [sp, #24]	@ zero_extendqisi2
 106:Drivers/STM32F7xx_HAL_Driver/Src/stm32f7xx_ll_usb.c ****     {
 191              		.loc 1 106 8 view .LVU56
 192 0030 012B     		cmp	r3, #1
 193 0032 0AD0     		beq	.L16
 194              	.L12:
 112:Drivers/STM32F7xx_HAL_Driver/Src/stm32f7xx_ll_usb.c ****   }
 195              		.loc 1 112 5 is_stmt 1 view .LVU57
 112:Drivers/STM32F7xx_HAL_Driver/Src/stm32f7xx_ll_usb.c ****   }
 196              		.loc 1 112 11 is_stmt 0 view .LVU58
 197 0034 2046     		mov	r0, r4
 198 0036 FFF7FEFF 		bl	USB_CoreReset
 199              	.LVL8:
 200              	.L13:
 161:Drivers/STM32F7xx_HAL_Driver/Src/stm32f7xx_ll_usb.c ****   {
 201              		.loc 1 161 3 is_stmt 1 view .LVU59
 161:Drivers/STM32F7xx_HAL_Driver/Src/stm32f7xx_ll_usb.c ****   {
 202              		.loc 1 161 10 is_stmt 0 view .LVU60
 203 003a 9DF80E30 		ldrb	r3, [sp, #14]	@ zero_extendqisi2
 161:Drivers/STM32F7xx_HAL_Driver/Src/stm32f7xx_ll_usb.c ****   {
 204              		.loc 1 161 6 view .LVU61
 205 003e 012B     		cmp	r3, #1
 206 0040 14D0     		beq	.L17
 207              	.L14:
 167:Drivers/STM32F7xx_HAL_Driver/Src/stm32f7xx_ll_usb.c **** }
 208              		.loc 1 167 3 is_stmt 1 view .LVU62
 168:Drivers/STM32F7xx_HAL_Driver/Src/stm32f7xx_ll_usb.c **** 
 209              		.loc 1 168 1 is_stmt 0 view .LVU63
 210 0042 BDE81040 		pop	{r4, lr}
ARM GAS  /tmp/ccyYvSLN.s 			page 31


 211              	.LCFI5:
 212              		.cfi_remember_state
 213              		.cfi_restore 14
 214              		.cfi_restore 4
 215              		.cfi_def_cfa_offset 16
 216              	.LVL9:
 168:Drivers/STM32F7xx_HAL_Driver/Src/stm32f7xx_ll_usb.c **** 
 217              		.loc 1 168 1 view .LVU64
 218 0046 04B0     		add	sp, sp, #16
 219              	.LCFI6:
 220              		.cfi_def_cfa_offset 0
 221 0048 7047     		bx	lr
 222              	.LVL10:
 223              	.L16:
 224              	.LCFI7:
 225              		.cfi_restore_state
 108:Drivers/STM32F7xx_HAL_Driver/Src/stm32f7xx_ll_usb.c ****     }
 226              		.loc 1 108 7 is_stmt 1 view .LVU65
 108:Drivers/STM32F7xx_HAL_Driver/Src/stm32f7xx_ll_usb.c ****     }
 227              		.loc 1 108 11 is_stmt 0 view .LVU66
 228 004a E368     		ldr	r3, [r4, #12]
 108:Drivers/STM32F7xx_HAL_Driver/Src/stm32f7xx_ll_usb.c ****     }
 229              		.loc 1 108 21 view .LVU67
 230 004c 43F48013 		orr	r3, r3, #1048576
 231 0050 E360     		str	r3, [r4, #12]
 232 0052 EFE7     		b	.L12
 233              	.L11:
 152:Drivers/STM32F7xx_HAL_Driver/Src/stm32f7xx_ll_usb.c **** 
 234              		.loc 1 152 5 is_stmt 1 view .LVU68
 152:Drivers/STM32F7xx_HAL_Driver/Src/stm32f7xx_ll_usb.c **** 
 235              		.loc 1 152 9 is_stmt 0 view .LVU69
 236 0054 E368     		ldr	r3, [r4, #12]
 152:Drivers/STM32F7xx_HAL_Driver/Src/stm32f7xx_ll_usb.c **** 
 237              		.loc 1 152 19 view .LVU70
 238 0056 43F04003 		orr	r3, r3, #64
 239 005a E360     		str	r3, [r4, #12]
 155:Drivers/STM32F7xx_HAL_Driver/Src/stm32f7xx_ll_usb.c **** 
 240              		.loc 1 155 5 is_stmt 1 view .LVU71
 155:Drivers/STM32F7xx_HAL_Driver/Src/stm32f7xx_ll_usb.c **** 
 241              		.loc 1 155 11 is_stmt 0 view .LVU72
 242 005c 2046     		mov	r0, r4
 243 005e FFF7FEFF 		bl	USB_CoreReset
 244              	.LVL11:
 158:Drivers/STM32F7xx_HAL_Driver/Src/stm32f7xx_ll_usb.c ****   }
 245              		.loc 1 158 5 is_stmt 1 view .LVU73
 158:Drivers/STM32F7xx_HAL_Driver/Src/stm32f7xx_ll_usb.c ****   }
 246              		.loc 1 158 9 is_stmt 0 view .LVU74
 247 0062 A36B     		ldr	r3, [r4, #56]
 158:Drivers/STM32F7xx_HAL_Driver/Src/stm32f7xx_ll_usb.c ****   }
 248              		.loc 1 158 17 view .LVU75
 249 0064 43F48033 		orr	r3, r3, #65536
 250 0068 A363     		str	r3, [r4, #56]
 251 006a E6E7     		b	.L13
 252              	.L17:
 163:Drivers/STM32F7xx_HAL_Driver/Src/stm32f7xx_ll_usb.c ****     USBx->GAHBCFG |= USB_OTG_GAHBCFG_DMAEN;
 253              		.loc 1 163 5 is_stmt 1 view .LVU76
 163:Drivers/STM32F7xx_HAL_Driver/Src/stm32f7xx_ll_usb.c ****     USBx->GAHBCFG |= USB_OTG_GAHBCFG_DMAEN;
ARM GAS  /tmp/ccyYvSLN.s 			page 32


 254              		.loc 1 163 9 is_stmt 0 view .LVU77
 255 006c A368     		ldr	r3, [r4, #8]
 163:Drivers/STM32F7xx_HAL_Driver/Src/stm32f7xx_ll_usb.c ****     USBx->GAHBCFG |= USB_OTG_GAHBCFG_DMAEN;
 256              		.loc 1 163 19 view .LVU78
 257 006e 43F00603 		orr	r3, r3, #6
 258 0072 A360     		str	r3, [r4, #8]
 164:Drivers/STM32F7xx_HAL_Driver/Src/stm32f7xx_ll_usb.c ****   }
 259              		.loc 1 164 5 is_stmt 1 view .LVU79
 164:Drivers/STM32F7xx_HAL_Driver/Src/stm32f7xx_ll_usb.c ****   }
 260              		.loc 1 164 9 is_stmt 0 view .LVU80
 261 0074 A368     		ldr	r3, [r4, #8]
 164:Drivers/STM32F7xx_HAL_Driver/Src/stm32f7xx_ll_usb.c ****   }
 262              		.loc 1 164 19 view .LVU81
 263 0076 43F02003 		orr	r3, r3, #32
 264 007a A360     		str	r3, [r4, #8]
 265 007c E1E7     		b	.L14
 266              	.L19:
 267 007e 00BF     		.align	2
 268              	.L18:
 269 0080 BFFFBDFF 		.word	-4325441
 270              		.cfi_endproc
 271              	.LFE141:
 273              		.section	.text.USB_SetTurnaroundTime,"ax",%progbits
 274              		.align	1
 275              		.global	USB_SetTurnaroundTime
 276              		.syntax unified
 277              		.thumb
 278              		.thumb_func
 280              	USB_SetTurnaroundTime:
 281              	.LVL12:
 282              	.LFB142:
 179:Drivers/STM32F7xx_HAL_Driver/Src/stm32f7xx_ll_usb.c ****   uint32_t UsbTrd;
 283              		.loc 1 179 1 is_stmt 1 view -0
 284              		.cfi_startproc
 285              		@ args = 0, pretend = 0, frame = 0
 286              		@ frame_needed = 0, uses_anonymous_args = 0
 287              		@ link register save eliminated.
 180:Drivers/STM32F7xx_HAL_Driver/Src/stm32f7xx_ll_usb.c **** 
 288              		.loc 1 180 3 view .LVU83
 186:Drivers/STM32F7xx_HAL_Driver/Src/stm32f7xx_ll_usb.c ****   {
 289              		.loc 1 186 3 view .LVU84
 186:Drivers/STM32F7xx_HAL_Driver/Src/stm32f7xx_ll_usb.c ****   {
 290              		.loc 1 186 6 is_stmt 0 view .LVU85
 291 0000 022A     		cmp	r2, #2
 292 0002 0AD0     		beq	.L32
 241:Drivers/STM32F7xx_HAL_Driver/Src/stm32f7xx_ll_usb.c ****   }
 293              		.loc 1 241 12 view .LVU86
 294 0004 0922     		movs	r2, #9
 295              	.LVL13:
 296              	.L21:
 248:Drivers/STM32F7xx_HAL_Driver/Src/stm32f7xx_ll_usb.c ****   USBx->GUSBCFG |= (uint32_t)((UsbTrd << 10) & USB_OTG_GUSBCFG_TRDT);
 297              		.loc 1 248 3 is_stmt 1 view .LVU87
 248:Drivers/STM32F7xx_HAL_Driver/Src/stm32f7xx_ll_usb.c ****   USBx->GUSBCFG |= (uint32_t)((UsbTrd << 10) & USB_OTG_GUSBCFG_TRDT);
 298              		.loc 1 248 7 is_stmt 0 view .LVU88
 299 0006 C368     		ldr	r3, [r0, #12]
 248:Drivers/STM32F7xx_HAL_Driver/Src/stm32f7xx_ll_usb.c ****   USBx->GUSBCFG |= (uint32_t)((UsbTrd << 10) & USB_OTG_GUSBCFG_TRDT);
 300              		.loc 1 248 17 view .LVU89
ARM GAS  /tmp/ccyYvSLN.s 			page 33


 301 0008 23F47053 		bic	r3, r3, #15360
 302 000c C360     		str	r3, [r0, #12]
 249:Drivers/STM32F7xx_HAL_Driver/Src/stm32f7xx_ll_usb.c **** 
 303              		.loc 1 249 3 is_stmt 1 view .LVU90
 249:Drivers/STM32F7xx_HAL_Driver/Src/stm32f7xx_ll_usb.c **** 
 304              		.loc 1 249 7 is_stmt 0 view .LVU91
 305 000e C368     		ldr	r3, [r0, #12]
 249:Drivers/STM32F7xx_HAL_Driver/Src/stm32f7xx_ll_usb.c **** 
 306              		.loc 1 249 17 view .LVU92
 307 0010 43EA8223 		orr	r3, r3, r2, lsl #10
 308 0014 C360     		str	r3, [r0, #12]
 251:Drivers/STM32F7xx_HAL_Driver/Src/stm32f7xx_ll_usb.c **** }
 309              		.loc 1 251 3 is_stmt 1 view .LVU93
 252:Drivers/STM32F7xx_HAL_Driver/Src/stm32f7xx_ll_usb.c **** 
 310              		.loc 1 252 1 is_stmt 0 view .LVU94
 311 0016 0020     		movs	r0, #0
 312              	.LVL14:
 252:Drivers/STM32F7xx_HAL_Driver/Src/stm32f7xx_ll_usb.c **** 
 313              		.loc 1 252 1 view .LVU95
 314 0018 7047     		bx	lr
 315              	.LVL15:
 316              	.L32:
 188:Drivers/STM32F7xx_HAL_Driver/Src/stm32f7xx_ll_usb.c ****     {
 317              		.loc 1 188 5 is_stmt 1 view .LVU96
 188:Drivers/STM32F7xx_HAL_Driver/Src/stm32f7xx_ll_usb.c ****     {
 318              		.loc 1 188 29 is_stmt 0 view .LVU97
 319 001a 204B     		ldr	r3, .L33
 320 001c 0B44     		add	r3, r3, r1
 188:Drivers/STM32F7xx_HAL_Driver/Src/stm32f7xx_ll_usb.c ****     {
 321              		.loc 1 188 8 view .LVU98
 322 001e 204A     		ldr	r2, .L33+4
 323              	.LVL16:
 188:Drivers/STM32F7xx_HAL_Driver/Src/stm32f7xx_ll_usb.c ****     {
 324              		.loc 1 188 8 view .LVU99
 325 0020 9342     		cmp	r3, r2
 326 0022 29D9     		bls	.L23
 193:Drivers/STM32F7xx_HAL_Driver/Src/stm32f7xx_ll_usb.c ****     {
 327              		.loc 1 193 10 is_stmt 1 view .LVU100
 193:Drivers/STM32F7xx_HAL_Driver/Src/stm32f7xx_ll_usb.c ****     {
 328              		.loc 1 193 34 is_stmt 0 view .LVU101
 329 0024 1F4B     		ldr	r3, .L33+8
 330 0026 0B44     		add	r3, r3, r1
 193:Drivers/STM32F7xx_HAL_Driver/Src/stm32f7xx_ll_usb.c ****     {
 331              		.loc 1 193 13 view .LVU102
 332 0028 1F4A     		ldr	r2, .L33+12
 333 002a 9342     		cmp	r3, r2
 334 002c 26D9     		bls	.L24
 198:Drivers/STM32F7xx_HAL_Driver/Src/stm32f7xx_ll_usb.c ****     {
 335              		.loc 1 198 10 is_stmt 1 view .LVU103
 198:Drivers/STM32F7xx_HAL_Driver/Src/stm32f7xx_ll_usb.c ****     {
 336              		.loc 1 198 34 is_stmt 0 view .LVU104
 337 002e 1F4B     		ldr	r3, .L33+16
 338 0030 0B44     		add	r3, r3, r1
 198:Drivers/STM32F7xx_HAL_Driver/Src/stm32f7xx_ll_usb.c ****     {
 339              		.loc 1 198 13 view .LVU105
 340 0032 1F4A     		ldr	r2, .L33+20
 341 0034 9342     		cmp	r3, r2
ARM GAS  /tmp/ccyYvSLN.s 			page 34


 342 0036 23D9     		bls	.L25
 203:Drivers/STM32F7xx_HAL_Driver/Src/stm32f7xx_ll_usb.c ****     {
 343              		.loc 1 203 10 is_stmt 1 view .LVU106
 203:Drivers/STM32F7xx_HAL_Driver/Src/stm32f7xx_ll_usb.c ****     {
 344              		.loc 1 203 34 is_stmt 0 view .LVU107
 345 0038 1E4B     		ldr	r3, .L33+24
 346 003a 0B44     		add	r3, r3, r1
 203:Drivers/STM32F7xx_HAL_Driver/Src/stm32f7xx_ll_usb.c ****     {
 347              		.loc 1 203 13 view .LVU108
 348 003c 1E4A     		ldr	r2, .L33+28
 349 003e 9342     		cmp	r3, r2
 350 0040 20D3     		bcc	.L26
 208:Drivers/STM32F7xx_HAL_Driver/Src/stm32f7xx_ll_usb.c ****     {
 351              		.loc 1 208 10 is_stmt 1 view .LVU109
 208:Drivers/STM32F7xx_HAL_Driver/Src/stm32f7xx_ll_usb.c ****     {
 352              		.loc 1 208 34 is_stmt 0 view .LVU110
 353 0042 1E4B     		ldr	r3, .L33+32
 354 0044 0B44     		add	r3, r3, r1
 208:Drivers/STM32F7xx_HAL_Driver/Src/stm32f7xx_ll_usb.c ****     {
 355              		.loc 1 208 13 view .LVU111
 356 0046 1E4A     		ldr	r2, .L33+36
 357 0048 9342     		cmp	r3, r2
 358 004a 1DD9     		bls	.L27
 213:Drivers/STM32F7xx_HAL_Driver/Src/stm32f7xx_ll_usb.c ****     {
 359              		.loc 1 213 10 is_stmt 1 view .LVU112
 213:Drivers/STM32F7xx_HAL_Driver/Src/stm32f7xx_ll_usb.c ****     {
 360              		.loc 1 213 34 is_stmt 0 view .LVU113
 361 004c 1D4B     		ldr	r3, .L33+40
 362 004e 0B44     		add	r3, r3, r1
 213:Drivers/STM32F7xx_HAL_Driver/Src/stm32f7xx_ll_usb.c ****     {
 363              		.loc 1 213 13 view .LVU114
 364 0050 1D4A     		ldr	r2, .L33+44
 365 0052 9342     		cmp	r3, r2
 366 0054 1AD3     		bcc	.L28
 218:Drivers/STM32F7xx_HAL_Driver/Src/stm32f7xx_ll_usb.c ****     {
 367              		.loc 1 218 10 is_stmt 1 view .LVU115
 218:Drivers/STM32F7xx_HAL_Driver/Src/stm32f7xx_ll_usb.c ****     {
 368              		.loc 1 218 34 is_stmt 0 view .LVU116
 369 0056 1D4B     		ldr	r3, .L33+48
 370 0058 0B44     		add	r3, r3, r1
 218:Drivers/STM32F7xx_HAL_Driver/Src/stm32f7xx_ll_usb.c ****     {
 371              		.loc 1 218 13 view .LVU117
 372 005a 1D4A     		ldr	r2, .L33+52
 373 005c 9342     		cmp	r3, r2
 374 005e 17D3     		bcc	.L29
 223:Drivers/STM32F7xx_HAL_Driver/Src/stm32f7xx_ll_usb.c ****     {
 375              		.loc 1 223 10 is_stmt 1 view .LVU118
 223:Drivers/STM32F7xx_HAL_Driver/Src/stm32f7xx_ll_usb.c ****     {
 376              		.loc 1 223 34 is_stmt 0 view .LVU119
 377 0060 1C4B     		ldr	r3, .L33+56
 378 0062 0B44     		add	r3, r3, r1
 223:Drivers/STM32F7xx_HAL_Driver/Src/stm32f7xx_ll_usb.c ****     {
 379              		.loc 1 223 13 view .LVU120
 380 0064 1C4A     		ldr	r2, .L33+60
 381 0066 9342     		cmp	r3, r2
 382 0068 14D3     		bcc	.L30
 228:Drivers/STM32F7xx_HAL_Driver/Src/stm32f7xx_ll_usb.c ****     {
ARM GAS  /tmp/ccyYvSLN.s 			page 35


 383              		.loc 1 228 10 is_stmt 1 view .LVU121
 228:Drivers/STM32F7xx_HAL_Driver/Src/stm32f7xx_ll_usb.c ****     {
 384              		.loc 1 228 34 is_stmt 0 view .LVU122
 385 006a 1C4B     		ldr	r3, .L33+64
 386 006c 0B44     		add	r3, r3, r1
 228:Drivers/STM32F7xx_HAL_Driver/Src/stm32f7xx_ll_usb.c ****     {
 387              		.loc 1 228 13 view .LVU123
 388 006e 1C4A     		ldr	r2, .L33+68
 389 0070 9342     		cmp	r3, r2
 390 0072 11D2     		bcs	.L31
 231:Drivers/STM32F7xx_HAL_Driver/Src/stm32f7xx_ll_usb.c ****     }
 391              		.loc 1 231 14 view .LVU124
 392 0074 0722     		movs	r2, #7
 393 0076 C6E7     		b	.L21
 394              	.L23:
 191:Drivers/STM32F7xx_HAL_Driver/Src/stm32f7xx_ll_usb.c ****     }
 395              		.loc 1 191 14 view .LVU125
 396 0078 0F22     		movs	r2, #15
 397 007a C4E7     		b	.L21
 398              	.L24:
 196:Drivers/STM32F7xx_HAL_Driver/Src/stm32f7xx_ll_usb.c ****     }
 399              		.loc 1 196 14 view .LVU126
 400 007c 0E22     		movs	r2, #14
 401 007e C2E7     		b	.L21
 402              	.L25:
 201:Drivers/STM32F7xx_HAL_Driver/Src/stm32f7xx_ll_usb.c ****     }
 403              		.loc 1 201 14 view .LVU127
 404 0080 0D22     		movs	r2, #13
 405 0082 C0E7     		b	.L21
 406              	.L26:
 206:Drivers/STM32F7xx_HAL_Driver/Src/stm32f7xx_ll_usb.c ****     }
 407              		.loc 1 206 14 view .LVU128
 408 0084 0C22     		movs	r2, #12
 409 0086 BEE7     		b	.L21
 410              	.L27:
 211:Drivers/STM32F7xx_HAL_Driver/Src/stm32f7xx_ll_usb.c ****     }
 411              		.loc 1 211 14 view .LVU129
 412 0088 0B22     		movs	r2, #11
 413 008a BCE7     		b	.L21
 414              	.L28:
 216:Drivers/STM32F7xx_HAL_Driver/Src/stm32f7xx_ll_usb.c ****     }
 415              		.loc 1 216 14 view .LVU130
 416 008c 0A22     		movs	r2, #10
 417 008e BAE7     		b	.L21
 418              	.L29:
 221:Drivers/STM32F7xx_HAL_Driver/Src/stm32f7xx_ll_usb.c ****     }
 419              		.loc 1 221 14 view .LVU131
 420 0090 0922     		movs	r2, #9
 421 0092 B8E7     		b	.L21
 422              	.L30:
 226:Drivers/STM32F7xx_HAL_Driver/Src/stm32f7xx_ll_usb.c ****     }
 423              		.loc 1 226 14 view .LVU132
 424 0094 0822     		movs	r2, #8
 425 0096 B6E7     		b	.L21
 426              	.L31:
 236:Drivers/STM32F7xx_HAL_Driver/Src/stm32f7xx_ll_usb.c ****     }
 427              		.loc 1 236 14 view .LVU133
ARM GAS  /tmp/ccyYvSLN.s 			page 36


 428 0098 0622     		movs	r2, #6
 429 009a B4E7     		b	.L21
 430              	.L34:
 431              		.align	2
 432              	.L33:
 433 009c 405327FF 		.word	-14200000
 434 00a0 FF340C00 		.word	799999
 435 00a4 401E1BFF 		.word	-15000000
 436 00a8 3F420F00 		.word	999999
 437 00ac 00DC0BFF 		.word	-16000000
 438 00b0 7F4F1200 		.word	1199999
 439 00b4 808CF9FE 		.word	-17200000
 440 00b8 20D61300 		.word	1300000
 441 00bc 60B6E5FE 		.word	-18500000
 442 00c0 5FE31600 		.word	1499999
 443 00c4 00D3CEFE 		.word	-20000000
 444 00c8 40771B00 		.word	1800000
 445 00cc C05BB3FE 		.word	-21800000
 446 00d0 C0912100 		.word	2200000
 447 00d4 00CA91FE 		.word	-24000000
 448 00d8 20753800 		.word	3700000
 449 00dc E05459FE 		.word	-27700000
 450 00e0 E09C4100 		.word	4300000
 451              		.cfi_endproc
 452              	.LFE142:
 454              		.section	.text.USB_EnableGlobalInt,"ax",%progbits
 455              		.align	1
 456              		.global	USB_EnableGlobalInt
 457              		.syntax unified
 458              		.thumb
 459              		.thumb_func
 461              	USB_EnableGlobalInt:
 462              	.LVL17:
 463              	.LFB143:
 261:Drivers/STM32F7xx_HAL_Driver/Src/stm32f7xx_ll_usb.c ****   USBx->GAHBCFG |= USB_OTG_GAHBCFG_GINT;
 464              		.loc 1 261 1 is_stmt 1 view -0
 465              		.cfi_startproc
 466              		@ args = 0, pretend = 0, frame = 0
 467              		@ frame_needed = 0, uses_anonymous_args = 0
 468              		@ link register save eliminated.
 262:Drivers/STM32F7xx_HAL_Driver/Src/stm32f7xx_ll_usb.c ****   return HAL_OK;
 469              		.loc 1 262 3 view .LVU135
 262:Drivers/STM32F7xx_HAL_Driver/Src/stm32f7xx_ll_usb.c ****   return HAL_OK;
 470              		.loc 1 262 7 is_stmt 0 view .LVU136
 471 0000 8368     		ldr	r3, [r0, #8]
 262:Drivers/STM32F7xx_HAL_Driver/Src/stm32f7xx_ll_usb.c ****   return HAL_OK;
 472              		.loc 1 262 17 view .LVU137
 473 0002 43F00103 		orr	r3, r3, #1
 474 0006 8360     		str	r3, [r0, #8]
 263:Drivers/STM32F7xx_HAL_Driver/Src/stm32f7xx_ll_usb.c **** }
 475              		.loc 1 263 3 is_stmt 1 view .LVU138
 264:Drivers/STM32F7xx_HAL_Driver/Src/stm32f7xx_ll_usb.c **** 
 476              		.loc 1 264 1 is_stmt 0 view .LVU139
 477 0008 0020     		movs	r0, #0
 478              	.LVL18:
 264:Drivers/STM32F7xx_HAL_Driver/Src/stm32f7xx_ll_usb.c **** 
 479              		.loc 1 264 1 view .LVU140
ARM GAS  /tmp/ccyYvSLN.s 			page 37


 480 000a 7047     		bx	lr
 481              		.cfi_endproc
 482              	.LFE143:
 484              		.section	.text.USB_DisableGlobalInt,"ax",%progbits
 485              		.align	1
 486              		.global	USB_DisableGlobalInt
 487              		.syntax unified
 488              		.thumb
 489              		.thumb_func
 491              	USB_DisableGlobalInt:
 492              	.LVL19:
 493              	.LFB144:
 273:Drivers/STM32F7xx_HAL_Driver/Src/stm32f7xx_ll_usb.c ****   USBx->GAHBCFG &= ~USB_OTG_GAHBCFG_GINT;
 494              		.loc 1 273 1 is_stmt 1 view -0
 495              		.cfi_startproc
 496              		@ args = 0, pretend = 0, frame = 0
 497              		@ frame_needed = 0, uses_anonymous_args = 0
 498              		@ link register save eliminated.
 274:Drivers/STM32F7xx_HAL_Driver/Src/stm32f7xx_ll_usb.c ****   return HAL_OK;
 499              		.loc 1 274 3 view .LVU142
 274:Drivers/STM32F7xx_HAL_Driver/Src/stm32f7xx_ll_usb.c ****   return HAL_OK;
 500              		.loc 1 274 7 is_stmt 0 view .LVU143
 501 0000 8368     		ldr	r3, [r0, #8]
 274:Drivers/STM32F7xx_HAL_Driver/Src/stm32f7xx_ll_usb.c ****   return HAL_OK;
 502              		.loc 1 274 17 view .LVU144
 503 0002 23F00103 		bic	r3, r3, #1
 504 0006 8360     		str	r3, [r0, #8]
 275:Drivers/STM32F7xx_HAL_Driver/Src/stm32f7xx_ll_usb.c **** }
 505              		.loc 1 275 3 is_stmt 1 view .LVU145
 276:Drivers/STM32F7xx_HAL_Driver/Src/stm32f7xx_ll_usb.c **** 
 506              		.loc 1 276 1 is_stmt 0 view .LVU146
 507 0008 0020     		movs	r0, #0
 508              	.LVL20:
 276:Drivers/STM32F7xx_HAL_Driver/Src/stm32f7xx_ll_usb.c **** 
 509              		.loc 1 276 1 view .LVU147
 510 000a 7047     		bx	lr
 511              		.cfi_endproc
 512              	.LFE144:
 514              		.section	.text.USB_FlushTxFifo,"ax",%progbits
 515              		.align	1
 516              		.global	USB_FlushTxFifo
 517              		.syntax unified
 518              		.thumb
 519              		.thumb_func
 521              	USB_FlushTxFifo:
 522              	.LVL21:
 523              	.LFB147:
 504:Drivers/STM32F7xx_HAL_Driver/Src/stm32f7xx_ll_usb.c ****   __IO uint32_t count = 0U;
 524              		.loc 1 504 1 is_stmt 1 view -0
 525              		.cfi_startproc
 526              		@ args = 0, pretend = 0, frame = 8
 527              		@ frame_needed = 0, uses_anonymous_args = 0
 528              		@ link register save eliminated.
 504:Drivers/STM32F7xx_HAL_Driver/Src/stm32f7xx_ll_usb.c ****   __IO uint32_t count = 0U;
 529              		.loc 1 504 1 is_stmt 0 view .LVU149
 530 0000 82B0     		sub	sp, sp, #8
 531              	.LCFI8:
ARM GAS  /tmp/ccyYvSLN.s 			page 38


 532              		.cfi_def_cfa_offset 8
 505:Drivers/STM32F7xx_HAL_Driver/Src/stm32f7xx_ll_usb.c **** 
 533              		.loc 1 505 3 is_stmt 1 view .LVU150
 505:Drivers/STM32F7xx_HAL_Driver/Src/stm32f7xx_ll_usb.c **** 
 534              		.loc 1 505 17 is_stmt 0 view .LVU151
 535 0002 0023     		movs	r3, #0
 536 0004 0193     		str	r3, [sp, #4]
 537              	.L39:
 508:Drivers/STM32F7xx_HAL_Driver/Src/stm32f7xx_ll_usb.c ****   {
 538              		.loc 1 508 3 is_stmt 1 view .LVU152
 510:Drivers/STM32F7xx_HAL_Driver/Src/stm32f7xx_ll_usb.c **** 
 539              		.loc 1 510 5 view .LVU153
 510:Drivers/STM32F7xx_HAL_Driver/Src/stm32f7xx_ll_usb.c **** 
 540              		.loc 1 510 10 is_stmt 0 view .LVU154
 541 0006 019B     		ldr	r3, [sp, #4]
 542 0008 0133     		adds	r3, r3, #1
 543 000a 0193     		str	r3, [sp, #4]
 512:Drivers/STM32F7xx_HAL_Driver/Src/stm32f7xx_ll_usb.c ****     {
 544              		.loc 1 512 5 is_stmt 1 view .LVU155
 512:Drivers/STM32F7xx_HAL_Driver/Src/stm32f7xx_ll_usb.c ****     {
 545              		.loc 1 512 15 is_stmt 0 view .LVU156
 546 000c 019B     		ldr	r3, [sp, #4]
 512:Drivers/STM32F7xx_HAL_Driver/Src/stm32f7xx_ll_usb.c ****     {
 547              		.loc 1 512 8 view .LVU157
 548 000e B3F1706F 		cmp	r3, #251658240
 549 0012 15D8     		bhi	.L41
 516:Drivers/STM32F7xx_HAL_Driver/Src/stm32f7xx_ll_usb.c **** 
 550              		.loc 1 516 53 is_stmt 1 view .LVU158
 516:Drivers/STM32F7xx_HAL_Driver/Src/stm32f7xx_ll_usb.c **** 
 551              		.loc 1 516 17 is_stmt 0 view .LVU159
 552 0014 0369     		ldr	r3, [r0, #16]
 516:Drivers/STM32F7xx_HAL_Driver/Src/stm32f7xx_ll_usb.c **** 
 553              		.loc 1 516 53 view .LVU160
 554 0016 002B     		cmp	r3, #0
 555 0018 F5DA     		bge	.L39
 519:Drivers/STM32F7xx_HAL_Driver/Src/stm32f7xx_ll_usb.c ****   USBx->GRSTCTL = (USB_OTG_GRSTCTL_TXFFLSH | (num << 6));
 556              		.loc 1 519 3 is_stmt 1 view .LVU161
 519:Drivers/STM32F7xx_HAL_Driver/Src/stm32f7xx_ll_usb.c ****   USBx->GRSTCTL = (USB_OTG_GRSTCTL_TXFFLSH | (num << 6));
 557              		.loc 1 519 9 is_stmt 0 view .LVU162
 558 001a 0023     		movs	r3, #0
 559 001c 0193     		str	r3, [sp, #4]
 520:Drivers/STM32F7xx_HAL_Driver/Src/stm32f7xx_ll_usb.c **** 
 560              		.loc 1 520 3 is_stmt 1 view .LVU163
 520:Drivers/STM32F7xx_HAL_Driver/Src/stm32f7xx_ll_usb.c **** 
 561              		.loc 1 520 51 is_stmt 0 view .LVU164
 562 001e 8901     		lsls	r1, r1, #6
 563              	.LVL22:
 520:Drivers/STM32F7xx_HAL_Driver/Src/stm32f7xx_ll_usb.c **** 
 564              		.loc 1 520 44 view .LVU165
 565 0020 41F02001 		orr	r1, r1, #32
 520:Drivers/STM32F7xx_HAL_Driver/Src/stm32f7xx_ll_usb.c **** 
 566              		.loc 1 520 17 view .LVU166
 567 0024 0161     		str	r1, [r0, #16]
 568              	.L40:
 522:Drivers/STM32F7xx_HAL_Driver/Src/stm32f7xx_ll_usb.c ****   {
 569              		.loc 1 522 3 is_stmt 1 view .LVU167
 524:Drivers/STM32F7xx_HAL_Driver/Src/stm32f7xx_ll_usb.c **** 
ARM GAS  /tmp/ccyYvSLN.s 			page 39


 570              		.loc 1 524 5 view .LVU168
 524:Drivers/STM32F7xx_HAL_Driver/Src/stm32f7xx_ll_usb.c **** 
 571              		.loc 1 524 10 is_stmt 0 view .LVU169
 572 0026 019B     		ldr	r3, [sp, #4]
 573 0028 0133     		adds	r3, r3, #1
 574 002a 0193     		str	r3, [sp, #4]
 526:Drivers/STM32F7xx_HAL_Driver/Src/stm32f7xx_ll_usb.c ****     {
 575              		.loc 1 526 5 is_stmt 1 view .LVU170
 526:Drivers/STM32F7xx_HAL_Driver/Src/stm32f7xx_ll_usb.c ****     {
 576              		.loc 1 526 15 is_stmt 0 view .LVU171
 577 002c 019B     		ldr	r3, [sp, #4]
 526:Drivers/STM32F7xx_HAL_Driver/Src/stm32f7xx_ll_usb.c ****     {
 578              		.loc 1 526 8 view .LVU172
 579 002e B3F1706F 		cmp	r3, #251658240
 580 0032 08D8     		bhi	.L42
 530:Drivers/STM32F7xx_HAL_Driver/Src/stm32f7xx_ll_usb.c **** 
 581              		.loc 1 530 54 is_stmt 1 view .LVU173
 530:Drivers/STM32F7xx_HAL_Driver/Src/stm32f7xx_ll_usb.c **** 
 582              		.loc 1 530 17 is_stmt 0 view .LVU174
 583 0034 0369     		ldr	r3, [r0, #16]
 530:Drivers/STM32F7xx_HAL_Driver/Src/stm32f7xx_ll_usb.c **** 
 584              		.loc 1 530 54 view .LVU175
 585 0036 13F0200F 		tst	r3, #32
 586 003a F4D1     		bne	.L40
 532:Drivers/STM32F7xx_HAL_Driver/Src/stm32f7xx_ll_usb.c **** }
 587              		.loc 1 532 10 view .LVU176
 588 003c 0020     		movs	r0, #0
 589              	.LVL23:
 532:Drivers/STM32F7xx_HAL_Driver/Src/stm32f7xx_ll_usb.c **** }
 590              		.loc 1 532 10 view .LVU177
 591 003e 00E0     		b	.L38
 592              	.LVL24:
 593              	.L41:
 514:Drivers/STM32F7xx_HAL_Driver/Src/stm32f7xx_ll_usb.c ****     }
 594              		.loc 1 514 14 view .LVU178
 595 0040 0320     		movs	r0, #3
 596              	.LVL25:
 597              	.L38:
 533:Drivers/STM32F7xx_HAL_Driver/Src/stm32f7xx_ll_usb.c **** 
 598              		.loc 1 533 1 view .LVU179
 599 0042 02B0     		add	sp, sp, #8
 600              	.LCFI9:
 601              		.cfi_remember_state
 602              		.cfi_def_cfa_offset 0
 603              		@ sp needed
 604 0044 7047     		bx	lr
 605              	.LVL26:
 606              	.L42:
 607              	.LCFI10:
 608              		.cfi_restore_state
 528:Drivers/STM32F7xx_HAL_Driver/Src/stm32f7xx_ll_usb.c ****     }
 609              		.loc 1 528 14 view .LVU180
 610 0046 0320     		movs	r0, #3
 611              	.LVL27:
 528:Drivers/STM32F7xx_HAL_Driver/Src/stm32f7xx_ll_usb.c ****     }
 612              		.loc 1 528 14 view .LVU181
 613 0048 FBE7     		b	.L38
ARM GAS  /tmp/ccyYvSLN.s 			page 40


 614              		.cfi_endproc
 615              	.LFE147:
 617              		.section	.text.USB_FlushRxFifo,"ax",%progbits
 618              		.align	1
 619              		.global	USB_FlushRxFifo
 620              		.syntax unified
 621              		.thumb
 622              		.thumb_func
 624              	USB_FlushRxFifo:
 625              	.LVL28:
 626              	.LFB148:
 541:Drivers/STM32F7xx_HAL_Driver/Src/stm32f7xx_ll_usb.c ****   __IO uint32_t count = 0U;
 627              		.loc 1 541 1 is_stmt 1 view -0
 628              		.cfi_startproc
 629              		@ args = 0, pretend = 0, frame = 8
 630              		@ frame_needed = 0, uses_anonymous_args = 0
 631              		@ link register save eliminated.
 541:Drivers/STM32F7xx_HAL_Driver/Src/stm32f7xx_ll_usb.c ****   __IO uint32_t count = 0U;
 632              		.loc 1 541 1 is_stmt 0 view .LVU183
 633 0000 82B0     		sub	sp, sp, #8
 634              	.LCFI11:
 635              		.cfi_def_cfa_offset 8
 542:Drivers/STM32F7xx_HAL_Driver/Src/stm32f7xx_ll_usb.c **** 
 636              		.loc 1 542 3 is_stmt 1 view .LVU184
 542:Drivers/STM32F7xx_HAL_Driver/Src/stm32f7xx_ll_usb.c **** 
 637              		.loc 1 542 17 is_stmt 0 view .LVU185
 638 0002 0023     		movs	r3, #0
 639 0004 0193     		str	r3, [sp, #4]
 640              	.L46:
 545:Drivers/STM32F7xx_HAL_Driver/Src/stm32f7xx_ll_usb.c ****   {
 641              		.loc 1 545 3 is_stmt 1 view .LVU186
 547:Drivers/STM32F7xx_HAL_Driver/Src/stm32f7xx_ll_usb.c **** 
 642              		.loc 1 547 5 view .LVU187
 547:Drivers/STM32F7xx_HAL_Driver/Src/stm32f7xx_ll_usb.c **** 
 643              		.loc 1 547 10 is_stmt 0 view .LVU188
 644 0006 019B     		ldr	r3, [sp, #4]
 645 0008 0133     		adds	r3, r3, #1
 646 000a 0193     		str	r3, [sp, #4]
 549:Drivers/STM32F7xx_HAL_Driver/Src/stm32f7xx_ll_usb.c ****     {
 647              		.loc 1 549 5 is_stmt 1 view .LVU189
 549:Drivers/STM32F7xx_HAL_Driver/Src/stm32f7xx_ll_usb.c ****     {
 648              		.loc 1 549 15 is_stmt 0 view .LVU190
 649 000c 019B     		ldr	r3, [sp, #4]
 549:Drivers/STM32F7xx_HAL_Driver/Src/stm32f7xx_ll_usb.c ****     {
 650              		.loc 1 549 8 view .LVU191
 651 000e B3F1706F 		cmp	r3, #251658240
 652 0012 13D8     		bhi	.L48
 553:Drivers/STM32F7xx_HAL_Driver/Src/stm32f7xx_ll_usb.c **** 
 653              		.loc 1 553 53 is_stmt 1 view .LVU192
 553:Drivers/STM32F7xx_HAL_Driver/Src/stm32f7xx_ll_usb.c **** 
 654              		.loc 1 553 17 is_stmt 0 view .LVU193
 655 0014 0369     		ldr	r3, [r0, #16]
 553:Drivers/STM32F7xx_HAL_Driver/Src/stm32f7xx_ll_usb.c **** 
 656              		.loc 1 553 53 view .LVU194
 657 0016 002B     		cmp	r3, #0
 658 0018 F5DA     		bge	.L46
 556:Drivers/STM32F7xx_HAL_Driver/Src/stm32f7xx_ll_usb.c ****   USBx->GRSTCTL = USB_OTG_GRSTCTL_RXFFLSH;
ARM GAS  /tmp/ccyYvSLN.s 			page 41


 659              		.loc 1 556 3 is_stmt 1 view .LVU195
 556:Drivers/STM32F7xx_HAL_Driver/Src/stm32f7xx_ll_usb.c ****   USBx->GRSTCTL = USB_OTG_GRSTCTL_RXFFLSH;
 660              		.loc 1 556 9 is_stmt 0 view .LVU196
 661 001a 0023     		movs	r3, #0
 662 001c 0193     		str	r3, [sp, #4]
 557:Drivers/STM32F7xx_HAL_Driver/Src/stm32f7xx_ll_usb.c **** 
 663              		.loc 1 557 3 is_stmt 1 view .LVU197
 557:Drivers/STM32F7xx_HAL_Driver/Src/stm32f7xx_ll_usb.c **** 
 664              		.loc 1 557 17 is_stmt 0 view .LVU198
 665 001e 1023     		movs	r3, #16
 666 0020 0361     		str	r3, [r0, #16]
 667              	.L47:
 559:Drivers/STM32F7xx_HAL_Driver/Src/stm32f7xx_ll_usb.c ****   {
 668              		.loc 1 559 3 is_stmt 1 view .LVU199
 561:Drivers/STM32F7xx_HAL_Driver/Src/stm32f7xx_ll_usb.c **** 
 669              		.loc 1 561 5 view .LVU200
 561:Drivers/STM32F7xx_HAL_Driver/Src/stm32f7xx_ll_usb.c **** 
 670              		.loc 1 561 10 is_stmt 0 view .LVU201
 671 0022 019B     		ldr	r3, [sp, #4]
 672 0024 0133     		adds	r3, r3, #1
 673 0026 0193     		str	r3, [sp, #4]
 563:Drivers/STM32F7xx_HAL_Driver/Src/stm32f7xx_ll_usb.c ****     {
 674              		.loc 1 563 5 is_stmt 1 view .LVU202
 563:Drivers/STM32F7xx_HAL_Driver/Src/stm32f7xx_ll_usb.c ****     {
 675              		.loc 1 563 15 is_stmt 0 view .LVU203
 676 0028 019B     		ldr	r3, [sp, #4]
 563:Drivers/STM32F7xx_HAL_Driver/Src/stm32f7xx_ll_usb.c ****     {
 677              		.loc 1 563 8 view .LVU204
 678 002a B3F1706F 		cmp	r3, #251658240
 679 002e 08D8     		bhi	.L49
 567:Drivers/STM32F7xx_HAL_Driver/Src/stm32f7xx_ll_usb.c **** 
 680              		.loc 1 567 54 is_stmt 1 view .LVU205
 567:Drivers/STM32F7xx_HAL_Driver/Src/stm32f7xx_ll_usb.c **** 
 681              		.loc 1 567 17 is_stmt 0 view .LVU206
 682 0030 0369     		ldr	r3, [r0, #16]
 567:Drivers/STM32F7xx_HAL_Driver/Src/stm32f7xx_ll_usb.c **** 
 683              		.loc 1 567 54 view .LVU207
 684 0032 13F0100F 		tst	r3, #16
 685 0036 F4D1     		bne	.L47
 569:Drivers/STM32F7xx_HAL_Driver/Src/stm32f7xx_ll_usb.c **** }
 686              		.loc 1 569 10 view .LVU208
 687 0038 0020     		movs	r0, #0
 688              	.LVL29:
 569:Drivers/STM32F7xx_HAL_Driver/Src/stm32f7xx_ll_usb.c **** }
 689              		.loc 1 569 10 view .LVU209
 690 003a 00E0     		b	.L45
 691              	.LVL30:
 692              	.L48:
 551:Drivers/STM32F7xx_HAL_Driver/Src/stm32f7xx_ll_usb.c ****     }
 693              		.loc 1 551 14 view .LVU210
 694 003c 0320     		movs	r0, #3
 695              	.LVL31:
 696              	.L45:
 570:Drivers/STM32F7xx_HAL_Driver/Src/stm32f7xx_ll_usb.c **** 
 697              		.loc 1 570 1 view .LVU211
 698 003e 02B0     		add	sp, sp, #8
 699              	.LCFI12:
ARM GAS  /tmp/ccyYvSLN.s 			page 42


 700              		.cfi_remember_state
 701              		.cfi_def_cfa_offset 0
 702              		@ sp needed
 703 0040 7047     		bx	lr
 704              	.LVL32:
 705              	.L49:
 706              	.LCFI13:
 707              		.cfi_restore_state
 565:Drivers/STM32F7xx_HAL_Driver/Src/stm32f7xx_ll_usb.c ****     }
 708              		.loc 1 565 14 view .LVU212
 709 0042 0320     		movs	r0, #3
 710              	.LVL33:
 565:Drivers/STM32F7xx_HAL_Driver/Src/stm32f7xx_ll_usb.c ****     }
 711              		.loc 1 565 14 view .LVU213
 712 0044 FBE7     		b	.L45
 713              		.cfi_endproc
 714              	.LFE148:
 716              		.section	.text.USB_SetDevSpeed,"ax",%progbits
 717              		.align	1
 718              		.global	USB_SetDevSpeed
 719              		.syntax unified
 720              		.thumb
 721              		.thumb_func
 723              	USB_SetDevSpeed:
 724              	.LVL34:
 725              	.LFB149:
 584:Drivers/STM32F7xx_HAL_Driver/Src/stm32f7xx_ll_usb.c ****   uint32_t USBx_BASE = (uint32_t)USBx;
 726              		.loc 1 584 1 is_stmt 1 view -0
 727              		.cfi_startproc
 728              		@ args = 0, pretend = 0, frame = 0
 729              		@ frame_needed = 0, uses_anonymous_args = 0
 730              		@ link register save eliminated.
 585:Drivers/STM32F7xx_HAL_Driver/Src/stm32f7xx_ll_usb.c **** 
 731              		.loc 1 585 3 view .LVU215
 587:Drivers/STM32F7xx_HAL_Driver/Src/stm32f7xx_ll_usb.c ****   return HAL_OK;
 732              		.loc 1 587 3 view .LVU216
 587:Drivers/STM32F7xx_HAL_Driver/Src/stm32f7xx_ll_usb.c ****   return HAL_OK;
 733              		.loc 1 587 14 is_stmt 0 view .LVU217
 734 0000 D0F80038 		ldr	r3, [r0, #2048]
 587:Drivers/STM32F7xx_HAL_Driver/Src/stm32f7xx_ll_usb.c ****   return HAL_OK;
 735              		.loc 1 587 21 view .LVU218
 736 0004 1943     		orrs	r1, r1, r3
 737              	.LVL35:
 587:Drivers/STM32F7xx_HAL_Driver/Src/stm32f7xx_ll_usb.c ****   return HAL_OK;
 738              		.loc 1 587 21 view .LVU219
 739 0006 C0F80018 		str	r1, [r0, #2048]
 588:Drivers/STM32F7xx_HAL_Driver/Src/stm32f7xx_ll_usb.c **** }
 740              		.loc 1 588 3 is_stmt 1 view .LVU220
 589:Drivers/STM32F7xx_HAL_Driver/Src/stm32f7xx_ll_usb.c **** 
 741              		.loc 1 589 1 is_stmt 0 view .LVU221
 742 000a 0020     		movs	r0, #0
 743              	.LVL36:
 589:Drivers/STM32F7xx_HAL_Driver/Src/stm32f7xx_ll_usb.c **** 
 744              		.loc 1 589 1 view .LVU222
 745 000c 7047     		bx	lr
 746              		.cfi_endproc
 747              	.LFE149:
ARM GAS  /tmp/ccyYvSLN.s 			page 43


 749              		.section	.text.USB_DevInit,"ax",%progbits
 750              		.align	1
 751              		.global	USB_DevInit
 752              		.syntax unified
 753              		.thumb
 754              		.thumb_func
 756              	USB_DevInit:
 757              	.LVL37:
 758              	.LFB146:
 335:Drivers/STM32F7xx_HAL_Driver/Src/stm32f7xx_ll_usb.c ****   HAL_StatusTypeDef ret = HAL_OK;
 759              		.loc 1 335 1 is_stmt 1 view -0
 760              		.cfi_startproc
 761              		@ args = 20, pretend = 16, frame = 0
 762              		@ frame_needed = 0, uses_anonymous_args = 0
 335:Drivers/STM32F7xx_HAL_Driver/Src/stm32f7xx_ll_usb.c ****   HAL_StatusTypeDef ret = HAL_OK;
 763              		.loc 1 335 1 is_stmt 0 view .LVU224
 764 0000 84B0     		sub	sp, sp, #16
 765              	.LCFI14:
 766              		.cfi_def_cfa_offset 16
 767 0002 F8B5     		push	{r3, r4, r5, r6, r7, lr}
 768              	.LCFI15:
 769              		.cfi_def_cfa_offset 40
 770              		.cfi_offset 3, -40
 771              		.cfi_offset 4, -36
 772              		.cfi_offset 5, -32
 773              		.cfi_offset 6, -28
 774              		.cfi_offset 7, -24
 775              		.cfi_offset 14, -20
 776 0004 0446     		mov	r4, r0
 777 0006 07A8     		add	r0, sp, #28
 778              	.LVL38:
 335:Drivers/STM32F7xx_HAL_Driver/Src/stm32f7xx_ll_usb.c ****   HAL_StatusTypeDef ret = HAL_OK;
 779              		.loc 1 335 1 view .LVU225
 780 0008 80E80E00 		stm	r0, {r1, r2, r3}
 336:Drivers/STM32F7xx_HAL_Driver/Src/stm32f7xx_ll_usb.c ****   uint32_t USBx_BASE = (uint32_t)USBx;
 781              		.loc 1 336 3 is_stmt 1 view .LVU226
 782              	.LVL39:
 337:Drivers/STM32F7xx_HAL_Driver/Src/stm32f7xx_ll_usb.c ****   uint32_t i;
 783              		.loc 1 337 3 view .LVU227
 338:Drivers/STM32F7xx_HAL_Driver/Src/stm32f7xx_ll_usb.c **** 
 784              		.loc 1 338 3 view .LVU228
 340:Drivers/STM32F7xx_HAL_Driver/Src/stm32f7xx_ll_usb.c ****   {
 785              		.loc 1 340 3 view .LVU229
 340:Drivers/STM32F7xx_HAL_Driver/Src/stm32f7xx_ll_usb.c ****   {
 786              		.loc 1 340 10 is_stmt 0 view .LVU230
 787 000c 0023     		movs	r3, #0
 340:Drivers/STM32F7xx_HAL_Driver/Src/stm32f7xx_ll_usb.c ****   {
 788              		.loc 1 340 3 view .LVU231
 789 000e 06E0     		b	.L53
 790              	.LVL40:
 791              	.L54:
 342:Drivers/STM32F7xx_HAL_Driver/Src/stm32f7xx_ll_usb.c ****   }
 792              		.loc 1 342 5 is_stmt 1 view .LVU232
 342:Drivers/STM32F7xx_HAL_Driver/Src/stm32f7xx_ll_usb.c ****   }
 793              		.loc 1 342 22 is_stmt 0 view .LVU233
 794 0010 03F14002 		add	r2, r3, #64
 795 0014 04EB8202 		add	r2, r4, r2, lsl #2
ARM GAS  /tmp/ccyYvSLN.s 			page 44


 796 0018 0021     		movs	r1, #0
 797 001a 5160     		str	r1, [r2, #4]
 340:Drivers/STM32F7xx_HAL_Driver/Src/stm32f7xx_ll_usb.c ****   {
 798              		.loc 1 340 26 is_stmt 1 discriminator 3 view .LVU234
 799 001c 0133     		adds	r3, r3, #1
 800              	.LVL41:
 801              	.L53:
 340:Drivers/STM32F7xx_HAL_Driver/Src/stm32f7xx_ll_usb.c ****   {
 802              		.loc 1 340 18 discriminator 1 view .LVU235
 803 001e 0E2B     		cmp	r3, #14
 804 0020 F6D9     		bls	.L54
 346:Drivers/STM32F7xx_HAL_Driver/Src/stm32f7xx_ll_usb.c ****   {
 805              		.loc 1 346 3 view .LVU236
 346:Drivers/STM32F7xx_HAL_Driver/Src/stm32f7xx_ll_usb.c ****   {
 806              		.loc 1 346 10 is_stmt 0 view .LVU237
 807 0022 9DF82660 		ldrb	r6, [sp, #38]	@ zero_extendqisi2
 346:Drivers/STM32F7xx_HAL_Driver/Src/stm32f7xx_ll_usb.c ****   {
 808              		.loc 1 346 6 view .LVU238
 809 0026 06BB     		cbnz	r6, .L55
 348:Drivers/STM32F7xx_HAL_Driver/Src/stm32f7xx_ll_usb.c **** 
 810              		.loc 1 348 5 is_stmt 1 view .LVU239
 348:Drivers/STM32F7xx_HAL_Driver/Src/stm32f7xx_ll_usb.c **** 
 811              		.loc 1 348 16 is_stmt 0 view .LVU240
 812 0028 D4F80438 		ldr	r3, [r4, #2052]
 813              	.LVL42:
 348:Drivers/STM32F7xx_HAL_Driver/Src/stm32f7xx_ll_usb.c **** 
 814              		.loc 1 348 23 view .LVU241
 815 002c 43F00203 		orr	r3, r3, #2
 816 0030 C4F80438 		str	r3, [r4, #2052]
 351:Drivers/STM32F7xx_HAL_Driver/Src/stm32f7xx_ll_usb.c **** 
 817              		.loc 1 351 5 is_stmt 1 view .LVU242
 351:Drivers/STM32F7xx_HAL_Driver/Src/stm32f7xx_ll_usb.c **** 
 818              		.loc 1 351 9 is_stmt 0 view .LVU243
 819 0034 A36B     		ldr	r3, [r4, #56]
 351:Drivers/STM32F7xx_HAL_Driver/Src/stm32f7xx_ll_usb.c **** 
 820              		.loc 1 351 17 view .LVU244
 821 0036 23F40013 		bic	r3, r3, #2097152
 822 003a A363     		str	r3, [r4, #56]
 354:Drivers/STM32F7xx_HAL_Driver/Src/stm32f7xx_ll_usb.c ****     USBx->GOTGCTL |= USB_OTG_GOTGCTL_BVALOVAL;
 823              		.loc 1 354 5 is_stmt 1 view .LVU245
 354:Drivers/STM32F7xx_HAL_Driver/Src/stm32f7xx_ll_usb.c ****     USBx->GOTGCTL |= USB_OTG_GOTGCTL_BVALOVAL;
 824              		.loc 1 354 9 is_stmt 0 view .LVU246
 825 003c 2368     		ldr	r3, [r4]
 354:Drivers/STM32F7xx_HAL_Driver/Src/stm32f7xx_ll_usb.c ****     USBx->GOTGCTL |= USB_OTG_GOTGCTL_BVALOVAL;
 826              		.loc 1 354 19 view .LVU247
 827 003e 43F04003 		orr	r3, r3, #64
 828 0042 2360     		str	r3, [r4]
 355:Drivers/STM32F7xx_HAL_Driver/Src/stm32f7xx_ll_usb.c ****   }
 829              		.loc 1 355 5 is_stmt 1 view .LVU248
 355:Drivers/STM32F7xx_HAL_Driver/Src/stm32f7xx_ll_usb.c ****   }
 830              		.loc 1 355 9 is_stmt 0 view .LVU249
 831 0044 2368     		ldr	r3, [r4]
 355:Drivers/STM32F7xx_HAL_Driver/Src/stm32f7xx_ll_usb.c ****   }
 832              		.loc 1 355 19 view .LVU250
 833 0046 43F08003 		orr	r3, r3, #128
 834 004a 2360     		str	r3, [r4]
 835              	.L56:
ARM GAS  /tmp/ccyYvSLN.s 			page 45


 364:Drivers/STM32F7xx_HAL_Driver/Src/stm32f7xx_ll_usb.c **** 
 836              		.loc 1 364 3 is_stmt 1 view .LVU251
 364:Drivers/STM32F7xx_HAL_Driver/Src/stm32f7xx_ll_usb.c **** 
 837              		.loc 1 364 16 is_stmt 0 view .LVU252
 838 004c 0023     		movs	r3, #0
 839 004e C4F8003E 		str	r3, [r4, #3584]
 366:Drivers/STM32F7xx_HAL_Driver/Src/stm32f7xx_ll_usb.c ****   {
 840              		.loc 1 366 3 is_stmt 1 view .LVU253
 366:Drivers/STM32F7xx_HAL_Driver/Src/stm32f7xx_ll_usb.c ****   {
 841              		.loc 1 366 10 is_stmt 0 view .LVU254
 842 0052 9DF82130 		ldrb	r3, [sp, #33]	@ zero_extendqisi2
 366:Drivers/STM32F7xx_HAL_Driver/Src/stm32f7xx_ll_usb.c ****   {
 843              		.loc 1 366 6 view .LVU255
 844 0056 012B     		cmp	r3, #1
 845 0058 11D1     		bne	.L57
 368:Drivers/STM32F7xx_HAL_Driver/Src/stm32f7xx_ll_usb.c ****     {
 846              		.loc 1 368 5 is_stmt 1 view .LVU256
 368:Drivers/STM32F7xx_HAL_Driver/Src/stm32f7xx_ll_usb.c ****     {
 847              		.loc 1 368 12 is_stmt 0 view .LVU257
 848 005a 9DF81F30 		ldrb	r3, [sp, #31]	@ zero_extendqisi2
 368:Drivers/STM32F7xx_HAL_Driver/Src/stm32f7xx_ll_usb.c ****     {
 849              		.loc 1 368 8 view .LVU258
 850 005e 4BB9     		cbnz	r3, .L58
 371:Drivers/STM32F7xx_HAL_Driver/Src/stm32f7xx_ll_usb.c ****     }
 851              		.loc 1 371 7 is_stmt 1 view .LVU259
 371:Drivers/STM32F7xx_HAL_Driver/Src/stm32f7xx_ll_usb.c ****     }
 852              		.loc 1 371 13 is_stmt 0 view .LVU260
 853 0060 0021     		movs	r1, #0
 854 0062 2046     		mov	r0, r4
 855 0064 FFF7FEFF 		bl	USB_SetDevSpeed
 856              	.LVL43:
 857 0068 0DE0     		b	.L59
 858              	.LVL44:
 859              	.L55:
 360:Drivers/STM32F7xx_HAL_Driver/Src/stm32f7xx_ll_usb.c ****   }
 860              		.loc 1 360 5 is_stmt 1 view .LVU261
 360:Drivers/STM32F7xx_HAL_Driver/Src/stm32f7xx_ll_usb.c ****   }
 861              		.loc 1 360 9 is_stmt 0 view .LVU262
 862 006a A36B     		ldr	r3, [r4, #56]
 863              	.LVL45:
 360:Drivers/STM32F7xx_HAL_Driver/Src/stm32f7xx_ll_usb.c ****   }
 864              		.loc 1 360 17 view .LVU263
 865 006c 43F40013 		orr	r3, r3, #2097152
 866 0070 A363     		str	r3, [r4, #56]
 867 0072 EBE7     		b	.L56
 868              	.L58:
 376:Drivers/STM32F7xx_HAL_Driver/Src/stm32f7xx_ll_usb.c ****     }
 869              		.loc 1 376 7 is_stmt 1 view .LVU264
 376:Drivers/STM32F7xx_HAL_Driver/Src/stm32f7xx_ll_usb.c ****     }
 870              		.loc 1 376 13 is_stmt 0 view .LVU265
 871 0074 0121     		movs	r1, #1
 872 0076 2046     		mov	r0, r4
 873 0078 FFF7FEFF 		bl	USB_SetDevSpeed
 874              	.LVL46:
 875 007c 03E0     		b	.L59
 876              	.L57:
 399:Drivers/STM32F7xx_HAL_Driver/Src/stm32f7xx_ll_usb.c ****   }
ARM GAS  /tmp/ccyYvSLN.s 			page 46


 877              		.loc 1 399 5 is_stmt 1 view .LVU266
 399:Drivers/STM32F7xx_HAL_Driver/Src/stm32f7xx_ll_usb.c ****   }
 878              		.loc 1 399 11 is_stmt 0 view .LVU267
 879 007e 0321     		movs	r1, #3
 880 0080 2046     		mov	r0, r4
 881 0082 FFF7FEFF 		bl	USB_SetDevSpeed
 882              	.LVL47:
 883              	.L59:
 403:Drivers/STM32F7xx_HAL_Driver/Src/stm32f7xx_ll_usb.c ****   {
 884              		.loc 1 403 3 is_stmt 1 view .LVU268
 403:Drivers/STM32F7xx_HAL_Driver/Src/stm32f7xx_ll_usb.c ****   {
 885              		.loc 1 403 7 is_stmt 0 view .LVU269
 886 0086 1021     		movs	r1, #16
 887 0088 2046     		mov	r0, r4
 888 008a FFF7FEFF 		bl	USB_FlushTxFifo
 889              	.LVL48:
 403:Drivers/STM32F7xx_HAL_Driver/Src/stm32f7xx_ll_usb.c ****   {
 890              		.loc 1 403 6 discriminator 1 view .LVU270
 891 008e 0546     		mov	r5, r0
 892 0090 00B1     		cbz	r0, .L60
 405:Drivers/STM32F7xx_HAL_Driver/Src/stm32f7xx_ll_usb.c ****   }
 893              		.loc 1 405 9 view .LVU271
 894 0092 0125     		movs	r5, #1
 895              	.L60:
 896              	.LVL49:
 408:Drivers/STM32F7xx_HAL_Driver/Src/stm32f7xx_ll_usb.c ****   {
 897              		.loc 1 408 3 is_stmt 1 view .LVU272
 408:Drivers/STM32F7xx_HAL_Driver/Src/stm32f7xx_ll_usb.c ****   {
 898              		.loc 1 408 7 is_stmt 0 view .LVU273
 899 0094 2046     		mov	r0, r4
 900 0096 FFF7FEFF 		bl	USB_FlushRxFifo
 901              	.LVL50:
 408:Drivers/STM32F7xx_HAL_Driver/Src/stm32f7xx_ll_usb.c ****   {
 902              		.loc 1 408 6 discriminator 1 view .LVU274
 903 009a 00B1     		cbz	r0, .L61
 410:Drivers/STM32F7xx_HAL_Driver/Src/stm32f7xx_ll_usb.c ****   }
 904              		.loc 1 410 9 view .LVU275
 905 009c 0125     		movs	r5, #1
 906              	.LVL51:
 907              	.L61:
 414:Drivers/STM32F7xx_HAL_Driver/Src/stm32f7xx_ll_usb.c ****   USBx_DEVICE->DOEPMSK = 0U;
 908              		.loc 1 414 3 is_stmt 1 view .LVU276
 909 009e 04F5006C 		add	ip, r4, #2048
 414:Drivers/STM32F7xx_HAL_Driver/Src/stm32f7xx_ll_usb.c ****   USBx_DEVICE->DOEPMSK = 0U;
 910              		.loc 1 414 24 is_stmt 0 view .LVU277
 911 00a2 0023     		movs	r3, #0
 912 00a4 CCF81030 		str	r3, [ip, #16]
 415:Drivers/STM32F7xx_HAL_Driver/Src/stm32f7xx_ll_usb.c ****   USBx_DEVICE->DAINTMSK = 0U;
 913              		.loc 1 415 3 is_stmt 1 view .LVU278
 415:Drivers/STM32F7xx_HAL_Driver/Src/stm32f7xx_ll_usb.c ****   USBx_DEVICE->DAINTMSK = 0U;
 914              		.loc 1 415 24 is_stmt 0 view .LVU279
 915 00a8 CCF81430 		str	r3, [ip, #20]
 416:Drivers/STM32F7xx_HAL_Driver/Src/stm32f7xx_ll_usb.c **** 
 916              		.loc 1 416 3 is_stmt 1 view .LVU280
 416:Drivers/STM32F7xx_HAL_Driver/Src/stm32f7xx_ll_usb.c **** 
 917              		.loc 1 416 25 is_stmt 0 view .LVU281
 918 00ac CCF81C30 		str	r3, [ip, #28]
ARM GAS  /tmp/ccyYvSLN.s 			page 47


 418:Drivers/STM32F7xx_HAL_Driver/Src/stm32f7xx_ll_usb.c ****   {
 919              		.loc 1 418 3 is_stmt 1 view .LVU282
 920              	.LVL52:
 418:Drivers/STM32F7xx_HAL_Driver/Src/stm32f7xx_ll_usb.c ****   {
 921              		.loc 1 418 3 is_stmt 0 view .LVU283
 922 00b0 0AE0     		b	.L62
 923              	.LVL53:
 924              	.L79:
 422:Drivers/STM32F7xx_HAL_Driver/Src/stm32f7xx_ll_usb.c ****       {
 925              		.loc 1 422 7 is_stmt 1 view .LVU284
 422:Drivers/STM32F7xx_HAL_Driver/Src/stm32f7xx_ll_usb.c ****       {
 926              		.loc 1 422 10 is_stmt 0 view .LVU285
 927 00b2 CBB9     		cbnz	r3, .L64
 424:Drivers/STM32F7xx_HAL_Driver/Src/stm32f7xx_ll_usb.c ****       }
 928              		.loc 1 424 9 is_stmt 1 view .LVU286
 424:Drivers/STM32F7xx_HAL_Driver/Src/stm32f7xx_ll_usb.c ****       }
 929              		.loc 1 424 31 is_stmt 0 view .LVU287
 930 00b4 4FF00060 		mov	r0, #134217728
 931 00b8 C2F80009 		str	r0, [r2, #2304]
 932              	.L65:
 436:Drivers/STM32F7xx_HAL_Driver/Src/stm32f7xx_ll_usb.c ****     USBx_INEP(i)->DIEPINT  = 0xFB7FU;
 933              		.loc 1 436 5 is_stmt 1 view .LVU288
 436:Drivers/STM32F7xx_HAL_Driver/Src/stm32f7xx_ll_usb.c ****     USBx_INEP(i)->DIEPINT  = 0xFB7FU;
 934              		.loc 1 436 28 is_stmt 0 view .LVU289
 935 00bc 0022     		movs	r2, #0
 936 00be 0A61     		str	r2, [r1, #16]
 437:Drivers/STM32F7xx_HAL_Driver/Src/stm32f7xx_ll_usb.c ****   }
 937              		.loc 1 437 5 is_stmt 1 view .LVU290
 437:Drivers/STM32F7xx_HAL_Driver/Src/stm32f7xx_ll_usb.c ****   }
 938              		.loc 1 437 28 is_stmt 0 view .LVU291
 939 00c0 4FF67F32 		movw	r2, #64383
 940 00c4 8A60     		str	r2, [r1, #8]
 418:Drivers/STM32F7xx_HAL_Driver/Src/stm32f7xx_ll_usb.c ****   {
 941              		.loc 1 418 40 is_stmt 1 discriminator 2 view .LVU292
 942 00c6 0133     		adds	r3, r3, #1
 943              	.LVL54:
 944              	.L62:
 418:Drivers/STM32F7xx_HAL_Driver/Src/stm32f7xx_ll_usb.c ****   {
 945              		.loc 1 418 18 discriminator 1 view .LVU293
 418:Drivers/STM32F7xx_HAL_Driver/Src/stm32f7xx_ll_usb.c ****   {
 946              		.loc 1 418 23 is_stmt 0 discriminator 1 view .LVU294
 947 00c8 9DF81C10 		ldrb	r1, [sp, #28]	@ zero_extendqisi2
 418:Drivers/STM32F7xx_HAL_Driver/Src/stm32f7xx_ll_usb.c ****   {
 948              		.loc 1 418 18 discriminator 1 view .LVU295
 949 00cc 9942     		cmp	r1, r3
 950 00ce 10D9     		bls	.L78
 420:Drivers/STM32F7xx_HAL_Driver/Src/stm32f7xx_ll_usb.c ****     {
 951              		.loc 1 420 5 is_stmt 1 view .LVU296
 420:Drivers/STM32F7xx_HAL_Driver/Src/stm32f7xx_ll_usb.c ****     {
 952              		.loc 1 420 10 is_stmt 0 view .LVU297
 953 00d0 04EB4312 		add	r2, r4, r3, lsl #5
 954 00d4 02F51061 		add	r1, r2, #2304
 420:Drivers/STM32F7xx_HAL_Driver/Src/stm32f7xx_ll_usb.c ****     {
 955              		.loc 1 420 22 view .LVU298
 956 00d8 D2F80009 		ldr	r0, [r2, #2304]
 420:Drivers/STM32F7xx_HAL_Driver/Src/stm32f7xx_ll_usb.c ****     {
 957              		.loc 1 420 8 view .LVU299
ARM GAS  /tmp/ccyYvSLN.s 			page 48


 958 00dc 0028     		cmp	r0, #0
 959 00de E8DB     		blt	.L79
 433:Drivers/STM32F7xx_HAL_Driver/Src/stm32f7xx_ll_usb.c ****     }
 960              		.loc 1 433 7 is_stmt 1 view .LVU300
 433:Drivers/STM32F7xx_HAL_Driver/Src/stm32f7xx_ll_usb.c ****     }
 961              		.loc 1 433 29 is_stmt 0 view .LVU301
 962 00e0 0020     		movs	r0, #0
 963 00e2 C2F80009 		str	r0, [r2, #2304]
 964 00e6 E9E7     		b	.L65
 965              	.L64:
 428:Drivers/STM32F7xx_HAL_Driver/Src/stm32f7xx_ll_usb.c ****       }
 966              		.loc 1 428 9 is_stmt 1 view .LVU302
 428:Drivers/STM32F7xx_HAL_Driver/Src/stm32f7xx_ll_usb.c ****       }
 967              		.loc 1 428 31 is_stmt 0 view .LVU303
 968 00e8 4FF09040 		mov	r0, #1207959552
 969 00ec C2F80009 		str	r0, [r2, #2304]
 970 00f0 E4E7     		b	.L65
 971              	.L78:
 440:Drivers/STM32F7xx_HAL_Driver/Src/stm32f7xx_ll_usb.c ****   {
 972              		.loc 1 440 10 view .LVU304
 973 00f2 0023     		movs	r3, #0
 974              	.LVL55:
 440:Drivers/STM32F7xx_HAL_Driver/Src/stm32f7xx_ll_usb.c ****   {
 975              		.loc 1 440 10 view .LVU305
 976 00f4 0AE0     		b	.L67
 977              	.LVL56:
 978              	.L82:
 444:Drivers/STM32F7xx_HAL_Driver/Src/stm32f7xx_ll_usb.c ****       {
 979              		.loc 1 444 7 is_stmt 1 view .LVU306
 444:Drivers/STM32F7xx_HAL_Driver/Src/stm32f7xx_ll_usb.c ****       {
 980              		.loc 1 444 10 is_stmt 0 view .LVU307
 981 00f6 BBB1     		cbz	r3, .L80
 450:Drivers/STM32F7xx_HAL_Driver/Src/stm32f7xx_ll_usb.c ****       }
 982              		.loc 1 450 9 is_stmt 1 view .LVU308
 450:Drivers/STM32F7xx_HAL_Driver/Src/stm32f7xx_ll_usb.c ****       }
 983              		.loc 1 450 32 is_stmt 0 view .LVU309
 984 00f8 4FF09047 		mov	r7, #1207959552
 985 00fc C2F8007B 		str	r7, [r2, #2816]
 986              	.L70:
 458:Drivers/STM32F7xx_HAL_Driver/Src/stm32f7xx_ll_usb.c ****     USBx_OUTEP(i)->DOEPINT  = 0xFB7FU;
 987              		.loc 1 458 5 is_stmt 1 view .LVU310
 458:Drivers/STM32F7xx_HAL_Driver/Src/stm32f7xx_ll_usb.c ****     USBx_OUTEP(i)->DOEPINT  = 0xFB7FU;
 988              		.loc 1 458 29 is_stmt 0 view .LVU311
 989 0100 0022     		movs	r2, #0
 990 0102 0261     		str	r2, [r0, #16]
 459:Drivers/STM32F7xx_HAL_Driver/Src/stm32f7xx_ll_usb.c ****   }
 991              		.loc 1 459 5 is_stmt 1 view .LVU312
 459:Drivers/STM32F7xx_HAL_Driver/Src/stm32f7xx_ll_usb.c ****   }
 992              		.loc 1 459 29 is_stmt 0 view .LVU313
 993 0104 4FF67F32 		movw	r2, #64383
 994 0108 8260     		str	r2, [r0, #8]
 440:Drivers/STM32F7xx_HAL_Driver/Src/stm32f7xx_ll_usb.c ****   {
 995              		.loc 1 440 40 is_stmt 1 discriminator 2 view .LVU314
 996 010a 0133     		adds	r3, r3, #1
 997              	.LVL57:
 998              	.L67:
 440:Drivers/STM32F7xx_HAL_Driver/Src/stm32f7xx_ll_usb.c ****   {
ARM GAS  /tmp/ccyYvSLN.s 			page 49


 999              		.loc 1 440 18 discriminator 1 view .LVU315
 1000 010c 9942     		cmp	r1, r3
 1001 010e 10D9     		bls	.L81
 442:Drivers/STM32F7xx_HAL_Driver/Src/stm32f7xx_ll_usb.c ****     {
 1002              		.loc 1 442 5 view .LVU316
 442:Drivers/STM32F7xx_HAL_Driver/Src/stm32f7xx_ll_usb.c ****     {
 1003              		.loc 1 442 10 is_stmt 0 view .LVU317
 1004 0110 04EB4312 		add	r2, r4, r3, lsl #5
 1005 0114 02F53060 		add	r0, r2, #2816
 442:Drivers/STM32F7xx_HAL_Driver/Src/stm32f7xx_ll_usb.c ****     {
 1006              		.loc 1 442 23 view .LVU318
 1007 0118 D2F8007B 		ldr	r7, [r2, #2816]
 442:Drivers/STM32F7xx_HAL_Driver/Src/stm32f7xx_ll_usb.c ****     {
 1008              		.loc 1 442 8 view .LVU319
 1009 011c 002F     		cmp	r7, #0
 1010 011e EADB     		blt	.L82
 455:Drivers/STM32F7xx_HAL_Driver/Src/stm32f7xx_ll_usb.c ****     }
 1011              		.loc 1 455 7 is_stmt 1 view .LVU320
 455:Drivers/STM32F7xx_HAL_Driver/Src/stm32f7xx_ll_usb.c ****     }
 1012              		.loc 1 455 30 is_stmt 0 view .LVU321
 1013 0120 0027     		movs	r7, #0
 1014 0122 C2F8007B 		str	r7, [r2, #2816]
 1015 0126 EBE7     		b	.L70
 1016              	.L80:
 446:Drivers/STM32F7xx_HAL_Driver/Src/stm32f7xx_ll_usb.c ****       }
 1017              		.loc 1 446 9 is_stmt 1 view .LVU322
 446:Drivers/STM32F7xx_HAL_Driver/Src/stm32f7xx_ll_usb.c ****       }
 1018              		.loc 1 446 32 is_stmt 0 view .LVU323
 1019 0128 4FF00067 		mov	r7, #134217728
 1020 012c C2F8007B 		str	r7, [r2, #2816]
 1021 0130 E6E7     		b	.L70
 1022              	.L81:
 462:Drivers/STM32F7xx_HAL_Driver/Src/stm32f7xx_ll_usb.c **** 
 1023              		.loc 1 462 3 is_stmt 1 view .LVU324
 462:Drivers/STM32F7xx_HAL_Driver/Src/stm32f7xx_ll_usb.c **** 
 1024              		.loc 1 462 14 is_stmt 0 view .LVU325
 1025 0132 DCF81030 		ldr	r3, [ip, #16]
 1026              	.LVL58:
 462:Drivers/STM32F7xx_HAL_Driver/Src/stm32f7xx_ll_usb.c **** 
 1027              		.loc 1 462 24 view .LVU326
 1028 0136 23F48073 		bic	r3, r3, #256
 1029 013a CCF81030 		str	r3, [ip, #16]
 465:Drivers/STM32F7xx_HAL_Driver/Src/stm32f7xx_ll_usb.c **** 
 1030              		.loc 1 465 3 is_stmt 1 view .LVU327
 465:Drivers/STM32F7xx_HAL_Driver/Src/stm32f7xx_ll_usb.c **** 
 1031              		.loc 1 465 17 is_stmt 0 view .LVU328
 1032 013e 0023     		movs	r3, #0
 1033 0140 A361     		str	r3, [r4, #24]
 468:Drivers/STM32F7xx_HAL_Driver/Src/stm32f7xx_ll_usb.c **** 
 1034              		.loc 1 468 3 is_stmt 1 view .LVU329
 468:Drivers/STM32F7xx_HAL_Driver/Src/stm32f7xx_ll_usb.c **** 
 1035              		.loc 1 468 17 is_stmt 0 view .LVU330
 1036 0142 6FF08043 		mvn	r3, #1073741824
 1037 0146 6361     		str	r3, [r4, #20]
 471:Drivers/STM32F7xx_HAL_Driver/Src/stm32f7xx_ll_usb.c ****   {
 1038              		.loc 1 471 3 is_stmt 1 view .LVU331
 471:Drivers/STM32F7xx_HAL_Driver/Src/stm32f7xx_ll_usb.c ****   {
ARM GAS  /tmp/ccyYvSLN.s 			page 50


 1039              		.loc 1 471 10 is_stmt 0 view .LVU332
 1040 0148 9DF81E30 		ldrb	r3, [sp, #30]	@ zero_extendqisi2
 471:Drivers/STM32F7xx_HAL_Driver/Src/stm32f7xx_ll_usb.c ****   {
 1041              		.loc 1 471 6 view .LVU333
 1042 014c 1BB9     		cbnz	r3, .L72
 473:Drivers/STM32F7xx_HAL_Driver/Src/stm32f7xx_ll_usb.c ****   }
 1043              		.loc 1 473 5 is_stmt 1 view .LVU334
 473:Drivers/STM32F7xx_HAL_Driver/Src/stm32f7xx_ll_usb.c ****   }
 1044              		.loc 1 473 9 is_stmt 0 view .LVU335
 1045 014e A369     		ldr	r3, [r4, #24]
 473:Drivers/STM32F7xx_HAL_Driver/Src/stm32f7xx_ll_usb.c ****   }
 1046              		.loc 1 473 19 view .LVU336
 1047 0150 43F01003 		orr	r3, r3, #16
 1048 0154 A361     		str	r3, [r4, #24]
 1049              	.L72:
 477:Drivers/STM32F7xx_HAL_Driver/Src/stm32f7xx_ll_usb.c ****                    USB_OTG_GINTMSK_ENUMDNEM | USB_OTG_GINTMSK_IEPINT |
 1050              		.loc 1 477 3 is_stmt 1 view .LVU337
 477:Drivers/STM32F7xx_HAL_Driver/Src/stm32f7xx_ll_usb.c ****                    USB_OTG_GINTMSK_ENUMDNEM | USB_OTG_GINTMSK_IEPINT |
 1051              		.loc 1 477 7 is_stmt 0 view .LVU338
 1052 0156 A269     		ldr	r2, [r4, #24]
 477:Drivers/STM32F7xx_HAL_Driver/Src/stm32f7xx_ll_usb.c ****                    USB_OTG_GINTMSK_ENUMDNEM | USB_OTG_GINTMSK_IEPINT |
 1053              		.loc 1 477 17 view .LVU339
 1054 0158 0A4B     		ldr	r3, .L84
 1055 015a 1343     		orrs	r3, r3, r2
 1056 015c A361     		str	r3, [r4, #24]
 482:Drivers/STM32F7xx_HAL_Driver/Src/stm32f7xx_ll_usb.c ****   {
 1057              		.loc 1 482 3 is_stmt 1 view .LVU340
 482:Drivers/STM32F7xx_HAL_Driver/Src/stm32f7xx_ll_usb.c ****   {
 1058              		.loc 1 482 10 is_stmt 0 view .LVU341
 1059 015e 9DF82230 		ldrb	r3, [sp, #34]	@ zero_extendqisi2
 482:Drivers/STM32F7xx_HAL_Driver/Src/stm32f7xx_ll_usb.c ****   {
 1060              		.loc 1 482 6 view .LVU342
 1061 0162 1BB1     		cbz	r3, .L73
 484:Drivers/STM32F7xx_HAL_Driver/Src/stm32f7xx_ll_usb.c ****   }
 1062              		.loc 1 484 5 is_stmt 1 view .LVU343
 484:Drivers/STM32F7xx_HAL_Driver/Src/stm32f7xx_ll_usb.c ****   }
 1063              		.loc 1 484 9 is_stmt 0 view .LVU344
 1064 0164 A369     		ldr	r3, [r4, #24]
 484:Drivers/STM32F7xx_HAL_Driver/Src/stm32f7xx_ll_usb.c ****   }
 1065              		.loc 1 484 19 view .LVU345
 1066 0166 43F00803 		orr	r3, r3, #8
 1067 016a A361     		str	r3, [r4, #24]
 1068              	.L73:
 487:Drivers/STM32F7xx_HAL_Driver/Src/stm32f7xx_ll_usb.c ****   {
 1069              		.loc 1 487 3 is_stmt 1 view .LVU346
 487:Drivers/STM32F7xx_HAL_Driver/Src/stm32f7xx_ll_usb.c ****   {
 1070              		.loc 1 487 6 is_stmt 0 view .LVU347
 1071 016c 012E     		cmp	r6, #1
 1072 016e 04D0     		beq	.L83
 1073              	.L74:
 492:Drivers/STM32F7xx_HAL_Driver/Src/stm32f7xx_ll_usb.c **** }
 1074              		.loc 1 492 3 is_stmt 1 view .LVU348
 493:Drivers/STM32F7xx_HAL_Driver/Src/stm32f7xx_ll_usb.c **** 
 1075              		.loc 1 493 1 is_stmt 0 view .LVU349
 1076 0170 2846     		mov	r0, r5
 1077 0172 BDE8F840 		pop	{r3, r4, r5, r6, r7, lr}
 1078              	.LCFI16:
ARM GAS  /tmp/ccyYvSLN.s 			page 51


 1079              		.cfi_remember_state
 1080              		.cfi_restore 14
 1081              		.cfi_restore 7
 1082              		.cfi_restore 6
 1083              		.cfi_restore 5
 1084              		.cfi_restore 4
 1085              		.cfi_restore 3
 1086              		.cfi_def_cfa_offset 16
 1087              	.LVL59:
 493:Drivers/STM32F7xx_HAL_Driver/Src/stm32f7xx_ll_usb.c **** 
 1088              		.loc 1 493 1 view .LVU350
 1089 0176 04B0     		add	sp, sp, #16
 1090              	.LCFI17:
 1091              		.cfi_def_cfa_offset 0
 1092 0178 7047     		bx	lr
 1093              	.LVL60:
 1094              	.L83:
 1095              	.LCFI18:
 1096              		.cfi_restore_state
 489:Drivers/STM32F7xx_HAL_Driver/Src/stm32f7xx_ll_usb.c ****   }
 1097              		.loc 1 489 5 is_stmt 1 view .LVU351
 489:Drivers/STM32F7xx_HAL_Driver/Src/stm32f7xx_ll_usb.c ****   }
 1098              		.loc 1 489 9 is_stmt 0 view .LVU352
 1099 017a A269     		ldr	r2, [r4, #24]
 489:Drivers/STM32F7xx_HAL_Driver/Src/stm32f7xx_ll_usb.c ****   }
 1100              		.loc 1 489 19 view .LVU353
 1101 017c 024B     		ldr	r3, .L84+4
 1102 017e 1343     		orrs	r3, r3, r2
 1103 0180 A361     		str	r3, [r4, #24]
 1104 0182 F5E7     		b	.L74
 1105              	.L85:
 1106              		.align	2
 1107              	.L84:
 1108 0184 00383C80 		.word	-2143537152
 1109 0188 04000040 		.word	1073741828
 1110              		.cfi_endproc
 1111              	.LFE146:
 1113              		.section	.text.USB_GetDevSpeed,"ax",%progbits
 1114              		.align	1
 1115              		.global	USB_GetDevSpeed
 1116              		.syntax unified
 1117              		.thumb
 1118              		.thumb_func
 1120              	USB_GetDevSpeed:
 1121              	.LVL61:
 1122              	.LFB150:
 600:Drivers/STM32F7xx_HAL_Driver/Src/stm32f7xx_ll_usb.c ****   uint32_t USBx_BASE = (uint32_t)USBx;
 1123              		.loc 1 600 1 is_stmt 1 view -0
 1124              		.cfi_startproc
 1125              		@ args = 0, pretend = 0, frame = 0
 1126              		@ frame_needed = 0, uses_anonymous_args = 0
 1127              		@ link register save eliminated.
 601:Drivers/STM32F7xx_HAL_Driver/Src/stm32f7xx_ll_usb.c ****   uint8_t speed;
 1128              		.loc 1 601 3 view .LVU355
 602:Drivers/STM32F7xx_HAL_Driver/Src/stm32f7xx_ll_usb.c ****   uint32_t DevEnumSpeed = USBx_DEVICE->DSTS & USB_OTG_DSTS_ENUMSPD;
 1129              		.loc 1 602 3 view .LVU356
 603:Drivers/STM32F7xx_HAL_Driver/Src/stm32f7xx_ll_usb.c **** 
ARM GAS  /tmp/ccyYvSLN.s 			page 52


 1130              		.loc 1 603 3 view .LVU357
 603:Drivers/STM32F7xx_HAL_Driver/Src/stm32f7xx_ll_usb.c **** 
 1131              		.loc 1 603 38 is_stmt 0 view .LVU358
 1132 0000 D0F80838 		ldr	r3, [r0, #2056]
 603:Drivers/STM32F7xx_HAL_Driver/Src/stm32f7xx_ll_usb.c **** 
 1133              		.loc 1 603 12 view .LVU359
 1134 0004 03F00603 		and	r3, r3, #6
 1135              	.LVL62:
 605:Drivers/STM32F7xx_HAL_Driver/Src/stm32f7xx_ll_usb.c ****   {
 1136              		.loc 1 605 3 is_stmt 1 view .LVU360
 1137 0008 022B     		cmp	r3, #2
 1138 000a 04D0     		beq	.L88
 1139 000c 062B     		cmp	r3, #6
 1140 000e 04D0     		beq	.L89
 1141 0010 2BB9     		cbnz	r3, .L90
 603:Drivers/STM32F7xx_HAL_Driver/Src/stm32f7xx_ll_usb.c **** 
 1142              		.loc 1 603 12 is_stmt 0 view .LVU361
 1143 0012 0020     		movs	r0, #0
 1144              	.LVL63:
 603:Drivers/STM32F7xx_HAL_Driver/Src/stm32f7xx_ll_usb.c **** 
 1145              		.loc 1 603 12 view .LVU362
 1146 0014 7047     		bx	lr
 1147              	.LVL64:
 1148              	.L88:
 603:Drivers/STM32F7xx_HAL_Driver/Src/stm32f7xx_ll_usb.c **** 
 1149              		.loc 1 603 12 view .LVU363
 1150 0016 0220     		movs	r0, #2
 1151              	.LVL65:
 603:Drivers/STM32F7xx_HAL_Driver/Src/stm32f7xx_ll_usb.c **** 
 1152              		.loc 1 603 12 view .LVU364
 1153 0018 7047     		bx	lr
 1154              	.LVL66:
 1155              	.L89:
 603:Drivers/STM32F7xx_HAL_Driver/Src/stm32f7xx_ll_usb.c **** 
 1156              		.loc 1 603 12 view .LVU365
 1157 001a 0220     		movs	r0, #2
 1158              	.LVL67:
 603:Drivers/STM32F7xx_HAL_Driver/Src/stm32f7xx_ll_usb.c **** 
 1159              		.loc 1 603 12 view .LVU366
 1160 001c 7047     		bx	lr
 1161              	.LVL68:
 1162              	.L90:
 603:Drivers/STM32F7xx_HAL_Driver/Src/stm32f7xx_ll_usb.c **** 
 1163              		.loc 1 603 12 view .LVU367
 1164 001e 0F20     		movs	r0, #15
 1165              	.LVL69:
 619:Drivers/STM32F7xx_HAL_Driver/Src/stm32f7xx_ll_usb.c **** }
 1166              		.loc 1 619 3 is_stmt 1 view .LVU368
 620:Drivers/STM32F7xx_HAL_Driver/Src/stm32f7xx_ll_usb.c **** 
 1167              		.loc 1 620 1 is_stmt 0 view .LVU369
 1168 0020 7047     		bx	lr
 1169              		.cfi_endproc
 1170              	.LFE150:
 1172              		.section	.text.USB_ActivateEndpoint,"ax",%progbits
 1173              		.align	1
 1174              		.global	USB_ActivateEndpoint
 1175              		.syntax unified
ARM GAS  /tmp/ccyYvSLN.s 			page 53


 1176              		.thumb
 1177              		.thumb_func
 1179              	USB_ActivateEndpoint:
 1180              	.LVL70:
 1181              	.LFB151:
 629:Drivers/STM32F7xx_HAL_Driver/Src/stm32f7xx_ll_usb.c ****   uint32_t USBx_BASE = (uint32_t)USBx;
 1182              		.loc 1 629 1 is_stmt 1 view -0
 1183              		.cfi_startproc
 1184              		@ args = 0, pretend = 0, frame = 0
 1185              		@ frame_needed = 0, uses_anonymous_args = 0
 629:Drivers/STM32F7xx_HAL_Driver/Src/stm32f7xx_ll_usb.c ****   uint32_t USBx_BASE = (uint32_t)USBx;
 1186              		.loc 1 629 1 is_stmt 0 view .LVU371
 1187 0000 10B5     		push	{r4, lr}
 1188              	.LCFI19:
 1189              		.cfi_def_cfa_offset 8
 1190              		.cfi_offset 4, -8
 1191              		.cfi_offset 14, -4
 630:Drivers/STM32F7xx_HAL_Driver/Src/stm32f7xx_ll_usb.c ****   uint32_t epnum = (uint32_t)ep->num;
 1192              		.loc 1 630 3 is_stmt 1 view .LVU372
 1193              	.LVL71:
 631:Drivers/STM32F7xx_HAL_Driver/Src/stm32f7xx_ll_usb.c **** 
 1194              		.loc 1 631 3 view .LVU373
 631:Drivers/STM32F7xx_HAL_Driver/Src/stm32f7xx_ll_usb.c **** 
 1195              		.loc 1 631 32 is_stmt 0 view .LVU374
 1196 0002 91F800C0 		ldrb	ip, [r1]	@ zero_extendqisi2
 1197              	.LVL72:
 633:Drivers/STM32F7xx_HAL_Driver/Src/stm32f7xx_ll_usb.c ****   {
 1198              		.loc 1 633 3 is_stmt 1 view .LVU375
 633:Drivers/STM32F7xx_HAL_Driver/Src/stm32f7xx_ll_usb.c ****   {
 1199              		.loc 1 633 9 is_stmt 0 view .LVU376
 1200 0006 4B78     		ldrb	r3, [r1, #1]	@ zero_extendqisi2
 633:Drivers/STM32F7xx_HAL_Driver/Src/stm32f7xx_ll_usb.c ****   {
 1201              		.loc 1 633 6 view .LVU377
 1202 0008 012B     		cmp	r3, #1
 1203 000a 21D0     		beq	.L95
 647:Drivers/STM32F7xx_HAL_Driver/Src/stm32f7xx_ll_usb.c **** 
 1204              		.loc 1 647 5 is_stmt 1 view .LVU378
 647:Drivers/STM32F7xx_HAL_Driver/Src/stm32f7xx_ll_usb.c **** 
 1205              		.loc 1 647 16 is_stmt 0 view .LVU379
 1206 000c 00F5006E 		add	lr, r0, #2048
 1207 0010 D0F81C38 		ldr	r3, [r0, #2076]
 647:Drivers/STM32F7xx_HAL_Driver/Src/stm32f7xx_ll_usb.c **** 
 1208              		.loc 1 647 82 view .LVU380
 1209 0014 0CF00F04 		and	r4, ip, #15
 647:Drivers/STM32F7xx_HAL_Driver/Src/stm32f7xx_ll_usb.c **** 
 1210              		.loc 1 647 55 view .LVU381
 1211 0018 0122     		movs	r2, #1
 1212 001a A240     		lsls	r2, r2, r4
 647:Drivers/STM32F7xx_HAL_Driver/Src/stm32f7xx_ll_usb.c **** 
 1213              		.loc 1 647 27 view .LVU382
 1214 001c 43EA0243 		orr	r3, r3, r2, lsl #16
 1215 0020 C0F81C38 		str	r3, [r0, #2076]
 649:Drivers/STM32F7xx_HAL_Driver/Src/stm32f7xx_ll_usb.c ****     {
 1216              		.loc 1 649 5 is_stmt 1 view .LVU383
 649:Drivers/STM32F7xx_HAL_Driver/Src/stm32f7xx_ll_usb.c ****     {
 1217              		.loc 1 649 11 is_stmt 0 view .LVU384
 1218 0024 00EB4C10 		add	r0, r0, ip, lsl #5
ARM GAS  /tmp/ccyYvSLN.s 			page 54


 1219              	.LVL73:
 649:Drivers/STM32F7xx_HAL_Driver/Src/stm32f7xx_ll_usb.c ****     {
 1220              		.loc 1 649 28 view .LVU385
 1221 0028 D0F8003B 		ldr	r3, [r0, #2816]
 649:Drivers/STM32F7xx_HAL_Driver/Src/stm32f7xx_ll_usb.c ****     {
 1222              		.loc 1 649 8 view .LVU386
 1223 002c 13F4004F 		tst	r3, #32768
 1224 0030 0CD1     		bne	.L93
 651:Drivers/STM32F7xx_HAL_Driver/Src/stm32f7xx_ll_usb.c ****                                     ((uint32_t)ep->type << 18) |
 1225              		.loc 1 651 7 is_stmt 1 view .LVU387
 651:Drivers/STM32F7xx_HAL_Driver/Src/stm32f7xx_ll_usb.c ****                                     ((uint32_t)ep->type << 18) |
 1226              		.loc 1 651 24 is_stmt 0 view .LVU388
 1227 0032 D0F8002B 		ldr	r2, [r0, #2816]
 651:Drivers/STM32F7xx_HAL_Driver/Src/stm32f7xx_ll_usb.c ****                                     ((uint32_t)ep->type << 18) |
 1228              		.loc 1 651 40 view .LVU389
 1229 0036 8B68     		ldr	r3, [r1, #8]
 651:Drivers/STM32F7xx_HAL_Driver/Src/stm32f7xx_ll_usb.c ****                                     ((uint32_t)ep->type << 18) |
 1230              		.loc 1 651 52 view .LVU390
 1231 0038 C3F30A03 		ubfx	r3, r3, #0, #11
 652:Drivers/STM32F7xx_HAL_Driver/Src/stm32f7xx_ll_usb.c ****                                     USB_OTG_DIEPCTL_SD0PID_SEVNFRM |
 1232              		.loc 1 652 50 view .LVU391
 1233 003c 0979     		ldrb	r1, [r1, #4]	@ zero_extendqisi2
 1234              	.LVL74:
 651:Drivers/STM32F7xx_HAL_Driver/Src/stm32f7xx_ll_usb.c ****                                     ((uint32_t)ep->type << 18) |
 1235              		.loc 1 651 77 view .LVU392
 1236 003e 43EA8143 		orr	r3, r3, r1, lsl #18
 651:Drivers/STM32F7xx_HAL_Driver/Src/stm32f7xx_ll_usb.c ****                                     ((uint32_t)ep->type << 18) |
 1237              		.loc 1 651 34 view .LVU393
 1238 0042 1A43     		orrs	r2, r2, r3
 1239 0044 134B     		ldr	r3, .L96
 1240 0046 1343     		orrs	r3, r3, r2
 1241 0048 C0F8003B 		str	r3, [r0, #2816]
 1242              	.LVL75:
 1243              	.L93:
 657:Drivers/STM32F7xx_HAL_Driver/Src/stm32f7xx_ll_usb.c **** }
 1244              		.loc 1 657 3 is_stmt 1 view .LVU394
 658:Drivers/STM32F7xx_HAL_Driver/Src/stm32f7xx_ll_usb.c **** 
 1245              		.loc 1 658 1 is_stmt 0 view .LVU395
 1246 004c 0020     		movs	r0, #0
 1247 004e 10BD     		pop	{r4, pc}
 1248              	.LVL76:
 1249              	.L95:
 635:Drivers/STM32F7xx_HAL_Driver/Src/stm32f7xx_ll_usb.c **** 
 1250              		.loc 1 635 5 is_stmt 1 view .LVU396
 635:Drivers/STM32F7xx_HAL_Driver/Src/stm32f7xx_ll_usb.c **** 
 1251              		.loc 1 635 16 is_stmt 0 view .LVU397
 1252 0050 D0F81C28 		ldr	r2, [r0, #2076]
 635:Drivers/STM32F7xx_HAL_Driver/Src/stm32f7xx_ll_usb.c **** 
 1253              		.loc 1 635 81 view .LVU398
 1254 0054 0CF00F0E 		and	lr, ip, #15
 635:Drivers/STM32F7xx_HAL_Driver/Src/stm32f7xx_ll_usb.c **** 
 1255              		.loc 1 635 54 view .LVU399
 1256 0058 03FA0EF3 		lsl	r3, r3, lr
 635:Drivers/STM32F7xx_HAL_Driver/Src/stm32f7xx_ll_usb.c **** 
 1257              		.loc 1 635 52 view .LVU400
 1258 005c 9BB2     		uxth	r3, r3
 635:Drivers/STM32F7xx_HAL_Driver/Src/stm32f7xx_ll_usb.c **** 
ARM GAS  /tmp/ccyYvSLN.s 			page 55


 1259              		.loc 1 635 27 view .LVU401
 1260 005e 1343     		orrs	r3, r3, r2
 1261 0060 C0F81C38 		str	r3, [r0, #2076]
 637:Drivers/STM32F7xx_HAL_Driver/Src/stm32f7xx_ll_usb.c ****     {
 1262              		.loc 1 637 5 is_stmt 1 view .LVU402
 637:Drivers/STM32F7xx_HAL_Driver/Src/stm32f7xx_ll_usb.c ****     {
 1263              		.loc 1 637 10 is_stmt 0 view .LVU403
 1264 0064 00EB4C10 		add	r0, r0, ip, lsl #5
 1265              	.LVL77:
 637:Drivers/STM32F7xx_HAL_Driver/Src/stm32f7xx_ll_usb.c ****     {
 1266              		.loc 1 637 26 view .LVU404
 1267 0068 D0F80039 		ldr	r3, [r0, #2304]
 637:Drivers/STM32F7xx_HAL_Driver/Src/stm32f7xx_ll_usb.c ****     {
 1268              		.loc 1 637 8 view .LVU405
 1269 006c 13F4004F 		tst	r3, #32768
 1270 0070 ECD1     		bne	.L93
 639:Drivers/STM32F7xx_HAL_Driver/Src/stm32f7xx_ll_usb.c ****                                    ((uint32_t)ep->type << 18) | (epnum << 22) |
 1271              		.loc 1 639 7 is_stmt 1 view .LVU406
 639:Drivers/STM32F7xx_HAL_Driver/Src/stm32f7xx_ll_usb.c ****                                    ((uint32_t)ep->type << 18) | (epnum << 22) |
 1272              		.loc 1 639 23 is_stmt 0 view .LVU407
 1273 0072 D0F80029 		ldr	r2, [r0, #2304]
 639:Drivers/STM32F7xx_HAL_Driver/Src/stm32f7xx_ll_usb.c ****                                    ((uint32_t)ep->type << 18) | (epnum << 22) |
 1274              		.loc 1 639 39 view .LVU408
 1275 0076 8B68     		ldr	r3, [r1, #8]
 639:Drivers/STM32F7xx_HAL_Driver/Src/stm32f7xx_ll_usb.c ****                                    ((uint32_t)ep->type << 18) | (epnum << 22) |
 1276              		.loc 1 639 51 view .LVU409
 1277 0078 C3F30A03 		ubfx	r3, r3, #0, #11
 640:Drivers/STM32F7xx_HAL_Driver/Src/stm32f7xx_ll_usb.c ****                                    USB_OTG_DIEPCTL_SD0PID_SEVNFRM |
 1278              		.loc 1 640 49 view .LVU410
 1279 007c 0979     		ldrb	r1, [r1, #4]	@ zero_extendqisi2
 1280              	.LVL78:
 639:Drivers/STM32F7xx_HAL_Driver/Src/stm32f7xx_ll_usb.c ****                                    ((uint32_t)ep->type << 18) | (epnum << 22) |
 1281              		.loc 1 639 76 view .LVU411
 1282 007e 43EA8143 		orr	r3, r3, r1, lsl #18
 640:Drivers/STM32F7xx_HAL_Driver/Src/stm32f7xx_ll_usb.c ****                                    USB_OTG_DIEPCTL_SD0PID_SEVNFRM |
 1283              		.loc 1 640 63 view .LVU412
 1284 0082 43EA8C53 		orr	r3, r3, ip, lsl #22
 639:Drivers/STM32F7xx_HAL_Driver/Src/stm32f7xx_ll_usb.c ****                                    ((uint32_t)ep->type << 18) | (epnum << 22) |
 1285              		.loc 1 639 33 view .LVU413
 1286 0086 1A43     		orrs	r2, r2, r3
 1287 0088 024B     		ldr	r3, .L96
 1288 008a 1343     		orrs	r3, r3, r2
 1289 008c C0F80039 		str	r3, [r0, #2304]
 1290 0090 DCE7     		b	.L93
 1291              	.L97:
 1292 0092 00BF     		.align	2
 1293              	.L96:
 1294 0094 00800010 		.word	268468224
 1295              		.cfi_endproc
 1296              	.LFE151:
 1298              		.section	.text.USB_ActivateDedicatedEndpoint,"ax",%progbits
 1299              		.align	1
 1300              		.global	USB_ActivateDedicatedEndpoint
 1301              		.syntax unified
 1302              		.thumb
 1303              		.thumb_func
 1305              	USB_ActivateDedicatedEndpoint:
ARM GAS  /tmp/ccyYvSLN.s 			page 56


 1306              	.LVL79:
 1307              	.LFB152:
 667:Drivers/STM32F7xx_HAL_Driver/Src/stm32f7xx_ll_usb.c ****   uint32_t USBx_BASE = (uint32_t)USBx;
 1308              		.loc 1 667 1 is_stmt 1 view -0
 1309              		.cfi_startproc
 1310              		@ args = 0, pretend = 0, frame = 0
 1311              		@ frame_needed = 0, uses_anonymous_args = 0
 1312              		@ link register save eliminated.
 667:Drivers/STM32F7xx_HAL_Driver/Src/stm32f7xx_ll_usb.c ****   uint32_t USBx_BASE = (uint32_t)USBx;
 1313              		.loc 1 667 1 is_stmt 0 view .LVU415
 1314 0000 30B4     		push	{r4, r5}
 1315              	.LCFI20:
 1316              		.cfi_def_cfa_offset 8
 1317              		.cfi_offset 4, -8
 1318              		.cfi_offset 5, -4
 668:Drivers/STM32F7xx_HAL_Driver/Src/stm32f7xx_ll_usb.c ****   uint32_t epnum = (uint32_t)ep->num;
 1319              		.loc 1 668 3 is_stmt 1 view .LVU416
 1320              	.LVL80:
 669:Drivers/STM32F7xx_HAL_Driver/Src/stm32f7xx_ll_usb.c **** 
 1321              		.loc 1 669 3 view .LVU417
 669:Drivers/STM32F7xx_HAL_Driver/Src/stm32f7xx_ll_usb.c **** 
 1322              		.loc 1 669 32 is_stmt 0 view .LVU418
 1323 0002 0A78     		ldrb	r2, [r1]	@ zero_extendqisi2
 1324              	.LVL81:
 672:Drivers/STM32F7xx_HAL_Driver/Src/stm32f7xx_ll_usb.c ****   {
 1325              		.loc 1 672 3 is_stmt 1 view .LVU419
 672:Drivers/STM32F7xx_HAL_Driver/Src/stm32f7xx_ll_usb.c ****   {
 1326              		.loc 1 672 9 is_stmt 0 view .LVU420
 1327 0004 4B78     		ldrb	r3, [r1, #1]	@ zero_extendqisi2
 672:Drivers/STM32F7xx_HAL_Driver/Src/stm32f7xx_ll_usb.c ****   {
 1328              		.loc 1 672 6 view .LVU421
 1329 0006 012B     		cmp	r3, #1
 1330 0008 23D0     		beq	.L104
 686:Drivers/STM32F7xx_HAL_Driver/Src/stm32f7xx_ll_usb.c ****     {
 1331              		.loc 1 686 5 is_stmt 1 view .LVU422
 686:Drivers/STM32F7xx_HAL_Driver/Src/stm32f7xx_ll_usb.c ****     {
 1332              		.loc 1 686 11 is_stmt 0 view .LVU423
 1333 000a 00EB421C 		add	ip, r0, r2, lsl #5
 686:Drivers/STM32F7xx_HAL_Driver/Src/stm32f7xx_ll_usb.c ****     {
 1334              		.loc 1 686 28 view .LVU424
 1335 000e DCF8003B 		ldr	r3, [ip, #2816]
 686:Drivers/STM32F7xx_HAL_Driver/Src/stm32f7xx_ll_usb.c ****     {
 1336              		.loc 1 686 8 view .LVU425
 1337 0012 13F4004F 		tst	r3, #32768
 1338 0016 0ED1     		bne	.L102
 688:Drivers/STM32F7xx_HAL_Driver/Src/stm32f7xx_ll_usb.c ****                                     ((uint32_t)ep->type << 18) | (epnum << 22) |
 1339              		.loc 1 688 7 is_stmt 1 view .LVU426
 688:Drivers/STM32F7xx_HAL_Driver/Src/stm32f7xx_ll_usb.c ****                                     ((uint32_t)ep->type << 18) | (epnum << 22) |
 1340              		.loc 1 688 24 is_stmt 0 view .LVU427
 1341 0018 DCF8004B 		ldr	r4, [ip, #2816]
 688:Drivers/STM32F7xx_HAL_Driver/Src/stm32f7xx_ll_usb.c ****                                     ((uint32_t)ep->type << 18) | (epnum << 22) |
 1342              		.loc 1 688 40 view .LVU428
 1343 001c 8B68     		ldr	r3, [r1, #8]
 688:Drivers/STM32F7xx_HAL_Driver/Src/stm32f7xx_ll_usb.c ****                                     ((uint32_t)ep->type << 18) | (epnum << 22) |
 1344              		.loc 1 688 52 view .LVU429
 1345 001e C3F30A03 		ubfx	r3, r3, #0, #11
 689:Drivers/STM32F7xx_HAL_Driver/Src/stm32f7xx_ll_usb.c ****                                     USB_OTG_DOEPCTL_USBAEP;
ARM GAS  /tmp/ccyYvSLN.s 			page 57


 1346              		.loc 1 689 50 view .LVU430
 1347 0022 0D79     		ldrb	r5, [r1, #4]	@ zero_extendqisi2
 688:Drivers/STM32F7xx_HAL_Driver/Src/stm32f7xx_ll_usb.c ****                                     ((uint32_t)ep->type << 18) | (epnum << 22) |
 1348              		.loc 1 688 77 view .LVU431
 1349 0024 43EA8543 		orr	r3, r3, r5, lsl #18
 689:Drivers/STM32F7xx_HAL_Driver/Src/stm32f7xx_ll_usb.c ****                                     USB_OTG_DOEPCTL_USBAEP;
 1350              		.loc 1 689 64 view .LVU432
 1351 0028 43EA8253 		orr	r3, r3, r2, lsl #22
 688:Drivers/STM32F7xx_HAL_Driver/Src/stm32f7xx_ll_usb.c ****                                     ((uint32_t)ep->type << 18) | (epnum << 22) |
 1352              		.loc 1 688 34 view .LVU433
 1353 002c 2343     		orrs	r3, r3, r4
 1354 002e 43F40043 		orr	r3, r3, #32768
 1355 0032 CCF8003B 		str	r3, [ip, #2816]
 1356              	.L102:
 693:Drivers/STM32F7xx_HAL_Driver/Src/stm32f7xx_ll_usb.c ****   }
 1357              		.loc 1 693 5 is_stmt 1 view .LVU434
 693:Drivers/STM32F7xx_HAL_Driver/Src/stm32f7xx_ll_usb.c ****   }
 1358              		.loc 1 693 16 is_stmt 0 view .LVU435
 1359 0036 D0F83C38 		ldr	r3, [r0, #2108]
 693:Drivers/STM32F7xx_HAL_Driver/Src/stm32f7xx_ll_usb.c ****   }
 1360              		.loc 1 693 76 view .LVU436
 1361 003a 0978     		ldrb	r1, [r1]	@ zero_extendqisi2
 1362              	.LVL82:
 693:Drivers/STM32F7xx_HAL_Driver/Src/stm32f7xx_ll_usb.c ****   }
 1363              		.loc 1 693 82 view .LVU437
 1364 003c 01F00F01 		and	r1, r1, #15
 693:Drivers/STM32F7xx_HAL_Driver/Src/stm32f7xx_ll_usb.c ****   }
 1365              		.loc 1 693 55 view .LVU438
 1366 0040 0122     		movs	r2, #1
 1367              	.LVL83:
 693:Drivers/STM32F7xx_HAL_Driver/Src/stm32f7xx_ll_usb.c ****   }
 1368              		.loc 1 693 55 view .LVU439
 1369 0042 8A40     		lsls	r2, r2, r1
 693:Drivers/STM32F7xx_HAL_Driver/Src/stm32f7xx_ll_usb.c ****   }
 1370              		.loc 1 693 27 view .LVU440
 1371 0044 43EA0243 		orr	r3, r3, r2, lsl #16
 1372 0048 C0F83C38 		str	r3, [r0, #2108]
 1373              	.L101:
 696:Drivers/STM32F7xx_HAL_Driver/Src/stm32f7xx_ll_usb.c **** }
 1374              		.loc 1 696 3 is_stmt 1 view .LVU441
 697:Drivers/STM32F7xx_HAL_Driver/Src/stm32f7xx_ll_usb.c **** 
 1375              		.loc 1 697 1 is_stmt 0 view .LVU442
 1376 004c 0020     		movs	r0, #0
 1377              	.LVL84:
 697:Drivers/STM32F7xx_HAL_Driver/Src/stm32f7xx_ll_usb.c **** 
 1378              		.loc 1 697 1 view .LVU443
 1379 004e 30BC     		pop	{r4, r5}
 1380              	.LCFI21:
 1381              		.cfi_remember_state
 1382              		.cfi_restore 5
 1383              		.cfi_restore 4
 1384              		.cfi_def_cfa_offset 0
 1385 0050 7047     		bx	lr
 1386              	.LVL85:
 1387              	.L104:
 1388              	.LCFI22:
 1389              		.cfi_restore_state
ARM GAS  /tmp/ccyYvSLN.s 			page 58


 674:Drivers/STM32F7xx_HAL_Driver/Src/stm32f7xx_ll_usb.c ****     {
 1390              		.loc 1 674 5 is_stmt 1 view .LVU444
 674:Drivers/STM32F7xx_HAL_Driver/Src/stm32f7xx_ll_usb.c ****     {
 1391              		.loc 1 674 11 is_stmt 0 view .LVU445
 1392 0052 00EB4214 		add	r4, r0, r2, lsl #5
 674:Drivers/STM32F7xx_HAL_Driver/Src/stm32f7xx_ll_usb.c ****     {
 1393              		.loc 1 674 27 view .LVU446
 1394 0056 D4F80039 		ldr	r3, [r4, #2304]
 674:Drivers/STM32F7xx_HAL_Driver/Src/stm32f7xx_ll_usb.c ****     {
 1395              		.loc 1 674 8 view .LVU447
 1396 005a 13F4004F 		tst	r3, #32768
 1397 005e 10D1     		bne	.L100
 676:Drivers/STM32F7xx_HAL_Driver/Src/stm32f7xx_ll_usb.c ****                                    ((uint32_t)ep->type << 18) | (epnum << 22) |
 1398              		.loc 1 676 7 is_stmt 1 view .LVU448
 676:Drivers/STM32F7xx_HAL_Driver/Src/stm32f7xx_ll_usb.c ****                                    ((uint32_t)ep->type << 18) | (epnum << 22) |
 1399              		.loc 1 676 23 is_stmt 0 view .LVU449
 1400 0060 D4F80059 		ldr	r5, [r4, #2304]
 676:Drivers/STM32F7xx_HAL_Driver/Src/stm32f7xx_ll_usb.c ****                                    ((uint32_t)ep->type << 18) | (epnum << 22) |
 1401              		.loc 1 676 39 view .LVU450
 1402 0064 8B68     		ldr	r3, [r1, #8]
 676:Drivers/STM32F7xx_HAL_Driver/Src/stm32f7xx_ll_usb.c ****                                    ((uint32_t)ep->type << 18) | (epnum << 22) |
 1403              		.loc 1 676 51 view .LVU451
 1404 0066 C3F30A03 		ubfx	r3, r3, #0, #11
 677:Drivers/STM32F7xx_HAL_Driver/Src/stm32f7xx_ll_usb.c ****                                    USB_OTG_DIEPCTL_SD0PID_SEVNFRM |
 1405              		.loc 1 677 49 view .LVU452
 1406 006a 91F804C0 		ldrb	ip, [r1, #4]	@ zero_extendqisi2
 676:Drivers/STM32F7xx_HAL_Driver/Src/stm32f7xx_ll_usb.c ****                                    ((uint32_t)ep->type << 18) | (epnum << 22) |
 1407              		.loc 1 676 76 view .LVU453
 1408 006e 43EA8C43 		orr	r3, r3, ip, lsl #18
 677:Drivers/STM32F7xx_HAL_Driver/Src/stm32f7xx_ll_usb.c ****                                    USB_OTG_DIEPCTL_SD0PID_SEVNFRM |
 1409              		.loc 1 677 63 view .LVU454
 1410 0072 43EA8253 		orr	r3, r3, r2, lsl #22
 676:Drivers/STM32F7xx_HAL_Driver/Src/stm32f7xx_ll_usb.c ****                                    ((uint32_t)ep->type << 18) | (epnum << 22) |
 1411              		.loc 1 676 33 view .LVU455
 1412 0076 45EA0302 		orr	r2, r5, r3
 1413              	.LVL86:
 676:Drivers/STM32F7xx_HAL_Driver/Src/stm32f7xx_ll_usb.c ****                                    ((uint32_t)ep->type << 18) | (epnum << 22) |
 1414              		.loc 1 676 33 view .LVU456
 1415 007a 084B     		ldr	r3, .L105
 1416 007c 1343     		orrs	r3, r3, r2
 1417 007e C4F80039 		str	r3, [r4, #2304]
 1418              	.LVL87:
 1419              	.L100:
 682:Drivers/STM32F7xx_HAL_Driver/Src/stm32f7xx_ll_usb.c ****   }
 1420              		.loc 1 682 5 is_stmt 1 view .LVU457
 682:Drivers/STM32F7xx_HAL_Driver/Src/stm32f7xx_ll_usb.c ****   }
 1421              		.loc 1 682 16 is_stmt 0 view .LVU458
 1422 0082 D0F83C28 		ldr	r2, [r0, #2108]
 682:Drivers/STM32F7xx_HAL_Driver/Src/stm32f7xx_ll_usb.c ****   }
 1423              		.loc 1 682 75 view .LVU459
 1424 0086 0978     		ldrb	r1, [r1]	@ zero_extendqisi2
 1425              	.LVL88:
 682:Drivers/STM32F7xx_HAL_Driver/Src/stm32f7xx_ll_usb.c ****   }
 1426              		.loc 1 682 81 view .LVU460
 1427 0088 01F00F01 		and	r1, r1, #15
 682:Drivers/STM32F7xx_HAL_Driver/Src/stm32f7xx_ll_usb.c ****   }
 1428              		.loc 1 682 54 view .LVU461
ARM GAS  /tmp/ccyYvSLN.s 			page 59


 1429 008c 0123     		movs	r3, #1
 1430 008e 8B40     		lsls	r3, r3, r1
 682:Drivers/STM32F7xx_HAL_Driver/Src/stm32f7xx_ll_usb.c ****   }
 1431              		.loc 1 682 52 view .LVU462
 1432 0090 9BB2     		uxth	r3, r3
 682:Drivers/STM32F7xx_HAL_Driver/Src/stm32f7xx_ll_usb.c ****   }
 1433              		.loc 1 682 27 view .LVU463
 1434 0092 1343     		orrs	r3, r3, r2
 1435 0094 C0F83C38 		str	r3, [r0, #2108]
 1436 0098 D8E7     		b	.L101
 1437              	.L106:
 1438 009a 00BF     		.align	2
 1439              	.L105:
 1440 009c 00800010 		.word	268468224
 1441              		.cfi_endproc
 1442              	.LFE152:
 1444              		.section	.text.USB_DeactivateEndpoint,"ax",%progbits
 1445              		.align	1
 1446              		.global	USB_DeactivateEndpoint
 1447              		.syntax unified
 1448              		.thumb
 1449              		.thumb_func
 1451              	USB_DeactivateEndpoint:
 1452              	.LVL89:
 1453              	.LFB153:
 706:Drivers/STM32F7xx_HAL_Driver/Src/stm32f7xx_ll_usb.c ****   uint32_t USBx_BASE = (uint32_t)USBx;
 1454              		.loc 1 706 1 is_stmt 1 view -0
 1455              		.cfi_startproc
 1456              		@ args = 0, pretend = 0, frame = 0
 1457              		@ frame_needed = 0, uses_anonymous_args = 0
 1458              		@ link register save eliminated.
 706:Drivers/STM32F7xx_HAL_Driver/Src/stm32f7xx_ll_usb.c ****   uint32_t USBx_BASE = (uint32_t)USBx;
 1459              		.loc 1 706 1 is_stmt 0 view .LVU465
 1460 0000 30B4     		push	{r4, r5}
 1461              	.LCFI23:
 1462              		.cfi_def_cfa_offset 8
 1463              		.cfi_offset 4, -8
 1464              		.cfi_offset 5, -4
 707:Drivers/STM32F7xx_HAL_Driver/Src/stm32f7xx_ll_usb.c ****   uint32_t epnum = (uint32_t)ep->num;
 1465              		.loc 1 707 3 is_stmt 1 view .LVU466
 1466              	.LVL90:
 708:Drivers/STM32F7xx_HAL_Driver/Src/stm32f7xx_ll_usb.c **** 
 1467              		.loc 1 708 3 view .LVU467
 708:Drivers/STM32F7xx_HAL_Driver/Src/stm32f7xx_ll_usb.c **** 
 1468              		.loc 1 708 32 is_stmt 0 view .LVU468
 1469 0002 0B78     		ldrb	r3, [r1]	@ zero_extendqisi2
 1470              	.LVL91:
 711:Drivers/STM32F7xx_HAL_Driver/Src/stm32f7xx_ll_usb.c ****   {
 1471              		.loc 1 711 3 is_stmt 1 view .LVU469
 711:Drivers/STM32F7xx_HAL_Driver/Src/stm32f7xx_ll_usb.c ****   {
 1472              		.loc 1 711 9 is_stmt 0 view .LVU470
 1473 0004 4A78     		ldrb	r2, [r1, #1]	@ zero_extendqisi2
 711:Drivers/STM32F7xx_HAL_Driver/Src/stm32f7xx_ll_usb.c ****   {
 1474              		.loc 1 711 6 view .LVU471
 1475 0006 012A     		cmp	r2, #1
 1476 0008 26D0     		beq	.L113
 729:Drivers/STM32F7xx_HAL_Driver/Src/stm32f7xx_ll_usb.c ****     {
ARM GAS  /tmp/ccyYvSLN.s 			page 60


 1477              		.loc 1 729 5 is_stmt 1 view .LVU472
 729:Drivers/STM32F7xx_HAL_Driver/Src/stm32f7xx_ll_usb.c ****     {
 1478              		.loc 1 729 10 is_stmt 0 view .LVU473
 1479 000a 00EB4313 		add	r3, r0, r3, lsl #5
 1480              	.LVL92:
 729:Drivers/STM32F7xx_HAL_Driver/Src/stm32f7xx_ll_usb.c ****     {
 1481              		.loc 1 729 27 view .LVU474
 1482 000e D3F8002B 		ldr	r2, [r3, #2816]
 729:Drivers/STM32F7xx_HAL_Driver/Src/stm32f7xx_ll_usb.c ****     {
 1483              		.loc 1 729 8 view .LVU475
 1484 0012 002A     		cmp	r2, #0
 1485 0014 52DB     		blt	.L114
 1486              	.LVL93:
 1487              	.L111:
 735:Drivers/STM32F7xx_HAL_Driver/Src/stm32f7xx_ll_usb.c ****     USBx_DEVICE->DAINTMSK &= ~(USB_OTG_DAINTMSK_OEPM & ((uint32_t)(1UL << (ep->num & EP_ADDR_MSK)) 
 1488              		.loc 1 735 5 is_stmt 1 view .LVU476
 735:Drivers/STM32F7xx_HAL_Driver/Src/stm32f7xx_ll_usb.c ****     USBx_DEVICE->DAINTMSK &= ~(USB_OTG_DAINTMSK_OEPM & ((uint32_t)(1UL << (ep->num & EP_ADDR_MSK)) 
 1489              		.loc 1 735 16 is_stmt 0 view .LVU477
 1490 0016 D0F83C48 		ldr	r4, [r0, #2108]
 735:Drivers/STM32F7xx_HAL_Driver/Src/stm32f7xx_ll_usb.c ****     USBx_DEVICE->DAINTMSK &= ~(USB_OTG_DAINTMSK_OEPM & ((uint32_t)(1UL << (ep->num & EP_ADDR_MSK)) 
 1491              		.loc 1 735 78 view .LVU478
 1492 001a 0A78     		ldrb	r2, [r1]	@ zero_extendqisi2
 735:Drivers/STM32F7xx_HAL_Driver/Src/stm32f7xx_ll_usb.c ****     USBx_DEVICE->DAINTMSK &= ~(USB_OTG_DAINTMSK_OEPM & ((uint32_t)(1UL << (ep->num & EP_ADDR_MSK)) 
 1493              		.loc 1 735 84 view .LVU479
 1494 001c 02F00F02 		and	r2, r2, #15
 735:Drivers/STM32F7xx_HAL_Driver/Src/stm32f7xx_ll_usb.c ****     USBx_DEVICE->DAINTMSK &= ~(USB_OTG_DAINTMSK_OEPM & ((uint32_t)(1UL << (ep->num & EP_ADDR_MSK)) 
 1495              		.loc 1 735 57 view .LVU480
 1496 0020 4FF0010C 		mov	ip, #1
 1497 0024 0CFA02F2 		lsl	r2, ip, r2
 735:Drivers/STM32F7xx_HAL_Driver/Src/stm32f7xx_ll_usb.c ****     USBx_DEVICE->DAINTMSK &= ~(USB_OTG_DAINTMSK_OEPM & ((uint32_t)(1UL << (ep->num & EP_ADDR_MSK)) 
 1498              		.loc 1 735 27 view .LVU481
 1499 0028 24EA0242 		bic	r2, r4, r2, lsl #16
 1500 002c C0F83C28 		str	r2, [r0, #2108]
 736:Drivers/STM32F7xx_HAL_Driver/Src/stm32f7xx_ll_usb.c ****     USBx_OUTEP(epnum)->DOEPCTL &= ~(USB_OTG_DOEPCTL_USBAEP |
 1501              		.loc 1 736 5 is_stmt 1 view .LVU482
 736:Drivers/STM32F7xx_HAL_Driver/Src/stm32f7xx_ll_usb.c ****     USBx_OUTEP(epnum)->DOEPCTL &= ~(USB_OTG_DOEPCTL_USBAEP |
 1502              		.loc 1 736 16 is_stmt 0 view .LVU483
 1503 0030 D0F81C28 		ldr	r2, [r0, #2076]
 736:Drivers/STM32F7xx_HAL_Driver/Src/stm32f7xx_ll_usb.c ****     USBx_OUTEP(epnum)->DOEPCTL &= ~(USB_OTG_DOEPCTL_USBAEP |
 1504              		.loc 1 736 78 view .LVU484
 1505 0034 0978     		ldrb	r1, [r1]	@ zero_extendqisi2
 1506              	.LVL94:
 736:Drivers/STM32F7xx_HAL_Driver/Src/stm32f7xx_ll_usb.c ****     USBx_OUTEP(epnum)->DOEPCTL &= ~(USB_OTG_DOEPCTL_USBAEP |
 1507              		.loc 1 736 84 view .LVU485
 1508 0036 01F00F01 		and	r1, r1, #15
 736:Drivers/STM32F7xx_HAL_Driver/Src/stm32f7xx_ll_usb.c ****     USBx_OUTEP(epnum)->DOEPCTL &= ~(USB_OTG_DOEPCTL_USBAEP |
 1509              		.loc 1 736 57 view .LVU486
 1510 003a 0CFA01FC 		lsl	ip, ip, r1
 736:Drivers/STM32F7xx_HAL_Driver/Src/stm32f7xx_ll_usb.c ****     USBx_OUTEP(epnum)->DOEPCTL &= ~(USB_OTG_DOEPCTL_USBAEP |
 1511              		.loc 1 736 27 view .LVU487
 1512 003e 22EA0C42 		bic	r2, r2, ip, lsl #16
 1513 0042 C0F81C28 		str	r2, [r0, #2076]
 737:Drivers/STM32F7xx_HAL_Driver/Src/stm32f7xx_ll_usb.c ****                                     USB_OTG_DOEPCTL_MPSIZ |
 1514              		.loc 1 737 5 is_stmt 1 view .LVU488
 737:Drivers/STM32F7xx_HAL_Driver/Src/stm32f7xx_ll_usb.c ****                                     USB_OTG_DOEPCTL_MPSIZ |
 1515              		.loc 1 737 22 is_stmt 0 view .LVU489
 1516 0046 D3F8001B 		ldr	r1, [r3, #2816]
ARM GAS  /tmp/ccyYvSLN.s 			page 61


 737:Drivers/STM32F7xx_HAL_Driver/Src/stm32f7xx_ll_usb.c ****                                     USB_OTG_DOEPCTL_MPSIZ |
 1517              		.loc 1 737 32 view .LVU490
 1518 004a 234A     		ldr	r2, .L116
 1519 004c 0A40     		ands	r2, r2, r1
 1520 004e C3F8002B 		str	r2, [r3, #2816]
 1521              	.L110:
 743:Drivers/STM32F7xx_HAL_Driver/Src/stm32f7xx_ll_usb.c **** }
 1522              		.loc 1 743 3 is_stmt 1 view .LVU491
 744:Drivers/STM32F7xx_HAL_Driver/Src/stm32f7xx_ll_usb.c **** 
 1523              		.loc 1 744 1 is_stmt 0 view .LVU492
 1524 0052 0020     		movs	r0, #0
 1525              	.LVL95:
 744:Drivers/STM32F7xx_HAL_Driver/Src/stm32f7xx_ll_usb.c **** 
 1526              		.loc 1 744 1 view .LVU493
 1527 0054 30BC     		pop	{r4, r5}
 1528              	.LCFI24:
 1529              		.cfi_remember_state
 1530              		.cfi_restore 5
 1531              		.cfi_restore 4
 1532              		.cfi_def_cfa_offset 0
 1533 0056 7047     		bx	lr
 1534              	.LVL96:
 1535              	.L113:
 1536              	.LCFI25:
 1537              		.cfi_restore_state
 713:Drivers/STM32F7xx_HAL_Driver/Src/stm32f7xx_ll_usb.c ****     {
 1538              		.loc 1 713 5 is_stmt 1 view .LVU494
 713:Drivers/STM32F7xx_HAL_Driver/Src/stm32f7xx_ll_usb.c ****     {
 1539              		.loc 1 713 10 is_stmt 0 view .LVU495
 1540 0058 00EB4313 		add	r3, r0, r3, lsl #5
 1541              	.LVL97:
 713:Drivers/STM32F7xx_HAL_Driver/Src/stm32f7xx_ll_usb.c ****     {
 1542              		.loc 1 713 26 view .LVU496
 1543 005c D3F80029 		ldr	r2, [r3, #2304]
 713:Drivers/STM32F7xx_HAL_Driver/Src/stm32f7xx_ll_usb.c ****     {
 1544              		.loc 1 713 8 view .LVU497
 1545 0060 002A     		cmp	r2, #0
 1546 0062 1EDB     		blt	.L115
 1547              	.LVL98:
 1548              	.L109:
 719:Drivers/STM32F7xx_HAL_Driver/Src/stm32f7xx_ll_usb.c ****     USBx_DEVICE->DAINTMSK &= ~(USB_OTG_DAINTMSK_IEPM & (uint32_t)(1UL << (ep->num & EP_ADDR_MSK)));
 1549              		.loc 1 719 5 is_stmt 1 view .LVU498
 719:Drivers/STM32F7xx_HAL_Driver/Src/stm32f7xx_ll_usb.c ****     USBx_DEVICE->DAINTMSK &= ~(USB_OTG_DAINTMSK_IEPM & (uint32_t)(1UL << (ep->num & EP_ADDR_MSK)));
 1550              		.loc 1 719 16 is_stmt 0 view .LVU499
 1551 0064 D0F83C58 		ldr	r5, [r0, #2108]
 719:Drivers/STM32F7xx_HAL_Driver/Src/stm32f7xx_ll_usb.c ****     USBx_DEVICE->DAINTMSK &= ~(USB_OTG_DAINTMSK_IEPM & (uint32_t)(1UL << (ep->num & EP_ADDR_MSK)));
 1552              		.loc 1 719 77 view .LVU500
 1553 0068 0A78     		ldrb	r2, [r1]	@ zero_extendqisi2
 719:Drivers/STM32F7xx_HAL_Driver/Src/stm32f7xx_ll_usb.c ****     USBx_DEVICE->DAINTMSK &= ~(USB_OTG_DAINTMSK_IEPM & (uint32_t)(1UL << (ep->num & EP_ADDR_MSK)));
 1554              		.loc 1 719 83 view .LVU501
 1555 006a 02F00F02 		and	r2, r2, #15
 719:Drivers/STM32F7xx_HAL_Driver/Src/stm32f7xx_ll_usb.c ****     USBx_DEVICE->DAINTMSK &= ~(USB_OTG_DAINTMSK_IEPM & (uint32_t)(1UL << (ep->num & EP_ADDR_MSK)));
 1556              		.loc 1 719 56 view .LVU502
 1557 006e 0124     		movs	r4, #1
 1558 0070 04FA02F2 		lsl	r2, r4, r2
 719:Drivers/STM32F7xx_HAL_Driver/Src/stm32f7xx_ll_usb.c ****     USBx_DEVICE->DAINTMSK &= ~(USB_OTG_DAINTMSK_IEPM & (uint32_t)(1UL << (ep->num & EP_ADDR_MSK)));
 1559              		.loc 1 719 54 view .LVU503
ARM GAS  /tmp/ccyYvSLN.s 			page 62


 1560 0074 92B2     		uxth	r2, r2
 719:Drivers/STM32F7xx_HAL_Driver/Src/stm32f7xx_ll_usb.c ****     USBx_DEVICE->DAINTMSK &= ~(USB_OTG_DAINTMSK_IEPM & (uint32_t)(1UL << (ep->num & EP_ADDR_MSK)));
 1561              		.loc 1 719 27 view .LVU504
 1562 0076 25EA0202 		bic	r2, r5, r2
 1563 007a C0F83C28 		str	r2, [r0, #2108]
 720:Drivers/STM32F7xx_HAL_Driver/Src/stm32f7xx_ll_usb.c ****     USBx_INEP(epnum)->DIEPCTL &= ~(USB_OTG_DIEPCTL_USBAEP |
 1564              		.loc 1 720 5 is_stmt 1 view .LVU505
 720:Drivers/STM32F7xx_HAL_Driver/Src/stm32f7xx_ll_usb.c ****     USBx_INEP(epnum)->DIEPCTL &= ~(USB_OTG_DIEPCTL_USBAEP |
 1565              		.loc 1 720 16 is_stmt 0 view .LVU506
 1566 007e D0F81C28 		ldr	r2, [r0, #2076]
 720:Drivers/STM32F7xx_HAL_Driver/Src/stm32f7xx_ll_usb.c ****     USBx_INEP(epnum)->DIEPCTL &= ~(USB_OTG_DIEPCTL_USBAEP |
 1567              		.loc 1 720 77 view .LVU507
 1568 0082 0978     		ldrb	r1, [r1]	@ zero_extendqisi2
 1569              	.LVL99:
 720:Drivers/STM32F7xx_HAL_Driver/Src/stm32f7xx_ll_usb.c ****     USBx_INEP(epnum)->DIEPCTL &= ~(USB_OTG_DIEPCTL_USBAEP |
 1570              		.loc 1 720 83 view .LVU508
 1571 0084 01F00F01 		and	r1, r1, #15
 720:Drivers/STM32F7xx_HAL_Driver/Src/stm32f7xx_ll_usb.c ****     USBx_INEP(epnum)->DIEPCTL &= ~(USB_OTG_DIEPCTL_USBAEP |
 1572              		.loc 1 720 56 view .LVU509
 1573 0088 8C40     		lsls	r4, r4, r1
 720:Drivers/STM32F7xx_HAL_Driver/Src/stm32f7xx_ll_usb.c ****     USBx_INEP(epnum)->DIEPCTL &= ~(USB_OTG_DIEPCTL_USBAEP |
 1574              		.loc 1 720 54 view .LVU510
 1575 008a A4B2     		uxth	r4, r4
 720:Drivers/STM32F7xx_HAL_Driver/Src/stm32f7xx_ll_usb.c ****     USBx_INEP(epnum)->DIEPCTL &= ~(USB_OTG_DIEPCTL_USBAEP |
 1576              		.loc 1 720 27 view .LVU511
 1577 008c 22EA0402 		bic	r2, r2, r4
 1578 0090 C0F81C28 		str	r2, [r0, #2076]
 721:Drivers/STM32F7xx_HAL_Driver/Src/stm32f7xx_ll_usb.c ****                                    USB_OTG_DIEPCTL_MPSIZ |
 1579              		.loc 1 721 5 is_stmt 1 view .LVU512
 721:Drivers/STM32F7xx_HAL_Driver/Src/stm32f7xx_ll_usb.c ****                                    USB_OTG_DIEPCTL_MPSIZ |
 1580              		.loc 1 721 21 is_stmt 0 view .LVU513
 1581 0094 D3F80019 		ldr	r1, [r3, #2304]
 721:Drivers/STM32F7xx_HAL_Driver/Src/stm32f7xx_ll_usb.c ****                                    USB_OTG_DIEPCTL_MPSIZ |
 1582              		.loc 1 721 31 view .LVU514
 1583 0098 104A     		ldr	r2, .L116+4
 1584 009a 0A40     		ands	r2, r2, r1
 1585 009c C3F80029 		str	r2, [r3, #2304]
 1586 00a0 D7E7     		b	.L110
 1587              	.LVL100:
 1588              	.L115:
 715:Drivers/STM32F7xx_HAL_Driver/Src/stm32f7xx_ll_usb.c ****       USBx_INEP(epnum)->DIEPCTL |= USB_OTG_DIEPCTL_EPDIS;
 1589              		.loc 1 715 7 is_stmt 1 view .LVU515
 715:Drivers/STM32F7xx_HAL_Driver/Src/stm32f7xx_ll_usb.c ****       USBx_INEP(epnum)->DIEPCTL |= USB_OTG_DIEPCTL_EPDIS;
 1590              		.loc 1 715 23 is_stmt 0 view .LVU516
 1591 00a2 D3F80029 		ldr	r2, [r3, #2304]
 715:Drivers/STM32F7xx_HAL_Driver/Src/stm32f7xx_ll_usb.c ****       USBx_INEP(epnum)->DIEPCTL |= USB_OTG_DIEPCTL_EPDIS;
 1592              		.loc 1 715 33 view .LVU517
 1593 00a6 42F00062 		orr	r2, r2, #134217728
 1594 00aa C3F80029 		str	r2, [r3, #2304]
 1595              	.LVL101:
 716:Drivers/STM32F7xx_HAL_Driver/Src/stm32f7xx_ll_usb.c ****     }
 1596              		.loc 1 716 7 is_stmt 1 view .LVU518
 716:Drivers/STM32F7xx_HAL_Driver/Src/stm32f7xx_ll_usb.c ****     }
 1597              		.loc 1 716 23 is_stmt 0 view .LVU519
 1598 00ae D3F80029 		ldr	r2, [r3, #2304]
 716:Drivers/STM32F7xx_HAL_Driver/Src/stm32f7xx_ll_usb.c ****     }
 1599              		.loc 1 716 33 view .LVU520
ARM GAS  /tmp/ccyYvSLN.s 			page 63


 1600 00b2 42F08042 		orr	r2, r2, #1073741824
 1601 00b6 C3F80029 		str	r2, [r3, #2304]
 1602 00ba D3E7     		b	.L109
 1603              	.LVL102:
 1604              	.L114:
 731:Drivers/STM32F7xx_HAL_Driver/Src/stm32f7xx_ll_usb.c ****       USBx_OUTEP(epnum)->DOEPCTL |= USB_OTG_DOEPCTL_EPDIS;
 1605              		.loc 1 731 7 is_stmt 1 view .LVU521
 731:Drivers/STM32F7xx_HAL_Driver/Src/stm32f7xx_ll_usb.c ****       USBx_OUTEP(epnum)->DOEPCTL |= USB_OTG_DOEPCTL_EPDIS;
 1606              		.loc 1 731 24 is_stmt 0 view .LVU522
 1607 00bc D3F8002B 		ldr	r2, [r3, #2816]
 731:Drivers/STM32F7xx_HAL_Driver/Src/stm32f7xx_ll_usb.c ****       USBx_OUTEP(epnum)->DOEPCTL |= USB_OTG_DOEPCTL_EPDIS;
 1608              		.loc 1 731 34 view .LVU523
 1609 00c0 42F00062 		orr	r2, r2, #134217728
 1610 00c4 C3F8002B 		str	r2, [r3, #2816]
 1611              	.LVL103:
 732:Drivers/STM32F7xx_HAL_Driver/Src/stm32f7xx_ll_usb.c ****     }
 1612              		.loc 1 732 7 is_stmt 1 view .LVU524
 732:Drivers/STM32F7xx_HAL_Driver/Src/stm32f7xx_ll_usb.c ****     }
 1613              		.loc 1 732 24 is_stmt 0 view .LVU525
 1614 00c8 D3F8002B 		ldr	r2, [r3, #2816]
 732:Drivers/STM32F7xx_HAL_Driver/Src/stm32f7xx_ll_usb.c ****     }
 1615              		.loc 1 732 34 view .LVU526
 1616 00cc 42F08042 		orr	r2, r2, #1073741824
 1617 00d0 C3F8002B 		str	r2, [r3, #2816]
 1618 00d4 9FE7     		b	.L111
 1619              	.L117:
 1620 00d6 00BF     		.align	2
 1621              	.L116:
 1622 00d8 0078F3EF 		.word	-269256704
 1623 00dc 007833EC 		.word	-332171264
 1624              		.cfi_endproc
 1625              	.LFE153:
 1627              		.section	.text.USB_DeactivateDedicatedEndpoint,"ax",%progbits
 1628              		.align	1
 1629              		.global	USB_DeactivateDedicatedEndpoint
 1630              		.syntax unified
 1631              		.thumb
 1632              		.thumb_func
 1634              	USB_DeactivateDedicatedEndpoint:
 1635              	.LVL104:
 1636              	.LFB154:
 753:Drivers/STM32F7xx_HAL_Driver/Src/stm32f7xx_ll_usb.c ****   uint32_t USBx_BASE = (uint32_t)USBx;
 1637              		.loc 1 753 1 is_stmt 1 view -0
 1638              		.cfi_startproc
 1639              		@ args = 0, pretend = 0, frame = 0
 1640              		@ frame_needed = 0, uses_anonymous_args = 0
 1641              		@ link register save eliminated.
 754:Drivers/STM32F7xx_HAL_Driver/Src/stm32f7xx_ll_usb.c ****   uint32_t epnum = (uint32_t)ep->num;
 1642              		.loc 1 754 3 view .LVU528
 755:Drivers/STM32F7xx_HAL_Driver/Src/stm32f7xx_ll_usb.c **** 
 1643              		.loc 1 755 3 view .LVU529
 755:Drivers/STM32F7xx_HAL_Driver/Src/stm32f7xx_ll_usb.c **** 
 1644              		.loc 1 755 32 is_stmt 0 view .LVU530
 1645 0000 0B78     		ldrb	r3, [r1]	@ zero_extendqisi2
 1646              	.LVL105:
 758:Drivers/STM32F7xx_HAL_Driver/Src/stm32f7xx_ll_usb.c ****   {
 1647              		.loc 1 758 3 is_stmt 1 view .LVU531
ARM GAS  /tmp/ccyYvSLN.s 			page 64


 758:Drivers/STM32F7xx_HAL_Driver/Src/stm32f7xx_ll_usb.c ****   {
 1648              		.loc 1 758 9 is_stmt 0 view .LVU532
 1649 0002 4A78     		ldrb	r2, [r1, #1]	@ zero_extendqisi2
 758:Drivers/STM32F7xx_HAL_Driver/Src/stm32f7xx_ll_usb.c ****   {
 1650              		.loc 1 758 6 view .LVU533
 1651 0004 012A     		cmp	r2, #1
 1652 0006 18D0     		beq	.L123
 771:Drivers/STM32F7xx_HAL_Driver/Src/stm32f7xx_ll_usb.c ****     {
 1653              		.loc 1 771 5 is_stmt 1 view .LVU534
 771:Drivers/STM32F7xx_HAL_Driver/Src/stm32f7xx_ll_usb.c ****     {
 1654              		.loc 1 771 10 is_stmt 0 view .LVU535
 1655 0008 00EB4313 		add	r3, r0, r3, lsl #5
 1656              	.LVL106:
 771:Drivers/STM32F7xx_HAL_Driver/Src/stm32f7xx_ll_usb.c ****     {
 1657              		.loc 1 771 27 view .LVU536
 1658 000c D3F8002B 		ldr	r2, [r3, #2816]
 771:Drivers/STM32F7xx_HAL_Driver/Src/stm32f7xx_ll_usb.c ****     {
 1659              		.loc 1 771 8 view .LVU537
 1660 0010 002A     		cmp	r2, #0
 1661 0012 38DB     		blt	.L124
 1662              	.LVL107:
 1663              	.L122:
 777:Drivers/STM32F7xx_HAL_Driver/Src/stm32f7xx_ll_usb.c ****     USBx_DEVICE->DAINTMSK &= ~(USB_OTG_DAINTMSK_OEPM & ((uint32_t)(1UL << (ep->num & EP_ADDR_MSK)) 
 1664              		.loc 1 777 5 is_stmt 1 view .LVU538
 777:Drivers/STM32F7xx_HAL_Driver/Src/stm32f7xx_ll_usb.c ****     USBx_DEVICE->DAINTMSK &= ~(USB_OTG_DAINTMSK_OEPM & ((uint32_t)(1UL << (ep->num & EP_ADDR_MSK)) 
 1665              		.loc 1 777 22 is_stmt 0 view .LVU539
 1666 0014 D3F8002B 		ldr	r2, [r3, #2816]
 777:Drivers/STM32F7xx_HAL_Driver/Src/stm32f7xx_ll_usb.c ****     USBx_DEVICE->DAINTMSK &= ~(USB_OTG_DAINTMSK_OEPM & ((uint32_t)(1UL << (ep->num & EP_ADDR_MSK)) 
 1667              		.loc 1 777 32 view .LVU540
 1668 0018 22F40042 		bic	r2, r2, #32768
 1669 001c C3F8002B 		str	r2, [r3, #2816]
 778:Drivers/STM32F7xx_HAL_Driver/Src/stm32f7xx_ll_usb.c ****   }
 1670              		.loc 1 778 5 is_stmt 1 view .LVU541
 778:Drivers/STM32F7xx_HAL_Driver/Src/stm32f7xx_ll_usb.c ****   }
 1671              		.loc 1 778 16 is_stmt 0 view .LVU542
 1672 0020 D0F81C38 		ldr	r3, [r0, #2076]
 778:Drivers/STM32F7xx_HAL_Driver/Src/stm32f7xx_ll_usb.c ****   }
 1673              		.loc 1 778 78 view .LVU543
 1674 0024 0978     		ldrb	r1, [r1]	@ zero_extendqisi2
 1675              	.LVL108:
 778:Drivers/STM32F7xx_HAL_Driver/Src/stm32f7xx_ll_usb.c ****   }
 1676              		.loc 1 778 84 view .LVU544
 1677 0026 01F00F01 		and	r1, r1, #15
 778:Drivers/STM32F7xx_HAL_Driver/Src/stm32f7xx_ll_usb.c ****   }
 1678              		.loc 1 778 57 view .LVU545
 1679 002a 0122     		movs	r2, #1
 1680 002c 8A40     		lsls	r2, r2, r1
 778:Drivers/STM32F7xx_HAL_Driver/Src/stm32f7xx_ll_usb.c ****   }
 1681              		.loc 1 778 27 view .LVU546
 1682 002e 23EA0243 		bic	r3, r3, r2, lsl #16
 1683 0032 C0F81C38 		str	r3, [r0, #2076]
 1684              	.L121:
 781:Drivers/STM32F7xx_HAL_Driver/Src/stm32f7xx_ll_usb.c **** }
 1685              		.loc 1 781 3 is_stmt 1 view .LVU547
 782:Drivers/STM32F7xx_HAL_Driver/Src/stm32f7xx_ll_usb.c **** 
 1686              		.loc 1 782 1 is_stmt 0 view .LVU548
 1687 0036 0020     		movs	r0, #0
ARM GAS  /tmp/ccyYvSLN.s 			page 65


 1688              	.LVL109:
 782:Drivers/STM32F7xx_HAL_Driver/Src/stm32f7xx_ll_usb.c **** 
 1689              		.loc 1 782 1 view .LVU549
 1690 0038 7047     		bx	lr
 1691              	.LVL110:
 1692              	.L123:
 760:Drivers/STM32F7xx_HAL_Driver/Src/stm32f7xx_ll_usb.c ****     {
 1693              		.loc 1 760 5 is_stmt 1 view .LVU550
 760:Drivers/STM32F7xx_HAL_Driver/Src/stm32f7xx_ll_usb.c ****     {
 1694              		.loc 1 760 10 is_stmt 0 view .LVU551
 1695 003a 00EB4313 		add	r3, r0, r3, lsl #5
 1696              	.LVL111:
 760:Drivers/STM32F7xx_HAL_Driver/Src/stm32f7xx_ll_usb.c ****     {
 1697              		.loc 1 760 26 view .LVU552
 1698 003e D3F80029 		ldr	r2, [r3, #2304]
 760:Drivers/STM32F7xx_HAL_Driver/Src/stm32f7xx_ll_usb.c ****     {
 1699              		.loc 1 760 8 view .LVU553
 1700 0042 002A     		cmp	r2, #0
 1701 0044 12DB     		blt	.L125
 1702              	.LVL112:
 1703              	.L120:
 766:Drivers/STM32F7xx_HAL_Driver/Src/stm32f7xx_ll_usb.c ****     USBx_DEVICE->DAINTMSK &= ~(USB_OTG_DAINTMSK_IEPM & (uint32_t)(1UL << (ep->num & EP_ADDR_MSK)));
 1704              		.loc 1 766 5 is_stmt 1 view .LVU554
 766:Drivers/STM32F7xx_HAL_Driver/Src/stm32f7xx_ll_usb.c ****     USBx_DEVICE->DAINTMSK &= ~(USB_OTG_DAINTMSK_IEPM & (uint32_t)(1UL << (ep->num & EP_ADDR_MSK)));
 1705              		.loc 1 766 21 is_stmt 0 view .LVU555
 1706 0046 D3F80029 		ldr	r2, [r3, #2304]
 766:Drivers/STM32F7xx_HAL_Driver/Src/stm32f7xx_ll_usb.c ****     USBx_DEVICE->DAINTMSK &= ~(USB_OTG_DAINTMSK_IEPM & (uint32_t)(1UL << (ep->num & EP_ADDR_MSK)));
 1707              		.loc 1 766 31 view .LVU556
 1708 004a 22F40042 		bic	r2, r2, #32768
 1709 004e C3F80029 		str	r2, [r3, #2304]
 767:Drivers/STM32F7xx_HAL_Driver/Src/stm32f7xx_ll_usb.c ****   }
 1710              		.loc 1 767 5 is_stmt 1 view .LVU557
 767:Drivers/STM32F7xx_HAL_Driver/Src/stm32f7xx_ll_usb.c ****   }
 1711              		.loc 1 767 16 is_stmt 0 view .LVU558
 1712 0052 D0F81C28 		ldr	r2, [r0, #2076]
 767:Drivers/STM32F7xx_HAL_Driver/Src/stm32f7xx_ll_usb.c ****   }
 1713              		.loc 1 767 77 view .LVU559
 1714 0056 0978     		ldrb	r1, [r1]	@ zero_extendqisi2
 1715              	.LVL113:
 767:Drivers/STM32F7xx_HAL_Driver/Src/stm32f7xx_ll_usb.c ****   }
 1716              		.loc 1 767 83 view .LVU560
 1717 0058 01F00F01 		and	r1, r1, #15
 767:Drivers/STM32F7xx_HAL_Driver/Src/stm32f7xx_ll_usb.c ****   }
 1718              		.loc 1 767 56 view .LVU561
 1719 005c 0123     		movs	r3, #1
 1720 005e 8B40     		lsls	r3, r3, r1
 767:Drivers/STM32F7xx_HAL_Driver/Src/stm32f7xx_ll_usb.c ****   }
 1721              		.loc 1 767 54 view .LVU562
 1722 0060 9BB2     		uxth	r3, r3
 767:Drivers/STM32F7xx_HAL_Driver/Src/stm32f7xx_ll_usb.c ****   }
 1723              		.loc 1 767 27 view .LVU563
 1724 0062 22EA0303 		bic	r3, r2, r3
 1725 0066 C0F81C38 		str	r3, [r0, #2076]
 1726 006a E4E7     		b	.L121
 1727              	.LVL114:
 1728              	.L125:
 762:Drivers/STM32F7xx_HAL_Driver/Src/stm32f7xx_ll_usb.c ****       USBx_INEP(epnum)->DIEPCTL  |= USB_OTG_DIEPCTL_EPDIS;
ARM GAS  /tmp/ccyYvSLN.s 			page 66


 1729              		.loc 1 762 7 is_stmt 1 view .LVU564
 762:Drivers/STM32F7xx_HAL_Driver/Src/stm32f7xx_ll_usb.c ****       USBx_INEP(epnum)->DIEPCTL  |= USB_OTG_DIEPCTL_EPDIS;
 1730              		.loc 1 762 23 is_stmt 0 view .LVU565
 1731 006c D3F80029 		ldr	r2, [r3, #2304]
 762:Drivers/STM32F7xx_HAL_Driver/Src/stm32f7xx_ll_usb.c ****       USBx_INEP(epnum)->DIEPCTL  |= USB_OTG_DIEPCTL_EPDIS;
 1732              		.loc 1 762 34 view .LVU566
 1733 0070 42F00062 		orr	r2, r2, #134217728
 1734 0074 C3F80029 		str	r2, [r3, #2304]
 1735              	.LVL115:
 763:Drivers/STM32F7xx_HAL_Driver/Src/stm32f7xx_ll_usb.c ****     }
 1736              		.loc 1 763 7 is_stmt 1 view .LVU567
 763:Drivers/STM32F7xx_HAL_Driver/Src/stm32f7xx_ll_usb.c ****     }
 1737              		.loc 1 763 23 is_stmt 0 view .LVU568
 1738 0078 D3F80029 		ldr	r2, [r3, #2304]
 763:Drivers/STM32F7xx_HAL_Driver/Src/stm32f7xx_ll_usb.c ****     }
 1739              		.loc 1 763 34 view .LVU569
 1740 007c 42F08042 		orr	r2, r2, #1073741824
 1741 0080 C3F80029 		str	r2, [r3, #2304]
 1742 0084 DFE7     		b	.L120
 1743              	.LVL116:
 1744              	.L124:
 773:Drivers/STM32F7xx_HAL_Driver/Src/stm32f7xx_ll_usb.c ****       USBx_OUTEP(epnum)->DOEPCTL  |= USB_OTG_DOEPCTL_EPDIS;
 1745              		.loc 1 773 7 is_stmt 1 view .LVU570
 773:Drivers/STM32F7xx_HAL_Driver/Src/stm32f7xx_ll_usb.c ****       USBx_OUTEP(epnum)->DOEPCTL  |= USB_OTG_DOEPCTL_EPDIS;
 1746              		.loc 1 773 24 is_stmt 0 view .LVU571
 1747 0086 D3F8002B 		ldr	r2, [r3, #2816]
 773:Drivers/STM32F7xx_HAL_Driver/Src/stm32f7xx_ll_usb.c ****       USBx_OUTEP(epnum)->DOEPCTL  |= USB_OTG_DOEPCTL_EPDIS;
 1748              		.loc 1 773 35 view .LVU572
 1749 008a 42F00062 		orr	r2, r2, #134217728
 1750 008e C3F8002B 		str	r2, [r3, #2816]
 1751              	.LVL117:
 774:Drivers/STM32F7xx_HAL_Driver/Src/stm32f7xx_ll_usb.c ****     }
 1752              		.loc 1 774 7 is_stmt 1 view .LVU573
 774:Drivers/STM32F7xx_HAL_Driver/Src/stm32f7xx_ll_usb.c ****     }
 1753              		.loc 1 774 24 is_stmt 0 view .LVU574
 1754 0092 D3F8002B 		ldr	r2, [r3, #2816]
 774:Drivers/STM32F7xx_HAL_Driver/Src/stm32f7xx_ll_usb.c ****     }
 1755              		.loc 1 774 35 view .LVU575
 1756 0096 42F08042 		orr	r2, r2, #1073741824
 1757 009a C3F8002B 		str	r2, [r3, #2816]
 1758 009e B9E7     		b	.L122
 1759              		.cfi_endproc
 1760              	.LFE154:
 1762              		.section	.text.USB_EPStopXfer,"ax",%progbits
 1763              		.align	1
 1764              		.global	USB_EPStopXfer
 1765              		.syntax unified
 1766              		.thumb
 1767              		.thumb_func
 1769              	USB_EPStopXfer:
 1770              	.LVL118:
 1771              	.LFB156:
 967:Drivers/STM32F7xx_HAL_Driver/Src/stm32f7xx_ll_usb.c ****   __IO uint32_t count = 0U;
 1772              		.loc 1 967 1 is_stmt 1 view -0
 1773              		.cfi_startproc
 1774              		@ args = 0, pretend = 0, frame = 8
 1775              		@ frame_needed = 0, uses_anonymous_args = 0
ARM GAS  /tmp/ccyYvSLN.s 			page 67


 1776              		@ link register save eliminated.
 967:Drivers/STM32F7xx_HAL_Driver/Src/stm32f7xx_ll_usb.c ****   __IO uint32_t count = 0U;
 1777              		.loc 1 967 1 is_stmt 0 view .LVU577
 1778 0000 10B4     		push	{r4}
 1779              	.LCFI26:
 1780              		.cfi_def_cfa_offset 4
 1781              		.cfi_offset 4, -4
 1782 0002 83B0     		sub	sp, sp, #12
 1783              	.LCFI27:
 1784              		.cfi_def_cfa_offset 16
 1785 0004 0246     		mov	r2, r0
 968:Drivers/STM32F7xx_HAL_Driver/Src/stm32f7xx_ll_usb.c ****   HAL_StatusTypeDef ret = HAL_OK;
 1786              		.loc 1 968 3 is_stmt 1 view .LVU578
 968:Drivers/STM32F7xx_HAL_Driver/Src/stm32f7xx_ll_usb.c ****   HAL_StatusTypeDef ret = HAL_OK;
 1787              		.loc 1 968 17 is_stmt 0 view .LVU579
 1788 0006 0023     		movs	r3, #0
 1789 0008 0193     		str	r3, [sp, #4]
 969:Drivers/STM32F7xx_HAL_Driver/Src/stm32f7xx_ll_usb.c ****   uint32_t USBx_BASE = (uint32_t)USBx;
 1790              		.loc 1 969 3 is_stmt 1 view .LVU580
 1791              	.LVL119:
 970:Drivers/STM32F7xx_HAL_Driver/Src/stm32f7xx_ll_usb.c **** 
 1792              		.loc 1 970 3 view .LVU581
 973:Drivers/STM32F7xx_HAL_Driver/Src/stm32f7xx_ll_usb.c ****   {
 1793              		.loc 1 973 3 view .LVU582
 973:Drivers/STM32F7xx_HAL_Driver/Src/stm32f7xx_ll_usb.c ****   {
 1794              		.loc 1 973 9 is_stmt 0 view .LVU583
 1795 000a 4878     		ldrb	r0, [r1, #1]	@ zero_extendqisi2
 1796              	.LVL120:
 973:Drivers/STM32F7xx_HAL_Driver/Src/stm32f7xx_ll_usb.c ****   {
 1797              		.loc 1 973 6 view .LVU584
 1798 000c 0128     		cmp	r0, #1
 1799 000e 0BD0     		beq	.L135
 995:Drivers/STM32F7xx_HAL_Driver/Src/stm32f7xx_ll_usb.c ****     {
 1800              		.loc 1 995 5 is_stmt 1 view .LVU585
 995:Drivers/STM32F7xx_HAL_Driver/Src/stm32f7xx_ll_usb.c ****     {
 1801              		.loc 1 995 11 is_stmt 0 view .LVU586
 1802 0010 0B78     		ldrb	r3, [r1]	@ zero_extendqisi2
 1803 0012 02EB4313 		add	r3, r2, r3, lsl #5
 995:Drivers/STM32F7xx_HAL_Driver/Src/stm32f7xx_ll_usb.c ****     {
 1804              		.loc 1 995 30 view .LVU587
 1805 0016 D3F8000B 		ldr	r0, [r3, #2816]
 995:Drivers/STM32F7xx_HAL_Driver/Src/stm32f7xx_ll_usb.c ****     {
 1806              		.loc 1 995 8 view .LVU588
 1807 001a 0028     		cmp	r0, #0
 1808 001c 2DDB     		blt	.L136
 969:Drivers/STM32F7xx_HAL_Driver/Src/stm32f7xx_ll_usb.c ****   uint32_t USBx_BASE = (uint32_t)USBx;
 1809              		.loc 1 969 21 view .LVU589
 1810 001e 0020     		movs	r0, #0
 1811              	.L128:
 1812              	.LVL121:
1013:Drivers/STM32F7xx_HAL_Driver/Src/stm32f7xx_ll_usb.c **** }
 1813              		.loc 1 1013 3 is_stmt 1 view .LVU590
1014:Drivers/STM32F7xx_HAL_Driver/Src/stm32f7xx_ll_usb.c **** 
 1814              		.loc 1 1014 1 is_stmt 0 view .LVU591
 1815 0020 03B0     		add	sp, sp, #12
 1816              	.LCFI28:
 1817              		.cfi_remember_state
ARM GAS  /tmp/ccyYvSLN.s 			page 68


 1818              		.cfi_def_cfa_offset 4
 1819              		@ sp needed
 1820 0022 5DF8044B 		ldr	r4, [sp], #4
 1821              	.LCFI29:
 1822              		.cfi_restore 4
 1823              		.cfi_def_cfa_offset 0
 1824 0026 7047     		bx	lr
 1825              	.LVL122:
 1826              	.L135:
 1827              	.LCFI30:
 1828              		.cfi_restore_state
 976:Drivers/STM32F7xx_HAL_Driver/Src/stm32f7xx_ll_usb.c ****     {
 1829              		.loc 1 976 5 is_stmt 1 view .LVU592
 976:Drivers/STM32F7xx_HAL_Driver/Src/stm32f7xx_ll_usb.c ****     {
 1830              		.loc 1 976 11 is_stmt 0 view .LVU593
 1831 0028 0B78     		ldrb	r3, [r1]	@ zero_extendqisi2
 1832 002a 02EB4313 		add	r3, r2, r3, lsl #5
 976:Drivers/STM32F7xx_HAL_Driver/Src/stm32f7xx_ll_usb.c ****     {
 1833              		.loc 1 976 29 view .LVU594
 1834 002e D3F80049 		ldr	r4, [r3, #2304]
 976:Drivers/STM32F7xx_HAL_Driver/Src/stm32f7xx_ll_usb.c ****     {
 1835              		.loc 1 976 8 view .LVU595
 1836 0032 002C     		cmp	r4, #0
 1837 0034 01DB     		blt	.L137
 969:Drivers/STM32F7xx_HAL_Driver/Src/stm32f7xx_ll_usb.c ****   uint32_t USBx_BASE = (uint32_t)USBx;
 1838              		.loc 1 969 21 view .LVU596
 1839 0036 0020     		movs	r0, #0
 1840 0038 F2E7     		b	.L128
 1841              	.L137:
 978:Drivers/STM32F7xx_HAL_Driver/Src/stm32f7xx_ll_usb.c ****       USBx_INEP(ep->num)->DIEPCTL |= (USB_OTG_DIEPCTL_EPDIS);
 1842              		.loc 1 978 7 is_stmt 1 view .LVU597
 978:Drivers/STM32F7xx_HAL_Driver/Src/stm32f7xx_ll_usb.c ****       USBx_INEP(ep->num)->DIEPCTL |= (USB_OTG_DIEPCTL_EPDIS);
 1843              		.loc 1 978 25 is_stmt 0 view .LVU598
 1844 003a D3F80049 		ldr	r4, [r3, #2304]
 978:Drivers/STM32F7xx_HAL_Driver/Src/stm32f7xx_ll_usb.c ****       USBx_INEP(ep->num)->DIEPCTL |= (USB_OTG_DIEPCTL_EPDIS);
 1845              		.loc 1 978 35 view .LVU599
 1846 003e 44F00064 		orr	r4, r4, #134217728
 1847 0042 C3F80049 		str	r4, [r3, #2304]
 979:Drivers/STM32F7xx_HAL_Driver/Src/stm32f7xx_ll_usb.c **** 
 1848              		.loc 1 979 7 is_stmt 1 view .LVU600
 1849 0046 0B78     		ldrb	r3, [r1]	@ zero_extendqisi2
 979:Drivers/STM32F7xx_HAL_Driver/Src/stm32f7xx_ll_usb.c **** 
 1850              		.loc 1 979 25 is_stmt 0 view .LVU601
 1851 0048 02EB4313 		add	r3, r2, r3, lsl #5
 1852 004c D3F80049 		ldr	r4, [r3, #2304]
 979:Drivers/STM32F7xx_HAL_Driver/Src/stm32f7xx_ll_usb.c **** 
 1853              		.loc 1 979 35 view .LVU602
 1854 0050 44F08044 		orr	r4, r4, #1073741824
 1855 0054 C3F80049 		str	r4, [r3, #2304]
 1856              	.L129:
 981:Drivers/STM32F7xx_HAL_Driver/Src/stm32f7xx_ll_usb.c ****       {
 1857              		.loc 1 981 7 is_stmt 1 view .LVU603
 983:Drivers/STM32F7xx_HAL_Driver/Src/stm32f7xx_ll_usb.c **** 
 1858              		.loc 1 983 9 view .LVU604
 983:Drivers/STM32F7xx_HAL_Driver/Src/stm32f7xx_ll_usb.c **** 
 1859              		.loc 1 983 14 is_stmt 0 view .LVU605
 1860 0058 019B     		ldr	r3, [sp, #4]
ARM GAS  /tmp/ccyYvSLN.s 			page 69


 1861 005a 0133     		adds	r3, r3, #1
 1862 005c 0193     		str	r3, [sp, #4]
 985:Drivers/STM32F7xx_HAL_Driver/Src/stm32f7xx_ll_usb.c ****         {
 1863              		.loc 1 985 9 is_stmt 1 view .LVU606
 985:Drivers/STM32F7xx_HAL_Driver/Src/stm32f7xx_ll_usb.c ****         {
 1864              		.loc 1 985 19 is_stmt 0 view .LVU607
 1865 005e 019C     		ldr	r4, [sp, #4]
 985:Drivers/STM32F7xx_HAL_Driver/Src/stm32f7xx_ll_usb.c ****         {
 1866              		.loc 1 985 12 view .LVU608
 1867 0060 42F21073 		movw	r3, #10000
 1868 0064 9C42     		cmp	r4, r3
 1869 0066 DBD8     		bhi	.L128
 990:Drivers/STM32F7xx_HAL_Driver/Src/stm32f7xx_ll_usb.c ****     }
 1870              		.loc 1 990 72 is_stmt 1 view .LVU609
 990:Drivers/STM32F7xx_HAL_Driver/Src/stm32f7xx_ll_usb.c ****     }
 1871              		.loc 1 990 18 is_stmt 0 view .LVU610
 1872 0068 0B78     		ldrb	r3, [r1]	@ zero_extendqisi2
 1873 006a 02EB4313 		add	r3, r2, r3, lsl #5
 990:Drivers/STM32F7xx_HAL_Driver/Src/stm32f7xx_ll_usb.c ****     }
 1874              		.loc 1 990 36 view .LVU611
 1875 006e D3F80039 		ldr	r3, [r3, #2304]
 990:Drivers/STM32F7xx_HAL_Driver/Src/stm32f7xx_ll_usb.c ****     }
 1876              		.loc 1 990 72 view .LVU612
 1877 0072 002B     		cmp	r3, #0
 1878 0074 F0DB     		blt	.L129
 969:Drivers/STM32F7xx_HAL_Driver/Src/stm32f7xx_ll_usb.c ****   uint32_t USBx_BASE = (uint32_t)USBx;
 1879              		.loc 1 969 21 view .LVU613
 1880 0076 0020     		movs	r0, #0
 1881 0078 D2E7     		b	.L128
 1882              	.L136:
 997:Drivers/STM32F7xx_HAL_Driver/Src/stm32f7xx_ll_usb.c ****       USBx_OUTEP(ep->num)->DOEPCTL |= (USB_OTG_DOEPCTL_EPDIS);
 1883              		.loc 1 997 7 is_stmt 1 view .LVU614
 997:Drivers/STM32F7xx_HAL_Driver/Src/stm32f7xx_ll_usb.c ****       USBx_OUTEP(ep->num)->DOEPCTL |= (USB_OTG_DOEPCTL_EPDIS);
 1884              		.loc 1 997 26 is_stmt 0 view .LVU615
 1885 007a D3F8000B 		ldr	r0, [r3, #2816]
 997:Drivers/STM32F7xx_HAL_Driver/Src/stm32f7xx_ll_usb.c ****       USBx_OUTEP(ep->num)->DOEPCTL |= (USB_OTG_DOEPCTL_EPDIS);
 1886              		.loc 1 997 36 view .LVU616
 1887 007e 40F00060 		orr	r0, r0, #134217728
 1888 0082 C3F8000B 		str	r0, [r3, #2816]
 998:Drivers/STM32F7xx_HAL_Driver/Src/stm32f7xx_ll_usb.c **** 
 1889              		.loc 1 998 7 is_stmt 1 view .LVU617
 1890 0086 0B78     		ldrb	r3, [r1]	@ zero_extendqisi2
 998:Drivers/STM32F7xx_HAL_Driver/Src/stm32f7xx_ll_usb.c **** 
 1891              		.loc 1 998 26 is_stmt 0 view .LVU618
 1892 0088 02EB4313 		add	r3, r2, r3, lsl #5
 1893 008c D3F8000B 		ldr	r0, [r3, #2816]
 998:Drivers/STM32F7xx_HAL_Driver/Src/stm32f7xx_ll_usb.c **** 
 1894              		.loc 1 998 36 view .LVU619
 1895 0090 40F08040 		orr	r0, r0, #1073741824
 1896 0094 C3F8000B 		str	r0, [r3, #2816]
 1897              	.L130:
1000:Drivers/STM32F7xx_HAL_Driver/Src/stm32f7xx_ll_usb.c ****       {
 1898              		.loc 1 1000 7 is_stmt 1 view .LVU620
1002:Drivers/STM32F7xx_HAL_Driver/Src/stm32f7xx_ll_usb.c **** 
 1899              		.loc 1 1002 9 view .LVU621
1002:Drivers/STM32F7xx_HAL_Driver/Src/stm32f7xx_ll_usb.c **** 
 1900              		.loc 1 1002 14 is_stmt 0 view .LVU622
ARM GAS  /tmp/ccyYvSLN.s 			page 70


 1901 0098 019B     		ldr	r3, [sp, #4]
 1902 009a 0133     		adds	r3, r3, #1
 1903 009c 0193     		str	r3, [sp, #4]
1004:Drivers/STM32F7xx_HAL_Driver/Src/stm32f7xx_ll_usb.c ****         {
 1904              		.loc 1 1004 9 is_stmt 1 view .LVU623
1004:Drivers/STM32F7xx_HAL_Driver/Src/stm32f7xx_ll_usb.c ****         {
 1905              		.loc 1 1004 19 is_stmt 0 view .LVU624
 1906 009e 0198     		ldr	r0, [sp, #4]
1004:Drivers/STM32F7xx_HAL_Driver/Src/stm32f7xx_ll_usb.c ****         {
 1907              		.loc 1 1004 12 view .LVU625
 1908 00a0 42F21073 		movw	r3, #10000
 1909 00a4 9842     		cmp	r0, r3
 1910 00a6 08D8     		bhi	.L133
1009:Drivers/STM32F7xx_HAL_Driver/Src/stm32f7xx_ll_usb.c ****     }
 1911              		.loc 1 1009 73 is_stmt 1 view .LVU626
1009:Drivers/STM32F7xx_HAL_Driver/Src/stm32f7xx_ll_usb.c ****     }
 1912              		.loc 1 1009 18 is_stmt 0 view .LVU627
 1913 00a8 0B78     		ldrb	r3, [r1]	@ zero_extendqisi2
 1914 00aa 02EB4313 		add	r3, r2, r3, lsl #5
1009:Drivers/STM32F7xx_HAL_Driver/Src/stm32f7xx_ll_usb.c ****     }
 1915              		.loc 1 1009 37 view .LVU628
 1916 00ae D3F8003B 		ldr	r3, [r3, #2816]
1009:Drivers/STM32F7xx_HAL_Driver/Src/stm32f7xx_ll_usb.c ****     }
 1917              		.loc 1 1009 73 view .LVU629
 1918 00b2 002B     		cmp	r3, #0
 1919 00b4 F0DB     		blt	.L130
 969:Drivers/STM32F7xx_HAL_Driver/Src/stm32f7xx_ll_usb.c ****   uint32_t USBx_BASE = (uint32_t)USBx;
 1920              		.loc 1 969 21 view .LVU630
 1921 00b6 0020     		movs	r0, #0
 1922 00b8 B2E7     		b	.L128
 1923              	.L133:
1006:Drivers/STM32F7xx_HAL_Driver/Src/stm32f7xx_ll_usb.c ****           break;
 1924              		.loc 1 1006 15 view .LVU631
 1925 00ba 0120     		movs	r0, #1
 1926 00bc B0E7     		b	.L128
 1927              		.cfi_endproc
 1928              	.LFE156:
 1930              		.section	.text.USB_WritePacket,"ax",%progbits
 1931              		.align	1
 1932              		.global	USB_WritePacket
 1933              		.syntax unified
 1934              		.thumb
 1935              		.thumb_func
 1937              	USB_WritePacket:
 1938              	.LVL123:
 1939              	.LFB157:
1032:Drivers/STM32F7xx_HAL_Driver/Src/stm32f7xx_ll_usb.c ****   uint32_t USBx_BASE = (uint32_t)USBx;
 1940              		.loc 1 1032 1 is_stmt 1 view -0
 1941              		.cfi_startproc
 1942              		@ args = 4, pretend = 0, frame = 0
 1943              		@ frame_needed = 0, uses_anonymous_args = 0
1032:Drivers/STM32F7xx_HAL_Driver/Src/stm32f7xx_ll_usb.c ****   uint32_t USBx_BASE = (uint32_t)USBx;
 1944              		.loc 1 1032 1 is_stmt 0 view .LVU633
 1945 0000 10B5     		push	{r4, lr}
 1946              	.LCFI31:
 1947              		.cfi_def_cfa_offset 8
 1948              		.cfi_offset 4, -8
ARM GAS  /tmp/ccyYvSLN.s 			page 71


 1949              		.cfi_offset 14, -4
 1950 0002 9DF80840 		ldrb	r4, [sp, #8]	@ zero_extendqisi2
1033:Drivers/STM32F7xx_HAL_Driver/Src/stm32f7xx_ll_usb.c ****   uint8_t *pSrc = src;
 1951              		.loc 1 1033 3 is_stmt 1 view .LVU634
 1952              	.LVL124:
1034:Drivers/STM32F7xx_HAL_Driver/Src/stm32f7xx_ll_usb.c ****   uint32_t count32b;
 1953              		.loc 1 1034 3 view .LVU635
1035:Drivers/STM32F7xx_HAL_Driver/Src/stm32f7xx_ll_usb.c ****   uint32_t i;
 1954              		.loc 1 1035 3 view .LVU636
1036:Drivers/STM32F7xx_HAL_Driver/Src/stm32f7xx_ll_usb.c **** 
 1955              		.loc 1 1036 3 view .LVU637
1038:Drivers/STM32F7xx_HAL_Driver/Src/stm32f7xx_ll_usb.c ****   {
 1956              		.loc 1 1038 3 view .LVU638
1038:Drivers/STM32F7xx_HAL_Driver/Src/stm32f7xx_ll_usb.c ****   {
 1957              		.loc 1 1038 6 is_stmt 0 view .LVU639
 1958 0006 84B9     		cbnz	r4, .L139
1040:Drivers/STM32F7xx_HAL_Driver/Src/stm32f7xx_ll_usb.c ****     for (i = 0U; i < count32b; i++)
 1959              		.loc 1 1040 5 is_stmt 1 view .LVU640
1040:Drivers/STM32F7xx_HAL_Driver/Src/stm32f7xx_ll_usb.c ****     for (i = 0U; i < count32b; i++)
 1960              		.loc 1 1040 31 is_stmt 0 view .LVU641
 1961 0008 0333     		adds	r3, r3, #3
 1962              	.LVL125:
1040:Drivers/STM32F7xx_HAL_Driver/Src/stm32f7xx_ll_usb.c ****     for (i = 0U; i < count32b; i++)
 1963              		.loc 1 1040 14 view .LVU642
 1964 000a 4FEA930E 		lsr	lr, r3, #2
 1965              	.LVL126:
1041:Drivers/STM32F7xx_HAL_Driver/Src/stm32f7xx_ll_usb.c ****     {
 1966              		.loc 1 1041 5 is_stmt 1 view .LVU643
1041:Drivers/STM32F7xx_HAL_Driver/Src/stm32f7xx_ll_usb.c ****     {
 1967              		.loc 1 1041 12 is_stmt 0 view .LVU644
 1968 000e 4FF0000C 		mov	ip, #0
1041:Drivers/STM32F7xx_HAL_Driver/Src/stm32f7xx_ll_usb.c ****     {
 1969              		.loc 1 1041 5 view .LVU645
 1970 0012 08E0     		b	.L140
 1971              	.LVL127:
 1972              	.L141:
1043:Drivers/STM32F7xx_HAL_Driver/Src/stm32f7xx_ll_usb.c ****       pSrc++;
 1973              		.loc 1 1043 7 is_stmt 1 view .LVU646
 1974 0014 00EB0233 		add	r3, r0, r2, lsl #12
 1975 0018 03F58053 		add	r3, r3, #4096
1043:Drivers/STM32F7xx_HAL_Driver/Src/stm32f7xx_ll_usb.c ****       pSrc++;
 1976              		.loc 1 1043 41 is_stmt 0 view .LVU647
 1977 001c 51F8044B 		ldr	r4, [r1], #4	@ unaligned
 1978              	.LVL128:
1043:Drivers/STM32F7xx_HAL_Driver/Src/stm32f7xx_ll_usb.c ****       pSrc++;
 1979              		.loc 1 1043 39 view .LVU648
 1980 0020 1C60     		str	r4, [r3]
1044:Drivers/STM32F7xx_HAL_Driver/Src/stm32f7xx_ll_usb.c ****       pSrc++;
 1981              		.loc 1 1044 7 is_stmt 1 view .LVU649
 1982              	.LVL129:
1045:Drivers/STM32F7xx_HAL_Driver/Src/stm32f7xx_ll_usb.c ****       pSrc++;
 1983              		.loc 1 1045 7 view .LVU650
1046:Drivers/STM32F7xx_HAL_Driver/Src/stm32f7xx_ll_usb.c ****       pSrc++;
 1984              		.loc 1 1046 7 view .LVU651
1047:Drivers/STM32F7xx_HAL_Driver/Src/stm32f7xx_ll_usb.c ****     }
 1985              		.loc 1 1047 7 view .LVU652
1041:Drivers/STM32F7xx_HAL_Driver/Src/stm32f7xx_ll_usb.c ****     {
ARM GAS  /tmp/ccyYvSLN.s 			page 72


 1986              		.loc 1 1041 33 discriminator 3 view .LVU653
 1987 0022 0CF1010C 		add	ip, ip, #1
 1988              	.LVL130:
 1989              	.L140:
1041:Drivers/STM32F7xx_HAL_Driver/Src/stm32f7xx_ll_usb.c ****     {
 1990              		.loc 1 1041 20 discriminator 1 view .LVU654
 1991 0026 F445     		cmp	ip, lr
 1992 0028 F4D3     		bcc	.L141
 1993              	.LVL131:
 1994              	.L139:
1051:Drivers/STM32F7xx_HAL_Driver/Src/stm32f7xx_ll_usb.c **** }
 1995              		.loc 1 1051 3 view .LVU655
1052:Drivers/STM32F7xx_HAL_Driver/Src/stm32f7xx_ll_usb.c **** 
 1996              		.loc 1 1052 1 is_stmt 0 view .LVU656
 1997 002a 0020     		movs	r0, #0
 1998              	.LVL132:
1052:Drivers/STM32F7xx_HAL_Driver/Src/stm32f7xx_ll_usb.c **** 
 1999              		.loc 1 1052 1 view .LVU657
 2000 002c 10BD     		pop	{r4, pc}
1052:Drivers/STM32F7xx_HAL_Driver/Src/stm32f7xx_ll_usb.c **** 
 2001              		.loc 1 1052 1 view .LVU658
 2002              		.cfi_endproc
 2003              	.LFE157:
 2005              		.section	.text.USB_EPStartXfer,"ax",%progbits
 2006              		.align	1
 2007              		.global	USB_EPStartXfer
 2008              		.syntax unified
 2009              		.thumb
 2010              		.thumb_func
 2012              	USB_EPStartXfer:
 2013              	.LVL133:
 2014              	.LFB155:
 795:Drivers/STM32F7xx_HAL_Driver/Src/stm32f7xx_ll_usb.c ****   uint32_t USBx_BASE = (uint32_t)USBx;
 2015              		.loc 1 795 1 is_stmt 1 view -0
 2016              		.cfi_startproc
 2017              		@ args = 0, pretend = 0, frame = 0
 2018              		@ frame_needed = 0, uses_anonymous_args = 0
 795:Drivers/STM32F7xx_HAL_Driver/Src/stm32f7xx_ll_usb.c ****   uint32_t USBx_BASE = (uint32_t)USBx;
 2019              		.loc 1 795 1 is_stmt 0 view .LVU660
 2020 0000 F0B5     		push	{r4, r5, r6, r7, lr}
 2021              	.LCFI32:
 2022              		.cfi_def_cfa_offset 20
 2023              		.cfi_offset 4, -20
 2024              		.cfi_offset 5, -16
 2025              		.cfi_offset 6, -12
 2026              		.cfi_offset 7, -8
 2027              		.cfi_offset 14, -4
 2028 0002 83B0     		sub	sp, sp, #12
 2029              	.LCFI33:
 2030              		.cfi_def_cfa_offset 32
 796:Drivers/STM32F7xx_HAL_Driver/Src/stm32f7xx_ll_usb.c ****   uint32_t epnum = (uint32_t)ep->num;
 2031              		.loc 1 796 3 is_stmt 1 view .LVU661
 2032              	.LVL134:
 797:Drivers/STM32F7xx_HAL_Driver/Src/stm32f7xx_ll_usb.c ****   uint16_t pktcnt;
 2033              		.loc 1 797 3 view .LVU662
 797:Drivers/STM32F7xx_HAL_Driver/Src/stm32f7xx_ll_usb.c ****   uint16_t pktcnt;
 2034              		.loc 1 797 32 is_stmt 0 view .LVU663
ARM GAS  /tmp/ccyYvSLN.s 			page 73


 2035 0004 0C78     		ldrb	r4, [r1]	@ zero_extendqisi2
 2036              	.LVL135:
 798:Drivers/STM32F7xx_HAL_Driver/Src/stm32f7xx_ll_usb.c **** 
 2037              		.loc 1 798 3 is_stmt 1 view .LVU664
 801:Drivers/STM32F7xx_HAL_Driver/Src/stm32f7xx_ll_usb.c ****   {
 2038              		.loc 1 801 3 view .LVU665
 801:Drivers/STM32F7xx_HAL_Driver/Src/stm32f7xx_ll_usb.c ****   {
 2039              		.loc 1 801 9 is_stmt 0 view .LVU666
 2040 0006 4B78     		ldrb	r3, [r1, #1]	@ zero_extendqisi2
 801:Drivers/STM32F7xx_HAL_Driver/Src/stm32f7xx_ll_usb.c ****   {
 2041              		.loc 1 801 6 view .LVU667
 2042 0008 012B     		cmp	r3, #1
 2043 000a 2DD0     		beq	.L166
 900:Drivers/STM32F7xx_HAL_Driver/Src/stm32f7xx_ll_usb.c ****     USBx_OUTEP(epnum)->DOEPTSIZ &= ~(USB_OTG_DOEPTSIZ_PKTCNT);
 2044              		.loc 1 900 5 is_stmt 1 view .LVU668
 900:Drivers/STM32F7xx_HAL_Driver/Src/stm32f7xx_ll_usb.c ****     USBx_OUTEP(epnum)->DOEPTSIZ &= ~(USB_OTG_DOEPTSIZ_PKTCNT);
 2045              		.loc 1 900 22 is_stmt 0 view .LVU669
 2046 000c 00EB441C 		add	ip, r0, r4, lsl #5
 2047 0010 0CF53063 		add	r3, ip, #2816
 2048 0014 1D69     		ldr	r5, [r3, #16]
 900:Drivers/STM32F7xx_HAL_Driver/Src/stm32f7xx_ll_usb.c ****     USBx_OUTEP(epnum)->DOEPTSIZ &= ~(USB_OTG_DOEPTSIZ_PKTCNT);
 2049              		.loc 1 900 33 view .LVU670
 2050 0016 6FF31205 		bfc	r5, #0, #19
 2051 001a 1D61     		str	r5, [r3, #16]
 901:Drivers/STM32F7xx_HAL_Driver/Src/stm32f7xx_ll_usb.c **** 
 2052              		.loc 1 901 5 is_stmt 1 view .LVU671
 901:Drivers/STM32F7xx_HAL_Driver/Src/stm32f7xx_ll_usb.c **** 
 2053              		.loc 1 901 22 is_stmt 0 view .LVU672
 2054 001c 1D69     		ldr	r5, [r3, #16]
 901:Drivers/STM32F7xx_HAL_Driver/Src/stm32f7xx_ll_usb.c **** 
 2055              		.loc 1 901 33 view .LVU673
 2056 001e 6FF3DC45 		bfc	r5, #19, #10
 2057 0022 1D61     		str	r5, [r3, #16]
 903:Drivers/STM32F7xx_HAL_Driver/Src/stm32f7xx_ll_usb.c ****     {
 2058              		.loc 1 903 5 is_stmt 1 view .LVU674
 903:Drivers/STM32F7xx_HAL_Driver/Src/stm32f7xx_ll_usb.c ****     {
 2059              		.loc 1 903 8 is_stmt 0 view .LVU675
 2060 0024 002C     		cmp	r4, #0
 2061 0026 40F0CE80 		bne	.L158
 905:Drivers/STM32F7xx_HAL_Driver/Src/stm32f7xx_ll_usb.c ****       {
 2062              		.loc 1 905 7 is_stmt 1 view .LVU676
 905:Drivers/STM32F7xx_HAL_Driver/Src/stm32f7xx_ll_usb.c ****       {
 2063              		.loc 1 905 13 is_stmt 0 view .LVU677
 2064 002a 0C69     		ldr	r4, [r1, #16]
 2065              	.LVL136:
 905:Drivers/STM32F7xx_HAL_Driver/Src/stm32f7xx_ll_usb.c ****       {
 2066              		.loc 1 905 10 view .LVU678
 2067 002c 0CB1     		cbz	r4, .L159
 907:Drivers/STM32F7xx_HAL_Driver/Src/stm32f7xx_ll_usb.c ****       }
 2068              		.loc 1 907 9 is_stmt 1 view .LVU679
 907:Drivers/STM32F7xx_HAL_Driver/Src/stm32f7xx_ll_usb.c ****       }
 2069              		.loc 1 907 26 is_stmt 0 view .LVU680
 2070 002e 8C68     		ldr	r4, [r1, #8]
 907:Drivers/STM32F7xx_HAL_Driver/Src/stm32f7xx_ll_usb.c ****       }
 2071              		.loc 1 907 22 view .LVU681
 2072 0030 0C61     		str	r4, [r1, #16]
 2073              	.L159:
ARM GAS  /tmp/ccyYvSLN.s 			page 74


 911:Drivers/STM32F7xx_HAL_Driver/Src/stm32f7xx_ll_usb.c **** 
 2074              		.loc 1 911 7 is_stmt 1 view .LVU682
 911:Drivers/STM32F7xx_HAL_Driver/Src/stm32f7xx_ll_usb.c **** 
 2075              		.loc 1 911 25 is_stmt 0 view .LVU683
 2076 0032 8C68     		ldr	r4, [r1, #8]
 911:Drivers/STM32F7xx_HAL_Driver/Src/stm32f7xx_ll_usb.c **** 
 2077              		.loc 1 911 21 view .LVU684
 2078 0034 0C62     		str	r4, [r1, #32]
 913:Drivers/STM32F7xx_HAL_Driver/Src/stm32f7xx_ll_usb.c ****       USBx_OUTEP(epnum)->DOEPTSIZ |= (USB_OTG_DOEPTSIZ_PKTCNT & (1U << 19));
 2079              		.loc 1 913 7 is_stmt 1 view .LVU685
 913:Drivers/STM32F7xx_HAL_Driver/Src/stm32f7xx_ll_usb.c ****       USBx_OUTEP(epnum)->DOEPTSIZ |= (USB_OTG_DOEPTSIZ_PKTCNT & (1U << 19));
 2080              		.loc 1 913 24 is_stmt 0 view .LVU686
 2081 0036 1D69     		ldr	r5, [r3, #16]
 913:Drivers/STM32F7xx_HAL_Driver/Src/stm32f7xx_ll_usb.c ****       USBx_OUTEP(epnum)->DOEPTSIZ |= (USB_OTG_DOEPTSIZ_PKTCNT & (1U << 19));
 2082              		.loc 1 913 63 view .LVU687
 2083 0038 C4F31204 		ubfx	r4, r4, #0, #19
 913:Drivers/STM32F7xx_HAL_Driver/Src/stm32f7xx_ll_usb.c ****       USBx_OUTEP(epnum)->DOEPTSIZ |= (USB_OTG_DOEPTSIZ_PKTCNT & (1U << 19));
 2084              		.loc 1 913 35 view .LVU688
 2085 003c 2C43     		orrs	r4, r4, r5
 2086 003e 1C61     		str	r4, [r3, #16]
 914:Drivers/STM32F7xx_HAL_Driver/Src/stm32f7xx_ll_usb.c ****     }
 2087              		.loc 1 914 7 is_stmt 1 view .LVU689
 914:Drivers/STM32F7xx_HAL_Driver/Src/stm32f7xx_ll_usb.c ****     }
 2088              		.loc 1 914 24 is_stmt 0 view .LVU690
 2089 0040 1C69     		ldr	r4, [r3, #16]
 914:Drivers/STM32F7xx_HAL_Driver/Src/stm32f7xx_ll_usb.c ****     }
 2090              		.loc 1 914 35 view .LVU691
 2091 0042 44F40024 		orr	r4, r4, #524288
 2092 0046 1C61     		str	r4, [r3, #16]
 2093              	.L160:
 933:Drivers/STM32F7xx_HAL_Driver/Src/stm32f7xx_ll_usb.c ****     {
 2094              		.loc 1 933 5 is_stmt 1 view .LVU692
 933:Drivers/STM32F7xx_HAL_Driver/Src/stm32f7xx_ll_usb.c ****     {
 2095              		.loc 1 933 8 is_stmt 0 view .LVU693
 2096 0048 012A     		cmp	r2, #1
 2097 004a 00F0DF80 		beq	.L167
 2098              	.LVL137:
 2099              	.L162:
 941:Drivers/STM32F7xx_HAL_Driver/Src/stm32f7xx_ll_usb.c ****     {
 2100              		.loc 1 941 5 is_stmt 1 view .LVU694
 941:Drivers/STM32F7xx_HAL_Driver/Src/stm32f7xx_ll_usb.c ****     {
 2101              		.loc 1 941 11 is_stmt 0 view .LVU695
 2102 004e 0B79     		ldrb	r3, [r1, #4]	@ zero_extendqisi2
 941:Drivers/STM32F7xx_HAL_Driver/Src/stm32f7xx_ll_usb.c ****     {
 2103              		.loc 1 941 8 view .LVU696
 2104 0050 012B     		cmp	r3, #1
 2105 0052 00F0E180 		beq	.L168
 2106              	.L163:
 953:Drivers/STM32F7xx_HAL_Driver/Src/stm32f7xx_ll_usb.c ****   }
 2107              		.loc 1 953 5 is_stmt 1 view .LVU697
 953:Drivers/STM32F7xx_HAL_Driver/Src/stm32f7xx_ll_usb.c ****   }
 2108              		.loc 1 953 22 is_stmt 0 view .LVU698
 2109 0056 DCF8003B 		ldr	r3, [ip, #2816]
 953:Drivers/STM32F7xx_HAL_Driver/Src/stm32f7xx_ll_usb.c ****   }
 2110              		.loc 1 953 32 view .LVU699
 2111 005a 43F00443 		orr	r3, r3, #-2080374784
 2112 005e CCF8003B 		str	r3, [ip, #2816]
ARM GAS  /tmp/ccyYvSLN.s 			page 75


 2113              	.LVL138:
 2114              	.L154:
 956:Drivers/STM32F7xx_HAL_Driver/Src/stm32f7xx_ll_usb.c **** }
 2115              		.loc 1 956 3 is_stmt 1 view .LVU700
 957:Drivers/STM32F7xx_HAL_Driver/Src/stm32f7xx_ll_usb.c **** 
 2116              		.loc 1 957 1 is_stmt 0 view .LVU701
 2117 0062 0020     		movs	r0, #0
 2118 0064 03B0     		add	sp, sp, #12
 2119              	.LCFI34:
 2120              		.cfi_remember_state
 2121              		.cfi_def_cfa_offset 20
 2122              		@ sp needed
 2123 0066 F0BD     		pop	{r4, r5, r6, r7, pc}
 2124              	.LVL139:
 2125              	.L166:
 2126              	.LCFI35:
 2127              		.cfi_restore_state
 804:Drivers/STM32F7xx_HAL_Driver/Src/stm32f7xx_ll_usb.c ****     {
 2128              		.loc 1 804 5 is_stmt 1 view .LVU702
 804:Drivers/STM32F7xx_HAL_Driver/Src/stm32f7xx_ll_usb.c ****     {
 2129              		.loc 1 804 11 is_stmt 0 view .LVU703
 2130 0068 0B69     		ldr	r3, [r1, #16]
 804:Drivers/STM32F7xx_HAL_Driver/Src/stm32f7xx_ll_usb.c ****     {
 2131              		.loc 1 804 8 view .LVU704
 2132 006a 73BB     		cbnz	r3, .L145
 806:Drivers/STM32F7xx_HAL_Driver/Src/stm32f7xx_ll_usb.c ****       USBx_INEP(epnum)->DIEPTSIZ |= (USB_OTG_DIEPTSIZ_PKTCNT & (1U << 19));
 2133              		.loc 1 806 7 is_stmt 1 view .LVU705
 806:Drivers/STM32F7xx_HAL_Driver/Src/stm32f7xx_ll_usb.c ****       USBx_INEP(epnum)->DIEPTSIZ |= (USB_OTG_DIEPTSIZ_PKTCNT & (1U << 19));
 2134              		.loc 1 806 23 is_stmt 0 view .LVU706
 2135 006c 00EB4413 		add	r3, r0, r4, lsl #5
 2136 0070 D3F81059 		ldr	r5, [r3, #2320]
 806:Drivers/STM32F7xx_HAL_Driver/Src/stm32f7xx_ll_usb.c ****       USBx_INEP(epnum)->DIEPTSIZ |= (USB_OTG_DIEPTSIZ_PKTCNT & (1U << 19));
 2137              		.loc 1 806 34 view .LVU707
 2138 0074 6FF3DC45 		bfc	r5, #19, #10
 2139 0078 C3F81059 		str	r5, [r3, #2320]
 807:Drivers/STM32F7xx_HAL_Driver/Src/stm32f7xx_ll_usb.c ****       USBx_INEP(epnum)->DIEPTSIZ &= ~(USB_OTG_DIEPTSIZ_XFRSIZ);
 2140              		.loc 1 807 7 is_stmt 1 view .LVU708
 807:Drivers/STM32F7xx_HAL_Driver/Src/stm32f7xx_ll_usb.c ****       USBx_INEP(epnum)->DIEPTSIZ &= ~(USB_OTG_DIEPTSIZ_XFRSIZ);
 2141              		.loc 1 807 23 is_stmt 0 view .LVU709
 2142 007c D3F81059 		ldr	r5, [r3, #2320]
 807:Drivers/STM32F7xx_HAL_Driver/Src/stm32f7xx_ll_usb.c ****       USBx_INEP(epnum)->DIEPTSIZ &= ~(USB_OTG_DIEPTSIZ_XFRSIZ);
 2143              		.loc 1 807 34 view .LVU710
 2144 0080 45F40025 		orr	r5, r5, #524288
 2145 0084 C3F81059 		str	r5, [r3, #2320]
 808:Drivers/STM32F7xx_HAL_Driver/Src/stm32f7xx_ll_usb.c ****     }
 2146              		.loc 1 808 7 is_stmt 1 view .LVU711
 808:Drivers/STM32F7xx_HAL_Driver/Src/stm32f7xx_ll_usb.c ****     }
 2147              		.loc 1 808 23 is_stmt 0 view .LVU712
 2148 0088 D3F81059 		ldr	r5, [r3, #2320]
 808:Drivers/STM32F7xx_HAL_Driver/Src/stm32f7xx_ll_usb.c ****     }
 2149              		.loc 1 808 34 view .LVU713
 2150 008c 6FF31205 		bfc	r5, #0, #19
 2151 0090 C3F81059 		str	r5, [r3, #2320]
 2152              	.L146:
 844:Drivers/STM32F7xx_HAL_Driver/Src/stm32f7xx_ll_usb.c ****     {
 2153              		.loc 1 844 5 is_stmt 1 view .LVU714
 844:Drivers/STM32F7xx_HAL_Driver/Src/stm32f7xx_ll_usb.c ****     {
ARM GAS  /tmp/ccyYvSLN.s 			page 76


 2154              		.loc 1 844 8 is_stmt 0 view .LVU715
 2155 0094 012A     		cmp	r2, #1
 2156 0096 54D0     		beq	.L169
 869:Drivers/STM32F7xx_HAL_Driver/Src/stm32f7xx_ll_usb.c **** 
 2157              		.loc 1 869 7 is_stmt 1 view .LVU716
 869:Drivers/STM32F7xx_HAL_Driver/Src/stm32f7xx_ll_usb.c **** 
 2158              		.loc 1 869 23 is_stmt 0 view .LVU717
 2159 0098 00EB4414 		add	r4, r0, r4, lsl #5
 2160              	.LVL140:
 869:Drivers/STM32F7xx_HAL_Driver/Src/stm32f7xx_ll_usb.c **** 
 2161              		.loc 1 869 23 view .LVU718
 2162 009c D4F80039 		ldr	r3, [r4, #2304]
 869:Drivers/STM32F7xx_HAL_Driver/Src/stm32f7xx_ll_usb.c **** 
 2163              		.loc 1 869 33 view .LVU719
 2164 00a0 43F00443 		orr	r3, r3, #-2080374784
 2165 00a4 C4F80039 		str	r3, [r4, #2304]
 871:Drivers/STM32F7xx_HAL_Driver/Src/stm32f7xx_ll_usb.c ****       {
 2166              		.loc 1 871 7 is_stmt 1 view .LVU720
 871:Drivers/STM32F7xx_HAL_Driver/Src/stm32f7xx_ll_usb.c ****       {
 2167              		.loc 1 871 13 is_stmt 0 view .LVU721
 2168 00a8 0B79     		ldrb	r3, [r1, #4]	@ zero_extendqisi2
 871:Drivers/STM32F7xx_HAL_Driver/Src/stm32f7xx_ll_usb.c ****       {
 2169              		.loc 1 871 10 view .LVU722
 2170 00aa 012B     		cmp	r3, #1
 2171 00ac 72D0     		beq	.L155
 874:Drivers/STM32F7xx_HAL_Driver/Src/stm32f7xx_ll_usb.c ****         {
 2172              		.loc 1 874 9 is_stmt 1 view .LVU723
 874:Drivers/STM32F7xx_HAL_Driver/Src/stm32f7xx_ll_usb.c ****         {
 2173              		.loc 1 874 15 is_stmt 0 view .LVU724
 2174 00ae 0B69     		ldr	r3, [r1, #16]
 874:Drivers/STM32F7xx_HAL_Driver/Src/stm32f7xx_ll_usb.c ****         {
 2175              		.loc 1 874 12 view .LVU725
 2176 00b0 002B     		cmp	r3, #0
 2177 00b2 D6D0     		beq	.L154
 876:Drivers/STM32F7xx_HAL_Driver/Src/stm32f7xx_ll_usb.c ****         }
 2178              		.loc 1 876 11 is_stmt 1 view .LVU726
 876:Drivers/STM32F7xx_HAL_Driver/Src/stm32f7xx_ll_usb.c ****         }
 2179              		.loc 1 876 22 is_stmt 0 view .LVU727
 2180 00b4 D0F83438 		ldr	r3, [r0, #2100]
 876:Drivers/STM32F7xx_HAL_Driver/Src/stm32f7xx_ll_usb.c ****         }
 2181              		.loc 1 876 48 view .LVU728
 2182 00b8 0978     		ldrb	r1, [r1]	@ zero_extendqisi2
 2183              	.LVL141:
 876:Drivers/STM32F7xx_HAL_Driver/Src/stm32f7xx_ll_usb.c ****         }
 2184              		.loc 1 876 54 view .LVU729
 2185 00ba 01F00F01 		and	r1, r1, #15
 876:Drivers/STM32F7xx_HAL_Driver/Src/stm32f7xx_ll_usb.c ****         }
 2186              		.loc 1 876 42 view .LVU730
 2187 00be 0122     		movs	r2, #1
 2188              	.LVL142:
 876:Drivers/STM32F7xx_HAL_Driver/Src/stm32f7xx_ll_usb.c ****         }
 2189              		.loc 1 876 42 view .LVU731
 2190 00c0 8A40     		lsls	r2, r2, r1
 876:Drivers/STM32F7xx_HAL_Driver/Src/stm32f7xx_ll_usb.c ****         }
 2191              		.loc 1 876 35 view .LVU732
 2192 00c2 1343     		orrs	r3, r3, r2
 2193 00c4 C0F83438 		str	r3, [r0, #2100]
ARM GAS  /tmp/ccyYvSLN.s 			page 77


 2194 00c8 CBE7     		b	.L154
 2195              	.LVL143:
 2196              	.L145:
 817:Drivers/STM32F7xx_HAL_Driver/Src/stm32f7xx_ll_usb.c ****       USBx_INEP(epnum)->DIEPTSIZ &= ~(USB_OTG_DIEPTSIZ_PKTCNT);
 2197              		.loc 1 817 7 is_stmt 1 view .LVU733
 817:Drivers/STM32F7xx_HAL_Driver/Src/stm32f7xx_ll_usb.c ****       USBx_INEP(epnum)->DIEPTSIZ &= ~(USB_OTG_DIEPTSIZ_PKTCNT);
 2198              		.loc 1 817 23 is_stmt 0 view .LVU734
 2199 00ca 00EB4413 		add	r3, r0, r4, lsl #5
 2200 00ce 03F51063 		add	r3, r3, #2304
 2201 00d2 1D69     		ldr	r5, [r3, #16]
 817:Drivers/STM32F7xx_HAL_Driver/Src/stm32f7xx_ll_usb.c ****       USBx_INEP(epnum)->DIEPTSIZ &= ~(USB_OTG_DIEPTSIZ_PKTCNT);
 2202              		.loc 1 817 34 view .LVU735
 2203 00d4 6FF31205 		bfc	r5, #0, #19
 2204 00d8 1D61     		str	r5, [r3, #16]
 818:Drivers/STM32F7xx_HAL_Driver/Src/stm32f7xx_ll_usb.c **** 
 2205              		.loc 1 818 7 is_stmt 1 view .LVU736
 818:Drivers/STM32F7xx_HAL_Driver/Src/stm32f7xx_ll_usb.c **** 
 2206              		.loc 1 818 23 is_stmt 0 view .LVU737
 2207 00da 1D69     		ldr	r5, [r3, #16]
 818:Drivers/STM32F7xx_HAL_Driver/Src/stm32f7xx_ll_usb.c **** 
 2208              		.loc 1 818 34 view .LVU738
 2209 00dc 6FF3DC45 		bfc	r5, #19, #10
 2210 00e0 1D61     		str	r5, [r3, #16]
 820:Drivers/STM32F7xx_HAL_Driver/Src/stm32f7xx_ll_usb.c ****       {
 2211              		.loc 1 820 7 is_stmt 1 view .LVU739
 820:Drivers/STM32F7xx_HAL_Driver/Src/stm32f7xx_ll_usb.c ****       {
 2212              		.loc 1 820 10 is_stmt 0 view .LVU740
 2213 00e2 84B9     		cbnz	r4, .L147
 822:Drivers/STM32F7xx_HAL_Driver/Src/stm32f7xx_ll_usb.c ****         {
 2214              		.loc 1 822 9 is_stmt 1 view .LVU741
 822:Drivers/STM32F7xx_HAL_Driver/Src/stm32f7xx_ll_usb.c ****         {
 2215              		.loc 1 822 15 is_stmt 0 view .LVU742
 2216 00e4 0E69     		ldr	r6, [r1, #16]
 822:Drivers/STM32F7xx_HAL_Driver/Src/stm32f7xx_ll_usb.c ****         {
 2217              		.loc 1 822 30 view .LVU743
 2218 00e6 8D68     		ldr	r5, [r1, #8]
 822:Drivers/STM32F7xx_HAL_Driver/Src/stm32f7xx_ll_usb.c ****         {
 2219              		.loc 1 822 12 view .LVU744
 2220 00e8 AE42     		cmp	r6, r5
 2221 00ea 00D9     		bls	.L148
 824:Drivers/STM32F7xx_HAL_Driver/Src/stm32f7xx_ll_usb.c ****         }
 2222              		.loc 1 824 11 is_stmt 1 view .LVU745
 824:Drivers/STM32F7xx_HAL_Driver/Src/stm32f7xx_ll_usb.c ****         }
 2223              		.loc 1 824 24 is_stmt 0 view .LVU746
 2224 00ec 0D61     		str	r5, [r1, #16]
 2225              	.L148:
 827:Drivers/STM32F7xx_HAL_Driver/Src/stm32f7xx_ll_usb.c ****       }
 2226              		.loc 1 827 9 is_stmt 1 view .LVU747
 827:Drivers/STM32F7xx_HAL_Driver/Src/stm32f7xx_ll_usb.c ****       }
 2227              		.loc 1 827 25 is_stmt 0 view .LVU748
 2228 00ee 1D69     		ldr	r5, [r3, #16]
 827:Drivers/STM32F7xx_HAL_Driver/Src/stm32f7xx_ll_usb.c ****       }
 2229              		.loc 1 827 36 view .LVU749
 2230 00f0 45F40025 		orr	r5, r5, #524288
 2231 00f4 1D61     		str	r5, [r3, #16]
 2232              	.L149:
 841:Drivers/STM32F7xx_HAL_Driver/Src/stm32f7xx_ll_usb.c ****     }
ARM GAS  /tmp/ccyYvSLN.s 			page 78


 2233              		.loc 1 841 7 is_stmt 1 view .LVU750
 841:Drivers/STM32F7xx_HAL_Driver/Src/stm32f7xx_ll_usb.c ****     }
 2234              		.loc 1 841 23 is_stmt 0 view .LVU751
 2235 00f6 1D69     		ldr	r5, [r3, #16]
 841:Drivers/STM32F7xx_HAL_Driver/Src/stm32f7xx_ll_usb.c ****     }
 2236              		.loc 1 841 62 view .LVU752
 2237 00f8 0E69     		ldr	r6, [r1, #16]
 2238 00fa C6F3120C 		ubfx	ip, r6, #0, #19
 841:Drivers/STM32F7xx_HAL_Driver/Src/stm32f7xx_ll_usb.c ****     }
 2239              		.loc 1 841 34 view .LVU753
 2240 00fe 45EA0C05 		orr	r5, r5, ip
 2241 0102 1D61     		str	r5, [r3, #16]
 2242 0104 C6E7     		b	.L146
 2243              	.L147:
 831:Drivers/STM32F7xx_HAL_Driver/Src/stm32f7xx_ll_usb.c ****         USBx_INEP(epnum)->DIEPTSIZ |= (USB_OTG_DIEPTSIZ_PKTCNT & ((uint32_t)pktcnt << 19));
 2244              		.loc 1 831 9 is_stmt 1 view .LVU754
 831:Drivers/STM32F7xx_HAL_Driver/Src/stm32f7xx_ll_usb.c ****         USBx_INEP(epnum)->DIEPTSIZ |= (USB_OTG_DIEPTSIZ_PKTCNT & ((uint32_t)pktcnt << 19));
 2245              		.loc 1 831 32 is_stmt 0 view .LVU755
 2246 0106 0D69     		ldr	r5, [r1, #16]
 831:Drivers/STM32F7xx_HAL_Driver/Src/stm32f7xx_ll_usb.c ****         USBx_INEP(epnum)->DIEPTSIZ |= (USB_OTG_DIEPTSIZ_PKTCNT & ((uint32_t)pktcnt << 19));
 2247              		.loc 1 831 47 view .LVU756
 2248 0108 8E68     		ldr	r6, [r1, #8]
 831:Drivers/STM32F7xx_HAL_Driver/Src/stm32f7xx_ll_usb.c ****         USBx_INEP(epnum)->DIEPTSIZ |= (USB_OTG_DIEPTSIZ_PKTCNT & ((uint32_t)pktcnt << 19));
 2249              		.loc 1 831 43 view .LVU757
 2250 010a 3544     		add	r5, r5, r6
 831:Drivers/STM32F7xx_HAL_Driver/Src/stm32f7xx_ll_usb.c ****         USBx_INEP(epnum)->DIEPTSIZ |= (USB_OTG_DIEPTSIZ_PKTCNT & ((uint32_t)pktcnt << 19));
 2251              		.loc 1 831 59 view .LVU758
 2252 010c 013D     		subs	r5, r5, #1
 831:Drivers/STM32F7xx_HAL_Driver/Src/stm32f7xx_ll_usb.c ****         USBx_INEP(epnum)->DIEPTSIZ |= (USB_OTG_DIEPTSIZ_PKTCNT & ((uint32_t)pktcnt << 19));
 2253              		.loc 1 831 65 view .LVU759
 2254 010e B5FBF6F5 		udiv	r5, r5, r6
 2255              	.LVL144:
 832:Drivers/STM32F7xx_HAL_Driver/Src/stm32f7xx_ll_usb.c **** 
 2256              		.loc 1 832 9 is_stmt 1 view .LVU760
 832:Drivers/STM32F7xx_HAL_Driver/Src/stm32f7xx_ll_usb.c **** 
 2257              		.loc 1 832 25 is_stmt 0 view .LVU761
 2258 0112 1E69     		ldr	r6, [r3, #16]
 2259 0114 1FFA85FC 		uxth	ip, r5
 832:Drivers/STM32F7xx_HAL_Driver/Src/stm32f7xx_ll_usb.c **** 
 2260              		.loc 1 832 64 view .LVU762
 2261 0118 494F     		ldr	r7, .L171
 2262 011a 07EAC545 		and	r5, r7, r5, lsl #19
 2263              	.LVL145:
 832:Drivers/STM32F7xx_HAL_Driver/Src/stm32f7xx_ll_usb.c **** 
 2264              		.loc 1 832 36 view .LVU763
 2265 011e 3543     		orrs	r5, r5, r6
 2266 0120 1D61     		str	r5, [r3, #16]
 834:Drivers/STM32F7xx_HAL_Driver/Src/stm32f7xx_ll_usb.c ****         {
 2267              		.loc 1 834 9 is_stmt 1 view .LVU764
 834:Drivers/STM32F7xx_HAL_Driver/Src/stm32f7xx_ll_usb.c ****         {
 2268              		.loc 1 834 15 is_stmt 0 view .LVU765
 2269 0122 0D79     		ldrb	r5, [r1, #4]	@ zero_extendqisi2
 834:Drivers/STM32F7xx_HAL_Driver/Src/stm32f7xx_ll_usb.c ****         {
 2270              		.loc 1 834 12 view .LVU766
 2271 0124 012D     		cmp	r5, #1
 2272 0126 E6D1     		bne	.L149
 836:Drivers/STM32F7xx_HAL_Driver/Src/stm32f7xx_ll_usb.c ****           USBx_INEP(epnum)->DIEPTSIZ |= (USB_OTG_DIEPTSIZ_MULCNT & ((uint32_t)pktcnt << 29));
ARM GAS  /tmp/ccyYvSLN.s 			page 79


 2273              		.loc 1 836 11 is_stmt 1 view .LVU767
 836:Drivers/STM32F7xx_HAL_Driver/Src/stm32f7xx_ll_usb.c ****           USBx_INEP(epnum)->DIEPTSIZ |= (USB_OTG_DIEPTSIZ_MULCNT & ((uint32_t)pktcnt << 29));
 2274              		.loc 1 836 27 is_stmt 0 view .LVU768
 2275 0128 1D69     		ldr	r5, [r3, #16]
 836:Drivers/STM32F7xx_HAL_Driver/Src/stm32f7xx_ll_usb.c ****           USBx_INEP(epnum)->DIEPTSIZ |= (USB_OTG_DIEPTSIZ_MULCNT & ((uint32_t)pktcnt << 29));
 2276              		.loc 1 836 38 view .LVU769
 2277 012a 25F0C045 		bic	r5, r5, #1610612736
 2278 012e 1D61     		str	r5, [r3, #16]
 837:Drivers/STM32F7xx_HAL_Driver/Src/stm32f7xx_ll_usb.c ****         }
 2279              		.loc 1 837 11 is_stmt 1 view .LVU770
 837:Drivers/STM32F7xx_HAL_Driver/Src/stm32f7xx_ll_usb.c ****         }
 2280              		.loc 1 837 27 is_stmt 0 view .LVU771
 2281 0130 1D69     		ldr	r5, [r3, #16]
 837:Drivers/STM32F7xx_HAL_Driver/Src/stm32f7xx_ll_usb.c ****         }
 2282              		.loc 1 837 86 view .LVU772
 2283 0132 4FEA4C7C 		lsl	ip, ip, #29
 2284              	.LVL146:
 837:Drivers/STM32F7xx_HAL_Driver/Src/stm32f7xx_ll_usb.c ****         }
 2285              		.loc 1 837 66 view .LVU773
 2286 0136 0CF0C04C 		and	ip, ip, #1610612736
 837:Drivers/STM32F7xx_HAL_Driver/Src/stm32f7xx_ll_usb.c ****         }
 2287              		.loc 1 837 38 view .LVU774
 2288 013a 45EA0C05 		orr	r5, r5, ip
 2289 013e 1D61     		str	r5, [r3, #16]
 2290 0140 D9E7     		b	.L149
 2291              	.LVL147:
 2292              	.L169:
 846:Drivers/STM32F7xx_HAL_Driver/Src/stm32f7xx_ll_usb.c ****       {
 2293              		.loc 1 846 7 is_stmt 1 view .LVU775
 846:Drivers/STM32F7xx_HAL_Driver/Src/stm32f7xx_ll_usb.c ****       {
 2294              		.loc 1 846 23 is_stmt 0 view .LVU776
 2295 0142 CB69     		ldr	r3, [r1, #28]
 846:Drivers/STM32F7xx_HAL_Driver/Src/stm32f7xx_ll_usb.c ****       {
 2296              		.loc 1 846 10 view .LVU777
 2297 0144 1BB1     		cbz	r3, .L151
 848:Drivers/STM32F7xx_HAL_Driver/Src/stm32f7xx_ll_usb.c ****       }
 2298              		.loc 1 848 9 is_stmt 1 view .LVU778
 2299 0146 00EB4412 		add	r2, r0, r4, lsl #5
 2300              	.LVL148:
 848:Drivers/STM32F7xx_HAL_Driver/Src/stm32f7xx_ll_usb.c ****       }
 2301              		.loc 1 848 35 is_stmt 0 view .LVU779
 2302 014a C2F81439 		str	r3, [r2, #2324]
 2303              	.L151:
 851:Drivers/STM32F7xx_HAL_Driver/Src/stm32f7xx_ll_usb.c ****       {
 2304              		.loc 1 851 7 is_stmt 1 view .LVU780
 851:Drivers/STM32F7xx_HAL_Driver/Src/stm32f7xx_ll_usb.c ****       {
 2305              		.loc 1 851 13 is_stmt 0 view .LVU781
 2306 014e 0B79     		ldrb	r3, [r1, #4]	@ zero_extendqisi2
 851:Drivers/STM32F7xx_HAL_Driver/Src/stm32f7xx_ll_usb.c ****       {
 2307              		.loc 1 851 10 view .LVU782
 2308 0150 012B     		cmp	r3, #1
 2309 0152 08D0     		beq	.L170
 2310              	.L152:
 864:Drivers/STM32F7xx_HAL_Driver/Src/stm32f7xx_ll_usb.c ****     }
 2311              		.loc 1 864 7 is_stmt 1 view .LVU783
 864:Drivers/STM32F7xx_HAL_Driver/Src/stm32f7xx_ll_usb.c ****     }
 2312              		.loc 1 864 23 is_stmt 0 view .LVU784
ARM GAS  /tmp/ccyYvSLN.s 			page 80


 2313 0154 00EB4414 		add	r4, r0, r4, lsl #5
 2314              	.LVL149:
 864:Drivers/STM32F7xx_HAL_Driver/Src/stm32f7xx_ll_usb.c ****     }
 2315              		.loc 1 864 23 view .LVU785
 2316 0158 D4F80039 		ldr	r3, [r4, #2304]
 864:Drivers/STM32F7xx_HAL_Driver/Src/stm32f7xx_ll_usb.c ****     }
 2317              		.loc 1 864 33 view .LVU786
 2318 015c 43F00443 		orr	r3, r3, #-2080374784
 2319 0160 C4F80039 		str	r3, [r4, #2304]
 2320 0164 7DE7     		b	.L154
 2321              	.LVL150:
 2322              	.L170:
 853:Drivers/STM32F7xx_HAL_Driver/Src/stm32f7xx_ll_usb.c ****         {
 2323              		.loc 1 853 9 is_stmt 1 view .LVU787
 853:Drivers/STM32F7xx_HAL_Driver/Src/stm32f7xx_ll_usb.c ****         {
 2324              		.loc 1 853 25 is_stmt 0 view .LVU788
 2325 0166 D0F80838 		ldr	r3, [r0, #2056]
 853:Drivers/STM32F7xx_HAL_Driver/Src/stm32f7xx_ll_usb.c ****         {
 2326              		.loc 1 853 12 view .LVU789
 2327 016a 13F4807F 		tst	r3, #256
 2328 016e 08D1     		bne	.L153
 855:Drivers/STM32F7xx_HAL_Driver/Src/stm32f7xx_ll_usb.c ****         }
 2329              		.loc 1 855 11 is_stmt 1 view .LVU790
 855:Drivers/STM32F7xx_HAL_Driver/Src/stm32f7xx_ll_usb.c ****         }
 2330              		.loc 1 855 27 is_stmt 0 view .LVU791
 2331 0170 00EB4412 		add	r2, r0, r4, lsl #5
 2332 0174 D2F80039 		ldr	r3, [r2, #2304]
 855:Drivers/STM32F7xx_HAL_Driver/Src/stm32f7xx_ll_usb.c ****         }
 2333              		.loc 1 855 37 view .LVU792
 2334 0178 43F00053 		orr	r3, r3, #536870912
 2335 017c C2F80039 		str	r3, [r2, #2304]
 2336 0180 E8E7     		b	.L152
 2337              	.L153:
 859:Drivers/STM32F7xx_HAL_Driver/Src/stm32f7xx_ll_usb.c ****         }
 2338              		.loc 1 859 11 is_stmt 1 view .LVU793
 859:Drivers/STM32F7xx_HAL_Driver/Src/stm32f7xx_ll_usb.c ****         }
 2339              		.loc 1 859 27 is_stmt 0 view .LVU794
 2340 0182 00EB4412 		add	r2, r0, r4, lsl #5
 2341 0186 D2F80039 		ldr	r3, [r2, #2304]
 859:Drivers/STM32F7xx_HAL_Driver/Src/stm32f7xx_ll_usb.c ****         }
 2342              		.loc 1 859 37 view .LVU795
 2343 018a 43F08053 		orr	r3, r3, #268435456
 2344 018e C2F80039 		str	r3, [r2, #2304]
 2345 0192 DFE7     		b	.L152
 2346              	.LVL151:
 2347              	.L155:
 881:Drivers/STM32F7xx_HAL_Driver/Src/stm32f7xx_ll_usb.c ****         {
 2348              		.loc 1 881 9 is_stmt 1 view .LVU796
 881:Drivers/STM32F7xx_HAL_Driver/Src/stm32f7xx_ll_usb.c ****         {
 2349              		.loc 1 881 25 is_stmt 0 view .LVU797
 2350 0194 D0F80838 		ldr	r3, [r0, #2056]
 881:Drivers/STM32F7xx_HAL_Driver/Src/stm32f7xx_ll_usb.c ****         {
 2351              		.loc 1 881 12 view .LVU798
 2352 0198 13F4807F 		tst	r3, #256
 2353 019c 0CD1     		bne	.L156
 883:Drivers/STM32F7xx_HAL_Driver/Src/stm32f7xx_ll_usb.c ****         }
 2354              		.loc 1 883 11 is_stmt 1 view .LVU799
ARM GAS  /tmp/ccyYvSLN.s 			page 81


 883:Drivers/STM32F7xx_HAL_Driver/Src/stm32f7xx_ll_usb.c ****         }
 2355              		.loc 1 883 27 is_stmt 0 view .LVU800
 2356 019e D4F80039 		ldr	r3, [r4, #2304]
 883:Drivers/STM32F7xx_HAL_Driver/Src/stm32f7xx_ll_usb.c ****         }
 2357              		.loc 1 883 37 view .LVU801
 2358 01a2 43F00053 		orr	r3, r3, #536870912
 2359 01a6 C4F80039 		str	r3, [r4, #2304]
 2360              	.L157:
 890:Drivers/STM32F7xx_HAL_Driver/Src/stm32f7xx_ll_usb.c ****       }
 2361              		.loc 1 890 9 is_stmt 1 view .LVU802
 890:Drivers/STM32F7xx_HAL_Driver/Src/stm32f7xx_ll_usb.c ****       }
 2362              		.loc 1 890 15 is_stmt 0 view .LVU803
 2363 01aa 0092     		str	r2, [sp]
 2364 01ac 0B8A     		ldrh	r3, [r1, #16]
 2365 01ae 0A78     		ldrb	r2, [r1]	@ zero_extendqisi2
 2366              	.LVL152:
 890:Drivers/STM32F7xx_HAL_Driver/Src/stm32f7xx_ll_usb.c ****       }
 2367              		.loc 1 890 15 view .LVU804
 2368 01b0 C968     		ldr	r1, [r1, #12]
 2369              	.LVL153:
 890:Drivers/STM32F7xx_HAL_Driver/Src/stm32f7xx_ll_usb.c ****       }
 2370              		.loc 1 890 15 view .LVU805
 2371 01b2 FFF7FEFF 		bl	USB_WritePacket
 2372              	.LVL154:
 890:Drivers/STM32F7xx_HAL_Driver/Src/stm32f7xx_ll_usb.c ****       }
 2373              		.loc 1 890 15 view .LVU806
 2374 01b6 54E7     		b	.L154
 2375              	.LVL155:
 2376              	.L156:
 887:Drivers/STM32F7xx_HAL_Driver/Src/stm32f7xx_ll_usb.c ****         }
 2377              		.loc 1 887 11 is_stmt 1 view .LVU807
 887:Drivers/STM32F7xx_HAL_Driver/Src/stm32f7xx_ll_usb.c ****         }
 2378              		.loc 1 887 27 is_stmt 0 view .LVU808
 2379 01b8 D4F80039 		ldr	r3, [r4, #2304]
 887:Drivers/STM32F7xx_HAL_Driver/Src/stm32f7xx_ll_usb.c ****         }
 2380              		.loc 1 887 37 view .LVU809
 2381 01bc 43F08053 		orr	r3, r3, #268435456
 2382 01c0 C4F80039 		str	r3, [r4, #2304]
 2383 01c4 F1E7     		b	.L157
 2384              	.LVL156:
 2385              	.L158:
 918:Drivers/STM32F7xx_HAL_Driver/Src/stm32f7xx_ll_usb.c ****       {
 2386              		.loc 1 918 7 is_stmt 1 view .LVU810
 918:Drivers/STM32F7xx_HAL_Driver/Src/stm32f7xx_ll_usb.c ****       {
 2387              		.loc 1 918 13 is_stmt 0 view .LVU811
 2388 01c6 0C69     		ldr	r4, [r1, #16]
 2389              	.LVL157:
 918:Drivers/STM32F7xx_HAL_Driver/Src/stm32f7xx_ll_usb.c ****       {
 2390              		.loc 1 918 10 view .LVU812
 2391 01c8 54B9     		cbnz	r4, .L161
 920:Drivers/STM32F7xx_HAL_Driver/Src/stm32f7xx_ll_usb.c ****         USBx_OUTEP(epnum)->DOEPTSIZ |= (USB_OTG_DOEPTSIZ_PKTCNT & (1U << 19));
 2392              		.loc 1 920 9 is_stmt 1 view .LVU813
 920:Drivers/STM32F7xx_HAL_Driver/Src/stm32f7xx_ll_usb.c ****         USBx_OUTEP(epnum)->DOEPTSIZ |= (USB_OTG_DOEPTSIZ_PKTCNT & (1U << 19));
 2393              		.loc 1 920 26 is_stmt 0 view .LVU814
 2394 01ca 1C69     		ldr	r4, [r3, #16]
 920:Drivers/STM32F7xx_HAL_Driver/Src/stm32f7xx_ll_usb.c ****         USBx_OUTEP(epnum)->DOEPTSIZ |= (USB_OTG_DOEPTSIZ_PKTCNT & (1U << 19));
 2395              		.loc 1 920 69 view .LVU815
ARM GAS  /tmp/ccyYvSLN.s 			page 82


 2396 01cc 8D68     		ldr	r5, [r1, #8]
 920:Drivers/STM32F7xx_HAL_Driver/Src/stm32f7xx_ll_usb.c ****         USBx_OUTEP(epnum)->DOEPTSIZ |= (USB_OTG_DOEPTSIZ_PKTCNT & (1U << 19));
 2397              		.loc 1 920 65 view .LVU816
 2398 01ce C5F31205 		ubfx	r5, r5, #0, #19
 920:Drivers/STM32F7xx_HAL_Driver/Src/stm32f7xx_ll_usb.c ****         USBx_OUTEP(epnum)->DOEPTSIZ |= (USB_OTG_DOEPTSIZ_PKTCNT & (1U << 19));
 2399              		.loc 1 920 37 view .LVU817
 2400 01d2 2C43     		orrs	r4, r4, r5
 2401 01d4 1C61     		str	r4, [r3, #16]
 921:Drivers/STM32F7xx_HAL_Driver/Src/stm32f7xx_ll_usb.c ****       }
 2402              		.loc 1 921 9 is_stmt 1 view .LVU818
 921:Drivers/STM32F7xx_HAL_Driver/Src/stm32f7xx_ll_usb.c ****       }
 2403              		.loc 1 921 26 is_stmt 0 view .LVU819
 2404 01d6 1C69     		ldr	r4, [r3, #16]
 921:Drivers/STM32F7xx_HAL_Driver/Src/stm32f7xx_ll_usb.c ****       }
 2405              		.loc 1 921 37 view .LVU820
 2406 01d8 44F40024 		orr	r4, r4, #524288
 2407 01dc 1C61     		str	r4, [r3, #16]
 2408 01de 33E7     		b	.L160
 2409              	.L161:
 925:Drivers/STM32F7xx_HAL_Driver/Src/stm32f7xx_ll_usb.c ****         ep->xfer_size = ep->maxpacket * pktcnt;
 2410              		.loc 1 925 9 is_stmt 1 view .LVU821
 925:Drivers/STM32F7xx_HAL_Driver/Src/stm32f7xx_ll_usb.c ****         ep->xfer_size = ep->maxpacket * pktcnt;
 2411              		.loc 1 925 47 is_stmt 0 view .LVU822
 2412 01e0 8D68     		ldr	r5, [r1, #8]
 925:Drivers/STM32F7xx_HAL_Driver/Src/stm32f7xx_ll_usb.c ****         ep->xfer_size = ep->maxpacket * pktcnt;
 2413              		.loc 1 925 43 view .LVU823
 2414 01e2 2C44     		add	r4, r4, r5
 925:Drivers/STM32F7xx_HAL_Driver/Src/stm32f7xx_ll_usb.c ****         ep->xfer_size = ep->maxpacket * pktcnt;
 2415              		.loc 1 925 59 view .LVU824
 2416 01e4 013C     		subs	r4, r4, #1
 925:Drivers/STM32F7xx_HAL_Driver/Src/stm32f7xx_ll_usb.c ****         ep->xfer_size = ep->maxpacket * pktcnt;
 2417              		.loc 1 925 65 view .LVU825
 2418 01e6 B4FBF5F4 		udiv	r4, r4, r5
 2419              	.LVL158:
 926:Drivers/STM32F7xx_HAL_Driver/Src/stm32f7xx_ll_usb.c **** 
 2420              		.loc 1 926 9 is_stmt 1 view .LVU826
 2421 01ea A4B2     		uxth	r4, r4
 926:Drivers/STM32F7xx_HAL_Driver/Src/stm32f7xx_ll_usb.c **** 
 2422              		.loc 1 926 39 is_stmt 0 view .LVU827
 2423 01ec 04FB05F5 		mul	r5, r4, r5
 926:Drivers/STM32F7xx_HAL_Driver/Src/stm32f7xx_ll_usb.c **** 
 2424              		.loc 1 926 23 view .LVU828
 2425 01f0 0D62     		str	r5, [r1, #32]
 928:Drivers/STM32F7xx_HAL_Driver/Src/stm32f7xx_ll_usb.c ****         USBx_OUTEP(epnum)->DOEPTSIZ |= USB_OTG_DOEPTSIZ_XFRSIZ & ep->xfer_size;
 2426              		.loc 1 928 9 is_stmt 1 view .LVU829
 928:Drivers/STM32F7xx_HAL_Driver/Src/stm32f7xx_ll_usb.c ****         USBx_OUTEP(epnum)->DOEPTSIZ |= USB_OTG_DOEPTSIZ_XFRSIZ & ep->xfer_size;
 2427              		.loc 1 928 26 is_stmt 0 view .LVU830
 2428 01f2 1D69     		ldr	r5, [r3, #16]
 928:Drivers/STM32F7xx_HAL_Driver/Src/stm32f7xx_ll_usb.c ****         USBx_OUTEP(epnum)->DOEPTSIZ |= USB_OTG_DOEPTSIZ_XFRSIZ & ep->xfer_size;
 2429              		.loc 1 928 64 view .LVU831
 2430 01f4 124E     		ldr	r6, .L171
 2431 01f6 06EAC444 		and	r4, r6, r4, lsl #19
 2432              	.LVL159:
 928:Drivers/STM32F7xx_HAL_Driver/Src/stm32f7xx_ll_usb.c ****         USBx_OUTEP(epnum)->DOEPTSIZ |= USB_OTG_DOEPTSIZ_XFRSIZ & ep->xfer_size;
 2433              		.loc 1 928 37 view .LVU832
 2434 01fa 2C43     		orrs	r4, r4, r5
 2435 01fc 1C61     		str	r4, [r3, #16]
ARM GAS  /tmp/ccyYvSLN.s 			page 83


 2436              	.LVL160:
 929:Drivers/STM32F7xx_HAL_Driver/Src/stm32f7xx_ll_usb.c ****       }
 2437              		.loc 1 929 9 is_stmt 1 view .LVU833
 929:Drivers/STM32F7xx_HAL_Driver/Src/stm32f7xx_ll_usb.c ****       }
 2438              		.loc 1 929 26 is_stmt 0 view .LVU834
 2439 01fe 1C69     		ldr	r4, [r3, #16]
 929:Drivers/STM32F7xx_HAL_Driver/Src/stm32f7xx_ll_usb.c ****       }
 2440              		.loc 1 929 68 view .LVU835
 2441 0200 0D6A     		ldr	r5, [r1, #32]
 929:Drivers/STM32F7xx_HAL_Driver/Src/stm32f7xx_ll_usb.c ****       }
 2442              		.loc 1 929 64 view .LVU836
 2443 0202 C5F31205 		ubfx	r5, r5, #0, #19
 929:Drivers/STM32F7xx_HAL_Driver/Src/stm32f7xx_ll_usb.c ****       }
 2444              		.loc 1 929 37 view .LVU837
 2445 0206 2C43     		orrs	r4, r4, r5
 2446 0208 1C61     		str	r4, [r3, #16]
 2447 020a 1DE7     		b	.L160
 2448              	.LVL161:
 2449              	.L167:
 935:Drivers/STM32F7xx_HAL_Driver/Src/stm32f7xx_ll_usb.c ****       {
 2450              		.loc 1 935 7 is_stmt 1 view .LVU838
 935:Drivers/STM32F7xx_HAL_Driver/Src/stm32f7xx_ll_usb.c ****       {
 2451              		.loc 1 935 23 is_stmt 0 view .LVU839
 2452 020c CA68     		ldr	r2, [r1, #12]
 2453              	.LVL162:
 935:Drivers/STM32F7xx_HAL_Driver/Src/stm32f7xx_ll_usb.c ****       {
 2454              		.loc 1 935 10 view .LVU840
 2455 020e 002A     		cmp	r2, #0
 2456 0210 3FF41DAF 		beq	.L162
 937:Drivers/STM32F7xx_HAL_Driver/Src/stm32f7xx_ll_usb.c ****       }
 2457              		.loc 1 937 9 is_stmt 1 view .LVU841
 937:Drivers/STM32F7xx_HAL_Driver/Src/stm32f7xx_ll_usb.c ****       }
 2458              		.loc 1 937 36 is_stmt 0 view .LVU842
 2459 0214 5A61     		str	r2, [r3, #20]
 2460 0216 1AE7     		b	.L162
 2461              	.L168:
 943:Drivers/STM32F7xx_HAL_Driver/Src/stm32f7xx_ll_usb.c ****       {
 2462              		.loc 1 943 7 is_stmt 1 view .LVU843
 943:Drivers/STM32F7xx_HAL_Driver/Src/stm32f7xx_ll_usb.c ****       {
 2463              		.loc 1 943 23 is_stmt 0 view .LVU844
 2464 0218 D0F80838 		ldr	r3, [r0, #2056]
 943:Drivers/STM32F7xx_HAL_Driver/Src/stm32f7xx_ll_usb.c ****       {
 2465              		.loc 1 943 10 view .LVU845
 2466 021c 13F4807F 		tst	r3, #256
 2467 0220 06D1     		bne	.L164
 945:Drivers/STM32F7xx_HAL_Driver/Src/stm32f7xx_ll_usb.c ****       }
 2468              		.loc 1 945 9 is_stmt 1 view .LVU846
 945:Drivers/STM32F7xx_HAL_Driver/Src/stm32f7xx_ll_usb.c ****       }
 2469              		.loc 1 945 26 is_stmt 0 view .LVU847
 2470 0222 DCF8003B 		ldr	r3, [ip, #2816]
 945:Drivers/STM32F7xx_HAL_Driver/Src/stm32f7xx_ll_usb.c ****       }
 2471              		.loc 1 945 36 view .LVU848
 2472 0226 43F00053 		orr	r3, r3, #536870912
 2473 022a CCF8003B 		str	r3, [ip, #2816]
 2474 022e 12E7     		b	.L163
 2475              	.L164:
 949:Drivers/STM32F7xx_HAL_Driver/Src/stm32f7xx_ll_usb.c ****       }
ARM GAS  /tmp/ccyYvSLN.s 			page 84


 2476              		.loc 1 949 9 is_stmt 1 view .LVU849
 949:Drivers/STM32F7xx_HAL_Driver/Src/stm32f7xx_ll_usb.c ****       }
 2477              		.loc 1 949 26 is_stmt 0 view .LVU850
 2478 0230 DCF8003B 		ldr	r3, [ip, #2816]
 949:Drivers/STM32F7xx_HAL_Driver/Src/stm32f7xx_ll_usb.c ****       }
 2479              		.loc 1 949 36 view .LVU851
 2480 0234 43F08053 		orr	r3, r3, #268435456
 2481 0238 CCF8003B 		str	r3, [ip, #2816]
 2482 023c 0BE7     		b	.L163
 2483              	.L172:
 2484 023e 00BF     		.align	2
 2485              	.L171:
 2486 0240 0000F81F 		.word	536346624
 2487              		.cfi_endproc
 2488              	.LFE155:
 2490              		.section	.text.USB_ReadPacket,"ax",%progbits
 2491              		.align	1
 2492              		.global	USB_ReadPacket
 2493              		.syntax unified
 2494              		.thumb
 2495              		.thumb_func
 2497              	USB_ReadPacket:
 2498              	.LVL163:
 2499              	.LFB158:
1062:Drivers/STM32F7xx_HAL_Driver/Src/stm32f7xx_ll_usb.c ****   uint32_t USBx_BASE = (uint32_t)USBx;
 2500              		.loc 1 1062 1 is_stmt 1 view -0
 2501              		.cfi_startproc
 2502              		@ args = 0, pretend = 0, frame = 0
 2503              		@ frame_needed = 0, uses_anonymous_args = 0
1062:Drivers/STM32F7xx_HAL_Driver/Src/stm32f7xx_ll_usb.c ****   uint32_t USBx_BASE = (uint32_t)USBx;
 2504              		.loc 1 1062 1 is_stmt 0 view .LVU853
 2505 0000 10B5     		push	{r4, lr}
 2506              	.LCFI36:
 2507              		.cfi_def_cfa_offset 8
 2508              		.cfi_offset 4, -8
 2509              		.cfi_offset 14, -4
 2510 0002 8446     		mov	ip, r0
 2511 0004 0846     		mov	r0, r1
 2512              	.LVL164:
1063:Drivers/STM32F7xx_HAL_Driver/Src/stm32f7xx_ll_usb.c ****   uint8_t *pDest = dest;
 2513              		.loc 1 1063 3 is_stmt 1 view .LVU854
1064:Drivers/STM32F7xx_HAL_Driver/Src/stm32f7xx_ll_usb.c ****   uint32_t pData;
 2514              		.loc 1 1064 3 view .LVU855
1065:Drivers/STM32F7xx_HAL_Driver/Src/stm32f7xx_ll_usb.c ****   uint32_t i;
 2515              		.loc 1 1065 3 view .LVU856
1066:Drivers/STM32F7xx_HAL_Driver/Src/stm32f7xx_ll_usb.c ****   uint32_t count32b = (uint32_t)len >> 2U;
 2516              		.loc 1 1066 3 view .LVU857
1067:Drivers/STM32F7xx_HAL_Driver/Src/stm32f7xx_ll_usb.c ****   uint16_t remaining_bytes = len % 4U;
 2517              		.loc 1 1067 3 view .LVU858
1067:Drivers/STM32F7xx_HAL_Driver/Src/stm32f7xx_ll_usb.c ****   uint16_t remaining_bytes = len % 4U;
 2518              		.loc 1 1067 37 is_stmt 0 view .LVU859
 2519 0006 4FEA920E 		lsr	lr, r2, #2
 2520              	.LVL165:
1068:Drivers/STM32F7xx_HAL_Driver/Src/stm32f7xx_ll_usb.c **** 
 2521              		.loc 1 1068 3 is_stmt 1 view .LVU860
1068:Drivers/STM32F7xx_HAL_Driver/Src/stm32f7xx_ll_usb.c **** 
 2522              		.loc 1 1068 12 is_stmt 0 view .LVU861
ARM GAS  /tmp/ccyYvSLN.s 			page 85


 2523 000a 02F00302 		and	r2, r2, #3
 2524              	.LVL166:
1070:Drivers/STM32F7xx_HAL_Driver/Src/stm32f7xx_ll_usb.c ****   {
 2525              		.loc 1 1070 3 is_stmt 1 view .LVU862
1070:Drivers/STM32F7xx_HAL_Driver/Src/stm32f7xx_ll_usb.c ****   {
 2526              		.loc 1 1070 10 is_stmt 0 view .LVU863
 2527 000e 0023     		movs	r3, #0
1070:Drivers/STM32F7xx_HAL_Driver/Src/stm32f7xx_ll_usb.c ****   {
 2528              		.loc 1 1070 3 view .LVU864
 2529 0010 05E0     		b	.L174
 2530              	.LVL167:
 2531              	.L175:
1072:Drivers/STM32F7xx_HAL_Driver/Src/stm32f7xx_ll_usb.c ****     pDest++;
 2532              		.loc 1 1072 5 is_stmt 1 view .LVU865
 2533 0012 0CF58051 		add	r1, ip, #4096
 2534 0016 0968     		ldr	r1, [r1]
 2535 0018 40F8041B 		str	r1, [r0], #4	@ unaligned
 2536              	.LVL168:
1073:Drivers/STM32F7xx_HAL_Driver/Src/stm32f7xx_ll_usb.c ****     pDest++;
 2537              		.loc 1 1073 5 view .LVU866
1074:Drivers/STM32F7xx_HAL_Driver/Src/stm32f7xx_ll_usb.c ****     pDest++;
 2538              		.loc 1 1074 5 view .LVU867
1075:Drivers/STM32F7xx_HAL_Driver/Src/stm32f7xx_ll_usb.c ****     pDest++;
 2539              		.loc 1 1075 5 view .LVU868
1076:Drivers/STM32F7xx_HAL_Driver/Src/stm32f7xx_ll_usb.c ****   }
 2540              		.loc 1 1076 5 view .LVU869
1070:Drivers/STM32F7xx_HAL_Driver/Src/stm32f7xx_ll_usb.c ****   {
 2541              		.loc 1 1070 31 discriminator 3 view .LVU870
 2542 001c 0133     		adds	r3, r3, #1
 2543              	.LVL169:
 2544              	.L174:
1070:Drivers/STM32F7xx_HAL_Driver/Src/stm32f7xx_ll_usb.c ****   {
 2545              		.loc 1 1070 18 discriminator 1 view .LVU871
 2546 001e 7345     		cmp	r3, lr
 2547 0020 F7D3     		bcc	.L175
1080:Drivers/STM32F7xx_HAL_Driver/Src/stm32f7xx_ll_usb.c ****   {
 2548              		.loc 1 1080 3 view .LVU872
1080:Drivers/STM32F7xx_HAL_Driver/Src/stm32f7xx_ll_usb.c ****   {
 2549              		.loc 1 1080 6 is_stmt 0 view .LVU873
 2550 0022 7AB1     		cbz	r2, .L176
1082:Drivers/STM32F7xx_HAL_Driver/Src/stm32f7xx_ll_usb.c ****     __UNALIGNED_UINT32_WRITE(&pData, USBx_DFIFO(0U));
 2551              		.loc 1 1082 5 is_stmt 1 view .LVU874
 2552              	.LVL170:
1083:Drivers/STM32F7xx_HAL_Driver/Src/stm32f7xx_ll_usb.c **** 
 2553              		.loc 1 1083 5 view .LVU875
 2554 0024 0CF5805C 		add	ip, ip, #4096
 2555              	.LVL171:
1083:Drivers/STM32F7xx_HAL_Driver/Src/stm32f7xx_ll_usb.c **** 
 2556              		.loc 1 1083 5 is_stmt 0 view .LVU876
 2557 0028 DCF80040 		ldr	r4, [ip]
1082:Drivers/STM32F7xx_HAL_Driver/Src/stm32f7xx_ll_usb.c ****     __UNALIGNED_UINT32_WRITE(&pData, USBx_DFIFO(0U));
 2558              		.loc 1 1082 7 view .LVU877
 2559 002c 0021     		movs	r1, #0
 2560              	.LVL172:
 2561              	.L177:
1085:Drivers/STM32F7xx_HAL_Driver/Src/stm32f7xx_ll_usb.c ****     {
 2562              		.loc 1 1085 5 is_stmt 1 view .LVU878
ARM GAS  /tmp/ccyYvSLN.s 			page 86


1087:Drivers/STM32F7xx_HAL_Driver/Src/stm32f7xx_ll_usb.c ****       i++;
 2563              		.loc 1 1087 7 view .LVU879
1087:Drivers/STM32F7xx_HAL_Driver/Src/stm32f7xx_ll_usb.c ****       i++;
 2564              		.loc 1 1087 50 is_stmt 0 view .LVU880
 2565 002e CBB2     		uxtb	r3, r1
 2566 0030 DB00     		lsls	r3, r3, #3
1087:Drivers/STM32F7xx_HAL_Driver/Src/stm32f7xx_ll_usb.c ****       i++;
 2567              		.loc 1 1087 43 view .LVU881
 2568 0032 24FA03F3 		lsr	r3, r4, r3
1087:Drivers/STM32F7xx_HAL_Driver/Src/stm32f7xx_ll_usb.c ****       i++;
 2569              		.loc 1 1087 25 view .LVU882
 2570 0036 00F8013B 		strb	r3, [r0], #1
 2571              	.LVL173:
1088:Drivers/STM32F7xx_HAL_Driver/Src/stm32f7xx_ll_usb.c ****       pDest++;
 2572              		.loc 1 1088 7 is_stmt 1 view .LVU883
1088:Drivers/STM32F7xx_HAL_Driver/Src/stm32f7xx_ll_usb.c ****       pDest++;
 2573              		.loc 1 1088 8 is_stmt 0 view .LVU884
 2574 003a 0131     		adds	r1, r1, #1
 2575              	.LVL174:
1089:Drivers/STM32F7xx_HAL_Driver/Src/stm32f7xx_ll_usb.c ****       remaining_bytes--;
 2576              		.loc 1 1089 7 is_stmt 1 view .LVU885
1090:Drivers/STM32F7xx_HAL_Driver/Src/stm32f7xx_ll_usb.c ****     } while (remaining_bytes != 0U);
 2577              		.loc 1 1090 7 view .LVU886
1090:Drivers/STM32F7xx_HAL_Driver/Src/stm32f7xx_ll_usb.c ****     } while (remaining_bytes != 0U);
 2578              		.loc 1 1090 22 is_stmt 0 view .LVU887
 2579 003c 013A     		subs	r2, r2, #1
 2580              	.LVL175:
1090:Drivers/STM32F7xx_HAL_Driver/Src/stm32f7xx_ll_usb.c ****     } while (remaining_bytes != 0U);
 2581              		.loc 1 1090 22 view .LVU888
 2582 003e 92B2     		uxth	r2, r2
 2583              	.LVL176:
1091:Drivers/STM32F7xx_HAL_Driver/Src/stm32f7xx_ll_usb.c ****   }
 2584              		.loc 1 1091 30 is_stmt 1 discriminator 1 view .LVU889
 2585 0040 002A     		cmp	r2, #0
 2586 0042 F4D1     		bne	.L177
 2587              	.LVL177:
 2588              	.L176:
1094:Drivers/STM32F7xx_HAL_Driver/Src/stm32f7xx_ll_usb.c **** }
 2589              		.loc 1 1094 3 view .LVU890
1095:Drivers/STM32F7xx_HAL_Driver/Src/stm32f7xx_ll_usb.c **** 
 2590              		.loc 1 1095 1 is_stmt 0 view .LVU891
 2591 0044 10BD     		pop	{r4, pc}
 2592              		.cfi_endproc
 2593              	.LFE158:
 2595              		.section	.text.USB_EPSetStall,"ax",%progbits
 2596              		.align	1
 2597              		.global	USB_EPSetStall
 2598              		.syntax unified
 2599              		.thumb
 2600              		.thumb_func
 2602              	USB_EPSetStall:
 2603              	.LVL178:
 2604              	.LFB159:
1104:Drivers/STM32F7xx_HAL_Driver/Src/stm32f7xx_ll_usb.c ****   uint32_t USBx_BASE = (uint32_t)USBx;
 2605              		.loc 1 1104 1 is_stmt 1 view -0
 2606              		.cfi_startproc
 2607              		@ args = 0, pretend = 0, frame = 0
ARM GAS  /tmp/ccyYvSLN.s 			page 87


 2608              		@ frame_needed = 0, uses_anonymous_args = 0
 2609              		@ link register save eliminated.
1105:Drivers/STM32F7xx_HAL_Driver/Src/stm32f7xx_ll_usb.c ****   uint32_t epnum = (uint32_t)ep->num;
 2610              		.loc 1 1105 3 view .LVU893
1106:Drivers/STM32F7xx_HAL_Driver/Src/stm32f7xx_ll_usb.c **** 
 2611              		.loc 1 1106 3 view .LVU894
1106:Drivers/STM32F7xx_HAL_Driver/Src/stm32f7xx_ll_usb.c **** 
 2612              		.loc 1 1106 32 is_stmt 0 view .LVU895
 2613 0000 0B78     		ldrb	r3, [r1]	@ zero_extendqisi2
 2614              	.LVL179:
1108:Drivers/STM32F7xx_HAL_Driver/Src/stm32f7xx_ll_usb.c ****   {
 2615              		.loc 1 1108 3 is_stmt 1 view .LVU896
1108:Drivers/STM32F7xx_HAL_Driver/Src/stm32f7xx_ll_usb.c ****   {
 2616              		.loc 1 1108 9 is_stmt 0 view .LVU897
 2617 0002 4A78     		ldrb	r2, [r1, #1]	@ zero_extendqisi2
1108:Drivers/STM32F7xx_HAL_Driver/Src/stm32f7xx_ll_usb.c ****   {
 2618              		.loc 1 1108 6 view .LVU898
 2619 0004 012A     		cmp	r2, #1
 2620 0006 14D0     		beq	.L184
1118:Drivers/STM32F7xx_HAL_Driver/Src/stm32f7xx_ll_usb.c ****     {
 2621              		.loc 1 1118 5 is_stmt 1 view .LVU899
1118:Drivers/STM32F7xx_HAL_Driver/Src/stm32f7xx_ll_usb.c ****     {
 2622              		.loc 1 1118 11 is_stmt 0 view .LVU900
 2623 0008 00EB4310 		add	r0, r0, r3, lsl #5
 2624              	.LVL180:
1118:Drivers/STM32F7xx_HAL_Driver/Src/stm32f7xx_ll_usb.c ****     {
 2625              		.loc 1 1118 28 view .LVU901
 2626 000c D0F8002B 		ldr	r2, [r0, #2816]
1118:Drivers/STM32F7xx_HAL_Driver/Src/stm32f7xx_ll_usb.c ****     {
 2627              		.loc 1 1118 8 view .LVU902
 2628 0010 002A     		cmp	r2, #0
 2629 0012 06DB     		blt	.L183
1118:Drivers/STM32F7xx_HAL_Driver/Src/stm32f7xx_ll_usb.c ****     {
 2630              		.loc 1 1118 70 discriminator 1 view .LVU903
 2631 0014 2BB1     		cbz	r3, .L183
1120:Drivers/STM32F7xx_HAL_Driver/Src/stm32f7xx_ll_usb.c ****     }
 2632              		.loc 1 1120 7 is_stmt 1 view .LVU904
1120:Drivers/STM32F7xx_HAL_Driver/Src/stm32f7xx_ll_usb.c ****     }
 2633              		.loc 1 1120 24 is_stmt 0 view .LVU905
 2634 0016 D0F8003B 		ldr	r3, [r0, #2816]
 2635              	.LVL181:
1120:Drivers/STM32F7xx_HAL_Driver/Src/stm32f7xx_ll_usb.c ****     }
 2636              		.loc 1 1120 34 view .LVU906
 2637 001a 23F08043 		bic	r3, r3, #1073741824
 2638 001e C0F8003B 		str	r3, [r0, #2816]
 2639              	.LVL182:
 2640              	.L183:
1122:Drivers/STM32F7xx_HAL_Driver/Src/stm32f7xx_ll_usb.c ****   }
 2641              		.loc 1 1122 5 is_stmt 1 view .LVU907
1122:Drivers/STM32F7xx_HAL_Driver/Src/stm32f7xx_ll_usb.c ****   }
 2642              		.loc 1 1122 22 is_stmt 0 view .LVU908
 2643 0022 D0F8003B 		ldr	r3, [r0, #2816]
1122:Drivers/STM32F7xx_HAL_Driver/Src/stm32f7xx_ll_usb.c ****   }
 2644              		.loc 1 1122 32 view .LVU909
 2645 0026 43F40013 		orr	r3, r3, #2097152
 2646 002a C0F8003B 		str	r3, [r0, #2816]
 2647              	.L182:
ARM GAS  /tmp/ccyYvSLN.s 			page 88


1125:Drivers/STM32F7xx_HAL_Driver/Src/stm32f7xx_ll_usb.c **** }
 2648              		.loc 1 1125 3 is_stmt 1 view .LVU910
1126:Drivers/STM32F7xx_HAL_Driver/Src/stm32f7xx_ll_usb.c **** 
 2649              		.loc 1 1126 1 is_stmt 0 view .LVU911
 2650 002e 0020     		movs	r0, #0
 2651 0030 7047     		bx	lr
 2652              	.LVL183:
 2653              	.L184:
1110:Drivers/STM32F7xx_HAL_Driver/Src/stm32f7xx_ll_usb.c ****     {
 2654              		.loc 1 1110 5 is_stmt 1 view .LVU912
1110:Drivers/STM32F7xx_HAL_Driver/Src/stm32f7xx_ll_usb.c ****     {
 2655              		.loc 1 1110 11 is_stmt 0 view .LVU913
 2656 0032 00EB4310 		add	r0, r0, r3, lsl #5
 2657              	.LVL184:
1110:Drivers/STM32F7xx_HAL_Driver/Src/stm32f7xx_ll_usb.c ****     {
 2658              		.loc 1 1110 27 view .LVU914
 2659 0036 D0F80029 		ldr	r2, [r0, #2304]
1110:Drivers/STM32F7xx_HAL_Driver/Src/stm32f7xx_ll_usb.c ****     {
 2660              		.loc 1 1110 8 view .LVU915
 2661 003a 002A     		cmp	r2, #0
 2662 003c 06DB     		blt	.L181
1110:Drivers/STM32F7xx_HAL_Driver/Src/stm32f7xx_ll_usb.c ****     {
 2663              		.loc 1 1110 69 discriminator 1 view .LVU916
 2664 003e 2BB1     		cbz	r3, .L181
1112:Drivers/STM32F7xx_HAL_Driver/Src/stm32f7xx_ll_usb.c ****     }
 2665              		.loc 1 1112 7 is_stmt 1 view .LVU917
1112:Drivers/STM32F7xx_HAL_Driver/Src/stm32f7xx_ll_usb.c ****     }
 2666              		.loc 1 1112 23 is_stmt 0 view .LVU918
 2667 0040 D0F80039 		ldr	r3, [r0, #2304]
 2668              	.LVL185:
1112:Drivers/STM32F7xx_HAL_Driver/Src/stm32f7xx_ll_usb.c ****     }
 2669              		.loc 1 1112 33 view .LVU919
 2670 0044 23F08043 		bic	r3, r3, #1073741824
 2671 0048 C0F80039 		str	r3, [r0, #2304]
 2672              	.LVL186:
 2673              	.L181:
1114:Drivers/STM32F7xx_HAL_Driver/Src/stm32f7xx_ll_usb.c ****   }
 2674              		.loc 1 1114 5 is_stmt 1 view .LVU920
1114:Drivers/STM32F7xx_HAL_Driver/Src/stm32f7xx_ll_usb.c ****   }
 2675              		.loc 1 1114 21 is_stmt 0 view .LVU921
 2676 004c D0F80039 		ldr	r3, [r0, #2304]
1114:Drivers/STM32F7xx_HAL_Driver/Src/stm32f7xx_ll_usb.c ****   }
 2677              		.loc 1 1114 31 view .LVU922
 2678 0050 43F40013 		orr	r3, r3, #2097152
 2679 0054 C0F80039 		str	r3, [r0, #2304]
 2680 0058 E9E7     		b	.L182
 2681              		.cfi_endproc
 2682              	.LFE159:
 2684              		.section	.text.USB_EPClearStall,"ax",%progbits
 2685              		.align	1
 2686              		.global	USB_EPClearStall
 2687              		.syntax unified
 2688              		.thumb
 2689              		.thumb_func
 2691              	USB_EPClearStall:
 2692              	.LVL187:
 2693              	.LFB160:
ARM GAS  /tmp/ccyYvSLN.s 			page 89


1135:Drivers/STM32F7xx_HAL_Driver/Src/stm32f7xx_ll_usb.c ****   uint32_t USBx_BASE = (uint32_t)USBx;
 2694              		.loc 1 1135 1 is_stmt 1 view -0
 2695              		.cfi_startproc
 2696              		@ args = 0, pretend = 0, frame = 0
 2697              		@ frame_needed = 0, uses_anonymous_args = 0
 2698              		@ link register save eliminated.
1136:Drivers/STM32F7xx_HAL_Driver/Src/stm32f7xx_ll_usb.c ****   uint32_t epnum = (uint32_t)ep->num;
 2699              		.loc 1 1136 3 view .LVU924
1137:Drivers/STM32F7xx_HAL_Driver/Src/stm32f7xx_ll_usb.c **** 
 2700              		.loc 1 1137 3 view .LVU925
1137:Drivers/STM32F7xx_HAL_Driver/Src/stm32f7xx_ll_usb.c **** 
 2701              		.loc 1 1137 32 is_stmt 0 view .LVU926
 2702 0000 0B78     		ldrb	r3, [r1]	@ zero_extendqisi2
 2703              	.LVL188:
1139:Drivers/STM32F7xx_HAL_Driver/Src/stm32f7xx_ll_usb.c ****   {
 2704              		.loc 1 1139 3 is_stmt 1 view .LVU927
1139:Drivers/STM32F7xx_HAL_Driver/Src/stm32f7xx_ll_usb.c ****   {
 2705              		.loc 1 1139 9 is_stmt 0 view .LVU928
 2706 0002 4A78     		ldrb	r2, [r1, #1]	@ zero_extendqisi2
1139:Drivers/STM32F7xx_HAL_Driver/Src/stm32f7xx_ll_usb.c ****   {
 2707              		.loc 1 1139 6 view .LVU929
 2708 0004 012A     		cmp	r2, #1
 2709 0006 0ED0     		beq	.L188
1149:Drivers/STM32F7xx_HAL_Driver/Src/stm32f7xx_ll_usb.c ****     if ((ep->type == EP_TYPE_INTR) || (ep->type == EP_TYPE_BULK))
 2710              		.loc 1 1149 5 is_stmt 1 view .LVU930
1149:Drivers/STM32F7xx_HAL_Driver/Src/stm32f7xx_ll_usb.c ****     if ((ep->type == EP_TYPE_INTR) || (ep->type == EP_TYPE_BULK))
 2711              		.loc 1 1149 22 is_stmt 0 view .LVU931
 2712 0008 00EB4310 		add	r0, r0, r3, lsl #5
 2713              	.LVL189:
1149:Drivers/STM32F7xx_HAL_Driver/Src/stm32f7xx_ll_usb.c ****     if ((ep->type == EP_TYPE_INTR) || (ep->type == EP_TYPE_BULK))
 2714              		.loc 1 1149 22 view .LVU932
 2715 000c D0F8003B 		ldr	r3, [r0, #2816]
 2716              	.LVL190:
1149:Drivers/STM32F7xx_HAL_Driver/Src/stm32f7xx_ll_usb.c ****     if ((ep->type == EP_TYPE_INTR) || (ep->type == EP_TYPE_BULK))
 2717              		.loc 1 1149 32 view .LVU933
 2718 0010 23F40013 		bic	r3, r3, #2097152
 2719 0014 C0F8003B 		str	r3, [r0, #2816]
 2720              	.LVL191:
1150:Drivers/STM32F7xx_HAL_Driver/Src/stm32f7xx_ll_usb.c ****     {
 2721              		.loc 1 1150 5 is_stmt 1 view .LVU934
1150:Drivers/STM32F7xx_HAL_Driver/Src/stm32f7xx_ll_usb.c ****     {
 2722              		.loc 1 1150 12 is_stmt 0 view .LVU935
 2723 0018 0B79     		ldrb	r3, [r1, #4]	@ zero_extendqisi2
1150:Drivers/STM32F7xx_HAL_Driver/Src/stm32f7xx_ll_usb.c ****     {
 2724              		.loc 1 1150 36 view .LVU936
 2725 001a 023B     		subs	r3, r3, #2
 2726 001c DBB2     		uxtb	r3, r3
1150:Drivers/STM32F7xx_HAL_Driver/Src/stm32f7xx_ll_usb.c ****     {
 2727              		.loc 1 1150 8 view .LVU937
 2728 001e 012B     		cmp	r3, #1
 2729 0020 15D9     		bls	.L189
 2730              	.L187:
1155:Drivers/STM32F7xx_HAL_Driver/Src/stm32f7xx_ll_usb.c **** }
 2731              		.loc 1 1155 3 is_stmt 1 view .LVU938
1156:Drivers/STM32F7xx_HAL_Driver/Src/stm32f7xx_ll_usb.c **** 
 2732              		.loc 1 1156 1 is_stmt 0 view .LVU939
 2733 0022 0020     		movs	r0, #0
ARM GAS  /tmp/ccyYvSLN.s 			page 90


 2734 0024 7047     		bx	lr
 2735              	.LVL192:
 2736              	.L188:
1141:Drivers/STM32F7xx_HAL_Driver/Src/stm32f7xx_ll_usb.c ****     if ((ep->type == EP_TYPE_INTR) || (ep->type == EP_TYPE_BULK))
 2737              		.loc 1 1141 5 is_stmt 1 view .LVU940
1141:Drivers/STM32F7xx_HAL_Driver/Src/stm32f7xx_ll_usb.c ****     if ((ep->type == EP_TYPE_INTR) || (ep->type == EP_TYPE_BULK))
 2738              		.loc 1 1141 21 is_stmt 0 view .LVU941
 2739 0026 00EB4310 		add	r0, r0, r3, lsl #5
 2740              	.LVL193:
1141:Drivers/STM32F7xx_HAL_Driver/Src/stm32f7xx_ll_usb.c ****     if ((ep->type == EP_TYPE_INTR) || (ep->type == EP_TYPE_BULK))
 2741              		.loc 1 1141 21 view .LVU942
 2742 002a D0F80039 		ldr	r3, [r0, #2304]
 2743              	.LVL194:
1141:Drivers/STM32F7xx_HAL_Driver/Src/stm32f7xx_ll_usb.c ****     if ((ep->type == EP_TYPE_INTR) || (ep->type == EP_TYPE_BULK))
 2744              		.loc 1 1141 31 view .LVU943
 2745 002e 23F40013 		bic	r3, r3, #2097152
 2746 0032 C0F80039 		str	r3, [r0, #2304]
 2747              	.LVL195:
1142:Drivers/STM32F7xx_HAL_Driver/Src/stm32f7xx_ll_usb.c ****     {
 2748              		.loc 1 1142 5 is_stmt 1 view .LVU944
1142:Drivers/STM32F7xx_HAL_Driver/Src/stm32f7xx_ll_usb.c ****     {
 2749              		.loc 1 1142 12 is_stmt 0 view .LVU945
 2750 0036 0B79     		ldrb	r3, [r1, #4]	@ zero_extendqisi2
1142:Drivers/STM32F7xx_HAL_Driver/Src/stm32f7xx_ll_usb.c ****     {
 2751              		.loc 1 1142 36 view .LVU946
 2752 0038 023B     		subs	r3, r3, #2
 2753 003a DBB2     		uxtb	r3, r3
1142:Drivers/STM32F7xx_HAL_Driver/Src/stm32f7xx_ll_usb.c ****     {
 2754              		.loc 1 1142 8 view .LVU947
 2755 003c 012B     		cmp	r3, #1
 2756 003e F0D8     		bhi	.L187
1144:Drivers/STM32F7xx_HAL_Driver/Src/stm32f7xx_ll_usb.c ****     }
 2757              		.loc 1 1144 7 is_stmt 1 view .LVU948
1144:Drivers/STM32F7xx_HAL_Driver/Src/stm32f7xx_ll_usb.c ****     }
 2758              		.loc 1 1144 23 is_stmt 0 view .LVU949
 2759 0040 D0F80039 		ldr	r3, [r0, #2304]
1144:Drivers/STM32F7xx_HAL_Driver/Src/stm32f7xx_ll_usb.c ****     }
 2760              		.loc 1 1144 33 view .LVU950
 2761 0044 43F08053 		orr	r3, r3, #268435456
 2762 0048 C0F80039 		str	r3, [r0, #2304]
 2763 004c E9E7     		b	.L187
 2764              	.L189:
1152:Drivers/STM32F7xx_HAL_Driver/Src/stm32f7xx_ll_usb.c ****     }
 2765              		.loc 1 1152 7 is_stmt 1 view .LVU951
1152:Drivers/STM32F7xx_HAL_Driver/Src/stm32f7xx_ll_usb.c ****     }
 2766              		.loc 1 1152 24 is_stmt 0 view .LVU952
 2767 004e D0F8003B 		ldr	r3, [r0, #2816]
1152:Drivers/STM32F7xx_HAL_Driver/Src/stm32f7xx_ll_usb.c ****     }
 2768              		.loc 1 1152 34 view .LVU953
 2769 0052 43F08053 		orr	r3, r3, #268435456
 2770 0056 C0F8003B 		str	r3, [r0, #2816]
 2771 005a E2E7     		b	.L187
 2772              		.cfi_endproc
 2773              	.LFE160:
 2775              		.section	.text.USB_StopDevice,"ax",%progbits
 2776              		.align	1
 2777              		.global	USB_StopDevice
ARM GAS  /tmp/ccyYvSLN.s 			page 91


 2778              		.syntax unified
 2779              		.thumb
 2780              		.thumb_func
 2782              	USB_StopDevice:
 2783              	.LVL196:
 2784              	.LFB161:
1164:Drivers/STM32F7xx_HAL_Driver/Src/stm32f7xx_ll_usb.c ****   HAL_StatusTypeDef ret;
 2785              		.loc 1 1164 1 is_stmt 1 view -0
 2786              		.cfi_startproc
 2787              		@ args = 0, pretend = 0, frame = 0
 2788              		@ frame_needed = 0, uses_anonymous_args = 0
1164:Drivers/STM32F7xx_HAL_Driver/Src/stm32f7xx_ll_usb.c ****   HAL_StatusTypeDef ret;
 2789              		.loc 1 1164 1 is_stmt 0 view .LVU955
 2790 0000 10B5     		push	{r4, lr}
 2791              	.LCFI37:
 2792              		.cfi_def_cfa_offset 8
 2793              		.cfi_offset 4, -8
 2794              		.cfi_offset 14, -4
 2795 0002 0446     		mov	r4, r0
1165:Drivers/STM32F7xx_HAL_Driver/Src/stm32f7xx_ll_usb.c ****   uint32_t USBx_BASE = (uint32_t)USBx;
 2796              		.loc 1 1165 3 is_stmt 1 view .LVU956
1166:Drivers/STM32F7xx_HAL_Driver/Src/stm32f7xx_ll_usb.c ****   uint32_t i;
 2797              		.loc 1 1166 3 view .LVU957
 2798              	.LVL197:
1167:Drivers/STM32F7xx_HAL_Driver/Src/stm32f7xx_ll_usb.c **** 
 2799              		.loc 1 1167 3 view .LVU958
1170:Drivers/STM32F7xx_HAL_Driver/Src/stm32f7xx_ll_usb.c ****   {
 2800              		.loc 1 1170 3 view .LVU959
1170:Drivers/STM32F7xx_HAL_Driver/Src/stm32f7xx_ll_usb.c ****   {
 2801              		.loc 1 1170 10 is_stmt 0 view .LVU960
 2802 0004 0022     		movs	r2, #0
1170:Drivers/STM32F7xx_HAL_Driver/Src/stm32f7xx_ll_usb.c ****   {
 2803              		.loc 1 1170 3 view .LVU961
 2804 0006 08E0     		b	.L191
 2805              	.LVL198:
 2806              	.L192:
1172:Drivers/STM32F7xx_HAL_Driver/Src/stm32f7xx_ll_usb.c ****     USBx_OUTEP(i)->DOEPINT = 0xFB7FU;
 2807              		.loc 1 1172 5 is_stmt 1 view .LVU962
 2808 0008 04EB4213 		add	r3, r4, r2, lsl #5
1172:Drivers/STM32F7xx_HAL_Driver/Src/stm32f7xx_ll_usb.c ****     USBx_OUTEP(i)->DOEPINT = 0xFB7FU;
 2809              		.loc 1 1172 27 is_stmt 0 view .LVU963
 2810 000c 4FF67F31 		movw	r1, #64383
 2811 0010 C3F80819 		str	r1, [r3, #2312]
1173:Drivers/STM32F7xx_HAL_Driver/Src/stm32f7xx_ll_usb.c ****   }
 2812              		.loc 1 1173 5 is_stmt 1 view .LVU964
1173:Drivers/STM32F7xx_HAL_Driver/Src/stm32f7xx_ll_usb.c ****   }
 2813              		.loc 1 1173 28 is_stmt 0 view .LVU965
 2814 0014 C3F8081B 		str	r1, [r3, #2824]
1170:Drivers/STM32F7xx_HAL_Driver/Src/stm32f7xx_ll_usb.c ****   {
 2815              		.loc 1 1170 26 is_stmt 1 discriminator 3 view .LVU966
 2816 0018 0132     		adds	r2, r2, #1
 2817              	.LVL199:
 2818              	.L191:
1170:Drivers/STM32F7xx_HAL_Driver/Src/stm32f7xx_ll_usb.c ****   {
 2819              		.loc 1 1170 18 discriminator 1 view .LVU967
 2820 001a 0E2A     		cmp	r2, #14
 2821 001c F4D9     		bls	.L192
ARM GAS  /tmp/ccyYvSLN.s 			page 92


1177:Drivers/STM32F7xx_HAL_Driver/Src/stm32f7xx_ll_usb.c ****   USBx_DEVICE->DOEPMSK  = 0U;
 2822              		.loc 1 1177 3 view .LVU968
1177:Drivers/STM32F7xx_HAL_Driver/Src/stm32f7xx_ll_usb.c ****   USBx_DEVICE->DOEPMSK  = 0U;
 2823              		.loc 1 1177 25 is_stmt 0 view .LVU969
 2824 001e 0022     		movs	r2, #0
 2825              	.LVL200:
1177:Drivers/STM32F7xx_HAL_Driver/Src/stm32f7xx_ll_usb.c ****   USBx_DEVICE->DOEPMSK  = 0U;
 2826              		.loc 1 1177 25 view .LVU970
 2827 0020 C4F81028 		str	r2, [r4, #2064]
1178:Drivers/STM32F7xx_HAL_Driver/Src/stm32f7xx_ll_usb.c ****   USBx_DEVICE->DAINTMSK = 0U;
 2828              		.loc 1 1178 3 is_stmt 1 view .LVU971
1178:Drivers/STM32F7xx_HAL_Driver/Src/stm32f7xx_ll_usb.c ****   USBx_DEVICE->DAINTMSK = 0U;
 2829              		.loc 1 1178 25 is_stmt 0 view .LVU972
 2830 0024 C4F81428 		str	r2, [r4, #2068]
1179:Drivers/STM32F7xx_HAL_Driver/Src/stm32f7xx_ll_usb.c **** 
 2831              		.loc 1 1179 3 is_stmt 1 view .LVU973
1179:Drivers/STM32F7xx_HAL_Driver/Src/stm32f7xx_ll_usb.c **** 
 2832              		.loc 1 1179 25 is_stmt 0 view .LVU974
 2833 0028 C4F81C28 		str	r2, [r4, #2076]
1182:Drivers/STM32F7xx_HAL_Driver/Src/stm32f7xx_ll_usb.c ****   if (ret != HAL_OK)
 2834              		.loc 1 1182 3 is_stmt 1 view .LVU975
1182:Drivers/STM32F7xx_HAL_Driver/Src/stm32f7xx_ll_usb.c ****   if (ret != HAL_OK)
 2835              		.loc 1 1182 9 is_stmt 0 view .LVU976
 2836 002c 2046     		mov	r0, r4
 2837              	.LVL201:
1182:Drivers/STM32F7xx_HAL_Driver/Src/stm32f7xx_ll_usb.c ****   if (ret != HAL_OK)
 2838              		.loc 1 1182 9 view .LVU977
 2839 002e FFF7FEFF 		bl	USB_FlushRxFifo
 2840              	.LVL202:
1183:Drivers/STM32F7xx_HAL_Driver/Src/stm32f7xx_ll_usb.c ****   {
 2841              		.loc 1 1183 3 is_stmt 1 view .LVU978
1183:Drivers/STM32F7xx_HAL_Driver/Src/stm32f7xx_ll_usb.c ****   {
 2842              		.loc 1 1183 6 is_stmt 0 view .LVU979
 2843 0032 00B1     		cbz	r0, .L195
 2844              	.L193:
1195:Drivers/STM32F7xx_HAL_Driver/Src/stm32f7xx_ll_usb.c **** 
 2845              		.loc 1 1195 1 view .LVU980
 2846 0034 10BD     		pop	{r4, pc}
 2847              	.LVL203:
 2848              	.L195:
1188:Drivers/STM32F7xx_HAL_Driver/Src/stm32f7xx_ll_usb.c ****   if (ret != HAL_OK)
 2849              		.loc 1 1188 3 is_stmt 1 view .LVU981
1188:Drivers/STM32F7xx_HAL_Driver/Src/stm32f7xx_ll_usb.c ****   if (ret != HAL_OK)
 2850              		.loc 1 1188 9 is_stmt 0 view .LVU982
 2851 0036 1021     		movs	r1, #16
 2852 0038 2046     		mov	r0, r4
 2853              	.LVL204:
1188:Drivers/STM32F7xx_HAL_Driver/Src/stm32f7xx_ll_usb.c ****   if (ret != HAL_OK)
 2854              		.loc 1 1188 9 view .LVU983
 2855 003a FFF7FEFF 		bl	USB_FlushTxFifo
 2856              	.LVL205:
1189:Drivers/STM32F7xx_HAL_Driver/Src/stm32f7xx_ll_usb.c ****   {
 2857              		.loc 1 1189 3 is_stmt 1 view .LVU984
1191:Drivers/STM32F7xx_HAL_Driver/Src/stm32f7xx_ll_usb.c ****   }
 2858              		.loc 1 1191 5 view .LVU985
 2859 003e F9E7     		b	.L193
 2860              		.cfi_endproc
ARM GAS  /tmp/ccyYvSLN.s 			page 93


 2861              	.LFE161:
 2863              		.section	.text.USB_SetDevAddress,"ax",%progbits
 2864              		.align	1
 2865              		.global	USB_SetDevAddress
 2866              		.syntax unified
 2867              		.thumb
 2868              		.thumb_func
 2870              	USB_SetDevAddress:
 2871              	.LVL206:
 2872              	.LFB162:
1205:Drivers/STM32F7xx_HAL_Driver/Src/stm32f7xx_ll_usb.c ****   uint32_t USBx_BASE = (uint32_t)USBx;
 2873              		.loc 1 1205 1 view -0
 2874              		.cfi_startproc
 2875              		@ args = 0, pretend = 0, frame = 0
 2876              		@ frame_needed = 0, uses_anonymous_args = 0
 2877              		@ link register save eliminated.
1206:Drivers/STM32F7xx_HAL_Driver/Src/stm32f7xx_ll_usb.c **** 
 2878              		.loc 1 1206 3 view .LVU987
1208:Drivers/STM32F7xx_HAL_Driver/Src/stm32f7xx_ll_usb.c ****   USBx_DEVICE->DCFG |= ((uint32_t)address << 4) & USB_OTG_DCFG_DAD;
 2879              		.loc 1 1208 3 view .LVU988
1208:Drivers/STM32F7xx_HAL_Driver/Src/stm32f7xx_ll_usb.c ****   USBx_DEVICE->DCFG |= ((uint32_t)address << 4) & USB_OTG_DCFG_DAD;
 2880              		.loc 1 1208 14 is_stmt 0 view .LVU989
 2881 0000 D0F80038 		ldr	r3, [r0, #2048]
1208:Drivers/STM32F7xx_HAL_Driver/Src/stm32f7xx_ll_usb.c ****   USBx_DEVICE->DCFG |= ((uint32_t)address << 4) & USB_OTG_DCFG_DAD;
 2882              		.loc 1 1208 21 view .LVU990
 2883 0004 23F4FE63 		bic	r3, r3, #2032
 2884 0008 C0F80038 		str	r3, [r0, #2048]
1209:Drivers/STM32F7xx_HAL_Driver/Src/stm32f7xx_ll_usb.c **** 
 2885              		.loc 1 1209 3 is_stmt 1 view .LVU991
1209:Drivers/STM32F7xx_HAL_Driver/Src/stm32f7xx_ll_usb.c **** 
 2886              		.loc 1 1209 14 is_stmt 0 view .LVU992
 2887 000c D0F80038 		ldr	r3, [r0, #2048]
1209:Drivers/STM32F7xx_HAL_Driver/Src/stm32f7xx_ll_usb.c **** 
 2888              		.loc 1 1209 43 view .LVU993
 2889 0010 0901     		lsls	r1, r1, #4
 2890              	.LVL207:
1209:Drivers/STM32F7xx_HAL_Driver/Src/stm32f7xx_ll_usb.c **** 
 2891              		.loc 1 1209 49 view .LVU994
 2892 0012 01F4FE61 		and	r1, r1, #2032
1209:Drivers/STM32F7xx_HAL_Driver/Src/stm32f7xx_ll_usb.c **** 
 2893              		.loc 1 1209 21 view .LVU995
 2894 0016 0B43     		orrs	r3, r3, r1
 2895 0018 C0F80038 		str	r3, [r0, #2048]
1211:Drivers/STM32F7xx_HAL_Driver/Src/stm32f7xx_ll_usb.c **** }
 2896              		.loc 1 1211 3 is_stmt 1 view .LVU996
1212:Drivers/STM32F7xx_HAL_Driver/Src/stm32f7xx_ll_usb.c **** 
 2897              		.loc 1 1212 1 is_stmt 0 view .LVU997
 2898 001c 0020     		movs	r0, #0
 2899              	.LVL208:
1212:Drivers/STM32F7xx_HAL_Driver/Src/stm32f7xx_ll_usb.c **** 
 2900              		.loc 1 1212 1 view .LVU998
 2901 001e 7047     		bx	lr
 2902              		.cfi_endproc
 2903              	.LFE162:
 2905              		.section	.text.USB_DevConnect,"ax",%progbits
 2906              		.align	1
 2907              		.global	USB_DevConnect
ARM GAS  /tmp/ccyYvSLN.s 			page 94


 2908              		.syntax unified
 2909              		.thumb
 2910              		.thumb_func
 2912              	USB_DevConnect:
 2913              	.LVL209:
 2914              	.LFB163:
1220:Drivers/STM32F7xx_HAL_Driver/Src/stm32f7xx_ll_usb.c ****   uint32_t USBx_BASE = (uint32_t)USBx;
 2915              		.loc 1 1220 1 is_stmt 1 view -0
 2916              		.cfi_startproc
 2917              		@ args = 0, pretend = 0, frame = 0
 2918              		@ frame_needed = 0, uses_anonymous_args = 0
 2919              		@ link register save eliminated.
1221:Drivers/STM32F7xx_HAL_Driver/Src/stm32f7xx_ll_usb.c **** 
 2920              		.loc 1 1221 3 view .LVU1000
1224:Drivers/STM32F7xx_HAL_Driver/Src/stm32f7xx_ll_usb.c **** 
 2921              		.loc 1 1224 3 view .LVU1001
 2922 0000 D0F8003E 		ldr	r3, [r0, #3584]
1224:Drivers/STM32F7xx_HAL_Driver/Src/stm32f7xx_ll_usb.c **** 
 2923              		.loc 1 1224 16 is_stmt 0 view .LVU1002
 2924 0004 23F00303 		bic	r3, r3, #3
 2925 0008 C0F8003E 		str	r3, [r0, #3584]
1226:Drivers/STM32F7xx_HAL_Driver/Src/stm32f7xx_ll_usb.c **** 
 2926              		.loc 1 1226 3 is_stmt 1 view .LVU1003
1226:Drivers/STM32F7xx_HAL_Driver/Src/stm32f7xx_ll_usb.c **** 
 2927              		.loc 1 1226 14 is_stmt 0 view .LVU1004
 2928 000c D0F80438 		ldr	r3, [r0, #2052]
1226:Drivers/STM32F7xx_HAL_Driver/Src/stm32f7xx_ll_usb.c **** 
 2929              		.loc 1 1226 21 view .LVU1005
 2930 0010 23F00203 		bic	r3, r3, #2
 2931 0014 C0F80438 		str	r3, [r0, #2052]
1228:Drivers/STM32F7xx_HAL_Driver/Src/stm32f7xx_ll_usb.c **** }
 2932              		.loc 1 1228 3 is_stmt 1 view .LVU1006
1229:Drivers/STM32F7xx_HAL_Driver/Src/stm32f7xx_ll_usb.c **** 
 2933              		.loc 1 1229 1 is_stmt 0 view .LVU1007
 2934 0018 0020     		movs	r0, #0
 2935              	.LVL210:
1229:Drivers/STM32F7xx_HAL_Driver/Src/stm32f7xx_ll_usb.c **** 
 2936              		.loc 1 1229 1 view .LVU1008
 2937 001a 7047     		bx	lr
 2938              		.cfi_endproc
 2939              	.LFE163:
 2941              		.section	.text.USB_DevDisconnect,"ax",%progbits
 2942              		.align	1
 2943              		.global	USB_DevDisconnect
 2944              		.syntax unified
 2945              		.thumb
 2946              		.thumb_func
 2948              	USB_DevDisconnect:
 2949              	.LVL211:
 2950              	.LFB164:
1237:Drivers/STM32F7xx_HAL_Driver/Src/stm32f7xx_ll_usb.c ****   uint32_t USBx_BASE = (uint32_t)USBx;
 2951              		.loc 1 1237 1 is_stmt 1 view -0
 2952              		.cfi_startproc
 2953              		@ args = 0, pretend = 0, frame = 0
 2954              		@ frame_needed = 0, uses_anonymous_args = 0
 2955              		@ link register save eliminated.
1238:Drivers/STM32F7xx_HAL_Driver/Src/stm32f7xx_ll_usb.c **** 
ARM GAS  /tmp/ccyYvSLN.s 			page 95


 2956              		.loc 1 1238 3 view .LVU1010
1241:Drivers/STM32F7xx_HAL_Driver/Src/stm32f7xx_ll_usb.c **** 
 2957              		.loc 1 1241 3 view .LVU1011
 2958 0000 D0F8003E 		ldr	r3, [r0, #3584]
1241:Drivers/STM32F7xx_HAL_Driver/Src/stm32f7xx_ll_usb.c **** 
 2959              		.loc 1 1241 16 is_stmt 0 view .LVU1012
 2960 0004 23F00303 		bic	r3, r3, #3
 2961 0008 C0F8003E 		str	r3, [r0, #3584]
1243:Drivers/STM32F7xx_HAL_Driver/Src/stm32f7xx_ll_usb.c **** 
 2962              		.loc 1 1243 3 is_stmt 1 view .LVU1013
1243:Drivers/STM32F7xx_HAL_Driver/Src/stm32f7xx_ll_usb.c **** 
 2963              		.loc 1 1243 14 is_stmt 0 view .LVU1014
 2964 000c D0F80438 		ldr	r3, [r0, #2052]
1243:Drivers/STM32F7xx_HAL_Driver/Src/stm32f7xx_ll_usb.c **** 
 2965              		.loc 1 1243 21 view .LVU1015
 2966 0010 43F00203 		orr	r3, r3, #2
 2967 0014 C0F80438 		str	r3, [r0, #2052]
1245:Drivers/STM32F7xx_HAL_Driver/Src/stm32f7xx_ll_usb.c **** }
 2968              		.loc 1 1245 3 is_stmt 1 view .LVU1016
1246:Drivers/STM32F7xx_HAL_Driver/Src/stm32f7xx_ll_usb.c **** 
 2969              		.loc 1 1246 1 is_stmt 0 view .LVU1017
 2970 0018 0020     		movs	r0, #0
 2971              	.LVL212:
1246:Drivers/STM32F7xx_HAL_Driver/Src/stm32f7xx_ll_usb.c **** 
 2972              		.loc 1 1246 1 view .LVU1018
 2973 001a 7047     		bx	lr
 2974              		.cfi_endproc
 2975              	.LFE164:
 2977              		.section	.text.USB_ReadInterrupts,"ax",%progbits
 2978              		.align	1
 2979              		.global	USB_ReadInterrupts
 2980              		.syntax unified
 2981              		.thumb
 2982              		.thumb_func
 2984              	USB_ReadInterrupts:
 2985              	.LVL213:
 2986              	.LFB165:
1254:Drivers/STM32F7xx_HAL_Driver/Src/stm32f7xx_ll_usb.c ****   uint32_t tmpreg;
 2987              		.loc 1 1254 1 is_stmt 1 view -0
 2988              		.cfi_startproc
 2989              		@ args = 0, pretend = 0, frame = 0
 2990              		@ frame_needed = 0, uses_anonymous_args = 0
 2991              		@ link register save eliminated.
1255:Drivers/STM32F7xx_HAL_Driver/Src/stm32f7xx_ll_usb.c **** 
 2992              		.loc 1 1255 3 view .LVU1020
1257:Drivers/STM32F7xx_HAL_Driver/Src/stm32f7xx_ll_usb.c ****   tmpreg &= USBx->GINTMSK;
 2993              		.loc 1 1257 3 view .LVU1021
1257:Drivers/STM32F7xx_HAL_Driver/Src/stm32f7xx_ll_usb.c ****   tmpreg &= USBx->GINTMSK;
 2994              		.loc 1 1257 10 is_stmt 0 view .LVU1022
 2995 0000 4269     		ldr	r2, [r0, #20]
 2996              	.LVL214:
1258:Drivers/STM32F7xx_HAL_Driver/Src/stm32f7xx_ll_usb.c **** 
 2997              		.loc 1 1258 3 is_stmt 1 view .LVU1023
1258:Drivers/STM32F7xx_HAL_Driver/Src/stm32f7xx_ll_usb.c **** 
 2998              		.loc 1 1258 17 is_stmt 0 view .LVU1024
 2999 0002 8069     		ldr	r0, [r0, #24]
 3000              	.LVL215:
ARM GAS  /tmp/ccyYvSLN.s 			page 96


1260:Drivers/STM32F7xx_HAL_Driver/Src/stm32f7xx_ll_usb.c **** }
 3001              		.loc 1 1260 3 is_stmt 1 view .LVU1025
1261:Drivers/STM32F7xx_HAL_Driver/Src/stm32f7xx_ll_usb.c **** 
 3002              		.loc 1 1261 1 is_stmt 0 view .LVU1026
 3003 0004 1040     		ands	r0, r0, r2
 3004              	.LVL216:
1261:Drivers/STM32F7xx_HAL_Driver/Src/stm32f7xx_ll_usb.c **** 
 3005              		.loc 1 1261 1 view .LVU1027
 3006 0006 7047     		bx	lr
 3007              		.cfi_endproc
 3008              	.LFE165:
 3010              		.section	.text.USB_ReadChInterrupts,"ax",%progbits
 3011              		.align	1
 3012              		.global	USB_ReadChInterrupts
 3013              		.syntax unified
 3014              		.thumb
 3015              		.thumb_func
 3017              	USB_ReadChInterrupts:
 3018              	.LVL217:
 3019              	.LFB166:
1270:Drivers/STM32F7xx_HAL_Driver/Src/stm32f7xx_ll_usb.c ****   uint32_t USBx_BASE = (uint32_t)USBx;
 3020              		.loc 1 1270 1 is_stmt 1 view -0
 3021              		.cfi_startproc
 3022              		@ args = 0, pretend = 0, frame = 0
 3023              		@ frame_needed = 0, uses_anonymous_args = 0
 3024              		@ link register save eliminated.
1271:Drivers/STM32F7xx_HAL_Driver/Src/stm32f7xx_ll_usb.c ****   uint32_t tmpreg;
 3025              		.loc 1 1271 3 view .LVU1029
1272:Drivers/STM32F7xx_HAL_Driver/Src/stm32f7xx_ll_usb.c **** 
 3026              		.loc 1 1272 3 view .LVU1030
1274:Drivers/STM32F7xx_HAL_Driver/Src/stm32f7xx_ll_usb.c ****   tmpreg &= USBx_HC(chnum)->HCINTMSK;
 3027              		.loc 1 1274 3 view .LVU1031
1274:Drivers/STM32F7xx_HAL_Driver/Src/stm32f7xx_ll_usb.c ****   tmpreg &= USBx_HC(chnum)->HCINTMSK;
 3028              		.loc 1 1274 12 is_stmt 0 view .LVU1032
 3029 0000 00EB4110 		add	r0, r0, r1, lsl #5
 3030              	.LVL218:
1274:Drivers/STM32F7xx_HAL_Driver/Src/stm32f7xx_ll_usb.c ****   tmpreg &= USBx_HC(chnum)->HCINTMSK;
 3031              		.loc 1 1274 12 view .LVU1033
 3032 0004 00F5A063 		add	r3, r0, #1280
1274:Drivers/STM32F7xx_HAL_Driver/Src/stm32f7xx_ll_usb.c ****   tmpreg &= USBx_HC(chnum)->HCINTMSK;
 3033              		.loc 1 1274 10 view .LVU1034
 3034 0008 D0F80805 		ldr	r0, [r0, #1288]
 3035              	.LVL219:
1275:Drivers/STM32F7xx_HAL_Driver/Src/stm32f7xx_ll_usb.c **** 
 3036              		.loc 1 1275 3 is_stmt 1 view .LVU1035
1275:Drivers/STM32F7xx_HAL_Driver/Src/stm32f7xx_ll_usb.c **** 
 3037              		.loc 1 1275 27 is_stmt 0 view .LVU1036
 3038 000c DB68     		ldr	r3, [r3, #12]
 3039              	.LVL220:
1277:Drivers/STM32F7xx_HAL_Driver/Src/stm32f7xx_ll_usb.c **** }
 3040              		.loc 1 1277 3 is_stmt 1 view .LVU1037
1278:Drivers/STM32F7xx_HAL_Driver/Src/stm32f7xx_ll_usb.c **** 
 3041              		.loc 1 1278 1 is_stmt 0 view .LVU1038
 3042 000e 1840     		ands	r0, r0, r3
 3043              	.LVL221:
1278:Drivers/STM32F7xx_HAL_Driver/Src/stm32f7xx_ll_usb.c **** 
 3044              		.loc 1 1278 1 view .LVU1039
ARM GAS  /tmp/ccyYvSLN.s 			page 97


 3045 0010 7047     		bx	lr
 3046              		.cfi_endproc
 3047              	.LFE166:
 3049              		.section	.text.USB_ReadDevAllOutEpInterrupt,"ax",%progbits
 3050              		.align	1
 3051              		.global	USB_ReadDevAllOutEpInterrupt
 3052              		.syntax unified
 3053              		.thumb
 3054              		.thumb_func
 3056              	USB_ReadDevAllOutEpInterrupt:
 3057              	.LVL222:
 3058              	.LFB167:
1286:Drivers/STM32F7xx_HAL_Driver/Src/stm32f7xx_ll_usb.c ****   uint32_t USBx_BASE = (uint32_t)USBx;
 3059              		.loc 1 1286 1 is_stmt 1 view -0
 3060              		.cfi_startproc
 3061              		@ args = 0, pretend = 0, frame = 0
 3062              		@ frame_needed = 0, uses_anonymous_args = 0
 3063              		@ link register save eliminated.
1287:Drivers/STM32F7xx_HAL_Driver/Src/stm32f7xx_ll_usb.c ****   uint32_t tmpreg;
 3064              		.loc 1 1287 3 view .LVU1041
1288:Drivers/STM32F7xx_HAL_Driver/Src/stm32f7xx_ll_usb.c **** 
 3065              		.loc 1 1288 3 view .LVU1042
1290:Drivers/STM32F7xx_HAL_Driver/Src/stm32f7xx_ll_usb.c ****   tmpreg &= USBx_DEVICE->DAINTMSK;
 3066              		.loc 1 1290 3 view .LVU1043
1290:Drivers/STM32F7xx_HAL_Driver/Src/stm32f7xx_ll_usb.c ****   tmpreg &= USBx_DEVICE->DAINTMSK;
 3067              		.loc 1 1290 11 is_stmt 0 view .LVU1044
 3068 0000 D0F81838 		ldr	r3, [r0, #2072]
1290:Drivers/STM32F7xx_HAL_Driver/Src/stm32f7xx_ll_usb.c ****   tmpreg &= USBx_DEVICE->DAINTMSK;
 3069              		.loc 1 1290 13 view .LVU1045
 3070 0004 00F50060 		add	r0, r0, #2048
 3071              	.LVL223:
1291:Drivers/STM32F7xx_HAL_Driver/Src/stm32f7xx_ll_usb.c **** 
 3072              		.loc 1 1291 3 is_stmt 1 view .LVU1046
1291:Drivers/STM32F7xx_HAL_Driver/Src/stm32f7xx_ll_usb.c **** 
 3073              		.loc 1 1291 24 is_stmt 0 view .LVU1047
 3074 0008 C069     		ldr	r0, [r0, #28]
 3075              	.LVL224:
1291:Drivers/STM32F7xx_HAL_Driver/Src/stm32f7xx_ll_usb.c **** 
 3076              		.loc 1 1291 10 view .LVU1048
 3077 000a 1840     		ands	r0, r0, r3
 3078              	.LVL225:
1293:Drivers/STM32F7xx_HAL_Driver/Src/stm32f7xx_ll_usb.c **** }
 3079              		.loc 1 1293 3 is_stmt 1 view .LVU1049
1294:Drivers/STM32F7xx_HAL_Driver/Src/stm32f7xx_ll_usb.c **** 
 3080              		.loc 1 1294 1 is_stmt 0 view .LVU1050
 3081 000c 000C     		lsrs	r0, r0, #16
 3082              	.LVL226:
1294:Drivers/STM32F7xx_HAL_Driver/Src/stm32f7xx_ll_usb.c **** 
 3083              		.loc 1 1294 1 view .LVU1051
 3084 000e 7047     		bx	lr
 3085              		.cfi_endproc
 3086              	.LFE167:
 3088              		.section	.text.USB_ReadDevAllInEpInterrupt,"ax",%progbits
 3089              		.align	1
 3090              		.global	USB_ReadDevAllInEpInterrupt
 3091              		.syntax unified
 3092              		.thumb
ARM GAS  /tmp/ccyYvSLN.s 			page 98


 3093              		.thumb_func
 3095              	USB_ReadDevAllInEpInterrupt:
 3096              	.LVL227:
 3097              	.LFB168:
1302:Drivers/STM32F7xx_HAL_Driver/Src/stm32f7xx_ll_usb.c ****   uint32_t USBx_BASE = (uint32_t)USBx;
 3098              		.loc 1 1302 1 is_stmt 1 view -0
 3099              		.cfi_startproc
 3100              		@ args = 0, pretend = 0, frame = 0
 3101              		@ frame_needed = 0, uses_anonymous_args = 0
 3102              		@ link register save eliminated.
1303:Drivers/STM32F7xx_HAL_Driver/Src/stm32f7xx_ll_usb.c ****   uint32_t tmpreg;
 3103              		.loc 1 1303 3 view .LVU1053
1304:Drivers/STM32F7xx_HAL_Driver/Src/stm32f7xx_ll_usb.c **** 
 3104              		.loc 1 1304 3 view .LVU1054
1306:Drivers/STM32F7xx_HAL_Driver/Src/stm32f7xx_ll_usb.c ****   tmpreg &= USBx_DEVICE->DAINTMSK;
 3105              		.loc 1 1306 3 view .LVU1055
1306:Drivers/STM32F7xx_HAL_Driver/Src/stm32f7xx_ll_usb.c ****   tmpreg &= USBx_DEVICE->DAINTMSK;
 3106              		.loc 1 1306 11 is_stmt 0 view .LVU1056
 3107 0000 D0F81838 		ldr	r3, [r0, #2072]
1306:Drivers/STM32F7xx_HAL_Driver/Src/stm32f7xx_ll_usb.c ****   tmpreg &= USBx_DEVICE->DAINTMSK;
 3108              		.loc 1 1306 13 view .LVU1057
 3109 0004 00F50060 		add	r0, r0, #2048
 3110              	.LVL228:
1307:Drivers/STM32F7xx_HAL_Driver/Src/stm32f7xx_ll_usb.c **** 
 3111              		.loc 1 1307 3 is_stmt 1 view .LVU1058
1307:Drivers/STM32F7xx_HAL_Driver/Src/stm32f7xx_ll_usb.c **** 
 3112              		.loc 1 1307 24 is_stmt 0 view .LVU1059
 3113 0008 C069     		ldr	r0, [r0, #28]
 3114              	.LVL229:
1307:Drivers/STM32F7xx_HAL_Driver/Src/stm32f7xx_ll_usb.c **** 
 3115              		.loc 1 1307 10 view .LVU1060
 3116 000a 1840     		ands	r0, r0, r3
 3117              	.LVL230:
1309:Drivers/STM32F7xx_HAL_Driver/Src/stm32f7xx_ll_usb.c **** }
 3118              		.loc 1 1309 3 is_stmt 1 view .LVU1061
1310:Drivers/STM32F7xx_HAL_Driver/Src/stm32f7xx_ll_usb.c **** 
 3119              		.loc 1 1310 1 is_stmt 0 view .LVU1062
 3120 000c 80B2     		uxth	r0, r0
 3121              	.LVL231:
1310:Drivers/STM32F7xx_HAL_Driver/Src/stm32f7xx_ll_usb.c **** 
 3122              		.loc 1 1310 1 view .LVU1063
 3123 000e 7047     		bx	lr
 3124              		.cfi_endproc
 3125              	.LFE168:
 3127              		.section	.text.USB_ReadDevOutEPInterrupt,"ax",%progbits
 3128              		.align	1
 3129              		.global	USB_ReadDevOutEPInterrupt
 3130              		.syntax unified
 3131              		.thumb
 3132              		.thumb_func
 3134              	USB_ReadDevOutEPInterrupt:
 3135              	.LVL232:
 3136              	.LFB169:
1320:Drivers/STM32F7xx_HAL_Driver/Src/stm32f7xx_ll_usb.c ****   uint32_t USBx_BASE = (uint32_t)USBx;
 3137              		.loc 1 1320 1 is_stmt 1 view -0
 3138              		.cfi_startproc
 3139              		@ args = 0, pretend = 0, frame = 0
ARM GAS  /tmp/ccyYvSLN.s 			page 99


 3140              		@ frame_needed = 0, uses_anonymous_args = 0
 3141              		@ link register save eliminated.
1321:Drivers/STM32F7xx_HAL_Driver/Src/stm32f7xx_ll_usb.c ****   uint32_t tmpreg;
 3142              		.loc 1 1321 3 view .LVU1065
1322:Drivers/STM32F7xx_HAL_Driver/Src/stm32f7xx_ll_usb.c **** 
 3143              		.loc 1 1322 3 view .LVU1066
1324:Drivers/STM32F7xx_HAL_Driver/Src/stm32f7xx_ll_usb.c ****   tmpreg &= USBx_DEVICE->DOEPMSK;
 3144              		.loc 1 1324 3 view .LVU1067
1324:Drivers/STM32F7xx_HAL_Driver/Src/stm32f7xx_ll_usb.c ****   tmpreg &= USBx_DEVICE->DOEPMSK;
 3145              		.loc 1 1324 13 is_stmt 0 view .LVU1068
 3146 0000 00EB4111 		add	r1, r0, r1, lsl #5
 3147              	.LVL233:
1324:Drivers/STM32F7xx_HAL_Driver/Src/stm32f7xx_ll_usb.c ****   tmpreg &= USBx_DEVICE->DOEPMSK;
 3148              		.loc 1 1324 11 view .LVU1069
 3149 0004 D1F8082B 		ldr	r2, [r1, #2824]
 3150              	.LVL234:
1325:Drivers/STM32F7xx_HAL_Driver/Src/stm32f7xx_ll_usb.c **** 
 3151              		.loc 1 1325 3 is_stmt 1 view .LVU1070
1325:Drivers/STM32F7xx_HAL_Driver/Src/stm32f7xx_ll_usb.c **** 
 3152              		.loc 1 1325 13 is_stmt 0 view .LVU1071
 3153 0008 00F50060 		add	r0, r0, #2048
 3154              	.LVL235:
1325:Drivers/STM32F7xx_HAL_Driver/Src/stm32f7xx_ll_usb.c **** 
 3155              		.loc 1 1325 24 view .LVU1072
 3156 000c 4069     		ldr	r0, [r0, #20]
 3157              	.LVL236:
1327:Drivers/STM32F7xx_HAL_Driver/Src/stm32f7xx_ll_usb.c **** }
 3158              		.loc 1 1327 3 is_stmt 1 view .LVU1073
1328:Drivers/STM32F7xx_HAL_Driver/Src/stm32f7xx_ll_usb.c **** 
 3159              		.loc 1 1328 1 is_stmt 0 view .LVU1074
 3160 000e 1040     		ands	r0, r0, r2
 3161              	.LVL237:
1328:Drivers/STM32F7xx_HAL_Driver/Src/stm32f7xx_ll_usb.c **** 
 3162              		.loc 1 1328 1 view .LVU1075
 3163 0010 7047     		bx	lr
 3164              		.cfi_endproc
 3165              	.LFE169:
 3167              		.section	.text.USB_ReadDevInEPInterrupt,"ax",%progbits
 3168              		.align	1
 3169              		.global	USB_ReadDevInEPInterrupt
 3170              		.syntax unified
 3171              		.thumb
 3172              		.thumb_func
 3174              	USB_ReadDevInEPInterrupt:
 3175              	.LVL238:
 3176              	.LFB170:
1338:Drivers/STM32F7xx_HAL_Driver/Src/stm32f7xx_ll_usb.c ****   uint32_t USBx_BASE = (uint32_t)USBx;
 3177              		.loc 1 1338 1 is_stmt 1 view -0
 3178              		.cfi_startproc
 3179              		@ args = 0, pretend = 0, frame = 0
 3180              		@ frame_needed = 0, uses_anonymous_args = 0
 3181              		@ link register save eliminated.
1339:Drivers/STM32F7xx_HAL_Driver/Src/stm32f7xx_ll_usb.c ****   uint32_t tmpreg;
 3182              		.loc 1 1339 3 view .LVU1077
1340:Drivers/STM32F7xx_HAL_Driver/Src/stm32f7xx_ll_usb.c ****   uint32_t msk;
 3183              		.loc 1 1340 3 view .LVU1078
1341:Drivers/STM32F7xx_HAL_Driver/Src/stm32f7xx_ll_usb.c ****   uint32_t emp;
ARM GAS  /tmp/ccyYvSLN.s 			page 100


 3184              		.loc 1 1341 3 view .LVU1079
1342:Drivers/STM32F7xx_HAL_Driver/Src/stm32f7xx_ll_usb.c **** 
 3185              		.loc 1 1342 3 view .LVU1080
1344:Drivers/STM32F7xx_HAL_Driver/Src/stm32f7xx_ll_usb.c ****   emp = USBx_DEVICE->DIEPEMPMSK;
 3186              		.loc 1 1344 3 view .LVU1081
1344:Drivers/STM32F7xx_HAL_Driver/Src/stm32f7xx_ll_usb.c ****   emp = USBx_DEVICE->DIEPEMPMSK;
 3187              		.loc 1 1344 7 is_stmt 0 view .LVU1082
 3188 0000 D0F81028 		ldr	r2, [r0, #2064]
 3189              	.LVL239:
1345:Drivers/STM32F7xx_HAL_Driver/Src/stm32f7xx_ll_usb.c ****   msk |= ((emp >> (epnum & EP_ADDR_MSK)) & 0x1U) << 7;
 3190              		.loc 1 1345 3 is_stmt 1 view .LVU1083
1345:Drivers/STM32F7xx_HAL_Driver/Src/stm32f7xx_ll_usb.c ****   msk |= ((emp >> (epnum & EP_ADDR_MSK)) & 0x1U) << 7;
 3191              		.loc 1 1345 7 is_stmt 0 view .LVU1084
 3192 0004 D0F83438 		ldr	r3, [r0, #2100]
 3193              	.LVL240:
1346:Drivers/STM32F7xx_HAL_Driver/Src/stm32f7xx_ll_usb.c ****   tmpreg = USBx_INEP((uint32_t)epnum)->DIEPINT & msk;
 3194              		.loc 1 1346 3 is_stmt 1 view .LVU1085
1346:Drivers/STM32F7xx_HAL_Driver/Src/stm32f7xx_ll_usb.c ****   tmpreg = USBx_INEP((uint32_t)epnum)->DIEPINT & msk;
 3195              		.loc 1 1346 26 is_stmt 0 view .LVU1086
 3196 0008 01F00F0C 		and	ip, r1, #15
1346:Drivers/STM32F7xx_HAL_Driver/Src/stm32f7xx_ll_usb.c ****   tmpreg = USBx_INEP((uint32_t)epnum)->DIEPINT & msk;
 3197              		.loc 1 1346 16 view .LVU1087
 3198 000c 23FA0CF3 		lsr	r3, r3, ip
 3199              	.LVL241:
1346:Drivers/STM32F7xx_HAL_Driver/Src/stm32f7xx_ll_usb.c ****   tmpreg = USBx_INEP((uint32_t)epnum)->DIEPINT & msk;
 3200              		.loc 1 1346 50 view .LVU1088
 3201 0010 DB01     		lsls	r3, r3, #7
 3202 0012 DBB2     		uxtb	r3, r3
1346:Drivers/STM32F7xx_HAL_Driver/Src/stm32f7xx_ll_usb.c ****   tmpreg = USBx_INEP((uint32_t)epnum)->DIEPINT & msk;
 3203              		.loc 1 1346 7 view .LVU1089
 3204 0014 1343     		orrs	r3, r3, r2
 3205              	.LVL242:
1347:Drivers/STM32F7xx_HAL_Driver/Src/stm32f7xx_ll_usb.c **** 
 3206              		.loc 1 1347 3 is_stmt 1 view .LVU1090
1347:Drivers/STM32F7xx_HAL_Driver/Src/stm32f7xx_ll_usb.c **** 
 3207              		.loc 1 1347 12 is_stmt 0 view .LVU1091
 3208 0016 00EB4110 		add	r0, r0, r1, lsl #5
 3209              	.LVL243:
1347:Drivers/STM32F7xx_HAL_Driver/Src/stm32f7xx_ll_usb.c **** 
 3210              		.loc 1 1347 12 view .LVU1092
 3211 001a 00F51060 		add	r0, r0, #2304
1347:Drivers/STM32F7xx_HAL_Driver/Src/stm32f7xx_ll_usb.c **** 
 3212              		.loc 1 1347 38 view .LVU1093
 3213 001e 8068     		ldr	r0, [r0, #8]
 3214              	.LVL244:
1349:Drivers/STM32F7xx_HAL_Driver/Src/stm32f7xx_ll_usb.c **** }
 3215              		.loc 1 1349 3 is_stmt 1 view .LVU1094
1350:Drivers/STM32F7xx_HAL_Driver/Src/stm32f7xx_ll_usb.c **** 
 3216              		.loc 1 1350 1 is_stmt 0 view .LVU1095
 3217 0020 1840     		ands	r0, r0, r3
 3218              	.LVL245:
1350:Drivers/STM32F7xx_HAL_Driver/Src/stm32f7xx_ll_usb.c **** 
 3219              		.loc 1 1350 1 view .LVU1096
 3220 0022 7047     		bx	lr
 3221              		.cfi_endproc
 3222              	.LFE170:
 3224              		.section	.text.USB_ClearInterrupts,"ax",%progbits
ARM GAS  /tmp/ccyYvSLN.s 			page 101


 3225              		.align	1
 3226              		.global	USB_ClearInterrupts
 3227              		.syntax unified
 3228              		.thumb
 3229              		.thumb_func
 3231              	USB_ClearInterrupts:
 3232              	.LVL246:
 3233              	.LFB171:
1359:Drivers/STM32F7xx_HAL_Driver/Src/stm32f7xx_ll_usb.c ****   USBx->GINTSTS &= interrupt;
 3234              		.loc 1 1359 1 is_stmt 1 view -0
 3235              		.cfi_startproc
 3236              		@ args = 0, pretend = 0, frame = 0
 3237              		@ frame_needed = 0, uses_anonymous_args = 0
 3238              		@ link register save eliminated.
1360:Drivers/STM32F7xx_HAL_Driver/Src/stm32f7xx_ll_usb.c **** }
 3239              		.loc 1 1360 3 view .LVU1098
1360:Drivers/STM32F7xx_HAL_Driver/Src/stm32f7xx_ll_usb.c **** }
 3240              		.loc 1 1360 7 is_stmt 0 view .LVU1099
 3241 0000 4369     		ldr	r3, [r0, #20]
1360:Drivers/STM32F7xx_HAL_Driver/Src/stm32f7xx_ll_usb.c **** }
 3242              		.loc 1 1360 17 view .LVU1100
 3243 0002 0B40     		ands	r3, r3, r1
 3244 0004 4361     		str	r3, [r0, #20]
1361:Drivers/STM32F7xx_HAL_Driver/Src/stm32f7xx_ll_usb.c **** 
 3245              		.loc 1 1361 1 view .LVU1101
 3246 0006 7047     		bx	lr
 3247              		.cfi_endproc
 3248              	.LFE171:
 3250              		.section	.text.USB_GetMode,"ax",%progbits
 3251              		.align	1
 3252              		.global	USB_GetMode
 3253              		.syntax unified
 3254              		.thumb
 3255              		.thumb_func
 3257              	USB_GetMode:
 3258              	.LVL247:
 3259              	.LFB172:
1372:Drivers/STM32F7xx_HAL_Driver/Src/stm32f7xx_ll_usb.c ****   return ((USBx->GINTSTS) & 0x1U);
 3260              		.loc 1 1372 1 is_stmt 1 view -0
 3261              		.cfi_startproc
 3262              		@ args = 0, pretend = 0, frame = 0
 3263              		@ frame_needed = 0, uses_anonymous_args = 0
 3264              		@ link register save eliminated.
1373:Drivers/STM32F7xx_HAL_Driver/Src/stm32f7xx_ll_usb.c **** }
 3265              		.loc 1 1373 3 view .LVU1103
1373:Drivers/STM32F7xx_HAL_Driver/Src/stm32f7xx_ll_usb.c **** }
 3266              		.loc 1 1373 16 is_stmt 0 view .LVU1104
 3267 0000 4069     		ldr	r0, [r0, #20]
 3268              	.LVL248:
1374:Drivers/STM32F7xx_HAL_Driver/Src/stm32f7xx_ll_usb.c **** 
 3269              		.loc 1 1374 1 view .LVU1105
 3270 0002 00F00100 		and	r0, r0, #1
 3271 0006 7047     		bx	lr
 3272              		.cfi_endproc
 3273              	.LFE172:
 3275              		.section	.text.USB_SetCurrentMode,"ax",%progbits
 3276              		.align	1
ARM GAS  /tmp/ccyYvSLN.s 			page 102


 3277              		.global	USB_SetCurrentMode
 3278              		.syntax unified
 3279              		.thumb
 3280              		.thumb_func
 3282              	USB_SetCurrentMode:
 3283              	.LVL249:
 3284              	.LFB145:
 288:Drivers/STM32F7xx_HAL_Driver/Src/stm32f7xx_ll_usb.c ****   uint32_t ms = 0U;
 3285              		.loc 1 288 1 is_stmt 1 view -0
 3286              		.cfi_startproc
 3287              		@ args = 0, pretend = 0, frame = 0
 3288              		@ frame_needed = 0, uses_anonymous_args = 0
 288:Drivers/STM32F7xx_HAL_Driver/Src/stm32f7xx_ll_usb.c ****   uint32_t ms = 0U;
 3289              		.loc 1 288 1 is_stmt 0 view .LVU1107
 3290 0000 38B5     		push	{r3, r4, r5, lr}
 3291              	.LCFI38:
 3292              		.cfi_def_cfa_offset 16
 3293              		.cfi_offset 3, -16
 3294              		.cfi_offset 4, -12
 3295              		.cfi_offset 5, -8
 3296              		.cfi_offset 14, -4
 3297 0002 0546     		mov	r5, r0
 289:Drivers/STM32F7xx_HAL_Driver/Src/stm32f7xx_ll_usb.c **** 
 3298              		.loc 1 289 3 is_stmt 1 view .LVU1108
 3299              	.LVL250:
 291:Drivers/STM32F7xx_HAL_Driver/Src/stm32f7xx_ll_usb.c **** 
 3300              		.loc 1 291 3 view .LVU1109
 291:Drivers/STM32F7xx_HAL_Driver/Src/stm32f7xx_ll_usb.c **** 
 3301              		.loc 1 291 7 is_stmt 0 view .LVU1110
 3302 0004 C368     		ldr	r3, [r0, #12]
 291:Drivers/STM32F7xx_HAL_Driver/Src/stm32f7xx_ll_usb.c **** 
 3303              		.loc 1 291 17 view .LVU1111
 3304 0006 23F0C043 		bic	r3, r3, #1610612736
 3305 000a C360     		str	r3, [r0, #12]
 293:Drivers/STM32F7xx_HAL_Driver/Src/stm32f7xx_ll_usb.c ****   {
 3306              		.loc 1 293 3 is_stmt 1 view .LVU1112
 293:Drivers/STM32F7xx_HAL_Driver/Src/stm32f7xx_ll_usb.c ****   {
 3307              		.loc 1 293 6 is_stmt 0 view .LVU1113
 3308 000c 0129     		cmp	r1, #1
 3309 000e 13D0     		beq	.L216
 303:Drivers/STM32F7xx_HAL_Driver/Src/stm32f7xx_ll_usb.c ****   {
 3310              		.loc 1 303 8 is_stmt 1 view .LVU1114
 303:Drivers/STM32F7xx_HAL_Driver/Src/stm32f7xx_ll_usb.c ****   {
 3311              		.loc 1 303 11 is_stmt 0 view .LVU1115
 3312 0010 19BB     		cbnz	r1, .L213
 305:Drivers/STM32F7xx_HAL_Driver/Src/stm32f7xx_ll_usb.c **** 
 3313              		.loc 1 305 5 is_stmt 1 view .LVU1116
 305:Drivers/STM32F7xx_HAL_Driver/Src/stm32f7xx_ll_usb.c **** 
 3314              		.loc 1 305 9 is_stmt 0 view .LVU1117
 3315 0012 C368     		ldr	r3, [r0, #12]
 305:Drivers/STM32F7xx_HAL_Driver/Src/stm32f7xx_ll_usb.c **** 
 3316              		.loc 1 305 19 view .LVU1118
 3317 0014 43F08043 		orr	r3, r3, #1073741824
 3318 0018 C360     		str	r3, [r0, #12]
 289:Drivers/STM32F7xx_HAL_Driver/Src/stm32f7xx_ll_usb.c **** 
 3319              		.loc 1 289 12 view .LVU1119
 3320 001a 0024     		movs	r4, #0
ARM GAS  /tmp/ccyYvSLN.s 			page 103


 3321              	.LVL251:
 3322              	.L212:
 307:Drivers/STM32F7xx_HAL_Driver/Src/stm32f7xx_ll_usb.c ****     {
 3323              		.loc 1 307 5 is_stmt 1 view .LVU1120
 309:Drivers/STM32F7xx_HAL_Driver/Src/stm32f7xx_ll_usb.c ****       ms += 10U;
 3324              		.loc 1 309 7 view .LVU1121
 3325 001c 0A20     		movs	r0, #10
 3326 001e FFF7FEFF 		bl	HAL_Delay
 3327              	.LVL252:
 310:Drivers/STM32F7xx_HAL_Driver/Src/stm32f7xx_ll_usb.c ****     } while ((USB_GetMode(USBx) != (uint32_t)USB_DEVICE_MODE) && (ms < HAL_USB_CURRENT_MODE_MAX_DEL
 3328              		.loc 1 310 7 view .LVU1122
 310:Drivers/STM32F7xx_HAL_Driver/Src/stm32f7xx_ll_usb.c ****     } while ((USB_GetMode(USBx) != (uint32_t)USB_DEVICE_MODE) && (ms < HAL_USB_CURRENT_MODE_MAX_DEL
 3329              		.loc 1 310 10 is_stmt 0 view .LVU1123
 3330 0022 0A34     		adds	r4, r4, #10
 3331              	.LVL253:
 311:Drivers/STM32F7xx_HAL_Driver/Src/stm32f7xx_ll_usb.c ****   }
 3332              		.loc 1 311 63 is_stmt 1 discriminator 2 view .LVU1124
 311:Drivers/STM32F7xx_HAL_Driver/Src/stm32f7xx_ll_usb.c ****   }
 3333              		.loc 1 311 15 is_stmt 0 discriminator 2 view .LVU1125
 3334 0024 2846     		mov	r0, r5
 3335 0026 FFF7FEFF 		bl	USB_GetMode
 3336              	.LVL254:
 311:Drivers/STM32F7xx_HAL_Driver/Src/stm32f7xx_ll_usb.c ****   }
 3337              		.loc 1 311 63 discriminator 2 view .LVU1126
 3338 002a 08B1     		cbz	r0, .L209
 311:Drivers/STM32F7xx_HAL_Driver/Src/stm32f7xx_ll_usb.c ****   }
 3339              		.loc 1 311 63 discriminator 1 view .LVU1127
 3340 002c C72C     		cmp	r4, #199
 3341 002e F5D9     		bls	.L212
 3342              	.L209:
 318:Drivers/STM32F7xx_HAL_Driver/Src/stm32f7xx_ll_usb.c ****   {
 3343              		.loc 1 318 3 is_stmt 1 view .LVU1128
 318:Drivers/STM32F7xx_HAL_Driver/Src/stm32f7xx_ll_usb.c ****   {
 3344              		.loc 1 318 6 is_stmt 0 view .LVU1129
 3345 0030 C82C     		cmp	r4, #200
 3346 0032 14D0     		beq	.L214
 323:Drivers/STM32F7xx_HAL_Driver/Src/stm32f7xx_ll_usb.c **** }
 3347              		.loc 1 323 10 view .LVU1130
 3348 0034 0020     		movs	r0, #0
 3349              	.LVL255:
 3350              	.L211:
 324:Drivers/STM32F7xx_HAL_Driver/Src/stm32f7xx_ll_usb.c **** 
 3351              		.loc 1 324 1 view .LVU1131
 3352 0036 38BD     		pop	{r3, r4, r5, pc}
 3353              	.LVL256:
 3354              	.L216:
 295:Drivers/STM32F7xx_HAL_Driver/Src/stm32f7xx_ll_usb.c **** 
 3355              		.loc 1 295 5 is_stmt 1 view .LVU1132
 295:Drivers/STM32F7xx_HAL_Driver/Src/stm32f7xx_ll_usb.c **** 
 3356              		.loc 1 295 9 is_stmt 0 view .LVU1133
 3357 0038 C368     		ldr	r3, [r0, #12]
 295:Drivers/STM32F7xx_HAL_Driver/Src/stm32f7xx_ll_usb.c **** 
 3358              		.loc 1 295 19 view .LVU1134
 3359 003a 43F00053 		orr	r3, r3, #536870912
 3360 003e C360     		str	r3, [r0, #12]
 289:Drivers/STM32F7xx_HAL_Driver/Src/stm32f7xx_ll_usb.c **** 
 3361              		.loc 1 289 12 view .LVU1135
ARM GAS  /tmp/ccyYvSLN.s 			page 104


 3362 0040 0024     		movs	r4, #0
 3363              	.LVL257:
 3364              	.L210:
 297:Drivers/STM32F7xx_HAL_Driver/Src/stm32f7xx_ll_usb.c ****     {
 3365              		.loc 1 297 5 is_stmt 1 view .LVU1136
 299:Drivers/STM32F7xx_HAL_Driver/Src/stm32f7xx_ll_usb.c ****       ms += 10U;
 3366              		.loc 1 299 7 view .LVU1137
 3367 0042 0A20     		movs	r0, #10
 3368 0044 FFF7FEFF 		bl	HAL_Delay
 3369              	.LVL258:
 300:Drivers/STM32F7xx_HAL_Driver/Src/stm32f7xx_ll_usb.c ****     } while ((USB_GetMode(USBx) != (uint32_t)USB_HOST_MODE) && (ms < HAL_USB_CURRENT_MODE_MAX_DELAY
 3370              		.loc 1 300 7 view .LVU1138
 300:Drivers/STM32F7xx_HAL_Driver/Src/stm32f7xx_ll_usb.c ****     } while ((USB_GetMode(USBx) != (uint32_t)USB_HOST_MODE) && (ms < HAL_USB_CURRENT_MODE_MAX_DELAY
 3371              		.loc 1 300 10 is_stmt 0 view .LVU1139
 3372 0048 0A34     		adds	r4, r4, #10
 3373              	.LVL259:
 301:Drivers/STM32F7xx_HAL_Driver/Src/stm32f7xx_ll_usb.c ****   }
 3374              		.loc 1 301 61 is_stmt 1 discriminator 2 view .LVU1140
 301:Drivers/STM32F7xx_HAL_Driver/Src/stm32f7xx_ll_usb.c ****   }
 3375              		.loc 1 301 15 is_stmt 0 discriminator 2 view .LVU1141
 3376 004a 2846     		mov	r0, r5
 3377 004c FFF7FEFF 		bl	USB_GetMode
 3378              	.LVL260:
 301:Drivers/STM32F7xx_HAL_Driver/Src/stm32f7xx_ll_usb.c ****   }
 3379              		.loc 1 301 61 discriminator 2 view .LVU1142
 3380 0050 0128     		cmp	r0, #1
 3381 0052 EDD0     		beq	.L209
 301:Drivers/STM32F7xx_HAL_Driver/Src/stm32f7xx_ll_usb.c ****   }
 3382              		.loc 1 301 61 discriminator 1 view .LVU1143
 3383 0054 C72C     		cmp	r4, #199
 3384 0056 F4D9     		bls	.L210
 3385 0058 EAE7     		b	.L209
 3386              	.LVL261:
 3387              	.L213:
 315:Drivers/STM32F7xx_HAL_Driver/Src/stm32f7xx_ll_usb.c ****   }
 3388              		.loc 1 315 12 view .LVU1144
 3389 005a 0120     		movs	r0, #1
 3390              	.LVL262:
 315:Drivers/STM32F7xx_HAL_Driver/Src/stm32f7xx_ll_usb.c ****   }
 3391              		.loc 1 315 12 view .LVU1145
 3392 005c EBE7     		b	.L211
 3393              	.LVL263:
 3394              	.L214:
 320:Drivers/STM32F7xx_HAL_Driver/Src/stm32f7xx_ll_usb.c ****   }
 3395              		.loc 1 320 12 view .LVU1146
 3396 005e 0120     		movs	r0, #1
 3397 0060 E9E7     		b	.L211
 3398              		.cfi_endproc
 3399              	.LFE145:
 3401              		.section	.text.USB_ActivateSetup,"ax",%progbits
 3402              		.align	1
 3403              		.global	USB_ActivateSetup
 3404              		.syntax unified
 3405              		.thumb
 3406              		.thumb_func
 3408              	USB_ActivateSetup:
 3409              	.LVL264:
ARM GAS  /tmp/ccyYvSLN.s 			page 105


 3410              	.LFB173:
1382:Drivers/STM32F7xx_HAL_Driver/Src/stm32f7xx_ll_usb.c ****   uint32_t USBx_BASE = (uint32_t)USBx;
 3411              		.loc 1 1382 1 is_stmt 1 view -0
 3412              		.cfi_startproc
 3413              		@ args = 0, pretend = 0, frame = 0
 3414              		@ frame_needed = 0, uses_anonymous_args = 0
 3415              		@ link register save eliminated.
1383:Drivers/STM32F7xx_HAL_Driver/Src/stm32f7xx_ll_usb.c **** 
 3416              		.loc 1 1383 3 view .LVU1148
1386:Drivers/STM32F7xx_HAL_Driver/Src/stm32f7xx_ll_usb.c **** 
 3417              		.loc 1 1386 3 view .LVU1149
1386:Drivers/STM32F7xx_HAL_Driver/Src/stm32f7xx_ll_usb.c **** 
 3418              		.loc 1 1386 16 is_stmt 0 view .LVU1150
 3419 0000 D0F80039 		ldr	r3, [r0, #2304]
1386:Drivers/STM32F7xx_HAL_Driver/Src/stm32f7xx_ll_usb.c **** 
 3420              		.loc 1 1386 26 view .LVU1151
 3421 0004 6FF30A03 		bfc	r3, #0, #11
 3422 0008 C0F80039 		str	r3, [r0, #2304]
1388:Drivers/STM32F7xx_HAL_Driver/Src/stm32f7xx_ll_usb.c **** 
 3423              		.loc 1 1388 3 is_stmt 1 view .LVU1152
1388:Drivers/STM32F7xx_HAL_Driver/Src/stm32f7xx_ll_usb.c **** 
 3424              		.loc 1 1388 14 is_stmt 0 view .LVU1153
 3425 000c D0F80438 		ldr	r3, [r0, #2052]
1388:Drivers/STM32F7xx_HAL_Driver/Src/stm32f7xx_ll_usb.c **** 
 3426              		.loc 1 1388 21 view .LVU1154
 3427 0010 43F48073 		orr	r3, r3, #256
 3428 0014 C0F80438 		str	r3, [r0, #2052]
1390:Drivers/STM32F7xx_HAL_Driver/Src/stm32f7xx_ll_usb.c **** }
 3429              		.loc 1 1390 3 is_stmt 1 view .LVU1155
1391:Drivers/STM32F7xx_HAL_Driver/Src/stm32f7xx_ll_usb.c **** 
 3430              		.loc 1 1391 1 is_stmt 0 view .LVU1156
 3431 0018 0020     		movs	r0, #0
 3432              	.LVL265:
1391:Drivers/STM32F7xx_HAL_Driver/Src/stm32f7xx_ll_usb.c **** 
 3433              		.loc 1 1391 1 view .LVU1157
 3434 001a 7047     		bx	lr
 3435              		.cfi_endproc
 3436              	.LFE173:
 3438              		.section	.text.USB_EP0_OutStart,"ax",%progbits
 3439              		.align	1
 3440              		.global	USB_EP0_OutStart
 3441              		.syntax unified
 3442              		.thumb
 3443              		.thumb_func
 3445              	USB_EP0_OutStart:
 3446              	.LVL266:
 3447              	.LFB174:
1404:Drivers/STM32F7xx_HAL_Driver/Src/stm32f7xx_ll_usb.c ****   uint32_t USBx_BASE = (uint32_t)USBx;
 3448              		.loc 1 1404 1 is_stmt 1 view -0
 3449              		.cfi_startproc
 3450              		@ args = 0, pretend = 0, frame = 0
 3451              		@ frame_needed = 0, uses_anonymous_args = 0
 3452              		@ link register save eliminated.
1404:Drivers/STM32F7xx_HAL_Driver/Src/stm32f7xx_ll_usb.c ****   uint32_t USBx_BASE = (uint32_t)USBx;
 3453              		.loc 1 1404 1 is_stmt 0 view .LVU1159
 3454 0000 10B4     		push	{r4}
 3455              	.LCFI39:
ARM GAS  /tmp/ccyYvSLN.s 			page 106


 3456              		.cfi_def_cfa_offset 4
 3457              		.cfi_offset 4, -4
1405:Drivers/STM32F7xx_HAL_Driver/Src/stm32f7xx_ll_usb.c ****   uint32_t gSNPSiD = *(__IO const uint32_t *)(&USBx->CID + 0x1U);
 3458              		.loc 1 1405 3 is_stmt 1 view .LVU1160
 3459              	.LVL267:
1406:Drivers/STM32F7xx_HAL_Driver/Src/stm32f7xx_ll_usb.c **** 
 3460              		.loc 1 1406 3 view .LVU1161
1406:Drivers/STM32F7xx_HAL_Driver/Src/stm32f7xx_ll_usb.c **** 
 3461              		.loc 1 1406 12 is_stmt 0 view .LVU1162
 3462 0002 046C     		ldr	r4, [r0, #64]
 3463              	.LVL268:
1408:Drivers/STM32F7xx_HAL_Driver/Src/stm32f7xx_ll_usb.c ****   {
 3464              		.loc 1 1408 3 is_stmt 1 view .LVU1163
1408:Drivers/STM32F7xx_HAL_Driver/Src/stm32f7xx_ll_usb.c ****   {
 3465              		.loc 1 1408 6 is_stmt 0 view .LVU1164
 3466 0004 154B     		ldr	r3, .L223
 3467 0006 9C42     		cmp	r4, r3
 3468 0008 03D9     		bls	.L219
1410:Drivers/STM32F7xx_HAL_Driver/Src/stm32f7xx_ll_usb.c ****     {
 3469              		.loc 1 1410 5 is_stmt 1 view .LVU1165
1410:Drivers/STM32F7xx_HAL_Driver/Src/stm32f7xx_ll_usb.c ****     {
 3470              		.loc 1 1410 24 is_stmt 0 view .LVU1166
 3471 000a D0F8003B 		ldr	r3, [r0, #2816]
1410:Drivers/STM32F7xx_HAL_Driver/Src/stm32f7xx_ll_usb.c ****     {
 3472              		.loc 1 1410 8 view .LVU1167
 3473 000e 002B     		cmp	r3, #0
 3474 0010 16DB     		blt	.L220
 3475              	.L219:
1416:Drivers/STM32F7xx_HAL_Driver/Src/stm32f7xx_ll_usb.c ****   USBx_OUTEP(0U)->DOEPTSIZ |= (USB_OTG_DOEPTSIZ_PKTCNT & (1U << 19));
 3476              		.loc 1 1416 3 is_stmt 1 view .LVU1168
1416:Drivers/STM32F7xx_HAL_Driver/Src/stm32f7xx_ll_usb.c ****   USBx_OUTEP(0U)->DOEPTSIZ |= (USB_OTG_DOEPTSIZ_PKTCNT & (1U << 19));
 3477              		.loc 1 1416 28 is_stmt 0 view .LVU1169
 3478 0012 0024     		movs	r4, #0
 3479              	.LVL269:
1416:Drivers/STM32F7xx_HAL_Driver/Src/stm32f7xx_ll_usb.c ****   USBx_OUTEP(0U)->DOEPTSIZ |= (USB_OTG_DOEPTSIZ_PKTCNT & (1U << 19));
 3480              		.loc 1 1416 28 view .LVU1170
 3481 0014 C0F8104B 		str	r4, [r0, #2832]
1417:Drivers/STM32F7xx_HAL_Driver/Src/stm32f7xx_ll_usb.c ****   USBx_OUTEP(0U)->DOEPTSIZ |= (3U * 8U);
 3482              		.loc 1 1417 3 is_stmt 1 view .LVU1171
1417:Drivers/STM32F7xx_HAL_Driver/Src/stm32f7xx_ll_usb.c ****   USBx_OUTEP(0U)->DOEPTSIZ |= (3U * 8U);
 3483              		.loc 1 1417 17 is_stmt 0 view .LVU1172
 3484 0018 D0F8104B 		ldr	r4, [r0, #2832]
1417:Drivers/STM32F7xx_HAL_Driver/Src/stm32f7xx_ll_usb.c ****   USBx_OUTEP(0U)->DOEPTSIZ |= (3U * 8U);
 3485              		.loc 1 1417 28 view .LVU1173
 3486 001c 44F40024 		orr	r4, r4, #524288
 3487 0020 C0F8104B 		str	r4, [r0, #2832]
1418:Drivers/STM32F7xx_HAL_Driver/Src/stm32f7xx_ll_usb.c ****   USBx_OUTEP(0U)->DOEPTSIZ |=  USB_OTG_DOEPTSIZ_STUPCNT;
 3488              		.loc 1 1418 3 is_stmt 1 view .LVU1174
1418:Drivers/STM32F7xx_HAL_Driver/Src/stm32f7xx_ll_usb.c ****   USBx_OUTEP(0U)->DOEPTSIZ |=  USB_OTG_DOEPTSIZ_STUPCNT;
 3489              		.loc 1 1418 17 is_stmt 0 view .LVU1175
 3490 0024 D0F8104B 		ldr	r4, [r0, #2832]
1418:Drivers/STM32F7xx_HAL_Driver/Src/stm32f7xx_ll_usb.c ****   USBx_OUTEP(0U)->DOEPTSIZ |=  USB_OTG_DOEPTSIZ_STUPCNT;
 3491              		.loc 1 1418 28 view .LVU1176
 3492 0028 44F01804 		orr	r4, r4, #24
 3493 002c C0F8104B 		str	r4, [r0, #2832]
1419:Drivers/STM32F7xx_HAL_Driver/Src/stm32f7xx_ll_usb.c **** 
 3494              		.loc 1 1419 3 is_stmt 1 view .LVU1177
ARM GAS  /tmp/ccyYvSLN.s 			page 107


1419:Drivers/STM32F7xx_HAL_Driver/Src/stm32f7xx_ll_usb.c **** 
 3495              		.loc 1 1419 17 is_stmt 0 view .LVU1178
 3496 0030 D0F8104B 		ldr	r4, [r0, #2832]
1419:Drivers/STM32F7xx_HAL_Driver/Src/stm32f7xx_ll_usb.c **** 
 3497              		.loc 1 1419 28 view .LVU1179
 3498 0034 44F0C044 		orr	r4, r4, #1610612736
 3499 0038 C0F8104B 		str	r4, [r0, #2832]
1421:Drivers/STM32F7xx_HAL_Driver/Src/stm32f7xx_ll_usb.c ****   {
 3500              		.loc 1 1421 3 is_stmt 1 view .LVU1180
1421:Drivers/STM32F7xx_HAL_Driver/Src/stm32f7xx_ll_usb.c ****   {
 3501              		.loc 1 1421 6 is_stmt 0 view .LVU1181
 3502 003c 0129     		cmp	r1, #1
 3503 003e 03D0     		beq	.L222
 3504              	.L220:
1429:Drivers/STM32F7xx_HAL_Driver/Src/stm32f7xx_ll_usb.c **** 
 3505              		.loc 1 1429 1 view .LVU1182
 3506 0040 0020     		movs	r0, #0
 3507              	.LVL270:
1429:Drivers/STM32F7xx_HAL_Driver/Src/stm32f7xx_ll_usb.c **** 
 3508              		.loc 1 1429 1 view .LVU1183
 3509 0042 5DF8044B 		ldr	r4, [sp], #4
 3510              	.LCFI40:
 3511              		.cfi_remember_state
 3512              		.cfi_restore 4
 3513              		.cfi_def_cfa_offset 0
 3514 0046 7047     		bx	lr
 3515              	.LVL271:
 3516              	.L222:
 3517              	.LCFI41:
 3518              		.cfi_restore_state
1423:Drivers/STM32F7xx_HAL_Driver/Src/stm32f7xx_ll_usb.c ****     /* EP enable */
 3519              		.loc 1 1423 5 is_stmt 1 view .LVU1184
1423:Drivers/STM32F7xx_HAL_Driver/Src/stm32f7xx_ll_usb.c ****     /* EP enable */
 3520              		.loc 1 1423 29 is_stmt 0 view .LVU1185
 3521 0048 C0F8142B 		str	r2, [r0, #2836]
1425:Drivers/STM32F7xx_HAL_Driver/Src/stm32f7xx_ll_usb.c ****   }
 3522              		.loc 1 1425 5 is_stmt 1 view .LVU1186
1425:Drivers/STM32F7xx_HAL_Driver/Src/stm32f7xx_ll_usb.c ****   }
 3523              		.loc 1 1425 19 is_stmt 0 view .LVU1187
 3524 004c D0F8003B 		ldr	r3, [r0, #2816]
1425:Drivers/STM32F7xx_HAL_Driver/Src/stm32f7xx_ll_usb.c ****   }
 3525              		.loc 1 1425 29 view .LVU1188
 3526 0050 43F08023 		orr	r3, r3, #-2147450880
 3527 0054 C0F8003B 		str	r3, [r0, #2816]
 3528 0058 F2E7     		b	.L220
 3529              	.L224:
 3530 005a 00BF     		.align	2
 3531              	.L223:
 3532 005c 0A30544F 		.word	1330917386
 3533              		.cfi_endproc
 3534              	.LFE174:
 3536              		.section	.text.USB_HostInit,"ax",%progbits
 3537              		.align	1
 3538              		.global	USB_HostInit
 3539              		.syntax unified
 3540              		.thumb
 3541              		.thumb_func
ARM GAS  /tmp/ccyYvSLN.s 			page 108


 3543              	USB_HostInit:
 3544              	.LVL272:
 3545              	.LFB176:
1474:Drivers/STM32F7xx_HAL_Driver/Src/stm32f7xx_ll_usb.c **** 
1475:Drivers/STM32F7xx_HAL_Driver/Src/stm32f7xx_ll_usb.c **** #ifdef USBPHYC
1476:Drivers/STM32F7xx_HAL_Driver/Src/stm32f7xx_ll_usb.c **** /**
1477:Drivers/STM32F7xx_HAL_Driver/Src/stm32f7xx_ll_usb.c ****   * @brief  Enables control of a High Speed USB PHY
1478:Drivers/STM32F7xx_HAL_Driver/Src/stm32f7xx_ll_usb.c ****   *         Init the low level hardware : GPIO, CLOCK, NVIC...
1479:Drivers/STM32F7xx_HAL_Driver/Src/stm32f7xx_ll_usb.c ****   * @param  USBx  Selected device
1480:Drivers/STM32F7xx_HAL_Driver/Src/stm32f7xx_ll_usb.c ****   * @retval HAL status
1481:Drivers/STM32F7xx_HAL_Driver/Src/stm32f7xx_ll_usb.c ****   */
1482:Drivers/STM32F7xx_HAL_Driver/Src/stm32f7xx_ll_usb.c **** static HAL_StatusTypeDef USB_HS_PHYCInit(USB_OTG_GlobalTypeDef *USBx)
1483:Drivers/STM32F7xx_HAL_Driver/Src/stm32f7xx_ll_usb.c **** {
1484:Drivers/STM32F7xx_HAL_Driver/Src/stm32f7xx_ll_usb.c ****   UNUSED(USBx);
1485:Drivers/STM32F7xx_HAL_Driver/Src/stm32f7xx_ll_usb.c ****   __IO uint32_t count = 0U;
1486:Drivers/STM32F7xx_HAL_Driver/Src/stm32f7xx_ll_usb.c **** 
1487:Drivers/STM32F7xx_HAL_Driver/Src/stm32f7xx_ll_usb.c ****   /* Enable LDO */
1488:Drivers/STM32F7xx_HAL_Driver/Src/stm32f7xx_ll_usb.c ****   USB_HS_PHYC->USB_HS_PHYC_LDO |= USB_HS_PHYC_LDO_ENABLE;
1489:Drivers/STM32F7xx_HAL_Driver/Src/stm32f7xx_ll_usb.c **** 
1490:Drivers/STM32F7xx_HAL_Driver/Src/stm32f7xx_ll_usb.c ****   /* wait for LDO Ready */
1491:Drivers/STM32F7xx_HAL_Driver/Src/stm32f7xx_ll_usb.c ****   while ((USB_HS_PHYC->USB_HS_PHYC_LDO & USB_HS_PHYC_LDO_STATUS) == 0U)
1492:Drivers/STM32F7xx_HAL_Driver/Src/stm32f7xx_ll_usb.c ****   {
1493:Drivers/STM32F7xx_HAL_Driver/Src/stm32f7xx_ll_usb.c ****     count++;
1494:Drivers/STM32F7xx_HAL_Driver/Src/stm32f7xx_ll_usb.c **** 
1495:Drivers/STM32F7xx_HAL_Driver/Src/stm32f7xx_ll_usb.c ****     if (count > HAL_USB_TIMEOUT)
1496:Drivers/STM32F7xx_HAL_Driver/Src/stm32f7xx_ll_usb.c ****     {
1497:Drivers/STM32F7xx_HAL_Driver/Src/stm32f7xx_ll_usb.c ****       return HAL_TIMEOUT;
1498:Drivers/STM32F7xx_HAL_Driver/Src/stm32f7xx_ll_usb.c ****     }
1499:Drivers/STM32F7xx_HAL_Driver/Src/stm32f7xx_ll_usb.c ****   }
1500:Drivers/STM32F7xx_HAL_Driver/Src/stm32f7xx_ll_usb.c **** 
1501:Drivers/STM32F7xx_HAL_Driver/Src/stm32f7xx_ll_usb.c ****   /* Controls PHY frequency operation selection */
1502:Drivers/STM32F7xx_HAL_Driver/Src/stm32f7xx_ll_usb.c ****   if (HSE_VALUE == PHYC_12_MHZ) /* HSE = 12MHz */
1503:Drivers/STM32F7xx_HAL_Driver/Src/stm32f7xx_ll_usb.c ****   {
1504:Drivers/STM32F7xx_HAL_Driver/Src/stm32f7xx_ll_usb.c ****     USB_HS_PHYC->USB_HS_PHYC_PLL = (0x0U << 1);
1505:Drivers/STM32F7xx_HAL_Driver/Src/stm32f7xx_ll_usb.c ****   }
1506:Drivers/STM32F7xx_HAL_Driver/Src/stm32f7xx_ll_usb.c ****   else if (HSE_VALUE == PHYC_12_5_MHZ) /* HSE = 12.5MHz */
1507:Drivers/STM32F7xx_HAL_Driver/Src/stm32f7xx_ll_usb.c ****   {
1508:Drivers/STM32F7xx_HAL_Driver/Src/stm32f7xx_ll_usb.c ****     USB_HS_PHYC->USB_HS_PHYC_PLL = (0x2U << 1);
1509:Drivers/STM32F7xx_HAL_Driver/Src/stm32f7xx_ll_usb.c ****   }
1510:Drivers/STM32F7xx_HAL_Driver/Src/stm32f7xx_ll_usb.c ****   else if (HSE_VALUE == PHYC_16_MHZ) /* HSE = 16MHz */
1511:Drivers/STM32F7xx_HAL_Driver/Src/stm32f7xx_ll_usb.c ****   {
1512:Drivers/STM32F7xx_HAL_Driver/Src/stm32f7xx_ll_usb.c ****     USB_HS_PHYC->USB_HS_PHYC_PLL = (0x3U << 1);
1513:Drivers/STM32F7xx_HAL_Driver/Src/stm32f7xx_ll_usb.c ****   }
1514:Drivers/STM32F7xx_HAL_Driver/Src/stm32f7xx_ll_usb.c ****   else if (HSE_VALUE == PHYC_24_MHZ) /* HSE = 24MHz */
1515:Drivers/STM32F7xx_HAL_Driver/Src/stm32f7xx_ll_usb.c ****   {
1516:Drivers/STM32F7xx_HAL_Driver/Src/stm32f7xx_ll_usb.c ****     USB_HS_PHYC->USB_HS_PHYC_PLL = (0x4U << 1);
1517:Drivers/STM32F7xx_HAL_Driver/Src/stm32f7xx_ll_usb.c ****   }
1518:Drivers/STM32F7xx_HAL_Driver/Src/stm32f7xx_ll_usb.c ****   else if (HSE_VALUE == PHYC_25_MHZ) /* HSE = 25MHz */
1519:Drivers/STM32F7xx_HAL_Driver/Src/stm32f7xx_ll_usb.c ****   {
1520:Drivers/STM32F7xx_HAL_Driver/Src/stm32f7xx_ll_usb.c ****     USB_HS_PHYC->USB_HS_PHYC_PLL = (0x5U << 1);
1521:Drivers/STM32F7xx_HAL_Driver/Src/stm32f7xx_ll_usb.c ****   }
1522:Drivers/STM32F7xx_HAL_Driver/Src/stm32f7xx_ll_usb.c ****   else if (HSE_VALUE == PHYC_32_MHZ) /* HSE = 32MHz */
1523:Drivers/STM32F7xx_HAL_Driver/Src/stm32f7xx_ll_usb.c ****   {
1524:Drivers/STM32F7xx_HAL_Driver/Src/stm32f7xx_ll_usb.c ****     USB_HS_PHYC->USB_HS_PHYC_PLL = (0x7U << 1);
1525:Drivers/STM32F7xx_HAL_Driver/Src/stm32f7xx_ll_usb.c ****   }
1526:Drivers/STM32F7xx_HAL_Driver/Src/stm32f7xx_ll_usb.c ****   else
1527:Drivers/STM32F7xx_HAL_Driver/Src/stm32f7xx_ll_usb.c ****   {
ARM GAS  /tmp/ccyYvSLN.s 			page 109


1528:Drivers/STM32F7xx_HAL_Driver/Src/stm32f7xx_ll_usb.c ****     /* ... */
1529:Drivers/STM32F7xx_HAL_Driver/Src/stm32f7xx_ll_usb.c ****   }
1530:Drivers/STM32F7xx_HAL_Driver/Src/stm32f7xx_ll_usb.c **** 
1531:Drivers/STM32F7xx_HAL_Driver/Src/stm32f7xx_ll_usb.c ****   /* Control the tuning interface of the High Speed PHY */
1532:Drivers/STM32F7xx_HAL_Driver/Src/stm32f7xx_ll_usb.c ****   USB_HS_PHYC->USB_HS_PHYC_TUNE |= USB_HS_PHYC_TUNE_VALUE;
1533:Drivers/STM32F7xx_HAL_Driver/Src/stm32f7xx_ll_usb.c **** 
1534:Drivers/STM32F7xx_HAL_Driver/Src/stm32f7xx_ll_usb.c ****   /* Enable PLL internal PHY */
1535:Drivers/STM32F7xx_HAL_Driver/Src/stm32f7xx_ll_usb.c ****   USB_HS_PHYC->USB_HS_PHYC_PLL |= USB_HS_PHYC_PLL_PLLEN;
1536:Drivers/STM32F7xx_HAL_Driver/Src/stm32f7xx_ll_usb.c **** 
1537:Drivers/STM32F7xx_HAL_Driver/Src/stm32f7xx_ll_usb.c **** 
1538:Drivers/STM32F7xx_HAL_Driver/Src/stm32f7xx_ll_usb.c ****   /* 2ms Delay required to get internal phy clock stable */
1539:Drivers/STM32F7xx_HAL_Driver/Src/stm32f7xx_ll_usb.c ****   HAL_Delay(2U);
1540:Drivers/STM32F7xx_HAL_Driver/Src/stm32f7xx_ll_usb.c **** 
1541:Drivers/STM32F7xx_HAL_Driver/Src/stm32f7xx_ll_usb.c ****   return HAL_OK;
1542:Drivers/STM32F7xx_HAL_Driver/Src/stm32f7xx_ll_usb.c **** }
1543:Drivers/STM32F7xx_HAL_Driver/Src/stm32f7xx_ll_usb.c **** 
1544:Drivers/STM32F7xx_HAL_Driver/Src/stm32f7xx_ll_usb.c **** #endif /* USBPHYC */
1545:Drivers/STM32F7xx_HAL_Driver/Src/stm32f7xx_ll_usb.c **** /**
1546:Drivers/STM32F7xx_HAL_Driver/Src/stm32f7xx_ll_usb.c ****   * @brief  USB_HostInit : Initializes the USB OTG controller registers
1547:Drivers/STM32F7xx_HAL_Driver/Src/stm32f7xx_ll_usb.c ****   *         for Host mode
1548:Drivers/STM32F7xx_HAL_Driver/Src/stm32f7xx_ll_usb.c ****   * @param  USBx  Selected device
1549:Drivers/STM32F7xx_HAL_Driver/Src/stm32f7xx_ll_usb.c ****   * @param  cfg   pointer to a USB_OTG_CfgTypeDef structure that contains
1550:Drivers/STM32F7xx_HAL_Driver/Src/stm32f7xx_ll_usb.c ****   *         the configuration information for the specified USBx peripheral.
1551:Drivers/STM32F7xx_HAL_Driver/Src/stm32f7xx_ll_usb.c ****   * @retval HAL status
1552:Drivers/STM32F7xx_HAL_Driver/Src/stm32f7xx_ll_usb.c ****   */
1553:Drivers/STM32F7xx_HAL_Driver/Src/stm32f7xx_ll_usb.c **** HAL_StatusTypeDef USB_HostInit(USB_OTG_GlobalTypeDef *USBx, USB_OTG_CfgTypeDef cfg)
1554:Drivers/STM32F7xx_HAL_Driver/Src/stm32f7xx_ll_usb.c **** {
 3546              		.loc 1 1554 1 is_stmt 1 view -0
 3547              		.cfi_startproc
 3548              		@ args = 20, pretend = 16, frame = 0
 3549              		@ frame_needed = 0, uses_anonymous_args = 0
 3550              		.loc 1 1554 1 is_stmt 0 view .LVU1190
 3551 0000 84B0     		sub	sp, sp, #16
 3552              	.LCFI42:
 3553              		.cfi_def_cfa_offset 16
 3554 0002 38B5     		push	{r3, r4, r5, lr}
 3555              	.LCFI43:
 3556              		.cfi_def_cfa_offset 32
 3557              		.cfi_offset 3, -32
 3558              		.cfi_offset 4, -28
 3559              		.cfi_offset 5, -24
 3560              		.cfi_offset 14, -20
 3561 0004 0446     		mov	r4, r0
 3562 0006 05A8     		add	r0, sp, #20
 3563              	.LVL273:
 3564              		.loc 1 1554 1 view .LVU1191
 3565 0008 80E80E00 		stm	r0, {r1, r2, r3}
1555:Drivers/STM32F7xx_HAL_Driver/Src/stm32f7xx_ll_usb.c ****   HAL_StatusTypeDef ret = HAL_OK;
 3566              		.loc 1 1555 3 is_stmt 1 view .LVU1192
 3567              	.LVL274:
1556:Drivers/STM32F7xx_HAL_Driver/Src/stm32f7xx_ll_usb.c ****   uint32_t USBx_BASE = (uint32_t)USBx;
 3568              		.loc 1 1556 3 view .LVU1193
1557:Drivers/STM32F7xx_HAL_Driver/Src/stm32f7xx_ll_usb.c ****   uint32_t i;
 3569              		.loc 1 1557 3 view .LVU1194
1558:Drivers/STM32F7xx_HAL_Driver/Src/stm32f7xx_ll_usb.c **** 
1559:Drivers/STM32F7xx_HAL_Driver/Src/stm32f7xx_ll_usb.c ****   /* Restart the Phy Clock */
1560:Drivers/STM32F7xx_HAL_Driver/Src/stm32f7xx_ll_usb.c ****   USBx_PCGCCTL = 0U;
ARM GAS  /tmp/ccyYvSLN.s 			page 110


 3570              		.loc 1 1560 3 view .LVU1195
 3571              		.loc 1 1560 16 is_stmt 0 view .LVU1196
 3572 000c 0023     		movs	r3, #0
 3573 000e C4F8003E 		str	r3, [r4, #3584]
1561:Drivers/STM32F7xx_HAL_Driver/Src/stm32f7xx_ll_usb.c **** 
1562:Drivers/STM32F7xx_HAL_Driver/Src/stm32f7xx_ll_usb.c ****   /* Disable VBUS sensing */
1563:Drivers/STM32F7xx_HAL_Driver/Src/stm32f7xx_ll_usb.c ****   USBx->GCCFG &= ~(USB_OTG_GCCFG_VBDEN);
 3574              		.loc 1 1563 3 is_stmt 1 view .LVU1197
 3575              		.loc 1 1563 7 is_stmt 0 view .LVU1198
 3576 0012 A36B     		ldr	r3, [r4, #56]
 3577              		.loc 1 1563 15 view .LVU1199
 3578 0014 23F40013 		bic	r3, r3, #2097152
 3579 0018 A363     		str	r3, [r4, #56]
1564:Drivers/STM32F7xx_HAL_Driver/Src/stm32f7xx_ll_usb.c **** 
1565:Drivers/STM32F7xx_HAL_Driver/Src/stm32f7xx_ll_usb.c ****   if ((USBx->GUSBCFG & USB_OTG_GUSBCFG_PHYSEL) == 0U)
 3580              		.loc 1 1565 3 is_stmt 1 view .LVU1200
 3581              		.loc 1 1565 12 is_stmt 0 view .LVU1201
 3582 001a E368     		ldr	r3, [r4, #12]
 3583              		.loc 1 1565 6 view .LVU1202
 3584 001c 13F0400F 		tst	r3, #64
 3585 0020 11D1     		bne	.L226
1566:Drivers/STM32F7xx_HAL_Driver/Src/stm32f7xx_ll_usb.c ****   {
1567:Drivers/STM32F7xx_HAL_Driver/Src/stm32f7xx_ll_usb.c ****     if (cfg.speed == USBH_FSLS_SPEED)
 3586              		.loc 1 1567 5 is_stmt 1 view .LVU1203
 3587              		.loc 1 1567 12 is_stmt 0 view .LVU1204
 3588 0022 9DF81730 		ldrb	r3, [sp, #23]	@ zero_extendqisi2
 3589              		.loc 1 1567 8 view .LVU1205
 3590 0026 012B     		cmp	r3, #1
 3591 0028 06D0     		beq	.L239
1568:Drivers/STM32F7xx_HAL_Driver/Src/stm32f7xx_ll_usb.c ****     {
1569:Drivers/STM32F7xx_HAL_Driver/Src/stm32f7xx_ll_usb.c ****       /* Force Device Enumeration to FS/LS mode only */
1570:Drivers/STM32F7xx_HAL_Driver/Src/stm32f7xx_ll_usb.c ****       USBx_HOST->HCFG |= USB_OTG_HCFG_FSLSS;
1571:Drivers/STM32F7xx_HAL_Driver/Src/stm32f7xx_ll_usb.c ****     }
1572:Drivers/STM32F7xx_HAL_Driver/Src/stm32f7xx_ll_usb.c ****     else
1573:Drivers/STM32F7xx_HAL_Driver/Src/stm32f7xx_ll_usb.c ****     {
1574:Drivers/STM32F7xx_HAL_Driver/Src/stm32f7xx_ll_usb.c ****       /* Set default Max speed support */
1575:Drivers/STM32F7xx_HAL_Driver/Src/stm32f7xx_ll_usb.c ****       USBx_HOST->HCFG &= ~(USB_OTG_HCFG_FSLSS);
 3592              		.loc 1 1575 7 is_stmt 1 view .LVU1206
 3593              		.loc 1 1575 16 is_stmt 0 view .LVU1207
 3594 002a D4F80034 		ldr	r3, [r4, #1024]
 3595              		.loc 1 1575 23 view .LVU1208
 3596 002e 23F00403 		bic	r3, r3, #4
 3597 0032 C4F80034 		str	r3, [r4, #1024]
 3598 0036 0CE0     		b	.L228
 3599              	.L239:
1570:Drivers/STM32F7xx_HAL_Driver/Src/stm32f7xx_ll_usb.c ****     }
 3600              		.loc 1 1570 7 is_stmt 1 view .LVU1209
1570:Drivers/STM32F7xx_HAL_Driver/Src/stm32f7xx_ll_usb.c ****     }
 3601              		.loc 1 1570 16 is_stmt 0 view .LVU1210
 3602 0038 D4F80034 		ldr	r3, [r4, #1024]
1570:Drivers/STM32F7xx_HAL_Driver/Src/stm32f7xx_ll_usb.c ****     }
 3603              		.loc 1 1570 23 view .LVU1211
 3604 003c 43F00403 		orr	r3, r3, #4
 3605 0040 C4F80034 		str	r3, [r4, #1024]
 3606 0044 05E0     		b	.L228
 3607              	.L226:
1576:Drivers/STM32F7xx_HAL_Driver/Src/stm32f7xx_ll_usb.c ****     }
ARM GAS  /tmp/ccyYvSLN.s 			page 111


1577:Drivers/STM32F7xx_HAL_Driver/Src/stm32f7xx_ll_usb.c ****   }
1578:Drivers/STM32F7xx_HAL_Driver/Src/stm32f7xx_ll_usb.c ****   else
1579:Drivers/STM32F7xx_HAL_Driver/Src/stm32f7xx_ll_usb.c ****   {
1580:Drivers/STM32F7xx_HAL_Driver/Src/stm32f7xx_ll_usb.c ****     /* Set default Max speed support */
1581:Drivers/STM32F7xx_HAL_Driver/Src/stm32f7xx_ll_usb.c ****     USBx_HOST->HCFG &= ~(USB_OTG_HCFG_FSLSS);
 3608              		.loc 1 1581 5 is_stmt 1 view .LVU1212
 3609              		.loc 1 1581 14 is_stmt 0 view .LVU1213
 3610 0046 D4F80034 		ldr	r3, [r4, #1024]
 3611              		.loc 1 1581 21 view .LVU1214
 3612 004a 23F00403 		bic	r3, r3, #4
 3613 004e C4F80034 		str	r3, [r4, #1024]
 3614              	.L228:
1582:Drivers/STM32F7xx_HAL_Driver/Src/stm32f7xx_ll_usb.c ****   }
1583:Drivers/STM32F7xx_HAL_Driver/Src/stm32f7xx_ll_usb.c **** 
1584:Drivers/STM32F7xx_HAL_Driver/Src/stm32f7xx_ll_usb.c ****   /* Make sure the FIFOs are flushed. */
1585:Drivers/STM32F7xx_HAL_Driver/Src/stm32f7xx_ll_usb.c ****   if (USB_FlushTxFifo(USBx, 0x10U) != HAL_OK) /* all Tx FIFOs */
 3615              		.loc 1 1585 3 is_stmt 1 view .LVU1215
 3616              		.loc 1 1585 7 is_stmt 0 view .LVU1216
 3617 0052 1021     		movs	r1, #16
 3618 0054 2046     		mov	r0, r4
 3619 0056 FFF7FEFF 		bl	USB_FlushTxFifo
 3620              	.LVL275:
 3621              		.loc 1 1585 6 discriminator 1 view .LVU1217
 3622 005a 0546     		mov	r5, r0
 3623 005c 00B1     		cbz	r0, .L229
1586:Drivers/STM32F7xx_HAL_Driver/Src/stm32f7xx_ll_usb.c ****   {
1587:Drivers/STM32F7xx_HAL_Driver/Src/stm32f7xx_ll_usb.c ****     ret = HAL_ERROR;
 3624              		.loc 1 1587 9 view .LVU1218
 3625 005e 0125     		movs	r5, #1
 3626              	.L229:
 3627              	.LVL276:
1588:Drivers/STM32F7xx_HAL_Driver/Src/stm32f7xx_ll_usb.c ****   }
1589:Drivers/STM32F7xx_HAL_Driver/Src/stm32f7xx_ll_usb.c **** 
1590:Drivers/STM32F7xx_HAL_Driver/Src/stm32f7xx_ll_usb.c ****   if (USB_FlushRxFifo(USBx) != HAL_OK)
 3628              		.loc 1 1590 3 is_stmt 1 view .LVU1219
 3629              		.loc 1 1590 7 is_stmt 0 view .LVU1220
 3630 0060 2046     		mov	r0, r4
 3631 0062 FFF7FEFF 		bl	USB_FlushRxFifo
 3632              	.LVL277:
 3633              		.loc 1 1590 6 discriminator 1 view .LVU1221
 3634 0066 00B1     		cbz	r0, .L230
1591:Drivers/STM32F7xx_HAL_Driver/Src/stm32f7xx_ll_usb.c ****   {
1592:Drivers/STM32F7xx_HAL_Driver/Src/stm32f7xx_ll_usb.c ****     ret = HAL_ERROR;
 3635              		.loc 1 1592 9 view .LVU1222
 3636 0068 0125     		movs	r5, #1
 3637              	.LVL278:
 3638              	.L230:
1593:Drivers/STM32F7xx_HAL_Driver/Src/stm32f7xx_ll_usb.c ****   }
1594:Drivers/STM32F7xx_HAL_Driver/Src/stm32f7xx_ll_usb.c **** 
1595:Drivers/STM32F7xx_HAL_Driver/Src/stm32f7xx_ll_usb.c ****   /* Clear all pending HC Interrupts */
1596:Drivers/STM32F7xx_HAL_Driver/Src/stm32f7xx_ll_usb.c ****   for (i = 0U; i < cfg.Host_channels; i++)
 3639              		.loc 1 1596 3 is_stmt 1 view .LVU1223
 3640              		.loc 1 1596 10 is_stmt 0 view .LVU1224
 3641 006a 0022     		movs	r2, #0
 3642              		.loc 1 1596 3 view .LVU1225
 3643 006c 09E0     		b	.L231
 3644              	.LVL279:
ARM GAS  /tmp/ccyYvSLN.s 			page 112


 3645              	.L232:
1597:Drivers/STM32F7xx_HAL_Driver/Src/stm32f7xx_ll_usb.c ****   {
1598:Drivers/STM32F7xx_HAL_Driver/Src/stm32f7xx_ll_usb.c ****     USBx_HC(i)->HCINT = CLEAR_INTERRUPT_MASK;
 3646              		.loc 1 1598 5 is_stmt 1 view .LVU1226
 3647 006e 04EB4213 		add	r3, r4, r2, lsl #5
 3648              		.loc 1 1598 23 is_stmt 0 view .LVU1227
 3649 0072 4FF0FF31 		mov	r1, #-1
 3650 0076 C3F80815 		str	r1, [r3, #1288]
1599:Drivers/STM32F7xx_HAL_Driver/Src/stm32f7xx_ll_usb.c ****     USBx_HC(i)->HCINTMSK = 0U;
 3651              		.loc 1 1599 5 is_stmt 1 view .LVU1228
 3652              		.loc 1 1599 26 is_stmt 0 view .LVU1229
 3653 007a 0021     		movs	r1, #0
 3654 007c C3F80C15 		str	r1, [r3, #1292]
1596:Drivers/STM32F7xx_HAL_Driver/Src/stm32f7xx_ll_usb.c ****   {
 3655              		.loc 1 1596 40 is_stmt 1 discriminator 3 view .LVU1230
 3656 0080 0132     		adds	r2, r2, #1
 3657              	.LVL280:
 3658              	.L231:
1596:Drivers/STM32F7xx_HAL_Driver/Src/stm32f7xx_ll_usb.c ****   {
 3659              		.loc 1 1596 18 discriminator 1 view .LVU1231
1596:Drivers/STM32F7xx_HAL_Driver/Src/stm32f7xx_ll_usb.c ****   {
 3660              		.loc 1 1596 23 is_stmt 0 discriminator 1 view .LVU1232
 3661 0082 9DF81530 		ldrb	r3, [sp, #21]	@ zero_extendqisi2
1596:Drivers/STM32F7xx_HAL_Driver/Src/stm32f7xx_ll_usb.c ****   {
 3662              		.loc 1 1596 18 discriminator 1 view .LVU1233
 3663 0086 9342     		cmp	r3, r2
 3664 0088 F1D8     		bhi	.L232
1600:Drivers/STM32F7xx_HAL_Driver/Src/stm32f7xx_ll_usb.c ****   }
1601:Drivers/STM32F7xx_HAL_Driver/Src/stm32f7xx_ll_usb.c **** 
1602:Drivers/STM32F7xx_HAL_Driver/Src/stm32f7xx_ll_usb.c ****   /* Disable all interrupts. */
1603:Drivers/STM32F7xx_HAL_Driver/Src/stm32f7xx_ll_usb.c ****   USBx->GINTMSK = 0U;
 3665              		.loc 1 1603 3 is_stmt 1 view .LVU1234
 3666              		.loc 1 1603 17 is_stmt 0 view .LVU1235
 3667 008a 0023     		movs	r3, #0
 3668 008c A361     		str	r3, [r4, #24]
1604:Drivers/STM32F7xx_HAL_Driver/Src/stm32f7xx_ll_usb.c **** 
1605:Drivers/STM32F7xx_HAL_Driver/Src/stm32f7xx_ll_usb.c ****   /* Clear any pending interrupts */
1606:Drivers/STM32F7xx_HAL_Driver/Src/stm32f7xx_ll_usb.c ****   USBx->GINTSTS = CLEAR_INTERRUPT_MASK;
 3669              		.loc 1 1606 3 is_stmt 1 view .LVU1236
 3670              		.loc 1 1606 17 is_stmt 0 view .LVU1237
 3671 008e 4FF0FF33 		mov	r3, #-1
 3672 0092 6361     		str	r3, [r4, #20]
1607:Drivers/STM32F7xx_HAL_Driver/Src/stm32f7xx_ll_usb.c **** #if defined (USB_OTG_HS)
1608:Drivers/STM32F7xx_HAL_Driver/Src/stm32f7xx_ll_usb.c ****   if (USBx == USB_OTG_HS)
 3673              		.loc 1 1608 3 is_stmt 1 view .LVU1238
 3674              		.loc 1 1608 6 is_stmt 0 view .LVU1239
 3675 0094 124B     		ldr	r3, .L241
 3676 0096 9C42     		cmp	r4, r3
 3677 0098 17D0     		beq	.L240
1609:Drivers/STM32F7xx_HAL_Driver/Src/stm32f7xx_ll_usb.c ****   {
1610:Drivers/STM32F7xx_HAL_Driver/Src/stm32f7xx_ll_usb.c ****     /* set Rx FIFO size */
1611:Drivers/STM32F7xx_HAL_Driver/Src/stm32f7xx_ll_usb.c ****     USBx->GRXFSIZ  = 0x200U;
1612:Drivers/STM32F7xx_HAL_Driver/Src/stm32f7xx_ll_usb.c ****     USBx->DIEPTXF0_HNPTXFSIZ = (uint32_t)(((0x100U << 16) & USB_OTG_NPTXFD) | 0x200U);
1613:Drivers/STM32F7xx_HAL_Driver/Src/stm32f7xx_ll_usb.c ****     USBx->HPTXFSIZ = (uint32_t)(((0xE0U << 16) & USB_OTG_HPTXFSIZ_PTXFD) | 0x300U);
1614:Drivers/STM32F7xx_HAL_Driver/Src/stm32f7xx_ll_usb.c ****   }
1615:Drivers/STM32F7xx_HAL_Driver/Src/stm32f7xx_ll_usb.c ****   else
1616:Drivers/STM32F7xx_HAL_Driver/Src/stm32f7xx_ll_usb.c **** #endif /* defined (USB_OTG_HS) */
ARM GAS  /tmp/ccyYvSLN.s 			page 113


1617:Drivers/STM32F7xx_HAL_Driver/Src/stm32f7xx_ll_usb.c ****   {
1618:Drivers/STM32F7xx_HAL_Driver/Src/stm32f7xx_ll_usb.c ****     /* set Rx FIFO size */
1619:Drivers/STM32F7xx_HAL_Driver/Src/stm32f7xx_ll_usb.c ****     USBx->GRXFSIZ  = 0x80U;
 3678              		.loc 1 1619 5 is_stmt 1 view .LVU1240
 3679              		.loc 1 1619 20 is_stmt 0 view .LVU1241
 3680 009a 8023     		movs	r3, #128
 3681 009c 6362     		str	r3, [r4, #36]
1620:Drivers/STM32F7xx_HAL_Driver/Src/stm32f7xx_ll_usb.c ****     USBx->DIEPTXF0_HNPTXFSIZ = (uint32_t)(((0x60U << 16) & USB_OTG_NPTXFD) | 0x80U);
 3682              		.loc 1 1620 5 is_stmt 1 view .LVU1242
 3683              		.loc 1 1620 30 is_stmt 0 view .LVU1243
 3684 009e 03F5C003 		add	r3, r3, #6291456
 3685 00a2 A362     		str	r3, [r4, #40]
1621:Drivers/STM32F7xx_HAL_Driver/Src/stm32f7xx_ll_usb.c ****     USBx->HPTXFSIZ = (uint32_t)(((0x40U << 16)& USB_OTG_HPTXFSIZ_PTXFD) | 0xE0U);
 3686              		.loc 1 1621 5 is_stmt 1 view .LVU1244
 3687              		.loc 1 1621 20 is_stmt 0 view .LVU1245
 3688 00a4 0F4B     		ldr	r3, .L241+4
 3689 00a6 C4F80031 		str	r3, [r4, #256]
 3690              	.L234:
1622:Drivers/STM32F7xx_HAL_Driver/Src/stm32f7xx_ll_usb.c ****   }
1623:Drivers/STM32F7xx_HAL_Driver/Src/stm32f7xx_ll_usb.c **** 
1624:Drivers/STM32F7xx_HAL_Driver/Src/stm32f7xx_ll_usb.c ****   /* Enable the common interrupts */
1625:Drivers/STM32F7xx_HAL_Driver/Src/stm32f7xx_ll_usb.c ****   if (cfg.dma_enable == 0U)
 3691              		.loc 1 1625 3 is_stmt 1 view .LVU1246
 3692              		.loc 1 1625 10 is_stmt 0 view .LVU1247
 3693 00aa 9DF81630 		ldrb	r3, [sp, #22]	@ zero_extendqisi2
 3694              		.loc 1 1625 6 view .LVU1248
 3695 00ae 1BB9     		cbnz	r3, .L235
1626:Drivers/STM32F7xx_HAL_Driver/Src/stm32f7xx_ll_usb.c ****   {
1627:Drivers/STM32F7xx_HAL_Driver/Src/stm32f7xx_ll_usb.c ****     USBx->GINTMSK |= USB_OTG_GINTMSK_RXFLVLM;
 3696              		.loc 1 1627 5 is_stmt 1 view .LVU1249
 3697              		.loc 1 1627 9 is_stmt 0 view .LVU1250
 3698 00b0 A369     		ldr	r3, [r4, #24]
 3699              		.loc 1 1627 19 view .LVU1251
 3700 00b2 43F01003 		orr	r3, r3, #16
 3701 00b6 A361     		str	r3, [r4, #24]
 3702              	.L235:
1628:Drivers/STM32F7xx_HAL_Driver/Src/stm32f7xx_ll_usb.c ****   }
1629:Drivers/STM32F7xx_HAL_Driver/Src/stm32f7xx_ll_usb.c **** 
1630:Drivers/STM32F7xx_HAL_Driver/Src/stm32f7xx_ll_usb.c ****   /* Enable interrupts matching to the Host mode ONLY */
1631:Drivers/STM32F7xx_HAL_Driver/Src/stm32f7xx_ll_usb.c ****   USBx->GINTMSK |= (USB_OTG_GINTMSK_PRTIM            | USB_OTG_GINTMSK_HCIM | \
 3703              		.loc 1 1631 3 is_stmt 1 view .LVU1252
 3704              		.loc 1 1631 7 is_stmt 0 view .LVU1253
 3705 00b8 A269     		ldr	r2, [r4, #24]
 3706              	.LVL281:
 3707              		.loc 1 1631 17 view .LVU1254
 3708 00ba 0B4B     		ldr	r3, .L241+8
 3709 00bc 1343     		orrs	r3, r3, r2
 3710 00be A361     		str	r3, [r4, #24]
1632:Drivers/STM32F7xx_HAL_Driver/Src/stm32f7xx_ll_usb.c ****                     USB_OTG_GINTMSK_SOFM             | USB_OTG_GINTSTS_DISCINT | \
1633:Drivers/STM32F7xx_HAL_Driver/Src/stm32f7xx_ll_usb.c ****                     USB_OTG_GINTMSK_PXFRM_IISOOXFRM  | USB_OTG_GINTMSK_WUIM);
1634:Drivers/STM32F7xx_HAL_Driver/Src/stm32f7xx_ll_usb.c **** 
1635:Drivers/STM32F7xx_HAL_Driver/Src/stm32f7xx_ll_usb.c ****   return ret;
 3711              		.loc 1 1635 3 is_stmt 1 view .LVU1255
1636:Drivers/STM32F7xx_HAL_Driver/Src/stm32f7xx_ll_usb.c **** }
 3712              		.loc 1 1636 1 is_stmt 0 view .LVU1256
 3713 00c0 2846     		mov	r0, r5
 3714 00c2 BDE83840 		pop	{r3, r4, r5, lr}
ARM GAS  /tmp/ccyYvSLN.s 			page 114


 3715              	.LCFI44:
 3716              		.cfi_remember_state
 3717              		.cfi_restore 14
 3718              		.cfi_restore 5
 3719              		.cfi_restore 4
 3720              		.cfi_restore 3
 3721              		.cfi_def_cfa_offset 16
 3722              	.LVL282:
 3723              		.loc 1 1636 1 view .LVU1257
 3724 00c6 04B0     		add	sp, sp, #16
 3725              	.LCFI45:
 3726              		.cfi_def_cfa_offset 0
 3727 00c8 7047     		bx	lr
 3728              	.LVL283:
 3729              	.L240:
 3730              	.LCFI46:
 3731              		.cfi_restore_state
1611:Drivers/STM32F7xx_HAL_Driver/Src/stm32f7xx_ll_usb.c ****     USBx->DIEPTXF0_HNPTXFSIZ = (uint32_t)(((0x100U << 16) & USB_OTG_NPTXFD) | 0x200U);
 3732              		.loc 1 1611 5 is_stmt 1 view .LVU1258
1611:Drivers/STM32F7xx_HAL_Driver/Src/stm32f7xx_ll_usb.c ****     USBx->DIEPTXF0_HNPTXFSIZ = (uint32_t)(((0x100U << 16) & USB_OTG_NPTXFD) | 0x200U);
 3733              		.loc 1 1611 20 is_stmt 0 view .LVU1259
 3734 00ca 4FF40073 		mov	r3, #512
 3735 00ce 6362     		str	r3, [r4, #36]
1612:Drivers/STM32F7xx_HAL_Driver/Src/stm32f7xx_ll_usb.c ****     USBx->HPTXFSIZ = (uint32_t)(((0xE0U << 16) & USB_OTG_HPTXFSIZ_PTXFD) | 0x300U);
 3736              		.loc 1 1612 5 is_stmt 1 view .LVU1260
1612:Drivers/STM32F7xx_HAL_Driver/Src/stm32f7xx_ll_usb.c ****     USBx->HPTXFSIZ = (uint32_t)(((0xE0U << 16) & USB_OTG_HPTXFSIZ_PTXFD) | 0x300U);
 3737              		.loc 1 1612 30 is_stmt 0 view .LVU1261
 3738 00d0 03F18073 		add	r3, r3, #16777216
 3739 00d4 A362     		str	r3, [r4, #40]
1613:Drivers/STM32F7xx_HAL_Driver/Src/stm32f7xx_ll_usb.c ****   }
 3740              		.loc 1 1613 5 is_stmt 1 view .LVU1262
1613:Drivers/STM32F7xx_HAL_Driver/Src/stm32f7xx_ll_usb.c ****   }
 3741              		.loc 1 1613 20 is_stmt 0 view .LVU1263
 3742 00d6 054B     		ldr	r3, .L241+12
 3743 00d8 C4F80031 		str	r3, [r4, #256]
 3744 00dc E5E7     		b	.L234
 3745              	.L242:
 3746 00de 00BF     		.align	2
 3747              	.L241:
 3748 00e0 00000440 		.word	1074003968
 3749 00e4 E0004000 		.word	4194528
 3750 00e8 080020A3 		.word	-1558183928
 3751 00ec 0003E000 		.word	14680832
 3752              		.cfi_endproc
 3753              	.LFE176:
 3755              		.section	.text.USB_InitFSLSPClkSel,"ax",%progbits
 3756              		.align	1
 3757              		.global	USB_InitFSLSPClkSel
 3758              		.syntax unified
 3759              		.thumb
 3760              		.thumb_func
 3762              	USB_InitFSLSPClkSel:
 3763              	.LVL284:
 3764              	.LFB177:
1637:Drivers/STM32F7xx_HAL_Driver/Src/stm32f7xx_ll_usb.c **** 
1638:Drivers/STM32F7xx_HAL_Driver/Src/stm32f7xx_ll_usb.c **** /**
1639:Drivers/STM32F7xx_HAL_Driver/Src/stm32f7xx_ll_usb.c ****   * @brief  USB_InitFSLSPClkSel : Initializes the FSLSPClkSel field of the
ARM GAS  /tmp/ccyYvSLN.s 			page 115


1640:Drivers/STM32F7xx_HAL_Driver/Src/stm32f7xx_ll_usb.c ****   *         HCFG register on the PHY type and set the right frame interval
1641:Drivers/STM32F7xx_HAL_Driver/Src/stm32f7xx_ll_usb.c ****   * @param  USBx  Selected device
1642:Drivers/STM32F7xx_HAL_Driver/Src/stm32f7xx_ll_usb.c ****   * @param  freq  clock frequency
1643:Drivers/STM32F7xx_HAL_Driver/Src/stm32f7xx_ll_usb.c ****   *          This parameter can be one of these values:
1644:Drivers/STM32F7xx_HAL_Driver/Src/stm32f7xx_ll_usb.c ****   *           HCFG_48_MHZ : Full Speed 48 MHz Clock
1645:Drivers/STM32F7xx_HAL_Driver/Src/stm32f7xx_ll_usb.c ****   *           HCFG_6_MHZ : Low Speed 6 MHz Clock
1646:Drivers/STM32F7xx_HAL_Driver/Src/stm32f7xx_ll_usb.c ****   * @retval HAL status
1647:Drivers/STM32F7xx_HAL_Driver/Src/stm32f7xx_ll_usb.c ****   */
1648:Drivers/STM32F7xx_HAL_Driver/Src/stm32f7xx_ll_usb.c **** HAL_StatusTypeDef USB_InitFSLSPClkSel(const USB_OTG_GlobalTypeDef *USBx, uint8_t freq)
1649:Drivers/STM32F7xx_HAL_Driver/Src/stm32f7xx_ll_usb.c **** {
 3765              		.loc 1 1649 1 is_stmt 1 view -0
 3766              		.cfi_startproc
 3767              		@ args = 0, pretend = 0, frame = 0
 3768              		@ frame_needed = 0, uses_anonymous_args = 0
 3769              		@ link register save eliminated.
1650:Drivers/STM32F7xx_HAL_Driver/Src/stm32f7xx_ll_usb.c ****   uint32_t USBx_BASE = (uint32_t)USBx;
 3770              		.loc 1 1650 3 view .LVU1265
1651:Drivers/STM32F7xx_HAL_Driver/Src/stm32f7xx_ll_usb.c **** 
1652:Drivers/STM32F7xx_HAL_Driver/Src/stm32f7xx_ll_usb.c ****   USBx_HOST->HCFG &= ~(USB_OTG_HCFG_FSLSPCS);
 3771              		.loc 1 1652 3 view .LVU1266
 3772              		.loc 1 1652 12 is_stmt 0 view .LVU1267
 3773 0000 00F5806C 		add	ip, r0, #1024
 3774 0004 D0F80034 		ldr	r3, [r0, #1024]
 3775              		.loc 1 1652 19 view .LVU1268
 3776 0008 23F00303 		bic	r3, r3, #3
 3777 000c C0F80034 		str	r3, [r0, #1024]
1653:Drivers/STM32F7xx_HAL_Driver/Src/stm32f7xx_ll_usb.c ****   USBx_HOST->HCFG |= (uint32_t)freq & USB_OTG_HCFG_FSLSPCS;
 3778              		.loc 1 1653 3 is_stmt 1 view .LVU1269
 3779              		.loc 1 1653 12 is_stmt 0 view .LVU1270
 3780 0010 D0F80034 		ldr	r3, [r0, #1024]
 3781              		.loc 1 1653 37 view .LVU1271
 3782 0014 01F00302 		and	r2, r1, #3
 3783              		.loc 1 1653 19 view .LVU1272
 3784 0018 1343     		orrs	r3, r3, r2
 3785 001a C0F80034 		str	r3, [r0, #1024]
1654:Drivers/STM32F7xx_HAL_Driver/Src/stm32f7xx_ll_usb.c **** 
1655:Drivers/STM32F7xx_HAL_Driver/Src/stm32f7xx_ll_usb.c ****   if (freq == HCFG_48_MHZ)
 3786              		.loc 1 1655 3 is_stmt 1 view .LVU1273
 3787              		.loc 1 1655 6 is_stmt 0 view .LVU1274
 3788 001e 0129     		cmp	r1, #1
 3789 0020 07D0     		beq	.L247
1656:Drivers/STM32F7xx_HAL_Driver/Src/stm32f7xx_ll_usb.c ****   {
1657:Drivers/STM32F7xx_HAL_Driver/Src/stm32f7xx_ll_usb.c ****     USBx_HOST->HFIR = HFIR_48_MHZ;
1658:Drivers/STM32F7xx_HAL_Driver/Src/stm32f7xx_ll_usb.c ****   }
1659:Drivers/STM32F7xx_HAL_Driver/Src/stm32f7xx_ll_usb.c ****   else if (freq == HCFG_6_MHZ)
 3790              		.loc 1 1659 8 is_stmt 1 view .LVU1275
 3791              		.loc 1 1659 11 is_stmt 0 view .LVU1276
 3792 0022 0229     		cmp	r1, #2
 3793 0024 0BD1     		bne	.L246
1660:Drivers/STM32F7xx_HAL_Driver/Src/stm32f7xx_ll_usb.c ****   {
1661:Drivers/STM32F7xx_HAL_Driver/Src/stm32f7xx_ll_usb.c ****     USBx_HOST->HFIR = HFIR_6_MHZ;
 3794              		.loc 1 1661 5 is_stmt 1 view .LVU1277
 3795              		.loc 1 1661 21 is_stmt 0 view .LVU1278
 3796 0026 41F27073 		movw	r3, #6000
 3797 002a CCF80430 		str	r3, [ip, #4]
1662:Drivers/STM32F7xx_HAL_Driver/Src/stm32f7xx_ll_usb.c ****   }
1663:Drivers/STM32F7xx_HAL_Driver/Src/stm32f7xx_ll_usb.c ****   else
ARM GAS  /tmp/ccyYvSLN.s 			page 116


1664:Drivers/STM32F7xx_HAL_Driver/Src/stm32f7xx_ll_usb.c ****   {
1665:Drivers/STM32F7xx_HAL_Driver/Src/stm32f7xx_ll_usb.c ****     return HAL_ERROR;
1666:Drivers/STM32F7xx_HAL_Driver/Src/stm32f7xx_ll_usb.c ****   }
1667:Drivers/STM32F7xx_HAL_Driver/Src/stm32f7xx_ll_usb.c **** 
1668:Drivers/STM32F7xx_HAL_Driver/Src/stm32f7xx_ll_usb.c ****   return HAL_OK;
 3798              		.loc 1 1668 10 view .LVU1279
 3799 002e 0020     		movs	r0, #0
 3800              	.LVL285:
 3801              		.loc 1 1668 10 view .LVU1280
 3802 0030 7047     		bx	lr
 3803              	.LVL286:
 3804              	.L247:
1657:Drivers/STM32F7xx_HAL_Driver/Src/stm32f7xx_ll_usb.c ****   }
 3805              		.loc 1 1657 5 is_stmt 1 view .LVU1281
1657:Drivers/STM32F7xx_HAL_Driver/Src/stm32f7xx_ll_usb.c ****   }
 3806              		.loc 1 1657 21 is_stmt 0 view .LVU1282
 3807 0032 4BF68033 		movw	r3, #48000
 3808 0036 CCF80430 		str	r3, [ip, #4]
 3809              		.loc 1 1668 10 view .LVU1283
 3810 003a 0020     		movs	r0, #0
 3811              	.LVL287:
 3812              		.loc 1 1668 10 view .LVU1284
 3813 003c 7047     		bx	lr
 3814              	.LVL288:
 3815              	.L246:
1665:Drivers/STM32F7xx_HAL_Driver/Src/stm32f7xx_ll_usb.c ****   }
 3816              		.loc 1 1665 12 view .LVU1285
 3817 003e 0120     		movs	r0, #1
 3818              	.LVL289:
1669:Drivers/STM32F7xx_HAL_Driver/Src/stm32f7xx_ll_usb.c **** }
 3819              		.loc 1 1669 1 view .LVU1286
 3820 0040 7047     		bx	lr
 3821              		.cfi_endproc
 3822              	.LFE177:
 3824              		.section	.text.USB_ResetPort,"ax",%progbits
 3825              		.align	1
 3826              		.global	USB_ResetPort
 3827              		.syntax unified
 3828              		.thumb
 3829              		.thumb_func
 3831              	USB_ResetPort:
 3832              	.LVL290:
 3833              	.LFB178:
1670:Drivers/STM32F7xx_HAL_Driver/Src/stm32f7xx_ll_usb.c **** 
1671:Drivers/STM32F7xx_HAL_Driver/Src/stm32f7xx_ll_usb.c **** /**
1672:Drivers/STM32F7xx_HAL_Driver/Src/stm32f7xx_ll_usb.c ****   * @brief  USB_OTG_ResetPort : Reset Host Port
1673:Drivers/STM32F7xx_HAL_Driver/Src/stm32f7xx_ll_usb.c ****   * @param  USBx  Selected device
1674:Drivers/STM32F7xx_HAL_Driver/Src/stm32f7xx_ll_usb.c ****   * @retval HAL status
1675:Drivers/STM32F7xx_HAL_Driver/Src/stm32f7xx_ll_usb.c ****   * @note (1)The application must wait at least 10 ms
1676:Drivers/STM32F7xx_HAL_Driver/Src/stm32f7xx_ll_usb.c ****   *   before clearing the reset bit.
1677:Drivers/STM32F7xx_HAL_Driver/Src/stm32f7xx_ll_usb.c ****   */
1678:Drivers/STM32F7xx_HAL_Driver/Src/stm32f7xx_ll_usb.c **** HAL_StatusTypeDef USB_ResetPort(const USB_OTG_GlobalTypeDef *USBx)
1679:Drivers/STM32F7xx_HAL_Driver/Src/stm32f7xx_ll_usb.c **** {
 3834              		.loc 1 1679 1 is_stmt 1 view -0
 3835              		.cfi_startproc
 3836              		@ args = 0, pretend = 0, frame = 8
 3837              		@ frame_needed = 0, uses_anonymous_args = 0
ARM GAS  /tmp/ccyYvSLN.s 			page 117


 3838              		.loc 1 1679 1 is_stmt 0 view .LVU1288
 3839 0000 30B5     		push	{r4, r5, lr}
 3840              	.LCFI47:
 3841              		.cfi_def_cfa_offset 12
 3842              		.cfi_offset 4, -12
 3843              		.cfi_offset 5, -8
 3844              		.cfi_offset 14, -4
 3845 0002 83B0     		sub	sp, sp, #12
 3846              	.LCFI48:
 3847              		.cfi_def_cfa_offset 24
 3848 0004 0446     		mov	r4, r0
1680:Drivers/STM32F7xx_HAL_Driver/Src/stm32f7xx_ll_usb.c ****   uint32_t USBx_BASE = (uint32_t)USBx;
 3849              		.loc 1 1680 3 is_stmt 1 view .LVU1289
 3850              	.LVL291:
1681:Drivers/STM32F7xx_HAL_Driver/Src/stm32f7xx_ll_usb.c **** 
1682:Drivers/STM32F7xx_HAL_Driver/Src/stm32f7xx_ll_usb.c ****   __IO uint32_t hprt0 = 0U;
 3851              		.loc 1 1682 3 view .LVU1290
 3852              		.loc 1 1682 17 is_stmt 0 view .LVU1291
 3853 0006 0025     		movs	r5, #0
 3854 0008 0195     		str	r5, [sp, #4]
1683:Drivers/STM32F7xx_HAL_Driver/Src/stm32f7xx_ll_usb.c **** 
1684:Drivers/STM32F7xx_HAL_Driver/Src/stm32f7xx_ll_usb.c ****   hprt0 = USBx_HPRT0;
 3855              		.loc 1 1684 3 is_stmt 1 view .LVU1292
 3856              		.loc 1 1684 11 is_stmt 0 view .LVU1293
 3857 000a D0F84034 		ldr	r3, [r0, #1088]
 3858              		.loc 1 1684 9 view .LVU1294
 3859 000e 0193     		str	r3, [sp, #4]
1685:Drivers/STM32F7xx_HAL_Driver/Src/stm32f7xx_ll_usb.c **** 
1686:Drivers/STM32F7xx_HAL_Driver/Src/stm32f7xx_ll_usb.c ****   hprt0 &= ~(USB_OTG_HPRT_PENA | USB_OTG_HPRT_PCDET |
 3860              		.loc 1 1686 3 is_stmt 1 view .LVU1295
 3861              		.loc 1 1686 9 is_stmt 0 view .LVU1296
 3862 0010 019B     		ldr	r3, [sp, #4]
 3863 0012 23F02E03 		bic	r3, r3, #46
 3864 0016 0193     		str	r3, [sp, #4]
1687:Drivers/STM32F7xx_HAL_Driver/Src/stm32f7xx_ll_usb.c ****              USB_OTG_HPRT_PENCHNG | USB_OTG_HPRT_POCCHNG);
1688:Drivers/STM32F7xx_HAL_Driver/Src/stm32f7xx_ll_usb.c **** 
1689:Drivers/STM32F7xx_HAL_Driver/Src/stm32f7xx_ll_usb.c ****   USBx_HPRT0 = (USB_OTG_HPRT_PRST | hprt0);
 3865              		.loc 1 1689 3 is_stmt 1 view .LVU1297
 3866              		.loc 1 1689 35 is_stmt 0 view .LVU1298
 3867 0018 019B     		ldr	r3, [sp, #4]
 3868 001a 43F48073 		orr	r3, r3, #256
 3869              		.loc 1 1689 14 view .LVU1299
 3870 001e C0F84034 		str	r3, [r0, #1088]
1690:Drivers/STM32F7xx_HAL_Driver/Src/stm32f7xx_ll_usb.c ****   HAL_Delay(100U);                                 /* See Note #1 */
 3871              		.loc 1 1690 3 is_stmt 1 view .LVU1300
 3872 0022 6420     		movs	r0, #100
 3873              	.LVL292:
 3874              		.loc 1 1690 3 is_stmt 0 view .LVU1301
 3875 0024 FFF7FEFF 		bl	HAL_Delay
 3876              	.LVL293:
1691:Drivers/STM32F7xx_HAL_Driver/Src/stm32f7xx_ll_usb.c ****   USBx_HPRT0 = ((~USB_OTG_HPRT_PRST) & hprt0);
 3877              		.loc 1 1691 3 is_stmt 1 view .LVU1302
 3878              		.loc 1 1691 38 is_stmt 0 view .LVU1303
 3879 0028 019B     		ldr	r3, [sp, #4]
 3880 002a 23F48073 		bic	r3, r3, #256
 3881              		.loc 1 1691 14 view .LVU1304
 3882 002e C4F84034 		str	r3, [r4, #1088]
ARM GAS  /tmp/ccyYvSLN.s 			page 118


1692:Drivers/STM32F7xx_HAL_Driver/Src/stm32f7xx_ll_usb.c ****   HAL_Delay(10U);
 3883              		.loc 1 1692 3 is_stmt 1 view .LVU1305
 3884 0032 0A20     		movs	r0, #10
 3885 0034 FFF7FEFF 		bl	HAL_Delay
 3886              	.LVL294:
1693:Drivers/STM32F7xx_HAL_Driver/Src/stm32f7xx_ll_usb.c **** 
1694:Drivers/STM32F7xx_HAL_Driver/Src/stm32f7xx_ll_usb.c ****   return HAL_OK;
 3887              		.loc 1 1694 3 view .LVU1306
1695:Drivers/STM32F7xx_HAL_Driver/Src/stm32f7xx_ll_usb.c **** }
 3888              		.loc 1 1695 1 is_stmt 0 view .LVU1307
 3889 0038 2846     		mov	r0, r5
 3890 003a 03B0     		add	sp, sp, #12
 3891              	.LCFI49:
 3892              		.cfi_def_cfa_offset 12
 3893              		@ sp needed
 3894 003c 30BD     		pop	{r4, r5, pc}
 3895              		.loc 1 1695 1 view .LVU1308
 3896              		.cfi_endproc
 3897              	.LFE178:
 3899              		.section	.text.USB_DriveVbus,"ax",%progbits
 3900              		.align	1
 3901              		.global	USB_DriveVbus
 3902              		.syntax unified
 3903              		.thumb
 3904              		.thumb_func
 3906              	USB_DriveVbus:
 3907              	.LVL295:
 3908              	.LFB179:
1696:Drivers/STM32F7xx_HAL_Driver/Src/stm32f7xx_ll_usb.c **** 
1697:Drivers/STM32F7xx_HAL_Driver/Src/stm32f7xx_ll_usb.c **** /**
1698:Drivers/STM32F7xx_HAL_Driver/Src/stm32f7xx_ll_usb.c ****   * @brief  USB_DriveVbus : activate or de-activate vbus
1699:Drivers/STM32F7xx_HAL_Driver/Src/stm32f7xx_ll_usb.c ****   * @param  state  VBUS state
1700:Drivers/STM32F7xx_HAL_Driver/Src/stm32f7xx_ll_usb.c ****   *          This parameter can be one of these values:
1701:Drivers/STM32F7xx_HAL_Driver/Src/stm32f7xx_ll_usb.c ****   *           0 : Deactivate VBUS
1702:Drivers/STM32F7xx_HAL_Driver/Src/stm32f7xx_ll_usb.c ****   *           1 : Activate VBUS
1703:Drivers/STM32F7xx_HAL_Driver/Src/stm32f7xx_ll_usb.c ****   * @retval HAL status
1704:Drivers/STM32F7xx_HAL_Driver/Src/stm32f7xx_ll_usb.c ****   */
1705:Drivers/STM32F7xx_HAL_Driver/Src/stm32f7xx_ll_usb.c **** HAL_StatusTypeDef USB_DriveVbus(const USB_OTG_GlobalTypeDef *USBx, uint8_t state)
1706:Drivers/STM32F7xx_HAL_Driver/Src/stm32f7xx_ll_usb.c **** {
 3909              		.loc 1 1706 1 is_stmt 1 view -0
 3910              		.cfi_startproc
 3911              		@ args = 0, pretend = 0, frame = 8
 3912              		@ frame_needed = 0, uses_anonymous_args = 0
 3913              		@ link register save eliminated.
 3914              		.loc 1 1706 1 is_stmt 0 view .LVU1310
 3915 0000 82B0     		sub	sp, sp, #8
 3916              	.LCFI50:
 3917              		.cfi_def_cfa_offset 8
1707:Drivers/STM32F7xx_HAL_Driver/Src/stm32f7xx_ll_usb.c ****   uint32_t USBx_BASE = (uint32_t)USBx;
 3918              		.loc 1 1707 3 is_stmt 1 view .LVU1311
 3919              	.LVL296:
1708:Drivers/STM32F7xx_HAL_Driver/Src/stm32f7xx_ll_usb.c ****   __IO uint32_t hprt0 = 0U;
 3920              		.loc 1 1708 3 view .LVU1312
 3921              		.loc 1 1708 17 is_stmt 0 view .LVU1313
 3922 0002 0023     		movs	r3, #0
 3923 0004 0193     		str	r3, [sp, #4]
1709:Drivers/STM32F7xx_HAL_Driver/Src/stm32f7xx_ll_usb.c **** 
ARM GAS  /tmp/ccyYvSLN.s 			page 119


1710:Drivers/STM32F7xx_HAL_Driver/Src/stm32f7xx_ll_usb.c ****   hprt0 = USBx_HPRT0;
 3924              		.loc 1 1710 3 is_stmt 1 view .LVU1314
 3925              		.loc 1 1710 11 is_stmt 0 view .LVU1315
 3926 0006 D0F84034 		ldr	r3, [r0, #1088]
 3927              		.loc 1 1710 9 view .LVU1316
 3928 000a 0193     		str	r3, [sp, #4]
1711:Drivers/STM32F7xx_HAL_Driver/Src/stm32f7xx_ll_usb.c **** 
1712:Drivers/STM32F7xx_HAL_Driver/Src/stm32f7xx_ll_usb.c ****   hprt0 &= ~(USB_OTG_HPRT_PENA | USB_OTG_HPRT_PCDET |
 3929              		.loc 1 1712 3 is_stmt 1 view .LVU1317
 3930              		.loc 1 1712 9 is_stmt 0 view .LVU1318
 3931 000c 019B     		ldr	r3, [sp, #4]
 3932 000e 23F02E03 		bic	r3, r3, #46
 3933 0012 0193     		str	r3, [sp, #4]
1713:Drivers/STM32F7xx_HAL_Driver/Src/stm32f7xx_ll_usb.c ****              USB_OTG_HPRT_PENCHNG | USB_OTG_HPRT_POCCHNG);
1714:Drivers/STM32F7xx_HAL_Driver/Src/stm32f7xx_ll_usb.c **** 
1715:Drivers/STM32F7xx_HAL_Driver/Src/stm32f7xx_ll_usb.c ****   if (((hprt0 & USB_OTG_HPRT_PPWR) == 0U) && (state == 1U))
 3934              		.loc 1 1715 3 is_stmt 1 view .LVU1319
 3935              		.loc 1 1715 15 is_stmt 0 view .LVU1320
 3936 0014 019B     		ldr	r3, [sp, #4]
 3937              		.loc 1 1715 6 view .LVU1321
 3938 0016 13F4805F 		tst	r3, #4096
 3939 001a 01D1     		bne	.L251
 3940              		.loc 1 1715 43 discriminator 1 view .LVU1322
 3941 001c 0129     		cmp	r1, #1
 3942 001e 0CD0     		beq	.L254
 3943              	.L251:
1716:Drivers/STM32F7xx_HAL_Driver/Src/stm32f7xx_ll_usb.c ****   {
1717:Drivers/STM32F7xx_HAL_Driver/Src/stm32f7xx_ll_usb.c ****     USBx_HPRT0 = (USB_OTG_HPRT_PPWR | hprt0);
1718:Drivers/STM32F7xx_HAL_Driver/Src/stm32f7xx_ll_usb.c ****   }
1719:Drivers/STM32F7xx_HAL_Driver/Src/stm32f7xx_ll_usb.c ****   if (((hprt0 & USB_OTG_HPRT_PPWR) == USB_OTG_HPRT_PPWR) && (state == 0U))
 3944              		.loc 1 1719 3 is_stmt 1 view .LVU1323
 3945              		.loc 1 1719 15 is_stmt 0 view .LVU1324
 3946 0020 019B     		ldr	r3, [sp, #4]
 3947              		.loc 1 1719 6 view .LVU1325
 3948 0022 13F4805F 		tst	r3, #4096
 3949 0026 05D0     		beq	.L252
 3950              		.loc 1 1719 58 discriminator 1 view .LVU1326
 3951 0028 21B9     		cbnz	r1, .L252
1720:Drivers/STM32F7xx_HAL_Driver/Src/stm32f7xx_ll_usb.c ****   {
1721:Drivers/STM32F7xx_HAL_Driver/Src/stm32f7xx_ll_usb.c ****     USBx_HPRT0 = ((~USB_OTG_HPRT_PPWR) & hprt0);
 3952              		.loc 1 1721 5 is_stmt 1 view .LVU1327
 3953              		.loc 1 1721 40 is_stmt 0 view .LVU1328
 3954 002a 019B     		ldr	r3, [sp, #4]
 3955 002c 23F48053 		bic	r3, r3, #4096
 3956              		.loc 1 1721 16 view .LVU1329
 3957 0030 C0F84034 		str	r3, [r0, #1088]
 3958              	.L252:
1722:Drivers/STM32F7xx_HAL_Driver/Src/stm32f7xx_ll_usb.c ****   }
1723:Drivers/STM32F7xx_HAL_Driver/Src/stm32f7xx_ll_usb.c ****   return HAL_OK;
 3959              		.loc 1 1723 3 is_stmt 1 view .LVU1330
1724:Drivers/STM32F7xx_HAL_Driver/Src/stm32f7xx_ll_usb.c **** }
 3960              		.loc 1 1724 1 is_stmt 0 view .LVU1331
 3961 0034 0020     		movs	r0, #0
 3962              	.LVL297:
 3963              		.loc 1 1724 1 view .LVU1332
 3964 0036 02B0     		add	sp, sp, #8
 3965              	.LCFI51:
ARM GAS  /tmp/ccyYvSLN.s 			page 120


 3966              		.cfi_remember_state
 3967              		.cfi_def_cfa_offset 0
 3968              		@ sp needed
 3969 0038 7047     		bx	lr
 3970              	.LVL298:
 3971              	.L254:
 3972              	.LCFI52:
 3973              		.cfi_restore_state
1717:Drivers/STM32F7xx_HAL_Driver/Src/stm32f7xx_ll_usb.c ****   }
 3974              		.loc 1 1717 5 is_stmt 1 view .LVU1333
1717:Drivers/STM32F7xx_HAL_Driver/Src/stm32f7xx_ll_usb.c ****   }
 3975              		.loc 1 1717 37 is_stmt 0 view .LVU1334
 3976 003a 019B     		ldr	r3, [sp, #4]
 3977 003c 43F48053 		orr	r3, r3, #4096
1717:Drivers/STM32F7xx_HAL_Driver/Src/stm32f7xx_ll_usb.c ****   }
 3978              		.loc 1 1717 16 view .LVU1335
 3979 0040 C0F84034 		str	r3, [r0, #1088]
 3980 0044 ECE7     		b	.L251
 3981              		.cfi_endproc
 3982              	.LFE179:
 3984              		.section	.text.USB_GetHostSpeed,"ax",%progbits
 3985              		.align	1
 3986              		.global	USB_GetHostSpeed
 3987              		.syntax unified
 3988              		.thumb
 3989              		.thumb_func
 3991              	USB_GetHostSpeed:
 3992              	.LVL299:
 3993              	.LFB180:
1725:Drivers/STM32F7xx_HAL_Driver/Src/stm32f7xx_ll_usb.c **** 
1726:Drivers/STM32F7xx_HAL_Driver/Src/stm32f7xx_ll_usb.c **** /**
1727:Drivers/STM32F7xx_HAL_Driver/Src/stm32f7xx_ll_usb.c ****   * @brief  Return Host Port speed
1728:Drivers/STM32F7xx_HAL_Driver/Src/stm32f7xx_ll_usb.c ****   * @param  USBx  Selected device
1729:Drivers/STM32F7xx_HAL_Driver/Src/stm32f7xx_ll_usb.c ****   * @retval speed : Host port device speed
1730:Drivers/STM32F7xx_HAL_Driver/Src/stm32f7xx_ll_usb.c ****   *          This parameter can be one of these values:
1731:Drivers/STM32F7xx_HAL_Driver/Src/stm32f7xx_ll_usb.c ****   *            @arg HCD_DEVICE_SPEED_HIGH: High speed mode
1732:Drivers/STM32F7xx_HAL_Driver/Src/stm32f7xx_ll_usb.c ****   *            @arg HCD_DEVICE_SPEED_FULL: Full speed mode
1733:Drivers/STM32F7xx_HAL_Driver/Src/stm32f7xx_ll_usb.c ****   *            @arg HCD_DEVICE_SPEED_LOW: Low speed mode
1734:Drivers/STM32F7xx_HAL_Driver/Src/stm32f7xx_ll_usb.c ****   */
1735:Drivers/STM32F7xx_HAL_Driver/Src/stm32f7xx_ll_usb.c **** uint32_t USB_GetHostSpeed(USB_OTG_GlobalTypeDef const *USBx)
1736:Drivers/STM32F7xx_HAL_Driver/Src/stm32f7xx_ll_usb.c **** {
 3994              		.loc 1 1736 1 is_stmt 1 view -0
 3995              		.cfi_startproc
 3996              		@ args = 0, pretend = 0, frame = 8
 3997              		@ frame_needed = 0, uses_anonymous_args = 0
 3998              		@ link register save eliminated.
 3999              		.loc 1 1736 1 is_stmt 0 view .LVU1337
 4000 0000 82B0     		sub	sp, sp, #8
 4001              	.LCFI53:
 4002              		.cfi_def_cfa_offset 8
1737:Drivers/STM32F7xx_HAL_Driver/Src/stm32f7xx_ll_usb.c ****   uint32_t USBx_BASE = (uint32_t)USBx;
 4003              		.loc 1 1737 3 is_stmt 1 view .LVU1338
 4004              	.LVL300:
1738:Drivers/STM32F7xx_HAL_Driver/Src/stm32f7xx_ll_usb.c ****   __IO uint32_t hprt0 = 0U;
 4005              		.loc 1 1738 3 view .LVU1339
 4006              		.loc 1 1738 17 is_stmt 0 view .LVU1340
 4007 0002 0023     		movs	r3, #0
ARM GAS  /tmp/ccyYvSLN.s 			page 121


 4008 0004 0193     		str	r3, [sp, #4]
1739:Drivers/STM32F7xx_HAL_Driver/Src/stm32f7xx_ll_usb.c **** 
1740:Drivers/STM32F7xx_HAL_Driver/Src/stm32f7xx_ll_usb.c ****   hprt0 = USBx_HPRT0;
 4009              		.loc 1 1740 3 is_stmt 1 view .LVU1341
 4010              		.loc 1 1740 11 is_stmt 0 view .LVU1342
 4011 0006 D0F84034 		ldr	r3, [r0, #1088]
 4012              		.loc 1 1740 9 view .LVU1343
 4013 000a 0193     		str	r3, [sp, #4]
1741:Drivers/STM32F7xx_HAL_Driver/Src/stm32f7xx_ll_usb.c ****   return ((hprt0 & USB_OTG_HPRT_PSPD) >> 17);
 4014              		.loc 1 1741 3 is_stmt 1 view .LVU1344
 4015              		.loc 1 1741 39 is_stmt 0 view .LVU1345
 4016 000c 0198     		ldr	r0, [sp, #4]
 4017              	.LVL301:
1742:Drivers/STM32F7xx_HAL_Driver/Src/stm32f7xx_ll_usb.c **** }
 4018              		.loc 1 1742 1 view .LVU1346
 4019 000e C0F34140 		ubfx	r0, r0, #17, #2
 4020 0012 02B0     		add	sp, sp, #8
 4021              	.LCFI54:
 4022              		.cfi_def_cfa_offset 0
 4023              		@ sp needed
 4024 0014 7047     		bx	lr
 4025              		.cfi_endproc
 4026              	.LFE180:
 4028              		.section	.text.USB_GetCurrentFrame,"ax",%progbits
 4029              		.align	1
 4030              		.global	USB_GetCurrentFrame
 4031              		.syntax unified
 4032              		.thumb
 4033              		.thumb_func
 4035              	USB_GetCurrentFrame:
 4036              	.LVL302:
 4037              	.LFB181:
1743:Drivers/STM32F7xx_HAL_Driver/Src/stm32f7xx_ll_usb.c **** 
1744:Drivers/STM32F7xx_HAL_Driver/Src/stm32f7xx_ll_usb.c **** /**
1745:Drivers/STM32F7xx_HAL_Driver/Src/stm32f7xx_ll_usb.c ****   * @brief  Return Host Current Frame number
1746:Drivers/STM32F7xx_HAL_Driver/Src/stm32f7xx_ll_usb.c ****   * @param  USBx  Selected device
1747:Drivers/STM32F7xx_HAL_Driver/Src/stm32f7xx_ll_usb.c ****   * @retval current frame number
1748:Drivers/STM32F7xx_HAL_Driver/Src/stm32f7xx_ll_usb.c ****   */
1749:Drivers/STM32F7xx_HAL_Driver/Src/stm32f7xx_ll_usb.c **** uint32_t USB_GetCurrentFrame(USB_OTG_GlobalTypeDef const *USBx)
1750:Drivers/STM32F7xx_HAL_Driver/Src/stm32f7xx_ll_usb.c **** {
 4038              		.loc 1 1750 1 is_stmt 1 view -0
 4039              		.cfi_startproc
 4040              		@ args = 0, pretend = 0, frame = 0
 4041              		@ frame_needed = 0, uses_anonymous_args = 0
 4042              		@ link register save eliminated.
1751:Drivers/STM32F7xx_HAL_Driver/Src/stm32f7xx_ll_usb.c ****   uint32_t USBx_BASE = (uint32_t)USBx;
 4043              		.loc 1 1751 3 view .LVU1348
1752:Drivers/STM32F7xx_HAL_Driver/Src/stm32f7xx_ll_usb.c **** 
1753:Drivers/STM32F7xx_HAL_Driver/Src/stm32f7xx_ll_usb.c ****   return (USBx_HOST->HFNUM & USB_OTG_HFNUM_FRNUM);
 4044              		.loc 1 1753 3 view .LVU1349
 4045              		.loc 1 1753 11 is_stmt 0 view .LVU1350
 4046 0000 00F58060 		add	r0, r0, #1024
 4047              	.LVL303:
 4048              		.loc 1 1753 20 view .LVU1351
 4049 0004 8068     		ldr	r0, [r0, #8]
 4050              	.LVL304:
1754:Drivers/STM32F7xx_HAL_Driver/Src/stm32f7xx_ll_usb.c **** }
ARM GAS  /tmp/ccyYvSLN.s 			page 122


 4051              		.loc 1 1754 1 view .LVU1352
 4052 0006 80B2     		uxth	r0, r0
 4053 0008 7047     		bx	lr
 4054              		.cfi_endproc
 4055              	.LFE181:
 4057              		.section	.text.USB_HC_Init,"ax",%progbits
 4058              		.align	1
 4059              		.global	USB_HC_Init
 4060              		.syntax unified
 4061              		.thumb
 4062              		.thumb_func
 4064              	USB_HC_Init:
 4065              	.LVL305:
 4066              	.LFB182:
1755:Drivers/STM32F7xx_HAL_Driver/Src/stm32f7xx_ll_usb.c **** 
1756:Drivers/STM32F7xx_HAL_Driver/Src/stm32f7xx_ll_usb.c **** /**
1757:Drivers/STM32F7xx_HAL_Driver/Src/stm32f7xx_ll_usb.c ****   * @brief  Initialize a host channel
1758:Drivers/STM32F7xx_HAL_Driver/Src/stm32f7xx_ll_usb.c ****   * @param  USBx  Selected device
1759:Drivers/STM32F7xx_HAL_Driver/Src/stm32f7xx_ll_usb.c ****   * @param  ch_num  Channel number
1760:Drivers/STM32F7xx_HAL_Driver/Src/stm32f7xx_ll_usb.c ****   *         This parameter can be a value from 1 to 15
1761:Drivers/STM32F7xx_HAL_Driver/Src/stm32f7xx_ll_usb.c ****   * @param  epnum  Endpoint number
1762:Drivers/STM32F7xx_HAL_Driver/Src/stm32f7xx_ll_usb.c ****   *          This parameter can be a value from 1 to 15
1763:Drivers/STM32F7xx_HAL_Driver/Src/stm32f7xx_ll_usb.c ****   * @param  dev_address  Current device address
1764:Drivers/STM32F7xx_HAL_Driver/Src/stm32f7xx_ll_usb.c ****   *          This parameter can be a value from 0 to 255
1765:Drivers/STM32F7xx_HAL_Driver/Src/stm32f7xx_ll_usb.c ****   * @param  speed  Current device speed
1766:Drivers/STM32F7xx_HAL_Driver/Src/stm32f7xx_ll_usb.c ****   *          This parameter can be one of these values:
1767:Drivers/STM32F7xx_HAL_Driver/Src/stm32f7xx_ll_usb.c ****   *            @arg USB_OTG_SPEED_HIGH: High speed mode
1768:Drivers/STM32F7xx_HAL_Driver/Src/stm32f7xx_ll_usb.c ****   *            @arg USB_OTG_SPEED_FULL: Full speed mode
1769:Drivers/STM32F7xx_HAL_Driver/Src/stm32f7xx_ll_usb.c ****   *            @arg USB_OTG_SPEED_LOW: Low speed mode
1770:Drivers/STM32F7xx_HAL_Driver/Src/stm32f7xx_ll_usb.c ****   * @param  ep_type  Endpoint Type
1771:Drivers/STM32F7xx_HAL_Driver/Src/stm32f7xx_ll_usb.c ****   *          This parameter can be one of these values:
1772:Drivers/STM32F7xx_HAL_Driver/Src/stm32f7xx_ll_usb.c ****   *            @arg EP_TYPE_CTRL: Control type
1773:Drivers/STM32F7xx_HAL_Driver/Src/stm32f7xx_ll_usb.c ****   *            @arg EP_TYPE_ISOC: Isochronous type
1774:Drivers/STM32F7xx_HAL_Driver/Src/stm32f7xx_ll_usb.c ****   *            @arg EP_TYPE_BULK: Bulk type
1775:Drivers/STM32F7xx_HAL_Driver/Src/stm32f7xx_ll_usb.c ****   *            @arg EP_TYPE_INTR: Interrupt type
1776:Drivers/STM32F7xx_HAL_Driver/Src/stm32f7xx_ll_usb.c ****   * @param  mps  Max Packet Size
1777:Drivers/STM32F7xx_HAL_Driver/Src/stm32f7xx_ll_usb.c ****   *          This parameter can be a value from 0 to 32K
1778:Drivers/STM32F7xx_HAL_Driver/Src/stm32f7xx_ll_usb.c ****   * @retval HAL state
1779:Drivers/STM32F7xx_HAL_Driver/Src/stm32f7xx_ll_usb.c ****   */
1780:Drivers/STM32F7xx_HAL_Driver/Src/stm32f7xx_ll_usb.c **** HAL_StatusTypeDef USB_HC_Init(USB_OTG_GlobalTypeDef *USBx, uint8_t ch_num,
1781:Drivers/STM32F7xx_HAL_Driver/Src/stm32f7xx_ll_usb.c ****                               uint8_t epnum, uint8_t dev_address, uint8_t speed,
1782:Drivers/STM32F7xx_HAL_Driver/Src/stm32f7xx_ll_usb.c ****                               uint8_t ep_type, uint16_t mps)
1783:Drivers/STM32F7xx_HAL_Driver/Src/stm32f7xx_ll_usb.c **** {
 4067              		.loc 1 1783 1 is_stmt 1 view -0
 4068              		.cfi_startproc
 4069              		@ args = 12, pretend = 0, frame = 0
 4070              		@ frame_needed = 0, uses_anonymous_args = 0
 4071              		.loc 1 1783 1 is_stmt 0 view .LVU1354
 4072 0000 2DE9F843 		push	{r3, r4, r5, r6, r7, r8, r9, lr}
 4073              	.LCFI55:
 4074              		.cfi_def_cfa_offset 32
 4075              		.cfi_offset 3, -32
 4076              		.cfi_offset 4, -28
 4077              		.cfi_offset 5, -24
 4078              		.cfi_offset 6, -20
 4079              		.cfi_offset 7, -16
 4080              		.cfi_offset 8, -12
ARM GAS  /tmp/ccyYvSLN.s 			page 123


 4081              		.cfi_offset 9, -8
 4082              		.cfi_offset 14, -4
 4083 0004 9146     		mov	r9, r2
 4084 0006 1C46     		mov	r4, r3
 4085 0008 9DF82450 		ldrb	r5, [sp, #36]	@ zero_extendqisi2
1784:Drivers/STM32F7xx_HAL_Driver/Src/stm32f7xx_ll_usb.c ****   HAL_StatusTypeDef ret = HAL_OK;
 4086              		.loc 1 1784 3 is_stmt 1 view .LVU1355
 4087              	.LVL306:
1785:Drivers/STM32F7xx_HAL_Driver/Src/stm32f7xx_ll_usb.c ****   uint32_t USBx_BASE = (uint32_t)USBx;
 4088              		.loc 1 1785 3 view .LVU1356
1786:Drivers/STM32F7xx_HAL_Driver/Src/stm32f7xx_ll_usb.c ****   uint32_t HCcharEpDir;
 4089              		.loc 1 1786 3 view .LVU1357
1787:Drivers/STM32F7xx_HAL_Driver/Src/stm32f7xx_ll_usb.c ****   uint32_t HCcharLowSpeed;
 4090              		.loc 1 1787 3 view .LVU1358
1788:Drivers/STM32F7xx_HAL_Driver/Src/stm32f7xx_ll_usb.c ****   uint32_t HostCoreSpeed;
 4091              		.loc 1 1788 3 view .LVU1359
1789:Drivers/STM32F7xx_HAL_Driver/Src/stm32f7xx_ll_usb.c **** 
1790:Drivers/STM32F7xx_HAL_Driver/Src/stm32f7xx_ll_usb.c ****   /* Clear old interrupt conditions for this host channel. */
1791:Drivers/STM32F7xx_HAL_Driver/Src/stm32f7xx_ll_usb.c ****   USBx_HC((uint32_t)ch_num)->HCINT = CLEAR_INTERRUPT_MASK;
 4092              		.loc 1 1791 3 view .LVU1360
 4093 000c 00EB4116 		add	r6, r0, r1, lsl #5
 4094 0010 06F5A063 		add	r3, r6, #1280
 4095              	.LVL307:
 4096              		.loc 1 1791 36 is_stmt 0 view .LVU1361
 4097 0014 4FF0FF32 		mov	r2, #-1
 4098              	.LVL308:
 4099              		.loc 1 1791 36 view .LVU1362
 4100 0018 9A60     		str	r2, [r3, #8]
1792:Drivers/STM32F7xx_HAL_Driver/Src/stm32f7xx_ll_usb.c **** 
1793:Drivers/STM32F7xx_HAL_Driver/Src/stm32f7xx_ll_usb.c ****   /* Enable channel interrupts required for this transfer. */
1794:Drivers/STM32F7xx_HAL_Driver/Src/stm32f7xx_ll_usb.c ****   switch (ep_type)
 4101              		.loc 1 1794 3 is_stmt 1 view .LVU1363
 4102 001a 032D     		cmp	r5, #3
 4103 001c 00F28380 		bhi	.L268
 4104 0020 DFE805F0 		tbb	[pc, r5]
 4105              	.L261:
 4106 0024 02       		.byte	(.L262-.L261)/2
 4107 0025 73       		.byte	(.L263-.L261)/2
 4108 0026 02       		.byte	(.L262-.L261)/2
 4109 0027 19       		.byte	(.L260-.L261)/2
 4110              		.p2align 1
 4111              	.L262:
1795:Drivers/STM32F7xx_HAL_Driver/Src/stm32f7xx_ll_usb.c ****   {
1796:Drivers/STM32F7xx_HAL_Driver/Src/stm32f7xx_ll_usb.c ****     case EP_TYPE_CTRL:
1797:Drivers/STM32F7xx_HAL_Driver/Src/stm32f7xx_ll_usb.c ****     case EP_TYPE_BULK:
1798:Drivers/STM32F7xx_HAL_Driver/Src/stm32f7xx_ll_usb.c ****       USBx_HC((uint32_t)ch_num)->HCINTMSK = USB_OTG_HCINTMSK_XFRCM  |
 4112              		.loc 1 1798 7 view .LVU1364
 4113              		.loc 1 1798 43 is_stmt 0 view .LVU1365
 4114 0028 40F29D42 		movw	r2, #1181
 4115 002c DA60     		str	r2, [r3, #12]
1799:Drivers/STM32F7xx_HAL_Driver/Src/stm32f7xx_ll_usb.c ****                                             USB_OTG_HCINTMSK_STALLM |
1800:Drivers/STM32F7xx_HAL_Driver/Src/stm32f7xx_ll_usb.c ****                                             USB_OTG_HCINTMSK_TXERRM |
1801:Drivers/STM32F7xx_HAL_Driver/Src/stm32f7xx_ll_usb.c ****                                             USB_OTG_HCINTMSK_DTERRM |
1802:Drivers/STM32F7xx_HAL_Driver/Src/stm32f7xx_ll_usb.c ****                                             USB_OTG_HCINTMSK_AHBERR |
1803:Drivers/STM32F7xx_HAL_Driver/Src/stm32f7xx_ll_usb.c ****                                             USB_OTG_HCINTMSK_NAKM;
1804:Drivers/STM32F7xx_HAL_Driver/Src/stm32f7xx_ll_usb.c **** 
1805:Drivers/STM32F7xx_HAL_Driver/Src/stm32f7xx_ll_usb.c ****       if ((epnum & 0x80U) == 0x80U)
ARM GAS  /tmp/ccyYvSLN.s 			page 124


 4116              		.loc 1 1805 7 is_stmt 1 view .LVU1366
 4117              		.loc 1 1805 10 is_stmt 0 view .LVU1367
 4118 002e 19F0800F 		tst	r9, #128
 4119 0032 04D1     		bne	.L275
1806:Drivers/STM32F7xx_HAL_Driver/Src/stm32f7xx_ll_usb.c ****       {
1807:Drivers/STM32F7xx_HAL_Driver/Src/stm32f7xx_ll_usb.c ****         USBx_HC((uint32_t)ch_num)->HCINTMSK |= USB_OTG_HCINTMSK_BBERRM;
1808:Drivers/STM32F7xx_HAL_Driver/Src/stm32f7xx_ll_usb.c ****       }
1809:Drivers/STM32F7xx_HAL_Driver/Src/stm32f7xx_ll_usb.c ****       else
1810:Drivers/STM32F7xx_HAL_Driver/Src/stm32f7xx_ll_usb.c ****       {
1811:Drivers/STM32F7xx_HAL_Driver/Src/stm32f7xx_ll_usb.c **** #if defined (USB_OTG_HS)
1812:Drivers/STM32F7xx_HAL_Driver/Src/stm32f7xx_ll_usb.c ****         if (USBx == USB_OTG_HS)
 4120              		.loc 1 1812 9 is_stmt 1 view .LVU1368
 4121              		.loc 1 1812 12 is_stmt 0 view .LVU1369
 4122 0034 3F4A     		ldr	r2, .L280
 4123 0036 9042     		cmp	r0, r2
 4124 0038 07D0     		beq	.L276
1784:Drivers/STM32F7xx_HAL_Driver/Src/stm32f7xx_ll_usb.c ****   uint32_t USBx_BASE = (uint32_t)USBx;
 4125              		.loc 1 1784 21 view .LVU1370
 4126 003a 0027     		movs	r7, #0
 4127 003c 12E0     		b	.L259
 4128              	.L275:
1807:Drivers/STM32F7xx_HAL_Driver/Src/stm32f7xx_ll_usb.c ****       }
 4129              		.loc 1 1807 9 is_stmt 1 view .LVU1371
1807:Drivers/STM32F7xx_HAL_Driver/Src/stm32f7xx_ll_usb.c ****       }
 4130              		.loc 1 1807 34 is_stmt 0 view .LVU1372
 4131 003e DA68     		ldr	r2, [r3, #12]
1807:Drivers/STM32F7xx_HAL_Driver/Src/stm32f7xx_ll_usb.c ****       }
 4132              		.loc 1 1807 45 view .LVU1373
 4133 0040 42F48072 		orr	r2, r2, #256
 4134 0044 DA60     		str	r2, [r3, #12]
1784:Drivers/STM32F7xx_HAL_Driver/Src/stm32f7xx_ll_usb.c ****   uint32_t USBx_BASE = (uint32_t)USBx;
 4135              		.loc 1 1784 21 view .LVU1374
 4136 0046 0027     		movs	r7, #0
 4137 0048 0CE0     		b	.L259
 4138              	.L276:
1813:Drivers/STM32F7xx_HAL_Driver/Src/stm32f7xx_ll_usb.c ****         {
1814:Drivers/STM32F7xx_HAL_Driver/Src/stm32f7xx_ll_usb.c ****           USBx_HC((uint32_t)ch_num)->HCINTMSK |= USB_OTG_HCINTMSK_NYET |
 4139              		.loc 1 1814 11 is_stmt 1 view .LVU1375
 4140              		.loc 1 1814 36 is_stmt 0 view .LVU1376
 4141 004a DA68     		ldr	r2, [r3, #12]
 4142              		.loc 1 1814 47 view .LVU1377
 4143 004c 42F06002 		orr	r2, r2, #96
 4144 0050 DA60     		str	r2, [r3, #12]
1784:Drivers/STM32F7xx_HAL_Driver/Src/stm32f7xx_ll_usb.c ****   uint32_t USBx_BASE = (uint32_t)USBx;
 4145              		.loc 1 1784 21 view .LVU1378
 4146 0052 0027     		movs	r7, #0
 4147 0054 06E0     		b	.L259
 4148              	.L260:
1815:Drivers/STM32F7xx_HAL_Driver/Src/stm32f7xx_ll_usb.c ****                                                  USB_OTG_HCINTMSK_ACKM;
1816:Drivers/STM32F7xx_HAL_Driver/Src/stm32f7xx_ll_usb.c ****         }
1817:Drivers/STM32F7xx_HAL_Driver/Src/stm32f7xx_ll_usb.c **** #endif /* defined (USB_OTG_HS) */
1818:Drivers/STM32F7xx_HAL_Driver/Src/stm32f7xx_ll_usb.c ****       }
1819:Drivers/STM32F7xx_HAL_Driver/Src/stm32f7xx_ll_usb.c ****       break;
1820:Drivers/STM32F7xx_HAL_Driver/Src/stm32f7xx_ll_usb.c **** 
1821:Drivers/STM32F7xx_HAL_Driver/Src/stm32f7xx_ll_usb.c ****     case EP_TYPE_INTR:
1822:Drivers/STM32F7xx_HAL_Driver/Src/stm32f7xx_ll_usb.c ****       USBx_HC((uint32_t)ch_num)->HCINTMSK = USB_OTG_HCINTMSK_XFRCM  |
 4149              		.loc 1 1822 7 is_stmt 1 view .LVU1379
ARM GAS  /tmp/ccyYvSLN.s 			page 125


 4150              		.loc 1 1822 43 is_stmt 0 view .LVU1380
 4151 0056 40F29D62 		movw	r2, #1693
 4152 005a DA60     		str	r2, [r3, #12]
1823:Drivers/STM32F7xx_HAL_Driver/Src/stm32f7xx_ll_usb.c ****                                             USB_OTG_HCINTMSK_STALLM |
1824:Drivers/STM32F7xx_HAL_Driver/Src/stm32f7xx_ll_usb.c ****                                             USB_OTG_HCINTMSK_TXERRM |
1825:Drivers/STM32F7xx_HAL_Driver/Src/stm32f7xx_ll_usb.c ****                                             USB_OTG_HCINTMSK_DTERRM |
1826:Drivers/STM32F7xx_HAL_Driver/Src/stm32f7xx_ll_usb.c ****                                             USB_OTG_HCINTMSK_NAKM   |
1827:Drivers/STM32F7xx_HAL_Driver/Src/stm32f7xx_ll_usb.c ****                                             USB_OTG_HCINTMSK_AHBERR |
1828:Drivers/STM32F7xx_HAL_Driver/Src/stm32f7xx_ll_usb.c ****                                             USB_OTG_HCINTMSK_FRMORM;
1829:Drivers/STM32F7xx_HAL_Driver/Src/stm32f7xx_ll_usb.c **** 
1830:Drivers/STM32F7xx_HAL_Driver/Src/stm32f7xx_ll_usb.c ****       if ((epnum & 0x80U) == 0x80U)
 4153              		.loc 1 1830 7 is_stmt 1 view .LVU1381
 4154              		.loc 1 1830 10 is_stmt 0 view .LVU1382
 4155 005c 19F0800F 		tst	r9, #128
 4156 0060 4DD1     		bne	.L277
1784:Drivers/STM32F7xx_HAL_Driver/Src/stm32f7xx_ll_usb.c ****   uint32_t USBx_BASE = (uint32_t)USBx;
 4157              		.loc 1 1784 21 view .LVU1383
 4158 0062 0027     		movs	r7, #0
 4159              	.L259:
 4160              	.LVL309:
1831:Drivers/STM32F7xx_HAL_Driver/Src/stm32f7xx_ll_usb.c ****       {
1832:Drivers/STM32F7xx_HAL_Driver/Src/stm32f7xx_ll_usb.c ****         USBx_HC((uint32_t)ch_num)->HCINTMSK |= USB_OTG_HCINTMSK_BBERRM;
1833:Drivers/STM32F7xx_HAL_Driver/Src/stm32f7xx_ll_usb.c ****       }
1834:Drivers/STM32F7xx_HAL_Driver/Src/stm32f7xx_ll_usb.c **** 
1835:Drivers/STM32F7xx_HAL_Driver/Src/stm32f7xx_ll_usb.c ****       break;
1836:Drivers/STM32F7xx_HAL_Driver/Src/stm32f7xx_ll_usb.c **** 
1837:Drivers/STM32F7xx_HAL_Driver/Src/stm32f7xx_ll_usb.c ****     case EP_TYPE_ISOC:
1838:Drivers/STM32F7xx_HAL_Driver/Src/stm32f7xx_ll_usb.c ****       USBx_HC((uint32_t)ch_num)->HCINTMSK = USB_OTG_HCINTMSK_XFRCM  |
1839:Drivers/STM32F7xx_HAL_Driver/Src/stm32f7xx_ll_usb.c ****                                             USB_OTG_HCINTMSK_ACKM   |
1840:Drivers/STM32F7xx_HAL_Driver/Src/stm32f7xx_ll_usb.c ****                                             USB_OTG_HCINTMSK_AHBERR |
1841:Drivers/STM32F7xx_HAL_Driver/Src/stm32f7xx_ll_usb.c ****                                             USB_OTG_HCINTMSK_FRMORM;
1842:Drivers/STM32F7xx_HAL_Driver/Src/stm32f7xx_ll_usb.c **** 
1843:Drivers/STM32F7xx_HAL_Driver/Src/stm32f7xx_ll_usb.c ****       if ((epnum & 0x80U) == 0x80U)
1844:Drivers/STM32F7xx_HAL_Driver/Src/stm32f7xx_ll_usb.c ****       {
1845:Drivers/STM32F7xx_HAL_Driver/Src/stm32f7xx_ll_usb.c ****         USBx_HC((uint32_t)ch_num)->HCINTMSK |= (USB_OTG_HCINTMSK_TXERRM | USB_OTG_HCINTMSK_BBERRM);
1846:Drivers/STM32F7xx_HAL_Driver/Src/stm32f7xx_ll_usb.c ****       }
1847:Drivers/STM32F7xx_HAL_Driver/Src/stm32f7xx_ll_usb.c ****       break;
1848:Drivers/STM32F7xx_HAL_Driver/Src/stm32f7xx_ll_usb.c **** 
1849:Drivers/STM32F7xx_HAL_Driver/Src/stm32f7xx_ll_usb.c ****     default:
1850:Drivers/STM32F7xx_HAL_Driver/Src/stm32f7xx_ll_usb.c ****       ret = HAL_ERROR;
1851:Drivers/STM32F7xx_HAL_Driver/Src/stm32f7xx_ll_usb.c ****       break;
1852:Drivers/STM32F7xx_HAL_Driver/Src/stm32f7xx_ll_usb.c ****   }
1853:Drivers/STM32F7xx_HAL_Driver/Src/stm32f7xx_ll_usb.c **** 
1854:Drivers/STM32F7xx_HAL_Driver/Src/stm32f7xx_ll_usb.c ****   /* Clear Hub Start Split transaction */
1855:Drivers/STM32F7xx_HAL_Driver/Src/stm32f7xx_ll_usb.c ****   USBx_HC((uint32_t)ch_num)->HCSPLT = 0U;
 4161              		.loc 1 1855 3 is_stmt 1 view .LVU1384
 4162              		.loc 1 1855 37 is_stmt 0 view .LVU1385
 4163 0064 0022     		movs	r2, #0
 4164 0066 5A60     		str	r2, [r3, #4]
1856:Drivers/STM32F7xx_HAL_Driver/Src/stm32f7xx_ll_usb.c **** 
1857:Drivers/STM32F7xx_HAL_Driver/Src/stm32f7xx_ll_usb.c ****   /* Enable host channel Halt interrupt */
1858:Drivers/STM32F7xx_HAL_Driver/Src/stm32f7xx_ll_usb.c ****   USBx_HC((uint32_t)ch_num)->HCINTMSK |= USB_OTG_HCINTMSK_CHHM;
 4165              		.loc 1 1858 3 is_stmt 1 view .LVU1386
 4166              		.loc 1 1858 28 is_stmt 0 view .LVU1387
 4167 0068 DA68     		ldr	r2, [r3, #12]
 4168              		.loc 1 1858 39 view .LVU1388
 4169 006a 42F00202 		orr	r2, r2, #2
ARM GAS  /tmp/ccyYvSLN.s 			page 126


 4170 006e DA60     		str	r2, [r3, #12]
1859:Drivers/STM32F7xx_HAL_Driver/Src/stm32f7xx_ll_usb.c **** 
1860:Drivers/STM32F7xx_HAL_Driver/Src/stm32f7xx_ll_usb.c ****   /* Enable the top level host channel interrupt. */
1861:Drivers/STM32F7xx_HAL_Driver/Src/stm32f7xx_ll_usb.c ****   USBx_HOST->HAINTMSK |= 1UL << (ch_num & 0xFU);
 4171              		.loc 1 1861 3 is_stmt 1 view .LVU1389
 4172              		.loc 1 1861 12 is_stmt 0 view .LVU1390
 4173 0070 D0F81834 		ldr	r3, [r0, #1048]
 4174              		.loc 1 1861 41 view .LVU1391
 4175 0074 01F00F01 		and	r1, r1, #15
 4176              	.LVL310:
 4177              		.loc 1 1861 30 view .LVU1392
 4178 0078 0122     		movs	r2, #1
 4179 007a 8A40     		lsls	r2, r2, r1
 4180              		.loc 1 1861 23 view .LVU1393
 4181 007c 1343     		orrs	r3, r3, r2
 4182 007e C0F81834 		str	r3, [r0, #1048]
1862:Drivers/STM32F7xx_HAL_Driver/Src/stm32f7xx_ll_usb.c **** 
1863:Drivers/STM32F7xx_HAL_Driver/Src/stm32f7xx_ll_usb.c ****   /* Make sure host channel interrupts are enabled. */
1864:Drivers/STM32F7xx_HAL_Driver/Src/stm32f7xx_ll_usb.c ****   USBx->GINTMSK |= USB_OTG_GINTMSK_HCIM;
 4183              		.loc 1 1864 3 is_stmt 1 view .LVU1394
 4184              		.loc 1 1864 7 is_stmt 0 view .LVU1395
 4185 0082 8369     		ldr	r3, [r0, #24]
 4186              		.loc 1 1864 17 view .LVU1396
 4187 0084 43F00073 		orr	r3, r3, #33554432
 4188 0088 8361     		str	r3, [r0, #24]
1865:Drivers/STM32F7xx_HAL_Driver/Src/stm32f7xx_ll_usb.c **** 
1866:Drivers/STM32F7xx_HAL_Driver/Src/stm32f7xx_ll_usb.c ****   /* Program the HCCHAR register */
1867:Drivers/STM32F7xx_HAL_Driver/Src/stm32f7xx_ll_usb.c ****   if ((epnum & 0x80U) == 0x80U)
 4189              		.loc 1 1867 3 is_stmt 1 view .LVU1397
 4190              		.loc 1 1867 6 is_stmt 0 view .LVU1398
 4191 008a 19F0800F 		tst	r9, #128
 4192 008e 4CD1     		bne	.L278
1868:Drivers/STM32F7xx_HAL_Driver/Src/stm32f7xx_ll_usb.c ****   {
1869:Drivers/STM32F7xx_HAL_Driver/Src/stm32f7xx_ll_usb.c ****     HCcharEpDir = (0x1U << 15) & USB_OTG_HCCHAR_EPDIR;
1870:Drivers/STM32F7xx_HAL_Driver/Src/stm32f7xx_ll_usb.c ****   }
1871:Drivers/STM32F7xx_HAL_Driver/Src/stm32f7xx_ll_usb.c ****   else
1872:Drivers/STM32F7xx_HAL_Driver/Src/stm32f7xx_ll_usb.c ****   {
1873:Drivers/STM32F7xx_HAL_Driver/Src/stm32f7xx_ll_usb.c ****     HCcharEpDir = 0U;
 4193              		.loc 1 1873 17 view .LVU1399
 4194 0090 4FF00008 		mov	r8, #0
 4195              	.L265:
 4196              	.LVL311:
1874:Drivers/STM32F7xx_HAL_Driver/Src/stm32f7xx_ll_usb.c ****   }
1875:Drivers/STM32F7xx_HAL_Driver/Src/stm32f7xx_ll_usb.c **** 
1876:Drivers/STM32F7xx_HAL_Driver/Src/stm32f7xx_ll_usb.c ****   HostCoreSpeed = USB_GetHostSpeed(USBx);
 4197              		.loc 1 1876 3 is_stmt 1 view .LVU1400
 4198              		.loc 1 1876 19 is_stmt 0 view .LVU1401
 4199 0094 FFF7FEFF 		bl	USB_GetHostSpeed
 4200              	.LVL312:
1877:Drivers/STM32F7xx_HAL_Driver/Src/stm32f7xx_ll_usb.c **** 
1878:Drivers/STM32F7xx_HAL_Driver/Src/stm32f7xx_ll_usb.c ****   /* LS device plugged to HUB */
1879:Drivers/STM32F7xx_HAL_Driver/Src/stm32f7xx_ll_usb.c ****   if ((speed == HPRT0_PRTSPD_LOW_SPEED) && (HostCoreSpeed != HPRT0_PRTSPD_LOW_SPEED))
 4201              		.loc 1 1879 3 is_stmt 1 view .LVU1402
 4202              		.loc 1 1879 41 is_stmt 0 view .LVU1403
 4203 0098 9DF82030 		ldrb	r3, [sp, #32]	@ zero_extendqisi2
 4204 009c 022B     		cmp	r3, #2
 4205 009e 14BF     		ite	ne
ARM GAS  /tmp/ccyYvSLN.s 			page 127


 4206 00a0 0023     		movne	r3, #0
 4207 00a2 0123     		moveq	r3, #1
 4208 00a4 0228     		cmp	r0, #2
 4209 00a6 08BF     		it	eq
 4210 00a8 0023     		moveq	r3, #0
 4211              		.loc 1 1879 6 view .LVU1404
 4212 00aa 002B     		cmp	r3, #0
 4213 00ac 40D0     		beq	.L273
1880:Drivers/STM32F7xx_HAL_Driver/Src/stm32f7xx_ll_usb.c ****   {
1881:Drivers/STM32F7xx_HAL_Driver/Src/stm32f7xx_ll_usb.c ****     HCcharLowSpeed = (0x1U << 17) & USB_OTG_HCCHAR_LSDEV;
 4214              		.loc 1 1881 20 view .LVU1405
 4215 00ae 4FF40032 		mov	r2, #131072
 4216              	.L266:
 4217              	.LVL313:
1882:Drivers/STM32F7xx_HAL_Driver/Src/stm32f7xx_ll_usb.c ****   }
1883:Drivers/STM32F7xx_HAL_Driver/Src/stm32f7xx_ll_usb.c ****   else
1884:Drivers/STM32F7xx_HAL_Driver/Src/stm32f7xx_ll_usb.c ****   {
1885:Drivers/STM32F7xx_HAL_Driver/Src/stm32f7xx_ll_usb.c ****     HCcharLowSpeed = 0U;
1886:Drivers/STM32F7xx_HAL_Driver/Src/stm32f7xx_ll_usb.c ****   }
1887:Drivers/STM32F7xx_HAL_Driver/Src/stm32f7xx_ll_usb.c **** 
1888:Drivers/STM32F7xx_HAL_Driver/Src/stm32f7xx_ll_usb.c ****   USBx_HC((uint32_t)ch_num)->HCCHAR = (((uint32_t)dev_address << 22) & USB_OTG_HCCHAR_DAD) |
 4218              		.loc 1 1888 3 is_stmt 1 view .LVU1406
 4219              		.loc 1 1888 63 is_stmt 0 view .LVU1407
 4220 00b2 A305     		lsls	r3, r4, #22
 4221              		.loc 1 1888 70 view .LVU1408
 4222 00b4 03F0FE53 		and	r3, r3, #532676608
1889:Drivers/STM32F7xx_HAL_Driver/Src/stm32f7xx_ll_usb.c ****                                       ((((uint32_t)epnum & 0x7FU) << 11) & USB_OTG_HCCHAR_EPNUM) |
 4223              		.loc 1 1889 67 view .LVU1409
 4224 00b8 4FEAC929 		lsl	r9, r9, #11
 4225              	.LVL314:
 4226              		.loc 1 1889 74 view .LVU1410
 4227 00bc 09F4F049 		and	r9, r9, #30720
1888:Drivers/STM32F7xx_HAL_Driver/Src/stm32f7xx_ll_usb.c ****                                       ((((uint32_t)epnum & 0x7FU) << 11) & USB_OTG_HCCHAR_EPNUM) |
 4228              		.loc 1 1888 92 view .LVU1411
 4229 00c0 43EA0903 		orr	r3, r3, r9
1890:Drivers/STM32F7xx_HAL_Driver/Src/stm32f7xx_ll_usb.c ****                                       (((uint32_t)ep_type << 18) & USB_OTG_HCCHAR_EPTYP) |
 4230              		.loc 1 1890 59 view .LVU1412
 4231 00c4 A904     		lsls	r1, r5, #18
 4232              		.loc 1 1890 66 view .LVU1413
 4233 00c6 01F44021 		and	r1, r1, #786432
1889:Drivers/STM32F7xx_HAL_Driver/Src/stm32f7xx_ll_usb.c ****                                       ((((uint32_t)epnum & 0x7FU) << 11) & USB_OTG_HCCHAR_EPNUM) |
 4234              		.loc 1 1889 98 view .LVU1414
 4235 00ca 0B43     		orrs	r3, r3, r1
1891:Drivers/STM32F7xx_HAL_Driver/Src/stm32f7xx_ll_usb.c ****                                       ((uint32_t)mps & USB_OTG_HCCHAR_MPSIZ) |
 4236              		.loc 1 1891 54 view .LVU1415
 4237 00cc BDF82810 		ldrh	r1, [sp, #40]
 4238 00d0 C1F30A01 		ubfx	r1, r1, #0, #11
1890:Drivers/STM32F7xx_HAL_Driver/Src/stm32f7xx_ll_usb.c ****                                       (((uint32_t)ep_type << 18) & USB_OTG_HCCHAR_EPTYP) |
 4239              		.loc 1 1890 90 view .LVU1416
 4240 00d4 0B43     		orrs	r3, r3, r1
1892:Drivers/STM32F7xx_HAL_Driver/Src/stm32f7xx_ll_usb.c ****                                       USB_OTG_HCCHAR_MC_0 | HCcharEpDir | HCcharLowSpeed;
 4241              		.loc 1 1892 59 view .LVU1417
 4242 00d6 43EA0803 		orr	r3, r3, r8
 4243              		.loc 1 1892 73 view .LVU1418
 4244 00da 1343     		orrs	r3, r3, r2
 4245 00dc 43F48013 		orr	r3, r3, #1048576
1888:Drivers/STM32F7xx_HAL_Driver/Src/stm32f7xx_ll_usb.c ****                                       ((((uint32_t)epnum & 0x7FU) << 11) & USB_OTG_HCCHAR_EPNUM) |
ARM GAS  /tmp/ccyYvSLN.s 			page 128


 4246              		.loc 1 1888 37 view .LVU1419
 4247 00e0 C6F80035 		str	r3, [r6, #1280]
1893:Drivers/STM32F7xx_HAL_Driver/Src/stm32f7xx_ll_usb.c **** 
1894:Drivers/STM32F7xx_HAL_Driver/Src/stm32f7xx_ll_usb.c ****   if ((ep_type == EP_TYPE_INTR) || (ep_type == EP_TYPE_ISOC))
 4248              		.loc 1 1894 3 is_stmt 1 view .LVU1420
 4249              		.loc 1 1894 6 is_stmt 0 view .LVU1421
 4250 00e4 012D     		cmp	r5, #1
 4251 00e6 18BF     		it	ne
 4252 00e8 032D     		cmpne	r5, #3
 4253 00ea 05D1     		bne	.L267
1895:Drivers/STM32F7xx_HAL_Driver/Src/stm32f7xx_ll_usb.c ****   {
1896:Drivers/STM32F7xx_HAL_Driver/Src/stm32f7xx_ll_usb.c ****     USBx_HC((uint32_t)ch_num)->HCCHAR |= USB_OTG_HCCHAR_ODDFRM;
 4254              		.loc 1 1896 5 is_stmt 1 view .LVU1422
 4255              		.loc 1 1896 30 is_stmt 0 view .LVU1423
 4256 00ec D6F80035 		ldr	r3, [r6, #1280]
 4257              		.loc 1 1896 39 view .LVU1424
 4258 00f0 43F00053 		orr	r3, r3, #536870912
 4259 00f4 C6F80035 		str	r3, [r6, #1280]
 4260              	.L267:
1897:Drivers/STM32F7xx_HAL_Driver/Src/stm32f7xx_ll_usb.c ****   }
1898:Drivers/STM32F7xx_HAL_Driver/Src/stm32f7xx_ll_usb.c **** 
1899:Drivers/STM32F7xx_HAL_Driver/Src/stm32f7xx_ll_usb.c ****   return ret;
 4261              		.loc 1 1899 3 is_stmt 1 view .LVU1425
1900:Drivers/STM32F7xx_HAL_Driver/Src/stm32f7xx_ll_usb.c **** }
 4262              		.loc 1 1900 1 is_stmt 0 view .LVU1426
 4263 00f8 3846     		mov	r0, r7
 4264              	.LVL315:
 4265              		.loc 1 1900 1 view .LVU1427
 4266 00fa BDE8F883 		pop	{r3, r4, r5, r6, r7, r8, r9, pc}
 4267              	.LVL316:
 4268              	.L277:
1832:Drivers/STM32F7xx_HAL_Driver/Src/stm32f7xx_ll_usb.c ****       }
 4269              		.loc 1 1832 9 is_stmt 1 view .LVU1428
1832:Drivers/STM32F7xx_HAL_Driver/Src/stm32f7xx_ll_usb.c ****       }
 4270              		.loc 1 1832 34 is_stmt 0 view .LVU1429
 4271 00fe DA68     		ldr	r2, [r3, #12]
1832:Drivers/STM32F7xx_HAL_Driver/Src/stm32f7xx_ll_usb.c ****       }
 4272              		.loc 1 1832 45 view .LVU1430
 4273 0100 42F48072 		orr	r2, r2, #256
 4274 0104 DA60     		str	r2, [r3, #12]
1784:Drivers/STM32F7xx_HAL_Driver/Src/stm32f7xx_ll_usb.c ****   uint32_t USBx_BASE = (uint32_t)USBx;
 4275              		.loc 1 1784 21 view .LVU1431
 4276 0106 0027     		movs	r7, #0
 4277 0108 ACE7     		b	.L259
 4278              	.L263:
1838:Drivers/STM32F7xx_HAL_Driver/Src/stm32f7xx_ll_usb.c ****                                             USB_OTG_HCINTMSK_ACKM   |
 4279              		.loc 1 1838 7 is_stmt 1 view .LVU1432
1838:Drivers/STM32F7xx_HAL_Driver/Src/stm32f7xx_ll_usb.c ****                                             USB_OTG_HCINTMSK_ACKM   |
 4280              		.loc 1 1838 43 is_stmt 0 view .LVU1433
 4281 010a 40F22522 		movw	r2, #549
 4282 010e DA60     		str	r2, [r3, #12]
1843:Drivers/STM32F7xx_HAL_Driver/Src/stm32f7xx_ll_usb.c ****       {
 4283              		.loc 1 1843 7 is_stmt 1 view .LVU1434
1843:Drivers/STM32F7xx_HAL_Driver/Src/stm32f7xx_ll_usb.c ****       {
 4284              		.loc 1 1843 10 is_stmt 0 view .LVU1435
 4285 0110 19F0800F 		tst	r9, #128
 4286 0114 01D1     		bne	.L279
ARM GAS  /tmp/ccyYvSLN.s 			page 129


1784:Drivers/STM32F7xx_HAL_Driver/Src/stm32f7xx_ll_usb.c ****   uint32_t USBx_BASE = (uint32_t)USBx;
 4287              		.loc 1 1784 21 view .LVU1436
 4288 0116 0027     		movs	r7, #0
 4289 0118 A4E7     		b	.L259
 4290              	.L279:
1845:Drivers/STM32F7xx_HAL_Driver/Src/stm32f7xx_ll_usb.c ****       }
 4291              		.loc 1 1845 9 is_stmt 1 view .LVU1437
1845:Drivers/STM32F7xx_HAL_Driver/Src/stm32f7xx_ll_usb.c ****       }
 4292              		.loc 1 1845 34 is_stmt 0 view .LVU1438
 4293 011a DA68     		ldr	r2, [r3, #12]
1845:Drivers/STM32F7xx_HAL_Driver/Src/stm32f7xx_ll_usb.c ****       }
 4294              		.loc 1 1845 45 view .LVU1439
 4295 011c 42F4C072 		orr	r2, r2, #384
 4296 0120 DA60     		str	r2, [r3, #12]
1784:Drivers/STM32F7xx_HAL_Driver/Src/stm32f7xx_ll_usb.c ****   uint32_t USBx_BASE = (uint32_t)USBx;
 4297              		.loc 1 1784 21 view .LVU1440
 4298 0122 0027     		movs	r7, #0
 4299 0124 9EE7     		b	.L259
 4300              	.L268:
1794:Drivers/STM32F7xx_HAL_Driver/Src/stm32f7xx_ll_usb.c ****   {
 4301              		.loc 1 1794 3 view .LVU1441
 4302 0126 0127     		movs	r7, #1
 4303 0128 9CE7     		b	.L259
 4304              	.LVL317:
 4305              	.L278:
1869:Drivers/STM32F7xx_HAL_Driver/Src/stm32f7xx_ll_usb.c ****   }
 4306              		.loc 1 1869 17 view .LVU1442
 4307 012a 4FF40048 		mov	r8, #32768
 4308 012e B1E7     		b	.L265
 4309              	.LVL318:
 4310              	.L273:
1885:Drivers/STM32F7xx_HAL_Driver/Src/stm32f7xx_ll_usb.c ****   }
 4311              		.loc 1 1885 20 view .LVU1443
 4312 0130 0022     		movs	r2, #0
 4313 0132 BEE7     		b	.L266
 4314              	.L281:
 4315              		.align	2
 4316              	.L280:
 4317 0134 00000440 		.word	1074003968
 4318              		.cfi_endproc
 4319              	.LFE182:
 4321              		.section	.text.USB_HC_ReadInterrupt,"ax",%progbits
 4322              		.align	1
 4323              		.global	USB_HC_ReadInterrupt
 4324              		.syntax unified
 4325              		.thumb
 4326              		.thumb_func
 4328              	USB_HC_ReadInterrupt:
 4329              	.LVL319:
 4330              	.LFB184:
1901:Drivers/STM32F7xx_HAL_Driver/Src/stm32f7xx_ll_usb.c **** 
1902:Drivers/STM32F7xx_HAL_Driver/Src/stm32f7xx_ll_usb.c **** /**
1903:Drivers/STM32F7xx_HAL_Driver/Src/stm32f7xx_ll_usb.c ****   * @brief  Start a transfer over a host channel
1904:Drivers/STM32F7xx_HAL_Driver/Src/stm32f7xx_ll_usb.c ****   * @param  USBx  Selected device
1905:Drivers/STM32F7xx_HAL_Driver/Src/stm32f7xx_ll_usb.c ****   * @param  hc  pointer to host channel structure
1906:Drivers/STM32F7xx_HAL_Driver/Src/stm32f7xx_ll_usb.c ****   * @param  dma USB dma enabled or disabled
1907:Drivers/STM32F7xx_HAL_Driver/Src/stm32f7xx_ll_usb.c ****   *          This parameter can be one of these values:
ARM GAS  /tmp/ccyYvSLN.s 			page 130


1908:Drivers/STM32F7xx_HAL_Driver/Src/stm32f7xx_ll_usb.c ****   *           0 : DMA feature not used
1909:Drivers/STM32F7xx_HAL_Driver/Src/stm32f7xx_ll_usb.c ****   *           1 : DMA feature used
1910:Drivers/STM32F7xx_HAL_Driver/Src/stm32f7xx_ll_usb.c ****   * @retval HAL state
1911:Drivers/STM32F7xx_HAL_Driver/Src/stm32f7xx_ll_usb.c ****   */
1912:Drivers/STM32F7xx_HAL_Driver/Src/stm32f7xx_ll_usb.c **** HAL_StatusTypeDef USB_HC_StartXfer(USB_OTG_GlobalTypeDef *USBx, USB_OTG_HCTypeDef *hc, uint8_t dma)
1913:Drivers/STM32F7xx_HAL_Driver/Src/stm32f7xx_ll_usb.c **** {
1914:Drivers/STM32F7xx_HAL_Driver/Src/stm32f7xx_ll_usb.c ****   uint32_t USBx_BASE = (uint32_t)USBx;
1915:Drivers/STM32F7xx_HAL_Driver/Src/stm32f7xx_ll_usb.c ****   uint32_t ch_num = (uint32_t)hc->ch_num;
1916:Drivers/STM32F7xx_HAL_Driver/Src/stm32f7xx_ll_usb.c ****   __IO uint32_t tmpreg;
1917:Drivers/STM32F7xx_HAL_Driver/Src/stm32f7xx_ll_usb.c ****   uint8_t  is_oddframe;
1918:Drivers/STM32F7xx_HAL_Driver/Src/stm32f7xx_ll_usb.c ****   uint16_t len_words;
1919:Drivers/STM32F7xx_HAL_Driver/Src/stm32f7xx_ll_usb.c ****   uint16_t num_packets;
1920:Drivers/STM32F7xx_HAL_Driver/Src/stm32f7xx_ll_usb.c ****   uint16_t max_hc_pkt_count = HC_MAX_PKT_CNT;
1921:Drivers/STM32F7xx_HAL_Driver/Src/stm32f7xx_ll_usb.c **** 
1922:Drivers/STM32F7xx_HAL_Driver/Src/stm32f7xx_ll_usb.c **** #if defined (USB_OTG_HS)
1923:Drivers/STM32F7xx_HAL_Driver/Src/stm32f7xx_ll_usb.c ****   if (USBx == USB_OTG_HS)
1924:Drivers/STM32F7xx_HAL_Driver/Src/stm32f7xx_ll_usb.c ****   {
1925:Drivers/STM32F7xx_HAL_Driver/Src/stm32f7xx_ll_usb.c ****     /* in DMA mode host Core automatically issues ping in case of NYET/NAK */
1926:Drivers/STM32F7xx_HAL_Driver/Src/stm32f7xx_ll_usb.c ****     if (dma == 1U)
1927:Drivers/STM32F7xx_HAL_Driver/Src/stm32f7xx_ll_usb.c ****     {
1928:Drivers/STM32F7xx_HAL_Driver/Src/stm32f7xx_ll_usb.c ****       if (((hc->ep_type == EP_TYPE_CTRL) || (hc->ep_type == EP_TYPE_BULK)) && (hc->do_ssplit == 0U)
1929:Drivers/STM32F7xx_HAL_Driver/Src/stm32f7xx_ll_usb.c ****       {
1930:Drivers/STM32F7xx_HAL_Driver/Src/stm32f7xx_ll_usb.c **** 
1931:Drivers/STM32F7xx_HAL_Driver/Src/stm32f7xx_ll_usb.c ****         USBx_HC((uint32_t)ch_num)->HCINTMSK &= ~(USB_OTG_HCINTMSK_NYET |
1932:Drivers/STM32F7xx_HAL_Driver/Src/stm32f7xx_ll_usb.c ****                                                  USB_OTG_HCINTMSK_ACKM |
1933:Drivers/STM32F7xx_HAL_Driver/Src/stm32f7xx_ll_usb.c ****                                                  USB_OTG_HCINTMSK_NAKM);
1934:Drivers/STM32F7xx_HAL_Driver/Src/stm32f7xx_ll_usb.c ****       }
1935:Drivers/STM32F7xx_HAL_Driver/Src/stm32f7xx_ll_usb.c ****     }
1936:Drivers/STM32F7xx_HAL_Driver/Src/stm32f7xx_ll_usb.c ****     else
1937:Drivers/STM32F7xx_HAL_Driver/Src/stm32f7xx_ll_usb.c ****     {
1938:Drivers/STM32F7xx_HAL_Driver/Src/stm32f7xx_ll_usb.c ****       if ((hc->speed == USBH_HS_SPEED) && (hc->do_ping == 1U))
1939:Drivers/STM32F7xx_HAL_Driver/Src/stm32f7xx_ll_usb.c ****       {
1940:Drivers/STM32F7xx_HAL_Driver/Src/stm32f7xx_ll_usb.c ****         (void)USB_DoPing(USBx, hc->ch_num);
1941:Drivers/STM32F7xx_HAL_Driver/Src/stm32f7xx_ll_usb.c ****         return HAL_OK;
1942:Drivers/STM32F7xx_HAL_Driver/Src/stm32f7xx_ll_usb.c ****       }
1943:Drivers/STM32F7xx_HAL_Driver/Src/stm32f7xx_ll_usb.c ****     }
1944:Drivers/STM32F7xx_HAL_Driver/Src/stm32f7xx_ll_usb.c ****   }
1945:Drivers/STM32F7xx_HAL_Driver/Src/stm32f7xx_ll_usb.c **** #endif /* defined (USB_OTG_HS) */
1946:Drivers/STM32F7xx_HAL_Driver/Src/stm32f7xx_ll_usb.c **** 
1947:Drivers/STM32F7xx_HAL_Driver/Src/stm32f7xx_ll_usb.c ****   if (hc->do_ssplit == 1U)
1948:Drivers/STM32F7xx_HAL_Driver/Src/stm32f7xx_ll_usb.c ****   {
1949:Drivers/STM32F7xx_HAL_Driver/Src/stm32f7xx_ll_usb.c ****     /* Set number of packet to 1 for Split transaction */
1950:Drivers/STM32F7xx_HAL_Driver/Src/stm32f7xx_ll_usb.c ****     num_packets = 1U;
1951:Drivers/STM32F7xx_HAL_Driver/Src/stm32f7xx_ll_usb.c **** 
1952:Drivers/STM32F7xx_HAL_Driver/Src/stm32f7xx_ll_usb.c ****     if (hc->ep_is_in != 0U)
1953:Drivers/STM32F7xx_HAL_Driver/Src/stm32f7xx_ll_usb.c ****     {
1954:Drivers/STM32F7xx_HAL_Driver/Src/stm32f7xx_ll_usb.c ****       hc->XferSize = (uint32_t)num_packets * hc->max_packet;
1955:Drivers/STM32F7xx_HAL_Driver/Src/stm32f7xx_ll_usb.c ****     }
1956:Drivers/STM32F7xx_HAL_Driver/Src/stm32f7xx_ll_usb.c ****     else
1957:Drivers/STM32F7xx_HAL_Driver/Src/stm32f7xx_ll_usb.c ****     {
1958:Drivers/STM32F7xx_HAL_Driver/Src/stm32f7xx_ll_usb.c ****       if (hc->ep_type == EP_TYPE_ISOC)
1959:Drivers/STM32F7xx_HAL_Driver/Src/stm32f7xx_ll_usb.c ****       {
1960:Drivers/STM32F7xx_HAL_Driver/Src/stm32f7xx_ll_usb.c ****         if (hc->xfer_len > ISO_SPLT_MPS)
1961:Drivers/STM32F7xx_HAL_Driver/Src/stm32f7xx_ll_usb.c ****         {
1962:Drivers/STM32F7xx_HAL_Driver/Src/stm32f7xx_ll_usb.c ****           /* Isochrone Max Packet Size for Split mode */
1963:Drivers/STM32F7xx_HAL_Driver/Src/stm32f7xx_ll_usb.c ****           hc->XferSize = hc->max_packet;
1964:Drivers/STM32F7xx_HAL_Driver/Src/stm32f7xx_ll_usb.c ****           hc->xfer_len = hc->XferSize;
ARM GAS  /tmp/ccyYvSLN.s 			page 131


1965:Drivers/STM32F7xx_HAL_Driver/Src/stm32f7xx_ll_usb.c **** 
1966:Drivers/STM32F7xx_HAL_Driver/Src/stm32f7xx_ll_usb.c ****           if ((hc->iso_splt_xactPos == HCSPLT_BEGIN) || (hc->iso_splt_xactPos == HCSPLT_MIDDLE))
1967:Drivers/STM32F7xx_HAL_Driver/Src/stm32f7xx_ll_usb.c ****           {
1968:Drivers/STM32F7xx_HAL_Driver/Src/stm32f7xx_ll_usb.c ****             hc->iso_splt_xactPos = HCSPLT_MIDDLE;
1969:Drivers/STM32F7xx_HAL_Driver/Src/stm32f7xx_ll_usb.c ****           }
1970:Drivers/STM32F7xx_HAL_Driver/Src/stm32f7xx_ll_usb.c ****           else
1971:Drivers/STM32F7xx_HAL_Driver/Src/stm32f7xx_ll_usb.c ****           {
1972:Drivers/STM32F7xx_HAL_Driver/Src/stm32f7xx_ll_usb.c ****             hc->iso_splt_xactPos = HCSPLT_BEGIN;
1973:Drivers/STM32F7xx_HAL_Driver/Src/stm32f7xx_ll_usb.c ****           }
1974:Drivers/STM32F7xx_HAL_Driver/Src/stm32f7xx_ll_usb.c ****         }
1975:Drivers/STM32F7xx_HAL_Driver/Src/stm32f7xx_ll_usb.c ****         else
1976:Drivers/STM32F7xx_HAL_Driver/Src/stm32f7xx_ll_usb.c ****         {
1977:Drivers/STM32F7xx_HAL_Driver/Src/stm32f7xx_ll_usb.c ****           hc->XferSize = hc->xfer_len;
1978:Drivers/STM32F7xx_HAL_Driver/Src/stm32f7xx_ll_usb.c **** 
1979:Drivers/STM32F7xx_HAL_Driver/Src/stm32f7xx_ll_usb.c ****           if ((hc->iso_splt_xactPos != HCSPLT_BEGIN) && (hc->iso_splt_xactPos != HCSPLT_MIDDLE))
1980:Drivers/STM32F7xx_HAL_Driver/Src/stm32f7xx_ll_usb.c ****           {
1981:Drivers/STM32F7xx_HAL_Driver/Src/stm32f7xx_ll_usb.c ****             hc->iso_splt_xactPos = HCSPLT_FULL;
1982:Drivers/STM32F7xx_HAL_Driver/Src/stm32f7xx_ll_usb.c ****           }
1983:Drivers/STM32F7xx_HAL_Driver/Src/stm32f7xx_ll_usb.c ****           else
1984:Drivers/STM32F7xx_HAL_Driver/Src/stm32f7xx_ll_usb.c ****           {
1985:Drivers/STM32F7xx_HAL_Driver/Src/stm32f7xx_ll_usb.c ****             hc->iso_splt_xactPos = HCSPLT_END;
1986:Drivers/STM32F7xx_HAL_Driver/Src/stm32f7xx_ll_usb.c ****           }
1987:Drivers/STM32F7xx_HAL_Driver/Src/stm32f7xx_ll_usb.c ****         }
1988:Drivers/STM32F7xx_HAL_Driver/Src/stm32f7xx_ll_usb.c ****       }
1989:Drivers/STM32F7xx_HAL_Driver/Src/stm32f7xx_ll_usb.c ****       else
1990:Drivers/STM32F7xx_HAL_Driver/Src/stm32f7xx_ll_usb.c ****       {
1991:Drivers/STM32F7xx_HAL_Driver/Src/stm32f7xx_ll_usb.c ****         if ((dma == 1U) && (hc->xfer_len > hc->max_packet))
1992:Drivers/STM32F7xx_HAL_Driver/Src/stm32f7xx_ll_usb.c ****         {
1993:Drivers/STM32F7xx_HAL_Driver/Src/stm32f7xx_ll_usb.c ****           hc->XferSize = (uint32_t)num_packets * hc->max_packet;
1994:Drivers/STM32F7xx_HAL_Driver/Src/stm32f7xx_ll_usb.c ****         }
1995:Drivers/STM32F7xx_HAL_Driver/Src/stm32f7xx_ll_usb.c ****         else
1996:Drivers/STM32F7xx_HAL_Driver/Src/stm32f7xx_ll_usb.c ****         {
1997:Drivers/STM32F7xx_HAL_Driver/Src/stm32f7xx_ll_usb.c ****           hc->XferSize = hc->xfer_len;
1998:Drivers/STM32F7xx_HAL_Driver/Src/stm32f7xx_ll_usb.c ****         }
1999:Drivers/STM32F7xx_HAL_Driver/Src/stm32f7xx_ll_usb.c ****       }
2000:Drivers/STM32F7xx_HAL_Driver/Src/stm32f7xx_ll_usb.c ****     }
2001:Drivers/STM32F7xx_HAL_Driver/Src/stm32f7xx_ll_usb.c ****   }
2002:Drivers/STM32F7xx_HAL_Driver/Src/stm32f7xx_ll_usb.c ****   else
2003:Drivers/STM32F7xx_HAL_Driver/Src/stm32f7xx_ll_usb.c ****   {
2004:Drivers/STM32F7xx_HAL_Driver/Src/stm32f7xx_ll_usb.c ****     /* Compute the expected number of packets associated to the transfer */
2005:Drivers/STM32F7xx_HAL_Driver/Src/stm32f7xx_ll_usb.c ****     if (hc->xfer_len > 0U)
2006:Drivers/STM32F7xx_HAL_Driver/Src/stm32f7xx_ll_usb.c ****     {
2007:Drivers/STM32F7xx_HAL_Driver/Src/stm32f7xx_ll_usb.c ****       num_packets = (uint16_t)((hc->xfer_len + hc->max_packet - 1U) / hc->max_packet);
2008:Drivers/STM32F7xx_HAL_Driver/Src/stm32f7xx_ll_usb.c **** 
2009:Drivers/STM32F7xx_HAL_Driver/Src/stm32f7xx_ll_usb.c ****       if (num_packets > max_hc_pkt_count)
2010:Drivers/STM32F7xx_HAL_Driver/Src/stm32f7xx_ll_usb.c ****       {
2011:Drivers/STM32F7xx_HAL_Driver/Src/stm32f7xx_ll_usb.c ****         num_packets = max_hc_pkt_count;
2012:Drivers/STM32F7xx_HAL_Driver/Src/stm32f7xx_ll_usb.c ****         hc->XferSize = (uint32_t)num_packets * hc->max_packet;
2013:Drivers/STM32F7xx_HAL_Driver/Src/stm32f7xx_ll_usb.c ****       }
2014:Drivers/STM32F7xx_HAL_Driver/Src/stm32f7xx_ll_usb.c ****     }
2015:Drivers/STM32F7xx_HAL_Driver/Src/stm32f7xx_ll_usb.c ****     else
2016:Drivers/STM32F7xx_HAL_Driver/Src/stm32f7xx_ll_usb.c ****     {
2017:Drivers/STM32F7xx_HAL_Driver/Src/stm32f7xx_ll_usb.c ****       num_packets = 1U;
2018:Drivers/STM32F7xx_HAL_Driver/Src/stm32f7xx_ll_usb.c ****     }
2019:Drivers/STM32F7xx_HAL_Driver/Src/stm32f7xx_ll_usb.c **** 
2020:Drivers/STM32F7xx_HAL_Driver/Src/stm32f7xx_ll_usb.c ****     /*
2021:Drivers/STM32F7xx_HAL_Driver/Src/stm32f7xx_ll_usb.c ****     * For IN channel HCTSIZ.XferSize is expected to be an integer multiple of
ARM GAS  /tmp/ccyYvSLN.s 			page 132


2022:Drivers/STM32F7xx_HAL_Driver/Src/stm32f7xx_ll_usb.c ****     * max_packet size.
2023:Drivers/STM32F7xx_HAL_Driver/Src/stm32f7xx_ll_usb.c ****     */
2024:Drivers/STM32F7xx_HAL_Driver/Src/stm32f7xx_ll_usb.c ****     if (hc->ep_is_in != 0U)
2025:Drivers/STM32F7xx_HAL_Driver/Src/stm32f7xx_ll_usb.c ****     {
2026:Drivers/STM32F7xx_HAL_Driver/Src/stm32f7xx_ll_usb.c ****       hc->XferSize = (uint32_t)num_packets * hc->max_packet;
2027:Drivers/STM32F7xx_HAL_Driver/Src/stm32f7xx_ll_usb.c ****     }
2028:Drivers/STM32F7xx_HAL_Driver/Src/stm32f7xx_ll_usb.c ****     else
2029:Drivers/STM32F7xx_HAL_Driver/Src/stm32f7xx_ll_usb.c ****     {
2030:Drivers/STM32F7xx_HAL_Driver/Src/stm32f7xx_ll_usb.c ****       hc->XferSize = hc->xfer_len;
2031:Drivers/STM32F7xx_HAL_Driver/Src/stm32f7xx_ll_usb.c ****     }
2032:Drivers/STM32F7xx_HAL_Driver/Src/stm32f7xx_ll_usb.c ****   }
2033:Drivers/STM32F7xx_HAL_Driver/Src/stm32f7xx_ll_usb.c **** 
2034:Drivers/STM32F7xx_HAL_Driver/Src/stm32f7xx_ll_usb.c ****   /* Initialize the HCTSIZn register */
2035:Drivers/STM32F7xx_HAL_Driver/Src/stm32f7xx_ll_usb.c ****   USBx_HC(ch_num)->HCTSIZ = (hc->XferSize & USB_OTG_HCTSIZ_XFRSIZ) |
2036:Drivers/STM32F7xx_HAL_Driver/Src/stm32f7xx_ll_usb.c ****                             (((uint32_t)num_packets << 19) & USB_OTG_HCTSIZ_PKTCNT) |
2037:Drivers/STM32F7xx_HAL_Driver/Src/stm32f7xx_ll_usb.c ****                             (((uint32_t)hc->data_pid << 29) & USB_OTG_HCTSIZ_DPID);
2038:Drivers/STM32F7xx_HAL_Driver/Src/stm32f7xx_ll_usb.c **** 
2039:Drivers/STM32F7xx_HAL_Driver/Src/stm32f7xx_ll_usb.c ****   if (dma != 0U)
2040:Drivers/STM32F7xx_HAL_Driver/Src/stm32f7xx_ll_usb.c ****   {
2041:Drivers/STM32F7xx_HAL_Driver/Src/stm32f7xx_ll_usb.c ****     /* xfer_buff MUST be 32-bits aligned */
2042:Drivers/STM32F7xx_HAL_Driver/Src/stm32f7xx_ll_usb.c ****     USBx_HC(ch_num)->HCDMA = (uint32_t)hc->xfer_buff;
2043:Drivers/STM32F7xx_HAL_Driver/Src/stm32f7xx_ll_usb.c ****   }
2044:Drivers/STM32F7xx_HAL_Driver/Src/stm32f7xx_ll_usb.c **** 
2045:Drivers/STM32F7xx_HAL_Driver/Src/stm32f7xx_ll_usb.c ****   is_oddframe = (((uint32_t)USBx_HOST->HFNUM & 0x01U) != 0U) ? 0U : 1U;
2046:Drivers/STM32F7xx_HAL_Driver/Src/stm32f7xx_ll_usb.c ****   USBx_HC(ch_num)->HCCHAR &= ~USB_OTG_HCCHAR_ODDFRM;
2047:Drivers/STM32F7xx_HAL_Driver/Src/stm32f7xx_ll_usb.c ****   USBx_HC(ch_num)->HCCHAR |= (uint32_t)is_oddframe << 29;
2048:Drivers/STM32F7xx_HAL_Driver/Src/stm32f7xx_ll_usb.c **** 
2049:Drivers/STM32F7xx_HAL_Driver/Src/stm32f7xx_ll_usb.c ****   if (hc->do_ssplit == 1U)
2050:Drivers/STM32F7xx_HAL_Driver/Src/stm32f7xx_ll_usb.c ****   {
2051:Drivers/STM32F7xx_HAL_Driver/Src/stm32f7xx_ll_usb.c ****     /* Set Hub start Split transaction */
2052:Drivers/STM32F7xx_HAL_Driver/Src/stm32f7xx_ll_usb.c ****     USBx_HC((uint32_t)ch_num)->HCSPLT = ((uint32_t)hc->hub_addr << USB_OTG_HCSPLT_HUBADDR_Pos) |
2053:Drivers/STM32F7xx_HAL_Driver/Src/stm32f7xx_ll_usb.c ****                                         (uint32_t)hc->hub_port_nbr | USB_OTG_HCSPLT_SPLITEN;
2054:Drivers/STM32F7xx_HAL_Driver/Src/stm32f7xx_ll_usb.c **** 
2055:Drivers/STM32F7xx_HAL_Driver/Src/stm32f7xx_ll_usb.c ****     /* unmask ack & nyet for IN/OUT transactions */
2056:Drivers/STM32F7xx_HAL_Driver/Src/stm32f7xx_ll_usb.c ****     USBx_HC((uint32_t)ch_num)->HCINTMSK |= (USB_OTG_HCINTMSK_ACKM |
2057:Drivers/STM32F7xx_HAL_Driver/Src/stm32f7xx_ll_usb.c ****                                             USB_OTG_HCINTMSK_NYET);
2058:Drivers/STM32F7xx_HAL_Driver/Src/stm32f7xx_ll_usb.c **** 
2059:Drivers/STM32F7xx_HAL_Driver/Src/stm32f7xx_ll_usb.c ****     if ((hc->do_csplit == 1U) && (hc->ep_is_in == 0U))
2060:Drivers/STM32F7xx_HAL_Driver/Src/stm32f7xx_ll_usb.c ****     {
2061:Drivers/STM32F7xx_HAL_Driver/Src/stm32f7xx_ll_usb.c ****       USBx_HC((uint32_t)ch_num)->HCSPLT |= USB_OTG_HCSPLT_COMPLSPLT;
2062:Drivers/STM32F7xx_HAL_Driver/Src/stm32f7xx_ll_usb.c ****       USBx_HC((uint32_t)ch_num)->HCINTMSK |= USB_OTG_HCINTMSK_NYET;
2063:Drivers/STM32F7xx_HAL_Driver/Src/stm32f7xx_ll_usb.c ****     }
2064:Drivers/STM32F7xx_HAL_Driver/Src/stm32f7xx_ll_usb.c **** 
2065:Drivers/STM32F7xx_HAL_Driver/Src/stm32f7xx_ll_usb.c ****     if (((hc->ep_type == EP_TYPE_ISOC) || (hc->ep_type == EP_TYPE_INTR)) &&
2066:Drivers/STM32F7xx_HAL_Driver/Src/stm32f7xx_ll_usb.c ****         (hc->do_csplit == 1U) && (hc->ep_is_in == 1U))
2067:Drivers/STM32F7xx_HAL_Driver/Src/stm32f7xx_ll_usb.c ****     {
2068:Drivers/STM32F7xx_HAL_Driver/Src/stm32f7xx_ll_usb.c ****       USBx_HC((uint32_t)ch_num)->HCSPLT |= USB_OTG_HCSPLT_COMPLSPLT;
2069:Drivers/STM32F7xx_HAL_Driver/Src/stm32f7xx_ll_usb.c ****     }
2070:Drivers/STM32F7xx_HAL_Driver/Src/stm32f7xx_ll_usb.c **** 
2071:Drivers/STM32F7xx_HAL_Driver/Src/stm32f7xx_ll_usb.c ****     /* Position management for iso out transaction on split mode */
2072:Drivers/STM32F7xx_HAL_Driver/Src/stm32f7xx_ll_usb.c ****     if ((hc->ep_type == EP_TYPE_ISOC) && (hc->ep_is_in == 0U))
2073:Drivers/STM32F7xx_HAL_Driver/Src/stm32f7xx_ll_usb.c ****     {
2074:Drivers/STM32F7xx_HAL_Driver/Src/stm32f7xx_ll_usb.c ****       /* Set data payload position */
2075:Drivers/STM32F7xx_HAL_Driver/Src/stm32f7xx_ll_usb.c ****       switch (hc->iso_splt_xactPos)
2076:Drivers/STM32F7xx_HAL_Driver/Src/stm32f7xx_ll_usb.c ****       {
2077:Drivers/STM32F7xx_HAL_Driver/Src/stm32f7xx_ll_usb.c ****         case HCSPLT_BEGIN:
2078:Drivers/STM32F7xx_HAL_Driver/Src/stm32f7xx_ll_usb.c ****           /* First data payload for OUT Transaction */
ARM GAS  /tmp/ccyYvSLN.s 			page 133


2079:Drivers/STM32F7xx_HAL_Driver/Src/stm32f7xx_ll_usb.c ****           USBx_HC((uint32_t)ch_num)->HCSPLT |= USB_OTG_HCSPLT_XACTPOS_1;
2080:Drivers/STM32F7xx_HAL_Driver/Src/stm32f7xx_ll_usb.c ****           break;
2081:Drivers/STM32F7xx_HAL_Driver/Src/stm32f7xx_ll_usb.c **** 
2082:Drivers/STM32F7xx_HAL_Driver/Src/stm32f7xx_ll_usb.c ****         case HCSPLT_MIDDLE:
2083:Drivers/STM32F7xx_HAL_Driver/Src/stm32f7xx_ll_usb.c ****           /* Middle data payload for OUT Transaction */
2084:Drivers/STM32F7xx_HAL_Driver/Src/stm32f7xx_ll_usb.c ****           USBx_HC((uint32_t)ch_num)->HCSPLT |= USB_OTG_HCSPLT_XACTPOS_Pos;
2085:Drivers/STM32F7xx_HAL_Driver/Src/stm32f7xx_ll_usb.c ****           break;
2086:Drivers/STM32F7xx_HAL_Driver/Src/stm32f7xx_ll_usb.c **** 
2087:Drivers/STM32F7xx_HAL_Driver/Src/stm32f7xx_ll_usb.c ****         case HCSPLT_END:
2088:Drivers/STM32F7xx_HAL_Driver/Src/stm32f7xx_ll_usb.c ****           /* End data payload for OUT Transaction */
2089:Drivers/STM32F7xx_HAL_Driver/Src/stm32f7xx_ll_usb.c ****           USBx_HC((uint32_t)ch_num)->HCSPLT |= USB_OTG_HCSPLT_XACTPOS_0;
2090:Drivers/STM32F7xx_HAL_Driver/Src/stm32f7xx_ll_usb.c ****           break;
2091:Drivers/STM32F7xx_HAL_Driver/Src/stm32f7xx_ll_usb.c **** 
2092:Drivers/STM32F7xx_HAL_Driver/Src/stm32f7xx_ll_usb.c ****         case HCSPLT_FULL:
2093:Drivers/STM32F7xx_HAL_Driver/Src/stm32f7xx_ll_usb.c ****           /* Entire data payload for OUT Transaction */
2094:Drivers/STM32F7xx_HAL_Driver/Src/stm32f7xx_ll_usb.c ****           USBx_HC((uint32_t)ch_num)->HCSPLT |= USB_OTG_HCSPLT_XACTPOS;
2095:Drivers/STM32F7xx_HAL_Driver/Src/stm32f7xx_ll_usb.c ****           break;
2096:Drivers/STM32F7xx_HAL_Driver/Src/stm32f7xx_ll_usb.c **** 
2097:Drivers/STM32F7xx_HAL_Driver/Src/stm32f7xx_ll_usb.c ****         default:
2098:Drivers/STM32F7xx_HAL_Driver/Src/stm32f7xx_ll_usb.c ****           break;
2099:Drivers/STM32F7xx_HAL_Driver/Src/stm32f7xx_ll_usb.c ****       }
2100:Drivers/STM32F7xx_HAL_Driver/Src/stm32f7xx_ll_usb.c ****     }
2101:Drivers/STM32F7xx_HAL_Driver/Src/stm32f7xx_ll_usb.c ****   }
2102:Drivers/STM32F7xx_HAL_Driver/Src/stm32f7xx_ll_usb.c ****   else
2103:Drivers/STM32F7xx_HAL_Driver/Src/stm32f7xx_ll_usb.c ****   {
2104:Drivers/STM32F7xx_HAL_Driver/Src/stm32f7xx_ll_usb.c ****     /* Clear Hub Start Split transaction */
2105:Drivers/STM32F7xx_HAL_Driver/Src/stm32f7xx_ll_usb.c ****     USBx_HC((uint32_t)ch_num)->HCSPLT = 0U;
2106:Drivers/STM32F7xx_HAL_Driver/Src/stm32f7xx_ll_usb.c ****   }
2107:Drivers/STM32F7xx_HAL_Driver/Src/stm32f7xx_ll_usb.c **** 
2108:Drivers/STM32F7xx_HAL_Driver/Src/stm32f7xx_ll_usb.c ****   /* Set host channel enable */
2109:Drivers/STM32F7xx_HAL_Driver/Src/stm32f7xx_ll_usb.c ****   tmpreg = USBx_HC(ch_num)->HCCHAR;
2110:Drivers/STM32F7xx_HAL_Driver/Src/stm32f7xx_ll_usb.c ****   tmpreg &= ~USB_OTG_HCCHAR_CHDIS;
2111:Drivers/STM32F7xx_HAL_Driver/Src/stm32f7xx_ll_usb.c **** 
2112:Drivers/STM32F7xx_HAL_Driver/Src/stm32f7xx_ll_usb.c ****   /* make sure to set the correct ep direction */
2113:Drivers/STM32F7xx_HAL_Driver/Src/stm32f7xx_ll_usb.c ****   if (hc->ep_is_in != 0U)
2114:Drivers/STM32F7xx_HAL_Driver/Src/stm32f7xx_ll_usb.c ****   {
2115:Drivers/STM32F7xx_HAL_Driver/Src/stm32f7xx_ll_usb.c ****     tmpreg |= USB_OTG_HCCHAR_EPDIR;
2116:Drivers/STM32F7xx_HAL_Driver/Src/stm32f7xx_ll_usb.c ****   }
2117:Drivers/STM32F7xx_HAL_Driver/Src/stm32f7xx_ll_usb.c ****   else
2118:Drivers/STM32F7xx_HAL_Driver/Src/stm32f7xx_ll_usb.c ****   {
2119:Drivers/STM32F7xx_HAL_Driver/Src/stm32f7xx_ll_usb.c ****     tmpreg &= ~USB_OTG_HCCHAR_EPDIR;
2120:Drivers/STM32F7xx_HAL_Driver/Src/stm32f7xx_ll_usb.c ****   }
2121:Drivers/STM32F7xx_HAL_Driver/Src/stm32f7xx_ll_usb.c ****   tmpreg |= USB_OTG_HCCHAR_CHENA;
2122:Drivers/STM32F7xx_HAL_Driver/Src/stm32f7xx_ll_usb.c ****   USBx_HC(ch_num)->HCCHAR = tmpreg;
2123:Drivers/STM32F7xx_HAL_Driver/Src/stm32f7xx_ll_usb.c **** 
2124:Drivers/STM32F7xx_HAL_Driver/Src/stm32f7xx_ll_usb.c ****   if (dma != 0U) /* dma mode */
2125:Drivers/STM32F7xx_HAL_Driver/Src/stm32f7xx_ll_usb.c ****   {
2126:Drivers/STM32F7xx_HAL_Driver/Src/stm32f7xx_ll_usb.c ****     return HAL_OK;
2127:Drivers/STM32F7xx_HAL_Driver/Src/stm32f7xx_ll_usb.c ****   }
2128:Drivers/STM32F7xx_HAL_Driver/Src/stm32f7xx_ll_usb.c **** 
2129:Drivers/STM32F7xx_HAL_Driver/Src/stm32f7xx_ll_usb.c ****   if ((hc->ep_is_in == 0U) && (hc->xfer_len > 0U) && (hc->do_csplit == 0U))
2130:Drivers/STM32F7xx_HAL_Driver/Src/stm32f7xx_ll_usb.c ****   {
2131:Drivers/STM32F7xx_HAL_Driver/Src/stm32f7xx_ll_usb.c ****     switch (hc->ep_type)
2132:Drivers/STM32F7xx_HAL_Driver/Src/stm32f7xx_ll_usb.c ****     {
2133:Drivers/STM32F7xx_HAL_Driver/Src/stm32f7xx_ll_usb.c ****       /* Non periodic transfer */
2134:Drivers/STM32F7xx_HAL_Driver/Src/stm32f7xx_ll_usb.c ****       case EP_TYPE_CTRL:
2135:Drivers/STM32F7xx_HAL_Driver/Src/stm32f7xx_ll_usb.c ****       case EP_TYPE_BULK:
ARM GAS  /tmp/ccyYvSLN.s 			page 134


2136:Drivers/STM32F7xx_HAL_Driver/Src/stm32f7xx_ll_usb.c **** 
2137:Drivers/STM32F7xx_HAL_Driver/Src/stm32f7xx_ll_usb.c ****         len_words = (uint16_t)((hc->xfer_len + 3U) / 4U);
2138:Drivers/STM32F7xx_HAL_Driver/Src/stm32f7xx_ll_usb.c **** 
2139:Drivers/STM32F7xx_HAL_Driver/Src/stm32f7xx_ll_usb.c ****         /* check if there is enough space in FIFO space */
2140:Drivers/STM32F7xx_HAL_Driver/Src/stm32f7xx_ll_usb.c ****         if (len_words > (USBx->HNPTXSTS & 0xFFFFU))
2141:Drivers/STM32F7xx_HAL_Driver/Src/stm32f7xx_ll_usb.c ****         {
2142:Drivers/STM32F7xx_HAL_Driver/Src/stm32f7xx_ll_usb.c ****           /* need to process data in nptxfempty interrupt */
2143:Drivers/STM32F7xx_HAL_Driver/Src/stm32f7xx_ll_usb.c ****           USBx->GINTMSK |= USB_OTG_GINTMSK_NPTXFEM;
2144:Drivers/STM32F7xx_HAL_Driver/Src/stm32f7xx_ll_usb.c ****         }
2145:Drivers/STM32F7xx_HAL_Driver/Src/stm32f7xx_ll_usb.c ****         break;
2146:Drivers/STM32F7xx_HAL_Driver/Src/stm32f7xx_ll_usb.c **** 
2147:Drivers/STM32F7xx_HAL_Driver/Src/stm32f7xx_ll_usb.c ****       /* Periodic transfer */
2148:Drivers/STM32F7xx_HAL_Driver/Src/stm32f7xx_ll_usb.c ****       case EP_TYPE_INTR:
2149:Drivers/STM32F7xx_HAL_Driver/Src/stm32f7xx_ll_usb.c ****       case EP_TYPE_ISOC:
2150:Drivers/STM32F7xx_HAL_Driver/Src/stm32f7xx_ll_usb.c ****         len_words = (uint16_t)((hc->xfer_len + 3U) / 4U);
2151:Drivers/STM32F7xx_HAL_Driver/Src/stm32f7xx_ll_usb.c ****         /* check if there is enough space in FIFO space */
2152:Drivers/STM32F7xx_HAL_Driver/Src/stm32f7xx_ll_usb.c ****         if (len_words > (USBx_HOST->HPTXSTS & 0xFFFFU)) /* split the transfer */
2153:Drivers/STM32F7xx_HAL_Driver/Src/stm32f7xx_ll_usb.c ****         {
2154:Drivers/STM32F7xx_HAL_Driver/Src/stm32f7xx_ll_usb.c ****           /* need to process data in ptxfempty interrupt */
2155:Drivers/STM32F7xx_HAL_Driver/Src/stm32f7xx_ll_usb.c ****           USBx->GINTMSK |= USB_OTG_GINTMSK_PTXFEM;
2156:Drivers/STM32F7xx_HAL_Driver/Src/stm32f7xx_ll_usb.c ****         }
2157:Drivers/STM32F7xx_HAL_Driver/Src/stm32f7xx_ll_usb.c ****         break;
2158:Drivers/STM32F7xx_HAL_Driver/Src/stm32f7xx_ll_usb.c **** 
2159:Drivers/STM32F7xx_HAL_Driver/Src/stm32f7xx_ll_usb.c ****       default:
2160:Drivers/STM32F7xx_HAL_Driver/Src/stm32f7xx_ll_usb.c ****         break;
2161:Drivers/STM32F7xx_HAL_Driver/Src/stm32f7xx_ll_usb.c ****     }
2162:Drivers/STM32F7xx_HAL_Driver/Src/stm32f7xx_ll_usb.c **** 
2163:Drivers/STM32F7xx_HAL_Driver/Src/stm32f7xx_ll_usb.c ****     /* Write packet into the Tx FIFO. */
2164:Drivers/STM32F7xx_HAL_Driver/Src/stm32f7xx_ll_usb.c ****     (void)USB_WritePacket(USBx, hc->xfer_buff, hc->ch_num, (uint16_t)hc->xfer_len, 0);
2165:Drivers/STM32F7xx_HAL_Driver/Src/stm32f7xx_ll_usb.c ****   }
2166:Drivers/STM32F7xx_HAL_Driver/Src/stm32f7xx_ll_usb.c **** 
2167:Drivers/STM32F7xx_HAL_Driver/Src/stm32f7xx_ll_usb.c ****   return HAL_OK;
2168:Drivers/STM32F7xx_HAL_Driver/Src/stm32f7xx_ll_usb.c **** }
2169:Drivers/STM32F7xx_HAL_Driver/Src/stm32f7xx_ll_usb.c **** 
2170:Drivers/STM32F7xx_HAL_Driver/Src/stm32f7xx_ll_usb.c **** /**
2171:Drivers/STM32F7xx_HAL_Driver/Src/stm32f7xx_ll_usb.c ****   * @brief Read all host channel interrupts status
2172:Drivers/STM32F7xx_HAL_Driver/Src/stm32f7xx_ll_usb.c ****   * @param  USBx  Selected device
2173:Drivers/STM32F7xx_HAL_Driver/Src/stm32f7xx_ll_usb.c ****   * @retval HAL state
2174:Drivers/STM32F7xx_HAL_Driver/Src/stm32f7xx_ll_usb.c ****   */
2175:Drivers/STM32F7xx_HAL_Driver/Src/stm32f7xx_ll_usb.c **** uint32_t USB_HC_ReadInterrupt(const USB_OTG_GlobalTypeDef *USBx)
2176:Drivers/STM32F7xx_HAL_Driver/Src/stm32f7xx_ll_usb.c **** {
 4331              		.loc 1 2176 1 is_stmt 1 view -0
 4332              		.cfi_startproc
 4333              		@ args = 0, pretend = 0, frame = 0
 4334              		@ frame_needed = 0, uses_anonymous_args = 0
 4335              		@ link register save eliminated.
2177:Drivers/STM32F7xx_HAL_Driver/Src/stm32f7xx_ll_usb.c ****   uint32_t USBx_BASE = (uint32_t)USBx;
 4336              		.loc 1 2177 3 view .LVU1445
2178:Drivers/STM32F7xx_HAL_Driver/Src/stm32f7xx_ll_usb.c **** 
2179:Drivers/STM32F7xx_HAL_Driver/Src/stm32f7xx_ll_usb.c ****   return ((USBx_HOST->HAINT) & 0xFFFFU);
 4337              		.loc 1 2179 3 view .LVU1446
 4338              		.loc 1 2179 12 is_stmt 0 view .LVU1447
 4339 0000 00F58060 		add	r0, r0, #1024
 4340              	.LVL320:
 4341              		.loc 1 2179 21 view .LVU1448
 4342 0004 4069     		ldr	r0, [r0, #20]
 4343              	.LVL321:
ARM GAS  /tmp/ccyYvSLN.s 			page 135


2180:Drivers/STM32F7xx_HAL_Driver/Src/stm32f7xx_ll_usb.c **** }
 4344              		.loc 1 2180 1 view .LVU1449
 4345 0006 80B2     		uxth	r0, r0
 4346 0008 7047     		bx	lr
 4347              		.cfi_endproc
 4348              	.LFE184:
 4350              		.section	.text.USB_HC_Halt,"ax",%progbits
 4351              		.align	1
 4352              		.global	USB_HC_Halt
 4353              		.syntax unified
 4354              		.thumb
 4355              		.thumb_func
 4357              	USB_HC_Halt:
 4358              	.LVL322:
 4359              	.LFB185:
2181:Drivers/STM32F7xx_HAL_Driver/Src/stm32f7xx_ll_usb.c **** 
2182:Drivers/STM32F7xx_HAL_Driver/Src/stm32f7xx_ll_usb.c **** /**
2183:Drivers/STM32F7xx_HAL_Driver/Src/stm32f7xx_ll_usb.c ****   * @brief  Halt a host channel
2184:Drivers/STM32F7xx_HAL_Driver/Src/stm32f7xx_ll_usb.c ****   * @param  USBx  Selected device
2185:Drivers/STM32F7xx_HAL_Driver/Src/stm32f7xx_ll_usb.c ****   * @param  hc_num  Host Channel number
2186:Drivers/STM32F7xx_HAL_Driver/Src/stm32f7xx_ll_usb.c ****   *         This parameter can be a value from 1 to 15
2187:Drivers/STM32F7xx_HAL_Driver/Src/stm32f7xx_ll_usb.c ****   * @retval HAL state
2188:Drivers/STM32F7xx_HAL_Driver/Src/stm32f7xx_ll_usb.c ****   */
2189:Drivers/STM32F7xx_HAL_Driver/Src/stm32f7xx_ll_usb.c **** HAL_StatusTypeDef USB_HC_Halt(const USB_OTG_GlobalTypeDef *USBx, uint8_t hc_num)
2190:Drivers/STM32F7xx_HAL_Driver/Src/stm32f7xx_ll_usb.c **** {
 4360              		.loc 1 2190 1 is_stmt 1 view -0
 4361              		.cfi_startproc
 4362              		@ args = 0, pretend = 0, frame = 8
 4363              		@ frame_needed = 0, uses_anonymous_args = 0
 4364              		@ link register save eliminated.
 4365              		.loc 1 2190 1 is_stmt 0 view .LVU1451
 4366 0000 70B4     		push	{r4, r5, r6}
 4367              	.LCFI56:
 4368              		.cfi_def_cfa_offset 12
 4369              		.cfi_offset 4, -12
 4370              		.cfi_offset 5, -8
 4371              		.cfi_offset 6, -4
 4372 0002 83B0     		sub	sp, sp, #12
 4373              	.LCFI57:
 4374              		.cfi_def_cfa_offset 24
2191:Drivers/STM32F7xx_HAL_Driver/Src/stm32f7xx_ll_usb.c ****   uint32_t USBx_BASE = (uint32_t)USBx;
 4375              		.loc 1 2191 3 is_stmt 1 view .LVU1452
 4376              	.LVL323:
2192:Drivers/STM32F7xx_HAL_Driver/Src/stm32f7xx_ll_usb.c ****   uint32_t hcnum = (uint32_t)hc_num;
 4377              		.loc 1 2192 3 view .LVU1453
2193:Drivers/STM32F7xx_HAL_Driver/Src/stm32f7xx_ll_usb.c ****   __IO uint32_t count = 0U;
 4378              		.loc 1 2193 3 view .LVU1454
 4379              		.loc 1 2193 17 is_stmt 0 view .LVU1455
 4380 0004 0023     		movs	r3, #0
 4381 0006 0193     		str	r3, [sp, #4]
2194:Drivers/STM32F7xx_HAL_Driver/Src/stm32f7xx_ll_usb.c ****   uint32_t HcEpType = (USBx_HC(hcnum)->HCCHAR & USB_OTG_HCCHAR_EPTYP) >> 18;
 4382              		.loc 1 2194 3 is_stmt 1 view .LVU1456
 4383              		.loc 1 2194 24 is_stmt 0 view .LVU1457
 4384 0008 00EB4111 		add	r1, r0, r1, lsl #5
 4385              	.LVL324:
 4386              		.loc 1 2194 24 view .LVU1458
 4387 000c 01F5A062 		add	r2, r1, #1280
ARM GAS  /tmp/ccyYvSLN.s 			page 136


 4388              		.loc 1 2194 38 view .LVU1459
 4389 0010 D1F80035 		ldr	r3, [r1, #1280]
 4390              		.loc 1 2194 12 view .LVU1460
 4391 0014 C3F38143 		ubfx	r3, r3, #18, #2
 4392              	.LVL325:
2195:Drivers/STM32F7xx_HAL_Driver/Src/stm32f7xx_ll_usb.c ****   uint32_t ChannelEna = (USBx_HC(hcnum)->HCCHAR & USB_OTG_HCCHAR_CHENA) >> 31;
 4393              		.loc 1 2195 3 is_stmt 1 view .LVU1461
 4394              		.loc 1 2195 40 is_stmt 0 view .LVU1462
 4395 0018 D1F80055 		ldr	r5, [r1, #1280]
 4396              	.LVL326:
2196:Drivers/STM32F7xx_HAL_Driver/Src/stm32f7xx_ll_usb.c ****   uint32_t SplitEna = (USBx_HC(hcnum)->HCSPLT & USB_OTG_HCSPLT_SPLITEN) >> 31;
 4397              		.loc 1 2196 3 is_stmt 1 view .LVU1463
 4398              		.loc 1 2196 38 is_stmt 0 view .LVU1464
 4399 001c 5468     		ldr	r4, [r2, #4]
 4400              	.LVL327:
2197:Drivers/STM32F7xx_HAL_Driver/Src/stm32f7xx_ll_usb.c **** 
2198:Drivers/STM32F7xx_HAL_Driver/Src/stm32f7xx_ll_usb.c ****   /* In buffer DMA, Channel disable must not be programmed for non-split periodic channels.
2199:Drivers/STM32F7xx_HAL_Driver/Src/stm32f7xx_ll_usb.c ****      At the end of the next uframe/frame (in the worst case), the core generates a channel halted
2200:Drivers/STM32F7xx_HAL_Driver/Src/stm32f7xx_ll_usb.c ****      and disables the channel automatically. */
2201:Drivers/STM32F7xx_HAL_Driver/Src/stm32f7xx_ll_usb.c **** 
2202:Drivers/STM32F7xx_HAL_Driver/Src/stm32f7xx_ll_usb.c ****   if ((((USBx->GAHBCFG & USB_OTG_GAHBCFG_DMAEN) == USB_OTG_GAHBCFG_DMAEN) && (SplitEna == 0U)) &&
 4401              		.loc 1 2202 3 is_stmt 1 view .LVU1465
 4402              		.loc 1 2202 14 is_stmt 0 view .LVU1466
 4403 001e 8668     		ldr	r6, [r0, #8]
 4404              		.loc 1 2202 6 view .LVU1467
 4405 0020 16F0200F 		tst	r6, #32
 4406 0024 07D0     		beq	.L284
 4407 0026 ED0F     		lsrs	r5, r5, #31
 4408              	.LVL328:
 4409              		.loc 1 2202 6 view .LVU1468
 4410 0028 E40F     		lsrs	r4, r4, #31
 4411              	.LVL329:
 4412              		.loc 1 2202 75 discriminator 1 view .LVU1469
 4413 002a 24B9     		cbnz	r4, .L284
 4414              		.loc 1 2202 96 discriminator 2 view .LVU1470
 4415 002c CDB3     		cbz	r5, .L285
2203:Drivers/STM32F7xx_HAL_Driver/Src/stm32f7xx_ll_usb.c ****       ((ChannelEna == 0U) || (((HcEpType == HCCHAR_ISOC) || (HcEpType == HCCHAR_INTR)))))
 4416              		.loc 1 2203 27 view .LVU1471
 4417 002e 032B     		cmp	r3, #3
 4418 0030 18BF     		it	ne
 4419 0032 012B     		cmpne	r3, #1
 4420 0034 35D0     		beq	.L285
 4421              	.LVL330:
 4422              	.L284:
2204:Drivers/STM32F7xx_HAL_Driver/Src/stm32f7xx_ll_usb.c ****   {
2205:Drivers/STM32F7xx_HAL_Driver/Src/stm32f7xx_ll_usb.c ****     return HAL_OK;
2206:Drivers/STM32F7xx_HAL_Driver/Src/stm32f7xx_ll_usb.c ****   }
2207:Drivers/STM32F7xx_HAL_Driver/Src/stm32f7xx_ll_usb.c **** 
2208:Drivers/STM32F7xx_HAL_Driver/Src/stm32f7xx_ll_usb.c ****   /* Check for space in the request queue to issue the halt. */
2209:Drivers/STM32F7xx_HAL_Driver/Src/stm32f7xx_ll_usb.c ****   if ((HcEpType == HCCHAR_CTRL) || (HcEpType == HCCHAR_BULK))
 4423              		.loc 1 2209 3 is_stmt 1 view .LVU1472
 4424              		.loc 1 2209 6 is_stmt 0 view .LVU1473
 4425 0036 022B     		cmp	r3, #2
 4426 0038 18BF     		it	ne
 4427 003a 002B     		cmpne	r3, #0
 4428 003c 35D1     		bne	.L286
2210:Drivers/STM32F7xx_HAL_Driver/Src/stm32f7xx_ll_usb.c ****   {
ARM GAS  /tmp/ccyYvSLN.s 			page 137


2211:Drivers/STM32F7xx_HAL_Driver/Src/stm32f7xx_ll_usb.c ****     USBx_HC(hcnum)->HCCHAR |= USB_OTG_HCCHAR_CHDIS;
 4429              		.loc 1 2211 5 is_stmt 1 view .LVU1474
 4430              		.loc 1 2211 19 is_stmt 0 view .LVU1475
 4431 003e D1F80035 		ldr	r3, [r1, #1280]
 4432              	.LVL331:
 4433              		.loc 1 2211 28 view .LVU1476
 4434 0042 43F08043 		orr	r3, r3, #1073741824
 4435 0046 C1F80035 		str	r3, [r1, #1280]
2212:Drivers/STM32F7xx_HAL_Driver/Src/stm32f7xx_ll_usb.c **** 
2213:Drivers/STM32F7xx_HAL_Driver/Src/stm32f7xx_ll_usb.c ****     if ((USBx->GAHBCFG & USB_OTG_GAHBCFG_DMAEN) == 0U)
 4436              		.loc 1 2213 5 is_stmt 1 view .LVU1477
 4437              		.loc 1 2213 14 is_stmt 0 view .LVU1478
 4438 004a 8368     		ldr	r3, [r0, #8]
 4439              		.loc 1 2213 8 view .LVU1479
 4440 004c 13F0200F 		tst	r3, #32
 4441 0050 21D1     		bne	.L287
2214:Drivers/STM32F7xx_HAL_Driver/Src/stm32f7xx_ll_usb.c ****     {
2215:Drivers/STM32F7xx_HAL_Driver/Src/stm32f7xx_ll_usb.c ****       if ((USBx->HNPTXSTS & (0xFFU << 16)) == 0U)
 4442              		.loc 1 2215 7 is_stmt 1 view .LVU1480
 4443              		.loc 1 2215 16 is_stmt 0 view .LVU1481
 4444 0052 C36A     		ldr	r3, [r0, #44]
 4445              		.loc 1 2215 10 view .LVU1482
 4446 0054 13F47F0F 		tst	r3, #16711680
 4447 0058 16D1     		bne	.L288
2216:Drivers/STM32F7xx_HAL_Driver/Src/stm32f7xx_ll_usb.c ****       {
2217:Drivers/STM32F7xx_HAL_Driver/Src/stm32f7xx_ll_usb.c ****         USBx_HC(hcnum)->HCCHAR &= ~USB_OTG_HCCHAR_CHENA;
 4448              		.loc 1 2217 9 is_stmt 1 view .LVU1483
 4449              		.loc 1 2217 23 is_stmt 0 view .LVU1484
 4450 005a D1F80035 		ldr	r3, [r1, #1280]
 4451              		.loc 1 2217 32 view .LVU1485
 4452 005e 23F00043 		bic	r3, r3, #-2147483648
 4453 0062 C1F80035 		str	r3, [r1, #1280]
2218:Drivers/STM32F7xx_HAL_Driver/Src/stm32f7xx_ll_usb.c ****         USBx_HC(hcnum)->HCCHAR |= USB_OTG_HCCHAR_CHENA;
 4454              		.loc 1 2218 9 is_stmt 1 view .LVU1486
 4455              		.loc 1 2218 23 is_stmt 0 view .LVU1487
 4456 0066 D1F80035 		ldr	r3, [r1, #1280]
 4457              		.loc 1 2218 32 view .LVU1488
 4458 006a 43F00043 		orr	r3, r3, #-2147483648
 4459 006e C1F80035 		str	r3, [r1, #1280]
 4460              	.L289:
2219:Drivers/STM32F7xx_HAL_Driver/Src/stm32f7xx_ll_usb.c ****         do
 4461              		.loc 1 2219 9 is_stmt 1 view .LVU1489
2220:Drivers/STM32F7xx_HAL_Driver/Src/stm32f7xx_ll_usb.c ****         {
2221:Drivers/STM32F7xx_HAL_Driver/Src/stm32f7xx_ll_usb.c ****           count++;
 4462              		.loc 1 2221 11 view .LVU1490
 4463              		.loc 1 2221 16 is_stmt 0 view .LVU1491
 4464 0072 019B     		ldr	r3, [sp, #4]
 4465 0074 0133     		adds	r3, r3, #1
 4466 0076 0193     		str	r3, [sp, #4]
2222:Drivers/STM32F7xx_HAL_Driver/Src/stm32f7xx_ll_usb.c **** 
2223:Drivers/STM32F7xx_HAL_Driver/Src/stm32f7xx_ll_usb.c ****           if (count > 1000U)
 4467              		.loc 1 2223 11 is_stmt 1 view .LVU1492
 4468              		.loc 1 2223 21 is_stmt 0 view .LVU1493
 4469 0078 019B     		ldr	r3, [sp, #4]
 4470              		.loc 1 2223 14 view .LVU1494
 4471 007a B3F57A7F 		cmp	r3, #1000
 4472 007e 10D8     		bhi	.L285
ARM GAS  /tmp/ccyYvSLN.s 			page 138


2224:Drivers/STM32F7xx_HAL_Driver/Src/stm32f7xx_ll_usb.c ****           {
2225:Drivers/STM32F7xx_HAL_Driver/Src/stm32f7xx_ll_usb.c ****             break;
2226:Drivers/STM32F7xx_HAL_Driver/Src/stm32f7xx_ll_usb.c ****           }
2227:Drivers/STM32F7xx_HAL_Driver/Src/stm32f7xx_ll_usb.c ****         } while ((USBx_HC(hcnum)->HCCHAR & USB_OTG_HCCHAR_CHENA) == USB_OTG_HCCHAR_CHENA);
 4473              		.loc 1 2227 66 is_stmt 1 view .LVU1495
 4474              		.loc 1 2227 33 is_stmt 0 view .LVU1496
 4475 0080 1368     		ldr	r3, [r2]
 4476              		.loc 1 2227 66 view .LVU1497
 4477 0082 002B     		cmp	r3, #0
 4478 0084 F5DB     		blt	.L289
 4479 0086 0CE0     		b	.L285
 4480              	.L288:
2228:Drivers/STM32F7xx_HAL_Driver/Src/stm32f7xx_ll_usb.c ****       }
2229:Drivers/STM32F7xx_HAL_Driver/Src/stm32f7xx_ll_usb.c ****       else
2230:Drivers/STM32F7xx_HAL_Driver/Src/stm32f7xx_ll_usb.c ****       {
2231:Drivers/STM32F7xx_HAL_Driver/Src/stm32f7xx_ll_usb.c ****         USBx_HC(hcnum)->HCCHAR |= USB_OTG_HCCHAR_CHENA;
 4481              		.loc 1 2231 9 is_stmt 1 view .LVU1498
 4482              		.loc 1 2231 23 is_stmt 0 view .LVU1499
 4483 0088 D1F80035 		ldr	r3, [r1, #1280]
 4484              		.loc 1 2231 32 view .LVU1500
 4485 008c 43F00043 		orr	r3, r3, #-2147483648
 4486 0090 C1F80035 		str	r3, [r1, #1280]
 4487 0094 05E0     		b	.L285
 4488              	.L287:
2232:Drivers/STM32F7xx_HAL_Driver/Src/stm32f7xx_ll_usb.c ****       }
2233:Drivers/STM32F7xx_HAL_Driver/Src/stm32f7xx_ll_usb.c ****     }
2234:Drivers/STM32F7xx_HAL_Driver/Src/stm32f7xx_ll_usb.c ****     else
2235:Drivers/STM32F7xx_HAL_Driver/Src/stm32f7xx_ll_usb.c ****     {
2236:Drivers/STM32F7xx_HAL_Driver/Src/stm32f7xx_ll_usb.c ****       USBx_HC(hcnum)->HCCHAR |= USB_OTG_HCCHAR_CHENA;
 4489              		.loc 1 2236 7 is_stmt 1 view .LVU1501
 4490              		.loc 1 2236 21 is_stmt 0 view .LVU1502
 4491 0096 D1F80035 		ldr	r3, [r1, #1280]
 4492              		.loc 1 2236 30 view .LVU1503
 4493 009a 43F00043 		orr	r3, r3, #-2147483648
 4494 009e C1F80035 		str	r3, [r1, #1280]
 4495              	.L285:
2237:Drivers/STM32F7xx_HAL_Driver/Src/stm32f7xx_ll_usb.c ****     }
2238:Drivers/STM32F7xx_HAL_Driver/Src/stm32f7xx_ll_usb.c ****   }
2239:Drivers/STM32F7xx_HAL_Driver/Src/stm32f7xx_ll_usb.c ****   else
2240:Drivers/STM32F7xx_HAL_Driver/Src/stm32f7xx_ll_usb.c ****   {
2241:Drivers/STM32F7xx_HAL_Driver/Src/stm32f7xx_ll_usb.c ****     USBx_HC(hcnum)->HCCHAR |= USB_OTG_HCCHAR_CHDIS;
2242:Drivers/STM32F7xx_HAL_Driver/Src/stm32f7xx_ll_usb.c **** 
2243:Drivers/STM32F7xx_HAL_Driver/Src/stm32f7xx_ll_usb.c ****     if ((USBx_HOST->HPTXSTS & (0xFFU << 16)) == 0U)
2244:Drivers/STM32F7xx_HAL_Driver/Src/stm32f7xx_ll_usb.c ****     {
2245:Drivers/STM32F7xx_HAL_Driver/Src/stm32f7xx_ll_usb.c ****       USBx_HC(hcnum)->HCCHAR &= ~USB_OTG_HCCHAR_CHENA;
2246:Drivers/STM32F7xx_HAL_Driver/Src/stm32f7xx_ll_usb.c ****       USBx_HC(hcnum)->HCCHAR |= USB_OTG_HCCHAR_CHENA;
2247:Drivers/STM32F7xx_HAL_Driver/Src/stm32f7xx_ll_usb.c ****       do
2248:Drivers/STM32F7xx_HAL_Driver/Src/stm32f7xx_ll_usb.c ****       {
2249:Drivers/STM32F7xx_HAL_Driver/Src/stm32f7xx_ll_usb.c ****         count++;
2250:Drivers/STM32F7xx_HAL_Driver/Src/stm32f7xx_ll_usb.c **** 
2251:Drivers/STM32F7xx_HAL_Driver/Src/stm32f7xx_ll_usb.c ****         if (count > 1000U)
2252:Drivers/STM32F7xx_HAL_Driver/Src/stm32f7xx_ll_usb.c ****         {
2253:Drivers/STM32F7xx_HAL_Driver/Src/stm32f7xx_ll_usb.c ****           break;
2254:Drivers/STM32F7xx_HAL_Driver/Src/stm32f7xx_ll_usb.c ****         }
2255:Drivers/STM32F7xx_HAL_Driver/Src/stm32f7xx_ll_usb.c ****       } while ((USBx_HC(hcnum)->HCCHAR & USB_OTG_HCCHAR_CHENA) == USB_OTG_HCCHAR_CHENA);
2256:Drivers/STM32F7xx_HAL_Driver/Src/stm32f7xx_ll_usb.c ****     }
2257:Drivers/STM32F7xx_HAL_Driver/Src/stm32f7xx_ll_usb.c ****     else
ARM GAS  /tmp/ccyYvSLN.s 			page 139


2258:Drivers/STM32F7xx_HAL_Driver/Src/stm32f7xx_ll_usb.c ****     {
2259:Drivers/STM32F7xx_HAL_Driver/Src/stm32f7xx_ll_usb.c ****       USBx_HC(hcnum)->HCCHAR |= USB_OTG_HCCHAR_CHENA;
2260:Drivers/STM32F7xx_HAL_Driver/Src/stm32f7xx_ll_usb.c ****     }
2261:Drivers/STM32F7xx_HAL_Driver/Src/stm32f7xx_ll_usb.c ****   }
2262:Drivers/STM32F7xx_HAL_Driver/Src/stm32f7xx_ll_usb.c **** 
2263:Drivers/STM32F7xx_HAL_Driver/Src/stm32f7xx_ll_usb.c ****   return HAL_OK;
2264:Drivers/STM32F7xx_HAL_Driver/Src/stm32f7xx_ll_usb.c **** }
 4496              		.loc 1 2264 1 view .LVU1504
 4497 00a2 0020     		movs	r0, #0
 4498              	.LVL332:
 4499              		.loc 1 2264 1 view .LVU1505
 4500 00a4 03B0     		add	sp, sp, #12
 4501              	.LCFI58:
 4502              		.cfi_remember_state
 4503              		.cfi_def_cfa_offset 12
 4504              		@ sp needed
 4505 00a6 70BC     		pop	{r4, r5, r6}
 4506              	.LCFI59:
 4507              		.cfi_restore 6
 4508              		.cfi_restore 5
 4509              		.cfi_restore 4
 4510              		.cfi_def_cfa_offset 0
 4511 00a8 7047     		bx	lr
 4512              	.LVL333:
 4513              	.L286:
 4514              	.LCFI60:
 4515              		.cfi_restore_state
2241:Drivers/STM32F7xx_HAL_Driver/Src/stm32f7xx_ll_usb.c **** 
 4516              		.loc 1 2241 5 is_stmt 1 view .LVU1506
2241:Drivers/STM32F7xx_HAL_Driver/Src/stm32f7xx_ll_usb.c **** 
 4517              		.loc 1 2241 19 is_stmt 0 view .LVU1507
 4518 00aa D1F80035 		ldr	r3, [r1, #1280]
 4519              	.LVL334:
2241:Drivers/STM32F7xx_HAL_Driver/Src/stm32f7xx_ll_usb.c **** 
 4520              		.loc 1 2241 28 view .LVU1508
 4521 00ae 43F08043 		orr	r3, r3, #1073741824
 4522 00b2 C1F80035 		str	r3, [r1, #1280]
2243:Drivers/STM32F7xx_HAL_Driver/Src/stm32f7xx_ll_usb.c ****     {
 4523              		.loc 1 2243 5 is_stmt 1 view .LVU1509
2243:Drivers/STM32F7xx_HAL_Driver/Src/stm32f7xx_ll_usb.c ****     {
 4524              		.loc 1 2243 19 is_stmt 0 view .LVU1510
 4525 00b6 D0F81034 		ldr	r3, [r0, #1040]
2243:Drivers/STM32F7xx_HAL_Driver/Src/stm32f7xx_ll_usb.c ****     {
 4526              		.loc 1 2243 8 view .LVU1511
 4527 00ba 13F47F0F 		tst	r3, #16711680
 4528 00be 16D1     		bne	.L290
2245:Drivers/STM32F7xx_HAL_Driver/Src/stm32f7xx_ll_usb.c ****       USBx_HC(hcnum)->HCCHAR |= USB_OTG_HCCHAR_CHENA;
 4529              		.loc 1 2245 7 is_stmt 1 view .LVU1512
2245:Drivers/STM32F7xx_HAL_Driver/Src/stm32f7xx_ll_usb.c ****       USBx_HC(hcnum)->HCCHAR |= USB_OTG_HCCHAR_CHENA;
 4530              		.loc 1 2245 21 is_stmt 0 view .LVU1513
 4531 00c0 D1F80035 		ldr	r3, [r1, #1280]
2245:Drivers/STM32F7xx_HAL_Driver/Src/stm32f7xx_ll_usb.c ****       USBx_HC(hcnum)->HCCHAR |= USB_OTG_HCCHAR_CHENA;
 4532              		.loc 1 2245 30 view .LVU1514
 4533 00c4 23F00043 		bic	r3, r3, #-2147483648
 4534 00c8 C1F80035 		str	r3, [r1, #1280]
2246:Drivers/STM32F7xx_HAL_Driver/Src/stm32f7xx_ll_usb.c ****       do
 4535              		.loc 1 2246 7 is_stmt 1 view .LVU1515
ARM GAS  /tmp/ccyYvSLN.s 			page 140


2246:Drivers/STM32F7xx_HAL_Driver/Src/stm32f7xx_ll_usb.c ****       do
 4536              		.loc 1 2246 21 is_stmt 0 view .LVU1516
 4537 00cc D1F80035 		ldr	r3, [r1, #1280]
2246:Drivers/STM32F7xx_HAL_Driver/Src/stm32f7xx_ll_usb.c ****       do
 4538              		.loc 1 2246 30 view .LVU1517
 4539 00d0 43F00043 		orr	r3, r3, #-2147483648
 4540 00d4 C1F80035 		str	r3, [r1, #1280]
 4541              	.L291:
2247:Drivers/STM32F7xx_HAL_Driver/Src/stm32f7xx_ll_usb.c ****       {
 4542              		.loc 1 2247 7 is_stmt 1 view .LVU1518
2249:Drivers/STM32F7xx_HAL_Driver/Src/stm32f7xx_ll_usb.c **** 
 4543              		.loc 1 2249 9 view .LVU1519
2249:Drivers/STM32F7xx_HAL_Driver/Src/stm32f7xx_ll_usb.c **** 
 4544              		.loc 1 2249 14 is_stmt 0 view .LVU1520
 4545 00d8 019B     		ldr	r3, [sp, #4]
 4546 00da 0133     		adds	r3, r3, #1
 4547 00dc 0193     		str	r3, [sp, #4]
2251:Drivers/STM32F7xx_HAL_Driver/Src/stm32f7xx_ll_usb.c ****         {
 4548              		.loc 1 2251 9 is_stmt 1 view .LVU1521
2251:Drivers/STM32F7xx_HAL_Driver/Src/stm32f7xx_ll_usb.c ****         {
 4549              		.loc 1 2251 19 is_stmt 0 view .LVU1522
 4550 00de 019B     		ldr	r3, [sp, #4]
2251:Drivers/STM32F7xx_HAL_Driver/Src/stm32f7xx_ll_usb.c ****         {
 4551              		.loc 1 2251 12 view .LVU1523
 4552 00e0 B3F57A7F 		cmp	r3, #1000
 4553 00e4 DDD8     		bhi	.L285
2255:Drivers/STM32F7xx_HAL_Driver/Src/stm32f7xx_ll_usb.c ****     }
 4554              		.loc 1 2255 64 is_stmt 1 view .LVU1524
2255:Drivers/STM32F7xx_HAL_Driver/Src/stm32f7xx_ll_usb.c ****     }
 4555              		.loc 1 2255 31 is_stmt 0 view .LVU1525
 4556 00e6 1368     		ldr	r3, [r2]
2255:Drivers/STM32F7xx_HAL_Driver/Src/stm32f7xx_ll_usb.c ****     }
 4557              		.loc 1 2255 64 view .LVU1526
 4558 00e8 002B     		cmp	r3, #0
 4559 00ea F5DB     		blt	.L291
 4560 00ec D9E7     		b	.L285
 4561              	.L290:
2259:Drivers/STM32F7xx_HAL_Driver/Src/stm32f7xx_ll_usb.c ****     }
 4562              		.loc 1 2259 7 is_stmt 1 view .LVU1527
2259:Drivers/STM32F7xx_HAL_Driver/Src/stm32f7xx_ll_usb.c ****     }
 4563              		.loc 1 2259 21 is_stmt 0 view .LVU1528
 4564 00ee D1F80035 		ldr	r3, [r1, #1280]
2259:Drivers/STM32F7xx_HAL_Driver/Src/stm32f7xx_ll_usb.c ****     }
 4565              		.loc 1 2259 30 view .LVU1529
 4566 00f2 43F00043 		orr	r3, r3, #-2147483648
 4567 00f6 C1F80035 		str	r3, [r1, #1280]
 4568 00fa D2E7     		b	.L285
 4569              		.cfi_endproc
 4570              	.LFE185:
 4572              		.section	.text.USB_DoPing,"ax",%progbits
 4573              		.align	1
 4574              		.global	USB_DoPing
 4575              		.syntax unified
 4576              		.thumb
 4577              		.thumb_func
 4579              	USB_DoPing:
 4580              	.LVL335:
ARM GAS  /tmp/ccyYvSLN.s 			page 141


 4581              	.LFB186:
2265:Drivers/STM32F7xx_HAL_Driver/Src/stm32f7xx_ll_usb.c **** 
2266:Drivers/STM32F7xx_HAL_Driver/Src/stm32f7xx_ll_usb.c **** /**
2267:Drivers/STM32F7xx_HAL_Driver/Src/stm32f7xx_ll_usb.c ****   * @brief  Initiate Do Ping protocol
2268:Drivers/STM32F7xx_HAL_Driver/Src/stm32f7xx_ll_usb.c ****   * @param  USBx  Selected device
2269:Drivers/STM32F7xx_HAL_Driver/Src/stm32f7xx_ll_usb.c ****   * @param  hc_num  Host Channel number
2270:Drivers/STM32F7xx_HAL_Driver/Src/stm32f7xx_ll_usb.c ****   *         This parameter can be a value from 1 to 15
2271:Drivers/STM32F7xx_HAL_Driver/Src/stm32f7xx_ll_usb.c ****   * @retval HAL state
2272:Drivers/STM32F7xx_HAL_Driver/Src/stm32f7xx_ll_usb.c ****   */
2273:Drivers/STM32F7xx_HAL_Driver/Src/stm32f7xx_ll_usb.c **** HAL_StatusTypeDef USB_DoPing(const USB_OTG_GlobalTypeDef *USBx, uint8_t ch_num)
2274:Drivers/STM32F7xx_HAL_Driver/Src/stm32f7xx_ll_usb.c **** {
 4582              		.loc 1 2274 1 is_stmt 1 view -0
 4583              		.cfi_startproc
 4584              		@ args = 0, pretend = 0, frame = 0
 4585              		@ frame_needed = 0, uses_anonymous_args = 0
 4586              		@ link register save eliminated.
2275:Drivers/STM32F7xx_HAL_Driver/Src/stm32f7xx_ll_usb.c ****   uint32_t USBx_BASE = (uint32_t)USBx;
 4587              		.loc 1 2275 3 view .LVU1531
2276:Drivers/STM32F7xx_HAL_Driver/Src/stm32f7xx_ll_usb.c ****   uint32_t chnum = (uint32_t)ch_num;
 4588              		.loc 1 2276 3 view .LVU1532
2277:Drivers/STM32F7xx_HAL_Driver/Src/stm32f7xx_ll_usb.c ****   uint32_t num_packets = 1U;
 4589              		.loc 1 2277 3 view .LVU1533
2278:Drivers/STM32F7xx_HAL_Driver/Src/stm32f7xx_ll_usb.c ****   uint32_t tmpreg;
 4590              		.loc 1 2278 3 view .LVU1534
2279:Drivers/STM32F7xx_HAL_Driver/Src/stm32f7xx_ll_usb.c **** 
2280:Drivers/STM32F7xx_HAL_Driver/Src/stm32f7xx_ll_usb.c ****   USBx_HC(chnum)->HCTSIZ = ((num_packets << 19) & USB_OTG_HCTSIZ_PKTCNT) |
 4591              		.loc 1 2280 3 view .LVU1535
 4592 0000 00EB4110 		add	r0, r0, r1, lsl #5
 4593              	.LVL336:
 4594              		.loc 1 2280 26 is_stmt 0 view .LVU1536
 4595 0004 064A     		ldr	r2, .L294
 4596 0006 C0F81025 		str	r2, [r0, #1296]
2281:Drivers/STM32F7xx_HAL_Driver/Src/stm32f7xx_ll_usb.c ****                            USB_OTG_HCTSIZ_DOPING;
2282:Drivers/STM32F7xx_HAL_Driver/Src/stm32f7xx_ll_usb.c **** 
2283:Drivers/STM32F7xx_HAL_Driver/Src/stm32f7xx_ll_usb.c ****   /* Set host channel enable */
2284:Drivers/STM32F7xx_HAL_Driver/Src/stm32f7xx_ll_usb.c ****   tmpreg = USBx_HC(chnum)->HCCHAR;
 4597              		.loc 1 2284 3 is_stmt 1 view .LVU1537
 4598              		.loc 1 2284 10 is_stmt 0 view .LVU1538
 4599 000a D0F80035 		ldr	r3, [r0, #1280]
 4600              	.LVL337:
2285:Drivers/STM32F7xx_HAL_Driver/Src/stm32f7xx_ll_usb.c ****   tmpreg &= ~USB_OTG_HCCHAR_CHDIS;
 4601              		.loc 1 2285 3 is_stmt 1 view .LVU1539
 4602              		.loc 1 2285 10 is_stmt 0 view .LVU1540
 4603 000e 23F08043 		bic	r3, r3, #1073741824
 4604              	.LVL338:
2286:Drivers/STM32F7xx_HAL_Driver/Src/stm32f7xx_ll_usb.c ****   tmpreg |= USB_OTG_HCCHAR_CHENA;
 4605              		.loc 1 2286 3 is_stmt 1 view .LVU1541
 4606              		.loc 1 2286 10 is_stmt 0 view .LVU1542
 4607 0012 43F00043 		orr	r3, r3, #-2147483648
 4608              	.LVL339:
2287:Drivers/STM32F7xx_HAL_Driver/Src/stm32f7xx_ll_usb.c ****   USBx_HC(chnum)->HCCHAR = tmpreg;
 4609              		.loc 1 2287 3 is_stmt 1 view .LVU1543
 4610              		.loc 1 2287 26 is_stmt 0 view .LVU1544
 4611 0016 C0F80035 		str	r3, [r0, #1280]
2288:Drivers/STM32F7xx_HAL_Driver/Src/stm32f7xx_ll_usb.c **** 
2289:Drivers/STM32F7xx_HAL_Driver/Src/stm32f7xx_ll_usb.c ****   return HAL_OK;
 4612              		.loc 1 2289 3 is_stmt 1 view .LVU1545
ARM GAS  /tmp/ccyYvSLN.s 			page 142


2290:Drivers/STM32F7xx_HAL_Driver/Src/stm32f7xx_ll_usb.c **** }
 4613              		.loc 1 2290 1 is_stmt 0 view .LVU1546
 4614 001a 0020     		movs	r0, #0
 4615 001c 7047     		bx	lr
 4616              	.L295:
 4617 001e 00BF     		.align	2
 4618              	.L294:
 4619 0020 00000880 		.word	-2146959360
 4620              		.cfi_endproc
 4621              	.LFE186:
 4623              		.section	.text.USB_HC_StartXfer,"ax",%progbits
 4624              		.align	1
 4625              		.global	USB_HC_StartXfer
 4626              		.syntax unified
 4627              		.thumb
 4628              		.thumb_func
 4630              	USB_HC_StartXfer:
 4631              	.LVL340:
 4632              	.LFB183:
1913:Drivers/STM32F7xx_HAL_Driver/Src/stm32f7xx_ll_usb.c ****   uint32_t USBx_BASE = (uint32_t)USBx;
 4633              		.loc 1 1913 1 is_stmt 1 view -0
 4634              		.cfi_startproc
 4635              		@ args = 0, pretend = 0, frame = 8
 4636              		@ frame_needed = 0, uses_anonymous_args = 0
1913:Drivers/STM32F7xx_HAL_Driver/Src/stm32f7xx_ll_usb.c ****   uint32_t USBx_BASE = (uint32_t)USBx;
 4637              		.loc 1 1913 1 is_stmt 0 view .LVU1548
 4638 0000 70B5     		push	{r4, r5, r6, lr}
 4639              	.LCFI61:
 4640              		.cfi_def_cfa_offset 16
 4641              		.cfi_offset 4, -16
 4642              		.cfi_offset 5, -12
 4643              		.cfi_offset 6, -8
 4644              		.cfi_offset 14, -4
 4645 0002 84B0     		sub	sp, sp, #16
 4646              	.LCFI62:
 4647              		.cfi_def_cfa_offset 32
1914:Drivers/STM32F7xx_HAL_Driver/Src/stm32f7xx_ll_usb.c ****   uint32_t ch_num = (uint32_t)hc->ch_num;
 4648              		.loc 1 1914 3 is_stmt 1 view .LVU1549
 4649              	.LVL341:
1915:Drivers/STM32F7xx_HAL_Driver/Src/stm32f7xx_ll_usb.c ****   __IO uint32_t tmpreg;
 4650              		.loc 1 1915 3 view .LVU1550
1915:Drivers/STM32F7xx_HAL_Driver/Src/stm32f7xx_ll_usb.c ****   __IO uint32_t tmpreg;
 4651              		.loc 1 1915 33 is_stmt 0 view .LVU1551
 4652 0004 4B78     		ldrb	r3, [r1, #1]	@ zero_extendqisi2
 4653              	.LVL342:
1916:Drivers/STM32F7xx_HAL_Driver/Src/stm32f7xx_ll_usb.c ****   uint8_t  is_oddframe;
 4654              		.loc 1 1916 3 is_stmt 1 view .LVU1552
1917:Drivers/STM32F7xx_HAL_Driver/Src/stm32f7xx_ll_usb.c ****   uint16_t len_words;
 4655              		.loc 1 1917 3 view .LVU1553
1918:Drivers/STM32F7xx_HAL_Driver/Src/stm32f7xx_ll_usb.c ****   uint16_t num_packets;
 4656              		.loc 1 1918 3 view .LVU1554
1919:Drivers/STM32F7xx_HAL_Driver/Src/stm32f7xx_ll_usb.c ****   uint16_t max_hc_pkt_count = HC_MAX_PKT_CNT;
 4657              		.loc 1 1919 3 view .LVU1555
1920:Drivers/STM32F7xx_HAL_Driver/Src/stm32f7xx_ll_usb.c **** 
 4658              		.loc 1 1920 3 view .LVU1556
1923:Drivers/STM32F7xx_HAL_Driver/Src/stm32f7xx_ll_usb.c ****   {
 4659              		.loc 1 1923 3 view .LVU1557
ARM GAS  /tmp/ccyYvSLN.s 			page 143


1923:Drivers/STM32F7xx_HAL_Driver/Src/stm32f7xx_ll_usb.c ****   {
 4660              		.loc 1 1923 6 is_stmt 0 view .LVU1558
 4661 0006 A34C     		ldr	r4, .L339
 4662 0008 A042     		cmp	r0, r4
 4663 000a 16D0     		beq	.L330
 4664              	.L297:
1947:Drivers/STM32F7xx_HAL_Driver/Src/stm32f7xx_ll_usb.c ****   {
 4665              		.loc 1 1947 3 is_stmt 1 view .LVU1559
1947:Drivers/STM32F7xx_HAL_Driver/Src/stm32f7xx_ll_usb.c ****   {
 4666              		.loc 1 1947 9 is_stmt 0 view .LVU1560
 4667 000c 8C79     		ldrb	r4, [r1, #6]	@ zero_extendqisi2
1947:Drivers/STM32F7xx_HAL_Driver/Src/stm32f7xx_ll_usb.c ****   {
 4668              		.loc 1 1947 6 view .LVU1561
 4669 000e 012C     		cmp	r4, #1
 4670 0010 2ED0     		beq	.L331
2005:Drivers/STM32F7xx_HAL_Driver/Src/stm32f7xx_ll_usb.c ****     {
 4671              		.loc 1 2005 5 is_stmt 1 view .LVU1562
2005:Drivers/STM32F7xx_HAL_Driver/Src/stm32f7xx_ll_usb.c ****     {
 4672              		.loc 1 2005 11 is_stmt 0 view .LVU1563
 4673 0012 0D6A     		ldr	r5, [r1, #32]
2005:Drivers/STM32F7xx_HAL_Driver/Src/stm32f7xx_ll_usb.c ****     {
 4674              		.loc 1 2005 8 view .LVU1564
 4675 0014 002D     		cmp	r5, #0
 4676 0016 5FD0     		beq	.L326
2007:Drivers/STM32F7xx_HAL_Driver/Src/stm32f7xx_ll_usb.c **** 
 4677              		.loc 1 2007 7 is_stmt 1 view .LVU1565
2007:Drivers/STM32F7xx_HAL_Driver/Src/stm32f7xx_ll_usb.c **** 
 4678              		.loc 1 2007 50 is_stmt 0 view .LVU1566
 4679 0018 B1F814C0 		ldrh	ip, [r1, #20]
2007:Drivers/STM32F7xx_HAL_Driver/Src/stm32f7xx_ll_usb.c **** 
 4680              		.loc 1 2007 46 view .LVU1567
 4681 001c 05EB0C04 		add	r4, r5, ip
2007:Drivers/STM32F7xx_HAL_Driver/Src/stm32f7xx_ll_usb.c **** 
 4682              		.loc 1 2007 63 view .LVU1568
 4683 0020 013C     		subs	r4, r4, #1
2007:Drivers/STM32F7xx_HAL_Driver/Src/stm32f7xx_ll_usb.c **** 
 4684              		.loc 1 2007 69 view .LVU1569
 4685 0022 B4FBFCF4 		udiv	r4, r4, ip
2007:Drivers/STM32F7xx_HAL_Driver/Src/stm32f7xx_ll_usb.c **** 
 4686              		.loc 1 2007 19 view .LVU1570
 4687 0026 A4B2     		uxth	r4, r4
 4688              	.LVL343:
2009:Drivers/STM32F7xx_HAL_Driver/Src/stm32f7xx_ll_usb.c ****       {
 4689              		.loc 1 2009 7 is_stmt 1 view .LVU1571
2009:Drivers/STM32F7xx_HAL_Driver/Src/stm32f7xx_ll_usb.c ****       {
 4690              		.loc 1 2009 10 is_stmt 0 view .LVU1572
 4691 0028 B4F5807F 		cmp	r4, #256
 4692 002c 55D9     		bls	.L308
2011:Drivers/STM32F7xx_HAL_Driver/Src/stm32f7xx_ll_usb.c ****         hc->XferSize = (uint32_t)num_packets * hc->max_packet;
 4693              		.loc 1 2011 9 is_stmt 1 view .LVU1573
 4694              	.LVL344:
2012:Drivers/STM32F7xx_HAL_Driver/Src/stm32f7xx_ll_usb.c ****       }
 4695              		.loc 1 2012 9 view .LVU1574
2012:Drivers/STM32F7xx_HAL_Driver/Src/stm32f7xx_ll_usb.c ****       }
 4696              		.loc 1 2012 46 is_stmt 0 view .LVU1575
 4697 002e 4FEA0C24 		lsl	r4, ip, #8
2012:Drivers/STM32F7xx_HAL_Driver/Src/stm32f7xx_ll_usb.c ****       }
ARM GAS  /tmp/ccyYvSLN.s 			page 144


 4698              		.loc 1 2012 22 view .LVU1576
 4699 0032 CC61     		str	r4, [r1, #28]
2011:Drivers/STM32F7xx_HAL_Driver/Src/stm32f7xx_ll_usb.c ****         hc->XferSize = (uint32_t)num_packets * hc->max_packet;
 4700              		.loc 1 2011 21 view .LVU1577
 4701 0034 4FF48074 		mov	r4, #256
 4702 0038 4FE0     		b	.L308
 4703              	.LVL345:
 4704              	.L330:
1926:Drivers/STM32F7xx_HAL_Driver/Src/stm32f7xx_ll_usb.c ****     {
 4705              		.loc 1 1926 5 is_stmt 1 view .LVU1578
1926:Drivers/STM32F7xx_HAL_Driver/Src/stm32f7xx_ll_usb.c ****     {
 4706              		.loc 1 1926 8 is_stmt 0 view .LVU1579
 4707 003a 012A     		cmp	r2, #1
 4708 003c 07D0     		beq	.L332
1938:Drivers/STM32F7xx_HAL_Driver/Src/stm32f7xx_ll_usb.c ****       {
 4709              		.loc 1 1938 7 is_stmt 1 view .LVU1580
1938:Drivers/STM32F7xx_HAL_Driver/Src/stm32f7xx_ll_usb.c ****       {
 4710              		.loc 1 1938 40 is_stmt 0 view .LVU1581
 4711 003e 8C88     		ldrh	r4, [r1, #4]
1938:Drivers/STM32F7xx_HAL_Driver/Src/stm32f7xx_ll_usb.c ****       {
 4712              		.loc 1 1938 10 view .LVU1582
 4713 0040 B4F5807F 		cmp	r4, #256
 4714 0044 E2D1     		bne	.L297
1940:Drivers/STM32F7xx_HAL_Driver/Src/stm32f7xx_ll_usb.c ****         return HAL_OK;
 4715              		.loc 1 1940 9 is_stmt 1 view .LVU1583
1940:Drivers/STM32F7xx_HAL_Driver/Src/stm32f7xx_ll_usb.c ****         return HAL_OK;
 4716              		.loc 1 1940 15 is_stmt 0 view .LVU1584
 4717 0046 1946     		mov	r1, r3
 4718              	.LVL346:
1940:Drivers/STM32F7xx_HAL_Driver/Src/stm32f7xx_ll_usb.c ****         return HAL_OK;
 4719              		.loc 1 1940 15 view .LVU1585
 4720 0048 FFF7FEFF 		bl	USB_DoPing
 4721              	.LVL347:
1941:Drivers/STM32F7xx_HAL_Driver/Src/stm32f7xx_ll_usb.c ****       }
 4722              		.loc 1 1941 9 is_stmt 1 view .LVU1586
1941:Drivers/STM32F7xx_HAL_Driver/Src/stm32f7xx_ll_usb.c ****       }
 4723              		.loc 1 1941 16 is_stmt 0 view .LVU1587
 4724 004c 1FE1     		b	.L299
 4725              	.LVL348:
 4726              	.L332:
1928:Drivers/STM32F7xx_HAL_Driver/Src/stm32f7xx_ll_usb.c ****       {
 4727              		.loc 1 1928 7 is_stmt 1 view .LVU1588
1928:Drivers/STM32F7xx_HAL_Driver/Src/stm32f7xx_ll_usb.c ****       {
 4728              		.loc 1 1928 15 is_stmt 0 view .LVU1589
 4729 004e 8C7C     		ldrb	r4, [r1, #18]	@ zero_extendqisi2
1928:Drivers/STM32F7xx_HAL_Driver/Src/stm32f7xx_ll_usb.c ****       {
 4730              		.loc 1 1928 10 view .LVU1590
 4731 0050 022C     		cmp	r4, #2
 4732 0052 18BF     		it	ne
 4733 0054 002C     		cmpne	r4, #0
 4734 0056 D9D1     		bne	.L297
1928:Drivers/STM32F7xx_HAL_Driver/Src/stm32f7xx_ll_usb.c ****       {
 4735              		.loc 1 1928 82 discriminator 1 view .LVU1591
 4736 0058 8C79     		ldrb	r4, [r1, #6]	@ zero_extendqisi2
1928:Drivers/STM32F7xx_HAL_Driver/Src/stm32f7xx_ll_usb.c ****       {
 4737              		.loc 1 1928 76 discriminator 1 view .LVU1592
 4738 005a 002C     		cmp	r4, #0
ARM GAS  /tmp/ccyYvSLN.s 			page 145


 4739 005c D6D1     		bne	.L297
1931:Drivers/STM32F7xx_HAL_Driver/Src/stm32f7xx_ll_usb.c ****                                                  USB_OTG_HCINTMSK_ACKM |
 4740              		.loc 1 1931 9 is_stmt 1 view .LVU1593
1931:Drivers/STM32F7xx_HAL_Driver/Src/stm32f7xx_ll_usb.c ****                                                  USB_OTG_HCINTMSK_ACKM |
 4741              		.loc 1 1931 34 is_stmt 0 view .LVU1594
 4742 005e 00EB4314 		add	r4, r0, r3, lsl #5
 4743 0062 D4F80C55 		ldr	r5, [r4, #1292]
1931:Drivers/STM32F7xx_HAL_Driver/Src/stm32f7xx_ll_usb.c ****                                                  USB_OTG_HCINTMSK_ACKM |
 4744              		.loc 1 1931 45 view .LVU1595
 4745 0066 25F07005 		bic	r5, r5, #112
 4746 006a C4F80C55 		str	r5, [r4, #1292]
 4747 006e CDE7     		b	.L297
 4748              	.L331:
1950:Drivers/STM32F7xx_HAL_Driver/Src/stm32f7xx_ll_usb.c **** 
 4749              		.loc 1 1950 5 is_stmt 1 view .LVU1596
 4750              	.LVL349:
1952:Drivers/STM32F7xx_HAL_Driver/Src/stm32f7xx_ll_usb.c ****     {
 4751              		.loc 1 1952 5 view .LVU1597
1952:Drivers/STM32F7xx_HAL_Driver/Src/stm32f7xx_ll_usb.c ****     {
 4752              		.loc 1 1952 11 is_stmt 0 view .LVU1598
 4753 0070 CC78     		ldrb	r4, [r1, #3]	@ zero_extendqisi2
1952:Drivers/STM32F7xx_HAL_Driver/Src/stm32f7xx_ll_usb.c ****     {
 4754              		.loc 1 1952 8 view .LVU1599
 4755 0072 1CB1     		cbz	r4, .L301
1954:Drivers/STM32F7xx_HAL_Driver/Src/stm32f7xx_ll_usb.c ****     }
 4756              		.loc 1 1954 7 is_stmt 1 view .LVU1600
1954:Drivers/STM32F7xx_HAL_Driver/Src/stm32f7xx_ll_usb.c ****     }
 4757              		.loc 1 1954 48 is_stmt 0 view .LVU1601
 4758 0074 8C8A     		ldrh	r4, [r1, #20]
1954:Drivers/STM32F7xx_HAL_Driver/Src/stm32f7xx_ll_usb.c ****     }
 4759              		.loc 1 1954 20 view .LVU1602
 4760 0076 CC61     		str	r4, [r1, #28]
1950:Drivers/STM32F7xx_HAL_Driver/Src/stm32f7xx_ll_usb.c **** 
 4761              		.loc 1 1950 17 view .LVU1603
 4762 0078 0124     		movs	r4, #1
 4763 007a 35E0     		b	.L302
 4764              	.L301:
1958:Drivers/STM32F7xx_HAL_Driver/Src/stm32f7xx_ll_usb.c ****       {
 4765              		.loc 1 1958 7 is_stmt 1 view .LVU1604
1958:Drivers/STM32F7xx_HAL_Driver/Src/stm32f7xx_ll_usb.c ****       {
 4766              		.loc 1 1958 13 is_stmt 0 view .LVU1605
 4767 007c 8C7C     		ldrb	r4, [r1, #18]	@ zero_extendqisi2
1958:Drivers/STM32F7xx_HAL_Driver/Src/stm32f7xx_ll_usb.c ****       {
 4768              		.loc 1 1958 10 view .LVU1606
 4769 007e 012C     		cmp	r4, #1
 4770 0080 05D0     		beq	.L333
1991:Drivers/STM32F7xx_HAL_Driver/Src/stm32f7xx_ll_usb.c ****         {
 4771              		.loc 1 1991 9 is_stmt 1 view .LVU1607
1991:Drivers/STM32F7xx_HAL_Driver/Src/stm32f7xx_ll_usb.c ****         {
 4772              		.loc 1 1991 12 is_stmt 0 view .LVU1608
 4773 0082 012A     		cmp	r2, #1
 4774 0084 21D0     		beq	.L334
 4775              	.L307:
1997:Drivers/STM32F7xx_HAL_Driver/Src/stm32f7xx_ll_usb.c ****         }
 4776              		.loc 1 1997 11 is_stmt 1 view .LVU1609
1997:Drivers/STM32F7xx_HAL_Driver/Src/stm32f7xx_ll_usb.c ****         }
 4777              		.loc 1 1997 28 is_stmt 0 view .LVU1610
ARM GAS  /tmp/ccyYvSLN.s 			page 146


 4778 0086 0C6A     		ldr	r4, [r1, #32]
1997:Drivers/STM32F7xx_HAL_Driver/Src/stm32f7xx_ll_usb.c ****         }
 4779              		.loc 1 1997 24 view .LVU1611
 4780 0088 CC61     		str	r4, [r1, #28]
1950:Drivers/STM32F7xx_HAL_Driver/Src/stm32f7xx_ll_usb.c **** 
 4781              		.loc 1 1950 17 view .LVU1612
 4782 008a 0124     		movs	r4, #1
 4783 008c 2CE0     		b	.L302
 4784              	.L333:
1960:Drivers/STM32F7xx_HAL_Driver/Src/stm32f7xx_ll_usb.c ****         {
 4785              		.loc 1 1960 9 is_stmt 1 view .LVU1613
1960:Drivers/STM32F7xx_HAL_Driver/Src/stm32f7xx_ll_usb.c ****         {
 4786              		.loc 1 1960 15 is_stmt 0 view .LVU1614
 4787 008e 0C6A     		ldr	r4, [r1, #32]
1960:Drivers/STM32F7xx_HAL_Driver/Src/stm32f7xx_ll_usb.c ****         {
 4788              		.loc 1 1960 12 view .LVU1615
 4789 0090 BC2C     		cmp	r4, #188
 4790 0092 0DD9     		bls	.L304
1963:Drivers/STM32F7xx_HAL_Driver/Src/stm32f7xx_ll_usb.c ****           hc->xfer_len = hc->XferSize;
 4791              		.loc 1 1963 11 is_stmt 1 view .LVU1616
1963:Drivers/STM32F7xx_HAL_Driver/Src/stm32f7xx_ll_usb.c ****           hc->xfer_len = hc->XferSize;
 4792              		.loc 1 1963 28 is_stmt 0 view .LVU1617
 4793 0094 8C8A     		ldrh	r4, [r1, #20]
1963:Drivers/STM32F7xx_HAL_Driver/Src/stm32f7xx_ll_usb.c ****           hc->xfer_len = hc->XferSize;
 4794              		.loc 1 1963 24 view .LVU1618
 4795 0096 CC61     		str	r4, [r1, #28]
1964:Drivers/STM32F7xx_HAL_Driver/Src/stm32f7xx_ll_usb.c **** 
 4796              		.loc 1 1964 11 is_stmt 1 view .LVU1619
1964:Drivers/STM32F7xx_HAL_Driver/Src/stm32f7xx_ll_usb.c **** 
 4797              		.loc 1 1964 24 is_stmt 0 view .LVU1620
 4798 0098 0C62     		str	r4, [r1, #32]
1966:Drivers/STM32F7xx_HAL_Driver/Src/stm32f7xx_ll_usb.c ****           {
 4799              		.loc 1 1966 11 is_stmt 1 view .LVU1621
1966:Drivers/STM32F7xx_HAL_Driver/Src/stm32f7xx_ll_usb.c ****           {
 4800              		.loc 1 1966 18 is_stmt 0 view .LVU1622
 4801 009a CC68     		ldr	r4, [r1, #12]
1966:Drivers/STM32F7xx_HAL_Driver/Src/stm32f7xx_ll_usb.c ****           {
 4802              		.loc 1 1966 54 view .LVU1623
 4803 009c 013C     		subs	r4, r4, #1
1966:Drivers/STM32F7xx_HAL_Driver/Src/stm32f7xx_ll_usb.c ****           {
 4804              		.loc 1 1966 14 view .LVU1624
 4805 009e 012C     		cmp	r4, #1
 4806 00a0 02D9     		bls	.L335
1972:Drivers/STM32F7xx_HAL_Driver/Src/stm32f7xx_ll_usb.c ****           }
 4807              		.loc 1 1972 13 is_stmt 1 view .LVU1625
1972:Drivers/STM32F7xx_HAL_Driver/Src/stm32f7xx_ll_usb.c ****           }
 4808              		.loc 1 1972 34 is_stmt 0 view .LVU1626
 4809 00a2 0124     		movs	r4, #1
 4810 00a4 CC60     		str	r4, [r1, #12]
 4811 00a6 1FE0     		b	.L302
 4812              	.L335:
1968:Drivers/STM32F7xx_HAL_Driver/Src/stm32f7xx_ll_usb.c ****           }
 4813              		.loc 1 1968 13 is_stmt 1 view .LVU1627
1968:Drivers/STM32F7xx_HAL_Driver/Src/stm32f7xx_ll_usb.c ****           }
 4814              		.loc 1 1968 34 is_stmt 0 view .LVU1628
 4815 00a8 0224     		movs	r4, #2
 4816 00aa CC60     		str	r4, [r1, #12]
ARM GAS  /tmp/ccyYvSLN.s 			page 147


1950:Drivers/STM32F7xx_HAL_Driver/Src/stm32f7xx_ll_usb.c **** 
 4817              		.loc 1 1950 17 view .LVU1629
 4818 00ac 0124     		movs	r4, #1
 4819 00ae 1BE0     		b	.L302
 4820              	.L304:
1977:Drivers/STM32F7xx_HAL_Driver/Src/stm32f7xx_ll_usb.c **** 
 4821              		.loc 1 1977 11 is_stmt 1 view .LVU1630
1977:Drivers/STM32F7xx_HAL_Driver/Src/stm32f7xx_ll_usb.c **** 
 4822              		.loc 1 1977 24 is_stmt 0 view .LVU1631
 4823 00b0 CC61     		str	r4, [r1, #28]
1979:Drivers/STM32F7xx_HAL_Driver/Src/stm32f7xx_ll_usb.c ****           {
 4824              		.loc 1 1979 11 is_stmt 1 view .LVU1632
1979:Drivers/STM32F7xx_HAL_Driver/Src/stm32f7xx_ll_usb.c ****           {
 4825              		.loc 1 1979 18 is_stmt 0 view .LVU1633
 4826 00b2 CC68     		ldr	r4, [r1, #12]
1979:Drivers/STM32F7xx_HAL_Driver/Src/stm32f7xx_ll_usb.c ****           {
 4827              		.loc 1 1979 54 view .LVU1634
 4828 00b4 013C     		subs	r4, r4, #1
1979:Drivers/STM32F7xx_HAL_Driver/Src/stm32f7xx_ll_usb.c ****           {
 4829              		.loc 1 1979 14 view .LVU1635
 4830 00b6 012C     		cmp	r4, #1
 4831 00b8 03D9     		bls	.L306
1981:Drivers/STM32F7xx_HAL_Driver/Src/stm32f7xx_ll_usb.c ****           }
 4832              		.loc 1 1981 13 is_stmt 1 view .LVU1636
1981:Drivers/STM32F7xx_HAL_Driver/Src/stm32f7xx_ll_usb.c ****           }
 4833              		.loc 1 1981 34 is_stmt 0 view .LVU1637
 4834 00ba 0424     		movs	r4, #4
 4835 00bc CC60     		str	r4, [r1, #12]
1950:Drivers/STM32F7xx_HAL_Driver/Src/stm32f7xx_ll_usb.c **** 
 4836              		.loc 1 1950 17 view .LVU1638
 4837 00be 0124     		movs	r4, #1
 4838 00c0 12E0     		b	.L302
 4839              	.L306:
1985:Drivers/STM32F7xx_HAL_Driver/Src/stm32f7xx_ll_usb.c ****           }
 4840              		.loc 1 1985 13 is_stmt 1 view .LVU1639
1985:Drivers/STM32F7xx_HAL_Driver/Src/stm32f7xx_ll_usb.c ****           }
 4841              		.loc 1 1985 34 is_stmt 0 view .LVU1640
 4842 00c2 0324     		movs	r4, #3
 4843 00c4 CC60     		str	r4, [r1, #12]
1950:Drivers/STM32F7xx_HAL_Driver/Src/stm32f7xx_ll_usb.c **** 
 4844              		.loc 1 1950 17 view .LVU1641
 4845 00c6 0124     		movs	r4, #1
 4846 00c8 0EE0     		b	.L302
 4847              	.L334:
1991:Drivers/STM32F7xx_HAL_Driver/Src/stm32f7xx_ll_usb.c ****         {
 4848              		.loc 1 1991 31 discriminator 1 view .LVU1642
 4849 00ca 0D6A     		ldr	r5, [r1, #32]
1991:Drivers/STM32F7xx_HAL_Driver/Src/stm32f7xx_ll_usb.c ****         {
 4850              		.loc 1 1991 46 discriminator 1 view .LVU1643
 4851 00cc 8C8A     		ldrh	r4, [r1, #20]
1991:Drivers/STM32F7xx_HAL_Driver/Src/stm32f7xx_ll_usb.c ****         {
 4852              		.loc 1 1991 25 discriminator 1 view .LVU1644
 4853 00ce A542     		cmp	r5, r4
 4854 00d0 D9D9     		bls	.L307
1993:Drivers/STM32F7xx_HAL_Driver/Src/stm32f7xx_ll_usb.c ****         }
 4855              		.loc 1 1993 11 is_stmt 1 view .LVU1645
1993:Drivers/STM32F7xx_HAL_Driver/Src/stm32f7xx_ll_usb.c ****         }
ARM GAS  /tmp/ccyYvSLN.s 			page 148


 4856              		.loc 1 1993 24 is_stmt 0 view .LVU1646
 4857 00d2 CC61     		str	r4, [r1, #28]
1950:Drivers/STM32F7xx_HAL_Driver/Src/stm32f7xx_ll_usb.c **** 
 4858              		.loc 1 1950 17 view .LVU1647
 4859 00d4 0124     		movs	r4, #1
1993:Drivers/STM32F7xx_HAL_Driver/Src/stm32f7xx_ll_usb.c ****         }
 4860              		.loc 1 1993 24 view .LVU1648
 4861 00d6 07E0     		b	.L302
 4862              	.LVL350:
 4863              	.L326:
2017:Drivers/STM32F7xx_HAL_Driver/Src/stm32f7xx_ll_usb.c ****     }
 4864              		.loc 1 2017 19 view .LVU1649
 4865 00d8 0124     		movs	r4, #1
 4866              	.L308:
 4867              	.LVL351:
2024:Drivers/STM32F7xx_HAL_Driver/Src/stm32f7xx_ll_usb.c ****     {
 4868              		.loc 1 2024 5 is_stmt 1 view .LVU1650
2024:Drivers/STM32F7xx_HAL_Driver/Src/stm32f7xx_ll_usb.c ****     {
 4869              		.loc 1 2024 11 is_stmt 0 view .LVU1651
 4870 00da CE78     		ldrb	r6, [r1, #3]	@ zero_extendqisi2
2024:Drivers/STM32F7xx_HAL_Driver/Src/stm32f7xx_ll_usb.c ****     {
 4871              		.loc 1 2024 8 view .LVU1652
 4872 00dc 002E     		cmp	r6, #0
 4873 00de 60D0     		beq	.L309
2026:Drivers/STM32F7xx_HAL_Driver/Src/stm32f7xx_ll_usb.c ****     }
 4874              		.loc 1 2026 7 is_stmt 1 view .LVU1653
2026:Drivers/STM32F7xx_HAL_Driver/Src/stm32f7xx_ll_usb.c ****     }
 4875              		.loc 1 2026 48 is_stmt 0 view .LVU1654
 4876 00e0 8D8A     		ldrh	r5, [r1, #20]
2026:Drivers/STM32F7xx_HAL_Driver/Src/stm32f7xx_ll_usb.c ****     }
 4877              		.loc 1 2026 44 view .LVU1655
 4878 00e2 04FB05F5 		mul	r5, r4, r5
2026:Drivers/STM32F7xx_HAL_Driver/Src/stm32f7xx_ll_usb.c ****     }
 4879              		.loc 1 2026 20 view .LVU1656
 4880 00e6 CD61     		str	r5, [r1, #28]
 4881              	.LVL352:
 4882              	.L302:
2035:Drivers/STM32F7xx_HAL_Driver/Src/stm32f7xx_ll_usb.c ****                             (((uint32_t)num_packets << 19) & USB_OTG_HCTSIZ_PKTCNT) |
 4883              		.loc 1 2035 3 is_stmt 1 view .LVU1657
2035:Drivers/STM32F7xx_HAL_Driver/Src/stm32f7xx_ll_usb.c ****                             (((uint32_t)num_packets << 19) & USB_OTG_HCTSIZ_PKTCNT) |
 4884              		.loc 1 2035 43 is_stmt 0 view .LVU1658
 4885 00e8 CD69     		ldr	r5, [r1, #28]
 4886 00ea C5F3120C 		ubfx	ip, r5, #0, #19
2036:Drivers/STM32F7xx_HAL_Driver/Src/stm32f7xx_ll_usb.c ****                             (((uint32_t)hc->data_pid << 29) & USB_OTG_HCTSIZ_DPID);
 4887              		.loc 1 2036 60 view .LVU1659
 4888 00ee 6A4D     		ldr	r5, .L339+4
 4889 00f0 05EAC444 		and	r4, r5, r4, lsl #19
 4890              	.LVL353:
2035:Drivers/STM32F7xx_HAL_Driver/Src/stm32f7xx_ll_usb.c ****                             (((uint32_t)num_packets << 19) & USB_OTG_HCTSIZ_PKTCNT) |
 4891              		.loc 1 2035 68 view .LVU1660
 4892 00f4 4CEA040C 		orr	ip, ip, r4
2037:Drivers/STM32F7xx_HAL_Driver/Src/stm32f7xx_ll_usb.c **** 
 4893              		.loc 1 2037 43 view .LVU1661
 4894 00f8 8C7D     		ldrb	r4, [r1, #22]	@ zero_extendqisi2
2037:Drivers/STM32F7xx_HAL_Driver/Src/stm32f7xx_ll_usb.c **** 
 4895              		.loc 1 2037 54 view .LVU1662
 4896 00fa 6407     		lsls	r4, r4, #29
ARM GAS  /tmp/ccyYvSLN.s 			page 149


2037:Drivers/STM32F7xx_HAL_Driver/Src/stm32f7xx_ll_usb.c **** 
 4897              		.loc 1 2037 61 view .LVU1663
 4898 00fc 04F0C044 		and	r4, r4, #1610612736
2035:Drivers/STM32F7xx_HAL_Driver/Src/stm32f7xx_ll_usb.c ****                             (((uint32_t)num_packets << 19) & USB_OTG_HCTSIZ_PKTCNT) |
 4899              		.loc 1 2035 3 view .LVU1664
 4900 0100 00EB4313 		add	r3, r0, r3, lsl #5
 4901              	.LVL354:
2035:Drivers/STM32F7xx_HAL_Driver/Src/stm32f7xx_ll_usb.c ****                             (((uint32_t)num_packets << 19) & USB_OTG_HCTSIZ_PKTCNT) |
 4902              		.loc 1 2035 3 view .LVU1665
 4903 0104 03F5A06E 		add	lr, r3, #1280
2036:Drivers/STM32F7xx_HAL_Driver/Src/stm32f7xx_ll_usb.c ****                             (((uint32_t)hc->data_pid << 29) & USB_OTG_HCTSIZ_DPID);
 4904              		.loc 1 2036 85 view .LVU1666
 4905 0108 4CEA0404 		orr	r4, ip, r4
2035:Drivers/STM32F7xx_HAL_Driver/Src/stm32f7xx_ll_usb.c ****                             (((uint32_t)num_packets << 19) & USB_OTG_HCTSIZ_PKTCNT) |
 4906              		.loc 1 2035 27 view .LVU1667
 4907 010c CEF81040 		str	r4, [lr, #16]
2039:Drivers/STM32F7xx_HAL_Driver/Src/stm32f7xx_ll_usb.c ****   {
 4908              		.loc 1 2039 3 is_stmt 1 view .LVU1668
2039:Drivers/STM32F7xx_HAL_Driver/Src/stm32f7xx_ll_usb.c ****   {
 4909              		.loc 1 2039 6 is_stmt 0 view .LVU1669
 4910 0110 12B1     		cbz	r2, .L310
2042:Drivers/STM32F7xx_HAL_Driver/Src/stm32f7xx_ll_usb.c ****   }
 4911              		.loc 1 2042 5 is_stmt 1 view .LVU1670
2042:Drivers/STM32F7xx_HAL_Driver/Src/stm32f7xx_ll_usb.c ****   }
 4912              		.loc 1 2042 42 is_stmt 0 view .LVU1671
 4913 0112 8C69     		ldr	r4, [r1, #24]
2042:Drivers/STM32F7xx_HAL_Driver/Src/stm32f7xx_ll_usb.c ****   }
 4914              		.loc 1 2042 28 view .LVU1672
 4915 0114 CEF81440 		str	r4, [lr, #20]
 4916              	.L310:
2045:Drivers/STM32F7xx_HAL_Driver/Src/stm32f7xx_ll_usb.c ****   USBx_HC(ch_num)->HCCHAR &= ~USB_OTG_HCCHAR_ODDFRM;
 4917              		.loc 1 2045 3 is_stmt 1 view .LVU1673
2045:Drivers/STM32F7xx_HAL_Driver/Src/stm32f7xx_ll_usb.c ****   USBx_HC(ch_num)->HCCHAR &= ~USB_OTG_HCCHAR_ODDFRM;
 4918              		.loc 1 2045 29 is_stmt 0 view .LVU1674
 4919 0118 00F58065 		add	r5, r0, #1024
2045:Drivers/STM32F7xx_HAL_Driver/Src/stm32f7xx_ll_usb.c ****   USBx_HC(ch_num)->HCCHAR &= ~USB_OTG_HCCHAR_ODDFRM;
 4920              		.loc 1 2045 38 view .LVU1675
 4921 011c AC68     		ldr	r4, [r5, #8]
2045:Drivers/STM32F7xx_HAL_Driver/Src/stm32f7xx_ll_usb.c ****   USBx_HC(ch_num)->HCCHAR &= ~USB_OTG_HCCHAR_ODDFRM;
 4922              		.loc 1 2045 67 view .LVU1676
 4923 011e 14F0010F 		tst	r4, #1
 4924 0122 0CBF     		ite	eq
 4925 0124 4FF0010C 		moveq	ip, #1
 4926 0128 4FF0000C 		movne	ip, #0
 4927              	.LVL355:
2046:Drivers/STM32F7xx_HAL_Driver/Src/stm32f7xx_ll_usb.c ****   USBx_HC(ch_num)->HCCHAR |= (uint32_t)is_oddframe << 29;
 4928              		.loc 1 2046 3 is_stmt 1 view .LVU1677
2046:Drivers/STM32F7xx_HAL_Driver/Src/stm32f7xx_ll_usb.c ****   USBx_HC(ch_num)->HCCHAR |= (uint32_t)is_oddframe << 29;
 4929              		.loc 1 2046 18 is_stmt 0 view .LVU1678
 4930 012c D3F80045 		ldr	r4, [r3, #1280]
2046:Drivers/STM32F7xx_HAL_Driver/Src/stm32f7xx_ll_usb.c ****   USBx_HC(ch_num)->HCCHAR |= (uint32_t)is_oddframe << 29;
 4931              		.loc 1 2046 27 view .LVU1679
 4932 0130 24F00054 		bic	r4, r4, #536870912
 4933 0134 C3F80045 		str	r4, [r3, #1280]
2047:Drivers/STM32F7xx_HAL_Driver/Src/stm32f7xx_ll_usb.c **** 
 4934              		.loc 1 2047 3 is_stmt 1 view .LVU1680
2047:Drivers/STM32F7xx_HAL_Driver/Src/stm32f7xx_ll_usb.c **** 
ARM GAS  /tmp/ccyYvSLN.s 			page 150


 4935              		.loc 1 2047 18 is_stmt 0 view .LVU1681
 4936 0138 D3F80045 		ldr	r4, [r3, #1280]
2047:Drivers/STM32F7xx_HAL_Driver/Src/stm32f7xx_ll_usb.c **** 
 4937              		.loc 1 2047 27 view .LVU1682
 4938 013c 44EA4C74 		orr	r4, r4, ip, lsl #29
 4939 0140 C3F80045 		str	r4, [r3, #1280]
2049:Drivers/STM32F7xx_HAL_Driver/Src/stm32f7xx_ll_usb.c ****   {
 4940              		.loc 1 2049 3 is_stmt 1 view .LVU1683
2049:Drivers/STM32F7xx_HAL_Driver/Src/stm32f7xx_ll_usb.c ****   {
 4941              		.loc 1 2049 9 is_stmt 0 view .LVU1684
 4942 0144 8C79     		ldrb	r4, [r1, #6]	@ zero_extendqisi2
2049:Drivers/STM32F7xx_HAL_Driver/Src/stm32f7xx_ll_usb.c ****   {
 4943              		.loc 1 2049 6 view .LVU1685
 4944 0146 012C     		cmp	r4, #1
 4945 0148 2DD0     		beq	.L336
2105:Drivers/STM32F7xx_HAL_Driver/Src/stm32f7xx_ll_usb.c ****   }
 4946              		.loc 1 2105 5 is_stmt 1 view .LVU1686
2105:Drivers/STM32F7xx_HAL_Driver/Src/stm32f7xx_ll_usb.c ****   }
 4947              		.loc 1 2105 39 is_stmt 0 view .LVU1687
 4948 014a 0024     		movs	r4, #0
 4949 014c CEF80440 		str	r4, [lr, #4]
 4950              	.L314:
2109:Drivers/STM32F7xx_HAL_Driver/Src/stm32f7xx_ll_usb.c ****   tmpreg &= ~USB_OTG_HCCHAR_CHDIS;
 4951              		.loc 1 2109 3 is_stmt 1 view .LVU1688
2109:Drivers/STM32F7xx_HAL_Driver/Src/stm32f7xx_ll_usb.c ****   tmpreg &= ~USB_OTG_HCCHAR_CHDIS;
 4952              		.loc 1 2109 27 is_stmt 0 view .LVU1689
 4953 0150 D3F80045 		ldr	r4, [r3, #1280]
2109:Drivers/STM32F7xx_HAL_Driver/Src/stm32f7xx_ll_usb.c ****   tmpreg &= ~USB_OTG_HCCHAR_CHDIS;
 4954              		.loc 1 2109 10 view .LVU1690
 4955 0154 0394     		str	r4, [sp, #12]
2110:Drivers/STM32F7xx_HAL_Driver/Src/stm32f7xx_ll_usb.c **** 
 4956              		.loc 1 2110 3 is_stmt 1 view .LVU1691
2110:Drivers/STM32F7xx_HAL_Driver/Src/stm32f7xx_ll_usb.c **** 
 4957              		.loc 1 2110 10 is_stmt 0 view .LVU1692
 4958 0156 039C     		ldr	r4, [sp, #12]
 4959 0158 24F08044 		bic	r4, r4, #1073741824
 4960 015c 0394     		str	r4, [sp, #12]
2113:Drivers/STM32F7xx_HAL_Driver/Src/stm32f7xx_ll_usb.c ****   {
 4961              		.loc 1 2113 3 is_stmt 1 view .LVU1693
2113:Drivers/STM32F7xx_HAL_Driver/Src/stm32f7xx_ll_usb.c ****   {
 4962              		.loc 1 2113 9 is_stmt 0 view .LVU1694
 4963 015e CC78     		ldrb	r4, [r1, #3]	@ zero_extendqisi2
2113:Drivers/STM32F7xx_HAL_Driver/Src/stm32f7xx_ll_usb.c ****   {
 4964              		.loc 1 2113 6 view .LVU1695
 4965 0160 002C     		cmp	r4, #0
 4966 0162 7DD0     		beq	.L320
2115:Drivers/STM32F7xx_HAL_Driver/Src/stm32f7xx_ll_usb.c ****   }
 4967              		.loc 1 2115 5 is_stmt 1 view .LVU1696
2115:Drivers/STM32F7xx_HAL_Driver/Src/stm32f7xx_ll_usb.c ****   }
 4968              		.loc 1 2115 12 is_stmt 0 view .LVU1697
 4969 0164 039C     		ldr	r4, [sp, #12]
 4970 0166 44F40044 		orr	r4, r4, #32768
 4971 016a 0394     		str	r4, [sp, #12]
 4972              	.L321:
2121:Drivers/STM32F7xx_HAL_Driver/Src/stm32f7xx_ll_usb.c ****   USBx_HC(ch_num)->HCCHAR = tmpreg;
 4973              		.loc 1 2121 3 is_stmt 1 view .LVU1698
2121:Drivers/STM32F7xx_HAL_Driver/Src/stm32f7xx_ll_usb.c ****   USBx_HC(ch_num)->HCCHAR = tmpreg;
ARM GAS  /tmp/ccyYvSLN.s 			page 151


 4974              		.loc 1 2121 10 is_stmt 0 view .LVU1699
 4975 016c 039C     		ldr	r4, [sp, #12]
 4976 016e 44F00044 		orr	r4, r4, #-2147483648
 4977 0172 0394     		str	r4, [sp, #12]
2122:Drivers/STM32F7xx_HAL_Driver/Src/stm32f7xx_ll_usb.c **** 
 4978              		.loc 1 2122 3 is_stmt 1 view .LVU1700
2122:Drivers/STM32F7xx_HAL_Driver/Src/stm32f7xx_ll_usb.c **** 
 4979              		.loc 1 2122 27 is_stmt 0 view .LVU1701
 4980 0174 039C     		ldr	r4, [sp, #12]
 4981 0176 C3F80045 		str	r4, [r3, #1280]
2124:Drivers/STM32F7xx_HAL_Driver/Src/stm32f7xx_ll_usb.c ****   {
 4982              		.loc 1 2124 3 is_stmt 1 view .LVU1702
2124:Drivers/STM32F7xx_HAL_Driver/Src/stm32f7xx_ll_usb.c ****   {
 4983              		.loc 1 2124 6 is_stmt 0 view .LVU1703
 4984 017a 002A     		cmp	r2, #0
 4985 017c 40F08780 		bne	.L299
2129:Drivers/STM32F7xx_HAL_Driver/Src/stm32f7xx_ll_usb.c ****   {
 4986              		.loc 1 2129 3 is_stmt 1 view .LVU1704
2129:Drivers/STM32F7xx_HAL_Driver/Src/stm32f7xx_ll_usb.c ****   {
 4987              		.loc 1 2129 10 is_stmt 0 view .LVU1705
 4988 0180 CB78     		ldrb	r3, [r1, #3]	@ zero_extendqisi2
2129:Drivers/STM32F7xx_HAL_Driver/Src/stm32f7xx_ll_usb.c ****   {
 4989              		.loc 1 2129 6 view .LVU1706
 4990 0182 002B     		cmp	r3, #0
 4991 0184 40F08380 		bne	.L299
2129:Drivers/STM32F7xx_HAL_Driver/Src/stm32f7xx_ll_usb.c ****   {
 4992              		.loc 1 2129 34 discriminator 1 view .LVU1707
 4993 0188 0B6A     		ldr	r3, [r1, #32]
2129:Drivers/STM32F7xx_HAL_Driver/Src/stm32f7xx_ll_usb.c ****   {
 4994              		.loc 1 2129 28 discriminator 1 view .LVU1708
 4995 018a 002B     		cmp	r3, #0
 4996 018c 7FD0     		beq	.L299
2129:Drivers/STM32F7xx_HAL_Driver/Src/stm32f7xx_ll_usb.c ****   {
 4997              		.loc 1 2129 57 discriminator 2 view .LVU1709
 4998 018e CA79     		ldrb	r2, [r1, #7]	@ zero_extendqisi2
 4999              	.LVL356:
2129:Drivers/STM32F7xx_HAL_Driver/Src/stm32f7xx_ll_usb.c ****   {
 5000              		.loc 1 2129 51 discriminator 2 view .LVU1710
 5001 0190 002A     		cmp	r2, #0
 5002 0192 7CD1     		bne	.L299
2131:Drivers/STM32F7xx_HAL_Driver/Src/stm32f7xx_ll_usb.c ****     {
 5003              		.loc 1 2131 5 is_stmt 1 view .LVU1711
2131:Drivers/STM32F7xx_HAL_Driver/Src/stm32f7xx_ll_usb.c ****     {
 5004              		.loc 1 2131 15 is_stmt 0 view .LVU1712
 5005 0194 8A7C     		ldrb	r2, [r1, #18]	@ zero_extendqisi2
2131:Drivers/STM32F7xx_HAL_Driver/Src/stm32f7xx_ll_usb.c ****     {
 5006              		.loc 1 2131 5 view .LVU1713
 5007 0196 032A     		cmp	r2, #3
 5008 0198 72D8     		bhi	.L322
 5009 019a DFE802F0 		tbb	[pc, r2]
 5010              	.L324:
 5011 019e 66       		.byte	(.L325-.L324)/2
 5012 019f 7F       		.byte	(.L323-.L324)/2
 5013 01a0 66       		.byte	(.L325-.L324)/2
 5014 01a1 7F       		.byte	(.L323-.L324)/2
 5015              	.LVL357:
 5016              		.p2align 1
ARM GAS  /tmp/ccyYvSLN.s 			page 152


 5017              	.L309:
2030:Drivers/STM32F7xx_HAL_Driver/Src/stm32f7xx_ll_usb.c ****     }
 5018              		.loc 1 2030 7 is_stmt 1 view .LVU1714
2030:Drivers/STM32F7xx_HAL_Driver/Src/stm32f7xx_ll_usb.c ****     }
 5019              		.loc 1 2030 20 is_stmt 0 view .LVU1715
 5020 01a2 CD61     		str	r5, [r1, #28]
 5021 01a4 A0E7     		b	.L302
 5022              	.LVL358:
 5023              	.L336:
2052:Drivers/STM32F7xx_HAL_Driver/Src/stm32f7xx_ll_usb.c ****                                         (uint32_t)hc->hub_port_nbr | USB_OTG_HCSPLT_SPLITEN;
 5024              		.loc 1 2052 5 is_stmt 1 view .LVU1716
2052:Drivers/STM32F7xx_HAL_Driver/Src/stm32f7xx_ll_usb.c ****                                         (uint32_t)hc->hub_port_nbr | USB_OTG_HCSPLT_SPLITEN;
 5025              		.loc 1 2052 54 is_stmt 0 view .LVU1717
 5026 01a6 4E7C     		ldrb	r6, [r1, #17]	@ zero_extendqisi2
2053:Drivers/STM32F7xx_HAL_Driver/Src/stm32f7xx_ll_usb.c **** 
 5027              		.loc 1 2053 53 view .LVU1718
 5028 01a8 0C7C     		ldrb	r4, [r1, #16]	@ zero_extendqisi2
2052:Drivers/STM32F7xx_HAL_Driver/Src/stm32f7xx_ll_usb.c ****                                         (uint32_t)hc->hub_port_nbr | USB_OTG_HCSPLT_SPLITEN;
 5029              		.loc 1 2052 96 view .LVU1719
 5030 01aa 44EAC614 		orr	r4, r4, r6, lsl #7
2053:Drivers/STM32F7xx_HAL_Driver/Src/stm32f7xx_ll_usb.c **** 
 5031              		.loc 1 2053 68 view .LVU1720
 5032 01ae 44F00044 		orr	r4, r4, #-2147483648
2052:Drivers/STM32F7xx_HAL_Driver/Src/stm32f7xx_ll_usb.c ****                                         (uint32_t)hc->hub_port_nbr | USB_OTG_HCSPLT_SPLITEN;
 5033              		.loc 1 2052 39 view .LVU1721
 5034 01b2 CEF80440 		str	r4, [lr, #4]
2056:Drivers/STM32F7xx_HAL_Driver/Src/stm32f7xx_ll_usb.c ****                                             USB_OTG_HCINTMSK_NYET);
 5035              		.loc 1 2056 5 is_stmt 1 view .LVU1722
2056:Drivers/STM32F7xx_HAL_Driver/Src/stm32f7xx_ll_usb.c ****                                             USB_OTG_HCINTMSK_NYET);
 5036              		.loc 1 2056 30 is_stmt 0 view .LVU1723
 5037 01b6 DEF80C40 		ldr	r4, [lr, #12]
2056:Drivers/STM32F7xx_HAL_Driver/Src/stm32f7xx_ll_usb.c ****                                             USB_OTG_HCINTMSK_NYET);
 5038              		.loc 1 2056 41 view .LVU1724
 5039 01ba 44F06004 		orr	r4, r4, #96
 5040 01be CEF80C40 		str	r4, [lr, #12]
2059:Drivers/STM32F7xx_HAL_Driver/Src/stm32f7xx_ll_usb.c ****     {
 5041              		.loc 1 2059 5 is_stmt 1 view .LVU1725
2059:Drivers/STM32F7xx_HAL_Driver/Src/stm32f7xx_ll_usb.c ****     {
 5042              		.loc 1 2059 12 is_stmt 0 view .LVU1726
 5043 01c2 CC79     		ldrb	r4, [r1, #7]	@ zero_extendqisi2
2059:Drivers/STM32F7xx_HAL_Driver/Src/stm32f7xx_ll_usb.c ****     {
 5044              		.loc 1 2059 8 view .LVU1727
 5045 01c4 012C     		cmp	r4, #1
 5046 01c6 15D0     		beq	.L337
 5047              	.L312:
2065:Drivers/STM32F7xx_HAL_Driver/Src/stm32f7xx_ll_usb.c ****         (hc->do_csplit == 1U) && (hc->ep_is_in == 1U))
 5048              		.loc 1 2065 5 is_stmt 1 view .LVU1728
2065:Drivers/STM32F7xx_HAL_Driver/Src/stm32f7xx_ll_usb.c ****         (hc->do_csplit == 1U) && (hc->ep_is_in == 1U))
 5049              		.loc 1 2065 13 is_stmt 0 view .LVU1729
 5050 01c8 8C7C     		ldrb	r4, [r1, #18]	@ zero_extendqisi2
2065:Drivers/STM32F7xx_HAL_Driver/Src/stm32f7xx_ll_usb.c ****         (hc->do_csplit == 1U) && (hc->ep_is_in == 1U))
 5051              		.loc 1 2065 8 view .LVU1730
 5052 01ca 032C     		cmp	r4, #3
 5053 01cc 18BF     		it	ne
 5054 01ce 012C     		cmpne	r4, #1
 5055 01d0 02D1     		bne	.L313
2066:Drivers/STM32F7xx_HAL_Driver/Src/stm32f7xx_ll_usb.c ****     {
ARM GAS  /tmp/ccyYvSLN.s 			page 153


 5056              		.loc 1 2066 12 view .LVU1731
 5057 01d2 CC79     		ldrb	r4, [r1, #7]	@ zero_extendqisi2
2065:Drivers/STM32F7xx_HAL_Driver/Src/stm32f7xx_ll_usb.c ****         (hc->do_csplit == 1U) && (hc->ep_is_in == 1U))
 5058              		.loc 1 2065 74 discriminator 1 view .LVU1732
 5059 01d4 012C     		cmp	r4, #1
 5060 01d6 1DD0     		beq	.L338
 5061              	.L313:
2072:Drivers/STM32F7xx_HAL_Driver/Src/stm32f7xx_ll_usb.c ****     {
 5062              		.loc 1 2072 5 is_stmt 1 view .LVU1733
2072:Drivers/STM32F7xx_HAL_Driver/Src/stm32f7xx_ll_usb.c ****     {
 5063              		.loc 1 2072 12 is_stmt 0 view .LVU1734
 5064 01d8 8C7C     		ldrb	r4, [r1, #18]	@ zero_extendqisi2
2072:Drivers/STM32F7xx_HAL_Driver/Src/stm32f7xx_ll_usb.c ****     {
 5065              		.loc 1 2072 8 view .LVU1735
 5066 01da 012C     		cmp	r4, #1
 5067 01dc B8D1     		bne	.L314
2072:Drivers/STM32F7xx_HAL_Driver/Src/stm32f7xx_ll_usb.c ****     {
 5068              		.loc 1 2072 45 discriminator 1 view .LVU1736
 5069 01de CC78     		ldrb	r4, [r1, #3]	@ zero_extendqisi2
2072:Drivers/STM32F7xx_HAL_Driver/Src/stm32f7xx_ll_usb.c ****     {
 5070              		.loc 1 2072 39 discriminator 1 view .LVU1737
 5071 01e0 002C     		cmp	r4, #0
 5072 01e2 B5D1     		bne	.L314
2075:Drivers/STM32F7xx_HAL_Driver/Src/stm32f7xx_ll_usb.c ****       {
 5073              		.loc 1 2075 7 is_stmt 1 view .LVU1738
2075:Drivers/STM32F7xx_HAL_Driver/Src/stm32f7xx_ll_usb.c ****       {
 5074              		.loc 1 2075 17 is_stmt 0 view .LVU1739
 5075 01e4 CC68     		ldr	r4, [r1, #12]
2075:Drivers/STM32F7xx_HAL_Driver/Src/stm32f7xx_ll_usb.c ****       {
 5076              		.loc 1 2075 7 view .LVU1740
 5077 01e6 013C     		subs	r4, r4, #1
 5078 01e8 032C     		cmp	r4, #3
 5079 01ea B1D8     		bhi	.L314
 5080 01ec DFE804F0 		tbb	[pc, r4]
 5081              	.L316:
 5082 01f0 1C       		.byte	(.L319-.L316)/2
 5083 01f1 23       		.byte	(.L318-.L316)/2
 5084 01f2 2A       		.byte	(.L317-.L316)/2
 5085 01f3 31       		.byte	(.L315-.L316)/2
 5086              		.p2align 1
 5087              	.L337:
2059:Drivers/STM32F7xx_HAL_Driver/Src/stm32f7xx_ll_usb.c ****     {
 5088              		.loc 1 2059 37 discriminator 1 view .LVU1741
 5089 01f4 CC78     		ldrb	r4, [r1, #3]	@ zero_extendqisi2
2059:Drivers/STM32F7xx_HAL_Driver/Src/stm32f7xx_ll_usb.c ****     {
 5090              		.loc 1 2059 31 discriminator 1 view .LVU1742
 5091 01f6 002C     		cmp	r4, #0
 5092 01f8 E6D1     		bne	.L312
2061:Drivers/STM32F7xx_HAL_Driver/Src/stm32f7xx_ll_usb.c ****       USBx_HC((uint32_t)ch_num)->HCINTMSK |= USB_OTG_HCINTMSK_NYET;
 5093              		.loc 1 2061 7 is_stmt 1 view .LVU1743
2061:Drivers/STM32F7xx_HAL_Driver/Src/stm32f7xx_ll_usb.c ****       USBx_HC((uint32_t)ch_num)->HCINTMSK |= USB_OTG_HCINTMSK_NYET;
 5094              		.loc 1 2061 32 is_stmt 0 view .LVU1744
 5095 01fa DEF80440 		ldr	r4, [lr, #4]
2061:Drivers/STM32F7xx_HAL_Driver/Src/stm32f7xx_ll_usb.c ****       USBx_HC((uint32_t)ch_num)->HCINTMSK |= USB_OTG_HCINTMSK_NYET;
 5096              		.loc 1 2061 41 view .LVU1745
 5097 01fe 44F48034 		orr	r4, r4, #65536
 5098 0202 CEF80440 		str	r4, [lr, #4]
ARM GAS  /tmp/ccyYvSLN.s 			page 154


2062:Drivers/STM32F7xx_HAL_Driver/Src/stm32f7xx_ll_usb.c ****     }
 5099              		.loc 1 2062 7 is_stmt 1 view .LVU1746
2062:Drivers/STM32F7xx_HAL_Driver/Src/stm32f7xx_ll_usb.c ****     }
 5100              		.loc 1 2062 32 is_stmt 0 view .LVU1747
 5101 0206 DEF80C40 		ldr	r4, [lr, #12]
2062:Drivers/STM32F7xx_HAL_Driver/Src/stm32f7xx_ll_usb.c ****     }
 5102              		.loc 1 2062 43 view .LVU1748
 5103 020a 44F04004 		orr	r4, r4, #64
 5104 020e CEF80C40 		str	r4, [lr, #12]
 5105 0212 D9E7     		b	.L312
 5106              	.L338:
2066:Drivers/STM32F7xx_HAL_Driver/Src/stm32f7xx_ll_usb.c ****     {
 5107              		.loc 1 2066 37 view .LVU1749
 5108 0214 CC78     		ldrb	r4, [r1, #3]	@ zero_extendqisi2
2066:Drivers/STM32F7xx_HAL_Driver/Src/stm32f7xx_ll_usb.c ****     {
 5109              		.loc 1 2066 31 view .LVU1750
 5110 0216 012C     		cmp	r4, #1
 5111 0218 DED1     		bne	.L313
2068:Drivers/STM32F7xx_HAL_Driver/Src/stm32f7xx_ll_usb.c ****     }
 5112              		.loc 1 2068 7 is_stmt 1 view .LVU1751
2068:Drivers/STM32F7xx_HAL_Driver/Src/stm32f7xx_ll_usb.c ****     }
 5113              		.loc 1 2068 32 is_stmt 0 view .LVU1752
 5114 021a DEF80440 		ldr	r4, [lr, #4]
2068:Drivers/STM32F7xx_HAL_Driver/Src/stm32f7xx_ll_usb.c ****     }
 5115              		.loc 1 2068 41 view .LVU1753
 5116 021e 44F48034 		orr	r4, r4, #65536
 5117 0222 CEF80440 		str	r4, [lr, #4]
 5118 0226 D7E7     		b	.L313
 5119              	.L319:
2079:Drivers/STM32F7xx_HAL_Driver/Src/stm32f7xx_ll_usb.c ****           break;
 5120              		.loc 1 2079 11 is_stmt 1 view .LVU1754
2079:Drivers/STM32F7xx_HAL_Driver/Src/stm32f7xx_ll_usb.c ****           break;
 5121              		.loc 1 2079 36 is_stmt 0 view .LVU1755
 5122 0228 DEF80440 		ldr	r4, [lr, #4]
2079:Drivers/STM32F7xx_HAL_Driver/Src/stm32f7xx_ll_usb.c ****           break;
 5123              		.loc 1 2079 45 view .LVU1756
 5124 022c 44F40044 		orr	r4, r4, #32768
 5125 0230 CEF80440 		str	r4, [lr, #4]
2080:Drivers/STM32F7xx_HAL_Driver/Src/stm32f7xx_ll_usb.c **** 
 5126              		.loc 1 2080 11 is_stmt 1 view .LVU1757
 5127 0234 8CE7     		b	.L314
 5128              	.L318:
2084:Drivers/STM32F7xx_HAL_Driver/Src/stm32f7xx_ll_usb.c ****           break;
 5129              		.loc 1 2084 11 view .LVU1758
2084:Drivers/STM32F7xx_HAL_Driver/Src/stm32f7xx_ll_usb.c ****           break;
 5130              		.loc 1 2084 36 is_stmt 0 view .LVU1759
 5131 0236 DEF80440 		ldr	r4, [lr, #4]
2084:Drivers/STM32F7xx_HAL_Driver/Src/stm32f7xx_ll_usb.c ****           break;
 5132              		.loc 1 2084 45 view .LVU1760
 5133 023a 44F00E04 		orr	r4, r4, #14
 5134 023e CEF80440 		str	r4, [lr, #4]
2085:Drivers/STM32F7xx_HAL_Driver/Src/stm32f7xx_ll_usb.c **** 
 5135              		.loc 1 2085 11 is_stmt 1 view .LVU1761
 5136 0242 85E7     		b	.L314
 5137              	.L317:
2089:Drivers/STM32F7xx_HAL_Driver/Src/stm32f7xx_ll_usb.c ****           break;
 5138              		.loc 1 2089 11 view .LVU1762
ARM GAS  /tmp/ccyYvSLN.s 			page 155


2089:Drivers/STM32F7xx_HAL_Driver/Src/stm32f7xx_ll_usb.c ****           break;
 5139              		.loc 1 2089 36 is_stmt 0 view .LVU1763
 5140 0244 DEF80440 		ldr	r4, [lr, #4]
2089:Drivers/STM32F7xx_HAL_Driver/Src/stm32f7xx_ll_usb.c ****           break;
 5141              		.loc 1 2089 45 view .LVU1764
 5142 0248 44F48044 		orr	r4, r4, #16384
 5143 024c CEF80440 		str	r4, [lr, #4]
2090:Drivers/STM32F7xx_HAL_Driver/Src/stm32f7xx_ll_usb.c **** 
 5144              		.loc 1 2090 11 is_stmt 1 view .LVU1765
 5145 0250 7EE7     		b	.L314
 5146              	.L315:
2094:Drivers/STM32F7xx_HAL_Driver/Src/stm32f7xx_ll_usb.c ****           break;
 5147              		.loc 1 2094 11 view .LVU1766
2094:Drivers/STM32F7xx_HAL_Driver/Src/stm32f7xx_ll_usb.c ****           break;
 5148              		.loc 1 2094 36 is_stmt 0 view .LVU1767
 5149 0252 DEF80440 		ldr	r4, [lr, #4]
2094:Drivers/STM32F7xx_HAL_Driver/Src/stm32f7xx_ll_usb.c ****           break;
 5150              		.loc 1 2094 45 view .LVU1768
 5151 0256 44F44044 		orr	r4, r4, #49152
 5152 025a CEF80440 		str	r4, [lr, #4]
2095:Drivers/STM32F7xx_HAL_Driver/Src/stm32f7xx_ll_usb.c **** 
 5153              		.loc 1 2095 11 is_stmt 1 view .LVU1769
 5154 025e 77E7     		b	.L314
 5155              	.L320:
2119:Drivers/STM32F7xx_HAL_Driver/Src/stm32f7xx_ll_usb.c ****   }
 5156              		.loc 1 2119 5 view .LVU1770
2119:Drivers/STM32F7xx_HAL_Driver/Src/stm32f7xx_ll_usb.c ****   }
 5157              		.loc 1 2119 12 is_stmt 0 view .LVU1771
 5158 0260 039C     		ldr	r4, [sp, #12]
 5159 0262 24F40044 		bic	r4, r4, #32768
 5160 0266 0394     		str	r4, [sp, #12]
 5161 0268 80E7     		b	.L321
 5162              	.LVL359:
 5163              	.L325:
2137:Drivers/STM32F7xx_HAL_Driver/Src/stm32f7xx_ll_usb.c **** 
 5164              		.loc 1 2137 9 is_stmt 1 view .LVU1772
2137:Drivers/STM32F7xx_HAL_Driver/Src/stm32f7xx_ll_usb.c **** 
 5165              		.loc 1 2137 46 is_stmt 0 view .LVU1773
 5166 026a 0333     		adds	r3, r3, #3
 5167              	.LVL360:
2140:Drivers/STM32F7xx_HAL_Driver/Src/stm32f7xx_ll_usb.c ****         {
 5168              		.loc 1 2140 9 is_stmt 1 view .LVU1774
2140:Drivers/STM32F7xx_HAL_Driver/Src/stm32f7xx_ll_usb.c ****         {
 5169              		.loc 1 2140 30 is_stmt 0 view .LVU1775
 5170 026c C26A     		ldr	r2, [r0, #44]
2140:Drivers/STM32F7xx_HAL_Driver/Src/stm32f7xx_ll_usb.c ****         {
 5171              		.loc 1 2140 41 view .LVU1776
 5172 026e 92B2     		uxth	r2, r2
2140:Drivers/STM32F7xx_HAL_Driver/Src/stm32f7xx_ll_usb.c ****         {
 5173              		.loc 1 2140 12 view .LVU1777
 5174 0270 C3F38F03 		ubfx	r3, r3, #2, #16
 5175              	.LVL361:
2140:Drivers/STM32F7xx_HAL_Driver/Src/stm32f7xx_ll_usb.c ****         {
 5176              		.loc 1 2140 12 view .LVU1778
 5177 0274 9342     		cmp	r3, r2
 5178 0276 03D9     		bls	.L322
2143:Drivers/STM32F7xx_HAL_Driver/Src/stm32f7xx_ll_usb.c ****         }
ARM GAS  /tmp/ccyYvSLN.s 			page 156


 5179              		.loc 1 2143 11 is_stmt 1 view .LVU1779
2143:Drivers/STM32F7xx_HAL_Driver/Src/stm32f7xx_ll_usb.c ****         }
 5180              		.loc 1 2143 15 is_stmt 0 view .LVU1780
 5181 0278 8369     		ldr	r3, [r0, #24]
2143:Drivers/STM32F7xx_HAL_Driver/Src/stm32f7xx_ll_usb.c ****         }
 5182              		.loc 1 2143 25 view .LVU1781
 5183 027a 43F02003 		orr	r3, r3, #32
 5184 027e 8361     		str	r3, [r0, #24]
 5185              	.LVL362:
 5186              	.L322:
2164:Drivers/STM32F7xx_HAL_Driver/Src/stm32f7xx_ll_usb.c ****   }
 5187              		.loc 1 2164 5 is_stmt 1 view .LVU1782
2164:Drivers/STM32F7xx_HAL_Driver/Src/stm32f7xx_ll_usb.c ****   }
 5188              		.loc 1 2164 11 is_stmt 0 view .LVU1783
 5189 0280 0023     		movs	r3, #0
 5190 0282 0093     		str	r3, [sp]
 5191 0284 0B8C     		ldrh	r3, [r1, #32]
 5192 0286 4A78     		ldrb	r2, [r1, #1]	@ zero_extendqisi2
 5193 0288 8969     		ldr	r1, [r1, #24]
 5194              	.LVL363:
2164:Drivers/STM32F7xx_HAL_Driver/Src/stm32f7xx_ll_usb.c ****   }
 5195              		.loc 1 2164 11 view .LVU1784
 5196 028a FFF7FEFF 		bl	USB_WritePacket
 5197              	.LVL364:
 5198              	.L299:
2168:Drivers/STM32F7xx_HAL_Driver/Src/stm32f7xx_ll_usb.c **** 
 5199              		.loc 1 2168 1 view .LVU1785
 5200 028e 0020     		movs	r0, #0
 5201 0290 04B0     		add	sp, sp, #16
 5202              	.LCFI63:
 5203              		.cfi_remember_state
 5204              		.cfi_def_cfa_offset 16
 5205              		@ sp needed
 5206 0292 70BD     		pop	{r4, r5, r6, pc}
 5207              	.L340:
 5208              		.align	2
 5209              	.L339:
 5210 0294 00000440 		.word	1074003968
 5211 0298 0000F81F 		.word	536346624
 5212              	.LVL365:
 5213              	.L323:
 5214              	.LCFI64:
 5215              		.cfi_restore_state
2150:Drivers/STM32F7xx_HAL_Driver/Src/stm32f7xx_ll_usb.c ****         /* check if there is enough space in FIFO space */
 5216              		.loc 1 2150 9 is_stmt 1 view .LVU1786
2150:Drivers/STM32F7xx_HAL_Driver/Src/stm32f7xx_ll_usb.c ****         /* check if there is enough space in FIFO space */
 5217              		.loc 1 2150 46 is_stmt 0 view .LVU1787
 5218 029c 0333     		adds	r3, r3, #3
 5219              	.LVL366:
2152:Drivers/STM32F7xx_HAL_Driver/Src/stm32f7xx_ll_usb.c ****         {
 5220              		.loc 1 2152 9 is_stmt 1 view .LVU1788
2152:Drivers/STM32F7xx_HAL_Driver/Src/stm32f7xx_ll_usb.c ****         {
 5221              		.loc 1 2152 35 is_stmt 0 view .LVU1789
 5222 029e 2A69     		ldr	r2, [r5, #16]
2152:Drivers/STM32F7xx_HAL_Driver/Src/stm32f7xx_ll_usb.c ****         {
 5223              		.loc 1 2152 45 view .LVU1790
 5224 02a0 92B2     		uxth	r2, r2
ARM GAS  /tmp/ccyYvSLN.s 			page 157


2152:Drivers/STM32F7xx_HAL_Driver/Src/stm32f7xx_ll_usb.c ****         {
 5225              		.loc 1 2152 12 view .LVU1791
 5226 02a2 C3F38F03 		ubfx	r3, r3, #2, #16
 5227              	.LVL367:
2152:Drivers/STM32F7xx_HAL_Driver/Src/stm32f7xx_ll_usb.c ****         {
 5228              		.loc 1 2152 12 view .LVU1792
 5229 02a6 9A42     		cmp	r2, r3
 5230 02a8 EAD2     		bcs	.L322
2155:Drivers/STM32F7xx_HAL_Driver/Src/stm32f7xx_ll_usb.c ****         }
 5231              		.loc 1 2155 11 is_stmt 1 view .LVU1793
2155:Drivers/STM32F7xx_HAL_Driver/Src/stm32f7xx_ll_usb.c ****         }
 5232              		.loc 1 2155 15 is_stmt 0 view .LVU1794
 5233 02aa 8369     		ldr	r3, [r0, #24]
2155:Drivers/STM32F7xx_HAL_Driver/Src/stm32f7xx_ll_usb.c ****         }
 5234              		.loc 1 2155 25 view .LVU1795
 5235 02ac 43F08063 		orr	r3, r3, #67108864
 5236 02b0 8361     		str	r3, [r0, #24]
 5237              	.LVL368:
2155:Drivers/STM32F7xx_HAL_Driver/Src/stm32f7xx_ll_usb.c ****         }
 5238              		.loc 1 2155 25 view .LVU1796
 5239 02b2 E5E7     		b	.L322
 5240              		.cfi_endproc
 5241              	.LFE183:
 5243              		.section	.text.USB_StopHost,"ax",%progbits
 5244              		.align	1
 5245              		.global	USB_StopHost
 5246              		.syntax unified
 5247              		.thumb
 5248              		.thumb_func
 5250              	USB_StopHost:
 5251              	.LVL369:
 5252              	.LFB187:
2291:Drivers/STM32F7xx_HAL_Driver/Src/stm32f7xx_ll_usb.c **** 
2292:Drivers/STM32F7xx_HAL_Driver/Src/stm32f7xx_ll_usb.c **** /**
2293:Drivers/STM32F7xx_HAL_Driver/Src/stm32f7xx_ll_usb.c ****   * @brief  Stop Host Core
2294:Drivers/STM32F7xx_HAL_Driver/Src/stm32f7xx_ll_usb.c ****   * @param  USBx  Selected device
2295:Drivers/STM32F7xx_HAL_Driver/Src/stm32f7xx_ll_usb.c ****   * @retval HAL state
2296:Drivers/STM32F7xx_HAL_Driver/Src/stm32f7xx_ll_usb.c ****   */
2297:Drivers/STM32F7xx_HAL_Driver/Src/stm32f7xx_ll_usb.c **** HAL_StatusTypeDef USB_StopHost(USB_OTG_GlobalTypeDef *USBx)
2298:Drivers/STM32F7xx_HAL_Driver/Src/stm32f7xx_ll_usb.c **** {
 5253              		.loc 1 2298 1 is_stmt 1 view -0
 5254              		.cfi_startproc
 5255              		@ args = 0, pretend = 0, frame = 8
 5256              		@ frame_needed = 0, uses_anonymous_args = 0
 5257              		.loc 1 2298 1 is_stmt 0 view .LVU1798
 5258 0000 30B5     		push	{r4, r5, lr}
 5259              	.LCFI65:
 5260              		.cfi_def_cfa_offset 12
 5261              		.cfi_offset 4, -12
 5262              		.cfi_offset 5, -8
 5263              		.cfi_offset 14, -4
 5264 0002 83B0     		sub	sp, sp, #12
 5265              	.LCFI66:
 5266              		.cfi_def_cfa_offset 24
 5267 0004 0446     		mov	r4, r0
2299:Drivers/STM32F7xx_HAL_Driver/Src/stm32f7xx_ll_usb.c ****   HAL_StatusTypeDef ret = HAL_OK;
 5268              		.loc 1 2299 3 is_stmt 1 view .LVU1799
ARM GAS  /tmp/ccyYvSLN.s 			page 158


 5269              	.LVL370:
2300:Drivers/STM32F7xx_HAL_Driver/Src/stm32f7xx_ll_usb.c ****   uint32_t USBx_BASE = (uint32_t)USBx;
 5270              		.loc 1 2300 3 view .LVU1800
2301:Drivers/STM32F7xx_HAL_Driver/Src/stm32f7xx_ll_usb.c ****   __IO uint32_t count = 0U;
 5271              		.loc 1 2301 3 view .LVU1801
 5272              		.loc 1 2301 17 is_stmt 0 view .LVU1802
 5273 0006 0023     		movs	r3, #0
 5274 0008 0193     		str	r3, [sp, #4]
2302:Drivers/STM32F7xx_HAL_Driver/Src/stm32f7xx_ll_usb.c ****   uint32_t value;
 5275              		.loc 1 2302 3 is_stmt 1 view .LVU1803
2303:Drivers/STM32F7xx_HAL_Driver/Src/stm32f7xx_ll_usb.c ****   uint32_t i;
 5276              		.loc 1 2303 3 view .LVU1804
2304:Drivers/STM32F7xx_HAL_Driver/Src/stm32f7xx_ll_usb.c **** 
2305:Drivers/STM32F7xx_HAL_Driver/Src/stm32f7xx_ll_usb.c ****   (void)USB_DisableGlobalInt(USBx);
 5277              		.loc 1 2305 3 view .LVU1805
 5278              		.loc 1 2305 9 is_stmt 0 view .LVU1806
 5279 000a FFF7FEFF 		bl	USB_DisableGlobalInt
 5280              	.LVL371:
2306:Drivers/STM32F7xx_HAL_Driver/Src/stm32f7xx_ll_usb.c **** 
2307:Drivers/STM32F7xx_HAL_Driver/Src/stm32f7xx_ll_usb.c ****   /* Flush USB FIFO */
2308:Drivers/STM32F7xx_HAL_Driver/Src/stm32f7xx_ll_usb.c ****   if (USB_FlushTxFifo(USBx, 0x10U) != HAL_OK) /* all Tx FIFOs */
 5281              		.loc 1 2308 3 is_stmt 1 view .LVU1807
 5282              		.loc 1 2308 7 is_stmt 0 view .LVU1808
 5283 000e 1021     		movs	r1, #16
 5284 0010 2046     		mov	r0, r4
 5285 0012 FFF7FEFF 		bl	USB_FlushTxFifo
 5286              	.LVL372:
 5287              		.loc 1 2308 6 discriminator 1 view .LVU1809
 5288 0016 0546     		mov	r5, r0
 5289 0018 00B1     		cbz	r0, .L342
2309:Drivers/STM32F7xx_HAL_Driver/Src/stm32f7xx_ll_usb.c ****   {
2310:Drivers/STM32F7xx_HAL_Driver/Src/stm32f7xx_ll_usb.c ****     ret = HAL_ERROR;
 5290              		.loc 1 2310 9 view .LVU1810
 5291 001a 0125     		movs	r5, #1
 5292              	.L342:
 5293              	.LVL373:
2311:Drivers/STM32F7xx_HAL_Driver/Src/stm32f7xx_ll_usb.c ****   }
2312:Drivers/STM32F7xx_HAL_Driver/Src/stm32f7xx_ll_usb.c **** 
2313:Drivers/STM32F7xx_HAL_Driver/Src/stm32f7xx_ll_usb.c ****   if (USB_FlushRxFifo(USBx) != HAL_OK)
 5294              		.loc 1 2313 3 is_stmt 1 view .LVU1811
 5295              		.loc 1 2313 7 is_stmt 0 view .LVU1812
 5296 001c 2046     		mov	r0, r4
 5297 001e FFF7FEFF 		bl	USB_FlushRxFifo
 5298              	.LVL374:
 5299              		.loc 1 2313 6 discriminator 1 view .LVU1813
 5300 0022 00B1     		cbz	r0, .L343
2314:Drivers/STM32F7xx_HAL_Driver/Src/stm32f7xx_ll_usb.c ****   {
2315:Drivers/STM32F7xx_HAL_Driver/Src/stm32f7xx_ll_usb.c ****     ret = HAL_ERROR;
 5301              		.loc 1 2315 9 view .LVU1814
 5302 0024 0125     		movs	r5, #1
 5303              	.LVL375:
 5304              	.L343:
2316:Drivers/STM32F7xx_HAL_Driver/Src/stm32f7xx_ll_usb.c ****   }
2317:Drivers/STM32F7xx_HAL_Driver/Src/stm32f7xx_ll_usb.c **** 
2318:Drivers/STM32F7xx_HAL_Driver/Src/stm32f7xx_ll_usb.c ****   /* Flush out any leftover queued requests. */
2319:Drivers/STM32F7xx_HAL_Driver/Src/stm32f7xx_ll_usb.c ****   for (i = 0U; i <= 15U; i++)
 5305              		.loc 1 2319 3 is_stmt 1 view .LVU1815
ARM GAS  /tmp/ccyYvSLN.s 			page 159


 5306              		.loc 1 2319 10 is_stmt 0 view .LVU1816
 5307 0026 0022     		movs	r2, #0
 5308              		.loc 1 2319 3 view .LVU1817
 5309 0028 0AE0     		b	.L344
 5310              	.LVL376:
 5311              	.L345:
2320:Drivers/STM32F7xx_HAL_Driver/Src/stm32f7xx_ll_usb.c ****   {
2321:Drivers/STM32F7xx_HAL_Driver/Src/stm32f7xx_ll_usb.c ****     value = USBx_HC(i)->HCCHAR;
 5312              		.loc 1 2321 5 is_stmt 1 view .LVU1818
 5313              		.loc 1 2321 13 is_stmt 0 view .LVU1819
 5314 002a 04EB4211 		add	r1, r4, r2, lsl #5
 5315              		.loc 1 2321 11 view .LVU1820
 5316 002e D1F80035 		ldr	r3, [r1, #1280]
 5317              	.LVL377:
2322:Drivers/STM32F7xx_HAL_Driver/Src/stm32f7xx_ll_usb.c ****     value |=  USB_OTG_HCCHAR_CHDIS;
 5318              		.loc 1 2322 5 is_stmt 1 view .LVU1821
2323:Drivers/STM32F7xx_HAL_Driver/Src/stm32f7xx_ll_usb.c ****     value &= ~USB_OTG_HCCHAR_CHENA;
 5319              		.loc 1 2323 5 view .LVU1822
2324:Drivers/STM32F7xx_HAL_Driver/Src/stm32f7xx_ll_usb.c ****     value &= ~USB_OTG_HCCHAR_EPDIR;
 5320              		.loc 1 2324 5 view .LVU1823
 5321 0032 23F08023 		bic	r3, r3, #-2147450880
 5322              	.LVL378:
 5323              		.loc 1 2324 11 is_stmt 0 view .LVU1824
 5324 0036 43F08043 		orr	r3, r3, #1073741824
 5325              	.LVL379:
2325:Drivers/STM32F7xx_HAL_Driver/Src/stm32f7xx_ll_usb.c ****     USBx_HC(i)->HCCHAR = value;
 5326              		.loc 1 2325 5 is_stmt 1 view .LVU1825
 5327              		.loc 1 2325 24 is_stmt 0 view .LVU1826
 5328 003a C1F80035 		str	r3, [r1, #1280]
2319:Drivers/STM32F7xx_HAL_Driver/Src/stm32f7xx_ll_usb.c ****   {
 5329              		.loc 1 2319 27 is_stmt 1 discriminator 3 view .LVU1827
 5330 003e 0132     		adds	r2, r2, #1
 5331              	.LVL380:
 5332              	.L344:
2319:Drivers/STM32F7xx_HAL_Driver/Src/stm32f7xx_ll_usb.c ****   {
 5333              		.loc 1 2319 18 discriminator 1 view .LVU1828
 5334 0040 0F2A     		cmp	r2, #15
 5335 0042 F2D9     		bls	.L345
2326:Drivers/STM32F7xx_HAL_Driver/Src/stm32f7xx_ll_usb.c ****   }
2327:Drivers/STM32F7xx_HAL_Driver/Src/stm32f7xx_ll_usb.c **** 
2328:Drivers/STM32F7xx_HAL_Driver/Src/stm32f7xx_ll_usb.c ****   /* Halt all channels to put them into a known state. */
2329:Drivers/STM32F7xx_HAL_Driver/Src/stm32f7xx_ll_usb.c ****   for (i = 0U; i <= 15U; i++)
 5336              		.loc 1 2329 10 is_stmt 0 view .LVU1829
 5337 0044 0021     		movs	r1, #0
 5338 0046 00E0     		b	.L346
 5339              	.LVL381:
 5340              	.L347:
 5341              		.loc 1 2329 27 is_stmt 1 discriminator 2 view .LVU1830
 5342 0048 0131     		adds	r1, r1, #1
 5343              	.LVL382:
 5344              	.L346:
 5345              		.loc 1 2329 18 discriminator 1 view .LVU1831
 5346 004a 0F29     		cmp	r1, #15
 5347 004c 16D8     		bhi	.L353
2330:Drivers/STM32F7xx_HAL_Driver/Src/stm32f7xx_ll_usb.c ****   {
2331:Drivers/STM32F7xx_HAL_Driver/Src/stm32f7xx_ll_usb.c ****     value = USBx_HC(i)->HCCHAR;
 5348              		.loc 1 2331 5 view .LVU1832
ARM GAS  /tmp/ccyYvSLN.s 			page 160


 5349              		.loc 1 2331 13 is_stmt 0 view .LVU1833
 5350 004e 04EB4110 		add	r0, r4, r1, lsl #5
 5351 0052 00F5A062 		add	r2, r0, #1280
 5352              		.loc 1 2331 11 view .LVU1834
 5353 0056 D0F80035 		ldr	r3, [r0, #1280]
 5354              	.LVL383:
2332:Drivers/STM32F7xx_HAL_Driver/Src/stm32f7xx_ll_usb.c ****     value |= USB_OTG_HCCHAR_CHDIS;
 5355              		.loc 1 2332 5 is_stmt 1 view .LVU1835
2333:Drivers/STM32F7xx_HAL_Driver/Src/stm32f7xx_ll_usb.c ****     value |= USB_OTG_HCCHAR_CHENA;
 5356              		.loc 1 2333 5 view .LVU1836
2334:Drivers/STM32F7xx_HAL_Driver/Src/stm32f7xx_ll_usb.c ****     value &= ~USB_OTG_HCCHAR_EPDIR;
 5357              		.loc 1 2334 5 view .LVU1837
 5358 005a 23F40043 		bic	r3, r3, #32768
 5359              	.LVL384:
 5360              		.loc 1 2334 11 is_stmt 0 view .LVU1838
 5361 005e 43F04043 		orr	r3, r3, #-1073741824
 5362              	.LVL385:
2335:Drivers/STM32F7xx_HAL_Driver/Src/stm32f7xx_ll_usb.c ****     USBx_HC(i)->HCCHAR = value;
 5363              		.loc 1 2335 5 is_stmt 1 view .LVU1839
 5364              		.loc 1 2335 24 is_stmt 0 view .LVU1840
 5365 0062 C0F80035 		str	r3, [r0, #1280]
 5366              	.LVL386:
 5367              	.L348:
2336:Drivers/STM32F7xx_HAL_Driver/Src/stm32f7xx_ll_usb.c **** 
2337:Drivers/STM32F7xx_HAL_Driver/Src/stm32f7xx_ll_usb.c ****     do
 5368              		.loc 1 2337 5 is_stmt 1 view .LVU1841
2338:Drivers/STM32F7xx_HAL_Driver/Src/stm32f7xx_ll_usb.c ****     {
2339:Drivers/STM32F7xx_HAL_Driver/Src/stm32f7xx_ll_usb.c ****       count++;
 5369              		.loc 1 2339 7 view .LVU1842
 5370              		.loc 1 2339 12 is_stmt 0 view .LVU1843
 5371 0066 019B     		ldr	r3, [sp, #4]
 5372 0068 0133     		adds	r3, r3, #1
 5373 006a 0193     		str	r3, [sp, #4]
2340:Drivers/STM32F7xx_HAL_Driver/Src/stm32f7xx_ll_usb.c **** 
2341:Drivers/STM32F7xx_HAL_Driver/Src/stm32f7xx_ll_usb.c ****       if (count > 1000U)
 5374              		.loc 1 2341 7 is_stmt 1 view .LVU1844
 5375              		.loc 1 2341 17 is_stmt 0 view .LVU1845
 5376 006c 019B     		ldr	r3, [sp, #4]
 5377              		.loc 1 2341 10 view .LVU1846
 5378 006e B3F57A7F 		cmp	r3, #1000
 5379 0072 E9D8     		bhi	.L347
2342:Drivers/STM32F7xx_HAL_Driver/Src/stm32f7xx_ll_usb.c ****       {
2343:Drivers/STM32F7xx_HAL_Driver/Src/stm32f7xx_ll_usb.c ****         break;
2344:Drivers/STM32F7xx_HAL_Driver/Src/stm32f7xx_ll_usb.c ****       }
2345:Drivers/STM32F7xx_HAL_Driver/Src/stm32f7xx_ll_usb.c ****     } while ((USBx_HC(i)->HCCHAR & USB_OTG_HCCHAR_CHENA) == USB_OTG_HCCHAR_CHENA);
 5380              		.loc 1 2345 58 is_stmt 1 view .LVU1847
 5381              		.loc 1 2345 25 is_stmt 0 view .LVU1848
 5382 0074 1368     		ldr	r3, [r2]
 5383              		.loc 1 2345 58 view .LVU1849
 5384 0076 002B     		cmp	r3, #0
 5385 0078 F5DB     		blt	.L348
 5386 007a E5E7     		b	.L347
 5387              	.LVL387:
 5388              	.L353:
2346:Drivers/STM32F7xx_HAL_Driver/Src/stm32f7xx_ll_usb.c ****   }
2347:Drivers/STM32F7xx_HAL_Driver/Src/stm32f7xx_ll_usb.c **** 
2348:Drivers/STM32F7xx_HAL_Driver/Src/stm32f7xx_ll_usb.c ****   /* Clear any pending Host interrupts */
ARM GAS  /tmp/ccyYvSLN.s 			page 161


2349:Drivers/STM32F7xx_HAL_Driver/Src/stm32f7xx_ll_usb.c ****   USBx_HOST->HAINT = CLEAR_INTERRUPT_MASK;
 5389              		.loc 1 2349 3 is_stmt 1 view .LVU1850
 5390              		.loc 1 2349 20 is_stmt 0 view .LVU1851
 5391 007c 4FF0FF33 		mov	r3, #-1
 5392 0080 C4F81434 		str	r3, [r4, #1044]
2350:Drivers/STM32F7xx_HAL_Driver/Src/stm32f7xx_ll_usb.c ****   USBx->GINTSTS = CLEAR_INTERRUPT_MASK;
 5393              		.loc 1 2350 3 is_stmt 1 view .LVU1852
 5394              		.loc 1 2350 17 is_stmt 0 view .LVU1853
 5395 0084 6361     		str	r3, [r4, #20]
2351:Drivers/STM32F7xx_HAL_Driver/Src/stm32f7xx_ll_usb.c **** 
2352:Drivers/STM32F7xx_HAL_Driver/Src/stm32f7xx_ll_usb.c ****   (void)USB_EnableGlobalInt(USBx);
 5396              		.loc 1 2352 3 is_stmt 1 view .LVU1854
 5397              		.loc 1 2352 9 is_stmt 0 view .LVU1855
 5398 0086 2046     		mov	r0, r4
 5399 0088 FFF7FEFF 		bl	USB_EnableGlobalInt
 5400              	.LVL388:
2353:Drivers/STM32F7xx_HAL_Driver/Src/stm32f7xx_ll_usb.c **** 
2354:Drivers/STM32F7xx_HAL_Driver/Src/stm32f7xx_ll_usb.c ****   return ret;
 5401              		.loc 1 2354 3 is_stmt 1 view .LVU1856
2355:Drivers/STM32F7xx_HAL_Driver/Src/stm32f7xx_ll_usb.c **** }
 5402              		.loc 1 2355 1 is_stmt 0 view .LVU1857
 5403 008c 2846     		mov	r0, r5
 5404 008e 03B0     		add	sp, sp, #12
 5405              	.LCFI67:
 5406              		.cfi_def_cfa_offset 12
 5407              		@ sp needed
 5408 0090 30BD     		pop	{r4, r5, pc}
 5409              		.loc 1 2355 1 view .LVU1858
 5410              		.cfi_endproc
 5411              	.LFE187:
 5413              		.section	.text.USB_ActivateRemoteWakeup,"ax",%progbits
 5414              		.align	1
 5415              		.global	USB_ActivateRemoteWakeup
 5416              		.syntax unified
 5417              		.thumb
 5418              		.thumb_func
 5420              	USB_ActivateRemoteWakeup:
 5421              	.LVL389:
 5422              	.LFB188:
2356:Drivers/STM32F7xx_HAL_Driver/Src/stm32f7xx_ll_usb.c **** 
2357:Drivers/STM32F7xx_HAL_Driver/Src/stm32f7xx_ll_usb.c **** /**
2358:Drivers/STM32F7xx_HAL_Driver/Src/stm32f7xx_ll_usb.c ****   * @brief  USB_ActivateRemoteWakeup active remote wakeup signalling
2359:Drivers/STM32F7xx_HAL_Driver/Src/stm32f7xx_ll_usb.c ****   * @param  USBx Selected device
2360:Drivers/STM32F7xx_HAL_Driver/Src/stm32f7xx_ll_usb.c ****   * @retval HAL status
2361:Drivers/STM32F7xx_HAL_Driver/Src/stm32f7xx_ll_usb.c ****   */
2362:Drivers/STM32F7xx_HAL_Driver/Src/stm32f7xx_ll_usb.c **** HAL_StatusTypeDef USB_ActivateRemoteWakeup(const USB_OTG_GlobalTypeDef *USBx)
2363:Drivers/STM32F7xx_HAL_Driver/Src/stm32f7xx_ll_usb.c **** {
 5423              		.loc 1 2363 1 is_stmt 1 view -0
 5424              		.cfi_startproc
 5425              		@ args = 0, pretend = 0, frame = 0
 5426              		@ frame_needed = 0, uses_anonymous_args = 0
 5427              		@ link register save eliminated.
2364:Drivers/STM32F7xx_HAL_Driver/Src/stm32f7xx_ll_usb.c ****   uint32_t USBx_BASE = (uint32_t)USBx;
 5428              		.loc 1 2364 3 view .LVU1860
2365:Drivers/STM32F7xx_HAL_Driver/Src/stm32f7xx_ll_usb.c **** 
2366:Drivers/STM32F7xx_HAL_Driver/Src/stm32f7xx_ll_usb.c ****   if ((USBx_DEVICE->DSTS & USB_OTG_DSTS_SUSPSTS) == USB_OTG_DSTS_SUSPSTS)
 5429              		.loc 1 2366 3 view .LVU1861
ARM GAS  /tmp/ccyYvSLN.s 			page 162


 5430              		.loc 1 2366 19 is_stmt 0 view .LVU1862
 5431 0000 D0F80838 		ldr	r3, [r0, #2056]
 5432              		.loc 1 2366 8 view .LVU1863
 5433 0004 00F50060 		add	r0, r0, #2048
 5434              	.LVL390:
 5435              		.loc 1 2366 6 view .LVU1864
 5436 0008 13F0010F 		tst	r3, #1
 5437 000c 03D0     		beq	.L355
2367:Drivers/STM32F7xx_HAL_Driver/Src/stm32f7xx_ll_usb.c ****   {
2368:Drivers/STM32F7xx_HAL_Driver/Src/stm32f7xx_ll_usb.c ****     /* active Remote wakeup signalling */
2369:Drivers/STM32F7xx_HAL_Driver/Src/stm32f7xx_ll_usb.c ****     USBx_DEVICE->DCTL |= USB_OTG_DCTL_RWUSIG;
 5438              		.loc 1 2369 5 is_stmt 1 view .LVU1865
 5439              		.loc 1 2369 16 is_stmt 0 view .LVU1866
 5440 000e 4368     		ldr	r3, [r0, #4]
 5441              		.loc 1 2369 23 view .LVU1867
 5442 0010 43F00103 		orr	r3, r3, #1
 5443 0014 4360     		str	r3, [r0, #4]
 5444              	.L355:
2370:Drivers/STM32F7xx_HAL_Driver/Src/stm32f7xx_ll_usb.c ****   }
2371:Drivers/STM32F7xx_HAL_Driver/Src/stm32f7xx_ll_usb.c **** 
2372:Drivers/STM32F7xx_HAL_Driver/Src/stm32f7xx_ll_usb.c ****   return HAL_OK;
 5445              		.loc 1 2372 3 is_stmt 1 view .LVU1868
2373:Drivers/STM32F7xx_HAL_Driver/Src/stm32f7xx_ll_usb.c **** }
 5446              		.loc 1 2373 1 is_stmt 0 view .LVU1869
 5447 0016 0020     		movs	r0, #0
 5448              	.LVL391:
 5449              		.loc 1 2373 1 view .LVU1870
 5450 0018 7047     		bx	lr
 5451              		.cfi_endproc
 5452              	.LFE188:
 5454              		.section	.text.USB_DeActivateRemoteWakeup,"ax",%progbits
 5455              		.align	1
 5456              		.global	USB_DeActivateRemoteWakeup
 5457              		.syntax unified
 5458              		.thumb
 5459              		.thumb_func
 5461              	USB_DeActivateRemoteWakeup:
 5462              	.LVL392:
 5463              	.LFB189:
2374:Drivers/STM32F7xx_HAL_Driver/Src/stm32f7xx_ll_usb.c **** 
2375:Drivers/STM32F7xx_HAL_Driver/Src/stm32f7xx_ll_usb.c **** /**
2376:Drivers/STM32F7xx_HAL_Driver/Src/stm32f7xx_ll_usb.c ****   * @brief  USB_DeActivateRemoteWakeup de-active remote wakeup signalling
2377:Drivers/STM32F7xx_HAL_Driver/Src/stm32f7xx_ll_usb.c ****   * @param  USBx Selected device
2378:Drivers/STM32F7xx_HAL_Driver/Src/stm32f7xx_ll_usb.c ****   * @retval HAL status
2379:Drivers/STM32F7xx_HAL_Driver/Src/stm32f7xx_ll_usb.c ****   */
2380:Drivers/STM32F7xx_HAL_Driver/Src/stm32f7xx_ll_usb.c **** HAL_StatusTypeDef USB_DeActivateRemoteWakeup(const USB_OTG_GlobalTypeDef *USBx)
2381:Drivers/STM32F7xx_HAL_Driver/Src/stm32f7xx_ll_usb.c **** {
 5464              		.loc 1 2381 1 is_stmt 1 view -0
 5465              		.cfi_startproc
 5466              		@ args = 0, pretend = 0, frame = 0
 5467              		@ frame_needed = 0, uses_anonymous_args = 0
 5468              		@ link register save eliminated.
2382:Drivers/STM32F7xx_HAL_Driver/Src/stm32f7xx_ll_usb.c ****   uint32_t USBx_BASE = (uint32_t)USBx;
 5469              		.loc 1 2382 3 view .LVU1872
2383:Drivers/STM32F7xx_HAL_Driver/Src/stm32f7xx_ll_usb.c **** 
2384:Drivers/STM32F7xx_HAL_Driver/Src/stm32f7xx_ll_usb.c ****   /* active Remote wakeup signalling */
2385:Drivers/STM32F7xx_HAL_Driver/Src/stm32f7xx_ll_usb.c ****   USBx_DEVICE->DCTL &= ~(USB_OTG_DCTL_RWUSIG);
ARM GAS  /tmp/ccyYvSLN.s 			page 163


 5470              		.loc 1 2385 3 view .LVU1873
 5471              		.loc 1 2385 14 is_stmt 0 view .LVU1874
 5472 0000 D0F80438 		ldr	r3, [r0, #2052]
 5473              		.loc 1 2385 21 view .LVU1875
 5474 0004 23F00103 		bic	r3, r3, #1
 5475 0008 C0F80438 		str	r3, [r0, #2052]
2386:Drivers/STM32F7xx_HAL_Driver/Src/stm32f7xx_ll_usb.c **** 
2387:Drivers/STM32F7xx_HAL_Driver/Src/stm32f7xx_ll_usb.c ****   return HAL_OK;
 5476              		.loc 1 2387 3 is_stmt 1 view .LVU1876
2388:Drivers/STM32F7xx_HAL_Driver/Src/stm32f7xx_ll_usb.c **** }
 5477              		.loc 1 2388 1 is_stmt 0 view .LVU1877
 5478 000c 0020     		movs	r0, #0
 5479              	.LVL393:
 5480              		.loc 1 2388 1 view .LVU1878
 5481 000e 7047     		bx	lr
 5482              		.cfi_endproc
 5483              	.LFE189:
 5485              		.text
 5486              	.Letext0:
 5487              		.file 2 "/usr/lib/gcc/arm-none-eabi/13.2.1/include/stdint.h"
 5488              		.file 3 "Drivers/CMSIS/Include/cmsis_gcc.h"
 5489              		.file 4 "Drivers/CMSIS/Device/ST/STM32F7xx/Include/stm32f746xx.h"
 5490              		.file 5 "Drivers/STM32F7xx_HAL_Driver/Inc/stm32f7xx_hal_def.h"
 5491              		.file 6 "Drivers/STM32F7xx_HAL_Driver/Inc/stm32f7xx_ll_usb.h"
 5492              		.file 7 "Drivers/STM32F7xx_HAL_Driver/Inc/stm32f7xx_hal.h"
ARM GAS  /tmp/ccyYvSLN.s 			page 164


DEFINED SYMBOLS
                            *ABS*:00000000 stm32f7xx_ll_usb.c
     /tmp/ccyYvSLN.s:21     .text.USB_CoreReset:00000000 $t
     /tmp/ccyYvSLN.s:26     .text.USB_CoreReset:00000000 USB_CoreReset
     /tmp/ccyYvSLN.s:135    .text.USB_CoreInit:00000000 $t
     /tmp/ccyYvSLN.s:141    .text.USB_CoreInit:00000000 USB_CoreInit
     /tmp/ccyYvSLN.s:269    .text.USB_CoreInit:00000080 $d
     /tmp/ccyYvSLN.s:274    .text.USB_SetTurnaroundTime:00000000 $t
     /tmp/ccyYvSLN.s:280    .text.USB_SetTurnaroundTime:00000000 USB_SetTurnaroundTime
     /tmp/ccyYvSLN.s:433    .text.USB_SetTurnaroundTime:0000009c $d
     /tmp/ccyYvSLN.s:455    .text.USB_EnableGlobalInt:00000000 $t
     /tmp/ccyYvSLN.s:461    .text.USB_EnableGlobalInt:00000000 USB_EnableGlobalInt
     /tmp/ccyYvSLN.s:485    .text.USB_DisableGlobalInt:00000000 $t
     /tmp/ccyYvSLN.s:491    .text.USB_DisableGlobalInt:00000000 USB_DisableGlobalInt
     /tmp/ccyYvSLN.s:515    .text.USB_FlushTxFifo:00000000 $t
     /tmp/ccyYvSLN.s:521    .text.USB_FlushTxFifo:00000000 USB_FlushTxFifo
     /tmp/ccyYvSLN.s:618    .text.USB_FlushRxFifo:00000000 $t
     /tmp/ccyYvSLN.s:624    .text.USB_FlushRxFifo:00000000 USB_FlushRxFifo
     /tmp/ccyYvSLN.s:717    .text.USB_SetDevSpeed:00000000 $t
     /tmp/ccyYvSLN.s:723    .text.USB_SetDevSpeed:00000000 USB_SetDevSpeed
     /tmp/ccyYvSLN.s:750    .text.USB_DevInit:00000000 $t
     /tmp/ccyYvSLN.s:756    .text.USB_DevInit:00000000 USB_DevInit
     /tmp/ccyYvSLN.s:1108   .text.USB_DevInit:00000184 $d
     /tmp/ccyYvSLN.s:1114   .text.USB_GetDevSpeed:00000000 $t
     /tmp/ccyYvSLN.s:1120   .text.USB_GetDevSpeed:00000000 USB_GetDevSpeed
     /tmp/ccyYvSLN.s:1173   .text.USB_ActivateEndpoint:00000000 $t
     /tmp/ccyYvSLN.s:1179   .text.USB_ActivateEndpoint:00000000 USB_ActivateEndpoint
     /tmp/ccyYvSLN.s:1294   .text.USB_ActivateEndpoint:00000094 $d
     /tmp/ccyYvSLN.s:1299   .text.USB_ActivateDedicatedEndpoint:00000000 $t
     /tmp/ccyYvSLN.s:1305   .text.USB_ActivateDedicatedEndpoint:00000000 USB_ActivateDedicatedEndpoint
     /tmp/ccyYvSLN.s:1440   .text.USB_ActivateDedicatedEndpoint:0000009c $d
     /tmp/ccyYvSLN.s:1445   .text.USB_DeactivateEndpoint:00000000 $t
     /tmp/ccyYvSLN.s:1451   .text.USB_DeactivateEndpoint:00000000 USB_DeactivateEndpoint
     /tmp/ccyYvSLN.s:1622   .text.USB_DeactivateEndpoint:000000d8 $d
     /tmp/ccyYvSLN.s:1628   .text.USB_DeactivateDedicatedEndpoint:00000000 $t
     /tmp/ccyYvSLN.s:1634   .text.USB_DeactivateDedicatedEndpoint:00000000 USB_DeactivateDedicatedEndpoint
     /tmp/ccyYvSLN.s:1763   .text.USB_EPStopXfer:00000000 $t
     /tmp/ccyYvSLN.s:1769   .text.USB_EPStopXfer:00000000 USB_EPStopXfer
     /tmp/ccyYvSLN.s:1931   .text.USB_WritePacket:00000000 $t
     /tmp/ccyYvSLN.s:1937   .text.USB_WritePacket:00000000 USB_WritePacket
     /tmp/ccyYvSLN.s:2006   .text.USB_EPStartXfer:00000000 $t
     /tmp/ccyYvSLN.s:2012   .text.USB_EPStartXfer:00000000 USB_EPStartXfer
     /tmp/ccyYvSLN.s:2486   .text.USB_EPStartXfer:00000240 $d
     /tmp/ccyYvSLN.s:2491   .text.USB_ReadPacket:00000000 $t
     /tmp/ccyYvSLN.s:2497   .text.USB_ReadPacket:00000000 USB_ReadPacket
     /tmp/ccyYvSLN.s:2596   .text.USB_EPSetStall:00000000 $t
     /tmp/ccyYvSLN.s:2602   .text.USB_EPSetStall:00000000 USB_EPSetStall
     /tmp/ccyYvSLN.s:2685   .text.USB_EPClearStall:00000000 $t
     /tmp/ccyYvSLN.s:2691   .text.USB_EPClearStall:00000000 USB_EPClearStall
     /tmp/ccyYvSLN.s:2776   .text.USB_StopDevice:00000000 $t
     /tmp/ccyYvSLN.s:2782   .text.USB_StopDevice:00000000 USB_StopDevice
     /tmp/ccyYvSLN.s:2864   .text.USB_SetDevAddress:00000000 $t
     /tmp/ccyYvSLN.s:2870   .text.USB_SetDevAddress:00000000 USB_SetDevAddress
     /tmp/ccyYvSLN.s:2906   .text.USB_DevConnect:00000000 $t
     /tmp/ccyYvSLN.s:2912   .text.USB_DevConnect:00000000 USB_DevConnect
     /tmp/ccyYvSLN.s:2942   .text.USB_DevDisconnect:00000000 $t
     /tmp/ccyYvSLN.s:2948   .text.USB_DevDisconnect:00000000 USB_DevDisconnect
ARM GAS  /tmp/ccyYvSLN.s 			page 165


     /tmp/ccyYvSLN.s:2978   .text.USB_ReadInterrupts:00000000 $t
     /tmp/ccyYvSLN.s:2984   .text.USB_ReadInterrupts:00000000 USB_ReadInterrupts
     /tmp/ccyYvSLN.s:3011   .text.USB_ReadChInterrupts:00000000 $t
     /tmp/ccyYvSLN.s:3017   .text.USB_ReadChInterrupts:00000000 USB_ReadChInterrupts
     /tmp/ccyYvSLN.s:3050   .text.USB_ReadDevAllOutEpInterrupt:00000000 $t
     /tmp/ccyYvSLN.s:3056   .text.USB_ReadDevAllOutEpInterrupt:00000000 USB_ReadDevAllOutEpInterrupt
     /tmp/ccyYvSLN.s:3089   .text.USB_ReadDevAllInEpInterrupt:00000000 $t
     /tmp/ccyYvSLN.s:3095   .text.USB_ReadDevAllInEpInterrupt:00000000 USB_ReadDevAllInEpInterrupt
     /tmp/ccyYvSLN.s:3128   .text.USB_ReadDevOutEPInterrupt:00000000 $t
     /tmp/ccyYvSLN.s:3134   .text.USB_ReadDevOutEPInterrupt:00000000 USB_ReadDevOutEPInterrupt
     /tmp/ccyYvSLN.s:3168   .text.USB_ReadDevInEPInterrupt:00000000 $t
     /tmp/ccyYvSLN.s:3174   .text.USB_ReadDevInEPInterrupt:00000000 USB_ReadDevInEPInterrupt
     /tmp/ccyYvSLN.s:3225   .text.USB_ClearInterrupts:00000000 $t
     /tmp/ccyYvSLN.s:3231   .text.USB_ClearInterrupts:00000000 USB_ClearInterrupts
     /tmp/ccyYvSLN.s:3251   .text.USB_GetMode:00000000 $t
     /tmp/ccyYvSLN.s:3257   .text.USB_GetMode:00000000 USB_GetMode
     /tmp/ccyYvSLN.s:3276   .text.USB_SetCurrentMode:00000000 $t
     /tmp/ccyYvSLN.s:3282   .text.USB_SetCurrentMode:00000000 USB_SetCurrentMode
     /tmp/ccyYvSLN.s:3402   .text.USB_ActivateSetup:00000000 $t
     /tmp/ccyYvSLN.s:3408   .text.USB_ActivateSetup:00000000 USB_ActivateSetup
     /tmp/ccyYvSLN.s:3439   .text.USB_EP0_OutStart:00000000 $t
     /tmp/ccyYvSLN.s:3445   .text.USB_EP0_OutStart:00000000 USB_EP0_OutStart
     /tmp/ccyYvSLN.s:3532   .text.USB_EP0_OutStart:0000005c $d
     /tmp/ccyYvSLN.s:3537   .text.USB_HostInit:00000000 $t
     /tmp/ccyYvSLN.s:3543   .text.USB_HostInit:00000000 USB_HostInit
     /tmp/ccyYvSLN.s:3748   .text.USB_HostInit:000000e0 $d
     /tmp/ccyYvSLN.s:3756   .text.USB_InitFSLSPClkSel:00000000 $t
     /tmp/ccyYvSLN.s:3762   .text.USB_InitFSLSPClkSel:00000000 USB_InitFSLSPClkSel
     /tmp/ccyYvSLN.s:3825   .text.USB_ResetPort:00000000 $t
     /tmp/ccyYvSLN.s:3831   .text.USB_ResetPort:00000000 USB_ResetPort
     /tmp/ccyYvSLN.s:3900   .text.USB_DriveVbus:00000000 $t
     /tmp/ccyYvSLN.s:3906   .text.USB_DriveVbus:00000000 USB_DriveVbus
     /tmp/ccyYvSLN.s:3985   .text.USB_GetHostSpeed:00000000 $t
     /tmp/ccyYvSLN.s:3991   .text.USB_GetHostSpeed:00000000 USB_GetHostSpeed
     /tmp/ccyYvSLN.s:4029   .text.USB_GetCurrentFrame:00000000 $t
     /tmp/ccyYvSLN.s:4035   .text.USB_GetCurrentFrame:00000000 USB_GetCurrentFrame
     /tmp/ccyYvSLN.s:4058   .text.USB_HC_Init:00000000 $t
     /tmp/ccyYvSLN.s:4064   .text.USB_HC_Init:00000000 USB_HC_Init
     /tmp/ccyYvSLN.s:4106   .text.USB_HC_Init:00000024 $d
     /tmp/ccyYvSLN.s:4110   .text.USB_HC_Init:00000028 $t
     /tmp/ccyYvSLN.s:4317   .text.USB_HC_Init:00000134 $d
     /tmp/ccyYvSLN.s:4322   .text.USB_HC_ReadInterrupt:00000000 $t
     /tmp/ccyYvSLN.s:4328   .text.USB_HC_ReadInterrupt:00000000 USB_HC_ReadInterrupt
     /tmp/ccyYvSLN.s:4351   .text.USB_HC_Halt:00000000 $t
     /tmp/ccyYvSLN.s:4357   .text.USB_HC_Halt:00000000 USB_HC_Halt
     /tmp/ccyYvSLN.s:4573   .text.USB_DoPing:00000000 $t
     /tmp/ccyYvSLN.s:4579   .text.USB_DoPing:00000000 USB_DoPing
     /tmp/ccyYvSLN.s:4619   .text.USB_DoPing:00000020 $d
     /tmp/ccyYvSLN.s:4624   .text.USB_HC_StartXfer:00000000 $t
     /tmp/ccyYvSLN.s:4630   .text.USB_HC_StartXfer:00000000 USB_HC_StartXfer
     /tmp/ccyYvSLN.s:5011   .text.USB_HC_StartXfer:0000019e $d
     /tmp/ccyYvSLN.s:5016   .text.USB_HC_StartXfer:000001a2 $t
     /tmp/ccyYvSLN.s:5082   .text.USB_HC_StartXfer:000001f0 $d
     /tmp/ccyYvSLN.s:5086   .text.USB_HC_StartXfer:000001f4 $t
     /tmp/ccyYvSLN.s:5210   .text.USB_HC_StartXfer:00000294 $d
     /tmp/ccyYvSLN.s:5218   .text.USB_HC_StartXfer:0000029c $t
     /tmp/ccyYvSLN.s:5244   .text.USB_StopHost:00000000 $t
ARM GAS  /tmp/ccyYvSLN.s 			page 166


     /tmp/ccyYvSLN.s:5250   .text.USB_StopHost:00000000 USB_StopHost
     /tmp/ccyYvSLN.s:5414   .text.USB_ActivateRemoteWakeup:00000000 $t
     /tmp/ccyYvSLN.s:5420   .text.USB_ActivateRemoteWakeup:00000000 USB_ActivateRemoteWakeup
     /tmp/ccyYvSLN.s:5455   .text.USB_DeActivateRemoteWakeup:00000000 $t
     /tmp/ccyYvSLN.s:5461   .text.USB_DeActivateRemoteWakeup:00000000 USB_DeActivateRemoteWakeup

UNDEFINED SYMBOLS
HAL_Delay
