ARM GAS  /tmp/cciuNOwn.s 			page 1


   1              		.cpu cortex-m7
   2              		.arch armv7e-m
   3              		.fpu fpv5-sp-d16
   4              		.eabi_attribute 27, 1
   5              		.eabi_attribute 28, 1
   6              		.eabi_attribute 20, 1
   7              		.eabi_attribute 21, 1
   8              		.eabi_attribute 23, 3
   9              		.eabi_attribute 24, 1
  10              		.eabi_attribute 25, 1
  11              		.eabi_attribute 26, 1
  12              		.eabi_attribute 30, 1
  13              		.eabi_attribute 34, 1
  14              		.eabi_attribute 18, 4
  15              		.file	"stm32f7xx_hal_pcd.c"
  16              		.text
  17              	.Ltext0:
  18              		.cfi_sections	.debug_frame
  19              		.file 1 "Drivers/STM32F7xx_HAL_Driver/Src/stm32f7xx_hal_pcd.c"
  20              		.section	.text.PCD_WriteEmptyTxFifo,"ax",%progbits
  21              		.align	1
  22              		.syntax unified
  23              		.thumb
  24              		.thumb_func
  26              	PCD_WriteEmptyTxFifo:
  27              	.LVL0:
  28              	.LFB176:
   1:Drivers/STM32F7xx_HAL_Driver/Src/stm32f7xx_hal_pcd.c **** /**
   2:Drivers/STM32F7xx_HAL_Driver/Src/stm32f7xx_hal_pcd.c ****   ******************************************************************************
   3:Drivers/STM32F7xx_HAL_Driver/Src/stm32f7xx_hal_pcd.c ****   * @file    stm32f7xx_hal_pcd.c
   4:Drivers/STM32F7xx_HAL_Driver/Src/stm32f7xx_hal_pcd.c ****   * @author  MCD Application Team
   5:Drivers/STM32F7xx_HAL_Driver/Src/stm32f7xx_hal_pcd.c ****   * @brief   PCD HAL module driver.
   6:Drivers/STM32F7xx_HAL_Driver/Src/stm32f7xx_hal_pcd.c ****   *          This file provides firmware functions to manage the following
   7:Drivers/STM32F7xx_HAL_Driver/Src/stm32f7xx_hal_pcd.c ****   *          functionalities of the USB Peripheral Controller:
   8:Drivers/STM32F7xx_HAL_Driver/Src/stm32f7xx_hal_pcd.c ****   *           + Initialization and de-initialization functions
   9:Drivers/STM32F7xx_HAL_Driver/Src/stm32f7xx_hal_pcd.c ****   *           + IO operation functions
  10:Drivers/STM32F7xx_HAL_Driver/Src/stm32f7xx_hal_pcd.c ****   *           + Peripheral Control functions
  11:Drivers/STM32F7xx_HAL_Driver/Src/stm32f7xx_hal_pcd.c ****   *           + Peripheral State functions
  12:Drivers/STM32F7xx_HAL_Driver/Src/stm32f7xx_hal_pcd.c ****   *
  13:Drivers/STM32F7xx_HAL_Driver/Src/stm32f7xx_hal_pcd.c ****   ******************************************************************************
  14:Drivers/STM32F7xx_HAL_Driver/Src/stm32f7xx_hal_pcd.c ****   * @attention
  15:Drivers/STM32F7xx_HAL_Driver/Src/stm32f7xx_hal_pcd.c ****   *
  16:Drivers/STM32F7xx_HAL_Driver/Src/stm32f7xx_hal_pcd.c ****   * Copyright (c) 2017 STMicroelectronics.
  17:Drivers/STM32F7xx_HAL_Driver/Src/stm32f7xx_hal_pcd.c ****   * All rights reserved.
  18:Drivers/STM32F7xx_HAL_Driver/Src/stm32f7xx_hal_pcd.c ****   *
  19:Drivers/STM32F7xx_HAL_Driver/Src/stm32f7xx_hal_pcd.c ****   * This software is licensed under terms that can be found in the LICENSE file
  20:Drivers/STM32F7xx_HAL_Driver/Src/stm32f7xx_hal_pcd.c ****   * in the root directory of this software component.
  21:Drivers/STM32F7xx_HAL_Driver/Src/stm32f7xx_hal_pcd.c ****   * If no LICENSE file comes with this software, it is provided AS-IS.
  22:Drivers/STM32F7xx_HAL_Driver/Src/stm32f7xx_hal_pcd.c ****   *
  23:Drivers/STM32F7xx_HAL_Driver/Src/stm32f7xx_hal_pcd.c ****   ******************************************************************************
  24:Drivers/STM32F7xx_HAL_Driver/Src/stm32f7xx_hal_pcd.c ****   @verbatim
  25:Drivers/STM32F7xx_HAL_Driver/Src/stm32f7xx_hal_pcd.c ****   ==============================================================================
  26:Drivers/STM32F7xx_HAL_Driver/Src/stm32f7xx_hal_pcd.c ****                     ##### How to use this driver #####
  27:Drivers/STM32F7xx_HAL_Driver/Src/stm32f7xx_hal_pcd.c ****   ==============================================================================
  28:Drivers/STM32F7xx_HAL_Driver/Src/stm32f7xx_hal_pcd.c ****     [..]
  29:Drivers/STM32F7xx_HAL_Driver/Src/stm32f7xx_hal_pcd.c ****       The PCD HAL driver can be used as follows:
  30:Drivers/STM32F7xx_HAL_Driver/Src/stm32f7xx_hal_pcd.c **** 
ARM GAS  /tmp/cciuNOwn.s 			page 2


  31:Drivers/STM32F7xx_HAL_Driver/Src/stm32f7xx_hal_pcd.c ****      (#) Declare a PCD_HandleTypeDef handle structure, for example:
  32:Drivers/STM32F7xx_HAL_Driver/Src/stm32f7xx_hal_pcd.c ****          PCD_HandleTypeDef  hpcd;
  33:Drivers/STM32F7xx_HAL_Driver/Src/stm32f7xx_hal_pcd.c **** 
  34:Drivers/STM32F7xx_HAL_Driver/Src/stm32f7xx_hal_pcd.c ****      (#) Fill parameters of Init structure in HCD handle
  35:Drivers/STM32F7xx_HAL_Driver/Src/stm32f7xx_hal_pcd.c **** 
  36:Drivers/STM32F7xx_HAL_Driver/Src/stm32f7xx_hal_pcd.c ****      (#) Call HAL_PCD_Init() API to initialize the PCD peripheral (Core, Device core, ...)
  37:Drivers/STM32F7xx_HAL_Driver/Src/stm32f7xx_hal_pcd.c **** 
  38:Drivers/STM32F7xx_HAL_Driver/Src/stm32f7xx_hal_pcd.c ****      (#) Initialize the PCD low level resources through the HAL_PCD_MspInit() API:
  39:Drivers/STM32F7xx_HAL_Driver/Src/stm32f7xx_hal_pcd.c ****          (##) Enable the PCD/USB Low Level interface clock using
  40:Drivers/STM32F7xx_HAL_Driver/Src/stm32f7xx_hal_pcd.c ****               (+++) __HAL_RCC_USB_OTG_FS_CLK_ENABLE();
  41:Drivers/STM32F7xx_HAL_Driver/Src/stm32f7xx_hal_pcd.c ****               (+++) __HAL_RCC_USB_OTG_HS_CLK_ENABLE(); (For High Speed Mode)
  42:Drivers/STM32F7xx_HAL_Driver/Src/stm32f7xx_hal_pcd.c **** 
  43:Drivers/STM32F7xx_HAL_Driver/Src/stm32f7xx_hal_pcd.c ****          (##) Initialize the related GPIO clocks
  44:Drivers/STM32F7xx_HAL_Driver/Src/stm32f7xx_hal_pcd.c ****          (##) Configure PCD pin-out
  45:Drivers/STM32F7xx_HAL_Driver/Src/stm32f7xx_hal_pcd.c ****          (##) Configure PCD NVIC interrupt
  46:Drivers/STM32F7xx_HAL_Driver/Src/stm32f7xx_hal_pcd.c **** 
  47:Drivers/STM32F7xx_HAL_Driver/Src/stm32f7xx_hal_pcd.c ****      (#)Associate the Upper USB device stack to the HAL PCD Driver:
  48:Drivers/STM32F7xx_HAL_Driver/Src/stm32f7xx_hal_pcd.c ****          (##) hpcd.pData = pdev;
  49:Drivers/STM32F7xx_HAL_Driver/Src/stm32f7xx_hal_pcd.c **** 
  50:Drivers/STM32F7xx_HAL_Driver/Src/stm32f7xx_hal_pcd.c ****      (#)Enable PCD transmission and reception:
  51:Drivers/STM32F7xx_HAL_Driver/Src/stm32f7xx_hal_pcd.c ****          (##) HAL_PCD_Start();
  52:Drivers/STM32F7xx_HAL_Driver/Src/stm32f7xx_hal_pcd.c **** 
  53:Drivers/STM32F7xx_HAL_Driver/Src/stm32f7xx_hal_pcd.c ****   @endverbatim
  54:Drivers/STM32F7xx_HAL_Driver/Src/stm32f7xx_hal_pcd.c ****   ******************************************************************************
  55:Drivers/STM32F7xx_HAL_Driver/Src/stm32f7xx_hal_pcd.c ****   */
  56:Drivers/STM32F7xx_HAL_Driver/Src/stm32f7xx_hal_pcd.c **** 
  57:Drivers/STM32F7xx_HAL_Driver/Src/stm32f7xx_hal_pcd.c **** /* Includes ------------------------------------------------------------------*/
  58:Drivers/STM32F7xx_HAL_Driver/Src/stm32f7xx_hal_pcd.c **** #include "stm32f7xx_hal.h"
  59:Drivers/STM32F7xx_HAL_Driver/Src/stm32f7xx_hal_pcd.c **** 
  60:Drivers/STM32F7xx_HAL_Driver/Src/stm32f7xx_hal_pcd.c **** /** @addtogroup STM32F7xx_HAL_Driver
  61:Drivers/STM32F7xx_HAL_Driver/Src/stm32f7xx_hal_pcd.c ****   * @{
  62:Drivers/STM32F7xx_HAL_Driver/Src/stm32f7xx_hal_pcd.c ****   */
  63:Drivers/STM32F7xx_HAL_Driver/Src/stm32f7xx_hal_pcd.c **** 
  64:Drivers/STM32F7xx_HAL_Driver/Src/stm32f7xx_hal_pcd.c **** /** @defgroup PCD PCD
  65:Drivers/STM32F7xx_HAL_Driver/Src/stm32f7xx_hal_pcd.c ****   * @brief PCD HAL module driver
  66:Drivers/STM32F7xx_HAL_Driver/Src/stm32f7xx_hal_pcd.c ****   * @{
  67:Drivers/STM32F7xx_HAL_Driver/Src/stm32f7xx_hal_pcd.c ****   */
  68:Drivers/STM32F7xx_HAL_Driver/Src/stm32f7xx_hal_pcd.c **** 
  69:Drivers/STM32F7xx_HAL_Driver/Src/stm32f7xx_hal_pcd.c **** #ifdef HAL_PCD_MODULE_ENABLED
  70:Drivers/STM32F7xx_HAL_Driver/Src/stm32f7xx_hal_pcd.c **** 
  71:Drivers/STM32F7xx_HAL_Driver/Src/stm32f7xx_hal_pcd.c **** #if defined (USB_OTG_FS) || defined (USB_OTG_HS)
  72:Drivers/STM32F7xx_HAL_Driver/Src/stm32f7xx_hal_pcd.c **** 
  73:Drivers/STM32F7xx_HAL_Driver/Src/stm32f7xx_hal_pcd.c **** /* Private types -------------------------------------------------------------*/
  74:Drivers/STM32F7xx_HAL_Driver/Src/stm32f7xx_hal_pcd.c **** /* Private variables ---------------------------------------------------------*/
  75:Drivers/STM32F7xx_HAL_Driver/Src/stm32f7xx_hal_pcd.c **** /* Private constants ---------------------------------------------------------*/
  76:Drivers/STM32F7xx_HAL_Driver/Src/stm32f7xx_hal_pcd.c **** /* Private macros ------------------------------------------------------------*/
  77:Drivers/STM32F7xx_HAL_Driver/Src/stm32f7xx_hal_pcd.c **** /** @defgroup PCD_Private_Macros PCD Private Macros
  78:Drivers/STM32F7xx_HAL_Driver/Src/stm32f7xx_hal_pcd.c ****   * @{
  79:Drivers/STM32F7xx_HAL_Driver/Src/stm32f7xx_hal_pcd.c ****   */
  80:Drivers/STM32F7xx_HAL_Driver/Src/stm32f7xx_hal_pcd.c **** #define PCD_MIN(a, b)  (((a) < (b)) ? (a) : (b))
  81:Drivers/STM32F7xx_HAL_Driver/Src/stm32f7xx_hal_pcd.c **** #define PCD_MAX(a, b)  (((a) > (b)) ? (a) : (b))
  82:Drivers/STM32F7xx_HAL_Driver/Src/stm32f7xx_hal_pcd.c **** /**
  83:Drivers/STM32F7xx_HAL_Driver/Src/stm32f7xx_hal_pcd.c ****   * @}
  84:Drivers/STM32F7xx_HAL_Driver/Src/stm32f7xx_hal_pcd.c ****   */
  85:Drivers/STM32F7xx_HAL_Driver/Src/stm32f7xx_hal_pcd.c **** 
  86:Drivers/STM32F7xx_HAL_Driver/Src/stm32f7xx_hal_pcd.c **** /* Private functions prototypes ----------------------------------------------*/
  87:Drivers/STM32F7xx_HAL_Driver/Src/stm32f7xx_hal_pcd.c **** /** @defgroup PCD_Private_Functions PCD Private Functions
ARM GAS  /tmp/cciuNOwn.s 			page 3


  88:Drivers/STM32F7xx_HAL_Driver/Src/stm32f7xx_hal_pcd.c ****   * @{
  89:Drivers/STM32F7xx_HAL_Driver/Src/stm32f7xx_hal_pcd.c ****   */
  90:Drivers/STM32F7xx_HAL_Driver/Src/stm32f7xx_hal_pcd.c **** #if defined (USB_OTG_FS) || defined (USB_OTG_HS)
  91:Drivers/STM32F7xx_HAL_Driver/Src/stm32f7xx_hal_pcd.c **** static HAL_StatusTypeDef PCD_WriteEmptyTxFifo(PCD_HandleTypeDef *hpcd, uint32_t epnum);
  92:Drivers/STM32F7xx_HAL_Driver/Src/stm32f7xx_hal_pcd.c **** static HAL_StatusTypeDef PCD_EP_OutXfrComplete_int(PCD_HandleTypeDef *hpcd, uint32_t epnum);
  93:Drivers/STM32F7xx_HAL_Driver/Src/stm32f7xx_hal_pcd.c **** static HAL_StatusTypeDef PCD_EP_OutSetupPacket_int(PCD_HandleTypeDef *hpcd, uint32_t epnum);
  94:Drivers/STM32F7xx_HAL_Driver/Src/stm32f7xx_hal_pcd.c **** #endif /* defined (USB_OTG_FS) || defined (USB_OTG_HS) */
  95:Drivers/STM32F7xx_HAL_Driver/Src/stm32f7xx_hal_pcd.c **** /**
  96:Drivers/STM32F7xx_HAL_Driver/Src/stm32f7xx_hal_pcd.c ****   * @}
  97:Drivers/STM32F7xx_HAL_Driver/Src/stm32f7xx_hal_pcd.c ****   */
  98:Drivers/STM32F7xx_HAL_Driver/Src/stm32f7xx_hal_pcd.c **** 
  99:Drivers/STM32F7xx_HAL_Driver/Src/stm32f7xx_hal_pcd.c **** /* Exported functions --------------------------------------------------------*/
 100:Drivers/STM32F7xx_HAL_Driver/Src/stm32f7xx_hal_pcd.c **** /** @defgroup PCD_Exported_Functions PCD Exported Functions
 101:Drivers/STM32F7xx_HAL_Driver/Src/stm32f7xx_hal_pcd.c ****   * @{
 102:Drivers/STM32F7xx_HAL_Driver/Src/stm32f7xx_hal_pcd.c ****   */
 103:Drivers/STM32F7xx_HAL_Driver/Src/stm32f7xx_hal_pcd.c **** 
 104:Drivers/STM32F7xx_HAL_Driver/Src/stm32f7xx_hal_pcd.c **** /** @defgroup PCD_Exported_Functions_Group1 Initialization and de-initialization functions
 105:Drivers/STM32F7xx_HAL_Driver/Src/stm32f7xx_hal_pcd.c ****   *  @brief    Initialization and Configuration functions
 106:Drivers/STM32F7xx_HAL_Driver/Src/stm32f7xx_hal_pcd.c ****   *
 107:Drivers/STM32F7xx_HAL_Driver/Src/stm32f7xx_hal_pcd.c **** @verbatim
 108:Drivers/STM32F7xx_HAL_Driver/Src/stm32f7xx_hal_pcd.c ****  ===============================================================================
 109:Drivers/STM32F7xx_HAL_Driver/Src/stm32f7xx_hal_pcd.c ****             ##### Initialization and de-initialization functions #####
 110:Drivers/STM32F7xx_HAL_Driver/Src/stm32f7xx_hal_pcd.c ****  ===============================================================================
 111:Drivers/STM32F7xx_HAL_Driver/Src/stm32f7xx_hal_pcd.c ****     [..]  This section provides functions allowing to:
 112:Drivers/STM32F7xx_HAL_Driver/Src/stm32f7xx_hal_pcd.c **** 
 113:Drivers/STM32F7xx_HAL_Driver/Src/stm32f7xx_hal_pcd.c **** @endverbatim
 114:Drivers/STM32F7xx_HAL_Driver/Src/stm32f7xx_hal_pcd.c ****   * @{
 115:Drivers/STM32F7xx_HAL_Driver/Src/stm32f7xx_hal_pcd.c ****   */
 116:Drivers/STM32F7xx_HAL_Driver/Src/stm32f7xx_hal_pcd.c **** 
 117:Drivers/STM32F7xx_HAL_Driver/Src/stm32f7xx_hal_pcd.c **** /**
 118:Drivers/STM32F7xx_HAL_Driver/Src/stm32f7xx_hal_pcd.c ****   * @brief  Initializes the PCD according to the specified
 119:Drivers/STM32F7xx_HAL_Driver/Src/stm32f7xx_hal_pcd.c ****   *         parameters in the PCD_InitTypeDef and initialize the associated handle.
 120:Drivers/STM32F7xx_HAL_Driver/Src/stm32f7xx_hal_pcd.c ****   * @param  hpcd PCD handle
 121:Drivers/STM32F7xx_HAL_Driver/Src/stm32f7xx_hal_pcd.c ****   * @retval HAL status
 122:Drivers/STM32F7xx_HAL_Driver/Src/stm32f7xx_hal_pcd.c ****   */
 123:Drivers/STM32F7xx_HAL_Driver/Src/stm32f7xx_hal_pcd.c **** HAL_StatusTypeDef HAL_PCD_Init(PCD_HandleTypeDef *hpcd)
 124:Drivers/STM32F7xx_HAL_Driver/Src/stm32f7xx_hal_pcd.c **** {
 125:Drivers/STM32F7xx_HAL_Driver/Src/stm32f7xx_hal_pcd.c **** #if defined (USB_OTG_FS)
 126:Drivers/STM32F7xx_HAL_Driver/Src/stm32f7xx_hal_pcd.c ****   const USB_OTG_GlobalTypeDef *USBx;
 127:Drivers/STM32F7xx_HAL_Driver/Src/stm32f7xx_hal_pcd.c **** #endif /* defined (USB_OTG_FS) */
 128:Drivers/STM32F7xx_HAL_Driver/Src/stm32f7xx_hal_pcd.c ****   uint8_t i;
 129:Drivers/STM32F7xx_HAL_Driver/Src/stm32f7xx_hal_pcd.c **** 
 130:Drivers/STM32F7xx_HAL_Driver/Src/stm32f7xx_hal_pcd.c ****   /* Check the PCD handle allocation */
 131:Drivers/STM32F7xx_HAL_Driver/Src/stm32f7xx_hal_pcd.c ****   if (hpcd == NULL)
 132:Drivers/STM32F7xx_HAL_Driver/Src/stm32f7xx_hal_pcd.c ****   {
 133:Drivers/STM32F7xx_HAL_Driver/Src/stm32f7xx_hal_pcd.c ****     return HAL_ERROR;
 134:Drivers/STM32F7xx_HAL_Driver/Src/stm32f7xx_hal_pcd.c ****   }
 135:Drivers/STM32F7xx_HAL_Driver/Src/stm32f7xx_hal_pcd.c **** 
 136:Drivers/STM32F7xx_HAL_Driver/Src/stm32f7xx_hal_pcd.c ****   /* Check the parameters */
 137:Drivers/STM32F7xx_HAL_Driver/Src/stm32f7xx_hal_pcd.c ****   assert_param(IS_PCD_ALL_INSTANCE(hpcd->Instance));
 138:Drivers/STM32F7xx_HAL_Driver/Src/stm32f7xx_hal_pcd.c **** 
 139:Drivers/STM32F7xx_HAL_Driver/Src/stm32f7xx_hal_pcd.c **** #if defined (USB_OTG_FS)
 140:Drivers/STM32F7xx_HAL_Driver/Src/stm32f7xx_hal_pcd.c ****   USBx = hpcd->Instance;
 141:Drivers/STM32F7xx_HAL_Driver/Src/stm32f7xx_hal_pcd.c **** #endif /* defined (USB_OTG_FS) */
 142:Drivers/STM32F7xx_HAL_Driver/Src/stm32f7xx_hal_pcd.c **** 
 143:Drivers/STM32F7xx_HAL_Driver/Src/stm32f7xx_hal_pcd.c ****   if (hpcd->State == HAL_PCD_STATE_RESET)
 144:Drivers/STM32F7xx_HAL_Driver/Src/stm32f7xx_hal_pcd.c ****   {
ARM GAS  /tmp/cciuNOwn.s 			page 4


 145:Drivers/STM32F7xx_HAL_Driver/Src/stm32f7xx_hal_pcd.c ****     /* Allocate lock resource and initialize it */
 146:Drivers/STM32F7xx_HAL_Driver/Src/stm32f7xx_hal_pcd.c ****     hpcd->Lock = HAL_UNLOCKED;
 147:Drivers/STM32F7xx_HAL_Driver/Src/stm32f7xx_hal_pcd.c **** 
 148:Drivers/STM32F7xx_HAL_Driver/Src/stm32f7xx_hal_pcd.c **** #if (USE_HAL_PCD_REGISTER_CALLBACKS == 1U)
 149:Drivers/STM32F7xx_HAL_Driver/Src/stm32f7xx_hal_pcd.c ****     hpcd->SOFCallback = HAL_PCD_SOFCallback;
 150:Drivers/STM32F7xx_HAL_Driver/Src/stm32f7xx_hal_pcd.c ****     hpcd->SetupStageCallback = HAL_PCD_SetupStageCallback;
 151:Drivers/STM32F7xx_HAL_Driver/Src/stm32f7xx_hal_pcd.c ****     hpcd->ResetCallback = HAL_PCD_ResetCallback;
 152:Drivers/STM32F7xx_HAL_Driver/Src/stm32f7xx_hal_pcd.c ****     hpcd->SuspendCallback = HAL_PCD_SuspendCallback;
 153:Drivers/STM32F7xx_HAL_Driver/Src/stm32f7xx_hal_pcd.c ****     hpcd->ResumeCallback = HAL_PCD_ResumeCallback;
 154:Drivers/STM32F7xx_HAL_Driver/Src/stm32f7xx_hal_pcd.c ****     hpcd->ConnectCallback = HAL_PCD_ConnectCallback;
 155:Drivers/STM32F7xx_HAL_Driver/Src/stm32f7xx_hal_pcd.c ****     hpcd->DisconnectCallback = HAL_PCD_DisconnectCallback;
 156:Drivers/STM32F7xx_HAL_Driver/Src/stm32f7xx_hal_pcd.c ****     hpcd->DataOutStageCallback = HAL_PCD_DataOutStageCallback;
 157:Drivers/STM32F7xx_HAL_Driver/Src/stm32f7xx_hal_pcd.c ****     hpcd->DataInStageCallback = HAL_PCD_DataInStageCallback;
 158:Drivers/STM32F7xx_HAL_Driver/Src/stm32f7xx_hal_pcd.c ****     hpcd->ISOOUTIncompleteCallback = HAL_PCD_ISOOUTIncompleteCallback;
 159:Drivers/STM32F7xx_HAL_Driver/Src/stm32f7xx_hal_pcd.c ****     hpcd->ISOINIncompleteCallback = HAL_PCD_ISOINIncompleteCallback;
 160:Drivers/STM32F7xx_HAL_Driver/Src/stm32f7xx_hal_pcd.c **** 
 161:Drivers/STM32F7xx_HAL_Driver/Src/stm32f7xx_hal_pcd.c ****     if (hpcd->MspInitCallback == NULL)
 162:Drivers/STM32F7xx_HAL_Driver/Src/stm32f7xx_hal_pcd.c ****     {
 163:Drivers/STM32F7xx_HAL_Driver/Src/stm32f7xx_hal_pcd.c ****       hpcd->MspInitCallback = HAL_PCD_MspInit;
 164:Drivers/STM32F7xx_HAL_Driver/Src/stm32f7xx_hal_pcd.c ****     }
 165:Drivers/STM32F7xx_HAL_Driver/Src/stm32f7xx_hal_pcd.c **** 
 166:Drivers/STM32F7xx_HAL_Driver/Src/stm32f7xx_hal_pcd.c ****     /* Init the low level hardware */
 167:Drivers/STM32F7xx_HAL_Driver/Src/stm32f7xx_hal_pcd.c ****     hpcd->MspInitCallback(hpcd);
 168:Drivers/STM32F7xx_HAL_Driver/Src/stm32f7xx_hal_pcd.c **** #else
 169:Drivers/STM32F7xx_HAL_Driver/Src/stm32f7xx_hal_pcd.c ****     /* Init the low level hardware : GPIO, CLOCK, NVIC... */
 170:Drivers/STM32F7xx_HAL_Driver/Src/stm32f7xx_hal_pcd.c ****     HAL_PCD_MspInit(hpcd);
 171:Drivers/STM32F7xx_HAL_Driver/Src/stm32f7xx_hal_pcd.c **** #endif /* (USE_HAL_PCD_REGISTER_CALLBACKS) */
 172:Drivers/STM32F7xx_HAL_Driver/Src/stm32f7xx_hal_pcd.c ****   }
 173:Drivers/STM32F7xx_HAL_Driver/Src/stm32f7xx_hal_pcd.c **** 
 174:Drivers/STM32F7xx_HAL_Driver/Src/stm32f7xx_hal_pcd.c ****   hpcd->State = HAL_PCD_STATE_BUSY;
 175:Drivers/STM32F7xx_HAL_Driver/Src/stm32f7xx_hal_pcd.c **** 
 176:Drivers/STM32F7xx_HAL_Driver/Src/stm32f7xx_hal_pcd.c **** #if defined (USB_OTG_FS)
 177:Drivers/STM32F7xx_HAL_Driver/Src/stm32f7xx_hal_pcd.c ****   /* Disable DMA mode for FS instance */
 178:Drivers/STM32F7xx_HAL_Driver/Src/stm32f7xx_hal_pcd.c ****   if (USBx == USB_OTG_FS)
 179:Drivers/STM32F7xx_HAL_Driver/Src/stm32f7xx_hal_pcd.c ****   {
 180:Drivers/STM32F7xx_HAL_Driver/Src/stm32f7xx_hal_pcd.c ****     hpcd->Init.dma_enable = 0U;
 181:Drivers/STM32F7xx_HAL_Driver/Src/stm32f7xx_hal_pcd.c ****   }
 182:Drivers/STM32F7xx_HAL_Driver/Src/stm32f7xx_hal_pcd.c **** #endif /* defined (USB_OTG_FS) */
 183:Drivers/STM32F7xx_HAL_Driver/Src/stm32f7xx_hal_pcd.c **** 
 184:Drivers/STM32F7xx_HAL_Driver/Src/stm32f7xx_hal_pcd.c ****   /* Disable the Interrupts */
 185:Drivers/STM32F7xx_HAL_Driver/Src/stm32f7xx_hal_pcd.c ****   __HAL_PCD_DISABLE(hpcd);
 186:Drivers/STM32F7xx_HAL_Driver/Src/stm32f7xx_hal_pcd.c **** 
 187:Drivers/STM32F7xx_HAL_Driver/Src/stm32f7xx_hal_pcd.c ****   /*Init the Core (common init.) */
 188:Drivers/STM32F7xx_HAL_Driver/Src/stm32f7xx_hal_pcd.c ****   if (USB_CoreInit(hpcd->Instance, hpcd->Init) != HAL_OK)
 189:Drivers/STM32F7xx_HAL_Driver/Src/stm32f7xx_hal_pcd.c ****   {
 190:Drivers/STM32F7xx_HAL_Driver/Src/stm32f7xx_hal_pcd.c ****     hpcd->State = HAL_PCD_STATE_ERROR;
 191:Drivers/STM32F7xx_HAL_Driver/Src/stm32f7xx_hal_pcd.c ****     return HAL_ERROR;
 192:Drivers/STM32F7xx_HAL_Driver/Src/stm32f7xx_hal_pcd.c ****   }
 193:Drivers/STM32F7xx_HAL_Driver/Src/stm32f7xx_hal_pcd.c **** 
 194:Drivers/STM32F7xx_HAL_Driver/Src/stm32f7xx_hal_pcd.c ****   /* Force Device Mode */
 195:Drivers/STM32F7xx_HAL_Driver/Src/stm32f7xx_hal_pcd.c ****   if (USB_SetCurrentMode(hpcd->Instance, USB_DEVICE_MODE) != HAL_OK)
 196:Drivers/STM32F7xx_HAL_Driver/Src/stm32f7xx_hal_pcd.c ****   {
 197:Drivers/STM32F7xx_HAL_Driver/Src/stm32f7xx_hal_pcd.c ****     hpcd->State = HAL_PCD_STATE_ERROR;
 198:Drivers/STM32F7xx_HAL_Driver/Src/stm32f7xx_hal_pcd.c ****     return HAL_ERROR;
 199:Drivers/STM32F7xx_HAL_Driver/Src/stm32f7xx_hal_pcd.c ****   }
 200:Drivers/STM32F7xx_HAL_Driver/Src/stm32f7xx_hal_pcd.c **** 
 201:Drivers/STM32F7xx_HAL_Driver/Src/stm32f7xx_hal_pcd.c ****   /* Init endpoints structures */
ARM GAS  /tmp/cciuNOwn.s 			page 5


 202:Drivers/STM32F7xx_HAL_Driver/Src/stm32f7xx_hal_pcd.c ****   for (i = 0U; i < hpcd->Init.dev_endpoints; i++)
 203:Drivers/STM32F7xx_HAL_Driver/Src/stm32f7xx_hal_pcd.c ****   {
 204:Drivers/STM32F7xx_HAL_Driver/Src/stm32f7xx_hal_pcd.c ****     /* Init ep structure */
 205:Drivers/STM32F7xx_HAL_Driver/Src/stm32f7xx_hal_pcd.c ****     hpcd->IN_ep[i].is_in = 1U;
 206:Drivers/STM32F7xx_HAL_Driver/Src/stm32f7xx_hal_pcd.c ****     hpcd->IN_ep[i].num = i;
 207:Drivers/STM32F7xx_HAL_Driver/Src/stm32f7xx_hal_pcd.c ****     hpcd->IN_ep[i].tx_fifo_num = i;
 208:Drivers/STM32F7xx_HAL_Driver/Src/stm32f7xx_hal_pcd.c ****     /* Control until ep is activated */
 209:Drivers/STM32F7xx_HAL_Driver/Src/stm32f7xx_hal_pcd.c ****     hpcd->IN_ep[i].type = EP_TYPE_CTRL;
 210:Drivers/STM32F7xx_HAL_Driver/Src/stm32f7xx_hal_pcd.c ****     hpcd->IN_ep[i].maxpacket = 0U;
 211:Drivers/STM32F7xx_HAL_Driver/Src/stm32f7xx_hal_pcd.c ****     hpcd->IN_ep[i].xfer_buff = 0U;
 212:Drivers/STM32F7xx_HAL_Driver/Src/stm32f7xx_hal_pcd.c ****     hpcd->IN_ep[i].xfer_len = 0U;
 213:Drivers/STM32F7xx_HAL_Driver/Src/stm32f7xx_hal_pcd.c ****   }
 214:Drivers/STM32F7xx_HAL_Driver/Src/stm32f7xx_hal_pcd.c **** 
 215:Drivers/STM32F7xx_HAL_Driver/Src/stm32f7xx_hal_pcd.c ****   for (i = 0U; i < hpcd->Init.dev_endpoints; i++)
 216:Drivers/STM32F7xx_HAL_Driver/Src/stm32f7xx_hal_pcd.c ****   {
 217:Drivers/STM32F7xx_HAL_Driver/Src/stm32f7xx_hal_pcd.c ****     hpcd->OUT_ep[i].is_in = 0U;
 218:Drivers/STM32F7xx_HAL_Driver/Src/stm32f7xx_hal_pcd.c ****     hpcd->OUT_ep[i].num = i;
 219:Drivers/STM32F7xx_HAL_Driver/Src/stm32f7xx_hal_pcd.c ****     /* Control until ep is activated */
 220:Drivers/STM32F7xx_HAL_Driver/Src/stm32f7xx_hal_pcd.c ****     hpcd->OUT_ep[i].type = EP_TYPE_CTRL;
 221:Drivers/STM32F7xx_HAL_Driver/Src/stm32f7xx_hal_pcd.c ****     hpcd->OUT_ep[i].maxpacket = 0U;
 222:Drivers/STM32F7xx_HAL_Driver/Src/stm32f7xx_hal_pcd.c ****     hpcd->OUT_ep[i].xfer_buff = 0U;
 223:Drivers/STM32F7xx_HAL_Driver/Src/stm32f7xx_hal_pcd.c ****     hpcd->OUT_ep[i].xfer_len = 0U;
 224:Drivers/STM32F7xx_HAL_Driver/Src/stm32f7xx_hal_pcd.c ****   }
 225:Drivers/STM32F7xx_HAL_Driver/Src/stm32f7xx_hal_pcd.c **** 
 226:Drivers/STM32F7xx_HAL_Driver/Src/stm32f7xx_hal_pcd.c ****   /* Init Device */
 227:Drivers/STM32F7xx_HAL_Driver/Src/stm32f7xx_hal_pcd.c ****   if (USB_DevInit(hpcd->Instance, hpcd->Init) != HAL_OK)
 228:Drivers/STM32F7xx_HAL_Driver/Src/stm32f7xx_hal_pcd.c ****   {
 229:Drivers/STM32F7xx_HAL_Driver/Src/stm32f7xx_hal_pcd.c ****     hpcd->State = HAL_PCD_STATE_ERROR;
 230:Drivers/STM32F7xx_HAL_Driver/Src/stm32f7xx_hal_pcd.c ****     return HAL_ERROR;
 231:Drivers/STM32F7xx_HAL_Driver/Src/stm32f7xx_hal_pcd.c ****   }
 232:Drivers/STM32F7xx_HAL_Driver/Src/stm32f7xx_hal_pcd.c **** 
 233:Drivers/STM32F7xx_HAL_Driver/Src/stm32f7xx_hal_pcd.c ****   hpcd->USB_Address = 0U;
 234:Drivers/STM32F7xx_HAL_Driver/Src/stm32f7xx_hal_pcd.c ****   hpcd->State = HAL_PCD_STATE_READY;
 235:Drivers/STM32F7xx_HAL_Driver/Src/stm32f7xx_hal_pcd.c **** 
 236:Drivers/STM32F7xx_HAL_Driver/Src/stm32f7xx_hal_pcd.c ****   /* Activate LPM */
 237:Drivers/STM32F7xx_HAL_Driver/Src/stm32f7xx_hal_pcd.c ****   if (hpcd->Init.lpm_enable == 1U)
 238:Drivers/STM32F7xx_HAL_Driver/Src/stm32f7xx_hal_pcd.c ****   {
 239:Drivers/STM32F7xx_HAL_Driver/Src/stm32f7xx_hal_pcd.c ****     (void)HAL_PCDEx_ActivateLPM(hpcd);
 240:Drivers/STM32F7xx_HAL_Driver/Src/stm32f7xx_hal_pcd.c ****   }
 241:Drivers/STM32F7xx_HAL_Driver/Src/stm32f7xx_hal_pcd.c **** 
 242:Drivers/STM32F7xx_HAL_Driver/Src/stm32f7xx_hal_pcd.c ****   (void)USB_DevDisconnect(hpcd->Instance);
 243:Drivers/STM32F7xx_HAL_Driver/Src/stm32f7xx_hal_pcd.c **** 
 244:Drivers/STM32F7xx_HAL_Driver/Src/stm32f7xx_hal_pcd.c ****   return HAL_OK;
 245:Drivers/STM32F7xx_HAL_Driver/Src/stm32f7xx_hal_pcd.c **** }
 246:Drivers/STM32F7xx_HAL_Driver/Src/stm32f7xx_hal_pcd.c **** 
 247:Drivers/STM32F7xx_HAL_Driver/Src/stm32f7xx_hal_pcd.c **** /**
 248:Drivers/STM32F7xx_HAL_Driver/Src/stm32f7xx_hal_pcd.c ****   * @brief  DeInitializes the PCD peripheral.
 249:Drivers/STM32F7xx_HAL_Driver/Src/stm32f7xx_hal_pcd.c ****   * @param  hpcd PCD handle
 250:Drivers/STM32F7xx_HAL_Driver/Src/stm32f7xx_hal_pcd.c ****   * @retval HAL status
 251:Drivers/STM32F7xx_HAL_Driver/Src/stm32f7xx_hal_pcd.c ****   */
 252:Drivers/STM32F7xx_HAL_Driver/Src/stm32f7xx_hal_pcd.c **** HAL_StatusTypeDef HAL_PCD_DeInit(PCD_HandleTypeDef *hpcd)
 253:Drivers/STM32F7xx_HAL_Driver/Src/stm32f7xx_hal_pcd.c **** {
 254:Drivers/STM32F7xx_HAL_Driver/Src/stm32f7xx_hal_pcd.c ****   /* Check the PCD handle allocation */
 255:Drivers/STM32F7xx_HAL_Driver/Src/stm32f7xx_hal_pcd.c ****   if (hpcd == NULL)
 256:Drivers/STM32F7xx_HAL_Driver/Src/stm32f7xx_hal_pcd.c ****   {
 257:Drivers/STM32F7xx_HAL_Driver/Src/stm32f7xx_hal_pcd.c ****     return HAL_ERROR;
 258:Drivers/STM32F7xx_HAL_Driver/Src/stm32f7xx_hal_pcd.c ****   }
ARM GAS  /tmp/cciuNOwn.s 			page 6


 259:Drivers/STM32F7xx_HAL_Driver/Src/stm32f7xx_hal_pcd.c **** 
 260:Drivers/STM32F7xx_HAL_Driver/Src/stm32f7xx_hal_pcd.c ****   hpcd->State = HAL_PCD_STATE_BUSY;
 261:Drivers/STM32F7xx_HAL_Driver/Src/stm32f7xx_hal_pcd.c **** 
 262:Drivers/STM32F7xx_HAL_Driver/Src/stm32f7xx_hal_pcd.c ****   /* Stop Device */
 263:Drivers/STM32F7xx_HAL_Driver/Src/stm32f7xx_hal_pcd.c ****   if (USB_StopDevice(hpcd->Instance) != HAL_OK)
 264:Drivers/STM32F7xx_HAL_Driver/Src/stm32f7xx_hal_pcd.c ****   {
 265:Drivers/STM32F7xx_HAL_Driver/Src/stm32f7xx_hal_pcd.c ****     return HAL_ERROR;
 266:Drivers/STM32F7xx_HAL_Driver/Src/stm32f7xx_hal_pcd.c ****   }
 267:Drivers/STM32F7xx_HAL_Driver/Src/stm32f7xx_hal_pcd.c **** 
 268:Drivers/STM32F7xx_HAL_Driver/Src/stm32f7xx_hal_pcd.c **** #if (USE_HAL_PCD_REGISTER_CALLBACKS == 1U)
 269:Drivers/STM32F7xx_HAL_Driver/Src/stm32f7xx_hal_pcd.c ****   if (hpcd->MspDeInitCallback == NULL)
 270:Drivers/STM32F7xx_HAL_Driver/Src/stm32f7xx_hal_pcd.c ****   {
 271:Drivers/STM32F7xx_HAL_Driver/Src/stm32f7xx_hal_pcd.c ****     hpcd->MspDeInitCallback = HAL_PCD_MspDeInit; /* Legacy weak MspDeInit  */
 272:Drivers/STM32F7xx_HAL_Driver/Src/stm32f7xx_hal_pcd.c ****   }
 273:Drivers/STM32F7xx_HAL_Driver/Src/stm32f7xx_hal_pcd.c **** 
 274:Drivers/STM32F7xx_HAL_Driver/Src/stm32f7xx_hal_pcd.c ****   /* DeInit the low level hardware */
 275:Drivers/STM32F7xx_HAL_Driver/Src/stm32f7xx_hal_pcd.c ****   hpcd->MspDeInitCallback(hpcd);
 276:Drivers/STM32F7xx_HAL_Driver/Src/stm32f7xx_hal_pcd.c **** #else
 277:Drivers/STM32F7xx_HAL_Driver/Src/stm32f7xx_hal_pcd.c ****   /* DeInit the low level hardware: CLOCK, NVIC.*/
 278:Drivers/STM32F7xx_HAL_Driver/Src/stm32f7xx_hal_pcd.c ****   HAL_PCD_MspDeInit(hpcd);
 279:Drivers/STM32F7xx_HAL_Driver/Src/stm32f7xx_hal_pcd.c **** #endif /* USE_HAL_PCD_REGISTER_CALLBACKS */
 280:Drivers/STM32F7xx_HAL_Driver/Src/stm32f7xx_hal_pcd.c **** 
 281:Drivers/STM32F7xx_HAL_Driver/Src/stm32f7xx_hal_pcd.c ****   hpcd->State = HAL_PCD_STATE_RESET;
 282:Drivers/STM32F7xx_HAL_Driver/Src/stm32f7xx_hal_pcd.c **** 
 283:Drivers/STM32F7xx_HAL_Driver/Src/stm32f7xx_hal_pcd.c ****   return HAL_OK;
 284:Drivers/STM32F7xx_HAL_Driver/Src/stm32f7xx_hal_pcd.c **** }
 285:Drivers/STM32F7xx_HAL_Driver/Src/stm32f7xx_hal_pcd.c **** 
 286:Drivers/STM32F7xx_HAL_Driver/Src/stm32f7xx_hal_pcd.c **** /**
 287:Drivers/STM32F7xx_HAL_Driver/Src/stm32f7xx_hal_pcd.c ****   * @brief  Initializes the PCD MSP.
 288:Drivers/STM32F7xx_HAL_Driver/Src/stm32f7xx_hal_pcd.c ****   * @param  hpcd PCD handle
 289:Drivers/STM32F7xx_HAL_Driver/Src/stm32f7xx_hal_pcd.c ****   * @retval None
 290:Drivers/STM32F7xx_HAL_Driver/Src/stm32f7xx_hal_pcd.c ****   */
 291:Drivers/STM32F7xx_HAL_Driver/Src/stm32f7xx_hal_pcd.c **** __weak void HAL_PCD_MspInit(PCD_HandleTypeDef *hpcd)
 292:Drivers/STM32F7xx_HAL_Driver/Src/stm32f7xx_hal_pcd.c **** {
 293:Drivers/STM32F7xx_HAL_Driver/Src/stm32f7xx_hal_pcd.c ****   /* Prevent unused argument(s) compilation warning */
 294:Drivers/STM32F7xx_HAL_Driver/Src/stm32f7xx_hal_pcd.c ****   UNUSED(hpcd);
 295:Drivers/STM32F7xx_HAL_Driver/Src/stm32f7xx_hal_pcd.c **** 
 296:Drivers/STM32F7xx_HAL_Driver/Src/stm32f7xx_hal_pcd.c ****   /* NOTE : This function should not be modified, when the callback is needed,
 297:Drivers/STM32F7xx_HAL_Driver/Src/stm32f7xx_hal_pcd.c ****             the HAL_PCD_MspInit could be implemented in the user file
 298:Drivers/STM32F7xx_HAL_Driver/Src/stm32f7xx_hal_pcd.c ****    */
 299:Drivers/STM32F7xx_HAL_Driver/Src/stm32f7xx_hal_pcd.c **** }
 300:Drivers/STM32F7xx_HAL_Driver/Src/stm32f7xx_hal_pcd.c **** 
 301:Drivers/STM32F7xx_HAL_Driver/Src/stm32f7xx_hal_pcd.c **** /**
 302:Drivers/STM32F7xx_HAL_Driver/Src/stm32f7xx_hal_pcd.c ****   * @brief  DeInitializes PCD MSP.
 303:Drivers/STM32F7xx_HAL_Driver/Src/stm32f7xx_hal_pcd.c ****   * @param  hpcd PCD handle
 304:Drivers/STM32F7xx_HAL_Driver/Src/stm32f7xx_hal_pcd.c ****   * @retval None
 305:Drivers/STM32F7xx_HAL_Driver/Src/stm32f7xx_hal_pcd.c ****   */
 306:Drivers/STM32F7xx_HAL_Driver/Src/stm32f7xx_hal_pcd.c **** __weak void HAL_PCD_MspDeInit(PCD_HandleTypeDef *hpcd)
 307:Drivers/STM32F7xx_HAL_Driver/Src/stm32f7xx_hal_pcd.c **** {
 308:Drivers/STM32F7xx_HAL_Driver/Src/stm32f7xx_hal_pcd.c ****   /* Prevent unused argument(s) compilation warning */
 309:Drivers/STM32F7xx_HAL_Driver/Src/stm32f7xx_hal_pcd.c ****   UNUSED(hpcd);
 310:Drivers/STM32F7xx_HAL_Driver/Src/stm32f7xx_hal_pcd.c **** 
 311:Drivers/STM32F7xx_HAL_Driver/Src/stm32f7xx_hal_pcd.c ****   /* NOTE : This function should not be modified, when the callback is needed,
 312:Drivers/STM32F7xx_HAL_Driver/Src/stm32f7xx_hal_pcd.c ****             the HAL_PCD_MspDeInit could be implemented in the user file
 313:Drivers/STM32F7xx_HAL_Driver/Src/stm32f7xx_hal_pcd.c ****    */
 314:Drivers/STM32F7xx_HAL_Driver/Src/stm32f7xx_hal_pcd.c **** }
 315:Drivers/STM32F7xx_HAL_Driver/Src/stm32f7xx_hal_pcd.c **** 
ARM GAS  /tmp/cciuNOwn.s 			page 7


 316:Drivers/STM32F7xx_HAL_Driver/Src/stm32f7xx_hal_pcd.c **** #if (USE_HAL_PCD_REGISTER_CALLBACKS == 1U)
 317:Drivers/STM32F7xx_HAL_Driver/Src/stm32f7xx_hal_pcd.c **** /**
 318:Drivers/STM32F7xx_HAL_Driver/Src/stm32f7xx_hal_pcd.c ****   * @brief  Register a User USB PCD Callback
 319:Drivers/STM32F7xx_HAL_Driver/Src/stm32f7xx_hal_pcd.c ****   *         To be used instead of the weak predefined callback
 320:Drivers/STM32F7xx_HAL_Driver/Src/stm32f7xx_hal_pcd.c ****   * @param  hpcd USB PCD handle
 321:Drivers/STM32F7xx_HAL_Driver/Src/stm32f7xx_hal_pcd.c ****   * @param  CallbackID ID of the callback to be registered
 322:Drivers/STM32F7xx_HAL_Driver/Src/stm32f7xx_hal_pcd.c ****   *         This parameter can be one of the following values:
 323:Drivers/STM32F7xx_HAL_Driver/Src/stm32f7xx_hal_pcd.c ****   *          @arg @ref HAL_PCD_SOF_CB_ID USB PCD SOF callback ID
 324:Drivers/STM32F7xx_HAL_Driver/Src/stm32f7xx_hal_pcd.c ****   *          @arg @ref HAL_PCD_SETUPSTAGE_CB_ID USB PCD Setup callback ID
 325:Drivers/STM32F7xx_HAL_Driver/Src/stm32f7xx_hal_pcd.c ****   *          @arg @ref HAL_PCD_RESET_CB_ID USB PCD Reset callback ID
 326:Drivers/STM32F7xx_HAL_Driver/Src/stm32f7xx_hal_pcd.c ****   *          @arg @ref HAL_PCD_SUSPEND_CB_ID USB PCD Suspend callback ID
 327:Drivers/STM32F7xx_HAL_Driver/Src/stm32f7xx_hal_pcd.c ****   *          @arg @ref HAL_PCD_RESUME_CB_ID USB PCD Resume callback ID
 328:Drivers/STM32F7xx_HAL_Driver/Src/stm32f7xx_hal_pcd.c ****   *          @arg @ref HAL_PCD_CONNECT_CB_ID USB PCD Connect callback ID
 329:Drivers/STM32F7xx_HAL_Driver/Src/stm32f7xx_hal_pcd.c ****   *          @arg @ref HAL_PCD_DISCONNECT_CB_ID USB PCD Disconnect callback ID
 330:Drivers/STM32F7xx_HAL_Driver/Src/stm32f7xx_hal_pcd.c ****   *          @arg @ref HAL_PCD_MSPINIT_CB_ID MspDeInit callback ID
 331:Drivers/STM32F7xx_HAL_Driver/Src/stm32f7xx_hal_pcd.c ****   *          @arg @ref HAL_PCD_MSPDEINIT_CB_ID MspDeInit callback ID
 332:Drivers/STM32F7xx_HAL_Driver/Src/stm32f7xx_hal_pcd.c ****   * @param  pCallback pointer to the Callback function
 333:Drivers/STM32F7xx_HAL_Driver/Src/stm32f7xx_hal_pcd.c ****   * @retval HAL status
 334:Drivers/STM32F7xx_HAL_Driver/Src/stm32f7xx_hal_pcd.c ****   */
 335:Drivers/STM32F7xx_HAL_Driver/Src/stm32f7xx_hal_pcd.c **** HAL_StatusTypeDef HAL_PCD_RegisterCallback(PCD_HandleTypeDef *hpcd,
 336:Drivers/STM32F7xx_HAL_Driver/Src/stm32f7xx_hal_pcd.c ****                                            HAL_PCD_CallbackIDTypeDef CallbackID,
 337:Drivers/STM32F7xx_HAL_Driver/Src/stm32f7xx_hal_pcd.c ****                                            pPCD_CallbackTypeDef pCallback)
 338:Drivers/STM32F7xx_HAL_Driver/Src/stm32f7xx_hal_pcd.c **** {
 339:Drivers/STM32F7xx_HAL_Driver/Src/stm32f7xx_hal_pcd.c ****   HAL_StatusTypeDef status = HAL_OK;
 340:Drivers/STM32F7xx_HAL_Driver/Src/stm32f7xx_hal_pcd.c **** 
 341:Drivers/STM32F7xx_HAL_Driver/Src/stm32f7xx_hal_pcd.c ****   if (pCallback == NULL)
 342:Drivers/STM32F7xx_HAL_Driver/Src/stm32f7xx_hal_pcd.c ****   {
 343:Drivers/STM32F7xx_HAL_Driver/Src/stm32f7xx_hal_pcd.c ****     /* Update the error code */
 344:Drivers/STM32F7xx_HAL_Driver/Src/stm32f7xx_hal_pcd.c ****     hpcd->ErrorCode |= HAL_PCD_ERROR_INVALID_CALLBACK;
 345:Drivers/STM32F7xx_HAL_Driver/Src/stm32f7xx_hal_pcd.c ****     return HAL_ERROR;
 346:Drivers/STM32F7xx_HAL_Driver/Src/stm32f7xx_hal_pcd.c ****   }
 347:Drivers/STM32F7xx_HAL_Driver/Src/stm32f7xx_hal_pcd.c ****   /* Process locked */
 348:Drivers/STM32F7xx_HAL_Driver/Src/stm32f7xx_hal_pcd.c ****   __HAL_LOCK(hpcd);
 349:Drivers/STM32F7xx_HAL_Driver/Src/stm32f7xx_hal_pcd.c **** 
 350:Drivers/STM32F7xx_HAL_Driver/Src/stm32f7xx_hal_pcd.c ****   if (hpcd->State == HAL_PCD_STATE_READY)
 351:Drivers/STM32F7xx_HAL_Driver/Src/stm32f7xx_hal_pcd.c ****   {
 352:Drivers/STM32F7xx_HAL_Driver/Src/stm32f7xx_hal_pcd.c ****     switch (CallbackID)
 353:Drivers/STM32F7xx_HAL_Driver/Src/stm32f7xx_hal_pcd.c ****     {
 354:Drivers/STM32F7xx_HAL_Driver/Src/stm32f7xx_hal_pcd.c ****       case HAL_PCD_SOF_CB_ID :
 355:Drivers/STM32F7xx_HAL_Driver/Src/stm32f7xx_hal_pcd.c ****         hpcd->SOFCallback = pCallback;
 356:Drivers/STM32F7xx_HAL_Driver/Src/stm32f7xx_hal_pcd.c ****         break;
 357:Drivers/STM32F7xx_HAL_Driver/Src/stm32f7xx_hal_pcd.c **** 
 358:Drivers/STM32F7xx_HAL_Driver/Src/stm32f7xx_hal_pcd.c ****       case HAL_PCD_SETUPSTAGE_CB_ID :
 359:Drivers/STM32F7xx_HAL_Driver/Src/stm32f7xx_hal_pcd.c ****         hpcd->SetupStageCallback = pCallback;
 360:Drivers/STM32F7xx_HAL_Driver/Src/stm32f7xx_hal_pcd.c ****         break;
 361:Drivers/STM32F7xx_HAL_Driver/Src/stm32f7xx_hal_pcd.c **** 
 362:Drivers/STM32F7xx_HAL_Driver/Src/stm32f7xx_hal_pcd.c ****       case HAL_PCD_RESET_CB_ID :
 363:Drivers/STM32F7xx_HAL_Driver/Src/stm32f7xx_hal_pcd.c ****         hpcd->ResetCallback = pCallback;
 364:Drivers/STM32F7xx_HAL_Driver/Src/stm32f7xx_hal_pcd.c ****         break;
 365:Drivers/STM32F7xx_HAL_Driver/Src/stm32f7xx_hal_pcd.c **** 
 366:Drivers/STM32F7xx_HAL_Driver/Src/stm32f7xx_hal_pcd.c ****       case HAL_PCD_SUSPEND_CB_ID :
 367:Drivers/STM32F7xx_HAL_Driver/Src/stm32f7xx_hal_pcd.c ****         hpcd->SuspendCallback = pCallback;
 368:Drivers/STM32F7xx_HAL_Driver/Src/stm32f7xx_hal_pcd.c ****         break;
 369:Drivers/STM32F7xx_HAL_Driver/Src/stm32f7xx_hal_pcd.c **** 
 370:Drivers/STM32F7xx_HAL_Driver/Src/stm32f7xx_hal_pcd.c ****       case HAL_PCD_RESUME_CB_ID :
 371:Drivers/STM32F7xx_HAL_Driver/Src/stm32f7xx_hal_pcd.c ****         hpcd->ResumeCallback = pCallback;
 372:Drivers/STM32F7xx_HAL_Driver/Src/stm32f7xx_hal_pcd.c ****         break;
ARM GAS  /tmp/cciuNOwn.s 			page 8


 373:Drivers/STM32F7xx_HAL_Driver/Src/stm32f7xx_hal_pcd.c **** 
 374:Drivers/STM32F7xx_HAL_Driver/Src/stm32f7xx_hal_pcd.c ****       case HAL_PCD_CONNECT_CB_ID :
 375:Drivers/STM32F7xx_HAL_Driver/Src/stm32f7xx_hal_pcd.c ****         hpcd->ConnectCallback = pCallback;
 376:Drivers/STM32F7xx_HAL_Driver/Src/stm32f7xx_hal_pcd.c ****         break;
 377:Drivers/STM32F7xx_HAL_Driver/Src/stm32f7xx_hal_pcd.c **** 
 378:Drivers/STM32F7xx_HAL_Driver/Src/stm32f7xx_hal_pcd.c ****       case HAL_PCD_DISCONNECT_CB_ID :
 379:Drivers/STM32F7xx_HAL_Driver/Src/stm32f7xx_hal_pcd.c ****         hpcd->DisconnectCallback = pCallback;
 380:Drivers/STM32F7xx_HAL_Driver/Src/stm32f7xx_hal_pcd.c ****         break;
 381:Drivers/STM32F7xx_HAL_Driver/Src/stm32f7xx_hal_pcd.c **** 
 382:Drivers/STM32F7xx_HAL_Driver/Src/stm32f7xx_hal_pcd.c ****       case HAL_PCD_MSPINIT_CB_ID :
 383:Drivers/STM32F7xx_HAL_Driver/Src/stm32f7xx_hal_pcd.c ****         hpcd->MspInitCallback = pCallback;
 384:Drivers/STM32F7xx_HAL_Driver/Src/stm32f7xx_hal_pcd.c ****         break;
 385:Drivers/STM32F7xx_HAL_Driver/Src/stm32f7xx_hal_pcd.c **** 
 386:Drivers/STM32F7xx_HAL_Driver/Src/stm32f7xx_hal_pcd.c ****       case HAL_PCD_MSPDEINIT_CB_ID :
 387:Drivers/STM32F7xx_HAL_Driver/Src/stm32f7xx_hal_pcd.c ****         hpcd->MspDeInitCallback = pCallback;
 388:Drivers/STM32F7xx_HAL_Driver/Src/stm32f7xx_hal_pcd.c ****         break;
 389:Drivers/STM32F7xx_HAL_Driver/Src/stm32f7xx_hal_pcd.c **** 
 390:Drivers/STM32F7xx_HAL_Driver/Src/stm32f7xx_hal_pcd.c ****       default :
 391:Drivers/STM32F7xx_HAL_Driver/Src/stm32f7xx_hal_pcd.c ****         /* Update the error code */
 392:Drivers/STM32F7xx_HAL_Driver/Src/stm32f7xx_hal_pcd.c ****         hpcd->ErrorCode |= HAL_PCD_ERROR_INVALID_CALLBACK;
 393:Drivers/STM32F7xx_HAL_Driver/Src/stm32f7xx_hal_pcd.c ****         /* Return error status */
 394:Drivers/STM32F7xx_HAL_Driver/Src/stm32f7xx_hal_pcd.c ****         status =  HAL_ERROR;
 395:Drivers/STM32F7xx_HAL_Driver/Src/stm32f7xx_hal_pcd.c ****         break;
 396:Drivers/STM32F7xx_HAL_Driver/Src/stm32f7xx_hal_pcd.c ****     }
 397:Drivers/STM32F7xx_HAL_Driver/Src/stm32f7xx_hal_pcd.c ****   }
 398:Drivers/STM32F7xx_HAL_Driver/Src/stm32f7xx_hal_pcd.c ****   else if (hpcd->State == HAL_PCD_STATE_RESET)
 399:Drivers/STM32F7xx_HAL_Driver/Src/stm32f7xx_hal_pcd.c ****   {
 400:Drivers/STM32F7xx_HAL_Driver/Src/stm32f7xx_hal_pcd.c ****     switch (CallbackID)
 401:Drivers/STM32F7xx_HAL_Driver/Src/stm32f7xx_hal_pcd.c ****     {
 402:Drivers/STM32F7xx_HAL_Driver/Src/stm32f7xx_hal_pcd.c ****       case HAL_PCD_MSPINIT_CB_ID :
 403:Drivers/STM32F7xx_HAL_Driver/Src/stm32f7xx_hal_pcd.c ****         hpcd->MspInitCallback = pCallback;
 404:Drivers/STM32F7xx_HAL_Driver/Src/stm32f7xx_hal_pcd.c ****         break;
 405:Drivers/STM32F7xx_HAL_Driver/Src/stm32f7xx_hal_pcd.c **** 
 406:Drivers/STM32F7xx_HAL_Driver/Src/stm32f7xx_hal_pcd.c ****       case HAL_PCD_MSPDEINIT_CB_ID :
 407:Drivers/STM32F7xx_HAL_Driver/Src/stm32f7xx_hal_pcd.c ****         hpcd->MspDeInitCallback = pCallback;
 408:Drivers/STM32F7xx_HAL_Driver/Src/stm32f7xx_hal_pcd.c ****         break;
 409:Drivers/STM32F7xx_HAL_Driver/Src/stm32f7xx_hal_pcd.c **** 
 410:Drivers/STM32F7xx_HAL_Driver/Src/stm32f7xx_hal_pcd.c ****       default :
 411:Drivers/STM32F7xx_HAL_Driver/Src/stm32f7xx_hal_pcd.c ****         /* Update the error code */
 412:Drivers/STM32F7xx_HAL_Driver/Src/stm32f7xx_hal_pcd.c ****         hpcd->ErrorCode |= HAL_PCD_ERROR_INVALID_CALLBACK;
 413:Drivers/STM32F7xx_HAL_Driver/Src/stm32f7xx_hal_pcd.c ****         /* Return error status */
 414:Drivers/STM32F7xx_HAL_Driver/Src/stm32f7xx_hal_pcd.c ****         status =  HAL_ERROR;
 415:Drivers/STM32F7xx_HAL_Driver/Src/stm32f7xx_hal_pcd.c ****         break;
 416:Drivers/STM32F7xx_HAL_Driver/Src/stm32f7xx_hal_pcd.c ****     }
 417:Drivers/STM32F7xx_HAL_Driver/Src/stm32f7xx_hal_pcd.c ****   }
 418:Drivers/STM32F7xx_HAL_Driver/Src/stm32f7xx_hal_pcd.c ****   else
 419:Drivers/STM32F7xx_HAL_Driver/Src/stm32f7xx_hal_pcd.c ****   {
 420:Drivers/STM32F7xx_HAL_Driver/Src/stm32f7xx_hal_pcd.c ****     /* Update the error code */
 421:Drivers/STM32F7xx_HAL_Driver/Src/stm32f7xx_hal_pcd.c ****     hpcd->ErrorCode |= HAL_PCD_ERROR_INVALID_CALLBACK;
 422:Drivers/STM32F7xx_HAL_Driver/Src/stm32f7xx_hal_pcd.c ****     /* Return error status */
 423:Drivers/STM32F7xx_HAL_Driver/Src/stm32f7xx_hal_pcd.c ****     status =  HAL_ERROR;
 424:Drivers/STM32F7xx_HAL_Driver/Src/stm32f7xx_hal_pcd.c ****   }
 425:Drivers/STM32F7xx_HAL_Driver/Src/stm32f7xx_hal_pcd.c **** 
 426:Drivers/STM32F7xx_HAL_Driver/Src/stm32f7xx_hal_pcd.c ****   /* Release Lock */
 427:Drivers/STM32F7xx_HAL_Driver/Src/stm32f7xx_hal_pcd.c ****   __HAL_UNLOCK(hpcd);
 428:Drivers/STM32F7xx_HAL_Driver/Src/stm32f7xx_hal_pcd.c ****   return status;
 429:Drivers/STM32F7xx_HAL_Driver/Src/stm32f7xx_hal_pcd.c **** }
ARM GAS  /tmp/cciuNOwn.s 			page 9


 430:Drivers/STM32F7xx_HAL_Driver/Src/stm32f7xx_hal_pcd.c **** 
 431:Drivers/STM32F7xx_HAL_Driver/Src/stm32f7xx_hal_pcd.c **** /**
 432:Drivers/STM32F7xx_HAL_Driver/Src/stm32f7xx_hal_pcd.c ****   * @brief  Unregister an USB PCD Callback
 433:Drivers/STM32F7xx_HAL_Driver/Src/stm32f7xx_hal_pcd.c ****   *         USB PCD callback is redirected to the weak predefined callback
 434:Drivers/STM32F7xx_HAL_Driver/Src/stm32f7xx_hal_pcd.c ****   * @param  hpcd USB PCD handle
 435:Drivers/STM32F7xx_HAL_Driver/Src/stm32f7xx_hal_pcd.c ****   * @param  CallbackID ID of the callback to be unregistered
 436:Drivers/STM32F7xx_HAL_Driver/Src/stm32f7xx_hal_pcd.c ****   *         This parameter can be one of the following values:
 437:Drivers/STM32F7xx_HAL_Driver/Src/stm32f7xx_hal_pcd.c ****   *          @arg @ref HAL_PCD_SOF_CB_ID USB PCD SOF callback ID
 438:Drivers/STM32F7xx_HAL_Driver/Src/stm32f7xx_hal_pcd.c ****   *          @arg @ref HAL_PCD_SETUPSTAGE_CB_ID USB PCD Setup callback ID
 439:Drivers/STM32F7xx_HAL_Driver/Src/stm32f7xx_hal_pcd.c ****   *          @arg @ref HAL_PCD_RESET_CB_ID USB PCD Reset callback ID
 440:Drivers/STM32F7xx_HAL_Driver/Src/stm32f7xx_hal_pcd.c ****   *          @arg @ref HAL_PCD_SUSPEND_CB_ID USB PCD Suspend callback ID
 441:Drivers/STM32F7xx_HAL_Driver/Src/stm32f7xx_hal_pcd.c ****   *          @arg @ref HAL_PCD_RESUME_CB_ID USB PCD Resume callback ID
 442:Drivers/STM32F7xx_HAL_Driver/Src/stm32f7xx_hal_pcd.c ****   *          @arg @ref HAL_PCD_CONNECT_CB_ID USB PCD Connect callback ID
 443:Drivers/STM32F7xx_HAL_Driver/Src/stm32f7xx_hal_pcd.c ****   *          @arg @ref HAL_PCD_DISCONNECT_CB_ID USB PCD Disconnect callback ID
 444:Drivers/STM32F7xx_HAL_Driver/Src/stm32f7xx_hal_pcd.c ****   *          @arg @ref HAL_PCD_MSPINIT_CB_ID MspDeInit callback ID
 445:Drivers/STM32F7xx_HAL_Driver/Src/stm32f7xx_hal_pcd.c ****   *          @arg @ref HAL_PCD_MSPDEINIT_CB_ID MspDeInit callback ID
 446:Drivers/STM32F7xx_HAL_Driver/Src/stm32f7xx_hal_pcd.c ****   * @retval HAL status
 447:Drivers/STM32F7xx_HAL_Driver/Src/stm32f7xx_hal_pcd.c ****   */
 448:Drivers/STM32F7xx_HAL_Driver/Src/stm32f7xx_hal_pcd.c **** HAL_StatusTypeDef HAL_PCD_UnRegisterCallback(PCD_HandleTypeDef *hpcd, HAL_PCD_CallbackIDTypeDef Cal
 449:Drivers/STM32F7xx_HAL_Driver/Src/stm32f7xx_hal_pcd.c **** {
 450:Drivers/STM32F7xx_HAL_Driver/Src/stm32f7xx_hal_pcd.c ****   HAL_StatusTypeDef status = HAL_OK;
 451:Drivers/STM32F7xx_HAL_Driver/Src/stm32f7xx_hal_pcd.c **** 
 452:Drivers/STM32F7xx_HAL_Driver/Src/stm32f7xx_hal_pcd.c ****   /* Process locked */
 453:Drivers/STM32F7xx_HAL_Driver/Src/stm32f7xx_hal_pcd.c ****   __HAL_LOCK(hpcd);
 454:Drivers/STM32F7xx_HAL_Driver/Src/stm32f7xx_hal_pcd.c **** 
 455:Drivers/STM32F7xx_HAL_Driver/Src/stm32f7xx_hal_pcd.c ****   /* Setup Legacy weak Callbacks  */
 456:Drivers/STM32F7xx_HAL_Driver/Src/stm32f7xx_hal_pcd.c ****   if (hpcd->State == HAL_PCD_STATE_READY)
 457:Drivers/STM32F7xx_HAL_Driver/Src/stm32f7xx_hal_pcd.c ****   {
 458:Drivers/STM32F7xx_HAL_Driver/Src/stm32f7xx_hal_pcd.c ****     switch (CallbackID)
 459:Drivers/STM32F7xx_HAL_Driver/Src/stm32f7xx_hal_pcd.c ****     {
 460:Drivers/STM32F7xx_HAL_Driver/Src/stm32f7xx_hal_pcd.c ****       case HAL_PCD_SOF_CB_ID :
 461:Drivers/STM32F7xx_HAL_Driver/Src/stm32f7xx_hal_pcd.c ****         hpcd->SOFCallback = HAL_PCD_SOFCallback;
 462:Drivers/STM32F7xx_HAL_Driver/Src/stm32f7xx_hal_pcd.c ****         break;
 463:Drivers/STM32F7xx_HAL_Driver/Src/stm32f7xx_hal_pcd.c **** 
 464:Drivers/STM32F7xx_HAL_Driver/Src/stm32f7xx_hal_pcd.c ****       case HAL_PCD_SETUPSTAGE_CB_ID :
 465:Drivers/STM32F7xx_HAL_Driver/Src/stm32f7xx_hal_pcd.c ****         hpcd->SetupStageCallback = HAL_PCD_SetupStageCallback;
 466:Drivers/STM32F7xx_HAL_Driver/Src/stm32f7xx_hal_pcd.c ****         break;
 467:Drivers/STM32F7xx_HAL_Driver/Src/stm32f7xx_hal_pcd.c **** 
 468:Drivers/STM32F7xx_HAL_Driver/Src/stm32f7xx_hal_pcd.c ****       case HAL_PCD_RESET_CB_ID :
 469:Drivers/STM32F7xx_HAL_Driver/Src/stm32f7xx_hal_pcd.c ****         hpcd->ResetCallback = HAL_PCD_ResetCallback;
 470:Drivers/STM32F7xx_HAL_Driver/Src/stm32f7xx_hal_pcd.c ****         break;
 471:Drivers/STM32F7xx_HAL_Driver/Src/stm32f7xx_hal_pcd.c **** 
 472:Drivers/STM32F7xx_HAL_Driver/Src/stm32f7xx_hal_pcd.c ****       case HAL_PCD_SUSPEND_CB_ID :
 473:Drivers/STM32F7xx_HAL_Driver/Src/stm32f7xx_hal_pcd.c ****         hpcd->SuspendCallback = HAL_PCD_SuspendCallback;
 474:Drivers/STM32F7xx_HAL_Driver/Src/stm32f7xx_hal_pcd.c ****         break;
 475:Drivers/STM32F7xx_HAL_Driver/Src/stm32f7xx_hal_pcd.c **** 
 476:Drivers/STM32F7xx_HAL_Driver/Src/stm32f7xx_hal_pcd.c ****       case HAL_PCD_RESUME_CB_ID :
 477:Drivers/STM32F7xx_HAL_Driver/Src/stm32f7xx_hal_pcd.c ****         hpcd->ResumeCallback = HAL_PCD_ResumeCallback;
 478:Drivers/STM32F7xx_HAL_Driver/Src/stm32f7xx_hal_pcd.c ****         break;
 479:Drivers/STM32F7xx_HAL_Driver/Src/stm32f7xx_hal_pcd.c **** 
 480:Drivers/STM32F7xx_HAL_Driver/Src/stm32f7xx_hal_pcd.c ****       case HAL_PCD_CONNECT_CB_ID :
 481:Drivers/STM32F7xx_HAL_Driver/Src/stm32f7xx_hal_pcd.c ****         hpcd->ConnectCallback = HAL_PCD_ConnectCallback;
 482:Drivers/STM32F7xx_HAL_Driver/Src/stm32f7xx_hal_pcd.c ****         break;
 483:Drivers/STM32F7xx_HAL_Driver/Src/stm32f7xx_hal_pcd.c **** 
 484:Drivers/STM32F7xx_HAL_Driver/Src/stm32f7xx_hal_pcd.c ****       case HAL_PCD_DISCONNECT_CB_ID :
 485:Drivers/STM32F7xx_HAL_Driver/Src/stm32f7xx_hal_pcd.c ****         hpcd->DisconnectCallback = HAL_PCD_DisconnectCallback;
 486:Drivers/STM32F7xx_HAL_Driver/Src/stm32f7xx_hal_pcd.c ****         break;
ARM GAS  /tmp/cciuNOwn.s 			page 10


 487:Drivers/STM32F7xx_HAL_Driver/Src/stm32f7xx_hal_pcd.c **** 
 488:Drivers/STM32F7xx_HAL_Driver/Src/stm32f7xx_hal_pcd.c ****       case HAL_PCD_MSPINIT_CB_ID :
 489:Drivers/STM32F7xx_HAL_Driver/Src/stm32f7xx_hal_pcd.c ****         hpcd->MspInitCallback = HAL_PCD_MspInit;
 490:Drivers/STM32F7xx_HAL_Driver/Src/stm32f7xx_hal_pcd.c ****         break;
 491:Drivers/STM32F7xx_HAL_Driver/Src/stm32f7xx_hal_pcd.c **** 
 492:Drivers/STM32F7xx_HAL_Driver/Src/stm32f7xx_hal_pcd.c ****       case HAL_PCD_MSPDEINIT_CB_ID :
 493:Drivers/STM32F7xx_HAL_Driver/Src/stm32f7xx_hal_pcd.c ****         hpcd->MspDeInitCallback = HAL_PCD_MspDeInit;
 494:Drivers/STM32F7xx_HAL_Driver/Src/stm32f7xx_hal_pcd.c ****         break;
 495:Drivers/STM32F7xx_HAL_Driver/Src/stm32f7xx_hal_pcd.c **** 
 496:Drivers/STM32F7xx_HAL_Driver/Src/stm32f7xx_hal_pcd.c ****       default :
 497:Drivers/STM32F7xx_HAL_Driver/Src/stm32f7xx_hal_pcd.c ****         /* Update the error code */
 498:Drivers/STM32F7xx_HAL_Driver/Src/stm32f7xx_hal_pcd.c ****         hpcd->ErrorCode |= HAL_PCD_ERROR_INVALID_CALLBACK;
 499:Drivers/STM32F7xx_HAL_Driver/Src/stm32f7xx_hal_pcd.c **** 
 500:Drivers/STM32F7xx_HAL_Driver/Src/stm32f7xx_hal_pcd.c ****         /* Return error status */
 501:Drivers/STM32F7xx_HAL_Driver/Src/stm32f7xx_hal_pcd.c ****         status =  HAL_ERROR;
 502:Drivers/STM32F7xx_HAL_Driver/Src/stm32f7xx_hal_pcd.c ****         break;
 503:Drivers/STM32F7xx_HAL_Driver/Src/stm32f7xx_hal_pcd.c ****     }
 504:Drivers/STM32F7xx_HAL_Driver/Src/stm32f7xx_hal_pcd.c ****   }
 505:Drivers/STM32F7xx_HAL_Driver/Src/stm32f7xx_hal_pcd.c ****   else if (hpcd->State == HAL_PCD_STATE_RESET)
 506:Drivers/STM32F7xx_HAL_Driver/Src/stm32f7xx_hal_pcd.c ****   {
 507:Drivers/STM32F7xx_HAL_Driver/Src/stm32f7xx_hal_pcd.c ****     switch (CallbackID)
 508:Drivers/STM32F7xx_HAL_Driver/Src/stm32f7xx_hal_pcd.c ****     {
 509:Drivers/STM32F7xx_HAL_Driver/Src/stm32f7xx_hal_pcd.c ****       case HAL_PCD_MSPINIT_CB_ID :
 510:Drivers/STM32F7xx_HAL_Driver/Src/stm32f7xx_hal_pcd.c ****         hpcd->MspInitCallback = HAL_PCD_MspInit;
 511:Drivers/STM32F7xx_HAL_Driver/Src/stm32f7xx_hal_pcd.c ****         break;
 512:Drivers/STM32F7xx_HAL_Driver/Src/stm32f7xx_hal_pcd.c **** 
 513:Drivers/STM32F7xx_HAL_Driver/Src/stm32f7xx_hal_pcd.c ****       case HAL_PCD_MSPDEINIT_CB_ID :
 514:Drivers/STM32F7xx_HAL_Driver/Src/stm32f7xx_hal_pcd.c ****         hpcd->MspDeInitCallback = HAL_PCD_MspDeInit;
 515:Drivers/STM32F7xx_HAL_Driver/Src/stm32f7xx_hal_pcd.c ****         break;
 516:Drivers/STM32F7xx_HAL_Driver/Src/stm32f7xx_hal_pcd.c **** 
 517:Drivers/STM32F7xx_HAL_Driver/Src/stm32f7xx_hal_pcd.c ****       default :
 518:Drivers/STM32F7xx_HAL_Driver/Src/stm32f7xx_hal_pcd.c ****         /* Update the error code */
 519:Drivers/STM32F7xx_HAL_Driver/Src/stm32f7xx_hal_pcd.c ****         hpcd->ErrorCode |= HAL_PCD_ERROR_INVALID_CALLBACK;
 520:Drivers/STM32F7xx_HAL_Driver/Src/stm32f7xx_hal_pcd.c **** 
 521:Drivers/STM32F7xx_HAL_Driver/Src/stm32f7xx_hal_pcd.c ****         /* Return error status */
 522:Drivers/STM32F7xx_HAL_Driver/Src/stm32f7xx_hal_pcd.c ****         status =  HAL_ERROR;
 523:Drivers/STM32F7xx_HAL_Driver/Src/stm32f7xx_hal_pcd.c ****         break;
 524:Drivers/STM32F7xx_HAL_Driver/Src/stm32f7xx_hal_pcd.c ****     }
 525:Drivers/STM32F7xx_HAL_Driver/Src/stm32f7xx_hal_pcd.c ****   }
 526:Drivers/STM32F7xx_HAL_Driver/Src/stm32f7xx_hal_pcd.c ****   else
 527:Drivers/STM32F7xx_HAL_Driver/Src/stm32f7xx_hal_pcd.c ****   {
 528:Drivers/STM32F7xx_HAL_Driver/Src/stm32f7xx_hal_pcd.c ****     /* Update the error code */
 529:Drivers/STM32F7xx_HAL_Driver/Src/stm32f7xx_hal_pcd.c ****     hpcd->ErrorCode |= HAL_PCD_ERROR_INVALID_CALLBACK;
 530:Drivers/STM32F7xx_HAL_Driver/Src/stm32f7xx_hal_pcd.c **** 
 531:Drivers/STM32F7xx_HAL_Driver/Src/stm32f7xx_hal_pcd.c ****     /* Return error status */
 532:Drivers/STM32F7xx_HAL_Driver/Src/stm32f7xx_hal_pcd.c ****     status =  HAL_ERROR;
 533:Drivers/STM32F7xx_HAL_Driver/Src/stm32f7xx_hal_pcd.c ****   }
 534:Drivers/STM32F7xx_HAL_Driver/Src/stm32f7xx_hal_pcd.c **** 
 535:Drivers/STM32F7xx_HAL_Driver/Src/stm32f7xx_hal_pcd.c ****   /* Release Lock */
 536:Drivers/STM32F7xx_HAL_Driver/Src/stm32f7xx_hal_pcd.c ****   __HAL_UNLOCK(hpcd);
 537:Drivers/STM32F7xx_HAL_Driver/Src/stm32f7xx_hal_pcd.c ****   return status;
 538:Drivers/STM32F7xx_HAL_Driver/Src/stm32f7xx_hal_pcd.c **** }
 539:Drivers/STM32F7xx_HAL_Driver/Src/stm32f7xx_hal_pcd.c **** 
 540:Drivers/STM32F7xx_HAL_Driver/Src/stm32f7xx_hal_pcd.c **** /**
 541:Drivers/STM32F7xx_HAL_Driver/Src/stm32f7xx_hal_pcd.c ****   * @brief  Register USB PCD Data OUT Stage Callback
 542:Drivers/STM32F7xx_HAL_Driver/Src/stm32f7xx_hal_pcd.c ****   *         To be used instead of the weak HAL_PCD_DataOutStageCallback() predefined callback
 543:Drivers/STM32F7xx_HAL_Driver/Src/stm32f7xx_hal_pcd.c ****   * @param  hpcd PCD handle
ARM GAS  /tmp/cciuNOwn.s 			page 11


 544:Drivers/STM32F7xx_HAL_Driver/Src/stm32f7xx_hal_pcd.c ****   * @param  pCallback pointer to the USB PCD Data OUT Stage Callback function
 545:Drivers/STM32F7xx_HAL_Driver/Src/stm32f7xx_hal_pcd.c ****   * @retval HAL status
 546:Drivers/STM32F7xx_HAL_Driver/Src/stm32f7xx_hal_pcd.c ****   */
 547:Drivers/STM32F7xx_HAL_Driver/Src/stm32f7xx_hal_pcd.c **** HAL_StatusTypeDef HAL_PCD_RegisterDataOutStageCallback(PCD_HandleTypeDef *hpcd,
 548:Drivers/STM32F7xx_HAL_Driver/Src/stm32f7xx_hal_pcd.c ****                                                        pPCD_DataOutStageCallbackTypeDef pCallback)
 549:Drivers/STM32F7xx_HAL_Driver/Src/stm32f7xx_hal_pcd.c **** {
 550:Drivers/STM32F7xx_HAL_Driver/Src/stm32f7xx_hal_pcd.c ****   HAL_StatusTypeDef status = HAL_OK;
 551:Drivers/STM32F7xx_HAL_Driver/Src/stm32f7xx_hal_pcd.c **** 
 552:Drivers/STM32F7xx_HAL_Driver/Src/stm32f7xx_hal_pcd.c ****   if (pCallback == NULL)
 553:Drivers/STM32F7xx_HAL_Driver/Src/stm32f7xx_hal_pcd.c ****   {
 554:Drivers/STM32F7xx_HAL_Driver/Src/stm32f7xx_hal_pcd.c ****     /* Update the error code */
 555:Drivers/STM32F7xx_HAL_Driver/Src/stm32f7xx_hal_pcd.c ****     hpcd->ErrorCode |= HAL_PCD_ERROR_INVALID_CALLBACK;
 556:Drivers/STM32F7xx_HAL_Driver/Src/stm32f7xx_hal_pcd.c **** 
 557:Drivers/STM32F7xx_HAL_Driver/Src/stm32f7xx_hal_pcd.c ****     return HAL_ERROR;
 558:Drivers/STM32F7xx_HAL_Driver/Src/stm32f7xx_hal_pcd.c ****   }
 559:Drivers/STM32F7xx_HAL_Driver/Src/stm32f7xx_hal_pcd.c **** 
 560:Drivers/STM32F7xx_HAL_Driver/Src/stm32f7xx_hal_pcd.c ****   /* Process locked */
 561:Drivers/STM32F7xx_HAL_Driver/Src/stm32f7xx_hal_pcd.c ****   __HAL_LOCK(hpcd);
 562:Drivers/STM32F7xx_HAL_Driver/Src/stm32f7xx_hal_pcd.c **** 
 563:Drivers/STM32F7xx_HAL_Driver/Src/stm32f7xx_hal_pcd.c ****   if (hpcd->State == HAL_PCD_STATE_READY)
 564:Drivers/STM32F7xx_HAL_Driver/Src/stm32f7xx_hal_pcd.c ****   {
 565:Drivers/STM32F7xx_HAL_Driver/Src/stm32f7xx_hal_pcd.c ****     hpcd->DataOutStageCallback = pCallback;
 566:Drivers/STM32F7xx_HAL_Driver/Src/stm32f7xx_hal_pcd.c ****   }
 567:Drivers/STM32F7xx_HAL_Driver/Src/stm32f7xx_hal_pcd.c ****   else
 568:Drivers/STM32F7xx_HAL_Driver/Src/stm32f7xx_hal_pcd.c ****   {
 569:Drivers/STM32F7xx_HAL_Driver/Src/stm32f7xx_hal_pcd.c ****     /* Update the error code */
 570:Drivers/STM32F7xx_HAL_Driver/Src/stm32f7xx_hal_pcd.c ****     hpcd->ErrorCode |= HAL_PCD_ERROR_INVALID_CALLBACK;
 571:Drivers/STM32F7xx_HAL_Driver/Src/stm32f7xx_hal_pcd.c **** 
 572:Drivers/STM32F7xx_HAL_Driver/Src/stm32f7xx_hal_pcd.c ****     /* Return error status */
 573:Drivers/STM32F7xx_HAL_Driver/Src/stm32f7xx_hal_pcd.c ****     status =  HAL_ERROR;
 574:Drivers/STM32F7xx_HAL_Driver/Src/stm32f7xx_hal_pcd.c ****   }
 575:Drivers/STM32F7xx_HAL_Driver/Src/stm32f7xx_hal_pcd.c **** 
 576:Drivers/STM32F7xx_HAL_Driver/Src/stm32f7xx_hal_pcd.c ****   /* Release Lock */
 577:Drivers/STM32F7xx_HAL_Driver/Src/stm32f7xx_hal_pcd.c ****   __HAL_UNLOCK(hpcd);
 578:Drivers/STM32F7xx_HAL_Driver/Src/stm32f7xx_hal_pcd.c **** 
 579:Drivers/STM32F7xx_HAL_Driver/Src/stm32f7xx_hal_pcd.c ****   return status;
 580:Drivers/STM32F7xx_HAL_Driver/Src/stm32f7xx_hal_pcd.c **** }
 581:Drivers/STM32F7xx_HAL_Driver/Src/stm32f7xx_hal_pcd.c **** 
 582:Drivers/STM32F7xx_HAL_Driver/Src/stm32f7xx_hal_pcd.c **** /**
 583:Drivers/STM32F7xx_HAL_Driver/Src/stm32f7xx_hal_pcd.c ****   * @brief  Unregister the USB PCD Data OUT Stage Callback
 584:Drivers/STM32F7xx_HAL_Driver/Src/stm32f7xx_hal_pcd.c ****   *         USB PCD Data OUT Stage Callback is redirected to the weak HAL_PCD_DataOutStageCallback(
 585:Drivers/STM32F7xx_HAL_Driver/Src/stm32f7xx_hal_pcd.c ****   * @param  hpcd PCD handle
 586:Drivers/STM32F7xx_HAL_Driver/Src/stm32f7xx_hal_pcd.c ****   * @retval HAL status
 587:Drivers/STM32F7xx_HAL_Driver/Src/stm32f7xx_hal_pcd.c ****   */
 588:Drivers/STM32F7xx_HAL_Driver/Src/stm32f7xx_hal_pcd.c **** HAL_StatusTypeDef HAL_PCD_UnRegisterDataOutStageCallback(PCD_HandleTypeDef *hpcd)
 589:Drivers/STM32F7xx_HAL_Driver/Src/stm32f7xx_hal_pcd.c **** {
 590:Drivers/STM32F7xx_HAL_Driver/Src/stm32f7xx_hal_pcd.c ****   HAL_StatusTypeDef status = HAL_OK;
 591:Drivers/STM32F7xx_HAL_Driver/Src/stm32f7xx_hal_pcd.c **** 
 592:Drivers/STM32F7xx_HAL_Driver/Src/stm32f7xx_hal_pcd.c ****   /* Process locked */
 593:Drivers/STM32F7xx_HAL_Driver/Src/stm32f7xx_hal_pcd.c ****   __HAL_LOCK(hpcd);
 594:Drivers/STM32F7xx_HAL_Driver/Src/stm32f7xx_hal_pcd.c **** 
 595:Drivers/STM32F7xx_HAL_Driver/Src/stm32f7xx_hal_pcd.c ****   if (hpcd->State == HAL_PCD_STATE_READY)
 596:Drivers/STM32F7xx_HAL_Driver/Src/stm32f7xx_hal_pcd.c ****   {
 597:Drivers/STM32F7xx_HAL_Driver/Src/stm32f7xx_hal_pcd.c ****     hpcd->DataOutStageCallback = HAL_PCD_DataOutStageCallback; /* Legacy weak DataOutStageCallback 
 598:Drivers/STM32F7xx_HAL_Driver/Src/stm32f7xx_hal_pcd.c ****   }
 599:Drivers/STM32F7xx_HAL_Driver/Src/stm32f7xx_hal_pcd.c ****   else
 600:Drivers/STM32F7xx_HAL_Driver/Src/stm32f7xx_hal_pcd.c ****   {
ARM GAS  /tmp/cciuNOwn.s 			page 12


 601:Drivers/STM32F7xx_HAL_Driver/Src/stm32f7xx_hal_pcd.c ****     /* Update the error code */
 602:Drivers/STM32F7xx_HAL_Driver/Src/stm32f7xx_hal_pcd.c ****     hpcd->ErrorCode |= HAL_PCD_ERROR_INVALID_CALLBACK;
 603:Drivers/STM32F7xx_HAL_Driver/Src/stm32f7xx_hal_pcd.c **** 
 604:Drivers/STM32F7xx_HAL_Driver/Src/stm32f7xx_hal_pcd.c ****     /* Return error status */
 605:Drivers/STM32F7xx_HAL_Driver/Src/stm32f7xx_hal_pcd.c ****     status =  HAL_ERROR;
 606:Drivers/STM32F7xx_HAL_Driver/Src/stm32f7xx_hal_pcd.c ****   }
 607:Drivers/STM32F7xx_HAL_Driver/Src/stm32f7xx_hal_pcd.c **** 
 608:Drivers/STM32F7xx_HAL_Driver/Src/stm32f7xx_hal_pcd.c ****   /* Release Lock */
 609:Drivers/STM32F7xx_HAL_Driver/Src/stm32f7xx_hal_pcd.c ****   __HAL_UNLOCK(hpcd);
 610:Drivers/STM32F7xx_HAL_Driver/Src/stm32f7xx_hal_pcd.c **** 
 611:Drivers/STM32F7xx_HAL_Driver/Src/stm32f7xx_hal_pcd.c ****   return status;
 612:Drivers/STM32F7xx_HAL_Driver/Src/stm32f7xx_hal_pcd.c **** }
 613:Drivers/STM32F7xx_HAL_Driver/Src/stm32f7xx_hal_pcd.c **** 
 614:Drivers/STM32F7xx_HAL_Driver/Src/stm32f7xx_hal_pcd.c **** /**
 615:Drivers/STM32F7xx_HAL_Driver/Src/stm32f7xx_hal_pcd.c ****   * @brief  Register USB PCD Data IN Stage Callback
 616:Drivers/STM32F7xx_HAL_Driver/Src/stm32f7xx_hal_pcd.c ****   *         To be used instead of the weak HAL_PCD_DataInStageCallback() predefined callback
 617:Drivers/STM32F7xx_HAL_Driver/Src/stm32f7xx_hal_pcd.c ****   * @param  hpcd PCD handle
 618:Drivers/STM32F7xx_HAL_Driver/Src/stm32f7xx_hal_pcd.c ****   * @param  pCallback pointer to the USB PCD Data IN Stage Callback function
 619:Drivers/STM32F7xx_HAL_Driver/Src/stm32f7xx_hal_pcd.c ****   * @retval HAL status
 620:Drivers/STM32F7xx_HAL_Driver/Src/stm32f7xx_hal_pcd.c ****   */
 621:Drivers/STM32F7xx_HAL_Driver/Src/stm32f7xx_hal_pcd.c **** HAL_StatusTypeDef HAL_PCD_RegisterDataInStageCallback(PCD_HandleTypeDef *hpcd,
 622:Drivers/STM32F7xx_HAL_Driver/Src/stm32f7xx_hal_pcd.c ****                                                       pPCD_DataInStageCallbackTypeDef pCallback)
 623:Drivers/STM32F7xx_HAL_Driver/Src/stm32f7xx_hal_pcd.c **** {
 624:Drivers/STM32F7xx_HAL_Driver/Src/stm32f7xx_hal_pcd.c ****   HAL_StatusTypeDef status = HAL_OK;
 625:Drivers/STM32F7xx_HAL_Driver/Src/stm32f7xx_hal_pcd.c **** 
 626:Drivers/STM32F7xx_HAL_Driver/Src/stm32f7xx_hal_pcd.c ****   if (pCallback == NULL)
 627:Drivers/STM32F7xx_HAL_Driver/Src/stm32f7xx_hal_pcd.c ****   {
 628:Drivers/STM32F7xx_HAL_Driver/Src/stm32f7xx_hal_pcd.c ****     /* Update the error code */
 629:Drivers/STM32F7xx_HAL_Driver/Src/stm32f7xx_hal_pcd.c ****     hpcd->ErrorCode |= HAL_PCD_ERROR_INVALID_CALLBACK;
 630:Drivers/STM32F7xx_HAL_Driver/Src/stm32f7xx_hal_pcd.c **** 
 631:Drivers/STM32F7xx_HAL_Driver/Src/stm32f7xx_hal_pcd.c ****     return HAL_ERROR;
 632:Drivers/STM32F7xx_HAL_Driver/Src/stm32f7xx_hal_pcd.c ****   }
 633:Drivers/STM32F7xx_HAL_Driver/Src/stm32f7xx_hal_pcd.c **** 
 634:Drivers/STM32F7xx_HAL_Driver/Src/stm32f7xx_hal_pcd.c ****   /* Process locked */
 635:Drivers/STM32F7xx_HAL_Driver/Src/stm32f7xx_hal_pcd.c ****   __HAL_LOCK(hpcd);
 636:Drivers/STM32F7xx_HAL_Driver/Src/stm32f7xx_hal_pcd.c **** 
 637:Drivers/STM32F7xx_HAL_Driver/Src/stm32f7xx_hal_pcd.c ****   if (hpcd->State == HAL_PCD_STATE_READY)
 638:Drivers/STM32F7xx_HAL_Driver/Src/stm32f7xx_hal_pcd.c ****   {
 639:Drivers/STM32F7xx_HAL_Driver/Src/stm32f7xx_hal_pcd.c ****     hpcd->DataInStageCallback = pCallback;
 640:Drivers/STM32F7xx_HAL_Driver/Src/stm32f7xx_hal_pcd.c ****   }
 641:Drivers/STM32F7xx_HAL_Driver/Src/stm32f7xx_hal_pcd.c ****   else
 642:Drivers/STM32F7xx_HAL_Driver/Src/stm32f7xx_hal_pcd.c ****   {
 643:Drivers/STM32F7xx_HAL_Driver/Src/stm32f7xx_hal_pcd.c ****     /* Update the error code */
 644:Drivers/STM32F7xx_HAL_Driver/Src/stm32f7xx_hal_pcd.c ****     hpcd->ErrorCode |= HAL_PCD_ERROR_INVALID_CALLBACK;
 645:Drivers/STM32F7xx_HAL_Driver/Src/stm32f7xx_hal_pcd.c **** 
 646:Drivers/STM32F7xx_HAL_Driver/Src/stm32f7xx_hal_pcd.c ****     /* Return error status */
 647:Drivers/STM32F7xx_HAL_Driver/Src/stm32f7xx_hal_pcd.c ****     status =  HAL_ERROR;
 648:Drivers/STM32F7xx_HAL_Driver/Src/stm32f7xx_hal_pcd.c ****   }
 649:Drivers/STM32F7xx_HAL_Driver/Src/stm32f7xx_hal_pcd.c **** 
 650:Drivers/STM32F7xx_HAL_Driver/Src/stm32f7xx_hal_pcd.c ****   /* Release Lock */
 651:Drivers/STM32F7xx_HAL_Driver/Src/stm32f7xx_hal_pcd.c ****   __HAL_UNLOCK(hpcd);
 652:Drivers/STM32F7xx_HAL_Driver/Src/stm32f7xx_hal_pcd.c **** 
 653:Drivers/STM32F7xx_HAL_Driver/Src/stm32f7xx_hal_pcd.c ****   return status;
 654:Drivers/STM32F7xx_HAL_Driver/Src/stm32f7xx_hal_pcd.c **** }
 655:Drivers/STM32F7xx_HAL_Driver/Src/stm32f7xx_hal_pcd.c **** 
 656:Drivers/STM32F7xx_HAL_Driver/Src/stm32f7xx_hal_pcd.c **** /**
 657:Drivers/STM32F7xx_HAL_Driver/Src/stm32f7xx_hal_pcd.c ****   * @brief  Unregister the USB PCD Data IN Stage Callback
ARM GAS  /tmp/cciuNOwn.s 			page 13


 658:Drivers/STM32F7xx_HAL_Driver/Src/stm32f7xx_hal_pcd.c ****   *         USB PCD Data OUT Stage Callback is redirected to the weak HAL_PCD_DataInStageCallback()
 659:Drivers/STM32F7xx_HAL_Driver/Src/stm32f7xx_hal_pcd.c ****   * @param  hpcd PCD handle
 660:Drivers/STM32F7xx_HAL_Driver/Src/stm32f7xx_hal_pcd.c ****   * @retval HAL status
 661:Drivers/STM32F7xx_HAL_Driver/Src/stm32f7xx_hal_pcd.c ****   */
 662:Drivers/STM32F7xx_HAL_Driver/Src/stm32f7xx_hal_pcd.c **** HAL_StatusTypeDef HAL_PCD_UnRegisterDataInStageCallback(PCD_HandleTypeDef *hpcd)
 663:Drivers/STM32F7xx_HAL_Driver/Src/stm32f7xx_hal_pcd.c **** {
 664:Drivers/STM32F7xx_HAL_Driver/Src/stm32f7xx_hal_pcd.c ****   HAL_StatusTypeDef status = HAL_OK;
 665:Drivers/STM32F7xx_HAL_Driver/Src/stm32f7xx_hal_pcd.c **** 
 666:Drivers/STM32F7xx_HAL_Driver/Src/stm32f7xx_hal_pcd.c ****   /* Process locked */
 667:Drivers/STM32F7xx_HAL_Driver/Src/stm32f7xx_hal_pcd.c ****   __HAL_LOCK(hpcd);
 668:Drivers/STM32F7xx_HAL_Driver/Src/stm32f7xx_hal_pcd.c **** 
 669:Drivers/STM32F7xx_HAL_Driver/Src/stm32f7xx_hal_pcd.c ****   if (hpcd->State == HAL_PCD_STATE_READY)
 670:Drivers/STM32F7xx_HAL_Driver/Src/stm32f7xx_hal_pcd.c ****   {
 671:Drivers/STM32F7xx_HAL_Driver/Src/stm32f7xx_hal_pcd.c ****     hpcd->DataInStageCallback = HAL_PCD_DataInStageCallback; /* Legacy weak DataInStageCallback  */
 672:Drivers/STM32F7xx_HAL_Driver/Src/stm32f7xx_hal_pcd.c ****   }
 673:Drivers/STM32F7xx_HAL_Driver/Src/stm32f7xx_hal_pcd.c ****   else
 674:Drivers/STM32F7xx_HAL_Driver/Src/stm32f7xx_hal_pcd.c ****   {
 675:Drivers/STM32F7xx_HAL_Driver/Src/stm32f7xx_hal_pcd.c ****     /* Update the error code */
 676:Drivers/STM32F7xx_HAL_Driver/Src/stm32f7xx_hal_pcd.c ****     hpcd->ErrorCode |= HAL_PCD_ERROR_INVALID_CALLBACK;
 677:Drivers/STM32F7xx_HAL_Driver/Src/stm32f7xx_hal_pcd.c **** 
 678:Drivers/STM32F7xx_HAL_Driver/Src/stm32f7xx_hal_pcd.c ****     /* Return error status */
 679:Drivers/STM32F7xx_HAL_Driver/Src/stm32f7xx_hal_pcd.c ****     status =  HAL_ERROR;
 680:Drivers/STM32F7xx_HAL_Driver/Src/stm32f7xx_hal_pcd.c ****   }
 681:Drivers/STM32F7xx_HAL_Driver/Src/stm32f7xx_hal_pcd.c **** 
 682:Drivers/STM32F7xx_HAL_Driver/Src/stm32f7xx_hal_pcd.c ****   /* Release Lock */
 683:Drivers/STM32F7xx_HAL_Driver/Src/stm32f7xx_hal_pcd.c ****   __HAL_UNLOCK(hpcd);
 684:Drivers/STM32F7xx_HAL_Driver/Src/stm32f7xx_hal_pcd.c **** 
 685:Drivers/STM32F7xx_HAL_Driver/Src/stm32f7xx_hal_pcd.c ****   return status;
 686:Drivers/STM32F7xx_HAL_Driver/Src/stm32f7xx_hal_pcd.c **** }
 687:Drivers/STM32F7xx_HAL_Driver/Src/stm32f7xx_hal_pcd.c **** 
 688:Drivers/STM32F7xx_HAL_Driver/Src/stm32f7xx_hal_pcd.c **** /**
 689:Drivers/STM32F7xx_HAL_Driver/Src/stm32f7xx_hal_pcd.c ****   * @brief  Register USB PCD Iso OUT incomplete Callback
 690:Drivers/STM32F7xx_HAL_Driver/Src/stm32f7xx_hal_pcd.c ****   *         To be used instead of the weak HAL_PCD_ISOOUTIncompleteCallback() predefined callback
 691:Drivers/STM32F7xx_HAL_Driver/Src/stm32f7xx_hal_pcd.c ****   * @param  hpcd PCD handle
 692:Drivers/STM32F7xx_HAL_Driver/Src/stm32f7xx_hal_pcd.c ****   * @param  pCallback pointer to the USB PCD Iso OUT incomplete Callback function
 693:Drivers/STM32F7xx_HAL_Driver/Src/stm32f7xx_hal_pcd.c ****   * @retval HAL status
 694:Drivers/STM32F7xx_HAL_Driver/Src/stm32f7xx_hal_pcd.c ****   */
 695:Drivers/STM32F7xx_HAL_Driver/Src/stm32f7xx_hal_pcd.c **** HAL_StatusTypeDef HAL_PCD_RegisterIsoOutIncpltCallback(PCD_HandleTypeDef *hpcd,
 696:Drivers/STM32F7xx_HAL_Driver/Src/stm32f7xx_hal_pcd.c ****                                                        pPCD_IsoOutIncpltCallbackTypeDef pCallback)
 697:Drivers/STM32F7xx_HAL_Driver/Src/stm32f7xx_hal_pcd.c **** {
 698:Drivers/STM32F7xx_HAL_Driver/Src/stm32f7xx_hal_pcd.c ****   HAL_StatusTypeDef status = HAL_OK;
 699:Drivers/STM32F7xx_HAL_Driver/Src/stm32f7xx_hal_pcd.c **** 
 700:Drivers/STM32F7xx_HAL_Driver/Src/stm32f7xx_hal_pcd.c ****   if (pCallback == NULL)
 701:Drivers/STM32F7xx_HAL_Driver/Src/stm32f7xx_hal_pcd.c ****   {
 702:Drivers/STM32F7xx_HAL_Driver/Src/stm32f7xx_hal_pcd.c ****     /* Update the error code */
 703:Drivers/STM32F7xx_HAL_Driver/Src/stm32f7xx_hal_pcd.c ****     hpcd->ErrorCode |= HAL_PCD_ERROR_INVALID_CALLBACK;
 704:Drivers/STM32F7xx_HAL_Driver/Src/stm32f7xx_hal_pcd.c **** 
 705:Drivers/STM32F7xx_HAL_Driver/Src/stm32f7xx_hal_pcd.c ****     return HAL_ERROR;
 706:Drivers/STM32F7xx_HAL_Driver/Src/stm32f7xx_hal_pcd.c ****   }
 707:Drivers/STM32F7xx_HAL_Driver/Src/stm32f7xx_hal_pcd.c **** 
 708:Drivers/STM32F7xx_HAL_Driver/Src/stm32f7xx_hal_pcd.c ****   /* Process locked */
 709:Drivers/STM32F7xx_HAL_Driver/Src/stm32f7xx_hal_pcd.c ****   __HAL_LOCK(hpcd);
 710:Drivers/STM32F7xx_HAL_Driver/Src/stm32f7xx_hal_pcd.c **** 
 711:Drivers/STM32F7xx_HAL_Driver/Src/stm32f7xx_hal_pcd.c ****   if (hpcd->State == HAL_PCD_STATE_READY)
 712:Drivers/STM32F7xx_HAL_Driver/Src/stm32f7xx_hal_pcd.c ****   {
 713:Drivers/STM32F7xx_HAL_Driver/Src/stm32f7xx_hal_pcd.c ****     hpcd->ISOOUTIncompleteCallback = pCallback;
 714:Drivers/STM32F7xx_HAL_Driver/Src/stm32f7xx_hal_pcd.c ****   }
ARM GAS  /tmp/cciuNOwn.s 			page 14


 715:Drivers/STM32F7xx_HAL_Driver/Src/stm32f7xx_hal_pcd.c ****   else
 716:Drivers/STM32F7xx_HAL_Driver/Src/stm32f7xx_hal_pcd.c ****   {
 717:Drivers/STM32F7xx_HAL_Driver/Src/stm32f7xx_hal_pcd.c ****     /* Update the error code */
 718:Drivers/STM32F7xx_HAL_Driver/Src/stm32f7xx_hal_pcd.c ****     hpcd->ErrorCode |= HAL_PCD_ERROR_INVALID_CALLBACK;
 719:Drivers/STM32F7xx_HAL_Driver/Src/stm32f7xx_hal_pcd.c **** 
 720:Drivers/STM32F7xx_HAL_Driver/Src/stm32f7xx_hal_pcd.c ****     /* Return error status */
 721:Drivers/STM32F7xx_HAL_Driver/Src/stm32f7xx_hal_pcd.c ****     status =  HAL_ERROR;
 722:Drivers/STM32F7xx_HAL_Driver/Src/stm32f7xx_hal_pcd.c ****   }
 723:Drivers/STM32F7xx_HAL_Driver/Src/stm32f7xx_hal_pcd.c **** 
 724:Drivers/STM32F7xx_HAL_Driver/Src/stm32f7xx_hal_pcd.c ****   /* Release Lock */
 725:Drivers/STM32F7xx_HAL_Driver/Src/stm32f7xx_hal_pcd.c ****   __HAL_UNLOCK(hpcd);
 726:Drivers/STM32F7xx_HAL_Driver/Src/stm32f7xx_hal_pcd.c **** 
 727:Drivers/STM32F7xx_HAL_Driver/Src/stm32f7xx_hal_pcd.c ****   return status;
 728:Drivers/STM32F7xx_HAL_Driver/Src/stm32f7xx_hal_pcd.c **** }
 729:Drivers/STM32F7xx_HAL_Driver/Src/stm32f7xx_hal_pcd.c **** 
 730:Drivers/STM32F7xx_HAL_Driver/Src/stm32f7xx_hal_pcd.c **** /**
 731:Drivers/STM32F7xx_HAL_Driver/Src/stm32f7xx_hal_pcd.c ****   * @brief  Unregister the USB PCD Iso OUT incomplete Callback
 732:Drivers/STM32F7xx_HAL_Driver/Src/stm32f7xx_hal_pcd.c ****   *         USB PCD Iso OUT incomplete Callback is redirected
 733:Drivers/STM32F7xx_HAL_Driver/Src/stm32f7xx_hal_pcd.c ****   *         to the weak HAL_PCD_ISOOUTIncompleteCallback() predefined callback
 734:Drivers/STM32F7xx_HAL_Driver/Src/stm32f7xx_hal_pcd.c ****   * @param  hpcd PCD handle
 735:Drivers/STM32F7xx_HAL_Driver/Src/stm32f7xx_hal_pcd.c ****   * @retval HAL status
 736:Drivers/STM32F7xx_HAL_Driver/Src/stm32f7xx_hal_pcd.c ****   */
 737:Drivers/STM32F7xx_HAL_Driver/Src/stm32f7xx_hal_pcd.c **** HAL_StatusTypeDef HAL_PCD_UnRegisterIsoOutIncpltCallback(PCD_HandleTypeDef *hpcd)
 738:Drivers/STM32F7xx_HAL_Driver/Src/stm32f7xx_hal_pcd.c **** {
 739:Drivers/STM32F7xx_HAL_Driver/Src/stm32f7xx_hal_pcd.c ****   HAL_StatusTypeDef status = HAL_OK;
 740:Drivers/STM32F7xx_HAL_Driver/Src/stm32f7xx_hal_pcd.c **** 
 741:Drivers/STM32F7xx_HAL_Driver/Src/stm32f7xx_hal_pcd.c ****   /* Process locked */
 742:Drivers/STM32F7xx_HAL_Driver/Src/stm32f7xx_hal_pcd.c ****   __HAL_LOCK(hpcd);
 743:Drivers/STM32F7xx_HAL_Driver/Src/stm32f7xx_hal_pcd.c **** 
 744:Drivers/STM32F7xx_HAL_Driver/Src/stm32f7xx_hal_pcd.c ****   if (hpcd->State == HAL_PCD_STATE_READY)
 745:Drivers/STM32F7xx_HAL_Driver/Src/stm32f7xx_hal_pcd.c ****   {
 746:Drivers/STM32F7xx_HAL_Driver/Src/stm32f7xx_hal_pcd.c ****     hpcd->ISOOUTIncompleteCallback = HAL_PCD_ISOOUTIncompleteCallback; /* Legacy weak ISOOUTIncompl
 747:Drivers/STM32F7xx_HAL_Driver/Src/stm32f7xx_hal_pcd.c ****   }
 748:Drivers/STM32F7xx_HAL_Driver/Src/stm32f7xx_hal_pcd.c ****   else
 749:Drivers/STM32F7xx_HAL_Driver/Src/stm32f7xx_hal_pcd.c ****   {
 750:Drivers/STM32F7xx_HAL_Driver/Src/stm32f7xx_hal_pcd.c ****     /* Update the error code */
 751:Drivers/STM32F7xx_HAL_Driver/Src/stm32f7xx_hal_pcd.c ****     hpcd->ErrorCode |= HAL_PCD_ERROR_INVALID_CALLBACK;
 752:Drivers/STM32F7xx_HAL_Driver/Src/stm32f7xx_hal_pcd.c **** 
 753:Drivers/STM32F7xx_HAL_Driver/Src/stm32f7xx_hal_pcd.c ****     /* Return error status */
 754:Drivers/STM32F7xx_HAL_Driver/Src/stm32f7xx_hal_pcd.c ****     status =  HAL_ERROR;
 755:Drivers/STM32F7xx_HAL_Driver/Src/stm32f7xx_hal_pcd.c ****   }
 756:Drivers/STM32F7xx_HAL_Driver/Src/stm32f7xx_hal_pcd.c **** 
 757:Drivers/STM32F7xx_HAL_Driver/Src/stm32f7xx_hal_pcd.c ****   /* Release Lock */
 758:Drivers/STM32F7xx_HAL_Driver/Src/stm32f7xx_hal_pcd.c ****   __HAL_UNLOCK(hpcd);
 759:Drivers/STM32F7xx_HAL_Driver/Src/stm32f7xx_hal_pcd.c **** 
 760:Drivers/STM32F7xx_HAL_Driver/Src/stm32f7xx_hal_pcd.c ****   return status;
 761:Drivers/STM32F7xx_HAL_Driver/Src/stm32f7xx_hal_pcd.c **** }
 762:Drivers/STM32F7xx_HAL_Driver/Src/stm32f7xx_hal_pcd.c **** 
 763:Drivers/STM32F7xx_HAL_Driver/Src/stm32f7xx_hal_pcd.c **** /**
 764:Drivers/STM32F7xx_HAL_Driver/Src/stm32f7xx_hal_pcd.c ****   * @brief  Register USB PCD Iso IN incomplete Callback
 765:Drivers/STM32F7xx_HAL_Driver/Src/stm32f7xx_hal_pcd.c ****   *         To be used instead of the weak HAL_PCD_ISOINIncompleteCallback() predefined callback
 766:Drivers/STM32F7xx_HAL_Driver/Src/stm32f7xx_hal_pcd.c ****   * @param  hpcd PCD handle
 767:Drivers/STM32F7xx_HAL_Driver/Src/stm32f7xx_hal_pcd.c ****   * @param  pCallback pointer to the USB PCD Iso IN incomplete Callback function
 768:Drivers/STM32F7xx_HAL_Driver/Src/stm32f7xx_hal_pcd.c ****   * @retval HAL status
 769:Drivers/STM32F7xx_HAL_Driver/Src/stm32f7xx_hal_pcd.c ****   */
 770:Drivers/STM32F7xx_HAL_Driver/Src/stm32f7xx_hal_pcd.c **** HAL_StatusTypeDef HAL_PCD_RegisterIsoInIncpltCallback(PCD_HandleTypeDef *hpcd,
 771:Drivers/STM32F7xx_HAL_Driver/Src/stm32f7xx_hal_pcd.c ****                                                       pPCD_IsoInIncpltCallbackTypeDef pCallback)
ARM GAS  /tmp/cciuNOwn.s 			page 15


 772:Drivers/STM32F7xx_HAL_Driver/Src/stm32f7xx_hal_pcd.c **** {
 773:Drivers/STM32F7xx_HAL_Driver/Src/stm32f7xx_hal_pcd.c ****   HAL_StatusTypeDef status = HAL_OK;
 774:Drivers/STM32F7xx_HAL_Driver/Src/stm32f7xx_hal_pcd.c **** 
 775:Drivers/STM32F7xx_HAL_Driver/Src/stm32f7xx_hal_pcd.c ****   if (pCallback == NULL)
 776:Drivers/STM32F7xx_HAL_Driver/Src/stm32f7xx_hal_pcd.c ****   {
 777:Drivers/STM32F7xx_HAL_Driver/Src/stm32f7xx_hal_pcd.c ****     /* Update the error code */
 778:Drivers/STM32F7xx_HAL_Driver/Src/stm32f7xx_hal_pcd.c ****     hpcd->ErrorCode |= HAL_PCD_ERROR_INVALID_CALLBACK;
 779:Drivers/STM32F7xx_HAL_Driver/Src/stm32f7xx_hal_pcd.c **** 
 780:Drivers/STM32F7xx_HAL_Driver/Src/stm32f7xx_hal_pcd.c ****     return HAL_ERROR;
 781:Drivers/STM32F7xx_HAL_Driver/Src/stm32f7xx_hal_pcd.c ****   }
 782:Drivers/STM32F7xx_HAL_Driver/Src/stm32f7xx_hal_pcd.c **** 
 783:Drivers/STM32F7xx_HAL_Driver/Src/stm32f7xx_hal_pcd.c ****   /* Process locked */
 784:Drivers/STM32F7xx_HAL_Driver/Src/stm32f7xx_hal_pcd.c ****   __HAL_LOCK(hpcd);
 785:Drivers/STM32F7xx_HAL_Driver/Src/stm32f7xx_hal_pcd.c **** 
 786:Drivers/STM32F7xx_HAL_Driver/Src/stm32f7xx_hal_pcd.c ****   if (hpcd->State == HAL_PCD_STATE_READY)
 787:Drivers/STM32F7xx_HAL_Driver/Src/stm32f7xx_hal_pcd.c ****   {
 788:Drivers/STM32F7xx_HAL_Driver/Src/stm32f7xx_hal_pcd.c ****     hpcd->ISOINIncompleteCallback = pCallback;
 789:Drivers/STM32F7xx_HAL_Driver/Src/stm32f7xx_hal_pcd.c ****   }
 790:Drivers/STM32F7xx_HAL_Driver/Src/stm32f7xx_hal_pcd.c ****   else
 791:Drivers/STM32F7xx_HAL_Driver/Src/stm32f7xx_hal_pcd.c ****   {
 792:Drivers/STM32F7xx_HAL_Driver/Src/stm32f7xx_hal_pcd.c ****     /* Update the error code */
 793:Drivers/STM32F7xx_HAL_Driver/Src/stm32f7xx_hal_pcd.c ****     hpcd->ErrorCode |= HAL_PCD_ERROR_INVALID_CALLBACK;
 794:Drivers/STM32F7xx_HAL_Driver/Src/stm32f7xx_hal_pcd.c **** 
 795:Drivers/STM32F7xx_HAL_Driver/Src/stm32f7xx_hal_pcd.c ****     /* Return error status */
 796:Drivers/STM32F7xx_HAL_Driver/Src/stm32f7xx_hal_pcd.c ****     status =  HAL_ERROR;
 797:Drivers/STM32F7xx_HAL_Driver/Src/stm32f7xx_hal_pcd.c ****   }
 798:Drivers/STM32F7xx_HAL_Driver/Src/stm32f7xx_hal_pcd.c **** 
 799:Drivers/STM32F7xx_HAL_Driver/Src/stm32f7xx_hal_pcd.c ****   /* Release Lock */
 800:Drivers/STM32F7xx_HAL_Driver/Src/stm32f7xx_hal_pcd.c ****   __HAL_UNLOCK(hpcd);
 801:Drivers/STM32F7xx_HAL_Driver/Src/stm32f7xx_hal_pcd.c **** 
 802:Drivers/STM32F7xx_HAL_Driver/Src/stm32f7xx_hal_pcd.c ****   return status;
 803:Drivers/STM32F7xx_HAL_Driver/Src/stm32f7xx_hal_pcd.c **** }
 804:Drivers/STM32F7xx_HAL_Driver/Src/stm32f7xx_hal_pcd.c **** 
 805:Drivers/STM32F7xx_HAL_Driver/Src/stm32f7xx_hal_pcd.c **** /**
 806:Drivers/STM32F7xx_HAL_Driver/Src/stm32f7xx_hal_pcd.c ****   * @brief  Unregister the USB PCD Iso IN incomplete Callback
 807:Drivers/STM32F7xx_HAL_Driver/Src/stm32f7xx_hal_pcd.c ****   *         USB PCD Iso IN incomplete Callback is redirected
 808:Drivers/STM32F7xx_HAL_Driver/Src/stm32f7xx_hal_pcd.c ****   *         to the weak HAL_PCD_ISOINIncompleteCallback() predefined callback
 809:Drivers/STM32F7xx_HAL_Driver/Src/stm32f7xx_hal_pcd.c ****   * @param  hpcd PCD handle
 810:Drivers/STM32F7xx_HAL_Driver/Src/stm32f7xx_hal_pcd.c ****   * @retval HAL status
 811:Drivers/STM32F7xx_HAL_Driver/Src/stm32f7xx_hal_pcd.c ****   */
 812:Drivers/STM32F7xx_HAL_Driver/Src/stm32f7xx_hal_pcd.c **** HAL_StatusTypeDef HAL_PCD_UnRegisterIsoInIncpltCallback(PCD_HandleTypeDef *hpcd)
 813:Drivers/STM32F7xx_HAL_Driver/Src/stm32f7xx_hal_pcd.c **** {
 814:Drivers/STM32F7xx_HAL_Driver/Src/stm32f7xx_hal_pcd.c ****   HAL_StatusTypeDef status = HAL_OK;
 815:Drivers/STM32F7xx_HAL_Driver/Src/stm32f7xx_hal_pcd.c **** 
 816:Drivers/STM32F7xx_HAL_Driver/Src/stm32f7xx_hal_pcd.c ****   /* Process locked */
 817:Drivers/STM32F7xx_HAL_Driver/Src/stm32f7xx_hal_pcd.c ****   __HAL_LOCK(hpcd);
 818:Drivers/STM32F7xx_HAL_Driver/Src/stm32f7xx_hal_pcd.c **** 
 819:Drivers/STM32F7xx_HAL_Driver/Src/stm32f7xx_hal_pcd.c ****   if (hpcd->State == HAL_PCD_STATE_READY)
 820:Drivers/STM32F7xx_HAL_Driver/Src/stm32f7xx_hal_pcd.c ****   {
 821:Drivers/STM32F7xx_HAL_Driver/Src/stm32f7xx_hal_pcd.c ****     hpcd->ISOINIncompleteCallback = HAL_PCD_ISOINIncompleteCallback; /* Legacy weak ISOINIncomplete
 822:Drivers/STM32F7xx_HAL_Driver/Src/stm32f7xx_hal_pcd.c ****   }
 823:Drivers/STM32F7xx_HAL_Driver/Src/stm32f7xx_hal_pcd.c ****   else
 824:Drivers/STM32F7xx_HAL_Driver/Src/stm32f7xx_hal_pcd.c ****   {
 825:Drivers/STM32F7xx_HAL_Driver/Src/stm32f7xx_hal_pcd.c ****     /* Update the error code */
 826:Drivers/STM32F7xx_HAL_Driver/Src/stm32f7xx_hal_pcd.c ****     hpcd->ErrorCode |= HAL_PCD_ERROR_INVALID_CALLBACK;
 827:Drivers/STM32F7xx_HAL_Driver/Src/stm32f7xx_hal_pcd.c **** 
 828:Drivers/STM32F7xx_HAL_Driver/Src/stm32f7xx_hal_pcd.c ****     /* Return error status */
ARM GAS  /tmp/cciuNOwn.s 			page 16


 829:Drivers/STM32F7xx_HAL_Driver/Src/stm32f7xx_hal_pcd.c ****     status =  HAL_ERROR;
 830:Drivers/STM32F7xx_HAL_Driver/Src/stm32f7xx_hal_pcd.c ****   }
 831:Drivers/STM32F7xx_HAL_Driver/Src/stm32f7xx_hal_pcd.c **** 
 832:Drivers/STM32F7xx_HAL_Driver/Src/stm32f7xx_hal_pcd.c ****   /* Release Lock */
 833:Drivers/STM32F7xx_HAL_Driver/Src/stm32f7xx_hal_pcd.c ****   __HAL_UNLOCK(hpcd);
 834:Drivers/STM32F7xx_HAL_Driver/Src/stm32f7xx_hal_pcd.c **** 
 835:Drivers/STM32F7xx_HAL_Driver/Src/stm32f7xx_hal_pcd.c ****   return status;
 836:Drivers/STM32F7xx_HAL_Driver/Src/stm32f7xx_hal_pcd.c **** }
 837:Drivers/STM32F7xx_HAL_Driver/Src/stm32f7xx_hal_pcd.c **** 
 838:Drivers/STM32F7xx_HAL_Driver/Src/stm32f7xx_hal_pcd.c **** /**
 839:Drivers/STM32F7xx_HAL_Driver/Src/stm32f7xx_hal_pcd.c ****   * @brief  Register USB PCD LPM Callback
 840:Drivers/STM32F7xx_HAL_Driver/Src/stm32f7xx_hal_pcd.c ****   *         To be used instead of the weak HAL_PCDEx_LPM_Callback() predefined callback
 841:Drivers/STM32F7xx_HAL_Driver/Src/stm32f7xx_hal_pcd.c ****   * @param  hpcd PCD handle
 842:Drivers/STM32F7xx_HAL_Driver/Src/stm32f7xx_hal_pcd.c ****   * @param  pCallback pointer to the USB PCD LPM Callback function
 843:Drivers/STM32F7xx_HAL_Driver/Src/stm32f7xx_hal_pcd.c ****   * @retval HAL status
 844:Drivers/STM32F7xx_HAL_Driver/Src/stm32f7xx_hal_pcd.c ****   */
 845:Drivers/STM32F7xx_HAL_Driver/Src/stm32f7xx_hal_pcd.c **** HAL_StatusTypeDef HAL_PCD_RegisterLpmCallback(PCD_HandleTypeDef *hpcd, pPCD_LpmCallbackTypeDef pCal
 846:Drivers/STM32F7xx_HAL_Driver/Src/stm32f7xx_hal_pcd.c **** {
 847:Drivers/STM32F7xx_HAL_Driver/Src/stm32f7xx_hal_pcd.c ****   HAL_StatusTypeDef status = HAL_OK;
 848:Drivers/STM32F7xx_HAL_Driver/Src/stm32f7xx_hal_pcd.c **** 
 849:Drivers/STM32F7xx_HAL_Driver/Src/stm32f7xx_hal_pcd.c ****   if (pCallback == NULL)
 850:Drivers/STM32F7xx_HAL_Driver/Src/stm32f7xx_hal_pcd.c ****   {
 851:Drivers/STM32F7xx_HAL_Driver/Src/stm32f7xx_hal_pcd.c ****     /* Update the error code */
 852:Drivers/STM32F7xx_HAL_Driver/Src/stm32f7xx_hal_pcd.c ****     hpcd->ErrorCode |= HAL_PCD_ERROR_INVALID_CALLBACK;
 853:Drivers/STM32F7xx_HAL_Driver/Src/stm32f7xx_hal_pcd.c **** 
 854:Drivers/STM32F7xx_HAL_Driver/Src/stm32f7xx_hal_pcd.c ****     return HAL_ERROR;
 855:Drivers/STM32F7xx_HAL_Driver/Src/stm32f7xx_hal_pcd.c ****   }
 856:Drivers/STM32F7xx_HAL_Driver/Src/stm32f7xx_hal_pcd.c **** 
 857:Drivers/STM32F7xx_HAL_Driver/Src/stm32f7xx_hal_pcd.c ****   /* Process locked */
 858:Drivers/STM32F7xx_HAL_Driver/Src/stm32f7xx_hal_pcd.c ****   __HAL_LOCK(hpcd);
 859:Drivers/STM32F7xx_HAL_Driver/Src/stm32f7xx_hal_pcd.c **** 
 860:Drivers/STM32F7xx_HAL_Driver/Src/stm32f7xx_hal_pcd.c ****   if (hpcd->State == HAL_PCD_STATE_READY)
 861:Drivers/STM32F7xx_HAL_Driver/Src/stm32f7xx_hal_pcd.c ****   {
 862:Drivers/STM32F7xx_HAL_Driver/Src/stm32f7xx_hal_pcd.c ****     hpcd->LPMCallback = pCallback;
 863:Drivers/STM32F7xx_HAL_Driver/Src/stm32f7xx_hal_pcd.c ****   }
 864:Drivers/STM32F7xx_HAL_Driver/Src/stm32f7xx_hal_pcd.c ****   else
 865:Drivers/STM32F7xx_HAL_Driver/Src/stm32f7xx_hal_pcd.c ****   {
 866:Drivers/STM32F7xx_HAL_Driver/Src/stm32f7xx_hal_pcd.c ****     /* Update the error code */
 867:Drivers/STM32F7xx_HAL_Driver/Src/stm32f7xx_hal_pcd.c ****     hpcd->ErrorCode |= HAL_PCD_ERROR_INVALID_CALLBACK;
 868:Drivers/STM32F7xx_HAL_Driver/Src/stm32f7xx_hal_pcd.c **** 
 869:Drivers/STM32F7xx_HAL_Driver/Src/stm32f7xx_hal_pcd.c ****     /* Return error status */
 870:Drivers/STM32F7xx_HAL_Driver/Src/stm32f7xx_hal_pcd.c ****     status =  HAL_ERROR;
 871:Drivers/STM32F7xx_HAL_Driver/Src/stm32f7xx_hal_pcd.c ****   }
 872:Drivers/STM32F7xx_HAL_Driver/Src/stm32f7xx_hal_pcd.c **** 
 873:Drivers/STM32F7xx_HAL_Driver/Src/stm32f7xx_hal_pcd.c ****   /* Release Lock */
 874:Drivers/STM32F7xx_HAL_Driver/Src/stm32f7xx_hal_pcd.c ****   __HAL_UNLOCK(hpcd);
 875:Drivers/STM32F7xx_HAL_Driver/Src/stm32f7xx_hal_pcd.c **** 
 876:Drivers/STM32F7xx_HAL_Driver/Src/stm32f7xx_hal_pcd.c ****   return status;
 877:Drivers/STM32F7xx_HAL_Driver/Src/stm32f7xx_hal_pcd.c **** }
 878:Drivers/STM32F7xx_HAL_Driver/Src/stm32f7xx_hal_pcd.c **** 
 879:Drivers/STM32F7xx_HAL_Driver/Src/stm32f7xx_hal_pcd.c **** /**
 880:Drivers/STM32F7xx_HAL_Driver/Src/stm32f7xx_hal_pcd.c ****   * @brief  Unregister the USB PCD LPM Callback
 881:Drivers/STM32F7xx_HAL_Driver/Src/stm32f7xx_hal_pcd.c ****   *         USB LPM Callback is redirected to the weak HAL_PCDEx_LPM_Callback() predefined callback
 882:Drivers/STM32F7xx_HAL_Driver/Src/stm32f7xx_hal_pcd.c ****   * @param  hpcd PCD handle
 883:Drivers/STM32F7xx_HAL_Driver/Src/stm32f7xx_hal_pcd.c ****   * @retval HAL status
 884:Drivers/STM32F7xx_HAL_Driver/Src/stm32f7xx_hal_pcd.c ****   */
 885:Drivers/STM32F7xx_HAL_Driver/Src/stm32f7xx_hal_pcd.c **** HAL_StatusTypeDef HAL_PCD_UnRegisterLpmCallback(PCD_HandleTypeDef *hpcd)
ARM GAS  /tmp/cciuNOwn.s 			page 17


 886:Drivers/STM32F7xx_HAL_Driver/Src/stm32f7xx_hal_pcd.c **** {
 887:Drivers/STM32F7xx_HAL_Driver/Src/stm32f7xx_hal_pcd.c ****   HAL_StatusTypeDef status = HAL_OK;
 888:Drivers/STM32F7xx_HAL_Driver/Src/stm32f7xx_hal_pcd.c **** 
 889:Drivers/STM32F7xx_HAL_Driver/Src/stm32f7xx_hal_pcd.c ****   /* Process locked */
 890:Drivers/STM32F7xx_HAL_Driver/Src/stm32f7xx_hal_pcd.c ****   __HAL_LOCK(hpcd);
 891:Drivers/STM32F7xx_HAL_Driver/Src/stm32f7xx_hal_pcd.c **** 
 892:Drivers/STM32F7xx_HAL_Driver/Src/stm32f7xx_hal_pcd.c ****   if (hpcd->State == HAL_PCD_STATE_READY)
 893:Drivers/STM32F7xx_HAL_Driver/Src/stm32f7xx_hal_pcd.c ****   {
 894:Drivers/STM32F7xx_HAL_Driver/Src/stm32f7xx_hal_pcd.c ****     hpcd->LPMCallback = HAL_PCDEx_LPM_Callback; /* Legacy weak HAL_PCDEx_LPM_Callback  */
 895:Drivers/STM32F7xx_HAL_Driver/Src/stm32f7xx_hal_pcd.c ****   }
 896:Drivers/STM32F7xx_HAL_Driver/Src/stm32f7xx_hal_pcd.c ****   else
 897:Drivers/STM32F7xx_HAL_Driver/Src/stm32f7xx_hal_pcd.c ****   {
 898:Drivers/STM32F7xx_HAL_Driver/Src/stm32f7xx_hal_pcd.c ****     /* Update the error code */
 899:Drivers/STM32F7xx_HAL_Driver/Src/stm32f7xx_hal_pcd.c ****     hpcd->ErrorCode |= HAL_PCD_ERROR_INVALID_CALLBACK;
 900:Drivers/STM32F7xx_HAL_Driver/Src/stm32f7xx_hal_pcd.c **** 
 901:Drivers/STM32F7xx_HAL_Driver/Src/stm32f7xx_hal_pcd.c ****     /* Return error status */
 902:Drivers/STM32F7xx_HAL_Driver/Src/stm32f7xx_hal_pcd.c ****     status =  HAL_ERROR;
 903:Drivers/STM32F7xx_HAL_Driver/Src/stm32f7xx_hal_pcd.c ****   }
 904:Drivers/STM32F7xx_HAL_Driver/Src/stm32f7xx_hal_pcd.c **** 
 905:Drivers/STM32F7xx_HAL_Driver/Src/stm32f7xx_hal_pcd.c ****   /* Release Lock */
 906:Drivers/STM32F7xx_HAL_Driver/Src/stm32f7xx_hal_pcd.c ****   __HAL_UNLOCK(hpcd);
 907:Drivers/STM32F7xx_HAL_Driver/Src/stm32f7xx_hal_pcd.c **** 
 908:Drivers/STM32F7xx_HAL_Driver/Src/stm32f7xx_hal_pcd.c ****   return status;
 909:Drivers/STM32F7xx_HAL_Driver/Src/stm32f7xx_hal_pcd.c **** }
 910:Drivers/STM32F7xx_HAL_Driver/Src/stm32f7xx_hal_pcd.c **** #endif /* USE_HAL_PCD_REGISTER_CALLBACKS */
 911:Drivers/STM32F7xx_HAL_Driver/Src/stm32f7xx_hal_pcd.c **** 
 912:Drivers/STM32F7xx_HAL_Driver/Src/stm32f7xx_hal_pcd.c **** /**
 913:Drivers/STM32F7xx_HAL_Driver/Src/stm32f7xx_hal_pcd.c ****   * @}
 914:Drivers/STM32F7xx_HAL_Driver/Src/stm32f7xx_hal_pcd.c ****   */
 915:Drivers/STM32F7xx_HAL_Driver/Src/stm32f7xx_hal_pcd.c **** 
 916:Drivers/STM32F7xx_HAL_Driver/Src/stm32f7xx_hal_pcd.c **** /** @defgroup PCD_Exported_Functions_Group2 Input and Output operation functions
 917:Drivers/STM32F7xx_HAL_Driver/Src/stm32f7xx_hal_pcd.c ****   *  @brief   Data transfers functions
 918:Drivers/STM32F7xx_HAL_Driver/Src/stm32f7xx_hal_pcd.c ****   *
 919:Drivers/STM32F7xx_HAL_Driver/Src/stm32f7xx_hal_pcd.c **** @verbatim
 920:Drivers/STM32F7xx_HAL_Driver/Src/stm32f7xx_hal_pcd.c ****  ===============================================================================
 921:Drivers/STM32F7xx_HAL_Driver/Src/stm32f7xx_hal_pcd.c ****                       ##### IO operation functions #####
 922:Drivers/STM32F7xx_HAL_Driver/Src/stm32f7xx_hal_pcd.c ****  ===============================================================================
 923:Drivers/STM32F7xx_HAL_Driver/Src/stm32f7xx_hal_pcd.c ****     [..]
 924:Drivers/STM32F7xx_HAL_Driver/Src/stm32f7xx_hal_pcd.c ****     This subsection provides a set of functions allowing to manage the PCD data
 925:Drivers/STM32F7xx_HAL_Driver/Src/stm32f7xx_hal_pcd.c ****     transfers.
 926:Drivers/STM32F7xx_HAL_Driver/Src/stm32f7xx_hal_pcd.c **** 
 927:Drivers/STM32F7xx_HAL_Driver/Src/stm32f7xx_hal_pcd.c **** @endverbatim
 928:Drivers/STM32F7xx_HAL_Driver/Src/stm32f7xx_hal_pcd.c ****   * @{
 929:Drivers/STM32F7xx_HAL_Driver/Src/stm32f7xx_hal_pcd.c ****   */
 930:Drivers/STM32F7xx_HAL_Driver/Src/stm32f7xx_hal_pcd.c **** 
 931:Drivers/STM32F7xx_HAL_Driver/Src/stm32f7xx_hal_pcd.c **** /**
 932:Drivers/STM32F7xx_HAL_Driver/Src/stm32f7xx_hal_pcd.c ****   * @brief  Start the USB device
 933:Drivers/STM32F7xx_HAL_Driver/Src/stm32f7xx_hal_pcd.c ****   * @param  hpcd PCD handle
 934:Drivers/STM32F7xx_HAL_Driver/Src/stm32f7xx_hal_pcd.c ****   * @retval HAL status
 935:Drivers/STM32F7xx_HAL_Driver/Src/stm32f7xx_hal_pcd.c ****   */
 936:Drivers/STM32F7xx_HAL_Driver/Src/stm32f7xx_hal_pcd.c **** HAL_StatusTypeDef HAL_PCD_Start(PCD_HandleTypeDef *hpcd)
 937:Drivers/STM32F7xx_HAL_Driver/Src/stm32f7xx_hal_pcd.c **** {
 938:Drivers/STM32F7xx_HAL_Driver/Src/stm32f7xx_hal_pcd.c ****   __HAL_LOCK(hpcd);
 939:Drivers/STM32F7xx_HAL_Driver/Src/stm32f7xx_hal_pcd.c ****   __HAL_PCD_ENABLE(hpcd);
 940:Drivers/STM32F7xx_HAL_Driver/Src/stm32f7xx_hal_pcd.c ****   (void)USB_DevConnect(hpcd->Instance);
 941:Drivers/STM32F7xx_HAL_Driver/Src/stm32f7xx_hal_pcd.c ****   __HAL_UNLOCK(hpcd);
 942:Drivers/STM32F7xx_HAL_Driver/Src/stm32f7xx_hal_pcd.c **** 
ARM GAS  /tmp/cciuNOwn.s 			page 18


 943:Drivers/STM32F7xx_HAL_Driver/Src/stm32f7xx_hal_pcd.c ****   return HAL_OK;
 944:Drivers/STM32F7xx_HAL_Driver/Src/stm32f7xx_hal_pcd.c **** }
 945:Drivers/STM32F7xx_HAL_Driver/Src/stm32f7xx_hal_pcd.c **** 
 946:Drivers/STM32F7xx_HAL_Driver/Src/stm32f7xx_hal_pcd.c **** /**
 947:Drivers/STM32F7xx_HAL_Driver/Src/stm32f7xx_hal_pcd.c ****   * @brief  Stop the USB device.
 948:Drivers/STM32F7xx_HAL_Driver/Src/stm32f7xx_hal_pcd.c ****   * @param  hpcd PCD handle
 949:Drivers/STM32F7xx_HAL_Driver/Src/stm32f7xx_hal_pcd.c ****   * @retval HAL status
 950:Drivers/STM32F7xx_HAL_Driver/Src/stm32f7xx_hal_pcd.c ****   */
 951:Drivers/STM32F7xx_HAL_Driver/Src/stm32f7xx_hal_pcd.c **** HAL_StatusTypeDef HAL_PCD_Stop(PCD_HandleTypeDef *hpcd)
 952:Drivers/STM32F7xx_HAL_Driver/Src/stm32f7xx_hal_pcd.c **** {
 953:Drivers/STM32F7xx_HAL_Driver/Src/stm32f7xx_hal_pcd.c ****   __HAL_LOCK(hpcd);
 954:Drivers/STM32F7xx_HAL_Driver/Src/stm32f7xx_hal_pcd.c ****   __HAL_PCD_DISABLE(hpcd);
 955:Drivers/STM32F7xx_HAL_Driver/Src/stm32f7xx_hal_pcd.c ****   (void)USB_DevDisconnect(hpcd->Instance);
 956:Drivers/STM32F7xx_HAL_Driver/Src/stm32f7xx_hal_pcd.c **** 
 957:Drivers/STM32F7xx_HAL_Driver/Src/stm32f7xx_hal_pcd.c ****   (void)USB_FlushTxFifo(hpcd->Instance, 0x10U);
 958:Drivers/STM32F7xx_HAL_Driver/Src/stm32f7xx_hal_pcd.c **** 
 959:Drivers/STM32F7xx_HAL_Driver/Src/stm32f7xx_hal_pcd.c ****   __HAL_UNLOCK(hpcd);
 960:Drivers/STM32F7xx_HAL_Driver/Src/stm32f7xx_hal_pcd.c **** 
 961:Drivers/STM32F7xx_HAL_Driver/Src/stm32f7xx_hal_pcd.c ****   return HAL_OK;
 962:Drivers/STM32F7xx_HAL_Driver/Src/stm32f7xx_hal_pcd.c **** }
 963:Drivers/STM32F7xx_HAL_Driver/Src/stm32f7xx_hal_pcd.c **** 
 964:Drivers/STM32F7xx_HAL_Driver/Src/stm32f7xx_hal_pcd.c **** #if defined (USB_OTG_FS) || defined (USB_OTG_HS)
 965:Drivers/STM32F7xx_HAL_Driver/Src/stm32f7xx_hal_pcd.c **** /**
 966:Drivers/STM32F7xx_HAL_Driver/Src/stm32f7xx_hal_pcd.c ****   * @brief  Handles PCD interrupt request.
 967:Drivers/STM32F7xx_HAL_Driver/Src/stm32f7xx_hal_pcd.c ****   * @param  hpcd PCD handle
 968:Drivers/STM32F7xx_HAL_Driver/Src/stm32f7xx_hal_pcd.c ****   * @retval HAL status
 969:Drivers/STM32F7xx_HAL_Driver/Src/stm32f7xx_hal_pcd.c ****   */
 970:Drivers/STM32F7xx_HAL_Driver/Src/stm32f7xx_hal_pcd.c **** void HAL_PCD_IRQHandler(PCD_HandleTypeDef *hpcd)
 971:Drivers/STM32F7xx_HAL_Driver/Src/stm32f7xx_hal_pcd.c **** {
 972:Drivers/STM32F7xx_HAL_Driver/Src/stm32f7xx_hal_pcd.c ****   USB_OTG_GlobalTypeDef *USBx = hpcd->Instance;
 973:Drivers/STM32F7xx_HAL_Driver/Src/stm32f7xx_hal_pcd.c ****   uint32_t USBx_BASE = (uint32_t)USBx;
 974:Drivers/STM32F7xx_HAL_Driver/Src/stm32f7xx_hal_pcd.c ****   USB_OTG_EPTypeDef *ep;
 975:Drivers/STM32F7xx_HAL_Driver/Src/stm32f7xx_hal_pcd.c ****   uint32_t i;
 976:Drivers/STM32F7xx_HAL_Driver/Src/stm32f7xx_hal_pcd.c ****   uint32_t ep_intr;
 977:Drivers/STM32F7xx_HAL_Driver/Src/stm32f7xx_hal_pcd.c ****   uint32_t epint;
 978:Drivers/STM32F7xx_HAL_Driver/Src/stm32f7xx_hal_pcd.c ****   uint32_t epnum;
 979:Drivers/STM32F7xx_HAL_Driver/Src/stm32f7xx_hal_pcd.c ****   uint32_t fifoemptymsk;
 980:Drivers/STM32F7xx_HAL_Driver/Src/stm32f7xx_hal_pcd.c ****   uint32_t RegVal;
 981:Drivers/STM32F7xx_HAL_Driver/Src/stm32f7xx_hal_pcd.c **** 
 982:Drivers/STM32F7xx_HAL_Driver/Src/stm32f7xx_hal_pcd.c ****   /* ensure that we are in device mode */
 983:Drivers/STM32F7xx_HAL_Driver/Src/stm32f7xx_hal_pcd.c ****   if (USB_GetMode(hpcd->Instance) == USB_OTG_MODE_DEVICE)
 984:Drivers/STM32F7xx_HAL_Driver/Src/stm32f7xx_hal_pcd.c ****   {
 985:Drivers/STM32F7xx_HAL_Driver/Src/stm32f7xx_hal_pcd.c ****     /* avoid spurious interrupt */
 986:Drivers/STM32F7xx_HAL_Driver/Src/stm32f7xx_hal_pcd.c ****     if (__HAL_PCD_IS_INVALID_INTERRUPT(hpcd))
 987:Drivers/STM32F7xx_HAL_Driver/Src/stm32f7xx_hal_pcd.c ****     {
 988:Drivers/STM32F7xx_HAL_Driver/Src/stm32f7xx_hal_pcd.c ****       return;
 989:Drivers/STM32F7xx_HAL_Driver/Src/stm32f7xx_hal_pcd.c ****     }
 990:Drivers/STM32F7xx_HAL_Driver/Src/stm32f7xx_hal_pcd.c **** 
 991:Drivers/STM32F7xx_HAL_Driver/Src/stm32f7xx_hal_pcd.c ****     /* store current frame number */
 992:Drivers/STM32F7xx_HAL_Driver/Src/stm32f7xx_hal_pcd.c ****     hpcd->FrameNumber = (USBx_DEVICE->DSTS & USB_OTG_DSTS_FNSOF_Msk) >> USB_OTG_DSTS_FNSOF_Pos;
 993:Drivers/STM32F7xx_HAL_Driver/Src/stm32f7xx_hal_pcd.c **** 
 994:Drivers/STM32F7xx_HAL_Driver/Src/stm32f7xx_hal_pcd.c ****     if (__HAL_PCD_GET_FLAG(hpcd, USB_OTG_GINTSTS_MMIS))
 995:Drivers/STM32F7xx_HAL_Driver/Src/stm32f7xx_hal_pcd.c ****     {
 996:Drivers/STM32F7xx_HAL_Driver/Src/stm32f7xx_hal_pcd.c ****       /* incorrect mode, acknowledge the interrupt */
 997:Drivers/STM32F7xx_HAL_Driver/Src/stm32f7xx_hal_pcd.c ****       __HAL_PCD_CLEAR_FLAG(hpcd, USB_OTG_GINTSTS_MMIS);
 998:Drivers/STM32F7xx_HAL_Driver/Src/stm32f7xx_hal_pcd.c ****     }
 999:Drivers/STM32F7xx_HAL_Driver/Src/stm32f7xx_hal_pcd.c **** 
ARM GAS  /tmp/cciuNOwn.s 			page 19


1000:Drivers/STM32F7xx_HAL_Driver/Src/stm32f7xx_hal_pcd.c ****     /* Handle RxQLevel Interrupt */
1001:Drivers/STM32F7xx_HAL_Driver/Src/stm32f7xx_hal_pcd.c ****     if (__HAL_PCD_GET_FLAG(hpcd, USB_OTG_GINTSTS_RXFLVL))
1002:Drivers/STM32F7xx_HAL_Driver/Src/stm32f7xx_hal_pcd.c ****     {
1003:Drivers/STM32F7xx_HAL_Driver/Src/stm32f7xx_hal_pcd.c ****       USB_MASK_INTERRUPT(hpcd->Instance, USB_OTG_GINTSTS_RXFLVL);
1004:Drivers/STM32F7xx_HAL_Driver/Src/stm32f7xx_hal_pcd.c **** 
1005:Drivers/STM32F7xx_HAL_Driver/Src/stm32f7xx_hal_pcd.c ****       RegVal = USBx->GRXSTSP;
1006:Drivers/STM32F7xx_HAL_Driver/Src/stm32f7xx_hal_pcd.c **** 
1007:Drivers/STM32F7xx_HAL_Driver/Src/stm32f7xx_hal_pcd.c ****       ep = &hpcd->OUT_ep[RegVal & USB_OTG_GRXSTSP_EPNUM];
1008:Drivers/STM32F7xx_HAL_Driver/Src/stm32f7xx_hal_pcd.c **** 
1009:Drivers/STM32F7xx_HAL_Driver/Src/stm32f7xx_hal_pcd.c ****       if (((RegVal & USB_OTG_GRXSTSP_PKTSTS) >> 17) ==  STS_DATA_UPDT)
1010:Drivers/STM32F7xx_HAL_Driver/Src/stm32f7xx_hal_pcd.c ****       {
1011:Drivers/STM32F7xx_HAL_Driver/Src/stm32f7xx_hal_pcd.c ****         if ((RegVal & USB_OTG_GRXSTSP_BCNT) != 0U)
1012:Drivers/STM32F7xx_HAL_Driver/Src/stm32f7xx_hal_pcd.c ****         {
1013:Drivers/STM32F7xx_HAL_Driver/Src/stm32f7xx_hal_pcd.c ****           (void)USB_ReadPacket(USBx, ep->xfer_buff,
1014:Drivers/STM32F7xx_HAL_Driver/Src/stm32f7xx_hal_pcd.c ****                                (uint16_t)((RegVal & USB_OTG_GRXSTSP_BCNT) >> 4));
1015:Drivers/STM32F7xx_HAL_Driver/Src/stm32f7xx_hal_pcd.c **** 
1016:Drivers/STM32F7xx_HAL_Driver/Src/stm32f7xx_hal_pcd.c ****           ep->xfer_buff += (RegVal & USB_OTG_GRXSTSP_BCNT) >> 4;
1017:Drivers/STM32F7xx_HAL_Driver/Src/stm32f7xx_hal_pcd.c ****           ep->xfer_count += (RegVal & USB_OTG_GRXSTSP_BCNT) >> 4;
1018:Drivers/STM32F7xx_HAL_Driver/Src/stm32f7xx_hal_pcd.c ****         }
1019:Drivers/STM32F7xx_HAL_Driver/Src/stm32f7xx_hal_pcd.c ****       }
1020:Drivers/STM32F7xx_HAL_Driver/Src/stm32f7xx_hal_pcd.c ****       else if (((RegVal & USB_OTG_GRXSTSP_PKTSTS) >> 17) == STS_SETUP_UPDT)
1021:Drivers/STM32F7xx_HAL_Driver/Src/stm32f7xx_hal_pcd.c ****       {
1022:Drivers/STM32F7xx_HAL_Driver/Src/stm32f7xx_hal_pcd.c ****         (void)USB_ReadPacket(USBx, (uint8_t *)hpcd->Setup, 8U);
1023:Drivers/STM32F7xx_HAL_Driver/Src/stm32f7xx_hal_pcd.c ****         ep->xfer_count += (RegVal & USB_OTG_GRXSTSP_BCNT) >> 4;
1024:Drivers/STM32F7xx_HAL_Driver/Src/stm32f7xx_hal_pcd.c ****       }
1025:Drivers/STM32F7xx_HAL_Driver/Src/stm32f7xx_hal_pcd.c ****       else
1026:Drivers/STM32F7xx_HAL_Driver/Src/stm32f7xx_hal_pcd.c ****       {
1027:Drivers/STM32F7xx_HAL_Driver/Src/stm32f7xx_hal_pcd.c ****         /* ... */
1028:Drivers/STM32F7xx_HAL_Driver/Src/stm32f7xx_hal_pcd.c ****       }
1029:Drivers/STM32F7xx_HAL_Driver/Src/stm32f7xx_hal_pcd.c **** 
1030:Drivers/STM32F7xx_HAL_Driver/Src/stm32f7xx_hal_pcd.c ****       USB_UNMASK_INTERRUPT(hpcd->Instance, USB_OTG_GINTSTS_RXFLVL);
1031:Drivers/STM32F7xx_HAL_Driver/Src/stm32f7xx_hal_pcd.c ****     }
1032:Drivers/STM32F7xx_HAL_Driver/Src/stm32f7xx_hal_pcd.c **** 
1033:Drivers/STM32F7xx_HAL_Driver/Src/stm32f7xx_hal_pcd.c ****     if (__HAL_PCD_GET_FLAG(hpcd, USB_OTG_GINTSTS_OEPINT))
1034:Drivers/STM32F7xx_HAL_Driver/Src/stm32f7xx_hal_pcd.c ****     {
1035:Drivers/STM32F7xx_HAL_Driver/Src/stm32f7xx_hal_pcd.c ****       epnum = 0U;
1036:Drivers/STM32F7xx_HAL_Driver/Src/stm32f7xx_hal_pcd.c **** 
1037:Drivers/STM32F7xx_HAL_Driver/Src/stm32f7xx_hal_pcd.c ****       /* Read in the device interrupt bits */
1038:Drivers/STM32F7xx_HAL_Driver/Src/stm32f7xx_hal_pcd.c ****       ep_intr = USB_ReadDevAllOutEpInterrupt(hpcd->Instance);
1039:Drivers/STM32F7xx_HAL_Driver/Src/stm32f7xx_hal_pcd.c **** 
1040:Drivers/STM32F7xx_HAL_Driver/Src/stm32f7xx_hal_pcd.c ****       while (ep_intr != 0U)
1041:Drivers/STM32F7xx_HAL_Driver/Src/stm32f7xx_hal_pcd.c ****       {
1042:Drivers/STM32F7xx_HAL_Driver/Src/stm32f7xx_hal_pcd.c ****         if ((ep_intr & 0x1U) != 0U)
1043:Drivers/STM32F7xx_HAL_Driver/Src/stm32f7xx_hal_pcd.c ****         {
1044:Drivers/STM32F7xx_HAL_Driver/Src/stm32f7xx_hal_pcd.c ****           epint = USB_ReadDevOutEPInterrupt(hpcd->Instance, (uint8_t)epnum);
1045:Drivers/STM32F7xx_HAL_Driver/Src/stm32f7xx_hal_pcd.c **** 
1046:Drivers/STM32F7xx_HAL_Driver/Src/stm32f7xx_hal_pcd.c ****           if ((epint & USB_OTG_DOEPINT_XFRC) == USB_OTG_DOEPINT_XFRC)
1047:Drivers/STM32F7xx_HAL_Driver/Src/stm32f7xx_hal_pcd.c ****           {
1048:Drivers/STM32F7xx_HAL_Driver/Src/stm32f7xx_hal_pcd.c ****             CLEAR_OUT_EP_INTR(epnum, USB_OTG_DOEPINT_XFRC);
1049:Drivers/STM32F7xx_HAL_Driver/Src/stm32f7xx_hal_pcd.c ****             (void)PCD_EP_OutXfrComplete_int(hpcd, epnum);
1050:Drivers/STM32F7xx_HAL_Driver/Src/stm32f7xx_hal_pcd.c ****           }
1051:Drivers/STM32F7xx_HAL_Driver/Src/stm32f7xx_hal_pcd.c **** 
1052:Drivers/STM32F7xx_HAL_Driver/Src/stm32f7xx_hal_pcd.c ****           if ((epint & USB_OTG_DOEPINT_STUP) == USB_OTG_DOEPINT_STUP)
1053:Drivers/STM32F7xx_HAL_Driver/Src/stm32f7xx_hal_pcd.c ****           {
1054:Drivers/STM32F7xx_HAL_Driver/Src/stm32f7xx_hal_pcd.c ****             CLEAR_OUT_EP_INTR(epnum, USB_OTG_DOEPINT_STUP);
1055:Drivers/STM32F7xx_HAL_Driver/Src/stm32f7xx_hal_pcd.c ****             /* Class B setup phase done for previous decoded setup */
1056:Drivers/STM32F7xx_HAL_Driver/Src/stm32f7xx_hal_pcd.c ****             (void)PCD_EP_OutSetupPacket_int(hpcd, epnum);
ARM GAS  /tmp/cciuNOwn.s 			page 20


1057:Drivers/STM32F7xx_HAL_Driver/Src/stm32f7xx_hal_pcd.c ****           }
1058:Drivers/STM32F7xx_HAL_Driver/Src/stm32f7xx_hal_pcd.c **** 
1059:Drivers/STM32F7xx_HAL_Driver/Src/stm32f7xx_hal_pcd.c ****           if ((epint & USB_OTG_DOEPINT_OTEPDIS) == USB_OTG_DOEPINT_OTEPDIS)
1060:Drivers/STM32F7xx_HAL_Driver/Src/stm32f7xx_hal_pcd.c ****           {
1061:Drivers/STM32F7xx_HAL_Driver/Src/stm32f7xx_hal_pcd.c ****             CLEAR_OUT_EP_INTR(epnum, USB_OTG_DOEPINT_OTEPDIS);
1062:Drivers/STM32F7xx_HAL_Driver/Src/stm32f7xx_hal_pcd.c ****           }
1063:Drivers/STM32F7xx_HAL_Driver/Src/stm32f7xx_hal_pcd.c **** 
1064:Drivers/STM32F7xx_HAL_Driver/Src/stm32f7xx_hal_pcd.c ****           /* Clear OUT Endpoint disable interrupt */
1065:Drivers/STM32F7xx_HAL_Driver/Src/stm32f7xx_hal_pcd.c ****           if ((epint & USB_OTG_DOEPINT_EPDISD) == USB_OTG_DOEPINT_EPDISD)
1066:Drivers/STM32F7xx_HAL_Driver/Src/stm32f7xx_hal_pcd.c ****           {
1067:Drivers/STM32F7xx_HAL_Driver/Src/stm32f7xx_hal_pcd.c ****             if ((USBx->GINTSTS & USB_OTG_GINTSTS_BOUTNAKEFF) == USB_OTG_GINTSTS_BOUTNAKEFF)
1068:Drivers/STM32F7xx_HAL_Driver/Src/stm32f7xx_hal_pcd.c ****             {
1069:Drivers/STM32F7xx_HAL_Driver/Src/stm32f7xx_hal_pcd.c ****               USBx_DEVICE->DCTL |= USB_OTG_DCTL_CGONAK;
1070:Drivers/STM32F7xx_HAL_Driver/Src/stm32f7xx_hal_pcd.c ****             }
1071:Drivers/STM32F7xx_HAL_Driver/Src/stm32f7xx_hal_pcd.c **** 
1072:Drivers/STM32F7xx_HAL_Driver/Src/stm32f7xx_hal_pcd.c ****             ep = &hpcd->OUT_ep[epnum];
1073:Drivers/STM32F7xx_HAL_Driver/Src/stm32f7xx_hal_pcd.c **** 
1074:Drivers/STM32F7xx_HAL_Driver/Src/stm32f7xx_hal_pcd.c ****             if (ep->is_iso_incomplete == 1U)
1075:Drivers/STM32F7xx_HAL_Driver/Src/stm32f7xx_hal_pcd.c ****             {
1076:Drivers/STM32F7xx_HAL_Driver/Src/stm32f7xx_hal_pcd.c ****               ep->is_iso_incomplete = 0U;
1077:Drivers/STM32F7xx_HAL_Driver/Src/stm32f7xx_hal_pcd.c **** 
1078:Drivers/STM32F7xx_HAL_Driver/Src/stm32f7xx_hal_pcd.c **** #if (USE_HAL_PCD_REGISTER_CALLBACKS == 1U)
1079:Drivers/STM32F7xx_HAL_Driver/Src/stm32f7xx_hal_pcd.c ****               hpcd->ISOOUTIncompleteCallback(hpcd, (uint8_t)epnum);
1080:Drivers/STM32F7xx_HAL_Driver/Src/stm32f7xx_hal_pcd.c **** #else
1081:Drivers/STM32F7xx_HAL_Driver/Src/stm32f7xx_hal_pcd.c ****               HAL_PCD_ISOOUTIncompleteCallback(hpcd, (uint8_t)epnum);
1082:Drivers/STM32F7xx_HAL_Driver/Src/stm32f7xx_hal_pcd.c **** #endif /* USE_HAL_PCD_REGISTER_CALLBACKS */
1083:Drivers/STM32F7xx_HAL_Driver/Src/stm32f7xx_hal_pcd.c ****             }
1084:Drivers/STM32F7xx_HAL_Driver/Src/stm32f7xx_hal_pcd.c **** 
1085:Drivers/STM32F7xx_HAL_Driver/Src/stm32f7xx_hal_pcd.c ****             CLEAR_OUT_EP_INTR(epnum, USB_OTG_DOEPINT_EPDISD);
1086:Drivers/STM32F7xx_HAL_Driver/Src/stm32f7xx_hal_pcd.c ****           }
1087:Drivers/STM32F7xx_HAL_Driver/Src/stm32f7xx_hal_pcd.c **** 
1088:Drivers/STM32F7xx_HAL_Driver/Src/stm32f7xx_hal_pcd.c ****           /* Clear Status Phase Received interrupt */
1089:Drivers/STM32F7xx_HAL_Driver/Src/stm32f7xx_hal_pcd.c ****           if ((epint & USB_OTG_DOEPINT_OTEPSPR) == USB_OTG_DOEPINT_OTEPSPR)
1090:Drivers/STM32F7xx_HAL_Driver/Src/stm32f7xx_hal_pcd.c ****           {
1091:Drivers/STM32F7xx_HAL_Driver/Src/stm32f7xx_hal_pcd.c ****             CLEAR_OUT_EP_INTR(epnum, USB_OTG_DOEPINT_OTEPSPR);
1092:Drivers/STM32F7xx_HAL_Driver/Src/stm32f7xx_hal_pcd.c ****           }
1093:Drivers/STM32F7xx_HAL_Driver/Src/stm32f7xx_hal_pcd.c **** 
1094:Drivers/STM32F7xx_HAL_Driver/Src/stm32f7xx_hal_pcd.c ****           /* Clear OUT NAK interrupt */
1095:Drivers/STM32F7xx_HAL_Driver/Src/stm32f7xx_hal_pcd.c ****           if ((epint & USB_OTG_DOEPINT_NAK) == USB_OTG_DOEPINT_NAK)
1096:Drivers/STM32F7xx_HAL_Driver/Src/stm32f7xx_hal_pcd.c ****           {
1097:Drivers/STM32F7xx_HAL_Driver/Src/stm32f7xx_hal_pcd.c ****             CLEAR_OUT_EP_INTR(epnum, USB_OTG_DOEPINT_NAK);
1098:Drivers/STM32F7xx_HAL_Driver/Src/stm32f7xx_hal_pcd.c ****           }
1099:Drivers/STM32F7xx_HAL_Driver/Src/stm32f7xx_hal_pcd.c ****         }
1100:Drivers/STM32F7xx_HAL_Driver/Src/stm32f7xx_hal_pcd.c ****         epnum++;
1101:Drivers/STM32F7xx_HAL_Driver/Src/stm32f7xx_hal_pcd.c ****         ep_intr >>= 1U;
1102:Drivers/STM32F7xx_HAL_Driver/Src/stm32f7xx_hal_pcd.c ****       }
1103:Drivers/STM32F7xx_HAL_Driver/Src/stm32f7xx_hal_pcd.c ****     }
1104:Drivers/STM32F7xx_HAL_Driver/Src/stm32f7xx_hal_pcd.c **** 
1105:Drivers/STM32F7xx_HAL_Driver/Src/stm32f7xx_hal_pcd.c ****     if (__HAL_PCD_GET_FLAG(hpcd, USB_OTG_GINTSTS_IEPINT))
1106:Drivers/STM32F7xx_HAL_Driver/Src/stm32f7xx_hal_pcd.c ****     {
1107:Drivers/STM32F7xx_HAL_Driver/Src/stm32f7xx_hal_pcd.c ****       /* Read in the device interrupt bits */
1108:Drivers/STM32F7xx_HAL_Driver/Src/stm32f7xx_hal_pcd.c ****       ep_intr = USB_ReadDevAllInEpInterrupt(hpcd->Instance);
1109:Drivers/STM32F7xx_HAL_Driver/Src/stm32f7xx_hal_pcd.c **** 
1110:Drivers/STM32F7xx_HAL_Driver/Src/stm32f7xx_hal_pcd.c ****       epnum = 0U;
1111:Drivers/STM32F7xx_HAL_Driver/Src/stm32f7xx_hal_pcd.c **** 
1112:Drivers/STM32F7xx_HAL_Driver/Src/stm32f7xx_hal_pcd.c ****       while (ep_intr != 0U)
1113:Drivers/STM32F7xx_HAL_Driver/Src/stm32f7xx_hal_pcd.c ****       {
ARM GAS  /tmp/cciuNOwn.s 			page 21


1114:Drivers/STM32F7xx_HAL_Driver/Src/stm32f7xx_hal_pcd.c ****         if ((ep_intr & 0x1U) != 0U) /* In ITR */
1115:Drivers/STM32F7xx_HAL_Driver/Src/stm32f7xx_hal_pcd.c ****         {
1116:Drivers/STM32F7xx_HAL_Driver/Src/stm32f7xx_hal_pcd.c ****           epint = USB_ReadDevInEPInterrupt(hpcd->Instance, (uint8_t)epnum);
1117:Drivers/STM32F7xx_HAL_Driver/Src/stm32f7xx_hal_pcd.c **** 
1118:Drivers/STM32F7xx_HAL_Driver/Src/stm32f7xx_hal_pcd.c ****           if ((epint & USB_OTG_DIEPINT_XFRC) == USB_OTG_DIEPINT_XFRC)
1119:Drivers/STM32F7xx_HAL_Driver/Src/stm32f7xx_hal_pcd.c ****           {
1120:Drivers/STM32F7xx_HAL_Driver/Src/stm32f7xx_hal_pcd.c ****             fifoemptymsk = (uint32_t)(0x1UL << (epnum & EP_ADDR_MSK));
1121:Drivers/STM32F7xx_HAL_Driver/Src/stm32f7xx_hal_pcd.c ****             USBx_DEVICE->DIEPEMPMSK &= ~fifoemptymsk;
1122:Drivers/STM32F7xx_HAL_Driver/Src/stm32f7xx_hal_pcd.c **** 
1123:Drivers/STM32F7xx_HAL_Driver/Src/stm32f7xx_hal_pcd.c ****             CLEAR_IN_EP_INTR(epnum, USB_OTG_DIEPINT_XFRC);
1124:Drivers/STM32F7xx_HAL_Driver/Src/stm32f7xx_hal_pcd.c **** 
1125:Drivers/STM32F7xx_HAL_Driver/Src/stm32f7xx_hal_pcd.c ****             if (hpcd->Init.dma_enable == 1U)
1126:Drivers/STM32F7xx_HAL_Driver/Src/stm32f7xx_hal_pcd.c ****             {
1127:Drivers/STM32F7xx_HAL_Driver/Src/stm32f7xx_hal_pcd.c ****               hpcd->IN_ep[epnum].xfer_buff += hpcd->IN_ep[epnum].maxpacket;
1128:Drivers/STM32F7xx_HAL_Driver/Src/stm32f7xx_hal_pcd.c **** 
1129:Drivers/STM32F7xx_HAL_Driver/Src/stm32f7xx_hal_pcd.c ****               /* this is ZLP, so prepare EP0 for next setup */
1130:Drivers/STM32F7xx_HAL_Driver/Src/stm32f7xx_hal_pcd.c ****               if ((epnum == 0U) && (hpcd->IN_ep[epnum].xfer_len == 0U))
1131:Drivers/STM32F7xx_HAL_Driver/Src/stm32f7xx_hal_pcd.c ****               {
1132:Drivers/STM32F7xx_HAL_Driver/Src/stm32f7xx_hal_pcd.c ****                 /* prepare to rx more setup packets */
1133:Drivers/STM32F7xx_HAL_Driver/Src/stm32f7xx_hal_pcd.c ****                 (void)USB_EP0_OutStart(hpcd->Instance, 1U, (uint8_t *)hpcd->Setup);
1134:Drivers/STM32F7xx_HAL_Driver/Src/stm32f7xx_hal_pcd.c ****               }
1135:Drivers/STM32F7xx_HAL_Driver/Src/stm32f7xx_hal_pcd.c ****             }
1136:Drivers/STM32F7xx_HAL_Driver/Src/stm32f7xx_hal_pcd.c **** 
1137:Drivers/STM32F7xx_HAL_Driver/Src/stm32f7xx_hal_pcd.c **** #if (USE_HAL_PCD_REGISTER_CALLBACKS == 1U)
1138:Drivers/STM32F7xx_HAL_Driver/Src/stm32f7xx_hal_pcd.c ****             hpcd->DataInStageCallback(hpcd, (uint8_t)epnum);
1139:Drivers/STM32F7xx_HAL_Driver/Src/stm32f7xx_hal_pcd.c **** #else
1140:Drivers/STM32F7xx_HAL_Driver/Src/stm32f7xx_hal_pcd.c ****             HAL_PCD_DataInStageCallback(hpcd, (uint8_t)epnum);
1141:Drivers/STM32F7xx_HAL_Driver/Src/stm32f7xx_hal_pcd.c **** #endif /* USE_HAL_PCD_REGISTER_CALLBACKS */
1142:Drivers/STM32F7xx_HAL_Driver/Src/stm32f7xx_hal_pcd.c ****           }
1143:Drivers/STM32F7xx_HAL_Driver/Src/stm32f7xx_hal_pcd.c ****           if ((epint & USB_OTG_DIEPINT_TOC) == USB_OTG_DIEPINT_TOC)
1144:Drivers/STM32F7xx_HAL_Driver/Src/stm32f7xx_hal_pcd.c ****           {
1145:Drivers/STM32F7xx_HAL_Driver/Src/stm32f7xx_hal_pcd.c ****             CLEAR_IN_EP_INTR(epnum, USB_OTG_DIEPINT_TOC);
1146:Drivers/STM32F7xx_HAL_Driver/Src/stm32f7xx_hal_pcd.c ****           }
1147:Drivers/STM32F7xx_HAL_Driver/Src/stm32f7xx_hal_pcd.c ****           if ((epint & USB_OTG_DIEPINT_ITTXFE) == USB_OTG_DIEPINT_ITTXFE)
1148:Drivers/STM32F7xx_HAL_Driver/Src/stm32f7xx_hal_pcd.c ****           {
1149:Drivers/STM32F7xx_HAL_Driver/Src/stm32f7xx_hal_pcd.c ****             CLEAR_IN_EP_INTR(epnum, USB_OTG_DIEPINT_ITTXFE);
1150:Drivers/STM32F7xx_HAL_Driver/Src/stm32f7xx_hal_pcd.c ****           }
1151:Drivers/STM32F7xx_HAL_Driver/Src/stm32f7xx_hal_pcd.c ****           if ((epint & USB_OTG_DIEPINT_INEPNE) == USB_OTG_DIEPINT_INEPNE)
1152:Drivers/STM32F7xx_HAL_Driver/Src/stm32f7xx_hal_pcd.c ****           {
1153:Drivers/STM32F7xx_HAL_Driver/Src/stm32f7xx_hal_pcd.c ****             CLEAR_IN_EP_INTR(epnum, USB_OTG_DIEPINT_INEPNE);
1154:Drivers/STM32F7xx_HAL_Driver/Src/stm32f7xx_hal_pcd.c ****           }
1155:Drivers/STM32F7xx_HAL_Driver/Src/stm32f7xx_hal_pcd.c ****           if ((epint & USB_OTG_DIEPINT_EPDISD) == USB_OTG_DIEPINT_EPDISD)
1156:Drivers/STM32F7xx_HAL_Driver/Src/stm32f7xx_hal_pcd.c ****           {
1157:Drivers/STM32F7xx_HAL_Driver/Src/stm32f7xx_hal_pcd.c ****             (void)USB_FlushTxFifo(USBx, epnum);
1158:Drivers/STM32F7xx_HAL_Driver/Src/stm32f7xx_hal_pcd.c **** 
1159:Drivers/STM32F7xx_HAL_Driver/Src/stm32f7xx_hal_pcd.c ****             ep = &hpcd->IN_ep[epnum];
1160:Drivers/STM32F7xx_HAL_Driver/Src/stm32f7xx_hal_pcd.c **** 
1161:Drivers/STM32F7xx_HAL_Driver/Src/stm32f7xx_hal_pcd.c ****             if (ep->is_iso_incomplete == 1U)
1162:Drivers/STM32F7xx_HAL_Driver/Src/stm32f7xx_hal_pcd.c ****             {
1163:Drivers/STM32F7xx_HAL_Driver/Src/stm32f7xx_hal_pcd.c ****               ep->is_iso_incomplete = 0U;
1164:Drivers/STM32F7xx_HAL_Driver/Src/stm32f7xx_hal_pcd.c **** 
1165:Drivers/STM32F7xx_HAL_Driver/Src/stm32f7xx_hal_pcd.c **** #if (USE_HAL_PCD_REGISTER_CALLBACKS == 1U)
1166:Drivers/STM32F7xx_HAL_Driver/Src/stm32f7xx_hal_pcd.c ****               hpcd->ISOINIncompleteCallback(hpcd, (uint8_t)epnum);
1167:Drivers/STM32F7xx_HAL_Driver/Src/stm32f7xx_hal_pcd.c **** #else
1168:Drivers/STM32F7xx_HAL_Driver/Src/stm32f7xx_hal_pcd.c ****               HAL_PCD_ISOINIncompleteCallback(hpcd, (uint8_t)epnum);
1169:Drivers/STM32F7xx_HAL_Driver/Src/stm32f7xx_hal_pcd.c **** #endif /* USE_HAL_PCD_REGISTER_CALLBACKS */
1170:Drivers/STM32F7xx_HAL_Driver/Src/stm32f7xx_hal_pcd.c ****             }
ARM GAS  /tmp/cciuNOwn.s 			page 22


1171:Drivers/STM32F7xx_HAL_Driver/Src/stm32f7xx_hal_pcd.c **** 
1172:Drivers/STM32F7xx_HAL_Driver/Src/stm32f7xx_hal_pcd.c ****             CLEAR_IN_EP_INTR(epnum, USB_OTG_DIEPINT_EPDISD);
1173:Drivers/STM32F7xx_HAL_Driver/Src/stm32f7xx_hal_pcd.c ****           }
1174:Drivers/STM32F7xx_HAL_Driver/Src/stm32f7xx_hal_pcd.c ****           if ((epint & USB_OTG_DIEPINT_TXFE) == USB_OTG_DIEPINT_TXFE)
1175:Drivers/STM32F7xx_HAL_Driver/Src/stm32f7xx_hal_pcd.c ****           {
1176:Drivers/STM32F7xx_HAL_Driver/Src/stm32f7xx_hal_pcd.c ****             (void)PCD_WriteEmptyTxFifo(hpcd, epnum);
1177:Drivers/STM32F7xx_HAL_Driver/Src/stm32f7xx_hal_pcd.c ****           }
1178:Drivers/STM32F7xx_HAL_Driver/Src/stm32f7xx_hal_pcd.c ****         }
1179:Drivers/STM32F7xx_HAL_Driver/Src/stm32f7xx_hal_pcd.c ****         epnum++;
1180:Drivers/STM32F7xx_HAL_Driver/Src/stm32f7xx_hal_pcd.c ****         ep_intr >>= 1U;
1181:Drivers/STM32F7xx_HAL_Driver/Src/stm32f7xx_hal_pcd.c ****       }
1182:Drivers/STM32F7xx_HAL_Driver/Src/stm32f7xx_hal_pcd.c ****     }
1183:Drivers/STM32F7xx_HAL_Driver/Src/stm32f7xx_hal_pcd.c **** 
1184:Drivers/STM32F7xx_HAL_Driver/Src/stm32f7xx_hal_pcd.c ****     /* Handle Resume Interrupt */
1185:Drivers/STM32F7xx_HAL_Driver/Src/stm32f7xx_hal_pcd.c ****     if (__HAL_PCD_GET_FLAG(hpcd, USB_OTG_GINTSTS_WKUINT))
1186:Drivers/STM32F7xx_HAL_Driver/Src/stm32f7xx_hal_pcd.c ****     {
1187:Drivers/STM32F7xx_HAL_Driver/Src/stm32f7xx_hal_pcd.c ****       /* Clear the Remote Wake-up Signaling */
1188:Drivers/STM32F7xx_HAL_Driver/Src/stm32f7xx_hal_pcd.c ****       USBx_DEVICE->DCTL &= ~USB_OTG_DCTL_RWUSIG;
1189:Drivers/STM32F7xx_HAL_Driver/Src/stm32f7xx_hal_pcd.c **** 
1190:Drivers/STM32F7xx_HAL_Driver/Src/stm32f7xx_hal_pcd.c ****       if (hpcd->LPM_State == LPM_L1)
1191:Drivers/STM32F7xx_HAL_Driver/Src/stm32f7xx_hal_pcd.c ****       {
1192:Drivers/STM32F7xx_HAL_Driver/Src/stm32f7xx_hal_pcd.c ****         hpcd->LPM_State = LPM_L0;
1193:Drivers/STM32F7xx_HAL_Driver/Src/stm32f7xx_hal_pcd.c **** 
1194:Drivers/STM32F7xx_HAL_Driver/Src/stm32f7xx_hal_pcd.c **** #if (USE_HAL_PCD_REGISTER_CALLBACKS == 1U)
1195:Drivers/STM32F7xx_HAL_Driver/Src/stm32f7xx_hal_pcd.c ****         hpcd->LPMCallback(hpcd, PCD_LPM_L0_ACTIVE);
1196:Drivers/STM32F7xx_HAL_Driver/Src/stm32f7xx_hal_pcd.c **** #else
1197:Drivers/STM32F7xx_HAL_Driver/Src/stm32f7xx_hal_pcd.c ****         HAL_PCDEx_LPM_Callback(hpcd, PCD_LPM_L0_ACTIVE);
1198:Drivers/STM32F7xx_HAL_Driver/Src/stm32f7xx_hal_pcd.c **** #endif /* USE_HAL_PCD_REGISTER_CALLBACKS */
1199:Drivers/STM32F7xx_HAL_Driver/Src/stm32f7xx_hal_pcd.c ****       }
1200:Drivers/STM32F7xx_HAL_Driver/Src/stm32f7xx_hal_pcd.c ****       else
1201:Drivers/STM32F7xx_HAL_Driver/Src/stm32f7xx_hal_pcd.c ****       {
1202:Drivers/STM32F7xx_HAL_Driver/Src/stm32f7xx_hal_pcd.c **** #if (USE_HAL_PCD_REGISTER_CALLBACKS == 1U)
1203:Drivers/STM32F7xx_HAL_Driver/Src/stm32f7xx_hal_pcd.c ****         hpcd->ResumeCallback(hpcd);
1204:Drivers/STM32F7xx_HAL_Driver/Src/stm32f7xx_hal_pcd.c **** #else
1205:Drivers/STM32F7xx_HAL_Driver/Src/stm32f7xx_hal_pcd.c ****         HAL_PCD_ResumeCallback(hpcd);
1206:Drivers/STM32F7xx_HAL_Driver/Src/stm32f7xx_hal_pcd.c **** #endif /* USE_HAL_PCD_REGISTER_CALLBACKS */
1207:Drivers/STM32F7xx_HAL_Driver/Src/stm32f7xx_hal_pcd.c ****       }
1208:Drivers/STM32F7xx_HAL_Driver/Src/stm32f7xx_hal_pcd.c **** 
1209:Drivers/STM32F7xx_HAL_Driver/Src/stm32f7xx_hal_pcd.c ****       __HAL_PCD_CLEAR_FLAG(hpcd, USB_OTG_GINTSTS_WKUINT);
1210:Drivers/STM32F7xx_HAL_Driver/Src/stm32f7xx_hal_pcd.c ****     }
1211:Drivers/STM32F7xx_HAL_Driver/Src/stm32f7xx_hal_pcd.c **** 
1212:Drivers/STM32F7xx_HAL_Driver/Src/stm32f7xx_hal_pcd.c ****     /* Handle Suspend Interrupt */
1213:Drivers/STM32F7xx_HAL_Driver/Src/stm32f7xx_hal_pcd.c ****     if (__HAL_PCD_GET_FLAG(hpcd, USB_OTG_GINTSTS_USBSUSP))
1214:Drivers/STM32F7xx_HAL_Driver/Src/stm32f7xx_hal_pcd.c ****     {
1215:Drivers/STM32F7xx_HAL_Driver/Src/stm32f7xx_hal_pcd.c ****       if ((USBx_DEVICE->DSTS & USB_OTG_DSTS_SUSPSTS) == USB_OTG_DSTS_SUSPSTS)
1216:Drivers/STM32F7xx_HAL_Driver/Src/stm32f7xx_hal_pcd.c ****       {
1217:Drivers/STM32F7xx_HAL_Driver/Src/stm32f7xx_hal_pcd.c **** #if (USE_HAL_PCD_REGISTER_CALLBACKS == 1U)
1218:Drivers/STM32F7xx_HAL_Driver/Src/stm32f7xx_hal_pcd.c ****         hpcd->SuspendCallback(hpcd);
1219:Drivers/STM32F7xx_HAL_Driver/Src/stm32f7xx_hal_pcd.c **** #else
1220:Drivers/STM32F7xx_HAL_Driver/Src/stm32f7xx_hal_pcd.c ****         HAL_PCD_SuspendCallback(hpcd);
1221:Drivers/STM32F7xx_HAL_Driver/Src/stm32f7xx_hal_pcd.c **** #endif /* USE_HAL_PCD_REGISTER_CALLBACKS */
1222:Drivers/STM32F7xx_HAL_Driver/Src/stm32f7xx_hal_pcd.c ****       }
1223:Drivers/STM32F7xx_HAL_Driver/Src/stm32f7xx_hal_pcd.c ****       __HAL_PCD_CLEAR_FLAG(hpcd, USB_OTG_GINTSTS_USBSUSP);
1224:Drivers/STM32F7xx_HAL_Driver/Src/stm32f7xx_hal_pcd.c ****     }
1225:Drivers/STM32F7xx_HAL_Driver/Src/stm32f7xx_hal_pcd.c **** 
1226:Drivers/STM32F7xx_HAL_Driver/Src/stm32f7xx_hal_pcd.c ****     /* Handle LPM Interrupt */
1227:Drivers/STM32F7xx_HAL_Driver/Src/stm32f7xx_hal_pcd.c ****     if (__HAL_PCD_GET_FLAG(hpcd, USB_OTG_GINTSTS_LPMINT))
ARM GAS  /tmp/cciuNOwn.s 			page 23


1228:Drivers/STM32F7xx_HAL_Driver/Src/stm32f7xx_hal_pcd.c ****     {
1229:Drivers/STM32F7xx_HAL_Driver/Src/stm32f7xx_hal_pcd.c ****       __HAL_PCD_CLEAR_FLAG(hpcd, USB_OTG_GINTSTS_LPMINT);
1230:Drivers/STM32F7xx_HAL_Driver/Src/stm32f7xx_hal_pcd.c **** 
1231:Drivers/STM32F7xx_HAL_Driver/Src/stm32f7xx_hal_pcd.c ****       if (hpcd->LPM_State == LPM_L0)
1232:Drivers/STM32F7xx_HAL_Driver/Src/stm32f7xx_hal_pcd.c ****       {
1233:Drivers/STM32F7xx_HAL_Driver/Src/stm32f7xx_hal_pcd.c ****         hpcd->LPM_State = LPM_L1;
1234:Drivers/STM32F7xx_HAL_Driver/Src/stm32f7xx_hal_pcd.c ****         hpcd->BESL = (hpcd->Instance->GLPMCFG & USB_OTG_GLPMCFG_BESL) >> 2U;
1235:Drivers/STM32F7xx_HAL_Driver/Src/stm32f7xx_hal_pcd.c **** 
1236:Drivers/STM32F7xx_HAL_Driver/Src/stm32f7xx_hal_pcd.c **** #if (USE_HAL_PCD_REGISTER_CALLBACKS == 1U)
1237:Drivers/STM32F7xx_HAL_Driver/Src/stm32f7xx_hal_pcd.c ****         hpcd->LPMCallback(hpcd, PCD_LPM_L1_ACTIVE);
1238:Drivers/STM32F7xx_HAL_Driver/Src/stm32f7xx_hal_pcd.c **** #else
1239:Drivers/STM32F7xx_HAL_Driver/Src/stm32f7xx_hal_pcd.c ****         HAL_PCDEx_LPM_Callback(hpcd, PCD_LPM_L1_ACTIVE);
1240:Drivers/STM32F7xx_HAL_Driver/Src/stm32f7xx_hal_pcd.c **** #endif /* USE_HAL_PCD_REGISTER_CALLBACKS */
1241:Drivers/STM32F7xx_HAL_Driver/Src/stm32f7xx_hal_pcd.c ****       }
1242:Drivers/STM32F7xx_HAL_Driver/Src/stm32f7xx_hal_pcd.c ****       else
1243:Drivers/STM32F7xx_HAL_Driver/Src/stm32f7xx_hal_pcd.c ****       {
1244:Drivers/STM32F7xx_HAL_Driver/Src/stm32f7xx_hal_pcd.c **** #if (USE_HAL_PCD_REGISTER_CALLBACKS == 1U)
1245:Drivers/STM32F7xx_HAL_Driver/Src/stm32f7xx_hal_pcd.c ****         hpcd->SuspendCallback(hpcd);
1246:Drivers/STM32F7xx_HAL_Driver/Src/stm32f7xx_hal_pcd.c **** #else
1247:Drivers/STM32F7xx_HAL_Driver/Src/stm32f7xx_hal_pcd.c ****         HAL_PCD_SuspendCallback(hpcd);
1248:Drivers/STM32F7xx_HAL_Driver/Src/stm32f7xx_hal_pcd.c **** #endif /* USE_HAL_PCD_REGISTER_CALLBACKS */
1249:Drivers/STM32F7xx_HAL_Driver/Src/stm32f7xx_hal_pcd.c ****       }
1250:Drivers/STM32F7xx_HAL_Driver/Src/stm32f7xx_hal_pcd.c ****     }
1251:Drivers/STM32F7xx_HAL_Driver/Src/stm32f7xx_hal_pcd.c **** 
1252:Drivers/STM32F7xx_HAL_Driver/Src/stm32f7xx_hal_pcd.c ****     /* Handle Reset Interrupt */
1253:Drivers/STM32F7xx_HAL_Driver/Src/stm32f7xx_hal_pcd.c ****     if (__HAL_PCD_GET_FLAG(hpcd, USB_OTG_GINTSTS_USBRST))
1254:Drivers/STM32F7xx_HAL_Driver/Src/stm32f7xx_hal_pcd.c ****     {
1255:Drivers/STM32F7xx_HAL_Driver/Src/stm32f7xx_hal_pcd.c ****       USBx_DEVICE->DCTL &= ~USB_OTG_DCTL_RWUSIG;
1256:Drivers/STM32F7xx_HAL_Driver/Src/stm32f7xx_hal_pcd.c ****       (void)USB_FlushTxFifo(hpcd->Instance, 0x10U);
1257:Drivers/STM32F7xx_HAL_Driver/Src/stm32f7xx_hal_pcd.c **** 
1258:Drivers/STM32F7xx_HAL_Driver/Src/stm32f7xx_hal_pcd.c ****       for (i = 0U; i < hpcd->Init.dev_endpoints; i++)
1259:Drivers/STM32F7xx_HAL_Driver/Src/stm32f7xx_hal_pcd.c ****       {
1260:Drivers/STM32F7xx_HAL_Driver/Src/stm32f7xx_hal_pcd.c ****         USBx_INEP(i)->DIEPINT = 0xFB7FU;
1261:Drivers/STM32F7xx_HAL_Driver/Src/stm32f7xx_hal_pcd.c ****         USBx_INEP(i)->DIEPCTL &= ~USB_OTG_DIEPCTL_STALL;
1262:Drivers/STM32F7xx_HAL_Driver/Src/stm32f7xx_hal_pcd.c ****         USBx_OUTEP(i)->DOEPINT = 0xFB7FU;
1263:Drivers/STM32F7xx_HAL_Driver/Src/stm32f7xx_hal_pcd.c ****         USBx_OUTEP(i)->DOEPCTL &= ~USB_OTG_DOEPCTL_STALL;
1264:Drivers/STM32F7xx_HAL_Driver/Src/stm32f7xx_hal_pcd.c ****         USBx_OUTEP(i)->DOEPCTL |= USB_OTG_DOEPCTL_SNAK;
1265:Drivers/STM32F7xx_HAL_Driver/Src/stm32f7xx_hal_pcd.c ****       }
1266:Drivers/STM32F7xx_HAL_Driver/Src/stm32f7xx_hal_pcd.c ****       USBx_DEVICE->DAINTMSK |= 0x10001U;
1267:Drivers/STM32F7xx_HAL_Driver/Src/stm32f7xx_hal_pcd.c **** 
1268:Drivers/STM32F7xx_HAL_Driver/Src/stm32f7xx_hal_pcd.c ****       if (hpcd->Init.use_dedicated_ep1 != 0U)
1269:Drivers/STM32F7xx_HAL_Driver/Src/stm32f7xx_hal_pcd.c ****       {
1270:Drivers/STM32F7xx_HAL_Driver/Src/stm32f7xx_hal_pcd.c ****         USBx_DEVICE->DOUTEP1MSK |= USB_OTG_DOEPMSK_STUPM |
1271:Drivers/STM32F7xx_HAL_Driver/Src/stm32f7xx_hal_pcd.c ****                                    USB_OTG_DOEPMSK_XFRCM |
1272:Drivers/STM32F7xx_HAL_Driver/Src/stm32f7xx_hal_pcd.c ****                                    USB_OTG_DOEPMSK_EPDM;
1273:Drivers/STM32F7xx_HAL_Driver/Src/stm32f7xx_hal_pcd.c **** 
1274:Drivers/STM32F7xx_HAL_Driver/Src/stm32f7xx_hal_pcd.c ****         USBx_DEVICE->DINEP1MSK |= USB_OTG_DIEPMSK_TOM |
1275:Drivers/STM32F7xx_HAL_Driver/Src/stm32f7xx_hal_pcd.c ****                                   USB_OTG_DIEPMSK_XFRCM |
1276:Drivers/STM32F7xx_HAL_Driver/Src/stm32f7xx_hal_pcd.c ****                                   USB_OTG_DIEPMSK_EPDM;
1277:Drivers/STM32F7xx_HAL_Driver/Src/stm32f7xx_hal_pcd.c ****       }
1278:Drivers/STM32F7xx_HAL_Driver/Src/stm32f7xx_hal_pcd.c ****       else
1279:Drivers/STM32F7xx_HAL_Driver/Src/stm32f7xx_hal_pcd.c ****       {
1280:Drivers/STM32F7xx_HAL_Driver/Src/stm32f7xx_hal_pcd.c ****         USBx_DEVICE->DOEPMSK |= USB_OTG_DOEPMSK_STUPM |
1281:Drivers/STM32F7xx_HAL_Driver/Src/stm32f7xx_hal_pcd.c ****                                 USB_OTG_DOEPMSK_XFRCM |
1282:Drivers/STM32F7xx_HAL_Driver/Src/stm32f7xx_hal_pcd.c ****                                 USB_OTG_DOEPMSK_EPDM |
1283:Drivers/STM32F7xx_HAL_Driver/Src/stm32f7xx_hal_pcd.c ****                                 USB_OTG_DOEPMSK_OTEPSPRM |
1284:Drivers/STM32F7xx_HAL_Driver/Src/stm32f7xx_hal_pcd.c ****                                 USB_OTG_DOEPMSK_NAKM;
ARM GAS  /tmp/cciuNOwn.s 			page 24


1285:Drivers/STM32F7xx_HAL_Driver/Src/stm32f7xx_hal_pcd.c **** 
1286:Drivers/STM32F7xx_HAL_Driver/Src/stm32f7xx_hal_pcd.c ****         USBx_DEVICE->DIEPMSK |= USB_OTG_DIEPMSK_TOM |
1287:Drivers/STM32F7xx_HAL_Driver/Src/stm32f7xx_hal_pcd.c ****                                 USB_OTG_DIEPMSK_XFRCM |
1288:Drivers/STM32F7xx_HAL_Driver/Src/stm32f7xx_hal_pcd.c ****                                 USB_OTG_DIEPMSK_EPDM;
1289:Drivers/STM32F7xx_HAL_Driver/Src/stm32f7xx_hal_pcd.c ****       }
1290:Drivers/STM32F7xx_HAL_Driver/Src/stm32f7xx_hal_pcd.c **** 
1291:Drivers/STM32F7xx_HAL_Driver/Src/stm32f7xx_hal_pcd.c ****       /* Set Default Address to 0 */
1292:Drivers/STM32F7xx_HAL_Driver/Src/stm32f7xx_hal_pcd.c ****       USBx_DEVICE->DCFG &= ~USB_OTG_DCFG_DAD;
1293:Drivers/STM32F7xx_HAL_Driver/Src/stm32f7xx_hal_pcd.c **** 
1294:Drivers/STM32F7xx_HAL_Driver/Src/stm32f7xx_hal_pcd.c ****       /* setup EP0 to receive SETUP packets */
1295:Drivers/STM32F7xx_HAL_Driver/Src/stm32f7xx_hal_pcd.c ****       (void)USB_EP0_OutStart(hpcd->Instance, (uint8_t)hpcd->Init.dma_enable,
1296:Drivers/STM32F7xx_HAL_Driver/Src/stm32f7xx_hal_pcd.c ****                              (uint8_t *)hpcd->Setup);
1297:Drivers/STM32F7xx_HAL_Driver/Src/stm32f7xx_hal_pcd.c **** 
1298:Drivers/STM32F7xx_HAL_Driver/Src/stm32f7xx_hal_pcd.c ****       __HAL_PCD_CLEAR_FLAG(hpcd, USB_OTG_GINTSTS_USBRST);
1299:Drivers/STM32F7xx_HAL_Driver/Src/stm32f7xx_hal_pcd.c ****     }
1300:Drivers/STM32F7xx_HAL_Driver/Src/stm32f7xx_hal_pcd.c **** 
1301:Drivers/STM32F7xx_HAL_Driver/Src/stm32f7xx_hal_pcd.c ****     /* Handle Enumeration done Interrupt */
1302:Drivers/STM32F7xx_HAL_Driver/Src/stm32f7xx_hal_pcd.c ****     if (__HAL_PCD_GET_FLAG(hpcd, USB_OTG_GINTSTS_ENUMDNE))
1303:Drivers/STM32F7xx_HAL_Driver/Src/stm32f7xx_hal_pcd.c ****     {
1304:Drivers/STM32F7xx_HAL_Driver/Src/stm32f7xx_hal_pcd.c ****       (void)USB_ActivateSetup(hpcd->Instance);
1305:Drivers/STM32F7xx_HAL_Driver/Src/stm32f7xx_hal_pcd.c ****       hpcd->Init.speed = USB_GetDevSpeed(hpcd->Instance);
1306:Drivers/STM32F7xx_HAL_Driver/Src/stm32f7xx_hal_pcd.c **** 
1307:Drivers/STM32F7xx_HAL_Driver/Src/stm32f7xx_hal_pcd.c ****       /* Set USB Turnaround time */
1308:Drivers/STM32F7xx_HAL_Driver/Src/stm32f7xx_hal_pcd.c ****       (void)USB_SetTurnaroundTime(hpcd->Instance,
1309:Drivers/STM32F7xx_HAL_Driver/Src/stm32f7xx_hal_pcd.c ****                                   HAL_RCC_GetHCLKFreq(),
1310:Drivers/STM32F7xx_HAL_Driver/Src/stm32f7xx_hal_pcd.c ****                                   (uint8_t)hpcd->Init.speed);
1311:Drivers/STM32F7xx_HAL_Driver/Src/stm32f7xx_hal_pcd.c **** 
1312:Drivers/STM32F7xx_HAL_Driver/Src/stm32f7xx_hal_pcd.c **** #if (USE_HAL_PCD_REGISTER_CALLBACKS == 1U)
1313:Drivers/STM32F7xx_HAL_Driver/Src/stm32f7xx_hal_pcd.c ****       hpcd->ResetCallback(hpcd);
1314:Drivers/STM32F7xx_HAL_Driver/Src/stm32f7xx_hal_pcd.c **** #else
1315:Drivers/STM32F7xx_HAL_Driver/Src/stm32f7xx_hal_pcd.c ****       HAL_PCD_ResetCallback(hpcd);
1316:Drivers/STM32F7xx_HAL_Driver/Src/stm32f7xx_hal_pcd.c **** #endif /* USE_HAL_PCD_REGISTER_CALLBACKS */
1317:Drivers/STM32F7xx_HAL_Driver/Src/stm32f7xx_hal_pcd.c **** 
1318:Drivers/STM32F7xx_HAL_Driver/Src/stm32f7xx_hal_pcd.c ****       __HAL_PCD_CLEAR_FLAG(hpcd, USB_OTG_GINTSTS_ENUMDNE);
1319:Drivers/STM32F7xx_HAL_Driver/Src/stm32f7xx_hal_pcd.c ****     }
1320:Drivers/STM32F7xx_HAL_Driver/Src/stm32f7xx_hal_pcd.c **** 
1321:Drivers/STM32F7xx_HAL_Driver/Src/stm32f7xx_hal_pcd.c ****     /* Handle SOF Interrupt */
1322:Drivers/STM32F7xx_HAL_Driver/Src/stm32f7xx_hal_pcd.c ****     if (__HAL_PCD_GET_FLAG(hpcd, USB_OTG_GINTSTS_SOF))
1323:Drivers/STM32F7xx_HAL_Driver/Src/stm32f7xx_hal_pcd.c ****     {
1324:Drivers/STM32F7xx_HAL_Driver/Src/stm32f7xx_hal_pcd.c **** #if (USE_HAL_PCD_REGISTER_CALLBACKS == 1U)
1325:Drivers/STM32F7xx_HAL_Driver/Src/stm32f7xx_hal_pcd.c ****       hpcd->SOFCallback(hpcd);
1326:Drivers/STM32F7xx_HAL_Driver/Src/stm32f7xx_hal_pcd.c **** #else
1327:Drivers/STM32F7xx_HAL_Driver/Src/stm32f7xx_hal_pcd.c ****       HAL_PCD_SOFCallback(hpcd);
1328:Drivers/STM32F7xx_HAL_Driver/Src/stm32f7xx_hal_pcd.c **** #endif /* USE_HAL_PCD_REGISTER_CALLBACKS */
1329:Drivers/STM32F7xx_HAL_Driver/Src/stm32f7xx_hal_pcd.c **** 
1330:Drivers/STM32F7xx_HAL_Driver/Src/stm32f7xx_hal_pcd.c ****       __HAL_PCD_CLEAR_FLAG(hpcd, USB_OTG_GINTSTS_SOF);
1331:Drivers/STM32F7xx_HAL_Driver/Src/stm32f7xx_hal_pcd.c ****     }
1332:Drivers/STM32F7xx_HAL_Driver/Src/stm32f7xx_hal_pcd.c **** 
1333:Drivers/STM32F7xx_HAL_Driver/Src/stm32f7xx_hal_pcd.c ****     /* Handle Global OUT NAK effective Interrupt */
1334:Drivers/STM32F7xx_HAL_Driver/Src/stm32f7xx_hal_pcd.c ****     if (__HAL_PCD_GET_FLAG(hpcd, USB_OTG_GINTSTS_BOUTNAKEFF))
1335:Drivers/STM32F7xx_HAL_Driver/Src/stm32f7xx_hal_pcd.c ****     {
1336:Drivers/STM32F7xx_HAL_Driver/Src/stm32f7xx_hal_pcd.c ****       USBx->GINTMSK &= ~USB_OTG_GINTMSK_GONAKEFFM;
1337:Drivers/STM32F7xx_HAL_Driver/Src/stm32f7xx_hal_pcd.c **** 
1338:Drivers/STM32F7xx_HAL_Driver/Src/stm32f7xx_hal_pcd.c ****       for (epnum = 1U; epnum < hpcd->Init.dev_endpoints; epnum++)
1339:Drivers/STM32F7xx_HAL_Driver/Src/stm32f7xx_hal_pcd.c ****       {
1340:Drivers/STM32F7xx_HAL_Driver/Src/stm32f7xx_hal_pcd.c ****         if (hpcd->OUT_ep[epnum].is_iso_incomplete == 1U)
1341:Drivers/STM32F7xx_HAL_Driver/Src/stm32f7xx_hal_pcd.c ****         {
ARM GAS  /tmp/cciuNOwn.s 			page 25


1342:Drivers/STM32F7xx_HAL_Driver/Src/stm32f7xx_hal_pcd.c ****           /* Abort current transaction and disable the EP */
1343:Drivers/STM32F7xx_HAL_Driver/Src/stm32f7xx_hal_pcd.c ****           (void)HAL_PCD_EP_Abort(hpcd, (uint8_t)epnum);
1344:Drivers/STM32F7xx_HAL_Driver/Src/stm32f7xx_hal_pcd.c ****         }
1345:Drivers/STM32F7xx_HAL_Driver/Src/stm32f7xx_hal_pcd.c ****       }
1346:Drivers/STM32F7xx_HAL_Driver/Src/stm32f7xx_hal_pcd.c ****     }
1347:Drivers/STM32F7xx_HAL_Driver/Src/stm32f7xx_hal_pcd.c **** 
1348:Drivers/STM32F7xx_HAL_Driver/Src/stm32f7xx_hal_pcd.c ****     /* Handle Incomplete ISO IN Interrupt */
1349:Drivers/STM32F7xx_HAL_Driver/Src/stm32f7xx_hal_pcd.c ****     if (__HAL_PCD_GET_FLAG(hpcd, USB_OTG_GINTSTS_IISOIXFR))
1350:Drivers/STM32F7xx_HAL_Driver/Src/stm32f7xx_hal_pcd.c ****     {
1351:Drivers/STM32F7xx_HAL_Driver/Src/stm32f7xx_hal_pcd.c ****       for (epnum = 1U; epnum < hpcd->Init.dev_endpoints; epnum++)
1352:Drivers/STM32F7xx_HAL_Driver/Src/stm32f7xx_hal_pcd.c ****       {
1353:Drivers/STM32F7xx_HAL_Driver/Src/stm32f7xx_hal_pcd.c ****         RegVal = USBx_INEP(epnum)->DIEPCTL;
1354:Drivers/STM32F7xx_HAL_Driver/Src/stm32f7xx_hal_pcd.c **** 
1355:Drivers/STM32F7xx_HAL_Driver/Src/stm32f7xx_hal_pcd.c ****         if ((hpcd->IN_ep[epnum].type == EP_TYPE_ISOC) &&
1356:Drivers/STM32F7xx_HAL_Driver/Src/stm32f7xx_hal_pcd.c ****             ((RegVal & USB_OTG_DIEPCTL_EPENA) == USB_OTG_DIEPCTL_EPENA))
1357:Drivers/STM32F7xx_HAL_Driver/Src/stm32f7xx_hal_pcd.c ****         {
1358:Drivers/STM32F7xx_HAL_Driver/Src/stm32f7xx_hal_pcd.c ****           hpcd->IN_ep[epnum].is_iso_incomplete = 1U;
1359:Drivers/STM32F7xx_HAL_Driver/Src/stm32f7xx_hal_pcd.c **** 
1360:Drivers/STM32F7xx_HAL_Driver/Src/stm32f7xx_hal_pcd.c ****           /* Abort current transaction and disable the EP */
1361:Drivers/STM32F7xx_HAL_Driver/Src/stm32f7xx_hal_pcd.c ****           (void)HAL_PCD_EP_Abort(hpcd, (uint8_t)(epnum | 0x80U));
1362:Drivers/STM32F7xx_HAL_Driver/Src/stm32f7xx_hal_pcd.c ****         }
1363:Drivers/STM32F7xx_HAL_Driver/Src/stm32f7xx_hal_pcd.c ****       }
1364:Drivers/STM32F7xx_HAL_Driver/Src/stm32f7xx_hal_pcd.c **** 
1365:Drivers/STM32F7xx_HAL_Driver/Src/stm32f7xx_hal_pcd.c ****       __HAL_PCD_CLEAR_FLAG(hpcd, USB_OTG_GINTSTS_IISOIXFR);
1366:Drivers/STM32F7xx_HAL_Driver/Src/stm32f7xx_hal_pcd.c ****     }
1367:Drivers/STM32F7xx_HAL_Driver/Src/stm32f7xx_hal_pcd.c **** 
1368:Drivers/STM32F7xx_HAL_Driver/Src/stm32f7xx_hal_pcd.c ****     /* Handle Incomplete ISO OUT Interrupt */
1369:Drivers/STM32F7xx_HAL_Driver/Src/stm32f7xx_hal_pcd.c ****     if (__HAL_PCD_GET_FLAG(hpcd, USB_OTG_GINTSTS_PXFR_INCOMPISOOUT))
1370:Drivers/STM32F7xx_HAL_Driver/Src/stm32f7xx_hal_pcd.c ****     {
1371:Drivers/STM32F7xx_HAL_Driver/Src/stm32f7xx_hal_pcd.c ****       for (epnum = 1U; epnum < hpcd->Init.dev_endpoints; epnum++)
1372:Drivers/STM32F7xx_HAL_Driver/Src/stm32f7xx_hal_pcd.c ****       {
1373:Drivers/STM32F7xx_HAL_Driver/Src/stm32f7xx_hal_pcd.c ****         RegVal = USBx_OUTEP(epnum)->DOEPCTL;
1374:Drivers/STM32F7xx_HAL_Driver/Src/stm32f7xx_hal_pcd.c **** 
1375:Drivers/STM32F7xx_HAL_Driver/Src/stm32f7xx_hal_pcd.c ****         if ((hpcd->OUT_ep[epnum].type == EP_TYPE_ISOC) &&
1376:Drivers/STM32F7xx_HAL_Driver/Src/stm32f7xx_hal_pcd.c ****             ((RegVal & USB_OTG_DOEPCTL_EPENA) == USB_OTG_DOEPCTL_EPENA) &&
1377:Drivers/STM32F7xx_HAL_Driver/Src/stm32f7xx_hal_pcd.c ****             (((RegVal & (0x1U << 16)) >> 16U) == (hpcd->FrameNumber & 0x1U)))
1378:Drivers/STM32F7xx_HAL_Driver/Src/stm32f7xx_hal_pcd.c ****         {
1379:Drivers/STM32F7xx_HAL_Driver/Src/stm32f7xx_hal_pcd.c ****           hpcd->OUT_ep[epnum].is_iso_incomplete = 1U;
1380:Drivers/STM32F7xx_HAL_Driver/Src/stm32f7xx_hal_pcd.c **** 
1381:Drivers/STM32F7xx_HAL_Driver/Src/stm32f7xx_hal_pcd.c ****           USBx->GINTMSK |= USB_OTG_GINTMSK_GONAKEFFM;
1382:Drivers/STM32F7xx_HAL_Driver/Src/stm32f7xx_hal_pcd.c **** 
1383:Drivers/STM32F7xx_HAL_Driver/Src/stm32f7xx_hal_pcd.c ****           if ((USBx->GINTSTS & USB_OTG_GINTSTS_BOUTNAKEFF) == 0U)
1384:Drivers/STM32F7xx_HAL_Driver/Src/stm32f7xx_hal_pcd.c ****           {
1385:Drivers/STM32F7xx_HAL_Driver/Src/stm32f7xx_hal_pcd.c ****             USBx_DEVICE->DCTL |= USB_OTG_DCTL_SGONAK;
1386:Drivers/STM32F7xx_HAL_Driver/Src/stm32f7xx_hal_pcd.c ****             break;
1387:Drivers/STM32F7xx_HAL_Driver/Src/stm32f7xx_hal_pcd.c ****           }
1388:Drivers/STM32F7xx_HAL_Driver/Src/stm32f7xx_hal_pcd.c ****         }
1389:Drivers/STM32F7xx_HAL_Driver/Src/stm32f7xx_hal_pcd.c ****       }
1390:Drivers/STM32F7xx_HAL_Driver/Src/stm32f7xx_hal_pcd.c **** 
1391:Drivers/STM32F7xx_HAL_Driver/Src/stm32f7xx_hal_pcd.c ****       __HAL_PCD_CLEAR_FLAG(hpcd, USB_OTG_GINTSTS_PXFR_INCOMPISOOUT);
1392:Drivers/STM32F7xx_HAL_Driver/Src/stm32f7xx_hal_pcd.c ****     }
1393:Drivers/STM32F7xx_HAL_Driver/Src/stm32f7xx_hal_pcd.c **** 
1394:Drivers/STM32F7xx_HAL_Driver/Src/stm32f7xx_hal_pcd.c ****     /* Handle Connection event Interrupt */
1395:Drivers/STM32F7xx_HAL_Driver/Src/stm32f7xx_hal_pcd.c ****     if (__HAL_PCD_GET_FLAG(hpcd, USB_OTG_GINTSTS_SRQINT))
1396:Drivers/STM32F7xx_HAL_Driver/Src/stm32f7xx_hal_pcd.c ****     {
1397:Drivers/STM32F7xx_HAL_Driver/Src/stm32f7xx_hal_pcd.c **** #if (USE_HAL_PCD_REGISTER_CALLBACKS == 1U)
1398:Drivers/STM32F7xx_HAL_Driver/Src/stm32f7xx_hal_pcd.c ****       hpcd->ConnectCallback(hpcd);
ARM GAS  /tmp/cciuNOwn.s 			page 26


1399:Drivers/STM32F7xx_HAL_Driver/Src/stm32f7xx_hal_pcd.c **** #else
1400:Drivers/STM32F7xx_HAL_Driver/Src/stm32f7xx_hal_pcd.c ****       HAL_PCD_ConnectCallback(hpcd);
1401:Drivers/STM32F7xx_HAL_Driver/Src/stm32f7xx_hal_pcd.c **** #endif /* USE_HAL_PCD_REGISTER_CALLBACKS */
1402:Drivers/STM32F7xx_HAL_Driver/Src/stm32f7xx_hal_pcd.c **** 
1403:Drivers/STM32F7xx_HAL_Driver/Src/stm32f7xx_hal_pcd.c ****       __HAL_PCD_CLEAR_FLAG(hpcd, USB_OTG_GINTSTS_SRQINT);
1404:Drivers/STM32F7xx_HAL_Driver/Src/stm32f7xx_hal_pcd.c ****     }
1405:Drivers/STM32F7xx_HAL_Driver/Src/stm32f7xx_hal_pcd.c **** 
1406:Drivers/STM32F7xx_HAL_Driver/Src/stm32f7xx_hal_pcd.c ****     /* Handle Disconnection event Interrupt */
1407:Drivers/STM32F7xx_HAL_Driver/Src/stm32f7xx_hal_pcd.c ****     if (__HAL_PCD_GET_FLAG(hpcd, USB_OTG_GINTSTS_OTGINT))
1408:Drivers/STM32F7xx_HAL_Driver/Src/stm32f7xx_hal_pcd.c ****     {
1409:Drivers/STM32F7xx_HAL_Driver/Src/stm32f7xx_hal_pcd.c ****       RegVal = hpcd->Instance->GOTGINT;
1410:Drivers/STM32F7xx_HAL_Driver/Src/stm32f7xx_hal_pcd.c **** 
1411:Drivers/STM32F7xx_HAL_Driver/Src/stm32f7xx_hal_pcd.c ****       if ((RegVal & USB_OTG_GOTGINT_SEDET) == USB_OTG_GOTGINT_SEDET)
1412:Drivers/STM32F7xx_HAL_Driver/Src/stm32f7xx_hal_pcd.c ****       {
1413:Drivers/STM32F7xx_HAL_Driver/Src/stm32f7xx_hal_pcd.c **** #if (USE_HAL_PCD_REGISTER_CALLBACKS == 1U)
1414:Drivers/STM32F7xx_HAL_Driver/Src/stm32f7xx_hal_pcd.c ****         hpcd->DisconnectCallback(hpcd);
1415:Drivers/STM32F7xx_HAL_Driver/Src/stm32f7xx_hal_pcd.c **** #else
1416:Drivers/STM32F7xx_HAL_Driver/Src/stm32f7xx_hal_pcd.c ****         HAL_PCD_DisconnectCallback(hpcd);
1417:Drivers/STM32F7xx_HAL_Driver/Src/stm32f7xx_hal_pcd.c **** #endif /* USE_HAL_PCD_REGISTER_CALLBACKS */
1418:Drivers/STM32F7xx_HAL_Driver/Src/stm32f7xx_hal_pcd.c ****       }
1419:Drivers/STM32F7xx_HAL_Driver/Src/stm32f7xx_hal_pcd.c ****       hpcd->Instance->GOTGINT |= RegVal;
1420:Drivers/STM32F7xx_HAL_Driver/Src/stm32f7xx_hal_pcd.c ****     }
1421:Drivers/STM32F7xx_HAL_Driver/Src/stm32f7xx_hal_pcd.c ****   }
1422:Drivers/STM32F7xx_HAL_Driver/Src/stm32f7xx_hal_pcd.c **** }
1423:Drivers/STM32F7xx_HAL_Driver/Src/stm32f7xx_hal_pcd.c **** 
1424:Drivers/STM32F7xx_HAL_Driver/Src/stm32f7xx_hal_pcd.c **** 
1425:Drivers/STM32F7xx_HAL_Driver/Src/stm32f7xx_hal_pcd.c **** /**
1426:Drivers/STM32F7xx_HAL_Driver/Src/stm32f7xx_hal_pcd.c ****   * @brief  Handles PCD Wakeup interrupt request.
1427:Drivers/STM32F7xx_HAL_Driver/Src/stm32f7xx_hal_pcd.c ****   * @param  hpcd PCD handle
1428:Drivers/STM32F7xx_HAL_Driver/Src/stm32f7xx_hal_pcd.c ****   * @retval HAL status
1429:Drivers/STM32F7xx_HAL_Driver/Src/stm32f7xx_hal_pcd.c ****   */
1430:Drivers/STM32F7xx_HAL_Driver/Src/stm32f7xx_hal_pcd.c **** void HAL_PCD_WKUP_IRQHandler(PCD_HandleTypeDef *hpcd)
1431:Drivers/STM32F7xx_HAL_Driver/Src/stm32f7xx_hal_pcd.c **** {
1432:Drivers/STM32F7xx_HAL_Driver/Src/stm32f7xx_hal_pcd.c **** #if defined (USB_OTG_FS)
1433:Drivers/STM32F7xx_HAL_Driver/Src/stm32f7xx_hal_pcd.c ****   USB_OTG_GlobalTypeDef *USBx;
1434:Drivers/STM32F7xx_HAL_Driver/Src/stm32f7xx_hal_pcd.c ****   USBx = hpcd->Instance;
1435:Drivers/STM32F7xx_HAL_Driver/Src/stm32f7xx_hal_pcd.c **** 
1436:Drivers/STM32F7xx_HAL_Driver/Src/stm32f7xx_hal_pcd.c ****   if (USBx == USB_OTG_FS)
1437:Drivers/STM32F7xx_HAL_Driver/Src/stm32f7xx_hal_pcd.c ****   {
1438:Drivers/STM32F7xx_HAL_Driver/Src/stm32f7xx_hal_pcd.c ****     /* Clear EXTI pending Bit */
1439:Drivers/STM32F7xx_HAL_Driver/Src/stm32f7xx_hal_pcd.c ****     __HAL_USB_OTG_FS_WAKEUP_EXTI_CLEAR_FLAG();
1440:Drivers/STM32F7xx_HAL_Driver/Src/stm32f7xx_hal_pcd.c ****   }
1441:Drivers/STM32F7xx_HAL_Driver/Src/stm32f7xx_hal_pcd.c ****   else
1442:Drivers/STM32F7xx_HAL_Driver/Src/stm32f7xx_hal_pcd.c **** #endif /* defined (USB_OTG_FS) */
1443:Drivers/STM32F7xx_HAL_Driver/Src/stm32f7xx_hal_pcd.c ****   {
1444:Drivers/STM32F7xx_HAL_Driver/Src/stm32f7xx_hal_pcd.c ****     /* Clear EXTI pending Bit */
1445:Drivers/STM32F7xx_HAL_Driver/Src/stm32f7xx_hal_pcd.c ****     __HAL_USB_OTG_HS_WAKEUP_EXTI_CLEAR_FLAG();
1446:Drivers/STM32F7xx_HAL_Driver/Src/stm32f7xx_hal_pcd.c ****   }
1447:Drivers/STM32F7xx_HAL_Driver/Src/stm32f7xx_hal_pcd.c **** }
1448:Drivers/STM32F7xx_HAL_Driver/Src/stm32f7xx_hal_pcd.c **** #endif /* defined (USB_OTG_FS) || defined (USB_OTG_HS) */
1449:Drivers/STM32F7xx_HAL_Driver/Src/stm32f7xx_hal_pcd.c **** 
1450:Drivers/STM32F7xx_HAL_Driver/Src/stm32f7xx_hal_pcd.c **** 
1451:Drivers/STM32F7xx_HAL_Driver/Src/stm32f7xx_hal_pcd.c **** /**
1452:Drivers/STM32F7xx_HAL_Driver/Src/stm32f7xx_hal_pcd.c ****   * @brief  Data OUT stage callback.
1453:Drivers/STM32F7xx_HAL_Driver/Src/stm32f7xx_hal_pcd.c ****   * @param  hpcd PCD handle
1454:Drivers/STM32F7xx_HAL_Driver/Src/stm32f7xx_hal_pcd.c ****   * @param  epnum endpoint number
1455:Drivers/STM32F7xx_HAL_Driver/Src/stm32f7xx_hal_pcd.c ****   * @retval None
ARM GAS  /tmp/cciuNOwn.s 			page 27


1456:Drivers/STM32F7xx_HAL_Driver/Src/stm32f7xx_hal_pcd.c ****   */
1457:Drivers/STM32F7xx_HAL_Driver/Src/stm32f7xx_hal_pcd.c **** __weak void HAL_PCD_DataOutStageCallback(PCD_HandleTypeDef *hpcd, uint8_t epnum)
1458:Drivers/STM32F7xx_HAL_Driver/Src/stm32f7xx_hal_pcd.c **** {
1459:Drivers/STM32F7xx_HAL_Driver/Src/stm32f7xx_hal_pcd.c ****   /* Prevent unused argument(s) compilation warning */
1460:Drivers/STM32F7xx_HAL_Driver/Src/stm32f7xx_hal_pcd.c ****   UNUSED(hpcd);
1461:Drivers/STM32F7xx_HAL_Driver/Src/stm32f7xx_hal_pcd.c ****   UNUSED(epnum);
1462:Drivers/STM32F7xx_HAL_Driver/Src/stm32f7xx_hal_pcd.c **** 
1463:Drivers/STM32F7xx_HAL_Driver/Src/stm32f7xx_hal_pcd.c ****   /* NOTE : This function should not be modified, when the callback is needed,
1464:Drivers/STM32F7xx_HAL_Driver/Src/stm32f7xx_hal_pcd.c ****             the HAL_PCD_DataOutStageCallback could be implemented in the user file
1465:Drivers/STM32F7xx_HAL_Driver/Src/stm32f7xx_hal_pcd.c ****    */
1466:Drivers/STM32F7xx_HAL_Driver/Src/stm32f7xx_hal_pcd.c **** }
1467:Drivers/STM32F7xx_HAL_Driver/Src/stm32f7xx_hal_pcd.c **** 
1468:Drivers/STM32F7xx_HAL_Driver/Src/stm32f7xx_hal_pcd.c **** /**
1469:Drivers/STM32F7xx_HAL_Driver/Src/stm32f7xx_hal_pcd.c ****   * @brief  Data IN stage callback
1470:Drivers/STM32F7xx_HAL_Driver/Src/stm32f7xx_hal_pcd.c ****   * @param  hpcd PCD handle
1471:Drivers/STM32F7xx_HAL_Driver/Src/stm32f7xx_hal_pcd.c ****   * @param  epnum endpoint number
1472:Drivers/STM32F7xx_HAL_Driver/Src/stm32f7xx_hal_pcd.c ****   * @retval None
1473:Drivers/STM32F7xx_HAL_Driver/Src/stm32f7xx_hal_pcd.c ****   */
1474:Drivers/STM32F7xx_HAL_Driver/Src/stm32f7xx_hal_pcd.c **** __weak void HAL_PCD_DataInStageCallback(PCD_HandleTypeDef *hpcd, uint8_t epnum)
1475:Drivers/STM32F7xx_HAL_Driver/Src/stm32f7xx_hal_pcd.c **** {
1476:Drivers/STM32F7xx_HAL_Driver/Src/stm32f7xx_hal_pcd.c ****   /* Prevent unused argument(s) compilation warning */
1477:Drivers/STM32F7xx_HAL_Driver/Src/stm32f7xx_hal_pcd.c ****   UNUSED(hpcd);
1478:Drivers/STM32F7xx_HAL_Driver/Src/stm32f7xx_hal_pcd.c ****   UNUSED(epnum);
1479:Drivers/STM32F7xx_HAL_Driver/Src/stm32f7xx_hal_pcd.c **** 
1480:Drivers/STM32F7xx_HAL_Driver/Src/stm32f7xx_hal_pcd.c ****   /* NOTE : This function should not be modified, when the callback is needed,
1481:Drivers/STM32F7xx_HAL_Driver/Src/stm32f7xx_hal_pcd.c ****             the HAL_PCD_DataInStageCallback could be implemented in the user file
1482:Drivers/STM32F7xx_HAL_Driver/Src/stm32f7xx_hal_pcd.c ****    */
1483:Drivers/STM32F7xx_HAL_Driver/Src/stm32f7xx_hal_pcd.c **** }
1484:Drivers/STM32F7xx_HAL_Driver/Src/stm32f7xx_hal_pcd.c **** /**
1485:Drivers/STM32F7xx_HAL_Driver/Src/stm32f7xx_hal_pcd.c ****   * @brief  Setup stage callback
1486:Drivers/STM32F7xx_HAL_Driver/Src/stm32f7xx_hal_pcd.c ****   * @param  hpcd PCD handle
1487:Drivers/STM32F7xx_HAL_Driver/Src/stm32f7xx_hal_pcd.c ****   * @retval None
1488:Drivers/STM32F7xx_HAL_Driver/Src/stm32f7xx_hal_pcd.c ****   */
1489:Drivers/STM32F7xx_HAL_Driver/Src/stm32f7xx_hal_pcd.c **** __weak void HAL_PCD_SetupStageCallback(PCD_HandleTypeDef *hpcd)
1490:Drivers/STM32F7xx_HAL_Driver/Src/stm32f7xx_hal_pcd.c **** {
1491:Drivers/STM32F7xx_HAL_Driver/Src/stm32f7xx_hal_pcd.c ****   /* Prevent unused argument(s) compilation warning */
1492:Drivers/STM32F7xx_HAL_Driver/Src/stm32f7xx_hal_pcd.c ****   UNUSED(hpcd);
1493:Drivers/STM32F7xx_HAL_Driver/Src/stm32f7xx_hal_pcd.c **** 
1494:Drivers/STM32F7xx_HAL_Driver/Src/stm32f7xx_hal_pcd.c ****   /* NOTE : This function should not be modified, when the callback is needed,
1495:Drivers/STM32F7xx_HAL_Driver/Src/stm32f7xx_hal_pcd.c ****             the HAL_PCD_SetupStageCallback could be implemented in the user file
1496:Drivers/STM32F7xx_HAL_Driver/Src/stm32f7xx_hal_pcd.c ****    */
1497:Drivers/STM32F7xx_HAL_Driver/Src/stm32f7xx_hal_pcd.c **** }
1498:Drivers/STM32F7xx_HAL_Driver/Src/stm32f7xx_hal_pcd.c **** 
1499:Drivers/STM32F7xx_HAL_Driver/Src/stm32f7xx_hal_pcd.c **** /**
1500:Drivers/STM32F7xx_HAL_Driver/Src/stm32f7xx_hal_pcd.c ****   * @brief  USB Start Of Frame callback.
1501:Drivers/STM32F7xx_HAL_Driver/Src/stm32f7xx_hal_pcd.c ****   * @param  hpcd PCD handle
1502:Drivers/STM32F7xx_HAL_Driver/Src/stm32f7xx_hal_pcd.c ****   * @retval None
1503:Drivers/STM32F7xx_HAL_Driver/Src/stm32f7xx_hal_pcd.c ****   */
1504:Drivers/STM32F7xx_HAL_Driver/Src/stm32f7xx_hal_pcd.c **** __weak void HAL_PCD_SOFCallback(PCD_HandleTypeDef *hpcd)
1505:Drivers/STM32F7xx_HAL_Driver/Src/stm32f7xx_hal_pcd.c **** {
1506:Drivers/STM32F7xx_HAL_Driver/Src/stm32f7xx_hal_pcd.c ****   /* Prevent unused argument(s) compilation warning */
1507:Drivers/STM32F7xx_HAL_Driver/Src/stm32f7xx_hal_pcd.c ****   UNUSED(hpcd);
1508:Drivers/STM32F7xx_HAL_Driver/Src/stm32f7xx_hal_pcd.c **** 
1509:Drivers/STM32F7xx_HAL_Driver/Src/stm32f7xx_hal_pcd.c ****   /* NOTE : This function should not be modified, when the callback is needed,
1510:Drivers/STM32F7xx_HAL_Driver/Src/stm32f7xx_hal_pcd.c ****             the HAL_PCD_SOFCallback could be implemented in the user file
1511:Drivers/STM32F7xx_HAL_Driver/Src/stm32f7xx_hal_pcd.c ****    */
1512:Drivers/STM32F7xx_HAL_Driver/Src/stm32f7xx_hal_pcd.c **** }
ARM GAS  /tmp/cciuNOwn.s 			page 28


1513:Drivers/STM32F7xx_HAL_Driver/Src/stm32f7xx_hal_pcd.c **** 
1514:Drivers/STM32F7xx_HAL_Driver/Src/stm32f7xx_hal_pcd.c **** /**
1515:Drivers/STM32F7xx_HAL_Driver/Src/stm32f7xx_hal_pcd.c ****   * @brief  USB Reset callback.
1516:Drivers/STM32F7xx_HAL_Driver/Src/stm32f7xx_hal_pcd.c ****   * @param  hpcd PCD handle
1517:Drivers/STM32F7xx_HAL_Driver/Src/stm32f7xx_hal_pcd.c ****   * @retval None
1518:Drivers/STM32F7xx_HAL_Driver/Src/stm32f7xx_hal_pcd.c ****   */
1519:Drivers/STM32F7xx_HAL_Driver/Src/stm32f7xx_hal_pcd.c **** __weak void HAL_PCD_ResetCallback(PCD_HandleTypeDef *hpcd)
1520:Drivers/STM32F7xx_HAL_Driver/Src/stm32f7xx_hal_pcd.c **** {
1521:Drivers/STM32F7xx_HAL_Driver/Src/stm32f7xx_hal_pcd.c ****   /* Prevent unused argument(s) compilation warning */
1522:Drivers/STM32F7xx_HAL_Driver/Src/stm32f7xx_hal_pcd.c ****   UNUSED(hpcd);
1523:Drivers/STM32F7xx_HAL_Driver/Src/stm32f7xx_hal_pcd.c **** 
1524:Drivers/STM32F7xx_HAL_Driver/Src/stm32f7xx_hal_pcd.c ****   /* NOTE : This function should not be modified, when the callback is needed,
1525:Drivers/STM32F7xx_HAL_Driver/Src/stm32f7xx_hal_pcd.c ****             the HAL_PCD_ResetCallback could be implemented in the user file
1526:Drivers/STM32F7xx_HAL_Driver/Src/stm32f7xx_hal_pcd.c ****    */
1527:Drivers/STM32F7xx_HAL_Driver/Src/stm32f7xx_hal_pcd.c **** }
1528:Drivers/STM32F7xx_HAL_Driver/Src/stm32f7xx_hal_pcd.c **** 
1529:Drivers/STM32F7xx_HAL_Driver/Src/stm32f7xx_hal_pcd.c **** /**
1530:Drivers/STM32F7xx_HAL_Driver/Src/stm32f7xx_hal_pcd.c ****   * @brief  Suspend event callback.
1531:Drivers/STM32F7xx_HAL_Driver/Src/stm32f7xx_hal_pcd.c ****   * @param  hpcd PCD handle
1532:Drivers/STM32F7xx_HAL_Driver/Src/stm32f7xx_hal_pcd.c ****   * @retval None
1533:Drivers/STM32F7xx_HAL_Driver/Src/stm32f7xx_hal_pcd.c ****   */
1534:Drivers/STM32F7xx_HAL_Driver/Src/stm32f7xx_hal_pcd.c **** __weak void HAL_PCD_SuspendCallback(PCD_HandleTypeDef *hpcd)
1535:Drivers/STM32F7xx_HAL_Driver/Src/stm32f7xx_hal_pcd.c **** {
1536:Drivers/STM32F7xx_HAL_Driver/Src/stm32f7xx_hal_pcd.c ****   /* Prevent unused argument(s) compilation warning */
1537:Drivers/STM32F7xx_HAL_Driver/Src/stm32f7xx_hal_pcd.c ****   UNUSED(hpcd);
1538:Drivers/STM32F7xx_HAL_Driver/Src/stm32f7xx_hal_pcd.c **** 
1539:Drivers/STM32F7xx_HAL_Driver/Src/stm32f7xx_hal_pcd.c ****   /* NOTE : This function should not be modified, when the callback is needed,
1540:Drivers/STM32F7xx_HAL_Driver/Src/stm32f7xx_hal_pcd.c ****             the HAL_PCD_SuspendCallback could be implemented in the user file
1541:Drivers/STM32F7xx_HAL_Driver/Src/stm32f7xx_hal_pcd.c ****    */
1542:Drivers/STM32F7xx_HAL_Driver/Src/stm32f7xx_hal_pcd.c **** }
1543:Drivers/STM32F7xx_HAL_Driver/Src/stm32f7xx_hal_pcd.c **** 
1544:Drivers/STM32F7xx_HAL_Driver/Src/stm32f7xx_hal_pcd.c **** /**
1545:Drivers/STM32F7xx_HAL_Driver/Src/stm32f7xx_hal_pcd.c ****   * @brief  Resume event callback.
1546:Drivers/STM32F7xx_HAL_Driver/Src/stm32f7xx_hal_pcd.c ****   * @param  hpcd PCD handle
1547:Drivers/STM32F7xx_HAL_Driver/Src/stm32f7xx_hal_pcd.c ****   * @retval None
1548:Drivers/STM32F7xx_HAL_Driver/Src/stm32f7xx_hal_pcd.c ****   */
1549:Drivers/STM32F7xx_HAL_Driver/Src/stm32f7xx_hal_pcd.c **** __weak void HAL_PCD_ResumeCallback(PCD_HandleTypeDef *hpcd)
1550:Drivers/STM32F7xx_HAL_Driver/Src/stm32f7xx_hal_pcd.c **** {
1551:Drivers/STM32F7xx_HAL_Driver/Src/stm32f7xx_hal_pcd.c ****   /* Prevent unused argument(s) compilation warning */
1552:Drivers/STM32F7xx_HAL_Driver/Src/stm32f7xx_hal_pcd.c ****   UNUSED(hpcd);
1553:Drivers/STM32F7xx_HAL_Driver/Src/stm32f7xx_hal_pcd.c **** 
1554:Drivers/STM32F7xx_HAL_Driver/Src/stm32f7xx_hal_pcd.c ****   /* NOTE : This function should not be modified, when the callback is needed,
1555:Drivers/STM32F7xx_HAL_Driver/Src/stm32f7xx_hal_pcd.c ****             the HAL_PCD_ResumeCallback could be implemented in the user file
1556:Drivers/STM32F7xx_HAL_Driver/Src/stm32f7xx_hal_pcd.c ****    */
1557:Drivers/STM32F7xx_HAL_Driver/Src/stm32f7xx_hal_pcd.c **** }
1558:Drivers/STM32F7xx_HAL_Driver/Src/stm32f7xx_hal_pcd.c **** 
1559:Drivers/STM32F7xx_HAL_Driver/Src/stm32f7xx_hal_pcd.c **** /**
1560:Drivers/STM32F7xx_HAL_Driver/Src/stm32f7xx_hal_pcd.c ****   * @brief  Incomplete ISO OUT callback.
1561:Drivers/STM32F7xx_HAL_Driver/Src/stm32f7xx_hal_pcd.c ****   * @param  hpcd PCD handle
1562:Drivers/STM32F7xx_HAL_Driver/Src/stm32f7xx_hal_pcd.c ****   * @param  epnum endpoint number
1563:Drivers/STM32F7xx_HAL_Driver/Src/stm32f7xx_hal_pcd.c ****   * @retval None
1564:Drivers/STM32F7xx_HAL_Driver/Src/stm32f7xx_hal_pcd.c ****   */
1565:Drivers/STM32F7xx_HAL_Driver/Src/stm32f7xx_hal_pcd.c **** __weak void HAL_PCD_ISOOUTIncompleteCallback(PCD_HandleTypeDef *hpcd, uint8_t epnum)
1566:Drivers/STM32F7xx_HAL_Driver/Src/stm32f7xx_hal_pcd.c **** {
1567:Drivers/STM32F7xx_HAL_Driver/Src/stm32f7xx_hal_pcd.c ****   /* Prevent unused argument(s) compilation warning */
1568:Drivers/STM32F7xx_HAL_Driver/Src/stm32f7xx_hal_pcd.c ****   UNUSED(hpcd);
1569:Drivers/STM32F7xx_HAL_Driver/Src/stm32f7xx_hal_pcd.c ****   UNUSED(epnum);
ARM GAS  /tmp/cciuNOwn.s 			page 29


1570:Drivers/STM32F7xx_HAL_Driver/Src/stm32f7xx_hal_pcd.c **** 
1571:Drivers/STM32F7xx_HAL_Driver/Src/stm32f7xx_hal_pcd.c ****   /* NOTE : This function should not be modified, when the callback is needed,
1572:Drivers/STM32F7xx_HAL_Driver/Src/stm32f7xx_hal_pcd.c ****             the HAL_PCD_ISOOUTIncompleteCallback could be implemented in the user file
1573:Drivers/STM32F7xx_HAL_Driver/Src/stm32f7xx_hal_pcd.c ****    */
1574:Drivers/STM32F7xx_HAL_Driver/Src/stm32f7xx_hal_pcd.c **** }
1575:Drivers/STM32F7xx_HAL_Driver/Src/stm32f7xx_hal_pcd.c **** 
1576:Drivers/STM32F7xx_HAL_Driver/Src/stm32f7xx_hal_pcd.c **** /**
1577:Drivers/STM32F7xx_HAL_Driver/Src/stm32f7xx_hal_pcd.c ****   * @brief  Incomplete ISO IN callback.
1578:Drivers/STM32F7xx_HAL_Driver/Src/stm32f7xx_hal_pcd.c ****   * @param  hpcd PCD handle
1579:Drivers/STM32F7xx_HAL_Driver/Src/stm32f7xx_hal_pcd.c ****   * @param  epnum endpoint number
1580:Drivers/STM32F7xx_HAL_Driver/Src/stm32f7xx_hal_pcd.c ****   * @retval None
1581:Drivers/STM32F7xx_HAL_Driver/Src/stm32f7xx_hal_pcd.c ****   */
1582:Drivers/STM32F7xx_HAL_Driver/Src/stm32f7xx_hal_pcd.c **** __weak void HAL_PCD_ISOINIncompleteCallback(PCD_HandleTypeDef *hpcd, uint8_t epnum)
1583:Drivers/STM32F7xx_HAL_Driver/Src/stm32f7xx_hal_pcd.c **** {
1584:Drivers/STM32F7xx_HAL_Driver/Src/stm32f7xx_hal_pcd.c ****   /* Prevent unused argument(s) compilation warning */
1585:Drivers/STM32F7xx_HAL_Driver/Src/stm32f7xx_hal_pcd.c ****   UNUSED(hpcd);
1586:Drivers/STM32F7xx_HAL_Driver/Src/stm32f7xx_hal_pcd.c ****   UNUSED(epnum);
1587:Drivers/STM32F7xx_HAL_Driver/Src/stm32f7xx_hal_pcd.c **** 
1588:Drivers/STM32F7xx_HAL_Driver/Src/stm32f7xx_hal_pcd.c ****   /* NOTE : This function should not be modified, when the callback is needed,
1589:Drivers/STM32F7xx_HAL_Driver/Src/stm32f7xx_hal_pcd.c ****             the HAL_PCD_ISOINIncompleteCallback could be implemented in the user file
1590:Drivers/STM32F7xx_HAL_Driver/Src/stm32f7xx_hal_pcd.c ****    */
1591:Drivers/STM32F7xx_HAL_Driver/Src/stm32f7xx_hal_pcd.c **** }
1592:Drivers/STM32F7xx_HAL_Driver/Src/stm32f7xx_hal_pcd.c **** 
1593:Drivers/STM32F7xx_HAL_Driver/Src/stm32f7xx_hal_pcd.c **** /**
1594:Drivers/STM32F7xx_HAL_Driver/Src/stm32f7xx_hal_pcd.c ****   * @brief  Connection event callback.
1595:Drivers/STM32F7xx_HAL_Driver/Src/stm32f7xx_hal_pcd.c ****   * @param  hpcd PCD handle
1596:Drivers/STM32F7xx_HAL_Driver/Src/stm32f7xx_hal_pcd.c ****   * @retval None
1597:Drivers/STM32F7xx_HAL_Driver/Src/stm32f7xx_hal_pcd.c ****   */
1598:Drivers/STM32F7xx_HAL_Driver/Src/stm32f7xx_hal_pcd.c **** __weak void HAL_PCD_ConnectCallback(PCD_HandleTypeDef *hpcd)
1599:Drivers/STM32F7xx_HAL_Driver/Src/stm32f7xx_hal_pcd.c **** {
1600:Drivers/STM32F7xx_HAL_Driver/Src/stm32f7xx_hal_pcd.c ****   /* Prevent unused argument(s) compilation warning */
1601:Drivers/STM32F7xx_HAL_Driver/Src/stm32f7xx_hal_pcd.c ****   UNUSED(hpcd);
1602:Drivers/STM32F7xx_HAL_Driver/Src/stm32f7xx_hal_pcd.c **** 
1603:Drivers/STM32F7xx_HAL_Driver/Src/stm32f7xx_hal_pcd.c ****   /* NOTE : This function should not be modified, when the callback is needed,
1604:Drivers/STM32F7xx_HAL_Driver/Src/stm32f7xx_hal_pcd.c ****             the HAL_PCD_ConnectCallback could be implemented in the user file
1605:Drivers/STM32F7xx_HAL_Driver/Src/stm32f7xx_hal_pcd.c ****    */
1606:Drivers/STM32F7xx_HAL_Driver/Src/stm32f7xx_hal_pcd.c **** }
1607:Drivers/STM32F7xx_HAL_Driver/Src/stm32f7xx_hal_pcd.c **** 
1608:Drivers/STM32F7xx_HAL_Driver/Src/stm32f7xx_hal_pcd.c **** /**
1609:Drivers/STM32F7xx_HAL_Driver/Src/stm32f7xx_hal_pcd.c ****   * @brief  Disconnection event callback.
1610:Drivers/STM32F7xx_HAL_Driver/Src/stm32f7xx_hal_pcd.c ****   * @param  hpcd PCD handle
1611:Drivers/STM32F7xx_HAL_Driver/Src/stm32f7xx_hal_pcd.c ****   * @retval None
1612:Drivers/STM32F7xx_HAL_Driver/Src/stm32f7xx_hal_pcd.c ****   */
1613:Drivers/STM32F7xx_HAL_Driver/Src/stm32f7xx_hal_pcd.c **** __weak void HAL_PCD_DisconnectCallback(PCD_HandleTypeDef *hpcd)
1614:Drivers/STM32F7xx_HAL_Driver/Src/stm32f7xx_hal_pcd.c **** {
1615:Drivers/STM32F7xx_HAL_Driver/Src/stm32f7xx_hal_pcd.c ****   /* Prevent unused argument(s) compilation warning */
1616:Drivers/STM32F7xx_HAL_Driver/Src/stm32f7xx_hal_pcd.c ****   UNUSED(hpcd);
1617:Drivers/STM32F7xx_HAL_Driver/Src/stm32f7xx_hal_pcd.c **** 
1618:Drivers/STM32F7xx_HAL_Driver/Src/stm32f7xx_hal_pcd.c ****   /* NOTE : This function should not be modified, when the callback is needed,
1619:Drivers/STM32F7xx_HAL_Driver/Src/stm32f7xx_hal_pcd.c ****             the HAL_PCD_DisconnectCallback could be implemented in the user file
1620:Drivers/STM32F7xx_HAL_Driver/Src/stm32f7xx_hal_pcd.c ****    */
1621:Drivers/STM32F7xx_HAL_Driver/Src/stm32f7xx_hal_pcd.c **** }
1622:Drivers/STM32F7xx_HAL_Driver/Src/stm32f7xx_hal_pcd.c **** 
1623:Drivers/STM32F7xx_HAL_Driver/Src/stm32f7xx_hal_pcd.c **** /**
1624:Drivers/STM32F7xx_HAL_Driver/Src/stm32f7xx_hal_pcd.c ****   * @}
1625:Drivers/STM32F7xx_HAL_Driver/Src/stm32f7xx_hal_pcd.c ****   */
1626:Drivers/STM32F7xx_HAL_Driver/Src/stm32f7xx_hal_pcd.c **** 
ARM GAS  /tmp/cciuNOwn.s 			page 30


1627:Drivers/STM32F7xx_HAL_Driver/Src/stm32f7xx_hal_pcd.c **** /** @defgroup PCD_Exported_Functions_Group3 Peripheral Control functions
1628:Drivers/STM32F7xx_HAL_Driver/Src/stm32f7xx_hal_pcd.c ****   *  @brief   management functions
1629:Drivers/STM32F7xx_HAL_Driver/Src/stm32f7xx_hal_pcd.c ****   *
1630:Drivers/STM32F7xx_HAL_Driver/Src/stm32f7xx_hal_pcd.c **** @verbatim
1631:Drivers/STM32F7xx_HAL_Driver/Src/stm32f7xx_hal_pcd.c ****  ===============================================================================
1632:Drivers/STM32F7xx_HAL_Driver/Src/stm32f7xx_hal_pcd.c ****                       ##### Peripheral Control functions #####
1633:Drivers/STM32F7xx_HAL_Driver/Src/stm32f7xx_hal_pcd.c ****  ===============================================================================
1634:Drivers/STM32F7xx_HAL_Driver/Src/stm32f7xx_hal_pcd.c ****     [..]
1635:Drivers/STM32F7xx_HAL_Driver/Src/stm32f7xx_hal_pcd.c ****     This subsection provides a set of functions allowing to control the PCD data
1636:Drivers/STM32F7xx_HAL_Driver/Src/stm32f7xx_hal_pcd.c ****     transfers.
1637:Drivers/STM32F7xx_HAL_Driver/Src/stm32f7xx_hal_pcd.c **** 
1638:Drivers/STM32F7xx_HAL_Driver/Src/stm32f7xx_hal_pcd.c **** @endverbatim
1639:Drivers/STM32F7xx_HAL_Driver/Src/stm32f7xx_hal_pcd.c ****   * @{
1640:Drivers/STM32F7xx_HAL_Driver/Src/stm32f7xx_hal_pcd.c ****   */
1641:Drivers/STM32F7xx_HAL_Driver/Src/stm32f7xx_hal_pcd.c **** 
1642:Drivers/STM32F7xx_HAL_Driver/Src/stm32f7xx_hal_pcd.c **** /**
1643:Drivers/STM32F7xx_HAL_Driver/Src/stm32f7xx_hal_pcd.c ****   * @brief  Connect the USB device
1644:Drivers/STM32F7xx_HAL_Driver/Src/stm32f7xx_hal_pcd.c ****   * @param  hpcd PCD handle
1645:Drivers/STM32F7xx_HAL_Driver/Src/stm32f7xx_hal_pcd.c ****   * @retval HAL status
1646:Drivers/STM32F7xx_HAL_Driver/Src/stm32f7xx_hal_pcd.c ****   */
1647:Drivers/STM32F7xx_HAL_Driver/Src/stm32f7xx_hal_pcd.c **** HAL_StatusTypeDef HAL_PCD_DevConnect(PCD_HandleTypeDef *hpcd)
1648:Drivers/STM32F7xx_HAL_Driver/Src/stm32f7xx_hal_pcd.c **** {
1649:Drivers/STM32F7xx_HAL_Driver/Src/stm32f7xx_hal_pcd.c ****   __HAL_LOCK(hpcd);
1650:Drivers/STM32F7xx_HAL_Driver/Src/stm32f7xx_hal_pcd.c ****   (void)USB_DevConnect(hpcd->Instance);
1651:Drivers/STM32F7xx_HAL_Driver/Src/stm32f7xx_hal_pcd.c ****   __HAL_UNLOCK(hpcd);
1652:Drivers/STM32F7xx_HAL_Driver/Src/stm32f7xx_hal_pcd.c **** 
1653:Drivers/STM32F7xx_HAL_Driver/Src/stm32f7xx_hal_pcd.c ****   return HAL_OK;
1654:Drivers/STM32F7xx_HAL_Driver/Src/stm32f7xx_hal_pcd.c **** }
1655:Drivers/STM32F7xx_HAL_Driver/Src/stm32f7xx_hal_pcd.c **** 
1656:Drivers/STM32F7xx_HAL_Driver/Src/stm32f7xx_hal_pcd.c **** /**
1657:Drivers/STM32F7xx_HAL_Driver/Src/stm32f7xx_hal_pcd.c ****   * @brief  Disconnect the USB device.
1658:Drivers/STM32F7xx_HAL_Driver/Src/stm32f7xx_hal_pcd.c ****   * @param  hpcd PCD handle
1659:Drivers/STM32F7xx_HAL_Driver/Src/stm32f7xx_hal_pcd.c ****   * @retval HAL status
1660:Drivers/STM32F7xx_HAL_Driver/Src/stm32f7xx_hal_pcd.c ****   */
1661:Drivers/STM32F7xx_HAL_Driver/Src/stm32f7xx_hal_pcd.c **** HAL_StatusTypeDef HAL_PCD_DevDisconnect(PCD_HandleTypeDef *hpcd)
1662:Drivers/STM32F7xx_HAL_Driver/Src/stm32f7xx_hal_pcd.c **** {
1663:Drivers/STM32F7xx_HAL_Driver/Src/stm32f7xx_hal_pcd.c ****   __HAL_LOCK(hpcd);
1664:Drivers/STM32F7xx_HAL_Driver/Src/stm32f7xx_hal_pcd.c ****   (void)USB_DevDisconnect(hpcd->Instance);
1665:Drivers/STM32F7xx_HAL_Driver/Src/stm32f7xx_hal_pcd.c ****   __HAL_UNLOCK(hpcd);
1666:Drivers/STM32F7xx_HAL_Driver/Src/stm32f7xx_hal_pcd.c **** 
1667:Drivers/STM32F7xx_HAL_Driver/Src/stm32f7xx_hal_pcd.c ****   return HAL_OK;
1668:Drivers/STM32F7xx_HAL_Driver/Src/stm32f7xx_hal_pcd.c **** }
1669:Drivers/STM32F7xx_HAL_Driver/Src/stm32f7xx_hal_pcd.c **** 
1670:Drivers/STM32F7xx_HAL_Driver/Src/stm32f7xx_hal_pcd.c **** /**
1671:Drivers/STM32F7xx_HAL_Driver/Src/stm32f7xx_hal_pcd.c ****   * @brief  Set the USB Device address.
1672:Drivers/STM32F7xx_HAL_Driver/Src/stm32f7xx_hal_pcd.c ****   * @param  hpcd PCD handle
1673:Drivers/STM32F7xx_HAL_Driver/Src/stm32f7xx_hal_pcd.c ****   * @param  address new device address
1674:Drivers/STM32F7xx_HAL_Driver/Src/stm32f7xx_hal_pcd.c ****   * @retval HAL status
1675:Drivers/STM32F7xx_HAL_Driver/Src/stm32f7xx_hal_pcd.c ****   */
1676:Drivers/STM32F7xx_HAL_Driver/Src/stm32f7xx_hal_pcd.c **** HAL_StatusTypeDef HAL_PCD_SetAddress(PCD_HandleTypeDef *hpcd, uint8_t address)
1677:Drivers/STM32F7xx_HAL_Driver/Src/stm32f7xx_hal_pcd.c **** {
1678:Drivers/STM32F7xx_HAL_Driver/Src/stm32f7xx_hal_pcd.c ****   __HAL_LOCK(hpcd);
1679:Drivers/STM32F7xx_HAL_Driver/Src/stm32f7xx_hal_pcd.c ****   hpcd->USB_Address = address;
1680:Drivers/STM32F7xx_HAL_Driver/Src/stm32f7xx_hal_pcd.c ****   (void)USB_SetDevAddress(hpcd->Instance, address);
1681:Drivers/STM32F7xx_HAL_Driver/Src/stm32f7xx_hal_pcd.c ****   __HAL_UNLOCK(hpcd);
1682:Drivers/STM32F7xx_HAL_Driver/Src/stm32f7xx_hal_pcd.c **** 
1683:Drivers/STM32F7xx_HAL_Driver/Src/stm32f7xx_hal_pcd.c ****   return HAL_OK;
ARM GAS  /tmp/cciuNOwn.s 			page 31


1684:Drivers/STM32F7xx_HAL_Driver/Src/stm32f7xx_hal_pcd.c **** }
1685:Drivers/STM32F7xx_HAL_Driver/Src/stm32f7xx_hal_pcd.c **** /**
1686:Drivers/STM32F7xx_HAL_Driver/Src/stm32f7xx_hal_pcd.c ****   * @brief  Open and configure an endpoint.
1687:Drivers/STM32F7xx_HAL_Driver/Src/stm32f7xx_hal_pcd.c ****   * @param  hpcd PCD handle
1688:Drivers/STM32F7xx_HAL_Driver/Src/stm32f7xx_hal_pcd.c ****   * @param  ep_addr endpoint address
1689:Drivers/STM32F7xx_HAL_Driver/Src/stm32f7xx_hal_pcd.c ****   * @param  ep_mps endpoint max packet size
1690:Drivers/STM32F7xx_HAL_Driver/Src/stm32f7xx_hal_pcd.c ****   * @param  ep_type endpoint type
1691:Drivers/STM32F7xx_HAL_Driver/Src/stm32f7xx_hal_pcd.c ****   * @retval HAL status
1692:Drivers/STM32F7xx_HAL_Driver/Src/stm32f7xx_hal_pcd.c ****   */
1693:Drivers/STM32F7xx_HAL_Driver/Src/stm32f7xx_hal_pcd.c **** HAL_StatusTypeDef HAL_PCD_EP_Open(PCD_HandleTypeDef *hpcd, uint8_t ep_addr,
1694:Drivers/STM32F7xx_HAL_Driver/Src/stm32f7xx_hal_pcd.c ****                                   uint16_t ep_mps, uint8_t ep_type)
1695:Drivers/STM32F7xx_HAL_Driver/Src/stm32f7xx_hal_pcd.c **** {
1696:Drivers/STM32F7xx_HAL_Driver/Src/stm32f7xx_hal_pcd.c ****   HAL_StatusTypeDef ret = HAL_OK;
1697:Drivers/STM32F7xx_HAL_Driver/Src/stm32f7xx_hal_pcd.c ****   PCD_EPTypeDef *ep;
1698:Drivers/STM32F7xx_HAL_Driver/Src/stm32f7xx_hal_pcd.c **** 
1699:Drivers/STM32F7xx_HAL_Driver/Src/stm32f7xx_hal_pcd.c ****   if ((ep_addr & 0x80U) == 0x80U)
1700:Drivers/STM32F7xx_HAL_Driver/Src/stm32f7xx_hal_pcd.c ****   {
1701:Drivers/STM32F7xx_HAL_Driver/Src/stm32f7xx_hal_pcd.c ****     ep = &hpcd->IN_ep[ep_addr & EP_ADDR_MSK];
1702:Drivers/STM32F7xx_HAL_Driver/Src/stm32f7xx_hal_pcd.c ****     ep->is_in = 1U;
1703:Drivers/STM32F7xx_HAL_Driver/Src/stm32f7xx_hal_pcd.c ****   }
1704:Drivers/STM32F7xx_HAL_Driver/Src/stm32f7xx_hal_pcd.c ****   else
1705:Drivers/STM32F7xx_HAL_Driver/Src/stm32f7xx_hal_pcd.c ****   {
1706:Drivers/STM32F7xx_HAL_Driver/Src/stm32f7xx_hal_pcd.c ****     ep = &hpcd->OUT_ep[ep_addr & EP_ADDR_MSK];
1707:Drivers/STM32F7xx_HAL_Driver/Src/stm32f7xx_hal_pcd.c ****     ep->is_in = 0U;
1708:Drivers/STM32F7xx_HAL_Driver/Src/stm32f7xx_hal_pcd.c ****   }
1709:Drivers/STM32F7xx_HAL_Driver/Src/stm32f7xx_hal_pcd.c **** 
1710:Drivers/STM32F7xx_HAL_Driver/Src/stm32f7xx_hal_pcd.c ****   ep->num = ep_addr & EP_ADDR_MSK;
1711:Drivers/STM32F7xx_HAL_Driver/Src/stm32f7xx_hal_pcd.c ****   ep->maxpacket = (uint32_t)ep_mps & 0x7FFU;
1712:Drivers/STM32F7xx_HAL_Driver/Src/stm32f7xx_hal_pcd.c ****   ep->type = ep_type;
1713:Drivers/STM32F7xx_HAL_Driver/Src/stm32f7xx_hal_pcd.c **** 
1714:Drivers/STM32F7xx_HAL_Driver/Src/stm32f7xx_hal_pcd.c ****   if (ep->is_in != 0U)
1715:Drivers/STM32F7xx_HAL_Driver/Src/stm32f7xx_hal_pcd.c ****   {
1716:Drivers/STM32F7xx_HAL_Driver/Src/stm32f7xx_hal_pcd.c ****     /* Assign a Tx FIFO */
1717:Drivers/STM32F7xx_HAL_Driver/Src/stm32f7xx_hal_pcd.c ****     ep->tx_fifo_num = ep->num;
1718:Drivers/STM32F7xx_HAL_Driver/Src/stm32f7xx_hal_pcd.c ****   }
1719:Drivers/STM32F7xx_HAL_Driver/Src/stm32f7xx_hal_pcd.c **** 
1720:Drivers/STM32F7xx_HAL_Driver/Src/stm32f7xx_hal_pcd.c ****   /* Set initial data PID. */
1721:Drivers/STM32F7xx_HAL_Driver/Src/stm32f7xx_hal_pcd.c ****   if (ep_type == EP_TYPE_BULK)
1722:Drivers/STM32F7xx_HAL_Driver/Src/stm32f7xx_hal_pcd.c ****   {
1723:Drivers/STM32F7xx_HAL_Driver/Src/stm32f7xx_hal_pcd.c ****     ep->data_pid_start = 0U;
1724:Drivers/STM32F7xx_HAL_Driver/Src/stm32f7xx_hal_pcd.c ****   }
1725:Drivers/STM32F7xx_HAL_Driver/Src/stm32f7xx_hal_pcd.c **** 
1726:Drivers/STM32F7xx_HAL_Driver/Src/stm32f7xx_hal_pcd.c ****   __HAL_LOCK(hpcd);
1727:Drivers/STM32F7xx_HAL_Driver/Src/stm32f7xx_hal_pcd.c ****   (void)USB_ActivateEndpoint(hpcd->Instance, ep);
1728:Drivers/STM32F7xx_HAL_Driver/Src/stm32f7xx_hal_pcd.c ****   __HAL_UNLOCK(hpcd);
1729:Drivers/STM32F7xx_HAL_Driver/Src/stm32f7xx_hal_pcd.c **** 
1730:Drivers/STM32F7xx_HAL_Driver/Src/stm32f7xx_hal_pcd.c ****   return ret;
1731:Drivers/STM32F7xx_HAL_Driver/Src/stm32f7xx_hal_pcd.c **** }
1732:Drivers/STM32F7xx_HAL_Driver/Src/stm32f7xx_hal_pcd.c **** 
1733:Drivers/STM32F7xx_HAL_Driver/Src/stm32f7xx_hal_pcd.c **** /**
1734:Drivers/STM32F7xx_HAL_Driver/Src/stm32f7xx_hal_pcd.c ****   * @brief  Deactivate an endpoint.
1735:Drivers/STM32F7xx_HAL_Driver/Src/stm32f7xx_hal_pcd.c ****   * @param  hpcd PCD handle
1736:Drivers/STM32F7xx_HAL_Driver/Src/stm32f7xx_hal_pcd.c ****   * @param  ep_addr endpoint address
1737:Drivers/STM32F7xx_HAL_Driver/Src/stm32f7xx_hal_pcd.c ****   * @retval HAL status
1738:Drivers/STM32F7xx_HAL_Driver/Src/stm32f7xx_hal_pcd.c ****   */
1739:Drivers/STM32F7xx_HAL_Driver/Src/stm32f7xx_hal_pcd.c **** HAL_StatusTypeDef HAL_PCD_EP_Close(PCD_HandleTypeDef *hpcd, uint8_t ep_addr)
1740:Drivers/STM32F7xx_HAL_Driver/Src/stm32f7xx_hal_pcd.c **** {
ARM GAS  /tmp/cciuNOwn.s 			page 32


1741:Drivers/STM32F7xx_HAL_Driver/Src/stm32f7xx_hal_pcd.c ****   PCD_EPTypeDef *ep;
1742:Drivers/STM32F7xx_HAL_Driver/Src/stm32f7xx_hal_pcd.c **** 
1743:Drivers/STM32F7xx_HAL_Driver/Src/stm32f7xx_hal_pcd.c ****   if ((ep_addr & 0x80U) == 0x80U)
1744:Drivers/STM32F7xx_HAL_Driver/Src/stm32f7xx_hal_pcd.c ****   {
1745:Drivers/STM32F7xx_HAL_Driver/Src/stm32f7xx_hal_pcd.c ****     ep = &hpcd->IN_ep[ep_addr & EP_ADDR_MSK];
1746:Drivers/STM32F7xx_HAL_Driver/Src/stm32f7xx_hal_pcd.c ****     ep->is_in = 1U;
1747:Drivers/STM32F7xx_HAL_Driver/Src/stm32f7xx_hal_pcd.c ****   }
1748:Drivers/STM32F7xx_HAL_Driver/Src/stm32f7xx_hal_pcd.c ****   else
1749:Drivers/STM32F7xx_HAL_Driver/Src/stm32f7xx_hal_pcd.c ****   {
1750:Drivers/STM32F7xx_HAL_Driver/Src/stm32f7xx_hal_pcd.c ****     ep = &hpcd->OUT_ep[ep_addr & EP_ADDR_MSK];
1751:Drivers/STM32F7xx_HAL_Driver/Src/stm32f7xx_hal_pcd.c ****     ep->is_in = 0U;
1752:Drivers/STM32F7xx_HAL_Driver/Src/stm32f7xx_hal_pcd.c ****   }
1753:Drivers/STM32F7xx_HAL_Driver/Src/stm32f7xx_hal_pcd.c ****   ep->num = ep_addr & EP_ADDR_MSK;
1754:Drivers/STM32F7xx_HAL_Driver/Src/stm32f7xx_hal_pcd.c **** 
1755:Drivers/STM32F7xx_HAL_Driver/Src/stm32f7xx_hal_pcd.c ****   __HAL_LOCK(hpcd);
1756:Drivers/STM32F7xx_HAL_Driver/Src/stm32f7xx_hal_pcd.c ****   (void)USB_DeactivateEndpoint(hpcd->Instance, ep);
1757:Drivers/STM32F7xx_HAL_Driver/Src/stm32f7xx_hal_pcd.c ****   __HAL_UNLOCK(hpcd);
1758:Drivers/STM32F7xx_HAL_Driver/Src/stm32f7xx_hal_pcd.c ****   return HAL_OK;
1759:Drivers/STM32F7xx_HAL_Driver/Src/stm32f7xx_hal_pcd.c **** }
1760:Drivers/STM32F7xx_HAL_Driver/Src/stm32f7xx_hal_pcd.c **** 
1761:Drivers/STM32F7xx_HAL_Driver/Src/stm32f7xx_hal_pcd.c **** 
1762:Drivers/STM32F7xx_HAL_Driver/Src/stm32f7xx_hal_pcd.c **** /**
1763:Drivers/STM32F7xx_HAL_Driver/Src/stm32f7xx_hal_pcd.c ****   * @brief  Receive an amount of data.
1764:Drivers/STM32F7xx_HAL_Driver/Src/stm32f7xx_hal_pcd.c ****   * @param  hpcd PCD handle
1765:Drivers/STM32F7xx_HAL_Driver/Src/stm32f7xx_hal_pcd.c ****   * @param  ep_addr endpoint address
1766:Drivers/STM32F7xx_HAL_Driver/Src/stm32f7xx_hal_pcd.c ****   * @param  pBuf pointer to the reception buffer
1767:Drivers/STM32F7xx_HAL_Driver/Src/stm32f7xx_hal_pcd.c ****   * @param  len amount of data to be received
1768:Drivers/STM32F7xx_HAL_Driver/Src/stm32f7xx_hal_pcd.c ****   * @retval HAL status
1769:Drivers/STM32F7xx_HAL_Driver/Src/stm32f7xx_hal_pcd.c ****   */
1770:Drivers/STM32F7xx_HAL_Driver/Src/stm32f7xx_hal_pcd.c **** HAL_StatusTypeDef HAL_PCD_EP_Receive(PCD_HandleTypeDef *hpcd, uint8_t ep_addr, uint8_t *pBuf, uint3
1771:Drivers/STM32F7xx_HAL_Driver/Src/stm32f7xx_hal_pcd.c **** {
1772:Drivers/STM32F7xx_HAL_Driver/Src/stm32f7xx_hal_pcd.c ****   PCD_EPTypeDef *ep;
1773:Drivers/STM32F7xx_HAL_Driver/Src/stm32f7xx_hal_pcd.c **** 
1774:Drivers/STM32F7xx_HAL_Driver/Src/stm32f7xx_hal_pcd.c ****   ep = &hpcd->OUT_ep[ep_addr & EP_ADDR_MSK];
1775:Drivers/STM32F7xx_HAL_Driver/Src/stm32f7xx_hal_pcd.c **** 
1776:Drivers/STM32F7xx_HAL_Driver/Src/stm32f7xx_hal_pcd.c ****   /*setup and start the Xfer */
1777:Drivers/STM32F7xx_HAL_Driver/Src/stm32f7xx_hal_pcd.c ****   ep->xfer_buff = pBuf;
1778:Drivers/STM32F7xx_HAL_Driver/Src/stm32f7xx_hal_pcd.c ****   ep->xfer_len = len;
1779:Drivers/STM32F7xx_HAL_Driver/Src/stm32f7xx_hal_pcd.c ****   ep->xfer_count = 0U;
1780:Drivers/STM32F7xx_HAL_Driver/Src/stm32f7xx_hal_pcd.c ****   ep->is_in = 0U;
1781:Drivers/STM32F7xx_HAL_Driver/Src/stm32f7xx_hal_pcd.c ****   ep->num = ep_addr & EP_ADDR_MSK;
1782:Drivers/STM32F7xx_HAL_Driver/Src/stm32f7xx_hal_pcd.c **** 
1783:Drivers/STM32F7xx_HAL_Driver/Src/stm32f7xx_hal_pcd.c ****   if (hpcd->Init.dma_enable == 1U)
1784:Drivers/STM32F7xx_HAL_Driver/Src/stm32f7xx_hal_pcd.c ****   {
1785:Drivers/STM32F7xx_HAL_Driver/Src/stm32f7xx_hal_pcd.c ****     ep->dma_addr = (uint32_t)pBuf;
1786:Drivers/STM32F7xx_HAL_Driver/Src/stm32f7xx_hal_pcd.c ****   }
1787:Drivers/STM32F7xx_HAL_Driver/Src/stm32f7xx_hal_pcd.c **** 
1788:Drivers/STM32F7xx_HAL_Driver/Src/stm32f7xx_hal_pcd.c ****   (void)USB_EPStartXfer(hpcd->Instance, ep, (uint8_t)hpcd->Init.dma_enable);
1789:Drivers/STM32F7xx_HAL_Driver/Src/stm32f7xx_hal_pcd.c **** 
1790:Drivers/STM32F7xx_HAL_Driver/Src/stm32f7xx_hal_pcd.c ****   return HAL_OK;
1791:Drivers/STM32F7xx_HAL_Driver/Src/stm32f7xx_hal_pcd.c **** }
1792:Drivers/STM32F7xx_HAL_Driver/Src/stm32f7xx_hal_pcd.c **** 
1793:Drivers/STM32F7xx_HAL_Driver/Src/stm32f7xx_hal_pcd.c **** /**
1794:Drivers/STM32F7xx_HAL_Driver/Src/stm32f7xx_hal_pcd.c ****   * @brief  Get Received Data Size
1795:Drivers/STM32F7xx_HAL_Driver/Src/stm32f7xx_hal_pcd.c ****   * @param  hpcd PCD handle
1796:Drivers/STM32F7xx_HAL_Driver/Src/stm32f7xx_hal_pcd.c ****   * @param  ep_addr endpoint address
1797:Drivers/STM32F7xx_HAL_Driver/Src/stm32f7xx_hal_pcd.c ****   * @retval Data Size
ARM GAS  /tmp/cciuNOwn.s 			page 33


1798:Drivers/STM32F7xx_HAL_Driver/Src/stm32f7xx_hal_pcd.c ****   */
1799:Drivers/STM32F7xx_HAL_Driver/Src/stm32f7xx_hal_pcd.c **** uint32_t HAL_PCD_EP_GetRxCount(PCD_HandleTypeDef const *hpcd, uint8_t ep_addr)
1800:Drivers/STM32F7xx_HAL_Driver/Src/stm32f7xx_hal_pcd.c **** {
1801:Drivers/STM32F7xx_HAL_Driver/Src/stm32f7xx_hal_pcd.c ****   return hpcd->OUT_ep[ep_addr & EP_ADDR_MSK].xfer_count;
1802:Drivers/STM32F7xx_HAL_Driver/Src/stm32f7xx_hal_pcd.c **** }
1803:Drivers/STM32F7xx_HAL_Driver/Src/stm32f7xx_hal_pcd.c **** /**
1804:Drivers/STM32F7xx_HAL_Driver/Src/stm32f7xx_hal_pcd.c ****   * @brief  Send an amount of data
1805:Drivers/STM32F7xx_HAL_Driver/Src/stm32f7xx_hal_pcd.c ****   * @param  hpcd PCD handle
1806:Drivers/STM32F7xx_HAL_Driver/Src/stm32f7xx_hal_pcd.c ****   * @param  ep_addr endpoint address
1807:Drivers/STM32F7xx_HAL_Driver/Src/stm32f7xx_hal_pcd.c ****   * @param  pBuf pointer to the transmission buffer
1808:Drivers/STM32F7xx_HAL_Driver/Src/stm32f7xx_hal_pcd.c ****   * @param  len amount of data to be sent
1809:Drivers/STM32F7xx_HAL_Driver/Src/stm32f7xx_hal_pcd.c ****   * @retval HAL status
1810:Drivers/STM32F7xx_HAL_Driver/Src/stm32f7xx_hal_pcd.c ****   */
1811:Drivers/STM32F7xx_HAL_Driver/Src/stm32f7xx_hal_pcd.c **** HAL_StatusTypeDef HAL_PCD_EP_Transmit(PCD_HandleTypeDef *hpcd, uint8_t ep_addr, uint8_t *pBuf, uint
1812:Drivers/STM32F7xx_HAL_Driver/Src/stm32f7xx_hal_pcd.c **** {
1813:Drivers/STM32F7xx_HAL_Driver/Src/stm32f7xx_hal_pcd.c ****   PCD_EPTypeDef *ep;
1814:Drivers/STM32F7xx_HAL_Driver/Src/stm32f7xx_hal_pcd.c **** 
1815:Drivers/STM32F7xx_HAL_Driver/Src/stm32f7xx_hal_pcd.c ****   ep = &hpcd->IN_ep[ep_addr & EP_ADDR_MSK];
1816:Drivers/STM32F7xx_HAL_Driver/Src/stm32f7xx_hal_pcd.c **** 
1817:Drivers/STM32F7xx_HAL_Driver/Src/stm32f7xx_hal_pcd.c ****   /*setup and start the Xfer */
1818:Drivers/STM32F7xx_HAL_Driver/Src/stm32f7xx_hal_pcd.c ****   ep->xfer_buff = pBuf;
1819:Drivers/STM32F7xx_HAL_Driver/Src/stm32f7xx_hal_pcd.c ****   ep->xfer_len = len;
1820:Drivers/STM32F7xx_HAL_Driver/Src/stm32f7xx_hal_pcd.c ****   ep->xfer_count = 0U;
1821:Drivers/STM32F7xx_HAL_Driver/Src/stm32f7xx_hal_pcd.c ****   ep->is_in = 1U;
1822:Drivers/STM32F7xx_HAL_Driver/Src/stm32f7xx_hal_pcd.c ****   ep->num = ep_addr & EP_ADDR_MSK;
1823:Drivers/STM32F7xx_HAL_Driver/Src/stm32f7xx_hal_pcd.c **** 
1824:Drivers/STM32F7xx_HAL_Driver/Src/stm32f7xx_hal_pcd.c ****   if (hpcd->Init.dma_enable == 1U)
1825:Drivers/STM32F7xx_HAL_Driver/Src/stm32f7xx_hal_pcd.c ****   {
1826:Drivers/STM32F7xx_HAL_Driver/Src/stm32f7xx_hal_pcd.c ****     ep->dma_addr = (uint32_t)pBuf;
1827:Drivers/STM32F7xx_HAL_Driver/Src/stm32f7xx_hal_pcd.c ****   }
1828:Drivers/STM32F7xx_HAL_Driver/Src/stm32f7xx_hal_pcd.c **** 
1829:Drivers/STM32F7xx_HAL_Driver/Src/stm32f7xx_hal_pcd.c ****   (void)USB_EPStartXfer(hpcd->Instance, ep, (uint8_t)hpcd->Init.dma_enable);
1830:Drivers/STM32F7xx_HAL_Driver/Src/stm32f7xx_hal_pcd.c **** 
1831:Drivers/STM32F7xx_HAL_Driver/Src/stm32f7xx_hal_pcd.c ****   return HAL_OK;
1832:Drivers/STM32F7xx_HAL_Driver/Src/stm32f7xx_hal_pcd.c **** }
1833:Drivers/STM32F7xx_HAL_Driver/Src/stm32f7xx_hal_pcd.c **** 
1834:Drivers/STM32F7xx_HAL_Driver/Src/stm32f7xx_hal_pcd.c **** /**
1835:Drivers/STM32F7xx_HAL_Driver/Src/stm32f7xx_hal_pcd.c ****   * @brief  Set a STALL condition over an endpoint
1836:Drivers/STM32F7xx_HAL_Driver/Src/stm32f7xx_hal_pcd.c ****   * @param  hpcd PCD handle
1837:Drivers/STM32F7xx_HAL_Driver/Src/stm32f7xx_hal_pcd.c ****   * @param  ep_addr endpoint address
1838:Drivers/STM32F7xx_HAL_Driver/Src/stm32f7xx_hal_pcd.c ****   * @retval HAL status
1839:Drivers/STM32F7xx_HAL_Driver/Src/stm32f7xx_hal_pcd.c ****   */
1840:Drivers/STM32F7xx_HAL_Driver/Src/stm32f7xx_hal_pcd.c **** HAL_StatusTypeDef HAL_PCD_EP_SetStall(PCD_HandleTypeDef *hpcd, uint8_t ep_addr)
1841:Drivers/STM32F7xx_HAL_Driver/Src/stm32f7xx_hal_pcd.c **** {
1842:Drivers/STM32F7xx_HAL_Driver/Src/stm32f7xx_hal_pcd.c ****   PCD_EPTypeDef *ep;
1843:Drivers/STM32F7xx_HAL_Driver/Src/stm32f7xx_hal_pcd.c **** 
1844:Drivers/STM32F7xx_HAL_Driver/Src/stm32f7xx_hal_pcd.c ****   if (((uint32_t)ep_addr & EP_ADDR_MSK) > hpcd->Init.dev_endpoints)
1845:Drivers/STM32F7xx_HAL_Driver/Src/stm32f7xx_hal_pcd.c ****   {
1846:Drivers/STM32F7xx_HAL_Driver/Src/stm32f7xx_hal_pcd.c ****     return HAL_ERROR;
1847:Drivers/STM32F7xx_HAL_Driver/Src/stm32f7xx_hal_pcd.c ****   }
1848:Drivers/STM32F7xx_HAL_Driver/Src/stm32f7xx_hal_pcd.c **** 
1849:Drivers/STM32F7xx_HAL_Driver/Src/stm32f7xx_hal_pcd.c ****   if ((0x80U & ep_addr) == 0x80U)
1850:Drivers/STM32F7xx_HAL_Driver/Src/stm32f7xx_hal_pcd.c ****   {
1851:Drivers/STM32F7xx_HAL_Driver/Src/stm32f7xx_hal_pcd.c ****     ep = &hpcd->IN_ep[ep_addr & EP_ADDR_MSK];
1852:Drivers/STM32F7xx_HAL_Driver/Src/stm32f7xx_hal_pcd.c ****     ep->is_in = 1U;
1853:Drivers/STM32F7xx_HAL_Driver/Src/stm32f7xx_hal_pcd.c ****   }
1854:Drivers/STM32F7xx_HAL_Driver/Src/stm32f7xx_hal_pcd.c ****   else
ARM GAS  /tmp/cciuNOwn.s 			page 34


1855:Drivers/STM32F7xx_HAL_Driver/Src/stm32f7xx_hal_pcd.c ****   {
1856:Drivers/STM32F7xx_HAL_Driver/Src/stm32f7xx_hal_pcd.c ****     ep = &hpcd->OUT_ep[ep_addr];
1857:Drivers/STM32F7xx_HAL_Driver/Src/stm32f7xx_hal_pcd.c ****     ep->is_in = 0U;
1858:Drivers/STM32F7xx_HAL_Driver/Src/stm32f7xx_hal_pcd.c ****   }
1859:Drivers/STM32F7xx_HAL_Driver/Src/stm32f7xx_hal_pcd.c **** 
1860:Drivers/STM32F7xx_HAL_Driver/Src/stm32f7xx_hal_pcd.c ****   ep->is_stall = 1U;
1861:Drivers/STM32F7xx_HAL_Driver/Src/stm32f7xx_hal_pcd.c ****   ep->num = ep_addr & EP_ADDR_MSK;
1862:Drivers/STM32F7xx_HAL_Driver/Src/stm32f7xx_hal_pcd.c **** 
1863:Drivers/STM32F7xx_HAL_Driver/Src/stm32f7xx_hal_pcd.c ****   __HAL_LOCK(hpcd);
1864:Drivers/STM32F7xx_HAL_Driver/Src/stm32f7xx_hal_pcd.c **** 
1865:Drivers/STM32F7xx_HAL_Driver/Src/stm32f7xx_hal_pcd.c ****   (void)USB_EPSetStall(hpcd->Instance, ep);
1866:Drivers/STM32F7xx_HAL_Driver/Src/stm32f7xx_hal_pcd.c **** 
1867:Drivers/STM32F7xx_HAL_Driver/Src/stm32f7xx_hal_pcd.c ****   if ((ep_addr & EP_ADDR_MSK) == 0U)
1868:Drivers/STM32F7xx_HAL_Driver/Src/stm32f7xx_hal_pcd.c ****   {
1869:Drivers/STM32F7xx_HAL_Driver/Src/stm32f7xx_hal_pcd.c ****     (void)USB_EP0_OutStart(hpcd->Instance, (uint8_t)hpcd->Init.dma_enable, (uint8_t *)hpcd->Setup);
1870:Drivers/STM32F7xx_HAL_Driver/Src/stm32f7xx_hal_pcd.c ****   }
1871:Drivers/STM32F7xx_HAL_Driver/Src/stm32f7xx_hal_pcd.c **** 
1872:Drivers/STM32F7xx_HAL_Driver/Src/stm32f7xx_hal_pcd.c ****   __HAL_UNLOCK(hpcd);
1873:Drivers/STM32F7xx_HAL_Driver/Src/stm32f7xx_hal_pcd.c **** 
1874:Drivers/STM32F7xx_HAL_Driver/Src/stm32f7xx_hal_pcd.c ****   return HAL_OK;
1875:Drivers/STM32F7xx_HAL_Driver/Src/stm32f7xx_hal_pcd.c **** }
1876:Drivers/STM32F7xx_HAL_Driver/Src/stm32f7xx_hal_pcd.c **** 
1877:Drivers/STM32F7xx_HAL_Driver/Src/stm32f7xx_hal_pcd.c **** /**
1878:Drivers/STM32F7xx_HAL_Driver/Src/stm32f7xx_hal_pcd.c ****   * @brief  Clear a STALL condition over in an endpoint
1879:Drivers/STM32F7xx_HAL_Driver/Src/stm32f7xx_hal_pcd.c ****   * @param  hpcd PCD handle
1880:Drivers/STM32F7xx_HAL_Driver/Src/stm32f7xx_hal_pcd.c ****   * @param  ep_addr endpoint address
1881:Drivers/STM32F7xx_HAL_Driver/Src/stm32f7xx_hal_pcd.c ****   * @retval HAL status
1882:Drivers/STM32F7xx_HAL_Driver/Src/stm32f7xx_hal_pcd.c ****   */
1883:Drivers/STM32F7xx_HAL_Driver/Src/stm32f7xx_hal_pcd.c **** HAL_StatusTypeDef HAL_PCD_EP_ClrStall(PCD_HandleTypeDef *hpcd, uint8_t ep_addr)
1884:Drivers/STM32F7xx_HAL_Driver/Src/stm32f7xx_hal_pcd.c **** {
1885:Drivers/STM32F7xx_HAL_Driver/Src/stm32f7xx_hal_pcd.c ****   PCD_EPTypeDef *ep;
1886:Drivers/STM32F7xx_HAL_Driver/Src/stm32f7xx_hal_pcd.c **** 
1887:Drivers/STM32F7xx_HAL_Driver/Src/stm32f7xx_hal_pcd.c ****   if (((uint32_t)ep_addr & 0x0FU) > hpcd->Init.dev_endpoints)
1888:Drivers/STM32F7xx_HAL_Driver/Src/stm32f7xx_hal_pcd.c ****   {
1889:Drivers/STM32F7xx_HAL_Driver/Src/stm32f7xx_hal_pcd.c ****     return HAL_ERROR;
1890:Drivers/STM32F7xx_HAL_Driver/Src/stm32f7xx_hal_pcd.c ****   }
1891:Drivers/STM32F7xx_HAL_Driver/Src/stm32f7xx_hal_pcd.c **** 
1892:Drivers/STM32F7xx_HAL_Driver/Src/stm32f7xx_hal_pcd.c ****   if ((0x80U & ep_addr) == 0x80U)
1893:Drivers/STM32F7xx_HAL_Driver/Src/stm32f7xx_hal_pcd.c ****   {
1894:Drivers/STM32F7xx_HAL_Driver/Src/stm32f7xx_hal_pcd.c ****     ep = &hpcd->IN_ep[ep_addr & EP_ADDR_MSK];
1895:Drivers/STM32F7xx_HAL_Driver/Src/stm32f7xx_hal_pcd.c ****     ep->is_in = 1U;
1896:Drivers/STM32F7xx_HAL_Driver/Src/stm32f7xx_hal_pcd.c ****   }
1897:Drivers/STM32F7xx_HAL_Driver/Src/stm32f7xx_hal_pcd.c ****   else
1898:Drivers/STM32F7xx_HAL_Driver/Src/stm32f7xx_hal_pcd.c ****   {
1899:Drivers/STM32F7xx_HAL_Driver/Src/stm32f7xx_hal_pcd.c ****     ep = &hpcd->OUT_ep[ep_addr & EP_ADDR_MSK];
1900:Drivers/STM32F7xx_HAL_Driver/Src/stm32f7xx_hal_pcd.c ****     ep->is_in = 0U;
1901:Drivers/STM32F7xx_HAL_Driver/Src/stm32f7xx_hal_pcd.c ****   }
1902:Drivers/STM32F7xx_HAL_Driver/Src/stm32f7xx_hal_pcd.c **** 
1903:Drivers/STM32F7xx_HAL_Driver/Src/stm32f7xx_hal_pcd.c ****   ep->is_stall = 0U;
1904:Drivers/STM32F7xx_HAL_Driver/Src/stm32f7xx_hal_pcd.c ****   ep->num = ep_addr & EP_ADDR_MSK;
1905:Drivers/STM32F7xx_HAL_Driver/Src/stm32f7xx_hal_pcd.c **** 
1906:Drivers/STM32F7xx_HAL_Driver/Src/stm32f7xx_hal_pcd.c ****   __HAL_LOCK(hpcd);
1907:Drivers/STM32F7xx_HAL_Driver/Src/stm32f7xx_hal_pcd.c ****   (void)USB_EPClearStall(hpcd->Instance, ep);
1908:Drivers/STM32F7xx_HAL_Driver/Src/stm32f7xx_hal_pcd.c ****   __HAL_UNLOCK(hpcd);
1909:Drivers/STM32F7xx_HAL_Driver/Src/stm32f7xx_hal_pcd.c **** 
1910:Drivers/STM32F7xx_HAL_Driver/Src/stm32f7xx_hal_pcd.c ****   return HAL_OK;
1911:Drivers/STM32F7xx_HAL_Driver/Src/stm32f7xx_hal_pcd.c **** }
ARM GAS  /tmp/cciuNOwn.s 			page 35


1912:Drivers/STM32F7xx_HAL_Driver/Src/stm32f7xx_hal_pcd.c **** 
1913:Drivers/STM32F7xx_HAL_Driver/Src/stm32f7xx_hal_pcd.c **** /**
1914:Drivers/STM32F7xx_HAL_Driver/Src/stm32f7xx_hal_pcd.c ****    * @brief  Abort an USB EP transaction.
1915:Drivers/STM32F7xx_HAL_Driver/Src/stm32f7xx_hal_pcd.c ****    * @param  hpcd PCD handle
1916:Drivers/STM32F7xx_HAL_Driver/Src/stm32f7xx_hal_pcd.c ****    * @param  ep_addr endpoint address
1917:Drivers/STM32F7xx_HAL_Driver/Src/stm32f7xx_hal_pcd.c ****    * @retval HAL status
1918:Drivers/STM32F7xx_HAL_Driver/Src/stm32f7xx_hal_pcd.c ****    */
1919:Drivers/STM32F7xx_HAL_Driver/Src/stm32f7xx_hal_pcd.c **** HAL_StatusTypeDef HAL_PCD_EP_Abort(PCD_HandleTypeDef *hpcd, uint8_t ep_addr)
1920:Drivers/STM32F7xx_HAL_Driver/Src/stm32f7xx_hal_pcd.c **** {
1921:Drivers/STM32F7xx_HAL_Driver/Src/stm32f7xx_hal_pcd.c ****   HAL_StatusTypeDef ret;
1922:Drivers/STM32F7xx_HAL_Driver/Src/stm32f7xx_hal_pcd.c ****   PCD_EPTypeDef *ep;
1923:Drivers/STM32F7xx_HAL_Driver/Src/stm32f7xx_hal_pcd.c **** 
1924:Drivers/STM32F7xx_HAL_Driver/Src/stm32f7xx_hal_pcd.c ****   if ((0x80U & ep_addr) == 0x80U)
1925:Drivers/STM32F7xx_HAL_Driver/Src/stm32f7xx_hal_pcd.c ****   {
1926:Drivers/STM32F7xx_HAL_Driver/Src/stm32f7xx_hal_pcd.c ****     ep = &hpcd->IN_ep[ep_addr & EP_ADDR_MSK];
1927:Drivers/STM32F7xx_HAL_Driver/Src/stm32f7xx_hal_pcd.c ****   }
1928:Drivers/STM32F7xx_HAL_Driver/Src/stm32f7xx_hal_pcd.c ****   else
1929:Drivers/STM32F7xx_HAL_Driver/Src/stm32f7xx_hal_pcd.c ****   {
1930:Drivers/STM32F7xx_HAL_Driver/Src/stm32f7xx_hal_pcd.c ****     ep = &hpcd->OUT_ep[ep_addr & EP_ADDR_MSK];
1931:Drivers/STM32F7xx_HAL_Driver/Src/stm32f7xx_hal_pcd.c ****   }
1932:Drivers/STM32F7xx_HAL_Driver/Src/stm32f7xx_hal_pcd.c **** 
1933:Drivers/STM32F7xx_HAL_Driver/Src/stm32f7xx_hal_pcd.c ****   /* Stop Xfer */
1934:Drivers/STM32F7xx_HAL_Driver/Src/stm32f7xx_hal_pcd.c ****   ret = USB_EPStopXfer(hpcd->Instance, ep);
1935:Drivers/STM32F7xx_HAL_Driver/Src/stm32f7xx_hal_pcd.c **** 
1936:Drivers/STM32F7xx_HAL_Driver/Src/stm32f7xx_hal_pcd.c ****   return ret;
1937:Drivers/STM32F7xx_HAL_Driver/Src/stm32f7xx_hal_pcd.c **** }
1938:Drivers/STM32F7xx_HAL_Driver/Src/stm32f7xx_hal_pcd.c **** 
1939:Drivers/STM32F7xx_HAL_Driver/Src/stm32f7xx_hal_pcd.c **** /**
1940:Drivers/STM32F7xx_HAL_Driver/Src/stm32f7xx_hal_pcd.c ****   * @brief  Flush an endpoint
1941:Drivers/STM32F7xx_HAL_Driver/Src/stm32f7xx_hal_pcd.c ****   * @param  hpcd PCD handle
1942:Drivers/STM32F7xx_HAL_Driver/Src/stm32f7xx_hal_pcd.c ****   * @param  ep_addr endpoint address
1943:Drivers/STM32F7xx_HAL_Driver/Src/stm32f7xx_hal_pcd.c ****   * @retval HAL status
1944:Drivers/STM32F7xx_HAL_Driver/Src/stm32f7xx_hal_pcd.c ****   */
1945:Drivers/STM32F7xx_HAL_Driver/Src/stm32f7xx_hal_pcd.c **** HAL_StatusTypeDef HAL_PCD_EP_Flush(PCD_HandleTypeDef *hpcd, uint8_t ep_addr)
1946:Drivers/STM32F7xx_HAL_Driver/Src/stm32f7xx_hal_pcd.c **** {
1947:Drivers/STM32F7xx_HAL_Driver/Src/stm32f7xx_hal_pcd.c ****   __HAL_LOCK(hpcd);
1948:Drivers/STM32F7xx_HAL_Driver/Src/stm32f7xx_hal_pcd.c **** 
1949:Drivers/STM32F7xx_HAL_Driver/Src/stm32f7xx_hal_pcd.c ****   if ((ep_addr & 0x80U) == 0x80U)
1950:Drivers/STM32F7xx_HAL_Driver/Src/stm32f7xx_hal_pcd.c ****   {
1951:Drivers/STM32F7xx_HAL_Driver/Src/stm32f7xx_hal_pcd.c ****     (void)USB_FlushTxFifo(hpcd->Instance, (uint32_t)ep_addr & EP_ADDR_MSK);
1952:Drivers/STM32F7xx_HAL_Driver/Src/stm32f7xx_hal_pcd.c ****   }
1953:Drivers/STM32F7xx_HAL_Driver/Src/stm32f7xx_hal_pcd.c ****   else
1954:Drivers/STM32F7xx_HAL_Driver/Src/stm32f7xx_hal_pcd.c ****   {
1955:Drivers/STM32F7xx_HAL_Driver/Src/stm32f7xx_hal_pcd.c ****     (void)USB_FlushRxFifo(hpcd->Instance);
1956:Drivers/STM32F7xx_HAL_Driver/Src/stm32f7xx_hal_pcd.c ****   }
1957:Drivers/STM32F7xx_HAL_Driver/Src/stm32f7xx_hal_pcd.c **** 
1958:Drivers/STM32F7xx_HAL_Driver/Src/stm32f7xx_hal_pcd.c ****   __HAL_UNLOCK(hpcd);
1959:Drivers/STM32F7xx_HAL_Driver/Src/stm32f7xx_hal_pcd.c **** 
1960:Drivers/STM32F7xx_HAL_Driver/Src/stm32f7xx_hal_pcd.c ****   return HAL_OK;
1961:Drivers/STM32F7xx_HAL_Driver/Src/stm32f7xx_hal_pcd.c **** }
1962:Drivers/STM32F7xx_HAL_Driver/Src/stm32f7xx_hal_pcd.c **** 
1963:Drivers/STM32F7xx_HAL_Driver/Src/stm32f7xx_hal_pcd.c **** /**
1964:Drivers/STM32F7xx_HAL_Driver/Src/stm32f7xx_hal_pcd.c ****   * @brief  Activate remote wakeup signalling
1965:Drivers/STM32F7xx_HAL_Driver/Src/stm32f7xx_hal_pcd.c ****   * @param  hpcd PCD handle
1966:Drivers/STM32F7xx_HAL_Driver/Src/stm32f7xx_hal_pcd.c ****   * @retval HAL status
1967:Drivers/STM32F7xx_HAL_Driver/Src/stm32f7xx_hal_pcd.c ****   */
1968:Drivers/STM32F7xx_HAL_Driver/Src/stm32f7xx_hal_pcd.c **** HAL_StatusTypeDef HAL_PCD_ActivateRemoteWakeup(PCD_HandleTypeDef *hpcd)
ARM GAS  /tmp/cciuNOwn.s 			page 36


1969:Drivers/STM32F7xx_HAL_Driver/Src/stm32f7xx_hal_pcd.c **** {
1970:Drivers/STM32F7xx_HAL_Driver/Src/stm32f7xx_hal_pcd.c ****   return (USB_ActivateRemoteWakeup(hpcd->Instance));
1971:Drivers/STM32F7xx_HAL_Driver/Src/stm32f7xx_hal_pcd.c **** }
1972:Drivers/STM32F7xx_HAL_Driver/Src/stm32f7xx_hal_pcd.c **** 
1973:Drivers/STM32F7xx_HAL_Driver/Src/stm32f7xx_hal_pcd.c **** /**
1974:Drivers/STM32F7xx_HAL_Driver/Src/stm32f7xx_hal_pcd.c ****   * @brief  De-activate remote wakeup signalling.
1975:Drivers/STM32F7xx_HAL_Driver/Src/stm32f7xx_hal_pcd.c ****   * @param  hpcd PCD handle
1976:Drivers/STM32F7xx_HAL_Driver/Src/stm32f7xx_hal_pcd.c ****   * @retval HAL status
1977:Drivers/STM32F7xx_HAL_Driver/Src/stm32f7xx_hal_pcd.c ****   */
1978:Drivers/STM32F7xx_HAL_Driver/Src/stm32f7xx_hal_pcd.c **** HAL_StatusTypeDef HAL_PCD_DeActivateRemoteWakeup(PCD_HandleTypeDef *hpcd)
1979:Drivers/STM32F7xx_HAL_Driver/Src/stm32f7xx_hal_pcd.c **** {
1980:Drivers/STM32F7xx_HAL_Driver/Src/stm32f7xx_hal_pcd.c ****   return (USB_DeActivateRemoteWakeup(hpcd->Instance));
1981:Drivers/STM32F7xx_HAL_Driver/Src/stm32f7xx_hal_pcd.c **** }
1982:Drivers/STM32F7xx_HAL_Driver/Src/stm32f7xx_hal_pcd.c **** 
1983:Drivers/STM32F7xx_HAL_Driver/Src/stm32f7xx_hal_pcd.c **** /**
1984:Drivers/STM32F7xx_HAL_Driver/Src/stm32f7xx_hal_pcd.c ****   * @}
1985:Drivers/STM32F7xx_HAL_Driver/Src/stm32f7xx_hal_pcd.c ****   */
1986:Drivers/STM32F7xx_HAL_Driver/Src/stm32f7xx_hal_pcd.c **** 
1987:Drivers/STM32F7xx_HAL_Driver/Src/stm32f7xx_hal_pcd.c **** /** @defgroup PCD_Exported_Functions_Group4 Peripheral State functions
1988:Drivers/STM32F7xx_HAL_Driver/Src/stm32f7xx_hal_pcd.c ****   *  @brief   Peripheral State functions
1989:Drivers/STM32F7xx_HAL_Driver/Src/stm32f7xx_hal_pcd.c ****   *
1990:Drivers/STM32F7xx_HAL_Driver/Src/stm32f7xx_hal_pcd.c **** @verbatim
1991:Drivers/STM32F7xx_HAL_Driver/Src/stm32f7xx_hal_pcd.c ****  ===============================================================================
1992:Drivers/STM32F7xx_HAL_Driver/Src/stm32f7xx_hal_pcd.c ****                       ##### Peripheral State functions #####
1993:Drivers/STM32F7xx_HAL_Driver/Src/stm32f7xx_hal_pcd.c ****  ===============================================================================
1994:Drivers/STM32F7xx_HAL_Driver/Src/stm32f7xx_hal_pcd.c ****     [..]
1995:Drivers/STM32F7xx_HAL_Driver/Src/stm32f7xx_hal_pcd.c ****     This subsection permits to get in run-time the status of the peripheral
1996:Drivers/STM32F7xx_HAL_Driver/Src/stm32f7xx_hal_pcd.c ****     and the data flow.
1997:Drivers/STM32F7xx_HAL_Driver/Src/stm32f7xx_hal_pcd.c **** 
1998:Drivers/STM32F7xx_HAL_Driver/Src/stm32f7xx_hal_pcd.c **** @endverbatim
1999:Drivers/STM32F7xx_HAL_Driver/Src/stm32f7xx_hal_pcd.c ****   * @{
2000:Drivers/STM32F7xx_HAL_Driver/Src/stm32f7xx_hal_pcd.c ****   */
2001:Drivers/STM32F7xx_HAL_Driver/Src/stm32f7xx_hal_pcd.c **** 
2002:Drivers/STM32F7xx_HAL_Driver/Src/stm32f7xx_hal_pcd.c **** /**
2003:Drivers/STM32F7xx_HAL_Driver/Src/stm32f7xx_hal_pcd.c ****   * @brief  Return the PCD handle state.
2004:Drivers/STM32F7xx_HAL_Driver/Src/stm32f7xx_hal_pcd.c ****   * @param  hpcd PCD handle
2005:Drivers/STM32F7xx_HAL_Driver/Src/stm32f7xx_hal_pcd.c ****   * @retval HAL state
2006:Drivers/STM32F7xx_HAL_Driver/Src/stm32f7xx_hal_pcd.c ****   */
2007:Drivers/STM32F7xx_HAL_Driver/Src/stm32f7xx_hal_pcd.c **** PCD_StateTypeDef HAL_PCD_GetState(PCD_HandleTypeDef const *hpcd)
2008:Drivers/STM32F7xx_HAL_Driver/Src/stm32f7xx_hal_pcd.c **** {
2009:Drivers/STM32F7xx_HAL_Driver/Src/stm32f7xx_hal_pcd.c ****   return hpcd->State;
2010:Drivers/STM32F7xx_HAL_Driver/Src/stm32f7xx_hal_pcd.c **** }
2011:Drivers/STM32F7xx_HAL_Driver/Src/stm32f7xx_hal_pcd.c **** 
2012:Drivers/STM32F7xx_HAL_Driver/Src/stm32f7xx_hal_pcd.c **** #if defined (USB_OTG_FS) || defined (USB_OTG_HS)
2013:Drivers/STM32F7xx_HAL_Driver/Src/stm32f7xx_hal_pcd.c **** /**
2014:Drivers/STM32F7xx_HAL_Driver/Src/stm32f7xx_hal_pcd.c ****   * @brief  Set the USB Device high speed test mode.
2015:Drivers/STM32F7xx_HAL_Driver/Src/stm32f7xx_hal_pcd.c ****   * @param  hpcd PCD handle
2016:Drivers/STM32F7xx_HAL_Driver/Src/stm32f7xx_hal_pcd.c ****   * @param  testmode USB Device high speed test mode
2017:Drivers/STM32F7xx_HAL_Driver/Src/stm32f7xx_hal_pcd.c ****   * @retval HAL status
2018:Drivers/STM32F7xx_HAL_Driver/Src/stm32f7xx_hal_pcd.c ****   */
2019:Drivers/STM32F7xx_HAL_Driver/Src/stm32f7xx_hal_pcd.c **** HAL_StatusTypeDef HAL_PCD_SetTestMode(const PCD_HandleTypeDef *hpcd, uint8_t testmode)
2020:Drivers/STM32F7xx_HAL_Driver/Src/stm32f7xx_hal_pcd.c **** {
2021:Drivers/STM32F7xx_HAL_Driver/Src/stm32f7xx_hal_pcd.c ****   const USB_OTG_GlobalTypeDef *USBx = hpcd->Instance;
2022:Drivers/STM32F7xx_HAL_Driver/Src/stm32f7xx_hal_pcd.c ****   uint32_t USBx_BASE = (uint32_t)USBx;
2023:Drivers/STM32F7xx_HAL_Driver/Src/stm32f7xx_hal_pcd.c **** 
2024:Drivers/STM32F7xx_HAL_Driver/Src/stm32f7xx_hal_pcd.c ****   switch (testmode)
2025:Drivers/STM32F7xx_HAL_Driver/Src/stm32f7xx_hal_pcd.c ****   {
ARM GAS  /tmp/cciuNOwn.s 			page 37


2026:Drivers/STM32F7xx_HAL_Driver/Src/stm32f7xx_hal_pcd.c ****     case TEST_J:
2027:Drivers/STM32F7xx_HAL_Driver/Src/stm32f7xx_hal_pcd.c ****     case TEST_K:
2028:Drivers/STM32F7xx_HAL_Driver/Src/stm32f7xx_hal_pcd.c ****     case TEST_SE0_NAK:
2029:Drivers/STM32F7xx_HAL_Driver/Src/stm32f7xx_hal_pcd.c ****     case TEST_PACKET:
2030:Drivers/STM32F7xx_HAL_Driver/Src/stm32f7xx_hal_pcd.c ****     case TEST_FORCE_EN:
2031:Drivers/STM32F7xx_HAL_Driver/Src/stm32f7xx_hal_pcd.c ****       USBx_DEVICE->DCTL &= ~(0x7U << 4);
2032:Drivers/STM32F7xx_HAL_Driver/Src/stm32f7xx_hal_pcd.c ****       USBx_DEVICE->DCTL |= (uint32_t)testmode << 4;
2033:Drivers/STM32F7xx_HAL_Driver/Src/stm32f7xx_hal_pcd.c ****       break;
2034:Drivers/STM32F7xx_HAL_Driver/Src/stm32f7xx_hal_pcd.c **** 
2035:Drivers/STM32F7xx_HAL_Driver/Src/stm32f7xx_hal_pcd.c ****     default:
2036:Drivers/STM32F7xx_HAL_Driver/Src/stm32f7xx_hal_pcd.c ****       break;
2037:Drivers/STM32F7xx_HAL_Driver/Src/stm32f7xx_hal_pcd.c ****   }
2038:Drivers/STM32F7xx_HAL_Driver/Src/stm32f7xx_hal_pcd.c **** 
2039:Drivers/STM32F7xx_HAL_Driver/Src/stm32f7xx_hal_pcd.c ****   return HAL_OK;
2040:Drivers/STM32F7xx_HAL_Driver/Src/stm32f7xx_hal_pcd.c **** }
2041:Drivers/STM32F7xx_HAL_Driver/Src/stm32f7xx_hal_pcd.c **** #endif /* defined (USB_OTG_FS) || defined (USB_OTG_HS) */
2042:Drivers/STM32F7xx_HAL_Driver/Src/stm32f7xx_hal_pcd.c **** /**
2043:Drivers/STM32F7xx_HAL_Driver/Src/stm32f7xx_hal_pcd.c ****   * @}
2044:Drivers/STM32F7xx_HAL_Driver/Src/stm32f7xx_hal_pcd.c ****   */
2045:Drivers/STM32F7xx_HAL_Driver/Src/stm32f7xx_hal_pcd.c **** 
2046:Drivers/STM32F7xx_HAL_Driver/Src/stm32f7xx_hal_pcd.c **** /**
2047:Drivers/STM32F7xx_HAL_Driver/Src/stm32f7xx_hal_pcd.c ****   * @}
2048:Drivers/STM32F7xx_HAL_Driver/Src/stm32f7xx_hal_pcd.c ****   */
2049:Drivers/STM32F7xx_HAL_Driver/Src/stm32f7xx_hal_pcd.c **** 
2050:Drivers/STM32F7xx_HAL_Driver/Src/stm32f7xx_hal_pcd.c **** /* Private functions ---------------------------------------------------------*/
2051:Drivers/STM32F7xx_HAL_Driver/Src/stm32f7xx_hal_pcd.c **** /** @addtogroup PCD_Private_Functions
2052:Drivers/STM32F7xx_HAL_Driver/Src/stm32f7xx_hal_pcd.c ****   * @{
2053:Drivers/STM32F7xx_HAL_Driver/Src/stm32f7xx_hal_pcd.c ****   */
2054:Drivers/STM32F7xx_HAL_Driver/Src/stm32f7xx_hal_pcd.c **** #if defined (USB_OTG_FS) || defined (USB_OTG_HS)
2055:Drivers/STM32F7xx_HAL_Driver/Src/stm32f7xx_hal_pcd.c **** /**
2056:Drivers/STM32F7xx_HAL_Driver/Src/stm32f7xx_hal_pcd.c ****   * @brief  Check FIFO for the next packet to be loaded.
2057:Drivers/STM32F7xx_HAL_Driver/Src/stm32f7xx_hal_pcd.c ****   * @param  hpcd PCD handle
2058:Drivers/STM32F7xx_HAL_Driver/Src/stm32f7xx_hal_pcd.c ****   * @param  epnum endpoint number
2059:Drivers/STM32F7xx_HAL_Driver/Src/stm32f7xx_hal_pcd.c ****   * @retval HAL status
2060:Drivers/STM32F7xx_HAL_Driver/Src/stm32f7xx_hal_pcd.c ****   */
2061:Drivers/STM32F7xx_HAL_Driver/Src/stm32f7xx_hal_pcd.c **** static HAL_StatusTypeDef PCD_WriteEmptyTxFifo(PCD_HandleTypeDef *hpcd, uint32_t epnum)
2062:Drivers/STM32F7xx_HAL_Driver/Src/stm32f7xx_hal_pcd.c **** {
  29              		.loc 1 2062 1 view -0
  30              		.cfi_startproc
  31              		@ args = 0, pretend = 0, frame = 0
  32              		@ frame_needed = 0, uses_anonymous_args = 0
  33              		.loc 1 2062 1 is_stmt 0 view .LVU1
  34 0000 2DE9F043 		push	{r4, r5, r6, r7, r8, r9, lr}
  35              	.LCFI0:
  36              		.cfi_def_cfa_offset 28
  37              		.cfi_offset 4, -28
  38              		.cfi_offset 5, -24
  39              		.cfi_offset 6, -20
  40              		.cfi_offset 7, -16
  41              		.cfi_offset 8, -12
  42              		.cfi_offset 9, -8
  43              		.cfi_offset 14, -4
  44 0004 83B0     		sub	sp, sp, #12
  45              	.LCFI1:
  46              		.cfi_def_cfa_offset 40
2063:Drivers/STM32F7xx_HAL_Driver/Src/stm32f7xx_hal_pcd.c ****   USB_OTG_GlobalTypeDef *USBx = hpcd->Instance;
  47              		.loc 1 2063 3 is_stmt 1 view .LVU2
ARM GAS  /tmp/cciuNOwn.s 			page 38


  48              		.loc 1 2063 26 is_stmt 0 view .LVU3
  49 0006 D0F80080 		ldr	r8, [r0]
  50              	.LVL1:
2064:Drivers/STM32F7xx_HAL_Driver/Src/stm32f7xx_hal_pcd.c ****   uint32_t USBx_BASE = (uint32_t)USBx;
  51              		.loc 1 2064 3 is_stmt 1 view .LVU4
2065:Drivers/STM32F7xx_HAL_Driver/Src/stm32f7xx_hal_pcd.c ****   USB_OTG_EPTypeDef *ep;
  52              		.loc 1 2065 3 view .LVU5
2066:Drivers/STM32F7xx_HAL_Driver/Src/stm32f7xx_hal_pcd.c ****   uint32_t len;
  53              		.loc 1 2066 3 view .LVU6
2067:Drivers/STM32F7xx_HAL_Driver/Src/stm32f7xx_hal_pcd.c ****   uint32_t len32b;
  54              		.loc 1 2067 3 view .LVU7
2068:Drivers/STM32F7xx_HAL_Driver/Src/stm32f7xx_hal_pcd.c ****   uint32_t fifoemptymsk;
  55              		.loc 1 2068 3 view .LVU8
2069:Drivers/STM32F7xx_HAL_Driver/Src/stm32f7xx_hal_pcd.c **** 
2070:Drivers/STM32F7xx_HAL_Driver/Src/stm32f7xx_hal_pcd.c ****   ep = &hpcd->IN_ep[epnum];
  56              		.loc 1 2070 3 view .LVU9
2071:Drivers/STM32F7xx_HAL_Driver/Src/stm32f7xx_hal_pcd.c **** 
2072:Drivers/STM32F7xx_HAL_Driver/Src/stm32f7xx_hal_pcd.c ****   if (ep->xfer_count > ep->xfer_len)
  57              		.loc 1 2072 3 view .LVU10
  58              		.loc 1 2072 9 is_stmt 0 view .LVU11
  59 000a 01EBC103 		add	r3, r1, r1, lsl #3
  60 000e 00EB8303 		add	r3, r0, r3, lsl #2
  61 0012 9A6A     		ldr	r2, [r3, #40]
  62              		.loc 1 2072 26 view .LVU12
  63 0014 5B6A     		ldr	r3, [r3, #36]
  64              		.loc 1 2072 6 view .LVU13
  65 0016 9A42     		cmp	r2, r3
  66 0018 54D8     		bhi	.L8
  67 001a 0746     		mov	r7, r0
  68 001c 0C46     		mov	r4, r1
2073:Drivers/STM32F7xx_HAL_Driver/Src/stm32f7xx_hal_pcd.c ****   {
2074:Drivers/STM32F7xx_HAL_Driver/Src/stm32f7xx_hal_pcd.c ****     return HAL_ERROR;
2075:Drivers/STM32F7xx_HAL_Driver/Src/stm32f7xx_hal_pcd.c ****   }
2076:Drivers/STM32F7xx_HAL_Driver/Src/stm32f7xx_hal_pcd.c **** 
2077:Drivers/STM32F7xx_HAL_Driver/Src/stm32f7xx_hal_pcd.c ****   len = ep->xfer_len - ep->xfer_count;
  69              		.loc 1 2077 3 is_stmt 1 view .LVU14
  70              		.loc 1 2077 7 is_stmt 0 view .LVU15
  71 001e 9B1A     		subs	r3, r3, r2
  72              	.LVL2:
2078:Drivers/STM32F7xx_HAL_Driver/Src/stm32f7xx_hal_pcd.c **** 
2079:Drivers/STM32F7xx_HAL_Driver/Src/stm32f7xx_hal_pcd.c ****   if (len > ep->maxpacket)
  73              		.loc 1 2079 3 is_stmt 1 view .LVU16
  74              		.loc 1 2079 15 is_stmt 0 view .LVU17
  75 0020 01EBC102 		add	r2, r1, r1, lsl #3
  76 0024 00EB8202 		add	r2, r0, r2, lsl #2
  77 0028 D269     		ldr	r2, [r2, #28]
  78              		.loc 1 2079 6 view .LVU18
  79 002a 9A42     		cmp	r2, r3
  80 002c 00D3     		bcc	.L3
2077:Drivers/STM32F7xx_HAL_Driver/Src/stm32f7xx_hal_pcd.c **** 
  81              		.loc 1 2077 7 view .LVU19
  82 002e 1A46     		mov	r2, r3
  83              	.L3:
  84              	.LVL3:
2080:Drivers/STM32F7xx_HAL_Driver/Src/stm32f7xx_hal_pcd.c ****   {
2081:Drivers/STM32F7xx_HAL_Driver/Src/stm32f7xx_hal_pcd.c ****     len = ep->maxpacket;
2082:Drivers/STM32F7xx_HAL_Driver/Src/stm32f7xx_hal_pcd.c ****   }
ARM GAS  /tmp/cciuNOwn.s 			page 39


2083:Drivers/STM32F7xx_HAL_Driver/Src/stm32f7xx_hal_pcd.c **** 
2084:Drivers/STM32F7xx_HAL_Driver/Src/stm32f7xx_hal_pcd.c ****   len32b = (len + 3U) / 4U;
  85              		.loc 1 2084 3 is_stmt 1 view .LVU20
  86              		.loc 1 2084 17 is_stmt 0 view .LVU21
  87 0030 02F10309 		add	r9, r2, #3
  88              		.loc 1 2084 10 view .LVU22
  89 0034 4FEA9909 		lsr	r9, r9, #2
  90              	.LVL4:
2085:Drivers/STM32F7xx_HAL_Driver/Src/stm32f7xx_hal_pcd.c **** 
2086:Drivers/STM32F7xx_HAL_Driver/Src/stm32f7xx_hal_pcd.c ****   while (((USBx_INEP(epnum)->DTXFSTS & USB_OTG_DTXFSTS_INEPTFSAV) >= len32b) &&
  91              		.loc 1 2086 3 is_stmt 1 view .LVU23
  92              		.loc 1 2086 9 is_stmt 0 view .LVU24
  93 0038 15E0     		b	.L4
  94              	.LVL5:
  95              	.L5:
2087:Drivers/STM32F7xx_HAL_Driver/Src/stm32f7xx_hal_pcd.c ****          (ep->xfer_count < ep->xfer_len) && (ep->xfer_len != 0U))
2088:Drivers/STM32F7xx_HAL_Driver/Src/stm32f7xx_hal_pcd.c ****   {
2089:Drivers/STM32F7xx_HAL_Driver/Src/stm32f7xx_hal_pcd.c ****     /* Write the FIFO */
2090:Drivers/STM32F7xx_HAL_Driver/Src/stm32f7xx_hal_pcd.c ****     len = ep->xfer_len - ep->xfer_count;
2091:Drivers/STM32F7xx_HAL_Driver/Src/stm32f7xx_hal_pcd.c **** 
2092:Drivers/STM32F7xx_HAL_Driver/Src/stm32f7xx_hal_pcd.c ****     if (len > ep->maxpacket)
2093:Drivers/STM32F7xx_HAL_Driver/Src/stm32f7xx_hal_pcd.c ****     {
2094:Drivers/STM32F7xx_HAL_Driver/Src/stm32f7xx_hal_pcd.c ****       len = ep->maxpacket;
2095:Drivers/STM32F7xx_HAL_Driver/Src/stm32f7xx_hal_pcd.c ****     }
2096:Drivers/STM32F7xx_HAL_Driver/Src/stm32f7xx_hal_pcd.c ****     len32b = (len + 3U) / 4U;
  96              		.loc 1 2096 5 is_stmt 1 view .LVU25
  97              		.loc 1 2096 19 is_stmt 0 view .LVU26
  98 003a 06F10309 		add	r9, r6, #3
  99              	.LVL6:
 100              		.loc 1 2096 12 view .LVU27
 101 003e 4FEA9909 		lsr	r9, r9, #2
 102              	.LVL7:
2097:Drivers/STM32F7xx_HAL_Driver/Src/stm32f7xx_hal_pcd.c **** 
2098:Drivers/STM32F7xx_HAL_Driver/Src/stm32f7xx_hal_pcd.c ****     (void)USB_WritePacket(USBx, ep->xfer_buff, (uint8_t)epnum, (uint16_t)len,
 103              		.loc 1 2098 5 is_stmt 1 view .LVU28
2099:Drivers/STM32F7xx_HAL_Driver/Src/stm32f7xx_hal_pcd.c ****                           (uint8_t)hpcd->Init.dma_enable);
 104              		.loc 1 2099 46 is_stmt 0 view .LVU29
 105 0042 BB79     		ldrb	r3, [r7, #6]	@ zero_extendqisi2
2098:Drivers/STM32F7xx_HAL_Driver/Src/stm32f7xx_hal_pcd.c ****                           (uint8_t)hpcd->Init.dma_enable);
 106              		.loc 1 2098 11 view .LVU30
 107 0044 04EBC405 		add	r5, r4, r4, lsl #3
 108 0048 07EB8505 		add	r5, r7, r5, lsl #2
 109 004c 296A     		ldr	r1, [r5, #32]
 110 004e 0093     		str	r3, [sp]
 111 0050 B3B2     		uxth	r3, r6
 112 0052 E2B2     		uxtb	r2, r4
 113 0054 4046     		mov	r0, r8
 114 0056 FFF7FEFF 		bl	USB_WritePacket
 115              	.LVL8:
2100:Drivers/STM32F7xx_HAL_Driver/Src/stm32f7xx_hal_pcd.c **** 
2101:Drivers/STM32F7xx_HAL_Driver/Src/stm32f7xx_hal_pcd.c ****     ep->xfer_buff  += len;
 116              		.loc 1 2101 5 is_stmt 1 view .LVU31
 117              		.loc 1 2101 7 is_stmt 0 view .LVU32
 118 005a 2B6A     		ldr	r3, [r5, #32]
 119              		.loc 1 2101 20 view .LVU33
 120 005c 3344     		add	r3, r3, r6
 121 005e 2B62     		str	r3, [r5, #32]
ARM GAS  /tmp/cciuNOwn.s 			page 40


2102:Drivers/STM32F7xx_HAL_Driver/Src/stm32f7xx_hal_pcd.c ****     ep->xfer_count += len;
 122              		.loc 1 2102 5 is_stmt 1 view .LVU34
 123              		.loc 1 2102 7 is_stmt 0 view .LVU35
 124 0060 AB6A     		ldr	r3, [r5, #40]
 125              		.loc 1 2102 20 view .LVU36
 126 0062 3344     		add	r3, r3, r6
 127 0064 AB62     		str	r3, [r5, #40]
 128              	.LVL9:
 129              	.L4:
2087:Drivers/STM32F7xx_HAL_Driver/Src/stm32f7xx_hal_pcd.c ****   {
 130              		.loc 1 2087 42 is_stmt 1 view .LVU37
2086:Drivers/STM32F7xx_HAL_Driver/Src/stm32f7xx_hal_pcd.c ****          (ep->xfer_count < ep->xfer_len) && (ep->xfer_len != 0U))
 131              		.loc 1 2086 12 is_stmt 0 view .LVU38
 132 0066 08EB4413 		add	r3, r8, r4, lsl #5
 133 006a 03F51063 		add	r3, r3, #2304
2086:Drivers/STM32F7xx_HAL_Driver/Src/stm32f7xx_hal_pcd.c ****          (ep->xfer_count < ep->xfer_len) && (ep->xfer_len != 0U))
 134              		.loc 1 2086 28 view .LVU39
 135 006e 9B69     		ldr	r3, [r3, #24]
2086:Drivers/STM32F7xx_HAL_Driver/Src/stm32f7xx_hal_pcd.c ****          (ep->xfer_count < ep->xfer_len) && (ep->xfer_len != 0U))
 136              		.loc 1 2086 38 view .LVU40
 137 0070 9BB2     		uxth	r3, r3
2087:Drivers/STM32F7xx_HAL_Driver/Src/stm32f7xx_hal_pcd.c ****   {
 138              		.loc 1 2087 42 view .LVU41
 139 0072 4B45     		cmp	r3, r9
 140 0074 12D3     		bcc	.L6
2087:Drivers/STM32F7xx_HAL_Driver/Src/stm32f7xx_hal_pcd.c ****   {
 141              		.loc 1 2087 13 discriminator 1 view .LVU42
 142 0076 04EBC403 		add	r3, r4, r4, lsl #3
 143 007a 07EB8303 		add	r3, r7, r3, lsl #2
 144 007e 9A6A     		ldr	r2, [r3, #40]
2087:Drivers/STM32F7xx_HAL_Driver/Src/stm32f7xx_hal_pcd.c ****   {
 145              		.loc 1 2087 30 discriminator 1 view .LVU43
 146 0080 5B6A     		ldr	r3, [r3, #36]
2086:Drivers/STM32F7xx_HAL_Driver/Src/stm32f7xx_hal_pcd.c ****          (ep->xfer_count < ep->xfer_len) && (ep->xfer_len != 0U))
 147              		.loc 1 2086 78 view .LVU44
 148 0082 9A42     		cmp	r2, r3
 149 0084 0AD2     		bcs	.L6
2087:Drivers/STM32F7xx_HAL_Driver/Src/stm32f7xx_hal_pcd.c ****   {
 150              		.loc 1 2087 42 view .LVU45
 151 0086 4BB1     		cbz	r3, .L6
2090:Drivers/STM32F7xx_HAL_Driver/Src/stm32f7xx_hal_pcd.c **** 
 152              		.loc 1 2090 5 is_stmt 1 view .LVU46
2090:Drivers/STM32F7xx_HAL_Driver/Src/stm32f7xx_hal_pcd.c **** 
 153              		.loc 1 2090 9 is_stmt 0 view .LVU47
 154 0088 9B1A     		subs	r3, r3, r2
 155              	.LVL10:
2092:Drivers/STM32F7xx_HAL_Driver/Src/stm32f7xx_hal_pcd.c ****     {
 156              		.loc 1 2092 5 is_stmt 1 view .LVU48
2092:Drivers/STM32F7xx_HAL_Driver/Src/stm32f7xx_hal_pcd.c ****     {
 157              		.loc 1 2092 17 is_stmt 0 view .LVU49
 158 008a 04EBC402 		add	r2, r4, r4, lsl #3
 159 008e 07EB8202 		add	r2, r7, r2, lsl #2
 160 0092 D669     		ldr	r6, [r2, #28]
2092:Drivers/STM32F7xx_HAL_Driver/Src/stm32f7xx_hal_pcd.c ****     {
 161              		.loc 1 2092 8 view .LVU50
 162 0094 9E42     		cmp	r6, r3
 163 0096 D0D3     		bcc	.L5
ARM GAS  /tmp/cciuNOwn.s 			page 41


2090:Drivers/STM32F7xx_HAL_Driver/Src/stm32f7xx_hal_pcd.c **** 
 164              		.loc 1 2090 9 view .LVU51
 165 0098 1E46     		mov	r6, r3
 166 009a CEE7     		b	.L5
 167              	.LVL11:
 168              	.L6:
2103:Drivers/STM32F7xx_HAL_Driver/Src/stm32f7xx_hal_pcd.c ****   }
2104:Drivers/STM32F7xx_HAL_Driver/Src/stm32f7xx_hal_pcd.c **** 
2105:Drivers/STM32F7xx_HAL_Driver/Src/stm32f7xx_hal_pcd.c ****   if (ep->xfer_len <= ep->xfer_count)
 169              		.loc 1 2105 3 is_stmt 1 view .LVU52
 170              		.loc 1 2105 9 is_stmt 0 view .LVU53
 171 009c 04EBC403 		add	r3, r4, r4, lsl #3
 172 00a0 07EB8307 		add	r7, r7, r3, lsl #2
 173              	.LVL12:
 174              		.loc 1 2105 9 view .LVU54
 175 00a4 7A6A     		ldr	r2, [r7, #36]
 176              		.loc 1 2105 25 view .LVU55
 177 00a6 BB6A     		ldr	r3, [r7, #40]
 178              		.loc 1 2105 6 view .LVU56
 179 00a8 9A42     		cmp	r2, r3
 180 00aa 0FD8     		bhi	.L9
2106:Drivers/STM32F7xx_HAL_Driver/Src/stm32f7xx_hal_pcd.c ****   {
2107:Drivers/STM32F7xx_HAL_Driver/Src/stm32f7xx_hal_pcd.c ****     fifoemptymsk = (uint32_t)(0x1UL << (epnum & EP_ADDR_MSK));
 181              		.loc 1 2107 5 is_stmt 1 view .LVU57
 182              		.loc 1 2107 47 is_stmt 0 view .LVU58
 183 00ac 04F00F04 		and	r4, r4, #15
 184              	.LVL13:
 185              		.loc 1 2107 18 view .LVU59
 186 00b0 0122     		movs	r2, #1
 187 00b2 A240     		lsls	r2, r2, r4
 188              	.LVL14:
2108:Drivers/STM32F7xx_HAL_Driver/Src/stm32f7xx_hal_pcd.c ****     USBx_DEVICE->DIEPEMPMSK &= ~fifoemptymsk;
 189              		.loc 1 2108 5 is_stmt 1 view .LVU60
 190              		.loc 1 2108 16 is_stmt 0 view .LVU61
 191 00b4 D8F83438 		ldr	r3, [r8, #2100]
 192              		.loc 1 2108 29 view .LVU62
 193 00b8 23EA0203 		bic	r3, r3, r2
 194 00bc C8F83438 		str	r3, [r8, #2100]
2109:Drivers/STM32F7xx_HAL_Driver/Src/stm32f7xx_hal_pcd.c ****   }
2110:Drivers/STM32F7xx_HAL_Driver/Src/stm32f7xx_hal_pcd.c **** 
2111:Drivers/STM32F7xx_HAL_Driver/Src/stm32f7xx_hal_pcd.c ****   return HAL_OK;
 195              		.loc 1 2111 10 view .LVU63
 196 00c0 0020     		movs	r0, #0
 197 00c2 00E0     		b	.L2
 198              	.LVL15:
 199              	.L8:
2074:Drivers/STM32F7xx_HAL_Driver/Src/stm32f7xx_hal_pcd.c ****   }
 200              		.loc 1 2074 12 view .LVU64
 201 00c4 0120     		movs	r0, #1
 202              	.LVL16:
 203              	.L2:
2112:Drivers/STM32F7xx_HAL_Driver/Src/stm32f7xx_hal_pcd.c **** }
 204              		.loc 1 2112 1 view .LVU65
 205 00c6 03B0     		add	sp, sp, #12
 206              	.LCFI2:
 207              		.cfi_remember_state
 208              		.cfi_def_cfa_offset 28
ARM GAS  /tmp/cciuNOwn.s 			page 42


 209              		@ sp needed
 210 00c8 BDE8F083 		pop	{r4, r5, r6, r7, r8, r9, pc}
 211              	.LVL17:
 212              	.L9:
 213              	.LCFI3:
 214              		.cfi_restore_state
2111:Drivers/STM32F7xx_HAL_Driver/Src/stm32f7xx_hal_pcd.c **** }
 215              		.loc 1 2111 10 view .LVU66
 216 00cc 0020     		movs	r0, #0
 217 00ce FAE7     		b	.L2
 218              		.cfi_endproc
 219              	.LFE176:
 221              		.section	.text.HAL_PCD_MspInit,"ax",%progbits
 222              		.align	1
 223              		.weak	HAL_PCD_MspInit
 224              		.syntax unified
 225              		.thumb
 226              		.thumb_func
 228              	HAL_PCD_MspInit:
 229              	.LVL18:
 230              	.LFB143:
 292:Drivers/STM32F7xx_HAL_Driver/Src/stm32f7xx_hal_pcd.c ****   /* Prevent unused argument(s) compilation warning */
 231              		.loc 1 292 1 is_stmt 1 view -0
 232              		.cfi_startproc
 233              		@ args = 0, pretend = 0, frame = 0
 234              		@ frame_needed = 0, uses_anonymous_args = 0
 235              		@ link register save eliminated.
 294:Drivers/STM32F7xx_HAL_Driver/Src/stm32f7xx_hal_pcd.c **** 
 236              		.loc 1 294 3 view .LVU68
 299:Drivers/STM32F7xx_HAL_Driver/Src/stm32f7xx_hal_pcd.c **** 
 237              		.loc 1 299 1 is_stmt 0 view .LVU69
 238 0000 7047     		bx	lr
 239              		.cfi_endproc
 240              	.LFE143:
 242              		.section	.text.HAL_PCD_Init,"ax",%progbits
 243              		.align	1
 244              		.global	HAL_PCD_Init
 245              		.syntax unified
 246              		.thumb
 247              		.thumb_func
 249              	HAL_PCD_Init:
 250              	.LVL19:
 251              	.LFB141:
 124:Drivers/STM32F7xx_HAL_Driver/Src/stm32f7xx_hal_pcd.c **** #if defined (USB_OTG_FS)
 252              		.loc 1 124 1 is_stmt 1 view -0
 253              		.cfi_startproc
 254              		@ args = 0, pretend = 0, frame = 0
 255              		@ frame_needed = 0, uses_anonymous_args = 0
 124:Drivers/STM32F7xx_HAL_Driver/Src/stm32f7xx_hal_pcd.c **** #if defined (USB_OTG_FS)
 256              		.loc 1 124 1 is_stmt 0 view .LVU71
 257 0000 30B5     		push	{r4, r5, lr}
 258              	.LCFI4:
 259              		.cfi_def_cfa_offset 12
 260              		.cfi_offset 4, -12
 261              		.cfi_offset 5, -8
 262              		.cfi_offset 14, -4
 263 0002 83B0     		sub	sp, sp, #12
ARM GAS  /tmp/cciuNOwn.s 			page 43


 264              	.LCFI5:
 265              		.cfi_def_cfa_offset 24
 126:Drivers/STM32F7xx_HAL_Driver/Src/stm32f7xx_hal_pcd.c **** #endif /* defined (USB_OTG_FS) */
 266              		.loc 1 126 3 is_stmt 1 view .LVU72
 128:Drivers/STM32F7xx_HAL_Driver/Src/stm32f7xx_hal_pcd.c **** 
 267              		.loc 1 128 3 view .LVU73
 131:Drivers/STM32F7xx_HAL_Driver/Src/stm32f7xx_hal_pcd.c ****   {
 268              		.loc 1 131 3 view .LVU74
 131:Drivers/STM32F7xx_HAL_Driver/Src/stm32f7xx_hal_pcd.c ****   {
 269              		.loc 1 131 6 is_stmt 0 view .LVU75
 270 0004 0028     		cmp	r0, #0
 271 0006 00F08280 		beq	.L23
 272 000a 0446     		mov	r4, r0
 137:Drivers/STM32F7xx_HAL_Driver/Src/stm32f7xx_hal_pcd.c **** 
 273              		.loc 1 137 3 is_stmt 1 view .LVU76
 140:Drivers/STM32F7xx_HAL_Driver/Src/stm32f7xx_hal_pcd.c **** #endif /* defined (USB_OTG_FS) */
 274              		.loc 1 140 3 view .LVU77
 140:Drivers/STM32F7xx_HAL_Driver/Src/stm32f7xx_hal_pcd.c **** #endif /* defined (USB_OTG_FS) */
 275              		.loc 1 140 8 is_stmt 0 view .LVU78
 276 000c 0568     		ldr	r5, [r0]
 277              	.LVL20:
 143:Drivers/STM32F7xx_HAL_Driver/Src/stm32f7xx_hal_pcd.c ****   {
 278              		.loc 1 143 3 is_stmt 1 view .LVU79
 143:Drivers/STM32F7xx_HAL_Driver/Src/stm32f7xx_hal_pcd.c ****   {
 279              		.loc 1 143 11 is_stmt 0 view .LVU80
 280 000e 90F89534 		ldrb	r3, [r0, #1173]	@ zero_extendqisi2
 143:Drivers/STM32F7xx_HAL_Driver/Src/stm32f7xx_hal_pcd.c ****   {
 281              		.loc 1 143 6 view .LVU81
 282 0012 C3B1     		cbz	r3, .L26
 283              	.LVL21:
 284              	.L14:
 174:Drivers/STM32F7xx_HAL_Driver/Src/stm32f7xx_hal_pcd.c **** 
 285              		.loc 1 174 3 is_stmt 1 view .LVU82
 174:Drivers/STM32F7xx_HAL_Driver/Src/stm32f7xx_hal_pcd.c **** 
 286              		.loc 1 174 15 is_stmt 0 view .LVU83
 287 0014 0323     		movs	r3, #3
 288 0016 84F89534 		strb	r3, [r4, #1173]
 178:Drivers/STM32F7xx_HAL_Driver/Src/stm32f7xx_hal_pcd.c ****   {
 289              		.loc 1 178 3 is_stmt 1 view .LVU84
 178:Drivers/STM32F7xx_HAL_Driver/Src/stm32f7xx_hal_pcd.c ****   {
 290              		.loc 1 178 6 is_stmt 0 view .LVU85
 291 001a B5F1A04F 		cmp	r5, #1342177280
 292 001e 17D0     		beq	.L27
 293              	.L15:
 185:Drivers/STM32F7xx_HAL_Driver/Src/stm32f7xx_hal_pcd.c **** 
 294              		.loc 1 185 3 is_stmt 1 view .LVU86
 295 0020 2068     		ldr	r0, [r4]
 296 0022 FFF7FEFF 		bl	USB_DisableGlobalInt
 297              	.LVL22:
 188:Drivers/STM32F7xx_HAL_Driver/Src/stm32f7xx_hal_pcd.c ****   {
 298              		.loc 1 188 3 view .LVU87
 188:Drivers/STM32F7xx_HAL_Driver/Src/stm32f7xx_hal_pcd.c ****   {
 299              		.loc 1 188 7 is_stmt 0 view .LVU88
 300 0026 237C     		ldrb	r3, [r4, #16]	@ zero_extendqisi2
 301 0028 8DF80030 		strb	r3, [sp]
 302 002c 231D     		adds	r3, r4, #4
 303 002e 0ECB     		ldm	r3, {r1, r2, r3}
ARM GAS  /tmp/cciuNOwn.s 			page 44


 304 0030 2068     		ldr	r0, [r4]
 305 0032 FFF7FEFF 		bl	USB_CoreInit
 306              	.LVL23:
 188:Drivers/STM32F7xx_HAL_Driver/Src/stm32f7xx_hal_pcd.c ****   {
 307              		.loc 1 188 6 discriminator 1 view .LVU89
 308 0036 70B1     		cbz	r0, .L16
 190:Drivers/STM32F7xx_HAL_Driver/Src/stm32f7xx_hal_pcd.c ****     return HAL_ERROR;
 309              		.loc 1 190 5 is_stmt 1 view .LVU90
 190:Drivers/STM32F7xx_HAL_Driver/Src/stm32f7xx_hal_pcd.c ****     return HAL_ERROR;
 310              		.loc 1 190 17 is_stmt 0 view .LVU91
 311 0038 0223     		movs	r3, #2
 312 003a 84F89534 		strb	r3, [r4, #1173]
 191:Drivers/STM32F7xx_HAL_Driver/Src/stm32f7xx_hal_pcd.c ****   }
 313              		.loc 1 191 5 is_stmt 1 view .LVU92
 191:Drivers/STM32F7xx_HAL_Driver/Src/stm32f7xx_hal_pcd.c ****   }
 314              		.loc 1 191 12 is_stmt 0 view .LVU93
 315 003e 0125     		movs	r5, #1
 316              	.LVL24:
 317              	.L13:
 245:Drivers/STM32F7xx_HAL_Driver/Src/stm32f7xx_hal_pcd.c **** 
 318              		.loc 1 245 1 view .LVU94
 319 0040 2846     		mov	r0, r5
 320 0042 03B0     		add	sp, sp, #12
 321              	.LCFI6:
 322              		.cfi_remember_state
 323              		.cfi_def_cfa_offset 12
 324              		@ sp needed
 325 0044 30BD     		pop	{r4, r5, pc}
 326              	.LVL25:
 327              	.L26:
 328              	.LCFI7:
 329              		.cfi_restore_state
 146:Drivers/STM32F7xx_HAL_Driver/Src/stm32f7xx_hal_pcd.c **** 
 330              		.loc 1 146 5 is_stmt 1 view .LVU95
 146:Drivers/STM32F7xx_HAL_Driver/Src/stm32f7xx_hal_pcd.c **** 
 331              		.loc 1 146 16 is_stmt 0 view .LVU96
 332 0046 80F89434 		strb	r3, [r0, #1172]
 170:Drivers/STM32F7xx_HAL_Driver/Src/stm32f7xx_hal_pcd.c **** #endif /* (USE_HAL_PCD_REGISTER_CALLBACKS) */
 333              		.loc 1 170 5 is_stmt 1 view .LVU97
 334 004a FFF7FEFF 		bl	HAL_PCD_MspInit
 335              	.LVL26:
 170:Drivers/STM32F7xx_HAL_Driver/Src/stm32f7xx_hal_pcd.c **** #endif /* (USE_HAL_PCD_REGISTER_CALLBACKS) */
 336              		.loc 1 170 5 is_stmt 0 view .LVU98
 337 004e E1E7     		b	.L14
 338              	.L27:
 180:Drivers/STM32F7xx_HAL_Driver/Src/stm32f7xx_hal_pcd.c ****   }
 339              		.loc 1 180 5 is_stmt 1 view .LVU99
 180:Drivers/STM32F7xx_HAL_Driver/Src/stm32f7xx_hal_pcd.c ****   }
 340              		.loc 1 180 27 is_stmt 0 view .LVU100
 341 0050 0023     		movs	r3, #0
 342 0052 A371     		strb	r3, [r4, #6]
 343 0054 E4E7     		b	.L15
 344              	.L16:
 195:Drivers/STM32F7xx_HAL_Driver/Src/stm32f7xx_hal_pcd.c ****   {
 345              		.loc 1 195 3 is_stmt 1 view .LVU101
 195:Drivers/STM32F7xx_HAL_Driver/Src/stm32f7xx_hal_pcd.c ****   {
 346              		.loc 1 195 7 is_stmt 0 view .LVU102
ARM GAS  /tmp/cciuNOwn.s 			page 45


 347 0056 0021     		movs	r1, #0
 348 0058 2068     		ldr	r0, [r4]
 349 005a FFF7FEFF 		bl	USB_SetCurrentMode
 350              	.LVL27:
 195:Drivers/STM32F7xx_HAL_Driver/Src/stm32f7xx_hal_pcd.c ****   {
 351              		.loc 1 195 6 discriminator 1 view .LVU103
 352 005e 0246     		mov	r2, r0
 353 0060 08B9     		cbnz	r0, .L28
 202:Drivers/STM32F7xx_HAL_Driver/Src/stm32f7xx_hal_pcd.c ****   {
 354              		.loc 1 202 10 view .LVU104
 355 0062 0346     		mov	r3, r0
 356 0064 17E0     		b	.L17
 357              	.L28:
 197:Drivers/STM32F7xx_HAL_Driver/Src/stm32f7xx_hal_pcd.c ****     return HAL_ERROR;
 358              		.loc 1 197 5 is_stmt 1 view .LVU105
 197:Drivers/STM32F7xx_HAL_Driver/Src/stm32f7xx_hal_pcd.c ****     return HAL_ERROR;
 359              		.loc 1 197 17 is_stmt 0 view .LVU106
 360 0066 0223     		movs	r3, #2
 361 0068 84F89534 		strb	r3, [r4, #1173]
 198:Drivers/STM32F7xx_HAL_Driver/Src/stm32f7xx_hal_pcd.c ****   }
 362              		.loc 1 198 5 is_stmt 1 view .LVU107
 198:Drivers/STM32F7xx_HAL_Driver/Src/stm32f7xx_hal_pcd.c ****   }
 363              		.loc 1 198 12 is_stmt 0 view .LVU108
 364 006c 0125     		movs	r5, #1
 365              	.LVL28:
 198:Drivers/STM32F7xx_HAL_Driver/Src/stm32f7xx_hal_pcd.c ****   }
 366              		.loc 1 198 12 view .LVU109
 367 006e E7E7     		b	.L13
 368              	.LVL29:
 369              	.L18:
 205:Drivers/STM32F7xx_HAL_Driver/Src/stm32f7xx_hal_pcd.c ****     hpcd->IN_ep[i].num = i;
 370              		.loc 1 205 5 is_stmt 1 view .LVU110
 205:Drivers/STM32F7xx_HAL_Driver/Src/stm32f7xx_hal_pcd.c ****     hpcd->IN_ep[i].num = i;
 371              		.loc 1 205 26 is_stmt 0 view .LVU111
 372 0070 03EBC301 		add	r1, r3, r3, lsl #3
 373 0074 04EB8101 		add	r1, r4, r1, lsl #2
 374 0078 0120     		movs	r0, #1
 375 007a 4875     		strb	r0, [r1, #21]
 206:Drivers/STM32F7xx_HAL_Driver/Src/stm32f7xx_hal_pcd.c ****     hpcd->IN_ep[i].tx_fifo_num = i;
 376              		.loc 1 206 5 is_stmt 1 view .LVU112
 206:Drivers/STM32F7xx_HAL_Driver/Src/stm32f7xx_hal_pcd.c ****     hpcd->IN_ep[i].tx_fifo_num = i;
 377              		.loc 1 206 24 is_stmt 0 view .LVU113
 378 007c 0B75     		strb	r3, [r1, #20]
 207:Drivers/STM32F7xx_HAL_Driver/Src/stm32f7xx_hal_pcd.c ****     /* Control until ep is activated */
 379              		.loc 1 207 5 is_stmt 1 view .LVU114
 207:Drivers/STM32F7xx_HAL_Driver/Src/stm32f7xx_hal_pcd.c ****     /* Control until ep is activated */
 380              		.loc 1 207 32 is_stmt 0 view .LVU115
 381 007e CB85     		strh	r3, [r1, #46]	@ movhi
 209:Drivers/STM32F7xx_HAL_Driver/Src/stm32f7xx_hal_pcd.c ****     hpcd->IN_ep[i].maxpacket = 0U;
 382              		.loc 1 209 5 is_stmt 1 view .LVU116
 209:Drivers/STM32F7xx_HAL_Driver/Src/stm32f7xx_hal_pcd.c ****     hpcd->IN_ep[i].maxpacket = 0U;
 383              		.loc 1 209 25 is_stmt 0 view .LVU117
 384 0080 0020     		movs	r0, #0
 385 0082 0876     		strb	r0, [r1, #24]
 210:Drivers/STM32F7xx_HAL_Driver/Src/stm32f7xx_hal_pcd.c ****     hpcd->IN_ep[i].xfer_buff = 0U;
 386              		.loc 1 210 5 is_stmt 1 view .LVU118
 210:Drivers/STM32F7xx_HAL_Driver/Src/stm32f7xx_hal_pcd.c ****     hpcd->IN_ep[i].xfer_buff = 0U;
ARM GAS  /tmp/cciuNOwn.s 			page 46


 387              		.loc 1 210 30 is_stmt 0 view .LVU119
 388 0084 C861     		str	r0, [r1, #28]
 211:Drivers/STM32F7xx_HAL_Driver/Src/stm32f7xx_hal_pcd.c ****     hpcd->IN_ep[i].xfer_len = 0U;
 389              		.loc 1 211 5 is_stmt 1 view .LVU120
 211:Drivers/STM32F7xx_HAL_Driver/Src/stm32f7xx_hal_pcd.c ****     hpcd->IN_ep[i].xfer_len = 0U;
 390              		.loc 1 211 30 is_stmt 0 view .LVU121
 391 0086 0862     		str	r0, [r1, #32]
 212:Drivers/STM32F7xx_HAL_Driver/Src/stm32f7xx_hal_pcd.c ****   }
 392              		.loc 1 212 5 is_stmt 1 view .LVU122
 212:Drivers/STM32F7xx_HAL_Driver/Src/stm32f7xx_hal_pcd.c ****   }
 393              		.loc 1 212 29 is_stmt 0 view .LVU123
 394 0088 03EBC301 		add	r1, r3, r3, lsl #3
 395 008c 04EB8101 		add	r1, r4, r1, lsl #2
 396 0090 4862     		str	r0, [r1, #36]
 202:Drivers/STM32F7xx_HAL_Driver/Src/stm32f7xx_hal_pcd.c ****   {
 397              		.loc 1 202 47 is_stmt 1 discriminator 3 view .LVU124
 398 0092 0133     		adds	r3, r3, #1
 399              	.LVL30:
 202:Drivers/STM32F7xx_HAL_Driver/Src/stm32f7xx_hal_pcd.c ****   {
 400              		.loc 1 202 47 is_stmt 0 discriminator 3 view .LVU125
 401 0094 DBB2     		uxtb	r3, r3
 402              	.LVL31:
 403              	.L17:
 202:Drivers/STM32F7xx_HAL_Driver/Src/stm32f7xx_hal_pcd.c ****   {
 404              		.loc 1 202 18 is_stmt 1 discriminator 1 view .LVU126
 202:Drivers/STM32F7xx_HAL_Driver/Src/stm32f7xx_hal_pcd.c ****   {
 405              		.loc 1 202 30 is_stmt 0 discriminator 1 view .LVU127
 406 0096 2079     		ldrb	r0, [r4, #4]	@ zero_extendqisi2
 202:Drivers/STM32F7xx_HAL_Driver/Src/stm32f7xx_hal_pcd.c ****   {
 407              		.loc 1 202 18 discriminator 1 view .LVU128
 408 0098 9842     		cmp	r0, r3
 409 009a E9D8     		bhi	.L18
 410 009c 16E0     		b	.L19
 411              	.LVL32:
 412              	.L20:
 217:Drivers/STM32F7xx_HAL_Driver/Src/stm32f7xx_hal_pcd.c ****     hpcd->OUT_ep[i].num = i;
 413              		.loc 1 217 5 is_stmt 1 view .LVU129
 217:Drivers/STM32F7xx_HAL_Driver/Src/stm32f7xx_hal_pcd.c ****     hpcd->OUT_ep[i].num = i;
 414              		.loc 1 217 27 is_stmt 0 view .LVU130
 415 009e 02EBC203 		add	r3, r2, r2, lsl #3
 416 00a2 04EB8303 		add	r3, r4, r3, lsl #2
 417 00a6 0021     		movs	r1, #0
 418 00a8 83F85512 		strb	r1, [r3, #597]
 218:Drivers/STM32F7xx_HAL_Driver/Src/stm32f7xx_hal_pcd.c ****     /* Control until ep is activated */
 419              		.loc 1 218 5 is_stmt 1 view .LVU131
 218:Drivers/STM32F7xx_HAL_Driver/Src/stm32f7xx_hal_pcd.c ****     /* Control until ep is activated */
 420              		.loc 1 218 25 is_stmt 0 view .LVU132
 421 00ac 83F85422 		strb	r2, [r3, #596]
 220:Drivers/STM32F7xx_HAL_Driver/Src/stm32f7xx_hal_pcd.c ****     hpcd->OUT_ep[i].maxpacket = 0U;
 422              		.loc 1 220 5 is_stmt 1 view .LVU133
 220:Drivers/STM32F7xx_HAL_Driver/Src/stm32f7xx_hal_pcd.c ****     hpcd->OUT_ep[i].maxpacket = 0U;
 423              		.loc 1 220 26 is_stmt 0 view .LVU134
 424 00b0 83F85812 		strb	r1, [r3, #600]
 221:Drivers/STM32F7xx_HAL_Driver/Src/stm32f7xx_hal_pcd.c ****     hpcd->OUT_ep[i].xfer_buff = 0U;
 425              		.loc 1 221 5 is_stmt 1 view .LVU135
 221:Drivers/STM32F7xx_HAL_Driver/Src/stm32f7xx_hal_pcd.c ****     hpcd->OUT_ep[i].xfer_buff = 0U;
 426              		.loc 1 221 31 is_stmt 0 view .LVU136
ARM GAS  /tmp/cciuNOwn.s 			page 47


 427 00b4 C3F85C12 		str	r1, [r3, #604]
 222:Drivers/STM32F7xx_HAL_Driver/Src/stm32f7xx_hal_pcd.c ****     hpcd->OUT_ep[i].xfer_len = 0U;
 428              		.loc 1 222 5 is_stmt 1 view .LVU137
 222:Drivers/STM32F7xx_HAL_Driver/Src/stm32f7xx_hal_pcd.c ****     hpcd->OUT_ep[i].xfer_len = 0U;
 429              		.loc 1 222 31 is_stmt 0 view .LVU138
 430 00b8 C3F86012 		str	r1, [r3, #608]
 223:Drivers/STM32F7xx_HAL_Driver/Src/stm32f7xx_hal_pcd.c ****   }
 431              		.loc 1 223 5 is_stmt 1 view .LVU139
 223:Drivers/STM32F7xx_HAL_Driver/Src/stm32f7xx_hal_pcd.c ****   }
 432              		.loc 1 223 30 is_stmt 0 view .LVU140
 433 00bc 02EBC203 		add	r3, r2, r2, lsl #3
 434 00c0 04EB8303 		add	r3, r4, r3, lsl #2
 435 00c4 C3F86412 		str	r1, [r3, #612]
 215:Drivers/STM32F7xx_HAL_Driver/Src/stm32f7xx_hal_pcd.c ****   {
 436              		.loc 1 215 47 is_stmt 1 discriminator 3 view .LVU141
 437 00c8 0132     		adds	r2, r2, #1
 438              	.LVL33:
 215:Drivers/STM32F7xx_HAL_Driver/Src/stm32f7xx_hal_pcd.c ****   {
 439              		.loc 1 215 47 is_stmt 0 discriminator 3 view .LVU142
 440 00ca D2B2     		uxtb	r2, r2
 441              	.LVL34:
 442              	.L19:
 215:Drivers/STM32F7xx_HAL_Driver/Src/stm32f7xx_hal_pcd.c ****   {
 443              		.loc 1 215 18 is_stmt 1 discriminator 1 view .LVU143
 444 00cc 9042     		cmp	r0, r2
 445 00ce E6D8     		bhi	.L20
 227:Drivers/STM32F7xx_HAL_Driver/Src/stm32f7xx_hal_pcd.c ****   {
 446              		.loc 1 227 3 view .LVU144
 227:Drivers/STM32F7xx_HAL_Driver/Src/stm32f7xx_hal_pcd.c ****   {
 447              		.loc 1 227 7 is_stmt 0 view .LVU145
 448 00d0 237C     		ldrb	r3, [r4, #16]	@ zero_extendqisi2
 449 00d2 8DF80030 		strb	r3, [sp]
 450 00d6 231D     		adds	r3, r4, #4
 451 00d8 0ECB     		ldm	r3, {r1, r2, r3}
 452              	.LVL35:
 227:Drivers/STM32F7xx_HAL_Driver/Src/stm32f7xx_hal_pcd.c ****   {
 453              		.loc 1 227 7 view .LVU146
 454 00da 2068     		ldr	r0, [r4]
 455 00dc FFF7FEFF 		bl	USB_DevInit
 456              	.LVL36:
 227:Drivers/STM32F7xx_HAL_Driver/Src/stm32f7xx_hal_pcd.c ****   {
 457              		.loc 1 227 6 discriminator 1 view .LVU147
 458 00e0 0546     		mov	r5, r0
 459              	.LVL37:
 227:Drivers/STM32F7xx_HAL_Driver/Src/stm32f7xx_hal_pcd.c ****   {
 460              		.loc 1 227 6 discriminator 1 view .LVU148
 461 00e2 58B9     		cbnz	r0, .L29
 233:Drivers/STM32F7xx_HAL_Driver/Src/stm32f7xx_hal_pcd.c ****   hpcd->State = HAL_PCD_STATE_READY;
 462              		.loc 1 233 3 is_stmt 1 view .LVU149
 233:Drivers/STM32F7xx_HAL_Driver/Src/stm32f7xx_hal_pcd.c ****   hpcd->State = HAL_PCD_STATE_READY;
 463              		.loc 1 233 21 is_stmt 0 view .LVU150
 464 00e4 0023     		movs	r3, #0
 465 00e6 6374     		strb	r3, [r4, #17]
 234:Drivers/STM32F7xx_HAL_Driver/Src/stm32f7xx_hal_pcd.c **** 
 466              		.loc 1 234 3 is_stmt 1 view .LVU151
 234:Drivers/STM32F7xx_HAL_Driver/Src/stm32f7xx_hal_pcd.c **** 
 467              		.loc 1 234 15 is_stmt 0 view .LVU152
ARM GAS  /tmp/cciuNOwn.s 			page 48


 468 00e8 0123     		movs	r3, #1
 469 00ea 84F89534 		strb	r3, [r4, #1173]
 237:Drivers/STM32F7xx_HAL_Driver/Src/stm32f7xx_hal_pcd.c ****   {
 470              		.loc 1 237 3 is_stmt 1 view .LVU153
 237:Drivers/STM32F7xx_HAL_Driver/Src/stm32f7xx_hal_pcd.c ****   {
 471              		.loc 1 237 17 is_stmt 0 view .LVU154
 472 00ee 237B     		ldrb	r3, [r4, #12]	@ zero_extendqisi2
 237:Drivers/STM32F7xx_HAL_Driver/Src/stm32f7xx_hal_pcd.c ****   {
 473              		.loc 1 237 6 view .LVU155
 474 00f0 012B     		cmp	r3, #1
 475 00f2 08D0     		beq	.L30
 476              	.L22:
 242:Drivers/STM32F7xx_HAL_Driver/Src/stm32f7xx_hal_pcd.c **** 
 477              		.loc 1 242 3 is_stmt 1 view .LVU156
 242:Drivers/STM32F7xx_HAL_Driver/Src/stm32f7xx_hal_pcd.c **** 
 478              		.loc 1 242 9 is_stmt 0 view .LVU157
 479 00f4 2068     		ldr	r0, [r4]
 480 00f6 FFF7FEFF 		bl	USB_DevDisconnect
 481              	.LVL38:
 244:Drivers/STM32F7xx_HAL_Driver/Src/stm32f7xx_hal_pcd.c **** }
 482              		.loc 1 244 3 is_stmt 1 view .LVU158
 244:Drivers/STM32F7xx_HAL_Driver/Src/stm32f7xx_hal_pcd.c **** }
 483              		.loc 1 244 10 is_stmt 0 view .LVU159
 484 00fa A1E7     		b	.L13
 485              	.L29:
 229:Drivers/STM32F7xx_HAL_Driver/Src/stm32f7xx_hal_pcd.c ****     return HAL_ERROR;
 486              		.loc 1 229 5 is_stmt 1 view .LVU160
 229:Drivers/STM32F7xx_HAL_Driver/Src/stm32f7xx_hal_pcd.c ****     return HAL_ERROR;
 487              		.loc 1 229 17 is_stmt 0 view .LVU161
 488 00fc 0223     		movs	r3, #2
 489 00fe 84F89534 		strb	r3, [r4, #1173]
 230:Drivers/STM32F7xx_HAL_Driver/Src/stm32f7xx_hal_pcd.c ****   }
 490              		.loc 1 230 5 is_stmt 1 view .LVU162
 230:Drivers/STM32F7xx_HAL_Driver/Src/stm32f7xx_hal_pcd.c ****   }
 491              		.loc 1 230 12 is_stmt 0 view .LVU163
 492 0102 0125     		movs	r5, #1
 493 0104 9CE7     		b	.L13
 494              	.L30:
 239:Drivers/STM32F7xx_HAL_Driver/Src/stm32f7xx_hal_pcd.c ****   }
 495              		.loc 1 239 5 is_stmt 1 view .LVU164
 239:Drivers/STM32F7xx_HAL_Driver/Src/stm32f7xx_hal_pcd.c ****   }
 496              		.loc 1 239 11 is_stmt 0 view .LVU165
 497 0106 2046     		mov	r0, r4
 498 0108 FFF7FEFF 		bl	HAL_PCDEx_ActivateLPM
 499              	.LVL39:
 500 010c F2E7     		b	.L22
 501              	.LVL40:
 502              	.L23:
 133:Drivers/STM32F7xx_HAL_Driver/Src/stm32f7xx_hal_pcd.c ****   }
 503              		.loc 1 133 12 view .LVU166
 504 010e 0125     		movs	r5, #1
 505 0110 96E7     		b	.L13
 506              		.cfi_endproc
 507              	.LFE141:
 509              		.section	.text.HAL_PCD_MspDeInit,"ax",%progbits
 510              		.align	1
 511              		.weak	HAL_PCD_MspDeInit
ARM GAS  /tmp/cciuNOwn.s 			page 49


 512              		.syntax unified
 513              		.thumb
 514              		.thumb_func
 516              	HAL_PCD_MspDeInit:
 517              	.LVL41:
 518              	.LFB144:
 307:Drivers/STM32F7xx_HAL_Driver/Src/stm32f7xx_hal_pcd.c ****   /* Prevent unused argument(s) compilation warning */
 519              		.loc 1 307 1 is_stmt 1 view -0
 520              		.cfi_startproc
 521              		@ args = 0, pretend = 0, frame = 0
 522              		@ frame_needed = 0, uses_anonymous_args = 0
 523              		@ link register save eliminated.
 309:Drivers/STM32F7xx_HAL_Driver/Src/stm32f7xx_hal_pcd.c **** 
 524              		.loc 1 309 3 view .LVU168
 314:Drivers/STM32F7xx_HAL_Driver/Src/stm32f7xx_hal_pcd.c **** 
 525              		.loc 1 314 1 is_stmt 0 view .LVU169
 526 0000 7047     		bx	lr
 527              		.cfi_endproc
 528              	.LFE144:
 530              		.section	.text.HAL_PCD_DeInit,"ax",%progbits
 531              		.align	1
 532              		.global	HAL_PCD_DeInit
 533              		.syntax unified
 534              		.thumb
 535              		.thumb_func
 537              	HAL_PCD_DeInit:
 538              	.LVL42:
 539              	.LFB142:
 253:Drivers/STM32F7xx_HAL_Driver/Src/stm32f7xx_hal_pcd.c ****   /* Check the PCD handle allocation */
 540              		.loc 1 253 1 is_stmt 1 view -0
 541              		.cfi_startproc
 542              		@ args = 0, pretend = 0, frame = 0
 543              		@ frame_needed = 0, uses_anonymous_args = 0
 253:Drivers/STM32F7xx_HAL_Driver/Src/stm32f7xx_hal_pcd.c ****   /* Check the PCD handle allocation */
 544              		.loc 1 253 1 is_stmt 0 view .LVU171
 545 0000 38B5     		push	{r3, r4, r5, lr}
 546              	.LCFI8:
 547              		.cfi_def_cfa_offset 16
 548              		.cfi_offset 3, -16
 549              		.cfi_offset 4, -12
 550              		.cfi_offset 5, -8
 551              		.cfi_offset 14, -4
 255:Drivers/STM32F7xx_HAL_Driver/Src/stm32f7xx_hal_pcd.c ****   {
 552              		.loc 1 255 3 is_stmt 1 view .LVU172
 255:Drivers/STM32F7xx_HAL_Driver/Src/stm32f7xx_hal_pcd.c ****   {
 553              		.loc 1 255 6 is_stmt 0 view .LVU173
 554 0002 90B1     		cbz	r0, .L34
 555 0004 0446     		mov	r4, r0
 260:Drivers/STM32F7xx_HAL_Driver/Src/stm32f7xx_hal_pcd.c **** 
 556              		.loc 1 260 3 is_stmt 1 view .LVU174
 260:Drivers/STM32F7xx_HAL_Driver/Src/stm32f7xx_hal_pcd.c **** 
 557              		.loc 1 260 15 is_stmt 0 view .LVU175
 558 0006 0323     		movs	r3, #3
 559 0008 80F89534 		strb	r3, [r0, #1173]
 263:Drivers/STM32F7xx_HAL_Driver/Src/stm32f7xx_hal_pcd.c ****   {
 560              		.loc 1 263 3 is_stmt 1 view .LVU176
 263:Drivers/STM32F7xx_HAL_Driver/Src/stm32f7xx_hal_pcd.c ****   {
ARM GAS  /tmp/cciuNOwn.s 			page 50


 561              		.loc 1 263 7 is_stmt 0 view .LVU177
 562 000c 0068     		ldr	r0, [r0]
 563              	.LVL43:
 263:Drivers/STM32F7xx_HAL_Driver/Src/stm32f7xx_hal_pcd.c ****   {
 564              		.loc 1 263 7 view .LVU178
 565 000e FFF7FEFF 		bl	USB_StopDevice
 566              	.LVL44:
 263:Drivers/STM32F7xx_HAL_Driver/Src/stm32f7xx_hal_pcd.c ****   {
 567              		.loc 1 263 6 discriminator 1 view .LVU179
 568 0012 0546     		mov	r5, r0
 569 0014 10B1     		cbz	r0, .L37
 265:Drivers/STM32F7xx_HAL_Driver/Src/stm32f7xx_hal_pcd.c ****   }
 570              		.loc 1 265 12 view .LVU180
 571 0016 0125     		movs	r5, #1
 572              	.LVL45:
 573              	.L33:
 284:Drivers/STM32F7xx_HAL_Driver/Src/stm32f7xx_hal_pcd.c **** 
 574              		.loc 1 284 1 view .LVU181
 575 0018 2846     		mov	r0, r5
 576 001a 38BD     		pop	{r3, r4, r5, pc}
 577              	.LVL46:
 578              	.L37:
 278:Drivers/STM32F7xx_HAL_Driver/Src/stm32f7xx_hal_pcd.c **** #endif /* USE_HAL_PCD_REGISTER_CALLBACKS */
 579              		.loc 1 278 3 is_stmt 1 view .LVU182
 580 001c 2046     		mov	r0, r4
 581 001e FFF7FEFF 		bl	HAL_PCD_MspDeInit
 582              	.LVL47:
 281:Drivers/STM32F7xx_HAL_Driver/Src/stm32f7xx_hal_pcd.c **** 
 583              		.loc 1 281 3 view .LVU183
 281:Drivers/STM32F7xx_HAL_Driver/Src/stm32f7xx_hal_pcd.c **** 
 584              		.loc 1 281 15 is_stmt 0 view .LVU184
 585 0022 0023     		movs	r3, #0
 586 0024 84F89534 		strb	r3, [r4, #1173]
 283:Drivers/STM32F7xx_HAL_Driver/Src/stm32f7xx_hal_pcd.c **** }
 587              		.loc 1 283 3 is_stmt 1 view .LVU185
 283:Drivers/STM32F7xx_HAL_Driver/Src/stm32f7xx_hal_pcd.c **** }
 588              		.loc 1 283 10 is_stmt 0 view .LVU186
 589 0028 F6E7     		b	.L33
 590              	.LVL48:
 591              	.L34:
 257:Drivers/STM32F7xx_HAL_Driver/Src/stm32f7xx_hal_pcd.c ****   }
 592              		.loc 1 257 12 view .LVU187
 593 002a 0125     		movs	r5, #1
 594 002c F4E7     		b	.L33
 595              		.cfi_endproc
 596              	.LFE142:
 598              		.section	.text.HAL_PCD_Start,"ax",%progbits
 599              		.align	1
 600              		.global	HAL_PCD_Start
 601              		.syntax unified
 602              		.thumb
 603              		.thumb_func
 605              	HAL_PCD_Start:
 606              	.LVL49:
 607              	.LFB145:
 937:Drivers/STM32F7xx_HAL_Driver/Src/stm32f7xx_hal_pcd.c ****   __HAL_LOCK(hpcd);
 608              		.loc 1 937 1 is_stmt 1 view -0
ARM GAS  /tmp/cciuNOwn.s 			page 51


 609              		.cfi_startproc
 610              		@ args = 0, pretend = 0, frame = 0
 611              		@ frame_needed = 0, uses_anonymous_args = 0
 938:Drivers/STM32F7xx_HAL_Driver/Src/stm32f7xx_hal_pcd.c ****   __HAL_PCD_ENABLE(hpcd);
 612              		.loc 1 938 3 view .LVU189
 938:Drivers/STM32F7xx_HAL_Driver/Src/stm32f7xx_hal_pcd.c ****   __HAL_PCD_ENABLE(hpcd);
 613              		.loc 1 938 3 view .LVU190
 614 0000 90F89434 		ldrb	r3, [r0, #1172]	@ zero_extendqisi2
 615 0004 012B     		cmp	r3, #1
 616 0006 0ED0     		beq	.L40
 937:Drivers/STM32F7xx_HAL_Driver/Src/stm32f7xx_hal_pcd.c ****   __HAL_LOCK(hpcd);
 617              		.loc 1 937 1 is_stmt 0 view .LVU191
 618 0008 10B5     		push	{r4, lr}
 619              	.LCFI9:
 620              		.cfi_def_cfa_offset 8
 621              		.cfi_offset 4, -8
 622              		.cfi_offset 14, -4
 623 000a 0446     		mov	r4, r0
 938:Drivers/STM32F7xx_HAL_Driver/Src/stm32f7xx_hal_pcd.c ****   __HAL_PCD_ENABLE(hpcd);
 624              		.loc 1 938 3 is_stmt 1 discriminator 2 view .LVU192
 625 000c 0123     		movs	r3, #1
 626 000e 80F89434 		strb	r3, [r0, #1172]
 938:Drivers/STM32F7xx_HAL_Driver/Src/stm32f7xx_hal_pcd.c ****   __HAL_PCD_ENABLE(hpcd);
 627              		.loc 1 938 3 discriminator 2 view .LVU193
 939:Drivers/STM32F7xx_HAL_Driver/Src/stm32f7xx_hal_pcd.c ****   (void)USB_DevConnect(hpcd->Instance);
 628              		.loc 1 939 3 view .LVU194
 629 0012 0068     		ldr	r0, [r0]
 630              	.LVL50:
 939:Drivers/STM32F7xx_HAL_Driver/Src/stm32f7xx_hal_pcd.c ****   (void)USB_DevConnect(hpcd->Instance);
 631              		.loc 1 939 3 is_stmt 0 view .LVU195
 632 0014 FFF7FEFF 		bl	USB_EnableGlobalInt
 633              	.LVL51:
 940:Drivers/STM32F7xx_HAL_Driver/Src/stm32f7xx_hal_pcd.c ****   __HAL_UNLOCK(hpcd);
 634              		.loc 1 940 3 is_stmt 1 view .LVU196
 940:Drivers/STM32F7xx_HAL_Driver/Src/stm32f7xx_hal_pcd.c ****   __HAL_UNLOCK(hpcd);
 635              		.loc 1 940 9 is_stmt 0 view .LVU197
 636 0018 2068     		ldr	r0, [r4]
 637 001a FFF7FEFF 		bl	USB_DevConnect
 638              	.LVL52:
 941:Drivers/STM32F7xx_HAL_Driver/Src/stm32f7xx_hal_pcd.c **** 
 639              		.loc 1 941 3 is_stmt 1 view .LVU198
 941:Drivers/STM32F7xx_HAL_Driver/Src/stm32f7xx_hal_pcd.c **** 
 640              		.loc 1 941 3 view .LVU199
 641 001e 0020     		movs	r0, #0
 642 0020 84F89404 		strb	r0, [r4, #1172]
 941:Drivers/STM32F7xx_HAL_Driver/Src/stm32f7xx_hal_pcd.c **** 
 643              		.loc 1 941 3 view .LVU200
 943:Drivers/STM32F7xx_HAL_Driver/Src/stm32f7xx_hal_pcd.c **** }
 644              		.loc 1 943 3 view .LVU201
 944:Drivers/STM32F7xx_HAL_Driver/Src/stm32f7xx_hal_pcd.c **** 
 645              		.loc 1 944 1 is_stmt 0 view .LVU202
 646 0024 10BD     		pop	{r4, pc}
 647              	.LVL53:
 648              	.L40:
 649              	.LCFI10:
 650              		.cfi_def_cfa_offset 0
 651              		.cfi_restore 4
ARM GAS  /tmp/cciuNOwn.s 			page 52


 652              		.cfi_restore 14
 938:Drivers/STM32F7xx_HAL_Driver/Src/stm32f7xx_hal_pcd.c ****   __HAL_PCD_ENABLE(hpcd);
 653              		.loc 1 938 3 discriminator 1 view .LVU203
 654 0026 0220     		movs	r0, #2
 655              	.LVL54:
 944:Drivers/STM32F7xx_HAL_Driver/Src/stm32f7xx_hal_pcd.c **** 
 656              		.loc 1 944 1 view .LVU204
 657 0028 7047     		bx	lr
 658              		.cfi_endproc
 659              	.LFE145:
 661              		.section	.text.HAL_PCD_Stop,"ax",%progbits
 662              		.align	1
 663              		.global	HAL_PCD_Stop
 664              		.syntax unified
 665              		.thumb
 666              		.thumb_func
 668              	HAL_PCD_Stop:
 669              	.LVL55:
 670              	.LFB146:
 952:Drivers/STM32F7xx_HAL_Driver/Src/stm32f7xx_hal_pcd.c ****   __HAL_LOCK(hpcd);
 671              		.loc 1 952 1 is_stmt 1 view -0
 672              		.cfi_startproc
 673              		@ args = 0, pretend = 0, frame = 0
 674              		@ frame_needed = 0, uses_anonymous_args = 0
 953:Drivers/STM32F7xx_HAL_Driver/Src/stm32f7xx_hal_pcd.c ****   __HAL_PCD_DISABLE(hpcd);
 675              		.loc 1 953 3 view .LVU206
 953:Drivers/STM32F7xx_HAL_Driver/Src/stm32f7xx_hal_pcd.c ****   __HAL_PCD_DISABLE(hpcd);
 676              		.loc 1 953 3 view .LVU207
 677 0000 90F89434 		ldrb	r3, [r0, #1172]	@ zero_extendqisi2
 678 0004 012B     		cmp	r3, #1
 679 0006 12D0     		beq	.L47
 952:Drivers/STM32F7xx_HAL_Driver/Src/stm32f7xx_hal_pcd.c ****   __HAL_LOCK(hpcd);
 680              		.loc 1 952 1 is_stmt 0 view .LVU208
 681 0008 10B5     		push	{r4, lr}
 682              	.LCFI11:
 683              		.cfi_def_cfa_offset 8
 684              		.cfi_offset 4, -8
 685              		.cfi_offset 14, -4
 686 000a 0446     		mov	r4, r0
 953:Drivers/STM32F7xx_HAL_Driver/Src/stm32f7xx_hal_pcd.c ****   __HAL_PCD_DISABLE(hpcd);
 687              		.loc 1 953 3 is_stmt 1 discriminator 2 view .LVU209
 688 000c 0123     		movs	r3, #1
 689 000e 80F89434 		strb	r3, [r0, #1172]
 953:Drivers/STM32F7xx_HAL_Driver/Src/stm32f7xx_hal_pcd.c ****   __HAL_PCD_DISABLE(hpcd);
 690              		.loc 1 953 3 discriminator 2 view .LVU210
 954:Drivers/STM32F7xx_HAL_Driver/Src/stm32f7xx_hal_pcd.c ****   (void)USB_DevDisconnect(hpcd->Instance);
 691              		.loc 1 954 3 view .LVU211
 692 0012 0068     		ldr	r0, [r0]
 693              	.LVL56:
 954:Drivers/STM32F7xx_HAL_Driver/Src/stm32f7xx_hal_pcd.c ****   (void)USB_DevDisconnect(hpcd->Instance);
 694              		.loc 1 954 3 is_stmt 0 view .LVU212
 695 0014 FFF7FEFF 		bl	USB_DisableGlobalInt
 696              	.LVL57:
 955:Drivers/STM32F7xx_HAL_Driver/Src/stm32f7xx_hal_pcd.c **** 
 697              		.loc 1 955 3 is_stmt 1 view .LVU213
 955:Drivers/STM32F7xx_HAL_Driver/Src/stm32f7xx_hal_pcd.c **** 
 698              		.loc 1 955 9 is_stmt 0 view .LVU214
ARM GAS  /tmp/cciuNOwn.s 			page 53


 699 0018 2068     		ldr	r0, [r4]
 700 001a FFF7FEFF 		bl	USB_DevDisconnect
 701              	.LVL58:
 957:Drivers/STM32F7xx_HAL_Driver/Src/stm32f7xx_hal_pcd.c **** 
 702              		.loc 1 957 3 is_stmt 1 view .LVU215
 957:Drivers/STM32F7xx_HAL_Driver/Src/stm32f7xx_hal_pcd.c **** 
 703              		.loc 1 957 9 is_stmt 0 view .LVU216
 704 001e 1021     		movs	r1, #16
 705 0020 2068     		ldr	r0, [r4]
 706 0022 FFF7FEFF 		bl	USB_FlushTxFifo
 707              	.LVL59:
 959:Drivers/STM32F7xx_HAL_Driver/Src/stm32f7xx_hal_pcd.c **** 
 708              		.loc 1 959 3 is_stmt 1 view .LVU217
 959:Drivers/STM32F7xx_HAL_Driver/Src/stm32f7xx_hal_pcd.c **** 
 709              		.loc 1 959 3 view .LVU218
 710 0026 0020     		movs	r0, #0
 711 0028 84F89404 		strb	r0, [r4, #1172]
 959:Drivers/STM32F7xx_HAL_Driver/Src/stm32f7xx_hal_pcd.c **** 
 712              		.loc 1 959 3 view .LVU219
 961:Drivers/STM32F7xx_HAL_Driver/Src/stm32f7xx_hal_pcd.c **** }
 713              		.loc 1 961 3 view .LVU220
 962:Drivers/STM32F7xx_HAL_Driver/Src/stm32f7xx_hal_pcd.c **** 
 714              		.loc 1 962 1 is_stmt 0 view .LVU221
 715 002c 10BD     		pop	{r4, pc}
 716              	.LVL60:
 717              	.L47:
 718              	.LCFI12:
 719              		.cfi_def_cfa_offset 0
 720              		.cfi_restore 4
 721              		.cfi_restore 14
 953:Drivers/STM32F7xx_HAL_Driver/Src/stm32f7xx_hal_pcd.c ****   __HAL_PCD_DISABLE(hpcd);
 722              		.loc 1 953 3 discriminator 1 view .LVU222
 723 002e 0220     		movs	r0, #2
 724              	.LVL61:
 962:Drivers/STM32F7xx_HAL_Driver/Src/stm32f7xx_hal_pcd.c **** 
 725              		.loc 1 962 1 view .LVU223
 726 0030 7047     		bx	lr
 727              		.cfi_endproc
 728              	.LFE146:
 730              		.section	.text.HAL_PCD_WKUP_IRQHandler,"ax",%progbits
 731              		.align	1
 732              		.global	HAL_PCD_WKUP_IRQHandler
 733              		.syntax unified
 734              		.thumb
 735              		.thumb_func
 737              	HAL_PCD_WKUP_IRQHandler:
 738              	.LVL62:
 739              	.LFB148:
1431:Drivers/STM32F7xx_HAL_Driver/Src/stm32f7xx_hal_pcd.c **** #if defined (USB_OTG_FS)
 740              		.loc 1 1431 1 is_stmt 1 view -0
 741              		.cfi_startproc
 742              		@ args = 0, pretend = 0, frame = 0
 743              		@ frame_needed = 0, uses_anonymous_args = 0
 744              		@ link register save eliminated.
1433:Drivers/STM32F7xx_HAL_Driver/Src/stm32f7xx_hal_pcd.c ****   USBx = hpcd->Instance;
 745              		.loc 1 1433 3 view .LVU225
1434:Drivers/STM32F7xx_HAL_Driver/Src/stm32f7xx_hal_pcd.c **** 
ARM GAS  /tmp/cciuNOwn.s 			page 54


 746              		.loc 1 1434 3 view .LVU226
1434:Drivers/STM32F7xx_HAL_Driver/Src/stm32f7xx_hal_pcd.c **** 
 747              		.loc 1 1434 8 is_stmt 0 view .LVU227
 748 0000 0368     		ldr	r3, [r0]
 749              	.LVL63:
1436:Drivers/STM32F7xx_HAL_Driver/Src/stm32f7xx_hal_pcd.c ****   {
 750              		.loc 1 1436 3 is_stmt 1 view .LVU228
1436:Drivers/STM32F7xx_HAL_Driver/Src/stm32f7xx_hal_pcd.c ****   {
 751              		.loc 1 1436 6 is_stmt 0 view .LVU229
 752 0002 B3F1A04F 		cmp	r3, #1342177280
 753 0006 04D0     		beq	.L55
1445:Drivers/STM32F7xx_HAL_Driver/Src/stm32f7xx_hal_pcd.c ****   }
 754              		.loc 1 1445 5 is_stmt 1 view .LVU230
 755 0008 044B     		ldr	r3, .L56
 756              	.LVL64:
1445:Drivers/STM32F7xx_HAL_Driver/Src/stm32f7xx_hal_pcd.c ****   }
 757              		.loc 1 1445 5 is_stmt 0 view .LVU231
 758 000a 4FF48012 		mov	r2, #1048576
 759 000e 5A61     		str	r2, [r3, #20]
 760              	.LVL65:
1447:Drivers/STM32F7xx_HAL_Driver/Src/stm32f7xx_hal_pcd.c **** #endif /* defined (USB_OTG_FS) || defined (USB_OTG_HS) */
 761              		.loc 1 1447 1 view .LVU232
 762 0010 7047     		bx	lr
 763              	.LVL66:
 764              	.L55:
1439:Drivers/STM32F7xx_HAL_Driver/Src/stm32f7xx_hal_pcd.c ****   }
 765              		.loc 1 1439 5 is_stmt 1 view .LVU233
 766 0012 024B     		ldr	r3, .L56
 767              	.LVL67:
1439:Drivers/STM32F7xx_HAL_Driver/Src/stm32f7xx_hal_pcd.c ****   }
 768              		.loc 1 1439 5 is_stmt 0 view .LVU234
 769 0014 4FF48022 		mov	r2, #262144
 770 0018 5A61     		str	r2, [r3, #20]
 771              	.LVL68:
1439:Drivers/STM32F7xx_HAL_Driver/Src/stm32f7xx_hal_pcd.c ****   }
 772              		.loc 1 1439 5 view .LVU235
 773 001a 7047     		bx	lr
 774              	.L57:
 775              		.align	2
 776              	.L56:
 777 001c 003C0140 		.word	1073822720
 778              		.cfi_endproc
 779              	.LFE148:
 781              		.section	.text.HAL_PCD_DataOutStageCallback,"ax",%progbits
 782              		.align	1
 783              		.weak	HAL_PCD_DataOutStageCallback
 784              		.syntax unified
 785              		.thumb
 786              		.thumb_func
 788              	HAL_PCD_DataOutStageCallback:
 789              	.LVL69:
 790              	.LFB149:
1458:Drivers/STM32F7xx_HAL_Driver/Src/stm32f7xx_hal_pcd.c ****   /* Prevent unused argument(s) compilation warning */
 791              		.loc 1 1458 1 is_stmt 1 view -0
 792              		.cfi_startproc
 793              		@ args = 0, pretend = 0, frame = 0
 794              		@ frame_needed = 0, uses_anonymous_args = 0
ARM GAS  /tmp/cciuNOwn.s 			page 55


 795              		@ link register save eliminated.
1460:Drivers/STM32F7xx_HAL_Driver/Src/stm32f7xx_hal_pcd.c ****   UNUSED(epnum);
 796              		.loc 1 1460 3 view .LVU237
1461:Drivers/STM32F7xx_HAL_Driver/Src/stm32f7xx_hal_pcd.c **** 
 797              		.loc 1 1461 3 view .LVU238
1466:Drivers/STM32F7xx_HAL_Driver/Src/stm32f7xx_hal_pcd.c **** 
 798              		.loc 1 1466 1 is_stmt 0 view .LVU239
 799 0000 7047     		bx	lr
 800              		.cfi_endproc
 801              	.LFE149:
 803              		.section	.text.PCD_EP_OutXfrComplete_int,"ax",%progbits
 804              		.align	1
 805              		.syntax unified
 806              		.thumb
 807              		.thumb_func
 809              	PCD_EP_OutXfrComplete_int:
 810              	.LVL70:
 811              	.LFB177:
2113:Drivers/STM32F7xx_HAL_Driver/Src/stm32f7xx_hal_pcd.c **** 
2114:Drivers/STM32F7xx_HAL_Driver/Src/stm32f7xx_hal_pcd.c **** 
2115:Drivers/STM32F7xx_HAL_Driver/Src/stm32f7xx_hal_pcd.c **** /**
2116:Drivers/STM32F7xx_HAL_Driver/Src/stm32f7xx_hal_pcd.c ****   * @brief  process EP OUT transfer complete interrupt.
2117:Drivers/STM32F7xx_HAL_Driver/Src/stm32f7xx_hal_pcd.c ****   * @param  hpcd PCD handle
2118:Drivers/STM32F7xx_HAL_Driver/Src/stm32f7xx_hal_pcd.c ****   * @param  epnum endpoint number
2119:Drivers/STM32F7xx_HAL_Driver/Src/stm32f7xx_hal_pcd.c ****   * @retval HAL status
2120:Drivers/STM32F7xx_HAL_Driver/Src/stm32f7xx_hal_pcd.c ****   */
2121:Drivers/STM32F7xx_HAL_Driver/Src/stm32f7xx_hal_pcd.c **** static HAL_StatusTypeDef PCD_EP_OutXfrComplete_int(PCD_HandleTypeDef *hpcd, uint32_t epnum)
2122:Drivers/STM32F7xx_HAL_Driver/Src/stm32f7xx_hal_pcd.c **** {
 812              		.loc 1 2122 1 is_stmt 1 view -0
 813              		.cfi_startproc
 814              		@ args = 0, pretend = 0, frame = 0
 815              		@ frame_needed = 0, uses_anonymous_args = 0
 816              		.loc 1 2122 1 is_stmt 0 view .LVU241
 817 0000 70B5     		push	{r4, r5, r6, lr}
 818              	.LCFI13:
 819              		.cfi_def_cfa_offset 16
 820              		.cfi_offset 4, -16
 821              		.cfi_offset 5, -12
 822              		.cfi_offset 6, -8
 823              		.cfi_offset 14, -4
 824 0002 0446     		mov	r4, r0
 825 0004 0D46     		mov	r5, r1
2123:Drivers/STM32F7xx_HAL_Driver/Src/stm32f7xx_hal_pcd.c ****   USB_OTG_EPTypeDef *ep;
 826              		.loc 1 2123 3 is_stmt 1 view .LVU242
2124:Drivers/STM32F7xx_HAL_Driver/Src/stm32f7xx_hal_pcd.c ****   const USB_OTG_GlobalTypeDef *USBx = hpcd->Instance;
 827              		.loc 1 2124 3 view .LVU243
 828              		.loc 1 2124 32 is_stmt 0 view .LVU244
 829 0006 0068     		ldr	r0, [r0]
 830              	.LVL71:
2125:Drivers/STM32F7xx_HAL_Driver/Src/stm32f7xx_hal_pcd.c ****   uint32_t USBx_BASE = (uint32_t)USBx;
 831              		.loc 1 2125 3 is_stmt 1 view .LVU245
2126:Drivers/STM32F7xx_HAL_Driver/Src/stm32f7xx_hal_pcd.c ****   uint32_t gSNPSiD = *(__IO const uint32_t *)(&USBx->CID + 0x1U);
 832              		.loc 1 2126 3 view .LVU246
 833              		.loc 1 2126 12 is_stmt 0 view .LVU247
 834 0008 066C     		ldr	r6, [r0, #64]
 835              	.LVL72:
2127:Drivers/STM32F7xx_HAL_Driver/Src/stm32f7xx_hal_pcd.c ****   uint32_t DoepintReg = USBx_OUTEP(epnum)->DOEPINT;
ARM GAS  /tmp/cciuNOwn.s 			page 56


 836              		.loc 1 2127 3 is_stmt 1 view .LVU248
 837              		.loc 1 2127 25 is_stmt 0 view .LVU249
 838 000a 00EB4113 		add	r3, r0, r1, lsl #5
 839 000e 03F53063 		add	r3, r3, #2816
 840              		.loc 1 2127 12 view .LVU250
 841 0012 9A68     		ldr	r2, [r3, #8]
 842              	.LVL73:
2128:Drivers/STM32F7xx_HAL_Driver/Src/stm32f7xx_hal_pcd.c **** 
2129:Drivers/STM32F7xx_HAL_Driver/Src/stm32f7xx_hal_pcd.c ****   if (hpcd->Init.dma_enable == 1U)
 843              		.loc 1 2129 3 is_stmt 1 view .LVU251
 844              		.loc 1 2129 17 is_stmt 0 view .LVU252
 845 0014 A179     		ldrb	r1, [r4, #6]	@ zero_extendqisi2
 846              	.LVL74:
 847              		.loc 1 2129 6 view .LVU253
 848 0016 0129     		cmp	r1, #1
 849 0018 11D0     		beq	.L72
2130:Drivers/STM32F7xx_HAL_Driver/Src/stm32f7xx_hal_pcd.c ****   {
2131:Drivers/STM32F7xx_HAL_Driver/Src/stm32f7xx_hal_pcd.c ****     if ((DoepintReg & USB_OTG_DOEPINT_STUP) == USB_OTG_DOEPINT_STUP) /* Class C */
2132:Drivers/STM32F7xx_HAL_Driver/Src/stm32f7xx_hal_pcd.c ****     {
2133:Drivers/STM32F7xx_HAL_Driver/Src/stm32f7xx_hal_pcd.c ****       /* StupPktRcvd = 1 this is a setup packet */
2134:Drivers/STM32F7xx_HAL_Driver/Src/stm32f7xx_hal_pcd.c ****       if ((gSNPSiD > USB_OTG_CORE_ID_300A) &&
2135:Drivers/STM32F7xx_HAL_Driver/Src/stm32f7xx_hal_pcd.c ****           ((DoepintReg & USB_OTG_DOEPINT_STPKTRX) == USB_OTG_DOEPINT_STPKTRX))
2136:Drivers/STM32F7xx_HAL_Driver/Src/stm32f7xx_hal_pcd.c ****       {
2137:Drivers/STM32F7xx_HAL_Driver/Src/stm32f7xx_hal_pcd.c ****         CLEAR_OUT_EP_INTR(epnum, USB_OTG_DOEPINT_STPKTRX);
2138:Drivers/STM32F7xx_HAL_Driver/Src/stm32f7xx_hal_pcd.c ****       }
2139:Drivers/STM32F7xx_HAL_Driver/Src/stm32f7xx_hal_pcd.c ****     }
2140:Drivers/STM32F7xx_HAL_Driver/Src/stm32f7xx_hal_pcd.c ****     else if ((DoepintReg & USB_OTG_DOEPINT_OTEPSPR) == USB_OTG_DOEPINT_OTEPSPR) /* Class E */
2141:Drivers/STM32F7xx_HAL_Driver/Src/stm32f7xx_hal_pcd.c ****     {
2142:Drivers/STM32F7xx_HAL_Driver/Src/stm32f7xx_hal_pcd.c ****       CLEAR_OUT_EP_INTR(epnum, USB_OTG_DOEPINT_OTEPSPR);
2143:Drivers/STM32F7xx_HAL_Driver/Src/stm32f7xx_hal_pcd.c ****     }
2144:Drivers/STM32F7xx_HAL_Driver/Src/stm32f7xx_hal_pcd.c ****     else if ((DoepintReg & (USB_OTG_DOEPINT_STUP | USB_OTG_DOEPINT_OTEPSPR)) == 0U)
2145:Drivers/STM32F7xx_HAL_Driver/Src/stm32f7xx_hal_pcd.c ****     {
2146:Drivers/STM32F7xx_HAL_Driver/Src/stm32f7xx_hal_pcd.c ****       /* StupPktRcvd = 1 this is a setup packet */
2147:Drivers/STM32F7xx_HAL_Driver/Src/stm32f7xx_hal_pcd.c ****       if ((gSNPSiD > USB_OTG_CORE_ID_300A) &&
2148:Drivers/STM32F7xx_HAL_Driver/Src/stm32f7xx_hal_pcd.c ****           ((DoepintReg & USB_OTG_DOEPINT_STPKTRX) == USB_OTG_DOEPINT_STPKTRX))
2149:Drivers/STM32F7xx_HAL_Driver/Src/stm32f7xx_hal_pcd.c ****       {
2150:Drivers/STM32F7xx_HAL_Driver/Src/stm32f7xx_hal_pcd.c ****         CLEAR_OUT_EP_INTR(epnum, USB_OTG_DOEPINT_STPKTRX);
2151:Drivers/STM32F7xx_HAL_Driver/Src/stm32f7xx_hal_pcd.c ****       }
2152:Drivers/STM32F7xx_HAL_Driver/Src/stm32f7xx_hal_pcd.c ****       else
2153:Drivers/STM32F7xx_HAL_Driver/Src/stm32f7xx_hal_pcd.c ****       {
2154:Drivers/STM32F7xx_HAL_Driver/Src/stm32f7xx_hal_pcd.c ****         ep = &hpcd->OUT_ep[epnum];
2155:Drivers/STM32F7xx_HAL_Driver/Src/stm32f7xx_hal_pcd.c **** 
2156:Drivers/STM32F7xx_HAL_Driver/Src/stm32f7xx_hal_pcd.c ****         /* out data packet received over EP */
2157:Drivers/STM32F7xx_HAL_Driver/Src/stm32f7xx_hal_pcd.c ****         ep->xfer_count = ep->xfer_size - (USBx_OUTEP(epnum)->DOEPTSIZ & USB_OTG_DOEPTSIZ_XFRSIZ);
2158:Drivers/STM32F7xx_HAL_Driver/Src/stm32f7xx_hal_pcd.c **** 
2159:Drivers/STM32F7xx_HAL_Driver/Src/stm32f7xx_hal_pcd.c ****         if (epnum == 0U)
2160:Drivers/STM32F7xx_HAL_Driver/Src/stm32f7xx_hal_pcd.c ****         {
2161:Drivers/STM32F7xx_HAL_Driver/Src/stm32f7xx_hal_pcd.c ****           if (ep->xfer_len == 0U)
2162:Drivers/STM32F7xx_HAL_Driver/Src/stm32f7xx_hal_pcd.c ****           {
2163:Drivers/STM32F7xx_HAL_Driver/Src/stm32f7xx_hal_pcd.c ****             /* this is ZLP, so prepare EP0 for next setup */
2164:Drivers/STM32F7xx_HAL_Driver/Src/stm32f7xx_hal_pcd.c ****             (void)USB_EP0_OutStart(hpcd->Instance, 1U, (uint8_t *)hpcd->Setup);
2165:Drivers/STM32F7xx_HAL_Driver/Src/stm32f7xx_hal_pcd.c ****           }
2166:Drivers/STM32F7xx_HAL_Driver/Src/stm32f7xx_hal_pcd.c ****           else
2167:Drivers/STM32F7xx_HAL_Driver/Src/stm32f7xx_hal_pcd.c ****           {
2168:Drivers/STM32F7xx_HAL_Driver/Src/stm32f7xx_hal_pcd.c ****             ep->xfer_buff += ep->xfer_count;
2169:Drivers/STM32F7xx_HAL_Driver/Src/stm32f7xx_hal_pcd.c ****           }
2170:Drivers/STM32F7xx_HAL_Driver/Src/stm32f7xx_hal_pcd.c ****         }
ARM GAS  /tmp/cciuNOwn.s 			page 57


2171:Drivers/STM32F7xx_HAL_Driver/Src/stm32f7xx_hal_pcd.c **** 
2172:Drivers/STM32F7xx_HAL_Driver/Src/stm32f7xx_hal_pcd.c **** #if (USE_HAL_PCD_REGISTER_CALLBACKS == 1U)
2173:Drivers/STM32F7xx_HAL_Driver/Src/stm32f7xx_hal_pcd.c ****         hpcd->DataOutStageCallback(hpcd, (uint8_t)epnum);
2174:Drivers/STM32F7xx_HAL_Driver/Src/stm32f7xx_hal_pcd.c **** #else
2175:Drivers/STM32F7xx_HAL_Driver/Src/stm32f7xx_hal_pcd.c ****         HAL_PCD_DataOutStageCallback(hpcd, (uint8_t)epnum);
2176:Drivers/STM32F7xx_HAL_Driver/Src/stm32f7xx_hal_pcd.c **** #endif /* USE_HAL_PCD_REGISTER_CALLBACKS */
2177:Drivers/STM32F7xx_HAL_Driver/Src/stm32f7xx_hal_pcd.c ****       }
2178:Drivers/STM32F7xx_HAL_Driver/Src/stm32f7xx_hal_pcd.c ****     }
2179:Drivers/STM32F7xx_HAL_Driver/Src/stm32f7xx_hal_pcd.c ****     else
2180:Drivers/STM32F7xx_HAL_Driver/Src/stm32f7xx_hal_pcd.c ****     {
2181:Drivers/STM32F7xx_HAL_Driver/Src/stm32f7xx_hal_pcd.c ****       /* ... */
2182:Drivers/STM32F7xx_HAL_Driver/Src/stm32f7xx_hal_pcd.c ****     }
2183:Drivers/STM32F7xx_HAL_Driver/Src/stm32f7xx_hal_pcd.c ****   }
2184:Drivers/STM32F7xx_HAL_Driver/Src/stm32f7xx_hal_pcd.c ****   else
2185:Drivers/STM32F7xx_HAL_Driver/Src/stm32f7xx_hal_pcd.c ****   {
2186:Drivers/STM32F7xx_HAL_Driver/Src/stm32f7xx_hal_pcd.c ****     if (gSNPSiD == USB_OTG_CORE_ID_310A)
 850              		.loc 1 2186 5 is_stmt 1 view .LVU254
 851              		.loc 1 2186 8 is_stmt 0 view .LVU255
 852 001a 3849     		ldr	r1, .L76
 853 001c 8E42     		cmp	r6, r1
 854 001e 56D0     		beq	.L73
2187:Drivers/STM32F7xx_HAL_Driver/Src/stm32f7xx_hal_pcd.c ****     {
2188:Drivers/STM32F7xx_HAL_Driver/Src/stm32f7xx_hal_pcd.c ****       /* StupPktRcvd = 1 this is a setup packet */
2189:Drivers/STM32F7xx_HAL_Driver/Src/stm32f7xx_hal_pcd.c ****       if ((DoepintReg & USB_OTG_DOEPINT_STPKTRX) == USB_OTG_DOEPINT_STPKTRX)
2190:Drivers/STM32F7xx_HAL_Driver/Src/stm32f7xx_hal_pcd.c ****       {
2191:Drivers/STM32F7xx_HAL_Driver/Src/stm32f7xx_hal_pcd.c ****         CLEAR_OUT_EP_INTR(epnum, USB_OTG_DOEPINT_STPKTRX);
2192:Drivers/STM32F7xx_HAL_Driver/Src/stm32f7xx_hal_pcd.c ****       }
2193:Drivers/STM32F7xx_HAL_Driver/Src/stm32f7xx_hal_pcd.c ****       else
2194:Drivers/STM32F7xx_HAL_Driver/Src/stm32f7xx_hal_pcd.c ****       {
2195:Drivers/STM32F7xx_HAL_Driver/Src/stm32f7xx_hal_pcd.c ****         if ((DoepintReg & USB_OTG_DOEPINT_OTEPSPR) == USB_OTG_DOEPINT_OTEPSPR)
2196:Drivers/STM32F7xx_HAL_Driver/Src/stm32f7xx_hal_pcd.c ****         {
2197:Drivers/STM32F7xx_HAL_Driver/Src/stm32f7xx_hal_pcd.c ****           CLEAR_OUT_EP_INTR(epnum, USB_OTG_DOEPINT_OTEPSPR);
2198:Drivers/STM32F7xx_HAL_Driver/Src/stm32f7xx_hal_pcd.c ****         }
2199:Drivers/STM32F7xx_HAL_Driver/Src/stm32f7xx_hal_pcd.c **** 
2200:Drivers/STM32F7xx_HAL_Driver/Src/stm32f7xx_hal_pcd.c **** #if (USE_HAL_PCD_REGISTER_CALLBACKS == 1U)
2201:Drivers/STM32F7xx_HAL_Driver/Src/stm32f7xx_hal_pcd.c ****         hpcd->DataOutStageCallback(hpcd, (uint8_t)epnum);
2202:Drivers/STM32F7xx_HAL_Driver/Src/stm32f7xx_hal_pcd.c **** #else
2203:Drivers/STM32F7xx_HAL_Driver/Src/stm32f7xx_hal_pcd.c ****         HAL_PCD_DataOutStageCallback(hpcd, (uint8_t)epnum);
2204:Drivers/STM32F7xx_HAL_Driver/Src/stm32f7xx_hal_pcd.c **** #endif /* USE_HAL_PCD_REGISTER_CALLBACKS */
2205:Drivers/STM32F7xx_HAL_Driver/Src/stm32f7xx_hal_pcd.c ****       }
2206:Drivers/STM32F7xx_HAL_Driver/Src/stm32f7xx_hal_pcd.c ****     }
2207:Drivers/STM32F7xx_HAL_Driver/Src/stm32f7xx_hal_pcd.c ****     else
2208:Drivers/STM32F7xx_HAL_Driver/Src/stm32f7xx_hal_pcd.c ****     {
2209:Drivers/STM32F7xx_HAL_Driver/Src/stm32f7xx_hal_pcd.c ****       if ((epnum == 0U) && (hpcd->OUT_ep[epnum].xfer_len == 0U))
 855              		.loc 1 2209 7 is_stmt 1 view .LVU256
 856              		.loc 1 2209 10 is_stmt 0 view .LVU257
 857 0020 3DB9     		cbnz	r5, .L70
 858              		.loc 1 2209 48 discriminator 1 view .LVU258
 859 0022 05EBC503 		add	r3, r5, r5, lsl #3
 860 0026 04EB8303 		add	r3, r4, r3, lsl #2
 861 002a D3F86432 		ldr	r3, [r3, #612]
 862              		.loc 1 2209 25 discriminator 1 view .LVU259
 863 002e 002B     		cmp	r3, #0
 864 0030 5ED0     		beq	.L74
 865              	.LVL75:
 866              	.L70:
2210:Drivers/STM32F7xx_HAL_Driver/Src/stm32f7xx_hal_pcd.c ****       {
ARM GAS  /tmp/cciuNOwn.s 			page 58


2211:Drivers/STM32F7xx_HAL_Driver/Src/stm32f7xx_hal_pcd.c ****         /* this is ZLP, so prepare EP0 for next setup */
2212:Drivers/STM32F7xx_HAL_Driver/Src/stm32f7xx_hal_pcd.c ****         (void)USB_EP0_OutStart(hpcd->Instance, 0U, (uint8_t *)hpcd->Setup);
2213:Drivers/STM32F7xx_HAL_Driver/Src/stm32f7xx_hal_pcd.c ****       }
2214:Drivers/STM32F7xx_HAL_Driver/Src/stm32f7xx_hal_pcd.c **** 
2215:Drivers/STM32F7xx_HAL_Driver/Src/stm32f7xx_hal_pcd.c **** #if (USE_HAL_PCD_REGISTER_CALLBACKS == 1U)
2216:Drivers/STM32F7xx_HAL_Driver/Src/stm32f7xx_hal_pcd.c ****       hpcd->DataOutStageCallback(hpcd, (uint8_t)epnum);
2217:Drivers/STM32F7xx_HAL_Driver/Src/stm32f7xx_hal_pcd.c **** #else
2218:Drivers/STM32F7xx_HAL_Driver/Src/stm32f7xx_hal_pcd.c ****       HAL_PCD_DataOutStageCallback(hpcd, (uint8_t)epnum);
 867              		.loc 1 2218 7 is_stmt 1 view .LVU260
 868 0032 E9B2     		uxtb	r1, r5
 869 0034 2046     		mov	r0, r4
 870 0036 FFF7FEFF 		bl	HAL_PCD_DataOutStageCallback
 871              	.LVL76:
 872              	.L62:
2219:Drivers/STM32F7xx_HAL_Driver/Src/stm32f7xx_hal_pcd.c **** #endif /* USE_HAL_PCD_REGISTER_CALLBACKS */
2220:Drivers/STM32F7xx_HAL_Driver/Src/stm32f7xx_hal_pcd.c ****     }
2221:Drivers/STM32F7xx_HAL_Driver/Src/stm32f7xx_hal_pcd.c ****   }
2222:Drivers/STM32F7xx_HAL_Driver/Src/stm32f7xx_hal_pcd.c **** 
2223:Drivers/STM32F7xx_HAL_Driver/Src/stm32f7xx_hal_pcd.c ****   return HAL_OK;
 873              		.loc 1 2223 3 view .LVU261
2224:Drivers/STM32F7xx_HAL_Driver/Src/stm32f7xx_hal_pcd.c **** }
 874              		.loc 1 2224 1 is_stmt 0 view .LVU262
 875 003a 0020     		movs	r0, #0
 876 003c 70BD     		pop	{r4, r5, r6, pc}
 877              	.LVL77:
 878              	.L72:
2131:Drivers/STM32F7xx_HAL_Driver/Src/stm32f7xx_hal_pcd.c ****     {
 879              		.loc 1 2131 5 is_stmt 1 view .LVU263
2131:Drivers/STM32F7xx_HAL_Driver/Src/stm32f7xx_hal_pcd.c ****     {
 880              		.loc 1 2131 8 is_stmt 0 view .LVU264
 881 003e 12F0080F 		tst	r2, #8
 882 0042 09D0     		beq	.L61
2134:Drivers/STM32F7xx_HAL_Driver/Src/stm32f7xx_hal_pcd.c ****           ((DoepintReg & USB_OTG_DOEPINT_STPKTRX) == USB_OTG_DOEPINT_STPKTRX))
 883              		.loc 1 2134 7 is_stmt 1 view .LVU265
2134:Drivers/STM32F7xx_HAL_Driver/Src/stm32f7xx_hal_pcd.c ****           ((DoepintReg & USB_OTG_DOEPINT_STPKTRX) == USB_OTG_DOEPINT_STPKTRX))
 884              		.loc 1 2134 10 is_stmt 0 view .LVU266
 885 0044 2E49     		ldr	r1, .L76+4
 886 0046 8E42     		cmp	r6, r1
 887 0048 F7D9     		bls	.L62
2134:Drivers/STM32F7xx_HAL_Driver/Src/stm32f7xx_hal_pcd.c ****           ((DoepintReg & USB_OTG_DOEPINT_STPKTRX) == USB_OTG_DOEPINT_STPKTRX))
 888              		.loc 1 2134 44 discriminator 1 view .LVU267
 889 004a 12F4004F 		tst	r2, #32768
 890 004e F4D0     		beq	.L62
2137:Drivers/STM32F7xx_HAL_Driver/Src/stm32f7xx_hal_pcd.c ****       }
 891              		.loc 1 2137 9 is_stmt 1 view .LVU268
 892 0050 4FF40042 		mov	r2, #32768
 893              	.LVL78:
2137:Drivers/STM32F7xx_HAL_Driver/Src/stm32f7xx_hal_pcd.c ****       }
 894              		.loc 1 2137 9 is_stmt 0 view .LVU269
 895 0054 9A60     		str	r2, [r3, #8]
 896 0056 F0E7     		b	.L62
 897              	.LVL79:
 898              	.L61:
2140:Drivers/STM32F7xx_HAL_Driver/Src/stm32f7xx_hal_pcd.c ****     {
 899              		.loc 1 2140 10 is_stmt 1 view .LVU270
2140:Drivers/STM32F7xx_HAL_Driver/Src/stm32f7xx_hal_pcd.c ****     {
 900              		.loc 1 2140 13 is_stmt 0 view .LVU271
ARM GAS  /tmp/cciuNOwn.s 			page 59


 901 0058 12F0200F 		tst	r2, #32
 902 005c 02D0     		beq	.L63
2142:Drivers/STM32F7xx_HAL_Driver/Src/stm32f7xx_hal_pcd.c ****     }
 903              		.loc 1 2142 7 is_stmt 1 view .LVU272
 904 005e 2022     		movs	r2, #32
 905              	.LVL80:
2142:Drivers/STM32F7xx_HAL_Driver/Src/stm32f7xx_hal_pcd.c ****     }
 906              		.loc 1 2142 7 is_stmt 0 view .LVU273
 907 0060 9A60     		str	r2, [r3, #8]
 908 0062 EAE7     		b	.L62
 909              	.LVL81:
 910              	.L63:
2144:Drivers/STM32F7xx_HAL_Driver/Src/stm32f7xx_hal_pcd.c ****     {
 911              		.loc 1 2144 10 is_stmt 1 view .LVU274
2144:Drivers/STM32F7xx_HAL_Driver/Src/stm32f7xx_hal_pcd.c ****     {
 912              		.loc 1 2144 13 is_stmt 0 view .LVU275
 913 0064 12F0280F 		tst	r2, #40
 914 0068 E7D1     		bne	.L62
2147:Drivers/STM32F7xx_HAL_Driver/Src/stm32f7xx_hal_pcd.c ****           ((DoepintReg & USB_OTG_DOEPINT_STPKTRX) == USB_OTG_DOEPINT_STPKTRX))
 915              		.loc 1 2147 7 is_stmt 1 view .LVU276
2147:Drivers/STM32F7xx_HAL_Driver/Src/stm32f7xx_hal_pcd.c ****           ((DoepintReg & USB_OTG_DOEPINT_STPKTRX) == USB_OTG_DOEPINT_STPKTRX))
 916              		.loc 1 2147 10 is_stmt 0 view .LVU277
 917 006a 2549     		ldr	r1, .L76+4
 918 006c 8E42     		cmp	r6, r1
 919 006e 06D9     		bls	.L64
2147:Drivers/STM32F7xx_HAL_Driver/Src/stm32f7xx_hal_pcd.c ****           ((DoepintReg & USB_OTG_DOEPINT_STPKTRX) == USB_OTG_DOEPINT_STPKTRX))
 920              		.loc 1 2147 44 discriminator 1 view .LVU278
 921 0070 12F4004F 		tst	r2, #32768
 922 0074 03D0     		beq	.L64
2150:Drivers/STM32F7xx_HAL_Driver/Src/stm32f7xx_hal_pcd.c ****       }
 923              		.loc 1 2150 9 is_stmt 1 view .LVU279
 924 0076 4FF40042 		mov	r2, #32768
 925              	.LVL82:
2150:Drivers/STM32F7xx_HAL_Driver/Src/stm32f7xx_hal_pcd.c ****       }
 926              		.loc 1 2150 9 is_stmt 0 view .LVU280
 927 007a 9A60     		str	r2, [r3, #8]
 928 007c DDE7     		b	.L62
 929              	.LVL83:
 930              	.L64:
2154:Drivers/STM32F7xx_HAL_Driver/Src/stm32f7xx_hal_pcd.c **** 
 931              		.loc 1 2154 9 is_stmt 1 view .LVU281
2157:Drivers/STM32F7xx_HAL_Driver/Src/stm32f7xx_hal_pcd.c **** 
 932              		.loc 1 2157 9 view .LVU282
2157:Drivers/STM32F7xx_HAL_Driver/Src/stm32f7xx_hal_pcd.c **** 
 933              		.loc 1 2157 28 is_stmt 0 view .LVU283
 934 007e 05EBC502 		add	r2, r5, r5, lsl #3
 935              	.LVL84:
2157:Drivers/STM32F7xx_HAL_Driver/Src/stm32f7xx_hal_pcd.c **** 
 936              		.loc 1 2157 28 view .LVU284
 937 0082 04EB8202 		add	r2, r4, r2, lsl #2
 938 0086 D2F87412 		ldr	r1, [r2, #628]
2157:Drivers/STM32F7xx_HAL_Driver/Src/stm32f7xx_hal_pcd.c **** 
 939              		.loc 1 2157 60 view .LVU285
 940 008a 1B69     		ldr	r3, [r3, #16]
2157:Drivers/STM32F7xx_HAL_Driver/Src/stm32f7xx_hal_pcd.c **** 
 941              		.loc 1 2157 71 view .LVU286
 942 008c C3F31203 		ubfx	r3, r3, #0, #19
ARM GAS  /tmp/cciuNOwn.s 			page 60


2157:Drivers/STM32F7xx_HAL_Driver/Src/stm32f7xx_hal_pcd.c **** 
 943              		.loc 1 2157 40 view .LVU287
 944 0090 CB1A     		subs	r3, r1, r3
2157:Drivers/STM32F7xx_HAL_Driver/Src/stm32f7xx_hal_pcd.c **** 
 945              		.loc 1 2157 24 view .LVU288
 946 0092 C2F86832 		str	r3, [r2, #616]
2159:Drivers/STM32F7xx_HAL_Driver/Src/stm32f7xx_hal_pcd.c ****         {
 947              		.loc 1 2159 9 is_stmt 1 view .LVU289
2159:Drivers/STM32F7xx_HAL_Driver/Src/stm32f7xx_hal_pcd.c ****         {
 948              		.loc 1 2159 12 is_stmt 0 view .LVU290
 949 0096 7DB9     		cbnz	r5, .L65
2161:Drivers/STM32F7xx_HAL_Driver/Src/stm32f7xx_hal_pcd.c ****           {
 950              		.loc 1 2161 11 is_stmt 1 view .LVU291
2161:Drivers/STM32F7xx_HAL_Driver/Src/stm32f7xx_hal_pcd.c ****           {
 951              		.loc 1 2161 17 is_stmt 0 view .LVU292
 952 0098 05EBC502 		add	r2, r5, r5, lsl #3
 953 009c 04EB8202 		add	r2, r4, r2, lsl #2
 954 00a0 D2F86422 		ldr	r2, [r2, #612]
2161:Drivers/STM32F7xx_HAL_Driver/Src/stm32f7xx_hal_pcd.c ****           {
 955              		.loc 1 2161 14 view .LVU293
 956 00a4 6AB1     		cbz	r2, .L75
2168:Drivers/STM32F7xx_HAL_Driver/Src/stm32f7xx_hal_pcd.c ****           }
 957              		.loc 1 2168 13 is_stmt 1 view .LVU294
2168:Drivers/STM32F7xx_HAL_Driver/Src/stm32f7xx_hal_pcd.c ****           }
 958              		.loc 1 2168 15 is_stmt 0 view .LVU295
 959 00a6 05EBC502 		add	r2, r5, r5, lsl #3
 960 00aa 04EB8202 		add	r2, r4, r2, lsl #2
 961 00ae D2F86012 		ldr	r1, [r2, #608]
2168:Drivers/STM32F7xx_HAL_Driver/Src/stm32f7xx_hal_pcd.c ****           }
 962              		.loc 1 2168 27 view .LVU296
 963 00b2 1944     		add	r1, r1, r3
 964 00b4 C2F86012 		str	r1, [r2, #608]
 965              	.LVL85:
 966              	.L65:
2175:Drivers/STM32F7xx_HAL_Driver/Src/stm32f7xx_hal_pcd.c **** #endif /* USE_HAL_PCD_REGISTER_CALLBACKS */
 967              		.loc 1 2175 9 is_stmt 1 view .LVU297
 968 00b8 E9B2     		uxtb	r1, r5
 969 00ba 2046     		mov	r0, r4
 970 00bc FFF7FEFF 		bl	HAL_PCD_DataOutStageCallback
 971              	.LVL86:
 972 00c0 BBE7     		b	.L62
 973              	.LVL87:
 974              	.L75:
2164:Drivers/STM32F7xx_HAL_Driver/Src/stm32f7xx_hal_pcd.c ****           }
 975              		.loc 1 2164 13 view .LVU298
2164:Drivers/STM32F7xx_HAL_Driver/Src/stm32f7xx_hal_pcd.c ****           }
 976              		.loc 1 2164 19 is_stmt 0 view .LVU299
 977 00c2 04F29C42 		addw	r2, r4, #1180
 978 00c6 0121     		movs	r1, #1
 979 00c8 FFF7FEFF 		bl	USB_EP0_OutStart
 980              	.LVL88:
2164:Drivers/STM32F7xx_HAL_Driver/Src/stm32f7xx_hal_pcd.c ****           }
 981              		.loc 1 2164 19 view .LVU300
 982 00cc F4E7     		b	.L65
 983              	.LVL89:
 984              	.L73:
2189:Drivers/STM32F7xx_HAL_Driver/Src/stm32f7xx_hal_pcd.c ****       {
ARM GAS  /tmp/cciuNOwn.s 			page 61


 985              		.loc 1 2189 7 is_stmt 1 view .LVU301
2189:Drivers/STM32F7xx_HAL_Driver/Src/stm32f7xx_hal_pcd.c ****       {
 986              		.loc 1 2189 10 is_stmt 0 view .LVU302
 987 00ce 12F4004F 		tst	r2, #32768
 988 00d2 03D0     		beq	.L68
2191:Drivers/STM32F7xx_HAL_Driver/Src/stm32f7xx_hal_pcd.c ****       }
 989              		.loc 1 2191 9 is_stmt 1 view .LVU303
 990 00d4 4FF40042 		mov	r2, #32768
 991              	.LVL90:
2191:Drivers/STM32F7xx_HAL_Driver/Src/stm32f7xx_hal_pcd.c ****       }
 992              		.loc 1 2191 9 is_stmt 0 view .LVU304
 993 00d8 9A60     		str	r2, [r3, #8]
 994 00da AEE7     		b	.L62
 995              	.LVL91:
 996              	.L68:
2195:Drivers/STM32F7xx_HAL_Driver/Src/stm32f7xx_hal_pcd.c ****         {
 997              		.loc 1 2195 9 is_stmt 1 view .LVU305
2195:Drivers/STM32F7xx_HAL_Driver/Src/stm32f7xx_hal_pcd.c ****         {
 998              		.loc 1 2195 12 is_stmt 0 view .LVU306
 999 00dc 12F0200F 		tst	r2, #32
 1000 00e0 01D0     		beq	.L69
2197:Drivers/STM32F7xx_HAL_Driver/Src/stm32f7xx_hal_pcd.c ****         }
 1001              		.loc 1 2197 11 is_stmt 1 view .LVU307
 1002 00e2 2022     		movs	r2, #32
 1003              	.LVL92:
2197:Drivers/STM32F7xx_HAL_Driver/Src/stm32f7xx_hal_pcd.c ****         }
 1004              		.loc 1 2197 11 is_stmt 0 view .LVU308
 1005 00e4 9A60     		str	r2, [r3, #8]
 1006              	.L69:
2203:Drivers/STM32F7xx_HAL_Driver/Src/stm32f7xx_hal_pcd.c **** #endif /* USE_HAL_PCD_REGISTER_CALLBACKS */
 1007              		.loc 1 2203 9 is_stmt 1 view .LVU309
 1008 00e6 E9B2     		uxtb	r1, r5
 1009 00e8 2046     		mov	r0, r4
 1010              	.LVL93:
2203:Drivers/STM32F7xx_HAL_Driver/Src/stm32f7xx_hal_pcd.c **** #endif /* USE_HAL_PCD_REGISTER_CALLBACKS */
 1011              		.loc 1 2203 9 is_stmt 0 view .LVU310
 1012 00ea FFF7FEFF 		bl	HAL_PCD_DataOutStageCallback
 1013              	.LVL94:
 1014 00ee A4E7     		b	.L62
 1015              	.LVL95:
 1016              	.L74:
2212:Drivers/STM32F7xx_HAL_Driver/Src/stm32f7xx_hal_pcd.c ****       }
 1017              		.loc 1 2212 9 is_stmt 1 view .LVU311
2212:Drivers/STM32F7xx_HAL_Driver/Src/stm32f7xx_hal_pcd.c ****       }
 1018              		.loc 1 2212 15 is_stmt 0 view .LVU312
 1019 00f0 04F29C42 		addw	r2, r4, #1180
 1020              	.LVL96:
2212:Drivers/STM32F7xx_HAL_Driver/Src/stm32f7xx_hal_pcd.c ****       }
 1021              		.loc 1 2212 15 view .LVU313
 1022 00f4 0021     		movs	r1, #0
 1023 00f6 FFF7FEFF 		bl	USB_EP0_OutStart
 1024              	.LVL97:
2212:Drivers/STM32F7xx_HAL_Driver/Src/stm32f7xx_hal_pcd.c ****       }
 1025              		.loc 1 2212 15 view .LVU314
 1026 00fa 9AE7     		b	.L70
 1027              	.L77:
 1028              		.align	2
ARM GAS  /tmp/cciuNOwn.s 			page 62


 1029              	.L76:
 1030 00fc 0A31544F 		.word	1330917642
 1031 0100 0A30544F 		.word	1330917386
 1032              		.cfi_endproc
 1033              	.LFE177:
 1035              		.section	.text.HAL_PCD_DataInStageCallback,"ax",%progbits
 1036              		.align	1
 1037              		.weak	HAL_PCD_DataInStageCallback
 1038              		.syntax unified
 1039              		.thumb
 1040              		.thumb_func
 1042              	HAL_PCD_DataInStageCallback:
 1043              	.LVL98:
 1044              	.LFB150:
1475:Drivers/STM32F7xx_HAL_Driver/Src/stm32f7xx_hal_pcd.c ****   /* Prevent unused argument(s) compilation warning */
 1045              		.loc 1 1475 1 is_stmt 1 view -0
 1046              		.cfi_startproc
 1047              		@ args = 0, pretend = 0, frame = 0
 1048              		@ frame_needed = 0, uses_anonymous_args = 0
 1049              		@ link register save eliminated.
1477:Drivers/STM32F7xx_HAL_Driver/Src/stm32f7xx_hal_pcd.c ****   UNUSED(epnum);
 1050              		.loc 1 1477 3 view .LVU316
1478:Drivers/STM32F7xx_HAL_Driver/Src/stm32f7xx_hal_pcd.c **** 
 1051              		.loc 1 1478 3 view .LVU317
1483:Drivers/STM32F7xx_HAL_Driver/Src/stm32f7xx_hal_pcd.c **** /**
 1052              		.loc 1 1483 1 is_stmt 0 view .LVU318
 1053 0000 7047     		bx	lr
 1054              		.cfi_endproc
 1055              	.LFE150:
 1057              		.section	.text.HAL_PCD_SetupStageCallback,"ax",%progbits
 1058              		.align	1
 1059              		.weak	HAL_PCD_SetupStageCallback
 1060              		.syntax unified
 1061              		.thumb
 1062              		.thumb_func
 1064              	HAL_PCD_SetupStageCallback:
 1065              	.LVL99:
 1066              	.LFB151:
1490:Drivers/STM32F7xx_HAL_Driver/Src/stm32f7xx_hal_pcd.c ****   /* Prevent unused argument(s) compilation warning */
 1067              		.loc 1 1490 1 is_stmt 1 view -0
 1068              		.cfi_startproc
 1069              		@ args = 0, pretend = 0, frame = 0
 1070              		@ frame_needed = 0, uses_anonymous_args = 0
 1071              		@ link register save eliminated.
1492:Drivers/STM32F7xx_HAL_Driver/Src/stm32f7xx_hal_pcd.c **** 
 1072              		.loc 1 1492 3 view .LVU320
1497:Drivers/STM32F7xx_HAL_Driver/Src/stm32f7xx_hal_pcd.c **** 
 1073              		.loc 1 1497 1 is_stmt 0 view .LVU321
 1074 0000 7047     		bx	lr
 1075              		.cfi_endproc
 1076              	.LFE151:
 1078              		.section	.text.PCD_EP_OutSetupPacket_int,"ax",%progbits
 1079              		.align	1
 1080              		.syntax unified
 1081              		.thumb
 1082              		.thumb_func
 1084              	PCD_EP_OutSetupPacket_int:
ARM GAS  /tmp/cciuNOwn.s 			page 63


 1085              	.LVL100:
 1086              	.LFB178:
2225:Drivers/STM32F7xx_HAL_Driver/Src/stm32f7xx_hal_pcd.c **** 
2226:Drivers/STM32F7xx_HAL_Driver/Src/stm32f7xx_hal_pcd.c **** 
2227:Drivers/STM32F7xx_HAL_Driver/Src/stm32f7xx_hal_pcd.c **** /**
2228:Drivers/STM32F7xx_HAL_Driver/Src/stm32f7xx_hal_pcd.c ****   * @brief  process EP OUT setup packet received interrupt.
2229:Drivers/STM32F7xx_HAL_Driver/Src/stm32f7xx_hal_pcd.c ****   * @param  hpcd PCD handle
2230:Drivers/STM32F7xx_HAL_Driver/Src/stm32f7xx_hal_pcd.c ****   * @param  epnum endpoint number
2231:Drivers/STM32F7xx_HAL_Driver/Src/stm32f7xx_hal_pcd.c ****   * @retval HAL status
2232:Drivers/STM32F7xx_HAL_Driver/Src/stm32f7xx_hal_pcd.c ****   */
2233:Drivers/STM32F7xx_HAL_Driver/Src/stm32f7xx_hal_pcd.c **** static HAL_StatusTypeDef PCD_EP_OutSetupPacket_int(PCD_HandleTypeDef *hpcd, uint32_t epnum)
2234:Drivers/STM32F7xx_HAL_Driver/Src/stm32f7xx_hal_pcd.c **** {
 1087              		.loc 1 2234 1 is_stmt 1 view -0
 1088              		.cfi_startproc
 1089              		@ args = 0, pretend = 0, frame = 0
 1090              		@ frame_needed = 0, uses_anonymous_args = 0
 1091              		.loc 1 2234 1 is_stmt 0 view .LVU323
 1092 0000 38B5     		push	{r3, r4, r5, lr}
 1093              	.LCFI14:
 1094              		.cfi_def_cfa_offset 16
 1095              		.cfi_offset 3, -16
 1096              		.cfi_offset 4, -12
 1097              		.cfi_offset 5, -8
 1098              		.cfi_offset 14, -4
 1099 0002 0446     		mov	r4, r0
2235:Drivers/STM32F7xx_HAL_Driver/Src/stm32f7xx_hal_pcd.c ****   const USB_OTG_GlobalTypeDef *USBx = hpcd->Instance;
 1100              		.loc 1 2235 3 is_stmt 1 view .LVU324
 1101              		.loc 1 2235 32 is_stmt 0 view .LVU325
 1102 0004 0368     		ldr	r3, [r0]
 1103              	.LVL101:
2236:Drivers/STM32F7xx_HAL_Driver/Src/stm32f7xx_hal_pcd.c ****   uint32_t USBx_BASE = (uint32_t)USBx;
 1104              		.loc 1 2236 3 is_stmt 1 view .LVU326
2237:Drivers/STM32F7xx_HAL_Driver/Src/stm32f7xx_hal_pcd.c ****   uint32_t gSNPSiD = *(__IO const uint32_t *)(&USBx->CID + 0x1U);
 1105              		.loc 1 2237 3 view .LVU327
 1106              		.loc 1 2237 12 is_stmt 0 view .LVU328
 1107 0006 1D6C     		ldr	r5, [r3, #64]
 1108              	.LVL102:
2238:Drivers/STM32F7xx_HAL_Driver/Src/stm32f7xx_hal_pcd.c ****   uint32_t DoepintReg = USBx_OUTEP(epnum)->DOEPINT;
 1109              		.loc 1 2238 3 is_stmt 1 view .LVU329
 1110              		.loc 1 2238 25 is_stmt 0 view .LVU330
 1111 0008 03EB4113 		add	r3, r3, r1, lsl #5
 1112              	.LVL103:
 1113              		.loc 1 2238 12 view .LVU331
 1114 000c D3F8081B 		ldr	r1, [r3, #2824]
 1115              	.LVL104:
2239:Drivers/STM32F7xx_HAL_Driver/Src/stm32f7xx_hal_pcd.c **** 
2240:Drivers/STM32F7xx_HAL_Driver/Src/stm32f7xx_hal_pcd.c ****   if ((gSNPSiD > USB_OTG_CORE_ID_300A) &&
 1116              		.loc 1 2240 3 is_stmt 1 view .LVU332
 1117              		.loc 1 2240 6 is_stmt 0 view .LVU333
 1118 0010 0E4A     		ldr	r2, .L85
 1119 0012 9542     		cmp	r5, r2
 1120 0014 07D9     		bls	.L81
 1121 0016 03F53063 		add	r3, r3, #2816
 1122              		.loc 1 2240 40 discriminator 1 view .LVU334
 1123 001a 11F4004F 		tst	r1, #32768
 1124 001e 02D0     		beq	.L81
2241:Drivers/STM32F7xx_HAL_Driver/Src/stm32f7xx_hal_pcd.c ****       ((DoepintReg & USB_OTG_DOEPINT_STPKTRX) == USB_OTG_DOEPINT_STPKTRX))
ARM GAS  /tmp/cciuNOwn.s 			page 64


2242:Drivers/STM32F7xx_HAL_Driver/Src/stm32f7xx_hal_pcd.c ****   {
2243:Drivers/STM32F7xx_HAL_Driver/Src/stm32f7xx_hal_pcd.c ****     CLEAR_OUT_EP_INTR(epnum, USB_OTG_DOEPINT_STPKTRX);
 1125              		.loc 1 2243 5 is_stmt 1 view .LVU335
 1126 0020 4FF40042 		mov	r2, #32768
 1127 0024 9A60     		str	r2, [r3, #8]
 1128              	.LVL105:
 1129              	.L81:
2244:Drivers/STM32F7xx_HAL_Driver/Src/stm32f7xx_hal_pcd.c ****   }
2245:Drivers/STM32F7xx_HAL_Driver/Src/stm32f7xx_hal_pcd.c **** 
2246:Drivers/STM32F7xx_HAL_Driver/Src/stm32f7xx_hal_pcd.c ****   /* Inform the upper layer that a setup packet is available */
2247:Drivers/STM32F7xx_HAL_Driver/Src/stm32f7xx_hal_pcd.c **** #if (USE_HAL_PCD_REGISTER_CALLBACKS == 1U)
2248:Drivers/STM32F7xx_HAL_Driver/Src/stm32f7xx_hal_pcd.c ****   hpcd->SetupStageCallback(hpcd);
2249:Drivers/STM32F7xx_HAL_Driver/Src/stm32f7xx_hal_pcd.c **** #else
2250:Drivers/STM32F7xx_HAL_Driver/Src/stm32f7xx_hal_pcd.c ****   HAL_PCD_SetupStageCallback(hpcd);
 1130              		.loc 1 2250 3 view .LVU336
 1131 0026 2046     		mov	r0, r4
 1132              	.LVL106:
 1133              		.loc 1 2250 3 is_stmt 0 view .LVU337
 1134 0028 FFF7FEFF 		bl	HAL_PCD_SetupStageCallback
 1135              	.LVL107:
2251:Drivers/STM32F7xx_HAL_Driver/Src/stm32f7xx_hal_pcd.c **** #endif /* USE_HAL_PCD_REGISTER_CALLBACKS */
2252:Drivers/STM32F7xx_HAL_Driver/Src/stm32f7xx_hal_pcd.c **** 
2253:Drivers/STM32F7xx_HAL_Driver/Src/stm32f7xx_hal_pcd.c ****   if ((gSNPSiD > USB_OTG_CORE_ID_300A) && (hpcd->Init.dma_enable == 1U))
 1136              		.loc 1 2253 3 is_stmt 1 view .LVU338
 1137              		.loc 1 2253 6 is_stmt 0 view .LVU339
 1138 002c 074B     		ldr	r3, .L85
 1139 002e 9D42     		cmp	r5, r3
 1140 0030 02D9     		bls	.L82
 1141              		.loc 1 2253 54 discriminator 1 view .LVU340
 1142 0032 A379     		ldrb	r3, [r4, #6]	@ zero_extendqisi2
 1143              		.loc 1 2253 40 discriminator 1 view .LVU341
 1144 0034 012B     		cmp	r3, #1
 1145 0036 01D0     		beq	.L84
 1146              	.L82:
2254:Drivers/STM32F7xx_HAL_Driver/Src/stm32f7xx_hal_pcd.c ****   {
2255:Drivers/STM32F7xx_HAL_Driver/Src/stm32f7xx_hal_pcd.c ****     (void)USB_EP0_OutStart(hpcd->Instance, 1U, (uint8_t *)hpcd->Setup);
2256:Drivers/STM32F7xx_HAL_Driver/Src/stm32f7xx_hal_pcd.c ****   }
2257:Drivers/STM32F7xx_HAL_Driver/Src/stm32f7xx_hal_pcd.c **** 
2258:Drivers/STM32F7xx_HAL_Driver/Src/stm32f7xx_hal_pcd.c ****   return HAL_OK;
 1147              		.loc 1 2258 3 is_stmt 1 view .LVU342
2259:Drivers/STM32F7xx_HAL_Driver/Src/stm32f7xx_hal_pcd.c **** }
 1148              		.loc 1 2259 1 is_stmt 0 view .LVU343
 1149 0038 0020     		movs	r0, #0
 1150 003a 38BD     		pop	{r3, r4, r5, pc}
 1151              	.LVL108:
 1152              	.L84:
2255:Drivers/STM32F7xx_HAL_Driver/Src/stm32f7xx_hal_pcd.c ****   }
 1153              		.loc 1 2255 5 is_stmt 1 view .LVU344
2255:Drivers/STM32F7xx_HAL_Driver/Src/stm32f7xx_hal_pcd.c ****   }
 1154              		.loc 1 2255 11 is_stmt 0 view .LVU345
 1155 003c 04F29C42 		addw	r2, r4, #1180
 1156 0040 0121     		movs	r1, #1
 1157 0042 2068     		ldr	r0, [r4]
 1158 0044 FFF7FEFF 		bl	USB_EP0_OutStart
 1159              	.LVL109:
 1160 0048 F6E7     		b	.L82
 1161              	.L86:
ARM GAS  /tmp/cciuNOwn.s 			page 65


 1162 004a 00BF     		.align	2
 1163              	.L85:
 1164 004c 0A30544F 		.word	1330917386
 1165              		.cfi_endproc
 1166              	.LFE178:
 1168              		.section	.text.HAL_PCD_SOFCallback,"ax",%progbits
 1169              		.align	1
 1170              		.weak	HAL_PCD_SOFCallback
 1171              		.syntax unified
 1172              		.thumb
 1173              		.thumb_func
 1175              	HAL_PCD_SOFCallback:
 1176              	.LVL110:
 1177              	.LFB152:
1505:Drivers/STM32F7xx_HAL_Driver/Src/stm32f7xx_hal_pcd.c ****   /* Prevent unused argument(s) compilation warning */
 1178              		.loc 1 1505 1 is_stmt 1 view -0
 1179              		.cfi_startproc
 1180              		@ args = 0, pretend = 0, frame = 0
 1181              		@ frame_needed = 0, uses_anonymous_args = 0
 1182              		@ link register save eliminated.
1507:Drivers/STM32F7xx_HAL_Driver/Src/stm32f7xx_hal_pcd.c **** 
 1183              		.loc 1 1507 3 view .LVU347
1512:Drivers/STM32F7xx_HAL_Driver/Src/stm32f7xx_hal_pcd.c **** 
 1184              		.loc 1 1512 1 is_stmt 0 view .LVU348
 1185 0000 7047     		bx	lr
 1186              		.cfi_endproc
 1187              	.LFE152:
 1189              		.section	.text.HAL_PCD_ResetCallback,"ax",%progbits
 1190              		.align	1
 1191              		.weak	HAL_PCD_ResetCallback
 1192              		.syntax unified
 1193              		.thumb
 1194              		.thumb_func
 1196              	HAL_PCD_ResetCallback:
 1197              	.LVL111:
 1198              	.LFB153:
1520:Drivers/STM32F7xx_HAL_Driver/Src/stm32f7xx_hal_pcd.c ****   /* Prevent unused argument(s) compilation warning */
 1199              		.loc 1 1520 1 is_stmt 1 view -0
 1200              		.cfi_startproc
 1201              		@ args = 0, pretend = 0, frame = 0
 1202              		@ frame_needed = 0, uses_anonymous_args = 0
 1203              		@ link register save eliminated.
1522:Drivers/STM32F7xx_HAL_Driver/Src/stm32f7xx_hal_pcd.c **** 
 1204              		.loc 1 1522 3 view .LVU350
1527:Drivers/STM32F7xx_HAL_Driver/Src/stm32f7xx_hal_pcd.c **** 
 1205              		.loc 1 1527 1 is_stmt 0 view .LVU351
 1206 0000 7047     		bx	lr
 1207              		.cfi_endproc
 1208              	.LFE153:
 1210              		.section	.text.HAL_PCD_SuspendCallback,"ax",%progbits
 1211              		.align	1
 1212              		.weak	HAL_PCD_SuspendCallback
 1213              		.syntax unified
 1214              		.thumb
 1215              		.thumb_func
 1217              	HAL_PCD_SuspendCallback:
 1218              	.LVL112:
ARM GAS  /tmp/cciuNOwn.s 			page 66


 1219              	.LFB154:
1535:Drivers/STM32F7xx_HAL_Driver/Src/stm32f7xx_hal_pcd.c ****   /* Prevent unused argument(s) compilation warning */
 1220              		.loc 1 1535 1 is_stmt 1 view -0
 1221              		.cfi_startproc
 1222              		@ args = 0, pretend = 0, frame = 0
 1223              		@ frame_needed = 0, uses_anonymous_args = 0
 1224              		@ link register save eliminated.
1537:Drivers/STM32F7xx_HAL_Driver/Src/stm32f7xx_hal_pcd.c **** 
 1225              		.loc 1 1537 3 view .LVU353
1542:Drivers/STM32F7xx_HAL_Driver/Src/stm32f7xx_hal_pcd.c **** 
 1226              		.loc 1 1542 1 is_stmt 0 view .LVU354
 1227 0000 7047     		bx	lr
 1228              		.cfi_endproc
 1229              	.LFE154:
 1231              		.section	.text.HAL_PCD_ResumeCallback,"ax",%progbits
 1232              		.align	1
 1233              		.weak	HAL_PCD_ResumeCallback
 1234              		.syntax unified
 1235              		.thumb
 1236              		.thumb_func
 1238              	HAL_PCD_ResumeCallback:
 1239              	.LVL113:
 1240              	.LFB155:
1550:Drivers/STM32F7xx_HAL_Driver/Src/stm32f7xx_hal_pcd.c ****   /* Prevent unused argument(s) compilation warning */
 1241              		.loc 1 1550 1 is_stmt 1 view -0
 1242              		.cfi_startproc
 1243              		@ args = 0, pretend = 0, frame = 0
 1244              		@ frame_needed = 0, uses_anonymous_args = 0
 1245              		@ link register save eliminated.
1552:Drivers/STM32F7xx_HAL_Driver/Src/stm32f7xx_hal_pcd.c **** 
 1246              		.loc 1 1552 3 view .LVU356
1557:Drivers/STM32F7xx_HAL_Driver/Src/stm32f7xx_hal_pcd.c **** 
 1247              		.loc 1 1557 1 is_stmt 0 view .LVU357
 1248 0000 7047     		bx	lr
 1249              		.cfi_endproc
 1250              	.LFE155:
 1252              		.section	.text.HAL_PCD_ISOOUTIncompleteCallback,"ax",%progbits
 1253              		.align	1
 1254              		.weak	HAL_PCD_ISOOUTIncompleteCallback
 1255              		.syntax unified
 1256              		.thumb
 1257              		.thumb_func
 1259              	HAL_PCD_ISOOUTIncompleteCallback:
 1260              	.LVL114:
 1261              	.LFB156:
1566:Drivers/STM32F7xx_HAL_Driver/Src/stm32f7xx_hal_pcd.c ****   /* Prevent unused argument(s) compilation warning */
 1262              		.loc 1 1566 1 is_stmt 1 view -0
 1263              		.cfi_startproc
 1264              		@ args = 0, pretend = 0, frame = 0
 1265              		@ frame_needed = 0, uses_anonymous_args = 0
 1266              		@ link register save eliminated.
1568:Drivers/STM32F7xx_HAL_Driver/Src/stm32f7xx_hal_pcd.c ****   UNUSED(epnum);
 1267              		.loc 1 1568 3 view .LVU359
1569:Drivers/STM32F7xx_HAL_Driver/Src/stm32f7xx_hal_pcd.c **** 
 1268              		.loc 1 1569 3 view .LVU360
1574:Drivers/STM32F7xx_HAL_Driver/Src/stm32f7xx_hal_pcd.c **** 
 1269              		.loc 1 1574 1 is_stmt 0 view .LVU361
ARM GAS  /tmp/cciuNOwn.s 			page 67


 1270 0000 7047     		bx	lr
 1271              		.cfi_endproc
 1272              	.LFE156:
 1274              		.section	.text.HAL_PCD_ISOINIncompleteCallback,"ax",%progbits
 1275              		.align	1
 1276              		.weak	HAL_PCD_ISOINIncompleteCallback
 1277              		.syntax unified
 1278              		.thumb
 1279              		.thumb_func
 1281              	HAL_PCD_ISOINIncompleteCallback:
 1282              	.LVL115:
 1283              	.LFB157:
1583:Drivers/STM32F7xx_HAL_Driver/Src/stm32f7xx_hal_pcd.c ****   /* Prevent unused argument(s) compilation warning */
 1284              		.loc 1 1583 1 is_stmt 1 view -0
 1285              		.cfi_startproc
 1286              		@ args = 0, pretend = 0, frame = 0
 1287              		@ frame_needed = 0, uses_anonymous_args = 0
 1288              		@ link register save eliminated.
1585:Drivers/STM32F7xx_HAL_Driver/Src/stm32f7xx_hal_pcd.c ****   UNUSED(epnum);
 1289              		.loc 1 1585 3 view .LVU363
1586:Drivers/STM32F7xx_HAL_Driver/Src/stm32f7xx_hal_pcd.c **** 
 1290              		.loc 1 1586 3 view .LVU364
1591:Drivers/STM32F7xx_HAL_Driver/Src/stm32f7xx_hal_pcd.c **** 
 1291              		.loc 1 1591 1 is_stmt 0 view .LVU365
 1292 0000 7047     		bx	lr
 1293              		.cfi_endproc
 1294              	.LFE157:
 1296              		.section	.text.HAL_PCD_ConnectCallback,"ax",%progbits
 1297              		.align	1
 1298              		.weak	HAL_PCD_ConnectCallback
 1299              		.syntax unified
 1300              		.thumb
 1301              		.thumb_func
 1303              	HAL_PCD_ConnectCallback:
 1304              	.LVL116:
 1305              	.LFB158:
1599:Drivers/STM32F7xx_HAL_Driver/Src/stm32f7xx_hal_pcd.c ****   /* Prevent unused argument(s) compilation warning */
 1306              		.loc 1 1599 1 is_stmt 1 view -0
 1307              		.cfi_startproc
 1308              		@ args = 0, pretend = 0, frame = 0
 1309              		@ frame_needed = 0, uses_anonymous_args = 0
 1310              		@ link register save eliminated.
1601:Drivers/STM32F7xx_HAL_Driver/Src/stm32f7xx_hal_pcd.c **** 
 1311              		.loc 1 1601 3 view .LVU367
1606:Drivers/STM32F7xx_HAL_Driver/Src/stm32f7xx_hal_pcd.c **** 
 1312              		.loc 1 1606 1 is_stmt 0 view .LVU368
 1313 0000 7047     		bx	lr
 1314              		.cfi_endproc
 1315              	.LFE158:
 1317              		.section	.text.HAL_PCD_DisconnectCallback,"ax",%progbits
 1318              		.align	1
 1319              		.weak	HAL_PCD_DisconnectCallback
 1320              		.syntax unified
 1321              		.thumb
 1322              		.thumb_func
 1324              	HAL_PCD_DisconnectCallback:
 1325              	.LVL117:
ARM GAS  /tmp/cciuNOwn.s 			page 68


 1326              	.LFB159:
1614:Drivers/STM32F7xx_HAL_Driver/Src/stm32f7xx_hal_pcd.c ****   /* Prevent unused argument(s) compilation warning */
 1327              		.loc 1 1614 1 is_stmt 1 view -0
 1328              		.cfi_startproc
 1329              		@ args = 0, pretend = 0, frame = 0
 1330              		@ frame_needed = 0, uses_anonymous_args = 0
 1331              		@ link register save eliminated.
1616:Drivers/STM32F7xx_HAL_Driver/Src/stm32f7xx_hal_pcd.c **** 
 1332              		.loc 1 1616 3 view .LVU370
1621:Drivers/STM32F7xx_HAL_Driver/Src/stm32f7xx_hal_pcd.c **** 
 1333              		.loc 1 1621 1 is_stmt 0 view .LVU371
 1334 0000 7047     		bx	lr
 1335              		.cfi_endproc
 1336              	.LFE159:
 1338              		.section	.text.HAL_PCD_DevConnect,"ax",%progbits
 1339              		.align	1
 1340              		.global	HAL_PCD_DevConnect
 1341              		.syntax unified
 1342              		.thumb
 1343              		.thumb_func
 1345              	HAL_PCD_DevConnect:
 1346              	.LVL118:
 1347              	.LFB160:
1648:Drivers/STM32F7xx_HAL_Driver/Src/stm32f7xx_hal_pcd.c ****   __HAL_LOCK(hpcd);
 1348              		.loc 1 1648 1 is_stmt 1 view -0
 1349              		.cfi_startproc
 1350              		@ args = 0, pretend = 0, frame = 0
 1351              		@ frame_needed = 0, uses_anonymous_args = 0
1649:Drivers/STM32F7xx_HAL_Driver/Src/stm32f7xx_hal_pcd.c ****   (void)USB_DevConnect(hpcd->Instance);
 1352              		.loc 1 1649 3 view .LVU373
1649:Drivers/STM32F7xx_HAL_Driver/Src/stm32f7xx_hal_pcd.c ****   (void)USB_DevConnect(hpcd->Instance);
 1353              		.loc 1 1649 3 view .LVU374
 1354 0000 90F89434 		ldrb	r3, [r0, #1172]	@ zero_extendqisi2
 1355 0004 012B     		cmp	r3, #1
 1356 0006 0BD0     		beq	.L97
1648:Drivers/STM32F7xx_HAL_Driver/Src/stm32f7xx_hal_pcd.c ****   __HAL_LOCK(hpcd);
 1357              		.loc 1 1648 1 is_stmt 0 view .LVU375
 1358 0008 10B5     		push	{r4, lr}
 1359              	.LCFI15:
 1360              		.cfi_def_cfa_offset 8
 1361              		.cfi_offset 4, -8
 1362              		.cfi_offset 14, -4
 1363 000a 0446     		mov	r4, r0
1649:Drivers/STM32F7xx_HAL_Driver/Src/stm32f7xx_hal_pcd.c ****   (void)USB_DevConnect(hpcd->Instance);
 1364              		.loc 1 1649 3 is_stmt 1 discriminator 2 view .LVU376
 1365 000c 0123     		movs	r3, #1
 1366 000e 80F89434 		strb	r3, [r0, #1172]
1649:Drivers/STM32F7xx_HAL_Driver/Src/stm32f7xx_hal_pcd.c ****   (void)USB_DevConnect(hpcd->Instance);
 1367              		.loc 1 1649 3 discriminator 2 view .LVU377
1650:Drivers/STM32F7xx_HAL_Driver/Src/stm32f7xx_hal_pcd.c ****   __HAL_UNLOCK(hpcd);
 1368              		.loc 1 1650 3 view .LVU378
1650:Drivers/STM32F7xx_HAL_Driver/Src/stm32f7xx_hal_pcd.c ****   __HAL_UNLOCK(hpcd);
 1369              		.loc 1 1650 9 is_stmt 0 view .LVU379
 1370 0012 0068     		ldr	r0, [r0]
 1371              	.LVL119:
1650:Drivers/STM32F7xx_HAL_Driver/Src/stm32f7xx_hal_pcd.c ****   __HAL_UNLOCK(hpcd);
 1372              		.loc 1 1650 9 view .LVU380
ARM GAS  /tmp/cciuNOwn.s 			page 69


 1373 0014 FFF7FEFF 		bl	USB_DevConnect
 1374              	.LVL120:
1651:Drivers/STM32F7xx_HAL_Driver/Src/stm32f7xx_hal_pcd.c **** 
 1375              		.loc 1 1651 3 is_stmt 1 view .LVU381
1651:Drivers/STM32F7xx_HAL_Driver/Src/stm32f7xx_hal_pcd.c **** 
 1376              		.loc 1 1651 3 view .LVU382
 1377 0018 0020     		movs	r0, #0
 1378 001a 84F89404 		strb	r0, [r4, #1172]
1651:Drivers/STM32F7xx_HAL_Driver/Src/stm32f7xx_hal_pcd.c **** 
 1379              		.loc 1 1651 3 view .LVU383
1653:Drivers/STM32F7xx_HAL_Driver/Src/stm32f7xx_hal_pcd.c **** }
 1380              		.loc 1 1653 3 view .LVU384
1654:Drivers/STM32F7xx_HAL_Driver/Src/stm32f7xx_hal_pcd.c **** 
 1381              		.loc 1 1654 1 is_stmt 0 view .LVU385
 1382 001e 10BD     		pop	{r4, pc}
 1383              	.LVL121:
 1384              	.L97:
 1385              	.LCFI16:
 1386              		.cfi_def_cfa_offset 0
 1387              		.cfi_restore 4
 1388              		.cfi_restore 14
1649:Drivers/STM32F7xx_HAL_Driver/Src/stm32f7xx_hal_pcd.c ****   (void)USB_DevConnect(hpcd->Instance);
 1389              		.loc 1 1649 3 discriminator 1 view .LVU386
 1390 0020 0220     		movs	r0, #2
 1391              	.LVL122:
1654:Drivers/STM32F7xx_HAL_Driver/Src/stm32f7xx_hal_pcd.c **** 
 1392              		.loc 1 1654 1 view .LVU387
 1393 0022 7047     		bx	lr
 1394              		.cfi_endproc
 1395              	.LFE160:
 1397              		.section	.text.HAL_PCD_DevDisconnect,"ax",%progbits
 1398              		.align	1
 1399              		.global	HAL_PCD_DevDisconnect
 1400              		.syntax unified
 1401              		.thumb
 1402              		.thumb_func
 1404              	HAL_PCD_DevDisconnect:
 1405              	.LVL123:
 1406              	.LFB161:
1662:Drivers/STM32F7xx_HAL_Driver/Src/stm32f7xx_hal_pcd.c ****   __HAL_LOCK(hpcd);
 1407              		.loc 1 1662 1 is_stmt 1 view -0
 1408              		.cfi_startproc
 1409              		@ args = 0, pretend = 0, frame = 0
 1410              		@ frame_needed = 0, uses_anonymous_args = 0
1663:Drivers/STM32F7xx_HAL_Driver/Src/stm32f7xx_hal_pcd.c ****   (void)USB_DevDisconnect(hpcd->Instance);
 1411              		.loc 1 1663 3 view .LVU389
1663:Drivers/STM32F7xx_HAL_Driver/Src/stm32f7xx_hal_pcd.c ****   (void)USB_DevDisconnect(hpcd->Instance);
 1412              		.loc 1 1663 3 view .LVU390
 1413 0000 90F89434 		ldrb	r3, [r0, #1172]	@ zero_extendqisi2
 1414 0004 012B     		cmp	r3, #1
 1415 0006 0BD0     		beq	.L104
1662:Drivers/STM32F7xx_HAL_Driver/Src/stm32f7xx_hal_pcd.c ****   __HAL_LOCK(hpcd);
 1416              		.loc 1 1662 1 is_stmt 0 view .LVU391
 1417 0008 10B5     		push	{r4, lr}
 1418              	.LCFI17:
 1419              		.cfi_def_cfa_offset 8
 1420              		.cfi_offset 4, -8
ARM GAS  /tmp/cciuNOwn.s 			page 70


 1421              		.cfi_offset 14, -4
 1422 000a 0446     		mov	r4, r0
1663:Drivers/STM32F7xx_HAL_Driver/Src/stm32f7xx_hal_pcd.c ****   (void)USB_DevDisconnect(hpcd->Instance);
 1423              		.loc 1 1663 3 is_stmt 1 discriminator 2 view .LVU392
 1424 000c 0123     		movs	r3, #1
 1425 000e 80F89434 		strb	r3, [r0, #1172]
1663:Drivers/STM32F7xx_HAL_Driver/Src/stm32f7xx_hal_pcd.c ****   (void)USB_DevDisconnect(hpcd->Instance);
 1426              		.loc 1 1663 3 discriminator 2 view .LVU393
1664:Drivers/STM32F7xx_HAL_Driver/Src/stm32f7xx_hal_pcd.c ****   __HAL_UNLOCK(hpcd);
 1427              		.loc 1 1664 3 view .LVU394
1664:Drivers/STM32F7xx_HAL_Driver/Src/stm32f7xx_hal_pcd.c ****   __HAL_UNLOCK(hpcd);
 1428              		.loc 1 1664 9 is_stmt 0 view .LVU395
 1429 0012 0068     		ldr	r0, [r0]
 1430              	.LVL124:
1664:Drivers/STM32F7xx_HAL_Driver/Src/stm32f7xx_hal_pcd.c ****   __HAL_UNLOCK(hpcd);
 1431              		.loc 1 1664 9 view .LVU396
 1432 0014 FFF7FEFF 		bl	USB_DevDisconnect
 1433              	.LVL125:
1665:Drivers/STM32F7xx_HAL_Driver/Src/stm32f7xx_hal_pcd.c **** 
 1434              		.loc 1 1665 3 is_stmt 1 view .LVU397
1665:Drivers/STM32F7xx_HAL_Driver/Src/stm32f7xx_hal_pcd.c **** 
 1435              		.loc 1 1665 3 view .LVU398
 1436 0018 0020     		movs	r0, #0
 1437 001a 84F89404 		strb	r0, [r4, #1172]
1665:Drivers/STM32F7xx_HAL_Driver/Src/stm32f7xx_hal_pcd.c **** 
 1438              		.loc 1 1665 3 view .LVU399
1667:Drivers/STM32F7xx_HAL_Driver/Src/stm32f7xx_hal_pcd.c **** }
 1439              		.loc 1 1667 3 view .LVU400
1668:Drivers/STM32F7xx_HAL_Driver/Src/stm32f7xx_hal_pcd.c **** 
 1440              		.loc 1 1668 1 is_stmt 0 view .LVU401
 1441 001e 10BD     		pop	{r4, pc}
 1442              	.LVL126:
 1443              	.L104:
 1444              	.LCFI18:
 1445              		.cfi_def_cfa_offset 0
 1446              		.cfi_restore 4
 1447              		.cfi_restore 14
1663:Drivers/STM32F7xx_HAL_Driver/Src/stm32f7xx_hal_pcd.c ****   (void)USB_DevDisconnect(hpcd->Instance);
 1448              		.loc 1 1663 3 discriminator 1 view .LVU402
 1449 0020 0220     		movs	r0, #2
 1450              	.LVL127:
1668:Drivers/STM32F7xx_HAL_Driver/Src/stm32f7xx_hal_pcd.c **** 
 1451              		.loc 1 1668 1 view .LVU403
 1452 0022 7047     		bx	lr
 1453              		.cfi_endproc
 1454              	.LFE161:
 1456              		.section	.text.HAL_PCD_SetAddress,"ax",%progbits
 1457              		.align	1
 1458              		.global	HAL_PCD_SetAddress
 1459              		.syntax unified
 1460              		.thumb
 1461              		.thumb_func
 1463              	HAL_PCD_SetAddress:
 1464              	.LVL128:
 1465              	.LFB162:
1677:Drivers/STM32F7xx_HAL_Driver/Src/stm32f7xx_hal_pcd.c ****   __HAL_LOCK(hpcd);
 1466              		.loc 1 1677 1 is_stmt 1 view -0
ARM GAS  /tmp/cciuNOwn.s 			page 71


 1467              		.cfi_startproc
 1468              		@ args = 0, pretend = 0, frame = 0
 1469              		@ frame_needed = 0, uses_anonymous_args = 0
1678:Drivers/STM32F7xx_HAL_Driver/Src/stm32f7xx_hal_pcd.c ****   hpcd->USB_Address = address;
 1470              		.loc 1 1678 3 view .LVU405
1678:Drivers/STM32F7xx_HAL_Driver/Src/stm32f7xx_hal_pcd.c ****   hpcd->USB_Address = address;
 1471              		.loc 1 1678 3 view .LVU406
 1472 0000 90F89434 		ldrb	r3, [r0, #1172]	@ zero_extendqisi2
 1473 0004 012B     		cmp	r3, #1
 1474 0006 0CD0     		beq	.L111
1677:Drivers/STM32F7xx_HAL_Driver/Src/stm32f7xx_hal_pcd.c ****   __HAL_LOCK(hpcd);
 1475              		.loc 1 1677 1 is_stmt 0 view .LVU407
 1476 0008 10B5     		push	{r4, lr}
 1477              	.LCFI19:
 1478              		.cfi_def_cfa_offset 8
 1479              		.cfi_offset 4, -8
 1480              		.cfi_offset 14, -4
 1481 000a 0446     		mov	r4, r0
1678:Drivers/STM32F7xx_HAL_Driver/Src/stm32f7xx_hal_pcd.c ****   hpcd->USB_Address = address;
 1482              		.loc 1 1678 3 is_stmt 1 discriminator 2 view .LVU408
 1483 000c 0123     		movs	r3, #1
 1484 000e 80F89434 		strb	r3, [r0, #1172]
1678:Drivers/STM32F7xx_HAL_Driver/Src/stm32f7xx_hal_pcd.c ****   hpcd->USB_Address = address;
 1485              		.loc 1 1678 3 discriminator 2 view .LVU409
1679:Drivers/STM32F7xx_HAL_Driver/Src/stm32f7xx_hal_pcd.c ****   (void)USB_SetDevAddress(hpcd->Instance, address);
 1486              		.loc 1 1679 3 view .LVU410
1679:Drivers/STM32F7xx_HAL_Driver/Src/stm32f7xx_hal_pcd.c ****   (void)USB_SetDevAddress(hpcd->Instance, address);
 1487              		.loc 1 1679 21 is_stmt 0 view .LVU411
 1488 0012 4174     		strb	r1, [r0, #17]
1680:Drivers/STM32F7xx_HAL_Driver/Src/stm32f7xx_hal_pcd.c ****   __HAL_UNLOCK(hpcd);
 1489              		.loc 1 1680 3 is_stmt 1 view .LVU412
1680:Drivers/STM32F7xx_HAL_Driver/Src/stm32f7xx_hal_pcd.c ****   __HAL_UNLOCK(hpcd);
 1490              		.loc 1 1680 9 is_stmt 0 view .LVU413
 1491 0014 0068     		ldr	r0, [r0]
 1492              	.LVL129:
1680:Drivers/STM32F7xx_HAL_Driver/Src/stm32f7xx_hal_pcd.c ****   __HAL_UNLOCK(hpcd);
 1493              		.loc 1 1680 9 view .LVU414
 1494 0016 FFF7FEFF 		bl	USB_SetDevAddress
 1495              	.LVL130:
1681:Drivers/STM32F7xx_HAL_Driver/Src/stm32f7xx_hal_pcd.c **** 
 1496              		.loc 1 1681 3 is_stmt 1 view .LVU415
1681:Drivers/STM32F7xx_HAL_Driver/Src/stm32f7xx_hal_pcd.c **** 
 1497              		.loc 1 1681 3 view .LVU416
 1498 001a 0020     		movs	r0, #0
 1499 001c 84F89404 		strb	r0, [r4, #1172]
1681:Drivers/STM32F7xx_HAL_Driver/Src/stm32f7xx_hal_pcd.c **** 
 1500              		.loc 1 1681 3 view .LVU417
1683:Drivers/STM32F7xx_HAL_Driver/Src/stm32f7xx_hal_pcd.c **** }
 1501              		.loc 1 1683 3 view .LVU418
1684:Drivers/STM32F7xx_HAL_Driver/Src/stm32f7xx_hal_pcd.c **** /**
 1502              		.loc 1 1684 1 is_stmt 0 view .LVU419
 1503 0020 10BD     		pop	{r4, pc}
 1504              	.LVL131:
 1505              	.L111:
 1506              	.LCFI20:
 1507              		.cfi_def_cfa_offset 0
 1508              		.cfi_restore 4
ARM GAS  /tmp/cciuNOwn.s 			page 72


 1509              		.cfi_restore 14
1678:Drivers/STM32F7xx_HAL_Driver/Src/stm32f7xx_hal_pcd.c ****   hpcd->USB_Address = address;
 1510              		.loc 1 1678 3 discriminator 1 view .LVU420
 1511 0022 0220     		movs	r0, #2
 1512              	.LVL132:
1684:Drivers/STM32F7xx_HAL_Driver/Src/stm32f7xx_hal_pcd.c **** /**
 1513              		.loc 1 1684 1 view .LVU421
 1514 0024 7047     		bx	lr
 1515              		.cfi_endproc
 1516              	.LFE162:
 1518              		.section	.text.HAL_PCD_EP_Open,"ax",%progbits
 1519              		.align	1
 1520              		.global	HAL_PCD_EP_Open
 1521              		.syntax unified
 1522              		.thumb
 1523              		.thumb_func
 1525              	HAL_PCD_EP_Open:
 1526              	.LVL133:
 1527              	.LFB163:
1695:Drivers/STM32F7xx_HAL_Driver/Src/stm32f7xx_hal_pcd.c ****   HAL_StatusTypeDef ret = HAL_OK;
 1528              		.loc 1 1695 1 is_stmt 1 view -0
 1529              		.cfi_startproc
 1530              		@ args = 0, pretend = 0, frame = 0
 1531              		@ frame_needed = 0, uses_anonymous_args = 0
1695:Drivers/STM32F7xx_HAL_Driver/Src/stm32f7xx_hal_pcd.c ****   HAL_StatusTypeDef ret = HAL_OK;
 1532              		.loc 1 1695 1 is_stmt 0 view .LVU423
 1533 0000 38B5     		push	{r3, r4, r5, lr}
 1534              	.LCFI21:
 1535              		.cfi_def_cfa_offset 16
 1536              		.cfi_offset 3, -16
 1537              		.cfi_offset 4, -12
 1538              		.cfi_offset 5, -8
 1539              		.cfi_offset 14, -4
 1540 0002 0546     		mov	r5, r0
 1541 0004 8C46     		mov	ip, r1
1696:Drivers/STM32F7xx_HAL_Driver/Src/stm32f7xx_hal_pcd.c ****   PCD_EPTypeDef *ep;
 1542              		.loc 1 1696 3 is_stmt 1 view .LVU424
 1543              	.LVL134:
1697:Drivers/STM32F7xx_HAL_Driver/Src/stm32f7xx_hal_pcd.c **** 
 1544              		.loc 1 1697 3 view .LVU425
1699:Drivers/STM32F7xx_HAL_Driver/Src/stm32f7xx_hal_pcd.c ****   {
 1545              		.loc 1 1699 3 view .LVU426
1699:Drivers/STM32F7xx_HAL_Driver/Src/stm32f7xx_hal_pcd.c ****   {
 1546              		.loc 1 1699 6 is_stmt 0 view .LVU427
 1547 0006 11F0800F 		tst	r1, #128
 1548 000a 2BD1     		bne	.L124
1706:Drivers/STM32F7xx_HAL_Driver/Src/stm32f7xx_hal_pcd.c ****     ep->is_in = 0U;
 1549              		.loc 1 1706 5 is_stmt 1 view .LVU428
1706:Drivers/STM32F7xx_HAL_Driver/Src/stm32f7xx_hal_pcd.c ****     ep->is_in = 0U;
 1550              		.loc 1 1706 32 is_stmt 0 view .LVU429
 1551 000c 01F00F0E 		and	lr, r1, #15
1706:Drivers/STM32F7xx_HAL_Driver/Src/stm32f7xx_hal_pcd.c ****     ep->is_in = 0U;
 1552              		.loc 1 1706 8 view .LVU430
 1553 0010 0EEBCE04 		add	r4, lr, lr, lsl #3
 1554 0014 A400     		lsls	r4, r4, #2
 1555 0016 04F51474 		add	r4, r4, #592
 1556 001a 0444     		add	r4, r4, r0
ARM GAS  /tmp/cciuNOwn.s 			page 73


 1557 001c 211D     		adds	r1, r4, #4
 1558              	.LVL135:
1707:Drivers/STM32F7xx_HAL_Driver/Src/stm32f7xx_hal_pcd.c ****   }
 1559              		.loc 1 1707 5 is_stmt 1 view .LVU431
1707:Drivers/STM32F7xx_HAL_Driver/Src/stm32f7xx_hal_pcd.c ****   }
 1560              		.loc 1 1707 15 is_stmt 0 view .LVU432
 1561 001e 0EEBCE0E 		add	lr, lr, lr, lsl #3
 1562 0022 00EB8E0E 		add	lr, r0, lr, lsl #2
 1563 0026 0020     		movs	r0, #0
 1564              	.LVL136:
1707:Drivers/STM32F7xx_HAL_Driver/Src/stm32f7xx_hal_pcd.c ****   }
 1565              		.loc 1 1707 15 view .LVU433
 1566 0028 8EF85502 		strb	r0, [lr, #597]
 1567              	.L118:
1710:Drivers/STM32F7xx_HAL_Driver/Src/stm32f7xx_hal_pcd.c ****   ep->maxpacket = (uint32_t)ep_mps & 0x7FFU;
 1568              		.loc 1 1710 3 is_stmt 1 view .LVU434
1710:Drivers/STM32F7xx_HAL_Driver/Src/stm32f7xx_hal_pcd.c ****   ep->maxpacket = (uint32_t)ep_mps & 0x7FFU;
 1569              		.loc 1 1710 21 is_stmt 0 view .LVU435
 1570 002c 0CF00F0C 		and	ip, ip, #15
 1571              	.LVL137:
1710:Drivers/STM32F7xx_HAL_Driver/Src/stm32f7xx_hal_pcd.c ****   ep->maxpacket = (uint32_t)ep_mps & 0x7FFU;
 1572              		.loc 1 1710 11 view .LVU436
 1573 0030 81F800C0 		strb	ip, [r1]
1711:Drivers/STM32F7xx_HAL_Driver/Src/stm32f7xx_hal_pcd.c ****   ep->type = ep_type;
 1574              		.loc 1 1711 3 is_stmt 1 view .LVU437
1711:Drivers/STM32F7xx_HAL_Driver/Src/stm32f7xx_hal_pcd.c ****   ep->type = ep_type;
 1575              		.loc 1 1711 36 is_stmt 0 view .LVU438
 1576 0034 C2F30A02 		ubfx	r2, r2, #0, #11
 1577              	.LVL138:
1711:Drivers/STM32F7xx_HAL_Driver/Src/stm32f7xx_hal_pcd.c ****   ep->type = ep_type;
 1578              		.loc 1 1711 17 view .LVU439
 1579 0038 8A60     		str	r2, [r1, #8]
1712:Drivers/STM32F7xx_HAL_Driver/Src/stm32f7xx_hal_pcd.c **** 
 1580              		.loc 1 1712 3 is_stmt 1 view .LVU440
1712:Drivers/STM32F7xx_HAL_Driver/Src/stm32f7xx_hal_pcd.c **** 
 1581              		.loc 1 1712 12 is_stmt 0 view .LVU441
 1582 003a 0B71     		strb	r3, [r1, #4]
1714:Drivers/STM32F7xx_HAL_Driver/Src/stm32f7xx_hal_pcd.c ****   {
 1583              		.loc 1 1714 3 is_stmt 1 view .LVU442
1714:Drivers/STM32F7xx_HAL_Driver/Src/stm32f7xx_hal_pcd.c ****   {
 1584              		.loc 1 1714 9 is_stmt 0 view .LVU443
 1585 003c 4A78     		ldrb	r2, [r1, #1]	@ zero_extendqisi2
1714:Drivers/STM32F7xx_HAL_Driver/Src/stm32f7xx_hal_pcd.c ****   {
 1586              		.loc 1 1714 6 view .LVU444
 1587 003e 0AB1     		cbz	r2, .L119
1717:Drivers/STM32F7xx_HAL_Driver/Src/stm32f7xx_hal_pcd.c ****   }
 1588              		.loc 1 1717 5 is_stmt 1 view .LVU445
1717:Drivers/STM32F7xx_HAL_Driver/Src/stm32f7xx_hal_pcd.c ****   }
 1589              		.loc 1 1717 21 is_stmt 0 view .LVU446
 1590 0040 A1F81AC0 		strh	ip, [r1, #26]	@ movhi
 1591              	.L119:
1721:Drivers/STM32F7xx_HAL_Driver/Src/stm32f7xx_hal_pcd.c ****   {
 1592              		.loc 1 1721 3 is_stmt 1 view .LVU447
1721:Drivers/STM32F7xx_HAL_Driver/Src/stm32f7xx_hal_pcd.c ****   {
 1593              		.loc 1 1721 6 is_stmt 0 view .LVU448
 1594 0044 022B     		cmp	r3, #2
 1595 0046 1CD0     		beq	.L125
ARM GAS  /tmp/cciuNOwn.s 			page 74


 1596              	.LVL139:
 1597              	.L120:
1726:Drivers/STM32F7xx_HAL_Driver/Src/stm32f7xx_hal_pcd.c ****   (void)USB_ActivateEndpoint(hpcd->Instance, ep);
 1598              		.loc 1 1726 3 is_stmt 1 view .LVU449
1726:Drivers/STM32F7xx_HAL_Driver/Src/stm32f7xx_hal_pcd.c ****   (void)USB_ActivateEndpoint(hpcd->Instance, ep);
 1599              		.loc 1 1726 3 view .LVU450
 1600 0048 95F89434 		ldrb	r3, [r5, #1172]	@ zero_extendqisi2
 1601 004c 012B     		cmp	r3, #1
 1602 004e 1BD0     		beq	.L122
1726:Drivers/STM32F7xx_HAL_Driver/Src/stm32f7xx_hal_pcd.c ****   (void)USB_ActivateEndpoint(hpcd->Instance, ep);
 1603              		.loc 1 1726 3 discriminator 2 view .LVU451
 1604 0050 0123     		movs	r3, #1
 1605 0052 85F89434 		strb	r3, [r5, #1172]
 1606              	.LVL140:
1726:Drivers/STM32F7xx_HAL_Driver/Src/stm32f7xx_hal_pcd.c ****   (void)USB_ActivateEndpoint(hpcd->Instance, ep);
 1607              		.loc 1 1726 3 discriminator 2 view .LVU452
1727:Drivers/STM32F7xx_HAL_Driver/Src/stm32f7xx_hal_pcd.c ****   __HAL_UNLOCK(hpcd);
 1608              		.loc 1 1727 3 view .LVU453
1727:Drivers/STM32F7xx_HAL_Driver/Src/stm32f7xx_hal_pcd.c ****   __HAL_UNLOCK(hpcd);
 1609              		.loc 1 1727 9 is_stmt 0 view .LVU454
 1610 0056 2868     		ldr	r0, [r5]
 1611 0058 FFF7FEFF 		bl	USB_ActivateEndpoint
 1612              	.LVL141:
1728:Drivers/STM32F7xx_HAL_Driver/Src/stm32f7xx_hal_pcd.c **** 
 1613              		.loc 1 1728 3 is_stmt 1 view .LVU455
1728:Drivers/STM32F7xx_HAL_Driver/Src/stm32f7xx_hal_pcd.c **** 
 1614              		.loc 1 1728 3 view .LVU456
 1615 005c 0020     		movs	r0, #0
 1616 005e 85F89404 		strb	r0, [r5, #1172]
1728:Drivers/STM32F7xx_HAL_Driver/Src/stm32f7xx_hal_pcd.c **** 
 1617              		.loc 1 1728 3 view .LVU457
1730:Drivers/STM32F7xx_HAL_Driver/Src/stm32f7xx_hal_pcd.c **** }
 1618              		.loc 1 1730 3 view .LVU458
 1619              	.L121:
1731:Drivers/STM32F7xx_HAL_Driver/Src/stm32f7xx_hal_pcd.c **** 
 1620              		.loc 1 1731 1 is_stmt 0 view .LVU459
 1621 0062 38BD     		pop	{r3, r4, r5, pc}
 1622              	.LVL142:
 1623              	.L124:
1701:Drivers/STM32F7xx_HAL_Driver/Src/stm32f7xx_hal_pcd.c ****     ep->is_in = 1U;
 1624              		.loc 1 1701 5 is_stmt 1 view .LVU460
1701:Drivers/STM32F7xx_HAL_Driver/Src/stm32f7xx_hal_pcd.c ****     ep->is_in = 1U;
 1625              		.loc 1 1701 31 is_stmt 0 view .LVU461
 1626 0064 01F00F00 		and	r0, r1, #15
 1627              	.LVL143:
1701:Drivers/STM32F7xx_HAL_Driver/Src/stm32f7xx_hal_pcd.c ****     ep->is_in = 1U;
 1628              		.loc 1 1701 8 view .LVU462
 1629 0068 00EBC001 		add	r1, r0, r0, lsl #3
 1630              	.LVL144:
1701:Drivers/STM32F7xx_HAL_Driver/Src/stm32f7xx_hal_pcd.c ****     ep->is_in = 1U;
 1631              		.loc 1 1701 8 view .LVU463
 1632 006c 8900     		lsls	r1, r1, #2
 1633 006e 1031     		adds	r1, r1, #16
 1634 0070 2944     		add	r1, r1, r5
 1635 0072 0431     		adds	r1, r1, #4
 1636              	.LVL145:
1702:Drivers/STM32F7xx_HAL_Driver/Src/stm32f7xx_hal_pcd.c ****   }
ARM GAS  /tmp/cciuNOwn.s 			page 75


 1637              		.loc 1 1702 5 is_stmt 1 view .LVU464
1702:Drivers/STM32F7xx_HAL_Driver/Src/stm32f7xx_hal_pcd.c ****   }
 1638              		.loc 1 1702 15 is_stmt 0 view .LVU465
 1639 0074 00EBC000 		add	r0, r0, r0, lsl #3
 1640 0078 05EB8000 		add	r0, r5, r0, lsl #2
 1641 007c 0124     		movs	r4, #1
 1642 007e 4475     		strb	r4, [r0, #21]
 1643 0080 D4E7     		b	.L118
 1644              	.LVL146:
 1645              	.L125:
1723:Drivers/STM32F7xx_HAL_Driver/Src/stm32f7xx_hal_pcd.c ****   }
 1646              		.loc 1 1723 5 is_stmt 1 view .LVU466
1723:Drivers/STM32F7xx_HAL_Driver/Src/stm32f7xx_hal_pcd.c ****   }
 1647              		.loc 1 1723 24 is_stmt 0 view .LVU467
 1648 0082 0023     		movs	r3, #0
 1649              	.LVL147:
1723:Drivers/STM32F7xx_HAL_Driver/Src/stm32f7xx_hal_pcd.c ****   }
 1650              		.loc 1 1723 24 view .LVU468
 1651 0084 4B71     		strb	r3, [r1, #5]
 1652 0086 DFE7     		b	.L120
 1653              	.L122:
1726:Drivers/STM32F7xx_HAL_Driver/Src/stm32f7xx_hal_pcd.c ****   (void)USB_ActivateEndpoint(hpcd->Instance, ep);
 1654              		.loc 1 1726 3 discriminator 1 view .LVU469
 1655 0088 0220     		movs	r0, #2
 1656 008a EAE7     		b	.L121
 1657              		.cfi_endproc
 1658              	.LFE163:
 1660              		.section	.text.HAL_PCD_EP_Close,"ax",%progbits
 1661              		.align	1
 1662              		.global	HAL_PCD_EP_Close
 1663              		.syntax unified
 1664              		.thumb
 1665              		.thumb_func
 1667              	HAL_PCD_EP_Close:
 1668              	.LVL148:
 1669              	.LFB164:
1740:Drivers/STM32F7xx_HAL_Driver/Src/stm32f7xx_hal_pcd.c ****   PCD_EPTypeDef *ep;
 1670              		.loc 1 1740 1 is_stmt 1 view -0
 1671              		.cfi_startproc
 1672              		@ args = 0, pretend = 0, frame = 0
 1673              		@ frame_needed = 0, uses_anonymous_args = 0
1740:Drivers/STM32F7xx_HAL_Driver/Src/stm32f7xx_hal_pcd.c ****   PCD_EPTypeDef *ep;
 1674              		.loc 1 1740 1 is_stmt 0 view .LVU471
 1675 0000 10B5     		push	{r4, lr}
 1676              	.LCFI22:
 1677              		.cfi_def_cfa_offset 8
 1678              		.cfi_offset 4, -8
 1679              		.cfi_offset 14, -4
 1680 0002 0446     		mov	r4, r0
 1681 0004 0A46     		mov	r2, r1
1741:Drivers/STM32F7xx_HAL_Driver/Src/stm32f7xx_hal_pcd.c **** 
 1682              		.loc 1 1741 3 is_stmt 1 view .LVU472
1743:Drivers/STM32F7xx_HAL_Driver/Src/stm32f7xx_hal_pcd.c ****   {
 1683              		.loc 1 1743 3 view .LVU473
1743:Drivers/STM32F7xx_HAL_Driver/Src/stm32f7xx_hal_pcd.c ****   {
 1684              		.loc 1 1743 6 is_stmt 0 view .LVU474
 1685 0006 11F0800F 		tst	r1, #128
ARM GAS  /tmp/cciuNOwn.s 			page 76


 1686 000a 20D1     		bne	.L132
1750:Drivers/STM32F7xx_HAL_Driver/Src/stm32f7xx_hal_pcd.c ****     ep->is_in = 0U;
 1687              		.loc 1 1750 5 is_stmt 1 view .LVU475
1750:Drivers/STM32F7xx_HAL_Driver/Src/stm32f7xx_hal_pcd.c ****     ep->is_in = 0U;
 1688              		.loc 1 1750 32 is_stmt 0 view .LVU476
 1689 000c 01F00F00 		and	r0, r1, #15
 1690              	.LVL149:
1750:Drivers/STM32F7xx_HAL_Driver/Src/stm32f7xx_hal_pcd.c ****     ep->is_in = 0U;
 1691              		.loc 1 1750 8 view .LVU477
 1692 0010 00EBC003 		add	r3, r0, r0, lsl #3
 1693 0014 9B00     		lsls	r3, r3, #2
 1694 0016 03F51473 		add	r3, r3, #592
 1695 001a 2344     		add	r3, r3, r4
 1696 001c 191D     		adds	r1, r3, #4
 1697              	.LVL150:
1751:Drivers/STM32F7xx_HAL_Driver/Src/stm32f7xx_hal_pcd.c ****   }
 1698              		.loc 1 1751 5 is_stmt 1 view .LVU478
1751:Drivers/STM32F7xx_HAL_Driver/Src/stm32f7xx_hal_pcd.c ****   }
 1699              		.loc 1 1751 15 is_stmt 0 view .LVU479
 1700 001e 00EBC000 		add	r0, r0, r0, lsl #3
 1701 0022 04EB8000 		add	r0, r4, r0, lsl #2
 1702 0026 0023     		movs	r3, #0
 1703 0028 80F85532 		strb	r3, [r0, #597]
 1704              	.L128:
1753:Drivers/STM32F7xx_HAL_Driver/Src/stm32f7xx_hal_pcd.c **** 
 1705              		.loc 1 1753 3 is_stmt 1 view .LVU480
1753:Drivers/STM32F7xx_HAL_Driver/Src/stm32f7xx_hal_pcd.c **** 
 1706              		.loc 1 1753 21 is_stmt 0 view .LVU481
 1707 002c 02F00F02 		and	r2, r2, #15
 1708              	.LVL151:
1753:Drivers/STM32F7xx_HAL_Driver/Src/stm32f7xx_hal_pcd.c **** 
 1709              		.loc 1 1753 11 view .LVU482
 1710 0030 0A70     		strb	r2, [r1]
1755:Drivers/STM32F7xx_HAL_Driver/Src/stm32f7xx_hal_pcd.c ****   (void)USB_DeactivateEndpoint(hpcd->Instance, ep);
 1711              		.loc 1 1755 3 is_stmt 1 view .LVU483
1755:Drivers/STM32F7xx_HAL_Driver/Src/stm32f7xx_hal_pcd.c ****   (void)USB_DeactivateEndpoint(hpcd->Instance, ep);
 1712              		.loc 1 1755 3 view .LVU484
 1713 0032 94F89434 		ldrb	r3, [r4, #1172]	@ zero_extendqisi2
 1714 0036 012B     		cmp	r3, #1
 1715 0038 18D0     		beq	.L130
1755:Drivers/STM32F7xx_HAL_Driver/Src/stm32f7xx_hal_pcd.c ****   (void)USB_DeactivateEndpoint(hpcd->Instance, ep);
 1716              		.loc 1 1755 3 discriminator 2 view .LVU485
 1717 003a 0123     		movs	r3, #1
 1718 003c 84F89434 		strb	r3, [r4, #1172]
1755:Drivers/STM32F7xx_HAL_Driver/Src/stm32f7xx_hal_pcd.c ****   (void)USB_DeactivateEndpoint(hpcd->Instance, ep);
 1719              		.loc 1 1755 3 discriminator 2 view .LVU486
1756:Drivers/STM32F7xx_HAL_Driver/Src/stm32f7xx_hal_pcd.c ****   __HAL_UNLOCK(hpcd);
 1720              		.loc 1 1756 3 view .LVU487
1756:Drivers/STM32F7xx_HAL_Driver/Src/stm32f7xx_hal_pcd.c ****   __HAL_UNLOCK(hpcd);
 1721              		.loc 1 1756 9 is_stmt 0 view .LVU488
 1722 0040 2068     		ldr	r0, [r4]
 1723 0042 FFF7FEFF 		bl	USB_DeactivateEndpoint
 1724              	.LVL152:
1757:Drivers/STM32F7xx_HAL_Driver/Src/stm32f7xx_hal_pcd.c ****   return HAL_OK;
 1725              		.loc 1 1757 3 is_stmt 1 view .LVU489
1757:Drivers/STM32F7xx_HAL_Driver/Src/stm32f7xx_hal_pcd.c ****   return HAL_OK;
 1726              		.loc 1 1757 3 view .LVU490
ARM GAS  /tmp/cciuNOwn.s 			page 77


 1727 0046 0020     		movs	r0, #0
 1728 0048 84F89404 		strb	r0, [r4, #1172]
1757:Drivers/STM32F7xx_HAL_Driver/Src/stm32f7xx_hal_pcd.c ****   return HAL_OK;
 1729              		.loc 1 1757 3 view .LVU491
1758:Drivers/STM32F7xx_HAL_Driver/Src/stm32f7xx_hal_pcd.c **** }
 1730              		.loc 1 1758 3 view .LVU492
 1731              	.L129:
1759:Drivers/STM32F7xx_HAL_Driver/Src/stm32f7xx_hal_pcd.c **** 
 1732              		.loc 1 1759 1 is_stmt 0 view .LVU493
 1733 004c 10BD     		pop	{r4, pc}
 1734              	.LVL153:
 1735              	.L132:
1745:Drivers/STM32F7xx_HAL_Driver/Src/stm32f7xx_hal_pcd.c ****     ep->is_in = 1U;
 1736              		.loc 1 1745 5 is_stmt 1 view .LVU494
1745:Drivers/STM32F7xx_HAL_Driver/Src/stm32f7xx_hal_pcd.c ****     ep->is_in = 1U;
 1737              		.loc 1 1745 31 is_stmt 0 view .LVU495
 1738 004e 01F00F00 		and	r0, r1, #15
 1739              	.LVL154:
1745:Drivers/STM32F7xx_HAL_Driver/Src/stm32f7xx_hal_pcd.c ****     ep->is_in = 1U;
 1740              		.loc 1 1745 8 view .LVU496
 1741 0052 00EBC003 		add	r3, r0, r0, lsl #3
 1742 0056 9B00     		lsls	r3, r3, #2
 1743 0058 1033     		adds	r3, r3, #16
 1744 005a 2344     		add	r3, r3, r4
 1745 005c 191D     		adds	r1, r3, #4
 1746              	.LVL155:
1746:Drivers/STM32F7xx_HAL_Driver/Src/stm32f7xx_hal_pcd.c ****   }
 1747              		.loc 1 1746 5 is_stmt 1 view .LVU497
1746:Drivers/STM32F7xx_HAL_Driver/Src/stm32f7xx_hal_pcd.c ****   }
 1748              		.loc 1 1746 15 is_stmt 0 view .LVU498
 1749 005e 00EBC000 		add	r0, r0, r0, lsl #3
 1750 0062 04EB8000 		add	r0, r4, r0, lsl #2
 1751 0066 0123     		movs	r3, #1
 1752 0068 4375     		strb	r3, [r0, #21]
 1753 006a DFE7     		b	.L128
 1754              	.LVL156:
 1755              	.L130:
1755:Drivers/STM32F7xx_HAL_Driver/Src/stm32f7xx_hal_pcd.c ****   (void)USB_DeactivateEndpoint(hpcd->Instance, ep);
 1756              		.loc 1 1755 3 discriminator 1 view .LVU499
 1757 006c 0220     		movs	r0, #2
 1758 006e EDE7     		b	.L129
 1759              		.cfi_endproc
 1760              	.LFE164:
 1762              		.section	.text.HAL_PCD_EP_Receive,"ax",%progbits
 1763              		.align	1
 1764              		.global	HAL_PCD_EP_Receive
 1765              		.syntax unified
 1766              		.thumb
 1767              		.thumb_func
 1769              	HAL_PCD_EP_Receive:
 1770              	.LVL157:
 1771              	.LFB165:
1771:Drivers/STM32F7xx_HAL_Driver/Src/stm32f7xx_hal_pcd.c ****   PCD_EPTypeDef *ep;
 1772              		.loc 1 1771 1 is_stmt 1 view -0
 1773              		.cfi_startproc
 1774              		@ args = 0, pretend = 0, frame = 0
 1775              		@ frame_needed = 0, uses_anonymous_args = 0
ARM GAS  /tmp/cciuNOwn.s 			page 78


1771:Drivers/STM32F7xx_HAL_Driver/Src/stm32f7xx_hal_pcd.c ****   PCD_EPTypeDef *ep;
 1776              		.loc 1 1771 1 is_stmt 0 view .LVU501
 1777 0000 10B5     		push	{r4, lr}
 1778              	.LCFI23:
 1779              		.cfi_def_cfa_offset 8
 1780              		.cfi_offset 4, -8
 1781              		.cfi_offset 14, -4
 1782 0002 1446     		mov	r4, r2
1772:Drivers/STM32F7xx_HAL_Driver/Src/stm32f7xx_hal_pcd.c **** 
 1783              		.loc 1 1772 3 is_stmt 1 view .LVU502
1774:Drivers/STM32F7xx_HAL_Driver/Src/stm32f7xx_hal_pcd.c **** 
 1784              		.loc 1 1774 3 view .LVU503
 1785 0004 01F00F0C 		and	ip, r1, #15
1774:Drivers/STM32F7xx_HAL_Driver/Src/stm32f7xx_hal_pcd.c **** 
 1786              		.loc 1 1774 6 is_stmt 0 view .LVU504
 1787 0008 0CEBCC01 		add	r1, ip, ip, lsl #3
 1788              	.LVL158:
1774:Drivers/STM32F7xx_HAL_Driver/Src/stm32f7xx_hal_pcd.c **** 
 1789              		.loc 1 1774 6 view .LVU505
 1790 000c 8900     		lsls	r1, r1, #2
 1791 000e 01F51471 		add	r1, r1, #592
 1792 0012 0144     		add	r1, r1, r0
 1793 0014 0431     		adds	r1, r1, #4
 1794              	.LVL159:
1777:Drivers/STM32F7xx_HAL_Driver/Src/stm32f7xx_hal_pcd.c ****   ep->xfer_len = len;
 1795              		.loc 1 1777 3 is_stmt 1 view .LVU506
1777:Drivers/STM32F7xx_HAL_Driver/Src/stm32f7xx_hal_pcd.c ****   ep->xfer_len = len;
 1796              		.loc 1 1777 17 is_stmt 0 view .LVU507
 1797 0016 0CEBCC0E 		add	lr, ip, ip, lsl #3
 1798 001a 00EB8E0E 		add	lr, r0, lr, lsl #2
 1799 001e CEF86022 		str	r2, [lr, #608]
1778:Drivers/STM32F7xx_HAL_Driver/Src/stm32f7xx_hal_pcd.c ****   ep->xfer_count = 0U;
 1800              		.loc 1 1778 3 is_stmt 1 view .LVU508
1778:Drivers/STM32F7xx_HAL_Driver/Src/stm32f7xx_hal_pcd.c ****   ep->xfer_count = 0U;
 1801              		.loc 1 1778 16 is_stmt 0 view .LVU509
 1802 0022 CEF86432 		str	r3, [lr, #612]
1779:Drivers/STM32F7xx_HAL_Driver/Src/stm32f7xx_hal_pcd.c ****   ep->is_in = 0U;
 1803              		.loc 1 1779 3 is_stmt 1 view .LVU510
1779:Drivers/STM32F7xx_HAL_Driver/Src/stm32f7xx_hal_pcd.c ****   ep->is_in = 0U;
 1804              		.loc 1 1779 18 is_stmt 0 view .LVU511
 1805 0026 0023     		movs	r3, #0
 1806              	.LVL160:
1779:Drivers/STM32F7xx_HAL_Driver/Src/stm32f7xx_hal_pcd.c ****   ep->is_in = 0U;
 1807              		.loc 1 1779 18 view .LVU512
 1808 0028 CEF86832 		str	r3, [lr, #616]
1780:Drivers/STM32F7xx_HAL_Driver/Src/stm32f7xx_hal_pcd.c ****   ep->num = ep_addr & EP_ADDR_MSK;
 1809              		.loc 1 1780 3 is_stmt 1 view .LVU513
1780:Drivers/STM32F7xx_HAL_Driver/Src/stm32f7xx_hal_pcd.c ****   ep->num = ep_addr & EP_ADDR_MSK;
 1810              		.loc 1 1780 13 is_stmt 0 view .LVU514
 1811 002c 8EF85532 		strb	r3, [lr, #597]
1781:Drivers/STM32F7xx_HAL_Driver/Src/stm32f7xx_hal_pcd.c **** 
 1812              		.loc 1 1781 3 is_stmt 1 view .LVU515
1781:Drivers/STM32F7xx_HAL_Driver/Src/stm32f7xx_hal_pcd.c **** 
 1813              		.loc 1 1781 11 is_stmt 0 view .LVU516
 1814 0030 8EF854C2 		strb	ip, [lr, #596]
1783:Drivers/STM32F7xx_HAL_Driver/Src/stm32f7xx_hal_pcd.c ****   {
 1815              		.loc 1 1783 3 is_stmt 1 view .LVU517
ARM GAS  /tmp/cciuNOwn.s 			page 79


1783:Drivers/STM32F7xx_HAL_Driver/Src/stm32f7xx_hal_pcd.c ****   {
 1816              		.loc 1 1783 17 is_stmt 0 view .LVU518
 1817 0034 8279     		ldrb	r2, [r0, #6]	@ zero_extendqisi2
 1818              	.LVL161:
1783:Drivers/STM32F7xx_HAL_Driver/Src/stm32f7xx_hal_pcd.c ****   {
 1819              		.loc 1 1783 6 view .LVU519
 1820 0036 012A     		cmp	r2, #1
 1821 0038 04D0     		beq	.L136
 1822              	.L134:
1788:Drivers/STM32F7xx_HAL_Driver/Src/stm32f7xx_hal_pcd.c **** 
 1823              		.loc 1 1788 3 is_stmt 1 view .LVU520
1788:Drivers/STM32F7xx_HAL_Driver/Src/stm32f7xx_hal_pcd.c **** 
 1824              		.loc 1 1788 9 is_stmt 0 view .LVU521
 1825 003a 0068     		ldr	r0, [r0]
 1826              	.LVL162:
1788:Drivers/STM32F7xx_HAL_Driver/Src/stm32f7xx_hal_pcd.c **** 
 1827              		.loc 1 1788 9 view .LVU522
 1828 003c FFF7FEFF 		bl	USB_EPStartXfer
 1829              	.LVL163:
1790:Drivers/STM32F7xx_HAL_Driver/Src/stm32f7xx_hal_pcd.c **** }
 1830              		.loc 1 1790 3 is_stmt 1 view .LVU523
1791:Drivers/STM32F7xx_HAL_Driver/Src/stm32f7xx_hal_pcd.c **** 
 1831              		.loc 1 1791 1 is_stmt 0 view .LVU524
 1832 0040 0020     		movs	r0, #0
 1833 0042 10BD     		pop	{r4, pc}
 1834              	.LVL164:
 1835              	.L136:
1785:Drivers/STM32F7xx_HAL_Driver/Src/stm32f7xx_hal_pcd.c ****   }
 1836              		.loc 1 1785 5 is_stmt 1 view .LVU525
1785:Drivers/STM32F7xx_HAL_Driver/Src/stm32f7xx_hal_pcd.c ****   }
 1837              		.loc 1 1785 18 is_stmt 0 view .LVU526
 1838 0044 CEF87042 		str	r4, [lr, #624]
 1839 0048 F7E7     		b	.L134
 1840              		.cfi_endproc
 1841              	.LFE165:
 1843              		.section	.text.HAL_PCD_EP_GetRxCount,"ax",%progbits
 1844              		.align	1
 1845              		.global	HAL_PCD_EP_GetRxCount
 1846              		.syntax unified
 1847              		.thumb
 1848              		.thumb_func
 1850              	HAL_PCD_EP_GetRxCount:
 1851              	.LVL165:
 1852              	.LFB166:
1800:Drivers/STM32F7xx_HAL_Driver/Src/stm32f7xx_hal_pcd.c ****   return hpcd->OUT_ep[ep_addr & EP_ADDR_MSK].xfer_count;
 1853              		.loc 1 1800 1 is_stmt 1 view -0
 1854              		.cfi_startproc
 1855              		@ args = 0, pretend = 0, frame = 0
 1856              		@ frame_needed = 0, uses_anonymous_args = 0
 1857              		@ link register save eliminated.
1801:Drivers/STM32F7xx_HAL_Driver/Src/stm32f7xx_hal_pcd.c **** }
 1858              		.loc 1 1801 3 view .LVU528
1801:Drivers/STM32F7xx_HAL_Driver/Src/stm32f7xx_hal_pcd.c **** }
 1859              		.loc 1 1801 31 is_stmt 0 view .LVU529
 1860 0000 01F00F01 		and	r1, r1, #15
 1861              	.LVL166:
1801:Drivers/STM32F7xx_HAL_Driver/Src/stm32f7xx_hal_pcd.c **** }
ARM GAS  /tmp/cciuNOwn.s 			page 80


 1862              		.loc 1 1801 45 view .LVU530
 1863 0004 01EBC101 		add	r1, r1, r1, lsl #3
 1864 0008 00EB8100 		add	r0, r0, r1, lsl #2
 1865              	.LVL167:
1802:Drivers/STM32F7xx_HAL_Driver/Src/stm32f7xx_hal_pcd.c **** /**
 1866              		.loc 1 1802 1 view .LVU531
 1867 000c D0F86802 		ldr	r0, [r0, #616]
 1868 0010 7047     		bx	lr
 1869              		.cfi_endproc
 1870              	.LFE166:
 1872              		.section	.text.HAL_PCD_EP_Transmit,"ax",%progbits
 1873              		.align	1
 1874              		.global	HAL_PCD_EP_Transmit
 1875              		.syntax unified
 1876              		.thumb
 1877              		.thumb_func
 1879              	HAL_PCD_EP_Transmit:
 1880              	.LVL168:
 1881              	.LFB167:
1812:Drivers/STM32F7xx_HAL_Driver/Src/stm32f7xx_hal_pcd.c ****   PCD_EPTypeDef *ep;
 1882              		.loc 1 1812 1 is_stmt 1 view -0
 1883              		.cfi_startproc
 1884              		@ args = 0, pretend = 0, frame = 0
 1885              		@ frame_needed = 0, uses_anonymous_args = 0
1812:Drivers/STM32F7xx_HAL_Driver/Src/stm32f7xx_hal_pcd.c ****   PCD_EPTypeDef *ep;
 1886              		.loc 1 1812 1 is_stmt 0 view .LVU533
 1887 0000 10B5     		push	{r4, lr}
 1888              	.LCFI24:
 1889              		.cfi_def_cfa_offset 8
 1890              		.cfi_offset 4, -8
 1891              		.cfi_offset 14, -4
 1892 0002 1446     		mov	r4, r2
1813:Drivers/STM32F7xx_HAL_Driver/Src/stm32f7xx_hal_pcd.c **** 
 1893              		.loc 1 1813 3 is_stmt 1 view .LVU534
1815:Drivers/STM32F7xx_HAL_Driver/Src/stm32f7xx_hal_pcd.c **** 
 1894              		.loc 1 1815 3 view .LVU535
 1895 0004 01F00F0C 		and	ip, r1, #15
1815:Drivers/STM32F7xx_HAL_Driver/Src/stm32f7xx_hal_pcd.c **** 
 1896              		.loc 1 1815 6 is_stmt 0 view .LVU536
 1897 0008 0CEBCC01 		add	r1, ip, ip, lsl #3
 1898              	.LVL169:
1815:Drivers/STM32F7xx_HAL_Driver/Src/stm32f7xx_hal_pcd.c **** 
 1899              		.loc 1 1815 6 view .LVU537
 1900 000c 8900     		lsls	r1, r1, #2
 1901 000e 1031     		adds	r1, r1, #16
 1902 0010 0144     		add	r1, r1, r0
 1903 0012 0431     		adds	r1, r1, #4
 1904              	.LVL170:
1818:Drivers/STM32F7xx_HAL_Driver/Src/stm32f7xx_hal_pcd.c ****   ep->xfer_len = len;
 1905              		.loc 1 1818 3 is_stmt 1 view .LVU538
1818:Drivers/STM32F7xx_HAL_Driver/Src/stm32f7xx_hal_pcd.c ****   ep->xfer_len = len;
 1906              		.loc 1 1818 17 is_stmt 0 view .LVU539
 1907 0014 0CEBCC0E 		add	lr, ip, ip, lsl #3
 1908 0018 00EB8E0E 		add	lr, r0, lr, lsl #2
 1909 001c CEF82020 		str	r2, [lr, #32]
1819:Drivers/STM32F7xx_HAL_Driver/Src/stm32f7xx_hal_pcd.c ****   ep->xfer_count = 0U;
 1910              		.loc 1 1819 3 is_stmt 1 view .LVU540
ARM GAS  /tmp/cciuNOwn.s 			page 81


1819:Drivers/STM32F7xx_HAL_Driver/Src/stm32f7xx_hal_pcd.c ****   ep->xfer_count = 0U;
 1911              		.loc 1 1819 16 is_stmt 0 view .LVU541
 1912 0020 CEF82430 		str	r3, [lr, #36]
1820:Drivers/STM32F7xx_HAL_Driver/Src/stm32f7xx_hal_pcd.c ****   ep->is_in = 1U;
 1913              		.loc 1 1820 3 is_stmt 1 view .LVU542
1820:Drivers/STM32F7xx_HAL_Driver/Src/stm32f7xx_hal_pcd.c ****   ep->is_in = 1U;
 1914              		.loc 1 1820 18 is_stmt 0 view .LVU543
 1915 0024 0023     		movs	r3, #0
 1916              	.LVL171:
1820:Drivers/STM32F7xx_HAL_Driver/Src/stm32f7xx_hal_pcd.c ****   ep->is_in = 1U;
 1917              		.loc 1 1820 18 view .LVU544
 1918 0026 CEF82830 		str	r3, [lr, #40]
1821:Drivers/STM32F7xx_HAL_Driver/Src/stm32f7xx_hal_pcd.c ****   ep->num = ep_addr & EP_ADDR_MSK;
 1919              		.loc 1 1821 3 is_stmt 1 view .LVU545
1821:Drivers/STM32F7xx_HAL_Driver/Src/stm32f7xx_hal_pcd.c ****   ep->num = ep_addr & EP_ADDR_MSK;
 1920              		.loc 1 1821 13 is_stmt 0 view .LVU546
 1921 002a 0123     		movs	r3, #1
 1922 002c 8EF81530 		strb	r3, [lr, #21]
1822:Drivers/STM32F7xx_HAL_Driver/Src/stm32f7xx_hal_pcd.c **** 
 1923              		.loc 1 1822 3 is_stmt 1 view .LVU547
1822:Drivers/STM32F7xx_HAL_Driver/Src/stm32f7xx_hal_pcd.c **** 
 1924              		.loc 1 1822 11 is_stmt 0 view .LVU548
 1925 0030 8EF814C0 		strb	ip, [lr, #20]
1824:Drivers/STM32F7xx_HAL_Driver/Src/stm32f7xx_hal_pcd.c ****   {
 1926              		.loc 1 1824 3 is_stmt 1 view .LVU549
1824:Drivers/STM32F7xx_HAL_Driver/Src/stm32f7xx_hal_pcd.c ****   {
 1927              		.loc 1 1824 17 is_stmt 0 view .LVU550
 1928 0034 8279     		ldrb	r2, [r0, #6]	@ zero_extendqisi2
 1929              	.LVL172:
1824:Drivers/STM32F7xx_HAL_Driver/Src/stm32f7xx_hal_pcd.c ****   {
 1930              		.loc 1 1824 6 view .LVU551
 1931 0036 9A42     		cmp	r2, r3
 1932 0038 04D0     		beq	.L141
 1933              	.L139:
1829:Drivers/STM32F7xx_HAL_Driver/Src/stm32f7xx_hal_pcd.c **** 
 1934              		.loc 1 1829 3 is_stmt 1 view .LVU552
1829:Drivers/STM32F7xx_HAL_Driver/Src/stm32f7xx_hal_pcd.c **** 
 1935              		.loc 1 1829 9 is_stmt 0 view .LVU553
 1936 003a 0068     		ldr	r0, [r0]
 1937              	.LVL173:
1829:Drivers/STM32F7xx_HAL_Driver/Src/stm32f7xx_hal_pcd.c **** 
 1938              		.loc 1 1829 9 view .LVU554
 1939 003c FFF7FEFF 		bl	USB_EPStartXfer
 1940              	.LVL174:
1831:Drivers/STM32F7xx_HAL_Driver/Src/stm32f7xx_hal_pcd.c **** }
 1941              		.loc 1 1831 3 is_stmt 1 view .LVU555
1832:Drivers/STM32F7xx_HAL_Driver/Src/stm32f7xx_hal_pcd.c **** 
 1942              		.loc 1 1832 1 is_stmt 0 view .LVU556
 1943 0040 0020     		movs	r0, #0
 1944 0042 10BD     		pop	{r4, pc}
 1945              	.LVL175:
 1946              	.L141:
1826:Drivers/STM32F7xx_HAL_Driver/Src/stm32f7xx_hal_pcd.c ****   }
 1947              		.loc 1 1826 5 is_stmt 1 view .LVU557
1826:Drivers/STM32F7xx_HAL_Driver/Src/stm32f7xx_hal_pcd.c ****   }
 1948              		.loc 1 1826 18 is_stmt 0 view .LVU558
 1949 0044 CEF83040 		str	r4, [lr, #48]
ARM GAS  /tmp/cciuNOwn.s 			page 82


 1950 0048 F7E7     		b	.L139
 1951              		.cfi_endproc
 1952              	.LFE167:
 1954              		.section	.text.HAL_PCD_EP_SetStall,"ax",%progbits
 1955              		.align	1
 1956              		.global	HAL_PCD_EP_SetStall
 1957              		.syntax unified
 1958              		.thumb
 1959              		.thumb_func
 1961              	HAL_PCD_EP_SetStall:
 1962              	.LVL176:
 1963              	.LFB168:
1841:Drivers/STM32F7xx_HAL_Driver/Src/stm32f7xx_hal_pcd.c ****   PCD_EPTypeDef *ep;
 1964              		.loc 1 1841 1 is_stmt 1 view -0
 1965              		.cfi_startproc
 1966              		@ args = 0, pretend = 0, frame = 0
 1967              		@ frame_needed = 0, uses_anonymous_args = 0
1841:Drivers/STM32F7xx_HAL_Driver/Src/stm32f7xx_hal_pcd.c ****   PCD_EPTypeDef *ep;
 1968              		.loc 1 1841 1 is_stmt 0 view .LVU560
 1969 0000 38B5     		push	{r3, r4, r5, lr}
 1970              	.LCFI25:
 1971              		.cfi_def_cfa_offset 16
 1972              		.cfi_offset 3, -16
 1973              		.cfi_offset 4, -12
 1974              		.cfi_offset 5, -8
 1975              		.cfi_offset 14, -4
1842:Drivers/STM32F7xx_HAL_Driver/Src/stm32f7xx_hal_pcd.c **** 
 1976              		.loc 1 1842 3 is_stmt 1 view .LVU561
1844:Drivers/STM32F7xx_HAL_Driver/Src/stm32f7xx_hal_pcd.c ****   {
 1977              		.loc 1 1844 3 view .LVU562
 1978 0002 01F00F05 		and	r5, r1, #15
1844:Drivers/STM32F7xx_HAL_Driver/Src/stm32f7xx_hal_pcd.c ****   {
 1979              		.loc 1 1844 53 is_stmt 0 view .LVU563
 1980 0006 0279     		ldrb	r2, [r0, #4]	@ zero_extendqisi2
1844:Drivers/STM32F7xx_HAL_Driver/Src/stm32f7xx_hal_pcd.c ****   {
 1981              		.loc 1 1844 6 view .LVU564
 1982 0008 AA42     		cmp	r2, r5
 1983 000a 38D3     		bcc	.L147
 1984 000c 0446     		mov	r4, r0
 1985 000e 0B46     		mov	r3, r1
1849:Drivers/STM32F7xx_HAL_Driver/Src/stm32f7xx_hal_pcd.c ****   {
 1986              		.loc 1 1849 3 is_stmt 1 view .LVU565
1849:Drivers/STM32F7xx_HAL_Driver/Src/stm32f7xx_hal_pcd.c ****   {
 1987              		.loc 1 1849 6 is_stmt 0 view .LVU566
 1988 0010 11F0800F 		tst	r1, #128
 1989 0014 1FD1     		bne	.L150
1856:Drivers/STM32F7xx_HAL_Driver/Src/stm32f7xx_hal_pcd.c ****     ep->is_in = 0U;
 1990              		.loc 1 1856 5 is_stmt 1 view .LVU567
1856:Drivers/STM32F7xx_HAL_Driver/Src/stm32f7xx_hal_pcd.c ****     ep->is_in = 0U;
 1991              		.loc 1 1856 8 is_stmt 0 view .LVU568
 1992 0016 01EBC101 		add	r1, r1, r1, lsl #3
 1993              	.LVL177:
1856:Drivers/STM32F7xx_HAL_Driver/Src/stm32f7xx_hal_pcd.c ****     ep->is_in = 0U;
 1994              		.loc 1 1856 8 view .LVU569
 1995 001a 8900     		lsls	r1, r1, #2
 1996 001c 01F51471 		add	r1, r1, #592
 1997 0020 0144     		add	r1, r1, r0
ARM GAS  /tmp/cciuNOwn.s 			page 83


 1998 0022 0431     		adds	r1, r1, #4
 1999              	.LVL178:
1857:Drivers/STM32F7xx_HAL_Driver/Src/stm32f7xx_hal_pcd.c ****   }
 2000              		.loc 1 1857 5 is_stmt 1 view .LVU570
1857:Drivers/STM32F7xx_HAL_Driver/Src/stm32f7xx_hal_pcd.c ****   }
 2001              		.loc 1 1857 15 is_stmt 0 view .LVU571
 2002 0024 03EBC303 		add	r3, r3, r3, lsl #3
 2003              	.LVL179:
1857:Drivers/STM32F7xx_HAL_Driver/Src/stm32f7xx_hal_pcd.c ****   }
 2004              		.loc 1 1857 15 view .LVU572
 2005 0028 00EB8303 		add	r3, r0, r3, lsl #2
 2006 002c 0022     		movs	r2, #0
 2007 002e 83F85522 		strb	r2, [r3, #597]
 2008              	.L145:
1860:Drivers/STM32F7xx_HAL_Driver/Src/stm32f7xx_hal_pcd.c ****   ep->num = ep_addr & EP_ADDR_MSK;
 2009              		.loc 1 1860 3 is_stmt 1 view .LVU573
1860:Drivers/STM32F7xx_HAL_Driver/Src/stm32f7xx_hal_pcd.c ****   ep->num = ep_addr & EP_ADDR_MSK;
 2010              		.loc 1 1860 16 is_stmt 0 view .LVU574
 2011 0032 0123     		movs	r3, #1
 2012 0034 8B70     		strb	r3, [r1, #2]
1861:Drivers/STM32F7xx_HAL_Driver/Src/stm32f7xx_hal_pcd.c **** 
 2013              		.loc 1 1861 3 is_stmt 1 view .LVU575
1861:Drivers/STM32F7xx_HAL_Driver/Src/stm32f7xx_hal_pcd.c **** 
 2014              		.loc 1 1861 11 is_stmt 0 view .LVU576
 2015 0036 0D70     		strb	r5, [r1]
1863:Drivers/STM32F7xx_HAL_Driver/Src/stm32f7xx_hal_pcd.c **** 
 2016              		.loc 1 1863 3 is_stmt 1 view .LVU577
1863:Drivers/STM32F7xx_HAL_Driver/Src/stm32f7xx_hal_pcd.c **** 
 2017              		.loc 1 1863 3 view .LVU578
 2018 0038 94F89434 		ldrb	r3, [r4, #1172]	@ zero_extendqisi2
 2019 003c 012B     		cmp	r3, #1
 2020 003e 20D0     		beq	.L148
1863:Drivers/STM32F7xx_HAL_Driver/Src/stm32f7xx_hal_pcd.c **** 
 2021              		.loc 1 1863 3 discriminator 2 view .LVU579
 2022 0040 0123     		movs	r3, #1
 2023 0042 84F89434 		strb	r3, [r4, #1172]
1863:Drivers/STM32F7xx_HAL_Driver/Src/stm32f7xx_hal_pcd.c **** 
 2024              		.loc 1 1863 3 discriminator 2 view .LVU580
1865:Drivers/STM32F7xx_HAL_Driver/Src/stm32f7xx_hal_pcd.c **** 
 2025              		.loc 1 1865 3 view .LVU581
1865:Drivers/STM32F7xx_HAL_Driver/Src/stm32f7xx_hal_pcd.c **** 
 2026              		.loc 1 1865 9 is_stmt 0 view .LVU582
 2027 0046 2068     		ldr	r0, [r4]
 2028              	.LVL180:
1865:Drivers/STM32F7xx_HAL_Driver/Src/stm32f7xx_hal_pcd.c **** 
 2029              		.loc 1 1865 9 view .LVU583
 2030 0048 FFF7FEFF 		bl	USB_EPSetStall
 2031              	.LVL181:
1867:Drivers/STM32F7xx_HAL_Driver/Src/stm32f7xx_hal_pcd.c ****   {
 2032              		.loc 1 1867 3 is_stmt 1 view .LVU584
1867:Drivers/STM32F7xx_HAL_Driver/Src/stm32f7xx_hal_pcd.c ****   {
 2033              		.loc 1 1867 6 is_stmt 0 view .LVU585
 2034 004c 85B1     		cbz	r5, .L151
 2035              	.L146:
1872:Drivers/STM32F7xx_HAL_Driver/Src/stm32f7xx_hal_pcd.c **** 
 2036              		.loc 1 1872 3 is_stmt 1 view .LVU586
1872:Drivers/STM32F7xx_HAL_Driver/Src/stm32f7xx_hal_pcd.c **** 
ARM GAS  /tmp/cciuNOwn.s 			page 84


 2037              		.loc 1 1872 3 view .LVU587
 2038 004e 0020     		movs	r0, #0
 2039 0050 84F89404 		strb	r0, [r4, #1172]
1872:Drivers/STM32F7xx_HAL_Driver/Src/stm32f7xx_hal_pcd.c **** 
 2040              		.loc 1 1872 3 view .LVU588
1874:Drivers/STM32F7xx_HAL_Driver/Src/stm32f7xx_hal_pcd.c **** }
 2041              		.loc 1 1874 3 view .LVU589
 2042              	.LVL182:
 2043              	.L143:
1875:Drivers/STM32F7xx_HAL_Driver/Src/stm32f7xx_hal_pcd.c **** 
 2044              		.loc 1 1875 1 is_stmt 0 view .LVU590
 2045 0054 38BD     		pop	{r3, r4, r5, pc}
 2046              	.LVL183:
 2047              	.L150:
1851:Drivers/STM32F7xx_HAL_Driver/Src/stm32f7xx_hal_pcd.c ****     ep->is_in = 1U;
 2048              		.loc 1 1851 5 is_stmt 1 view .LVU591
1851:Drivers/STM32F7xx_HAL_Driver/Src/stm32f7xx_hal_pcd.c ****     ep->is_in = 1U;
 2049              		.loc 1 1851 8 is_stmt 0 view .LVU592
 2050 0056 05EBC501 		add	r1, r5, r5, lsl #3
 2051              	.LVL184:
1851:Drivers/STM32F7xx_HAL_Driver/Src/stm32f7xx_hal_pcd.c ****     ep->is_in = 1U;
 2052              		.loc 1 1851 8 view .LVU593
 2053 005a 8900     		lsls	r1, r1, #2
 2054 005c 1031     		adds	r1, r1, #16
 2055 005e 0144     		add	r1, r1, r0
 2056 0060 0431     		adds	r1, r1, #4
 2057              	.LVL185:
1852:Drivers/STM32F7xx_HAL_Driver/Src/stm32f7xx_hal_pcd.c ****   }
 2058              		.loc 1 1852 5 is_stmt 1 view .LVU594
1852:Drivers/STM32F7xx_HAL_Driver/Src/stm32f7xx_hal_pcd.c ****   }
 2059              		.loc 1 1852 15 is_stmt 0 view .LVU595
 2060 0062 05EBC503 		add	r3, r5, r5, lsl #3
 2061              	.LVL186:
1852:Drivers/STM32F7xx_HAL_Driver/Src/stm32f7xx_hal_pcd.c ****   }
 2062              		.loc 1 1852 15 view .LVU596
 2063 0066 00EB8303 		add	r3, r0, r3, lsl #2
 2064 006a 0122     		movs	r2, #1
 2065 006c 5A75     		strb	r2, [r3, #21]
 2066 006e E0E7     		b	.L145
 2067              	.LVL187:
 2068              	.L151:
1869:Drivers/STM32F7xx_HAL_Driver/Src/stm32f7xx_hal_pcd.c ****   }
 2069              		.loc 1 1869 5 is_stmt 1 view .LVU597
1869:Drivers/STM32F7xx_HAL_Driver/Src/stm32f7xx_hal_pcd.c ****   }
 2070              		.loc 1 1869 11 is_stmt 0 view .LVU598
 2071 0070 04F29C42 		addw	r2, r4, #1180
 2072 0074 A179     		ldrb	r1, [r4, #6]	@ zero_extendqisi2
 2073 0076 2068     		ldr	r0, [r4]
 2074 0078 FFF7FEFF 		bl	USB_EP0_OutStart
 2075              	.LVL188:
 2076 007c E7E7     		b	.L146
 2077              	.LVL189:
 2078              	.L147:
1846:Drivers/STM32F7xx_HAL_Driver/Src/stm32f7xx_hal_pcd.c ****   }
 2079              		.loc 1 1846 12 view .LVU599
 2080 007e 0120     		movs	r0, #1
 2081              	.LVL190:
ARM GAS  /tmp/cciuNOwn.s 			page 85


1846:Drivers/STM32F7xx_HAL_Driver/Src/stm32f7xx_hal_pcd.c ****   }
 2082              		.loc 1 1846 12 view .LVU600
 2083 0080 E8E7     		b	.L143
 2084              	.LVL191:
 2085              	.L148:
1863:Drivers/STM32F7xx_HAL_Driver/Src/stm32f7xx_hal_pcd.c **** 
 2086              		.loc 1 1863 3 discriminator 1 view .LVU601
 2087 0082 0220     		movs	r0, #2
 2088              	.LVL192:
1863:Drivers/STM32F7xx_HAL_Driver/Src/stm32f7xx_hal_pcd.c **** 
 2089              		.loc 1 1863 3 discriminator 1 view .LVU602
 2090 0084 E6E7     		b	.L143
 2091              		.cfi_endproc
 2092              	.LFE168:
 2094              		.section	.text.HAL_PCD_EP_ClrStall,"ax",%progbits
 2095              		.align	1
 2096              		.global	HAL_PCD_EP_ClrStall
 2097              		.syntax unified
 2098              		.thumb
 2099              		.thumb_func
 2101              	HAL_PCD_EP_ClrStall:
 2102              	.LVL193:
 2103              	.LFB169:
1884:Drivers/STM32F7xx_HAL_Driver/Src/stm32f7xx_hal_pcd.c ****   PCD_EPTypeDef *ep;
 2104              		.loc 1 1884 1 is_stmt 1 view -0
 2105              		.cfi_startproc
 2106              		@ args = 0, pretend = 0, frame = 0
 2107              		@ frame_needed = 0, uses_anonymous_args = 0
1885:Drivers/STM32F7xx_HAL_Driver/Src/stm32f7xx_hal_pcd.c **** 
 2108              		.loc 1 1885 3 view .LVU604
1887:Drivers/STM32F7xx_HAL_Driver/Src/stm32f7xx_hal_pcd.c ****   {
 2109              		.loc 1 1887 3 view .LVU605
 2110 0000 01F00F03 		and	r3, r1, #15
1887:Drivers/STM32F7xx_HAL_Driver/Src/stm32f7xx_hal_pcd.c ****   {
 2111              		.loc 1 1887 47 is_stmt 0 view .LVU606
 2112 0004 0279     		ldrb	r2, [r0, #4]	@ zero_extendqisi2
1887:Drivers/STM32F7xx_HAL_Driver/Src/stm32f7xx_hal_pcd.c ****   {
 2113              		.loc 1 1887 6 view .LVU607
 2114 0006 9A42     		cmp	r2, r3
 2115 0008 30D3     		bcc	.L156
1884:Drivers/STM32F7xx_HAL_Driver/Src/stm32f7xx_hal_pcd.c ****   PCD_EPTypeDef *ep;
 2116              		.loc 1 1884 1 view .LVU608
 2117 000a 10B5     		push	{r4, lr}
 2118              	.LCFI26:
 2119              		.cfi_def_cfa_offset 8
 2120              		.cfi_offset 4, -8
 2121              		.cfi_offset 14, -4
 2122 000c 0446     		mov	r4, r0
1892:Drivers/STM32F7xx_HAL_Driver/Src/stm32f7xx_hal_pcd.c ****   {
 2123              		.loc 1 1892 3 is_stmt 1 view .LVU609
1892:Drivers/STM32F7xx_HAL_Driver/Src/stm32f7xx_hal_pcd.c ****   {
 2124              		.loc 1 1892 6 is_stmt 0 view .LVU610
 2125 000e 11F0800F 		tst	r1, #128
 2126 0012 1ED1     		bne	.L162
1899:Drivers/STM32F7xx_HAL_Driver/Src/stm32f7xx_hal_pcd.c ****     ep->is_in = 0U;
 2127              		.loc 1 1899 5 is_stmt 1 view .LVU611
1899:Drivers/STM32F7xx_HAL_Driver/Src/stm32f7xx_hal_pcd.c ****     ep->is_in = 0U;
ARM GAS  /tmp/cciuNOwn.s 			page 86


 2128              		.loc 1 1899 8 is_stmt 0 view .LVU612
 2129 0014 03EBC301 		add	r1, r3, r3, lsl #3
 2130              	.LVL194:
1899:Drivers/STM32F7xx_HAL_Driver/Src/stm32f7xx_hal_pcd.c ****     ep->is_in = 0U;
 2131              		.loc 1 1899 8 view .LVU613
 2132 0018 8900     		lsls	r1, r1, #2
 2133 001a 01F51471 		add	r1, r1, #592
 2134 001e 0144     		add	r1, r1, r0
 2135 0020 0431     		adds	r1, r1, #4
 2136              	.LVL195:
1900:Drivers/STM32F7xx_HAL_Driver/Src/stm32f7xx_hal_pcd.c ****   }
 2137              		.loc 1 1900 5 is_stmt 1 view .LVU614
1900:Drivers/STM32F7xx_HAL_Driver/Src/stm32f7xx_hal_pcd.c ****   }
 2138              		.loc 1 1900 15 is_stmt 0 view .LVU615
 2139 0022 03EBC302 		add	r2, r3, r3, lsl #3
 2140 0026 00EB8202 		add	r2, r0, r2, lsl #2
 2141 002a 0020     		movs	r0, #0
 2142              	.LVL196:
1900:Drivers/STM32F7xx_HAL_Driver/Src/stm32f7xx_hal_pcd.c ****   }
 2143              		.loc 1 1900 15 view .LVU616
 2144 002c 82F85502 		strb	r0, [r2, #597]
 2145              	.L155:
1903:Drivers/STM32F7xx_HAL_Driver/Src/stm32f7xx_hal_pcd.c ****   ep->num = ep_addr & EP_ADDR_MSK;
 2146              		.loc 1 1903 3 is_stmt 1 view .LVU617
1903:Drivers/STM32F7xx_HAL_Driver/Src/stm32f7xx_hal_pcd.c ****   ep->num = ep_addr & EP_ADDR_MSK;
 2147              		.loc 1 1903 16 is_stmt 0 view .LVU618
 2148 0030 0022     		movs	r2, #0
 2149 0032 8A70     		strb	r2, [r1, #2]
1904:Drivers/STM32F7xx_HAL_Driver/Src/stm32f7xx_hal_pcd.c **** 
 2150              		.loc 1 1904 3 is_stmt 1 view .LVU619
1904:Drivers/STM32F7xx_HAL_Driver/Src/stm32f7xx_hal_pcd.c **** 
 2151              		.loc 1 1904 11 is_stmt 0 view .LVU620
 2152 0034 0B70     		strb	r3, [r1]
1906:Drivers/STM32F7xx_HAL_Driver/Src/stm32f7xx_hal_pcd.c ****   (void)USB_EPClearStall(hpcd->Instance, ep);
 2153              		.loc 1 1906 3 is_stmt 1 view .LVU621
1906:Drivers/STM32F7xx_HAL_Driver/Src/stm32f7xx_hal_pcd.c ****   (void)USB_EPClearStall(hpcd->Instance, ep);
 2154              		.loc 1 1906 3 view .LVU622
 2155 0036 94F89434 		ldrb	r3, [r4, #1172]	@ zero_extendqisi2
 2156 003a 012B     		cmp	r3, #1
 2157 003c 18D0     		beq	.L157
1906:Drivers/STM32F7xx_HAL_Driver/Src/stm32f7xx_hal_pcd.c ****   (void)USB_EPClearStall(hpcd->Instance, ep);
 2158              		.loc 1 1906 3 discriminator 2 view .LVU623
 2159 003e 0123     		movs	r3, #1
 2160 0040 84F89434 		strb	r3, [r4, #1172]
1906:Drivers/STM32F7xx_HAL_Driver/Src/stm32f7xx_hal_pcd.c ****   (void)USB_EPClearStall(hpcd->Instance, ep);
 2161              		.loc 1 1906 3 discriminator 2 view .LVU624
1907:Drivers/STM32F7xx_HAL_Driver/Src/stm32f7xx_hal_pcd.c ****   __HAL_UNLOCK(hpcd);
 2162              		.loc 1 1907 3 view .LVU625
1907:Drivers/STM32F7xx_HAL_Driver/Src/stm32f7xx_hal_pcd.c ****   __HAL_UNLOCK(hpcd);
 2163              		.loc 1 1907 9 is_stmt 0 view .LVU626
 2164 0044 2068     		ldr	r0, [r4]
 2165 0046 FFF7FEFF 		bl	USB_EPClearStall
 2166              	.LVL197:
1908:Drivers/STM32F7xx_HAL_Driver/Src/stm32f7xx_hal_pcd.c **** 
 2167              		.loc 1 1908 3 is_stmt 1 view .LVU627
1908:Drivers/STM32F7xx_HAL_Driver/Src/stm32f7xx_hal_pcd.c **** 
 2168              		.loc 1 1908 3 view .LVU628
ARM GAS  /tmp/cciuNOwn.s 			page 87


 2169 004a 0020     		movs	r0, #0
 2170 004c 84F89404 		strb	r0, [r4, #1172]
1908:Drivers/STM32F7xx_HAL_Driver/Src/stm32f7xx_hal_pcd.c **** 
 2171              		.loc 1 1908 3 view .LVU629
1910:Drivers/STM32F7xx_HAL_Driver/Src/stm32f7xx_hal_pcd.c **** }
 2172              		.loc 1 1910 3 view .LVU630
 2173              	.L153:
1911:Drivers/STM32F7xx_HAL_Driver/Src/stm32f7xx_hal_pcd.c **** 
 2174              		.loc 1 1911 1 is_stmt 0 view .LVU631
 2175 0050 10BD     		pop	{r4, pc}
 2176              	.LVL198:
 2177              	.L162:
1894:Drivers/STM32F7xx_HAL_Driver/Src/stm32f7xx_hal_pcd.c ****     ep->is_in = 1U;
 2178              		.loc 1 1894 5 is_stmt 1 view .LVU632
1894:Drivers/STM32F7xx_HAL_Driver/Src/stm32f7xx_hal_pcd.c ****     ep->is_in = 1U;
 2179              		.loc 1 1894 8 is_stmt 0 view .LVU633
 2180 0052 03EBC301 		add	r1, r3, r3, lsl #3
 2181              	.LVL199:
1894:Drivers/STM32F7xx_HAL_Driver/Src/stm32f7xx_hal_pcd.c ****     ep->is_in = 1U;
 2182              		.loc 1 1894 8 view .LVU634
 2183 0056 8900     		lsls	r1, r1, #2
 2184 0058 1031     		adds	r1, r1, #16
 2185 005a 0144     		add	r1, r1, r0
 2186 005c 0431     		adds	r1, r1, #4
 2187              	.LVL200:
1895:Drivers/STM32F7xx_HAL_Driver/Src/stm32f7xx_hal_pcd.c ****   }
 2188              		.loc 1 1895 5 is_stmt 1 view .LVU635
1895:Drivers/STM32F7xx_HAL_Driver/Src/stm32f7xx_hal_pcd.c ****   }
 2189              		.loc 1 1895 15 is_stmt 0 view .LVU636
 2190 005e 03EBC302 		add	r2, r3, r3, lsl #3
 2191 0062 00EB8202 		add	r2, r0, r2, lsl #2
 2192 0066 0120     		movs	r0, #1
 2193              	.LVL201:
1895:Drivers/STM32F7xx_HAL_Driver/Src/stm32f7xx_hal_pcd.c ****   }
 2194              		.loc 1 1895 15 view .LVU637
 2195 0068 5075     		strb	r0, [r2, #21]
 2196 006a E1E7     		b	.L155
 2197              	.LVL202:
 2198              	.L156:
 2199              	.LCFI27:
 2200              		.cfi_def_cfa_offset 0
 2201              		.cfi_restore 4
 2202              		.cfi_restore 14
1889:Drivers/STM32F7xx_HAL_Driver/Src/stm32f7xx_hal_pcd.c ****   }
 2203              		.loc 1 1889 12 view .LVU638
 2204 006c 0120     		movs	r0, #1
 2205              	.LVL203:
1911:Drivers/STM32F7xx_HAL_Driver/Src/stm32f7xx_hal_pcd.c **** 
 2206              		.loc 1 1911 1 view .LVU639
 2207 006e 7047     		bx	lr
 2208              	.LVL204:
 2209              	.L157:
 2210              	.LCFI28:
 2211              		.cfi_def_cfa_offset 8
 2212              		.cfi_offset 4, -8
 2213              		.cfi_offset 14, -4
1906:Drivers/STM32F7xx_HAL_Driver/Src/stm32f7xx_hal_pcd.c ****   (void)USB_EPClearStall(hpcd->Instance, ep);
ARM GAS  /tmp/cciuNOwn.s 			page 88


 2214              		.loc 1 1906 3 discriminator 1 view .LVU640
 2215 0070 0220     		movs	r0, #2
 2216 0072 EDE7     		b	.L153
 2217              		.cfi_endproc
 2218              	.LFE169:
 2220              		.section	.text.HAL_PCD_EP_Abort,"ax",%progbits
 2221              		.align	1
 2222              		.global	HAL_PCD_EP_Abort
 2223              		.syntax unified
 2224              		.thumb
 2225              		.thumb_func
 2227              	HAL_PCD_EP_Abort:
 2228              	.LVL205:
 2229              	.LFB170:
1920:Drivers/STM32F7xx_HAL_Driver/Src/stm32f7xx_hal_pcd.c ****   HAL_StatusTypeDef ret;
 2230              		.loc 1 1920 1 is_stmt 1 view -0
 2231              		.cfi_startproc
 2232              		@ args = 0, pretend = 0, frame = 0
 2233              		@ frame_needed = 0, uses_anonymous_args = 0
1920:Drivers/STM32F7xx_HAL_Driver/Src/stm32f7xx_hal_pcd.c ****   HAL_StatusTypeDef ret;
 2234              		.loc 1 1920 1 is_stmt 0 view .LVU642
 2235 0000 08B5     		push	{r3, lr}
 2236              	.LCFI29:
 2237              		.cfi_def_cfa_offset 8
 2238              		.cfi_offset 3, -8
 2239              		.cfi_offset 14, -4
1921:Drivers/STM32F7xx_HAL_Driver/Src/stm32f7xx_hal_pcd.c ****   PCD_EPTypeDef *ep;
 2240              		.loc 1 1921 3 is_stmt 1 view .LVU643
1922:Drivers/STM32F7xx_HAL_Driver/Src/stm32f7xx_hal_pcd.c **** 
 2241              		.loc 1 1922 3 view .LVU644
1924:Drivers/STM32F7xx_HAL_Driver/Src/stm32f7xx_hal_pcd.c ****   {
 2242              		.loc 1 1924 3 view .LVU645
1924:Drivers/STM32F7xx_HAL_Driver/Src/stm32f7xx_hal_pcd.c ****   {
 2243              		.loc 1 1924 6 is_stmt 0 view .LVU646
 2244 0002 11F0800F 		tst	r1, #128
 2245 0006 0CD1     		bne	.L167
1930:Drivers/STM32F7xx_HAL_Driver/Src/stm32f7xx_hal_pcd.c ****   }
 2246              		.loc 1 1930 5 is_stmt 1 view .LVU647
1930:Drivers/STM32F7xx_HAL_Driver/Src/stm32f7xx_hal_pcd.c ****   }
 2247              		.loc 1 1930 32 is_stmt 0 view .LVU648
 2248 0008 01F00F01 		and	r1, r1, #15
 2249              	.LVL206:
1930:Drivers/STM32F7xx_HAL_Driver/Src/stm32f7xx_hal_pcd.c ****   }
 2250              		.loc 1 1930 8 view .LVU649
 2251 000c 01EBC101 		add	r1, r1, r1, lsl #3
 2252 0010 8900     		lsls	r1, r1, #2
 2253 0012 01F51471 		add	r1, r1, #592
 2254 0016 0144     		add	r1, r1, r0
 2255 0018 0431     		adds	r1, r1, #4
 2256              	.LVL207:
 2257              	.L165:
1934:Drivers/STM32F7xx_HAL_Driver/Src/stm32f7xx_hal_pcd.c **** 
 2258              		.loc 1 1934 3 is_stmt 1 view .LVU650
1934:Drivers/STM32F7xx_HAL_Driver/Src/stm32f7xx_hal_pcd.c **** 
 2259              		.loc 1 1934 9 is_stmt 0 view .LVU651
 2260 001a 0068     		ldr	r0, [r0]
 2261              	.LVL208:
ARM GAS  /tmp/cciuNOwn.s 			page 89


1934:Drivers/STM32F7xx_HAL_Driver/Src/stm32f7xx_hal_pcd.c **** 
 2262              		.loc 1 1934 9 view .LVU652
 2263 001c FFF7FEFF 		bl	USB_EPStopXfer
 2264              	.LVL209:
1936:Drivers/STM32F7xx_HAL_Driver/Src/stm32f7xx_hal_pcd.c **** }
 2265              		.loc 1 1936 3 is_stmt 1 view .LVU653
1937:Drivers/STM32F7xx_HAL_Driver/Src/stm32f7xx_hal_pcd.c **** 
 2266              		.loc 1 1937 1 is_stmt 0 view .LVU654
 2267 0020 08BD     		pop	{r3, pc}
 2268              	.LVL210:
 2269              	.L167:
1926:Drivers/STM32F7xx_HAL_Driver/Src/stm32f7xx_hal_pcd.c ****   }
 2270              		.loc 1 1926 5 is_stmt 1 view .LVU655
1926:Drivers/STM32F7xx_HAL_Driver/Src/stm32f7xx_hal_pcd.c ****   }
 2271              		.loc 1 1926 31 is_stmt 0 view .LVU656
 2272 0022 01F00F01 		and	r1, r1, #15
 2273              	.LVL211:
1926:Drivers/STM32F7xx_HAL_Driver/Src/stm32f7xx_hal_pcd.c ****   }
 2274              		.loc 1 1926 8 view .LVU657
 2275 0026 01EBC101 		add	r1, r1, r1, lsl #3
 2276 002a 8900     		lsls	r1, r1, #2
 2277 002c 1031     		adds	r1, r1, #16
 2278 002e 0144     		add	r1, r1, r0
 2279 0030 0431     		adds	r1, r1, #4
 2280              	.LVL212:
1926:Drivers/STM32F7xx_HAL_Driver/Src/stm32f7xx_hal_pcd.c ****   }
 2281              		.loc 1 1926 8 view .LVU658
 2282 0032 F2E7     		b	.L165
 2283              		.cfi_endproc
 2284              	.LFE170:
 2286              		.section	.text.HAL_PCD_IRQHandler,"ax",%progbits
 2287              		.align	1
 2288              		.global	HAL_PCD_IRQHandler
 2289              		.syntax unified
 2290              		.thumb
 2291              		.thumb_func
 2293              	HAL_PCD_IRQHandler:
 2294              	.LVL213:
 2295              	.LFB147:
 971:Drivers/STM32F7xx_HAL_Driver/Src/stm32f7xx_hal_pcd.c ****   USB_OTG_GlobalTypeDef *USBx = hpcd->Instance;
 2296              		.loc 1 971 1 is_stmt 1 view -0
 2297              		.cfi_startproc
 2298              		@ args = 0, pretend = 0, frame = 8
 2299              		@ frame_needed = 0, uses_anonymous_args = 0
 971:Drivers/STM32F7xx_HAL_Driver/Src/stm32f7xx_hal_pcd.c ****   USB_OTG_GlobalTypeDef *USBx = hpcd->Instance;
 2300              		.loc 1 971 1 is_stmt 0 view .LVU660
 2301 0000 2DE9F04F 		push	{r4, r5, r6, r7, r8, r9, r10, fp, lr}
 2302              	.LCFI30:
 2303              		.cfi_def_cfa_offset 36
 2304              		.cfi_offset 4, -36
 2305              		.cfi_offset 5, -32
 2306              		.cfi_offset 6, -28
 2307              		.cfi_offset 7, -24
 2308              		.cfi_offset 8, -20
 2309              		.cfi_offset 9, -16
 2310              		.cfi_offset 10, -12
 2311              		.cfi_offset 11, -8
ARM GAS  /tmp/cciuNOwn.s 			page 90


 2312              		.cfi_offset 14, -4
 2313 0004 83B0     		sub	sp, sp, #12
 2314              	.LCFI31:
 2315              		.cfi_def_cfa_offset 48
 2316 0006 0446     		mov	r4, r0
 972:Drivers/STM32F7xx_HAL_Driver/Src/stm32f7xx_hal_pcd.c ****   uint32_t USBx_BASE = (uint32_t)USBx;
 2317              		.loc 1 972 3 is_stmt 1 view .LVU661
 972:Drivers/STM32F7xx_HAL_Driver/Src/stm32f7xx_hal_pcd.c ****   uint32_t USBx_BASE = (uint32_t)USBx;
 2318              		.loc 1 972 26 is_stmt 0 view .LVU662
 2319 0008 0568     		ldr	r5, [r0]
 2320              	.LVL214:
 973:Drivers/STM32F7xx_HAL_Driver/Src/stm32f7xx_hal_pcd.c ****   USB_OTG_EPTypeDef *ep;
 2321              		.loc 1 973 3 is_stmt 1 view .LVU663
 974:Drivers/STM32F7xx_HAL_Driver/Src/stm32f7xx_hal_pcd.c ****   uint32_t i;
 2322              		.loc 1 974 3 view .LVU664
 975:Drivers/STM32F7xx_HAL_Driver/Src/stm32f7xx_hal_pcd.c ****   uint32_t ep_intr;
 2323              		.loc 1 975 3 view .LVU665
 976:Drivers/STM32F7xx_HAL_Driver/Src/stm32f7xx_hal_pcd.c ****   uint32_t epint;
 2324              		.loc 1 976 3 view .LVU666
 977:Drivers/STM32F7xx_HAL_Driver/Src/stm32f7xx_hal_pcd.c ****   uint32_t epnum;
 2325              		.loc 1 977 3 view .LVU667
 978:Drivers/STM32F7xx_HAL_Driver/Src/stm32f7xx_hal_pcd.c ****   uint32_t fifoemptymsk;
 2326              		.loc 1 978 3 view .LVU668
 979:Drivers/STM32F7xx_HAL_Driver/Src/stm32f7xx_hal_pcd.c ****   uint32_t RegVal;
 2327              		.loc 1 979 3 view .LVU669
 980:Drivers/STM32F7xx_HAL_Driver/Src/stm32f7xx_hal_pcd.c **** 
 2328              		.loc 1 980 3 view .LVU670
 983:Drivers/STM32F7xx_HAL_Driver/Src/stm32f7xx_hal_pcd.c ****   {
 2329              		.loc 1 983 3 view .LVU671
 983:Drivers/STM32F7xx_HAL_Driver/Src/stm32f7xx_hal_pcd.c ****   {
 2330              		.loc 1 983 7 is_stmt 0 view .LVU672
 2331 000a 2846     		mov	r0, r5
 2332              	.LVL215:
 983:Drivers/STM32F7xx_HAL_Driver/Src/stm32f7xx_hal_pcd.c ****   {
 2333              		.loc 1 983 7 view .LVU673
 2334 000c FFF7FEFF 		bl	USB_GetMode
 2335              	.LVL216:
 983:Drivers/STM32F7xx_HAL_Driver/Src/stm32f7xx_hal_pcd.c ****   {
 2336              		.loc 1 983 6 discriminator 1 view .LVU674
 2337 0010 10B1     		cbz	r0, .L228
 2338              	.LVL217:
 2339              	.L168:
1422:Drivers/STM32F7xx_HAL_Driver/Src/stm32f7xx_hal_pcd.c **** 
 2340              		.loc 1 1422 1 view .LVU675
 2341 0012 03B0     		add	sp, sp, #12
 2342              	.LCFI32:
 2343              		.cfi_remember_state
 2344              		.cfi_def_cfa_offset 36
 2345              		@ sp needed
 2346 0014 BDE8F08F 		pop	{r4, r5, r6, r7, r8, r9, r10, fp, pc}
 2347              	.LVL218:
 2348              	.L228:
 2349              	.LCFI33:
 2350              		.cfi_restore_state
1422:Drivers/STM32F7xx_HAL_Driver/Src/stm32f7xx_hal_pcd.c **** 
 2351              		.loc 1 1422 1 view .LVU676
 2352 0018 0646     		mov	r6, r0
ARM GAS  /tmp/cciuNOwn.s 			page 91


 986:Drivers/STM32F7xx_HAL_Driver/Src/stm32f7xx_hal_pcd.c ****     {
 2353              		.loc 1 986 5 is_stmt 1 view .LVU677
 986:Drivers/STM32F7xx_HAL_Driver/Src/stm32f7xx_hal_pcd.c ****     {
 2354              		.loc 1 986 9 is_stmt 0 view .LVU678
 2355 001a 2068     		ldr	r0, [r4]
 2356 001c FFF7FEFF 		bl	USB_ReadInterrupts
 2357              	.LVL219:
 986:Drivers/STM32F7xx_HAL_Driver/Src/stm32f7xx_hal_pcd.c ****     {
 2358              		.loc 1 986 8 discriminator 1 view .LVU679
 2359 0020 0028     		cmp	r0, #0
 2360 0022 F6D0     		beq	.L168
 992:Drivers/STM32F7xx_HAL_Driver/Src/stm32f7xx_hal_pcd.c **** 
 2361              		.loc 1 992 5 is_stmt 1 view .LVU680
 992:Drivers/STM32F7xx_HAL_Driver/Src/stm32f7xx_hal_pcd.c **** 
 2362              		.loc 1 992 26 is_stmt 0 view .LVU681
 2363 0024 05F50067 		add	r7, r5, #2048
 992:Drivers/STM32F7xx_HAL_Driver/Src/stm32f7xx_hal_pcd.c **** 
 2364              		.loc 1 992 37 view .LVU682
 2365 0028 BB68     		ldr	r3, [r7, #8]
 992:Drivers/STM32F7xx_HAL_Driver/Src/stm32f7xx_hal_pcd.c **** 
 2366              		.loc 1 992 70 view .LVU683
 2367 002a C3F30D23 		ubfx	r3, r3, #8, #14
 992:Drivers/STM32F7xx_HAL_Driver/Src/stm32f7xx_hal_pcd.c **** 
 2368              		.loc 1 992 23 view .LVU684
 2369 002e C4F8D434 		str	r3, [r4, #1236]
 994:Drivers/STM32F7xx_HAL_Driver/Src/stm32f7xx_hal_pcd.c ****     {
 2370              		.loc 1 994 5 is_stmt 1 view .LVU685
 994:Drivers/STM32F7xx_HAL_Driver/Src/stm32f7xx_hal_pcd.c ****     {
 2371              		.loc 1 994 9 is_stmt 0 view .LVU686
 2372 0032 2068     		ldr	r0, [r4]
 2373 0034 FFF7FEFF 		bl	USB_ReadInterrupts
 2374              	.LVL220:
 994:Drivers/STM32F7xx_HAL_Driver/Src/stm32f7xx_hal_pcd.c ****     {
 2375              		.loc 1 994 8 discriminator 1 view .LVU687
 2376 0038 10F0020F 		tst	r0, #2
 2377 003c 04D0     		beq	.L170
 997:Drivers/STM32F7xx_HAL_Driver/Src/stm32f7xx_hal_pcd.c ****     }
 2378              		.loc 1 997 7 is_stmt 1 view .LVU688
 2379 003e 2268     		ldr	r2, [r4]
 2380 0040 5369     		ldr	r3, [r2, #20]
 2381 0042 03F00203 		and	r3, r3, #2
 2382 0046 5361     		str	r3, [r2, #20]
 2383              	.L170:
1001:Drivers/STM32F7xx_HAL_Driver/Src/stm32f7xx_hal_pcd.c ****     {
 2384              		.loc 1 1001 5 view .LVU689
1001:Drivers/STM32F7xx_HAL_Driver/Src/stm32f7xx_hal_pcd.c ****     {
 2385              		.loc 1 1001 9 is_stmt 0 view .LVU690
 2386 0048 2068     		ldr	r0, [r4]
 2387 004a FFF7FEFF 		bl	USB_ReadInterrupts
 2388              	.LVL221:
1001:Drivers/STM32F7xx_HAL_Driver/Src/stm32f7xx_hal_pcd.c ****     {
 2389              		.loc 1 1001 8 discriminator 1 view .LVU691
 2390 004e 10F0100F 		tst	r0, #16
 2391 0052 16D0     		beq	.L171
1003:Drivers/STM32F7xx_HAL_Driver/Src/stm32f7xx_hal_pcd.c **** 
 2392              		.loc 1 1003 7 is_stmt 1 view .LVU692
 2393 0054 2268     		ldr	r2, [r4]
ARM GAS  /tmp/cciuNOwn.s 			page 92


 2394 0056 9369     		ldr	r3, [r2, #24]
 2395 0058 23F01003 		bic	r3, r3, #16
 2396 005c 9361     		str	r3, [r2, #24]
1005:Drivers/STM32F7xx_HAL_Driver/Src/stm32f7xx_hal_pcd.c **** 
 2397              		.loc 1 1005 7 view .LVU693
1005:Drivers/STM32F7xx_HAL_Driver/Src/stm32f7xx_hal_pcd.c **** 
 2398              		.loc 1 1005 14 is_stmt 0 view .LVU694
 2399 005e D5F82080 		ldr	r8, [r5, #32]
 2400              	.LVL222:
1007:Drivers/STM32F7xx_HAL_Driver/Src/stm32f7xx_hal_pcd.c **** 
 2401              		.loc 1 1007 7 is_stmt 1 view .LVU695
1007:Drivers/STM32F7xx_HAL_Driver/Src/stm32f7xx_hal_pcd.c **** 
 2402              		.loc 1 1007 33 is_stmt 0 view .LVU696
 2403 0062 08F00F09 		and	r9, r8, #15
 2404              	.LVL223:
1009:Drivers/STM32F7xx_HAL_Driver/Src/stm32f7xx_hal_pcd.c ****       {
 2405              		.loc 1 1009 7 is_stmt 1 view .LVU697
1009:Drivers/STM32F7xx_HAL_Driver/Src/stm32f7xx_hal_pcd.c ****       {
 2406              		.loc 1 1009 53 is_stmt 0 view .LVU698
 2407 0066 08F4F013 		and	r3, r8, #1966080
1009:Drivers/STM32F7xx_HAL_Driver/Src/stm32f7xx_hal_pcd.c ****       {
 2408              		.loc 1 1009 10 view .LVU699
 2409 006a B3F5802F 		cmp	r3, #262144
 2410 006e 6AD0     		beq	.L229
1020:Drivers/STM32F7xx_HAL_Driver/Src/stm32f7xx_hal_pcd.c ****       {
 2411              		.loc 1 1020 12 is_stmt 1 view .LVU700
1020:Drivers/STM32F7xx_HAL_Driver/Src/stm32f7xx_hal_pcd.c ****       {
 2412              		.loc 1 1020 15 is_stmt 0 view .LVU701
 2413 0070 B3F5402F 		cmp	r3, #786432
 2414 0074 00F08D80 		beq	.L230
 2415              	.LVL224:
 2416              	.L173:
1028:Drivers/STM32F7xx_HAL_Driver/Src/stm32f7xx_hal_pcd.c **** 
 2417              		.loc 1 1028 7 is_stmt 1 view .LVU702
1030:Drivers/STM32F7xx_HAL_Driver/Src/stm32f7xx_hal_pcd.c ****     }
 2418              		.loc 1 1030 7 view .LVU703
 2419 0078 2268     		ldr	r2, [r4]
 2420 007a 9369     		ldr	r3, [r2, #24]
 2421 007c 43F01003 		orr	r3, r3, #16
 2422 0080 9361     		str	r3, [r2, #24]
 2423              	.LVL225:
 2424              	.L171:
1033:Drivers/STM32F7xx_HAL_Driver/Src/stm32f7xx_hal_pcd.c ****     {
 2425              		.loc 1 1033 5 view .LVU704
1033:Drivers/STM32F7xx_HAL_Driver/Src/stm32f7xx_hal_pcd.c ****     {
 2426              		.loc 1 1033 9 is_stmt 0 view .LVU705
 2427 0082 2068     		ldr	r0, [r4]
 2428 0084 FFF7FEFF 		bl	USB_ReadInterrupts
 2429              	.LVL226:
1033:Drivers/STM32F7xx_HAL_Driver/Src/stm32f7xx_hal_pcd.c ****     {
 2430              		.loc 1 1033 8 discriminator 1 view .LVU706
 2431 0088 10F4002F 		tst	r0, #524288
 2432 008c 40F09380 		bne	.L231
 2433              	.L174:
1105:Drivers/STM32F7xx_HAL_Driver/Src/stm32f7xx_hal_pcd.c ****     {
 2434              		.loc 1 1105 5 is_stmt 1 view .LVU707
1105:Drivers/STM32F7xx_HAL_Driver/Src/stm32f7xx_hal_pcd.c ****     {
ARM GAS  /tmp/cciuNOwn.s 			page 93


 2435              		.loc 1 1105 9 is_stmt 0 view .LVU708
 2436 0090 2068     		ldr	r0, [r4]
 2437 0092 FFF7FEFF 		bl	USB_ReadInterrupts
 2438              	.LVL227:
1105:Drivers/STM32F7xx_HAL_Driver/Src/stm32f7xx_hal_pcd.c ****     {
 2439              		.loc 1 1105 8 discriminator 1 view .LVU709
 2440 0096 10F4802F 		tst	r0, #262144
 2441 009a 40F0FC80 		bne	.L232
 2442              	.L185:
1185:Drivers/STM32F7xx_HAL_Driver/Src/stm32f7xx_hal_pcd.c ****     {
 2443              		.loc 1 1185 5 is_stmt 1 view .LVU710
1185:Drivers/STM32F7xx_HAL_Driver/Src/stm32f7xx_hal_pcd.c ****     {
 2444              		.loc 1 1185 9 is_stmt 0 view .LVU711
 2445 009e 2068     		ldr	r0, [r4]
 2446 00a0 FFF7FEFF 		bl	USB_ReadInterrupts
 2447              	.LVL228:
1185:Drivers/STM32F7xx_HAL_Driver/Src/stm32f7xx_hal_pcd.c ****     {
 2448              		.loc 1 1185 8 discriminator 1 view .LVU712
 2449 00a4 0028     		cmp	r0, #0
 2450 00a6 C0F27D81 		blt	.L233
 2451              	.L196:
1213:Drivers/STM32F7xx_HAL_Driver/Src/stm32f7xx_hal_pcd.c ****     {
 2452              		.loc 1 1213 5 is_stmt 1 view .LVU713
1213:Drivers/STM32F7xx_HAL_Driver/Src/stm32f7xx_hal_pcd.c ****     {
 2453              		.loc 1 1213 9 is_stmt 0 view .LVU714
 2454 00aa 2068     		ldr	r0, [r4]
 2455 00ac FFF7FEFF 		bl	USB_ReadInterrupts
 2456              	.LVL229:
1213:Drivers/STM32F7xx_HAL_Driver/Src/stm32f7xx_hal_pcd.c ****     {
 2457              		.loc 1 1213 8 discriminator 1 view .LVU715
 2458 00b0 10F4006F 		tst	r0, #2048
 2459 00b4 09D0     		beq	.L199
1215:Drivers/STM32F7xx_HAL_Driver/Src/stm32f7xx_hal_pcd.c ****       {
 2460              		.loc 1 1215 7 is_stmt 1 view .LVU716
1215:Drivers/STM32F7xx_HAL_Driver/Src/stm32f7xx_hal_pcd.c ****       {
 2461              		.loc 1 1215 23 is_stmt 0 view .LVU717
 2462 00b6 BB68     		ldr	r3, [r7, #8]
1215:Drivers/STM32F7xx_HAL_Driver/Src/stm32f7xx_hal_pcd.c ****       {
 2463              		.loc 1 1215 10 view .LVU718
 2464 00b8 13F0010F 		tst	r3, #1
 2465 00bc 40F08A81 		bne	.L234
 2466              	.L200:
1223:Drivers/STM32F7xx_HAL_Driver/Src/stm32f7xx_hal_pcd.c ****     }
 2467              		.loc 1 1223 7 is_stmt 1 view .LVU719
 2468 00c0 2268     		ldr	r2, [r4]
 2469 00c2 5369     		ldr	r3, [r2, #20]
 2470 00c4 03F40063 		and	r3, r3, #2048
 2471 00c8 5361     		str	r3, [r2, #20]
 2472              	.L199:
1227:Drivers/STM32F7xx_HAL_Driver/Src/stm32f7xx_hal_pcd.c ****     {
 2473              		.loc 1 1227 5 view .LVU720
1227:Drivers/STM32F7xx_HAL_Driver/Src/stm32f7xx_hal_pcd.c ****     {
 2474              		.loc 1 1227 9 is_stmt 0 view .LVU721
 2475 00ca 2068     		ldr	r0, [r4]
 2476 00cc FFF7FEFF 		bl	USB_ReadInterrupts
 2477              	.LVL230:
1227:Drivers/STM32F7xx_HAL_Driver/Src/stm32f7xx_hal_pcd.c ****     {
ARM GAS  /tmp/cciuNOwn.s 			page 94


 2478              		.loc 1 1227 8 discriminator 1 view .LVU722
 2479 00d0 10F0006F 		tst	r0, #134217728
 2480 00d4 15D0     		beq	.L201
1229:Drivers/STM32F7xx_HAL_Driver/Src/stm32f7xx_hal_pcd.c **** 
 2481              		.loc 1 1229 7 is_stmt 1 view .LVU723
 2482 00d6 2268     		ldr	r2, [r4]
 2483 00d8 5369     		ldr	r3, [r2, #20]
 2484 00da 03F00063 		and	r3, r3, #134217728
 2485 00de 5361     		str	r3, [r2, #20]
1231:Drivers/STM32F7xx_HAL_Driver/Src/stm32f7xx_hal_pcd.c ****       {
 2486              		.loc 1 1231 7 view .LVU724
1231:Drivers/STM32F7xx_HAL_Driver/Src/stm32f7xx_hal_pcd.c ****       {
 2487              		.loc 1 1231 15 is_stmt 0 view .LVU725
 2488 00e0 94F8CC34 		ldrb	r3, [r4, #1228]	@ zero_extendqisi2
1231:Drivers/STM32F7xx_HAL_Driver/Src/stm32f7xx_hal_pcd.c ****       {
 2489              		.loc 1 1231 10 view .LVU726
 2490 00e4 002B     		cmp	r3, #0
 2491 00e6 40F07981 		bne	.L202
1233:Drivers/STM32F7xx_HAL_Driver/Src/stm32f7xx_hal_pcd.c ****         hpcd->BESL = (hpcd->Instance->GLPMCFG & USB_OTG_GLPMCFG_BESL) >> 2U;
 2492              		.loc 1 1233 9 is_stmt 1 view .LVU727
1233:Drivers/STM32F7xx_HAL_Driver/Src/stm32f7xx_hal_pcd.c ****         hpcd->BESL = (hpcd->Instance->GLPMCFG & USB_OTG_GLPMCFG_BESL) >> 2U;
 2493              		.loc 1 1233 25 is_stmt 0 view .LVU728
 2494 00ea 0121     		movs	r1, #1
 2495 00ec 84F8CC14 		strb	r1, [r4, #1228]
1234:Drivers/STM32F7xx_HAL_Driver/Src/stm32f7xx_hal_pcd.c **** 
 2496              		.loc 1 1234 9 is_stmt 1 view .LVU729
1234:Drivers/STM32F7xx_HAL_Driver/Src/stm32f7xx_hal_pcd.c **** 
 2497              		.loc 1 1234 27 is_stmt 0 view .LVU730
 2498 00f0 2368     		ldr	r3, [r4]
1234:Drivers/STM32F7xx_HAL_Driver/Src/stm32f7xx_hal_pcd.c **** 
 2499              		.loc 1 1234 37 view .LVU731
 2500 00f2 5B6D     		ldr	r3, [r3, #84]
1234:Drivers/STM32F7xx_HAL_Driver/Src/stm32f7xx_hal_pcd.c **** 
 2501              		.loc 1 1234 71 view .LVU732
 2502 00f4 C3F38303 		ubfx	r3, r3, #2, #4
1234:Drivers/STM32F7xx_HAL_Driver/Src/stm32f7xx_hal_pcd.c **** 
 2503              		.loc 1 1234 20 view .LVU733
 2504 00f8 C4F8D034 		str	r3, [r4, #1232]
1239:Drivers/STM32F7xx_HAL_Driver/Src/stm32f7xx_hal_pcd.c **** #endif /* USE_HAL_PCD_REGISTER_CALLBACKS */
 2505              		.loc 1 1239 9 is_stmt 1 view .LVU734
 2506 00fc 2046     		mov	r0, r4
 2507 00fe FFF7FEFF 		bl	HAL_PCDEx_LPM_Callback
 2508              	.LVL231:
 2509              	.L201:
1253:Drivers/STM32F7xx_HAL_Driver/Src/stm32f7xx_hal_pcd.c ****     {
 2510              		.loc 1 1253 5 view .LVU735
1253:Drivers/STM32F7xx_HAL_Driver/Src/stm32f7xx_hal_pcd.c ****     {
 2511              		.loc 1 1253 9 is_stmt 0 view .LVU736
 2512 0102 2068     		ldr	r0, [r4]
 2513 0104 FFF7FEFF 		bl	USB_ReadInterrupts
 2514              	.LVL232:
1253:Drivers/STM32F7xx_HAL_Driver/Src/stm32f7xx_hal_pcd.c ****     {
 2515              		.loc 1 1253 8 discriminator 1 view .LVU737
 2516 0108 10F4805F 		tst	r0, #4096
 2517 010c 40F06A81 		bne	.L235
 2518              	.L203:
1302:Drivers/STM32F7xx_HAL_Driver/Src/stm32f7xx_hal_pcd.c ****     {
ARM GAS  /tmp/cciuNOwn.s 			page 95


 2519              		.loc 1 1302 5 is_stmt 1 view .LVU738
1302:Drivers/STM32F7xx_HAL_Driver/Src/stm32f7xx_hal_pcd.c ****     {
 2520              		.loc 1 1302 9 is_stmt 0 view .LVU739
 2521 0110 2068     		ldr	r0, [r4]
 2522 0112 FFF7FEFF 		bl	USB_ReadInterrupts
 2523              	.LVL233:
1302:Drivers/STM32F7xx_HAL_Driver/Src/stm32f7xx_hal_pcd.c ****     {
 2524              		.loc 1 1302 8 discriminator 1 view .LVU740
 2525 0116 10F4005F 		tst	r0, #8192
 2526 011a 40F0B681 		bne	.L236
 2527              	.L208:
1322:Drivers/STM32F7xx_HAL_Driver/Src/stm32f7xx_hal_pcd.c ****     {
 2528              		.loc 1 1322 5 is_stmt 1 view .LVU741
1322:Drivers/STM32F7xx_HAL_Driver/Src/stm32f7xx_hal_pcd.c ****     {
 2529              		.loc 1 1322 9 is_stmt 0 view .LVU742
 2530 011e 2068     		ldr	r0, [r4]
 2531 0120 FFF7FEFF 		bl	USB_ReadInterrupts
 2532              	.LVL234:
1322:Drivers/STM32F7xx_HAL_Driver/Src/stm32f7xx_hal_pcd.c ****     {
 2533              		.loc 1 1322 8 discriminator 1 view .LVU743
 2534 0124 10F0080F 		tst	r0, #8
 2535 0128 40F0C781 		bne	.L237
 2536              	.L209:
1334:Drivers/STM32F7xx_HAL_Driver/Src/stm32f7xx_hal_pcd.c ****     {
 2537              		.loc 1 1334 5 is_stmt 1 view .LVU744
1334:Drivers/STM32F7xx_HAL_Driver/Src/stm32f7xx_hal_pcd.c ****     {
 2538              		.loc 1 1334 9 is_stmt 0 view .LVU745
 2539 012c 2068     		ldr	r0, [r4]
 2540 012e FFF7FEFF 		bl	USB_ReadInterrupts
 2541              	.LVL235:
1334:Drivers/STM32F7xx_HAL_Driver/Src/stm32f7xx_hal_pcd.c ****     {
 2542              		.loc 1 1334 8 discriminator 1 view .LVU746
 2543 0132 10F0800F 		tst	r0, #128
 2544 0136 00F0DA81 		beq	.L210
1336:Drivers/STM32F7xx_HAL_Driver/Src/stm32f7xx_hal_pcd.c **** 
 2545              		.loc 1 1336 7 is_stmt 1 view .LVU747
1336:Drivers/STM32F7xx_HAL_Driver/Src/stm32f7xx_hal_pcd.c **** 
 2546              		.loc 1 1336 11 is_stmt 0 view .LVU748
 2547 013a AB69     		ldr	r3, [r5, #24]
1336:Drivers/STM32F7xx_HAL_Driver/Src/stm32f7xx_hal_pcd.c **** 
 2548              		.loc 1 1336 21 view .LVU749
 2549 013c 23F08003 		bic	r3, r3, #128
 2550 0140 AB61     		str	r3, [r5, #24]
1338:Drivers/STM32F7xx_HAL_Driver/Src/stm32f7xx_hal_pcd.c ****       {
 2551              		.loc 1 1338 7 is_stmt 1 view .LVU750
 2552              	.LVL236:
1338:Drivers/STM32F7xx_HAL_Driver/Src/stm32f7xx_hal_pcd.c ****       {
 2553              		.loc 1 1338 18 is_stmt 0 view .LVU751
 2554 0142 0126     		movs	r6, #1
1338:Drivers/STM32F7xx_HAL_Driver/Src/stm32f7xx_hal_pcd.c ****       {
 2555              		.loc 1 1338 7 view .LVU752
 2556 0144 C3E1     		b	.L211
 2557              	.LVL237:
 2558              	.L229:
1011:Drivers/STM32F7xx_HAL_Driver/Src/stm32f7xx_hal_pcd.c ****         {
 2559              		.loc 1 1011 9 is_stmt 1 view .LVU753
1011:Drivers/STM32F7xx_HAL_Driver/Src/stm32f7xx_hal_pcd.c ****         {
ARM GAS  /tmp/cciuNOwn.s 			page 96


 2560              		.loc 1 1011 12 is_stmt 0 view .LVU754
 2561 0146 47F6F073 		movw	r3, #32752
 2562 014a 18EA030F 		tst	r8, r3
 2563 014e 93D0     		beq	.L173
1013:Drivers/STM32F7xx_HAL_Driver/Src/stm32f7xx_hal_pcd.c ****                                (uint16_t)((RegVal & USB_OTG_GRXSTSP_BCNT) >> 4));
 2564              		.loc 1 1013 11 is_stmt 1 view .LVU755
1014:Drivers/STM32F7xx_HAL_Driver/Src/stm32f7xx_hal_pcd.c **** 
 2565              		.loc 1 1014 75 is_stmt 0 view .LVU756
 2566 0150 4FEA181A 		lsr	r10, r8, #4
1013:Drivers/STM32F7xx_HAL_Driver/Src/stm32f7xx_hal_pcd.c ****                                (uint16_t)((RegVal & USB_OTG_GRXSTSP_BCNT) >> 4));
 2567              		.loc 1 1013 17 view .LVU757
 2568 0154 4FEAC903 		lsl	r3, r9, #3
 2569 0158 0193     		str	r3, [sp, #4]
 2570 015a 09EBC90B 		add	fp, r9, r9, lsl #3
 2571 015e 04EB8B0B 		add	fp, r4, fp, lsl #2
 2572 0162 C8F30A12 		ubfx	r2, r8, #4, #11
 2573 0166 DBF86012 		ldr	r1, [fp, #608]
 2574 016a 2846     		mov	r0, r5
 2575 016c FFF7FEFF 		bl	USB_ReadPacket
 2576              	.LVL238:
1016:Drivers/STM32F7xx_HAL_Driver/Src/stm32f7xx_hal_pcd.c ****           ep->xfer_count += (RegVal & USB_OTG_GRXSTSP_BCNT) >> 4;
 2577              		.loc 1 1016 11 is_stmt 1 view .LVU758
1016:Drivers/STM32F7xx_HAL_Driver/Src/stm32f7xx_hal_pcd.c ****           ep->xfer_count += (RegVal & USB_OTG_GRXSTSP_BCNT) >> 4;
 2578              		.loc 1 1016 13 is_stmt 0 view .LVU759
 2579 0170 DBF86032 		ldr	r3, [fp, #608]
1016:Drivers/STM32F7xx_HAL_Driver/Src/stm32f7xx_hal_pcd.c ****           ep->xfer_count += (RegVal & USB_OTG_GRXSTSP_BCNT) >> 4;
 2580              		.loc 1 1016 60 view .LVU760
 2581 0174 CAF30A0A 		ubfx	r10, r10, #0, #11
1016:Drivers/STM32F7xx_HAL_Driver/Src/stm32f7xx_hal_pcd.c ****           ep->xfer_count += (RegVal & USB_OTG_GRXSTSP_BCNT) >> 4;
 2582              		.loc 1 1016 25 view .LVU761
 2583 0178 5344     		add	r3, r3, r10
 2584 017a CBF86032 		str	r3, [fp, #608]
1017:Drivers/STM32F7xx_HAL_Driver/Src/stm32f7xx_hal_pcd.c ****         }
 2585              		.loc 1 1017 11 is_stmt 1 view .LVU762
1017:Drivers/STM32F7xx_HAL_Driver/Src/stm32f7xx_hal_pcd.c ****         }
 2586              		.loc 1 1017 13 is_stmt 0 view .LVU763
 2587 017e DBF86832 		ldr	r3, [fp, #616]
1017:Drivers/STM32F7xx_HAL_Driver/Src/stm32f7xx_hal_pcd.c ****         }
 2588              		.loc 1 1017 26 view .LVU764
 2589 0182 019A     		ldr	r2, [sp, #4]
 2590 0184 4A44     		add	r2, r2, r9
 2591 0186 04EB8202 		add	r2, r4, r2, lsl #2
 2592 018a 5344     		add	r3, r3, r10
 2593 018c C2F86832 		str	r3, [r2, #616]
 2594 0190 72E7     		b	.L173
 2595              	.L230:
1022:Drivers/STM32F7xx_HAL_Driver/Src/stm32f7xx_hal_pcd.c ****         ep->xfer_count += (RegVal & USB_OTG_GRXSTSP_BCNT) >> 4;
 2596              		.loc 1 1022 9 is_stmt 1 view .LVU765
1022:Drivers/STM32F7xx_HAL_Driver/Src/stm32f7xx_hal_pcd.c ****         ep->xfer_count += (RegVal & USB_OTG_GRXSTSP_BCNT) >> 4;
 2597              		.loc 1 1022 15 is_stmt 0 view .LVU766
 2598 0192 0822     		movs	r2, #8
 2599 0194 04F29C41 		addw	r1, r4, #1180
 2600 0198 2846     		mov	r0, r5
 2601 019a FFF7FEFF 		bl	USB_ReadPacket
 2602              	.LVL239:
1023:Drivers/STM32F7xx_HAL_Driver/Src/stm32f7xx_hal_pcd.c ****       }
 2603              		.loc 1 1023 9 is_stmt 1 view .LVU767
ARM GAS  /tmp/cciuNOwn.s 			page 97


1023:Drivers/STM32F7xx_HAL_Driver/Src/stm32f7xx_hal_pcd.c ****       }
 2604              		.loc 1 1023 11 is_stmt 0 view .LVU768
 2605 019e 09EBC903 		add	r3, r9, r9, lsl #3
 2606 01a2 04EB8303 		add	r3, r4, r3, lsl #2
 2607 01a6 D3F86822 		ldr	r2, [r3, #616]
1023:Drivers/STM32F7xx_HAL_Driver/Src/stm32f7xx_hal_pcd.c ****       }
 2608              		.loc 1 1023 59 view .LVU769
 2609 01aa C8F30A18 		ubfx	r8, r8, #4, #11
 2610              	.LVL240:
1023:Drivers/STM32F7xx_HAL_Driver/Src/stm32f7xx_hal_pcd.c ****       }
 2611              		.loc 1 1023 24 view .LVU770
 2612 01ae 4244     		add	r2, r2, r8
 2613 01b0 C3F86822 		str	r2, [r3, #616]
 2614 01b4 60E7     		b	.L173
 2615              	.LVL241:
 2616              	.L231:
1035:Drivers/STM32F7xx_HAL_Driver/Src/stm32f7xx_hal_pcd.c **** 
 2617              		.loc 1 1035 7 is_stmt 1 view .LVU771
1038:Drivers/STM32F7xx_HAL_Driver/Src/stm32f7xx_hal_pcd.c **** 
 2618              		.loc 1 1038 7 view .LVU772
1038:Drivers/STM32F7xx_HAL_Driver/Src/stm32f7xx_hal_pcd.c **** 
 2619              		.loc 1 1038 17 is_stmt 0 view .LVU773
 2620 01b6 2068     		ldr	r0, [r4]
 2621 01b8 FFF7FEFF 		bl	USB_ReadDevAllOutEpInterrupt
 2622              	.LVL242:
 2623 01bc 8046     		mov	r8, r0
 2624              	.LVL243:
1040:Drivers/STM32F7xx_HAL_Driver/Src/stm32f7xx_hal_pcd.c ****       {
 2625              		.loc 1 1040 7 is_stmt 1 view .LVU774
1035:Drivers/STM32F7xx_HAL_Driver/Src/stm32f7xx_hal_pcd.c **** 
 2626              		.loc 1 1035 13 is_stmt 0 view .LVU775
 2627 01be B146     		mov	r9, r6
1040:Drivers/STM32F7xx_HAL_Driver/Src/stm32f7xx_hal_pcd.c ****       {
 2628              		.loc 1 1040 13 view .LVU776
 2629 01c0 35E0     		b	.L175
 2630              	.LVL244:
 2631              	.L239:
1048:Drivers/STM32F7xx_HAL_Driver/Src/stm32f7xx_hal_pcd.c ****             (void)PCD_EP_OutXfrComplete_int(hpcd, epnum);
 2632              		.loc 1 1048 13 is_stmt 1 view .LVU777
 2633 01c2 05EB4913 		add	r3, r5, r9, lsl #5
 2634 01c6 0122     		movs	r2, #1
 2635 01c8 C3F8082B 		str	r2, [r3, #2824]
1049:Drivers/STM32F7xx_HAL_Driver/Src/stm32f7xx_hal_pcd.c ****           }
 2636              		.loc 1 1049 13 view .LVU778
1049:Drivers/STM32F7xx_HAL_Driver/Src/stm32f7xx_hal_pcd.c ****           }
 2637              		.loc 1 1049 19 is_stmt 0 view .LVU779
 2638 01cc 4946     		mov	r1, r9
 2639 01ce 2046     		mov	r0, r4
 2640              	.LVL245:
1049:Drivers/STM32F7xx_HAL_Driver/Src/stm32f7xx_hal_pcd.c ****           }
 2641              		.loc 1 1049 19 view .LVU780
 2642 01d0 FFF7FEFF 		bl	PCD_EP_OutXfrComplete_int
 2643              	.LVL246:
 2644 01d4 3CE0     		b	.L177
 2645              	.L240:
1054:Drivers/STM32F7xx_HAL_Driver/Src/stm32f7xx_hal_pcd.c ****             /* Class B setup phase done for previous decoded setup */
 2646              		.loc 1 1054 13 is_stmt 1 view .LVU781
ARM GAS  /tmp/cciuNOwn.s 			page 98


 2647 01d6 05EB4913 		add	r3, r5, r9, lsl #5
 2648 01da 0822     		movs	r2, #8
 2649 01dc C3F8082B 		str	r2, [r3, #2824]
1056:Drivers/STM32F7xx_HAL_Driver/Src/stm32f7xx_hal_pcd.c ****           }
 2650              		.loc 1 1056 13 view .LVU782
1056:Drivers/STM32F7xx_HAL_Driver/Src/stm32f7xx_hal_pcd.c ****           }
 2651              		.loc 1 1056 19 is_stmt 0 view .LVU783
 2652 01e0 4946     		mov	r1, r9
 2653 01e2 2046     		mov	r0, r4
 2654 01e4 FFF7FEFF 		bl	PCD_EP_OutSetupPacket_int
 2655              	.LVL247:
 2656 01e8 35E0     		b	.L178
 2657              	.L181:
1072:Drivers/STM32F7xx_HAL_Driver/Src/stm32f7xx_hal_pcd.c **** 
 2658              		.loc 1 1072 13 is_stmt 1 view .LVU784
 2659              	.LVL248:
1074:Drivers/STM32F7xx_HAL_Driver/Src/stm32f7xx_hal_pcd.c ****             {
 2660              		.loc 1 1074 13 view .LVU785
1074:Drivers/STM32F7xx_HAL_Driver/Src/stm32f7xx_hal_pcd.c ****             {
 2661              		.loc 1 1074 19 is_stmt 0 view .LVU786
 2662 01ea 09EBC903 		add	r3, r9, r9, lsl #3
 2663 01ee 04EB8303 		add	r3, r4, r3, lsl #2
 2664 01f2 93F85732 		ldrb	r3, [r3, #599]	@ zero_extendqisi2
1074:Drivers/STM32F7xx_HAL_Driver/Src/stm32f7xx_hal_pcd.c ****             {
 2665              		.loc 1 1074 16 view .LVU787
 2666 01f6 012B     		cmp	r3, #1
 2667 01f8 41D0     		beq	.L238
 2668              	.L182:
1085:Drivers/STM32F7xx_HAL_Driver/Src/stm32f7xx_hal_pcd.c ****           }
 2669              		.loc 1 1085 13 is_stmt 1 view .LVU788
 2670 01fa 05EB4913 		add	r3, r5, r9, lsl #5
 2671 01fe 0222     		movs	r2, #2
 2672 0200 C3F8082B 		str	r2, [r3, #2824]
 2673              	.LVL249:
 2674              	.L180:
1089:Drivers/STM32F7xx_HAL_Driver/Src/stm32f7xx_hal_pcd.c ****           {
 2675              		.loc 1 1089 11 view .LVU789
1089:Drivers/STM32F7xx_HAL_Driver/Src/stm32f7xx_hal_pcd.c ****           {
 2676              		.loc 1 1089 14 is_stmt 0 view .LVU790
 2677 0204 1AF0200F 		tst	r10, #32
 2678 0208 04D0     		beq	.L183
1091:Drivers/STM32F7xx_HAL_Driver/Src/stm32f7xx_hal_pcd.c ****           }
 2679              		.loc 1 1091 13 is_stmt 1 view .LVU791
 2680 020a 05EB4913 		add	r3, r5, r9, lsl #5
 2681 020e 2022     		movs	r2, #32
 2682 0210 C3F8082B 		str	r2, [r3, #2824]
 2683              	.L183:
1095:Drivers/STM32F7xx_HAL_Driver/Src/stm32f7xx_hal_pcd.c ****           {
 2684              		.loc 1 1095 11 view .LVU792
1095:Drivers/STM32F7xx_HAL_Driver/Src/stm32f7xx_hal_pcd.c ****           {
 2685              		.loc 1 1095 14 is_stmt 0 view .LVU793
 2686 0214 1AF4005F 		tst	r10, #8192
 2687 0218 05D0     		beq	.L176
1097:Drivers/STM32F7xx_HAL_Driver/Src/stm32f7xx_hal_pcd.c ****           }
 2688              		.loc 1 1097 13 is_stmt 1 view .LVU794
 2689 021a 05EB4913 		add	r3, r5, r9, lsl #5
 2690 021e 4FF40052 		mov	r2, #8192
ARM GAS  /tmp/cciuNOwn.s 			page 99


 2691 0222 C3F8082B 		str	r2, [r3, #2824]
 2692              	.LVL250:
 2693              	.L176:
1100:Drivers/STM32F7xx_HAL_Driver/Src/stm32f7xx_hal_pcd.c ****         ep_intr >>= 1U;
 2694              		.loc 1 1100 9 view .LVU795
1100:Drivers/STM32F7xx_HAL_Driver/Src/stm32f7xx_hal_pcd.c ****         ep_intr >>= 1U;
 2695              		.loc 1 1100 14 is_stmt 0 view .LVU796
 2696 0226 09F10109 		add	r9, r9, #1
 2697              	.LVL251:
1101:Drivers/STM32F7xx_HAL_Driver/Src/stm32f7xx_hal_pcd.c ****       }
 2698              		.loc 1 1101 9 is_stmt 1 view .LVU797
1101:Drivers/STM32F7xx_HAL_Driver/Src/stm32f7xx_hal_pcd.c ****       }
 2699              		.loc 1 1101 17 is_stmt 0 view .LVU798
 2700 022a 4FEA5808 		lsr	r8, r8, #1
 2701              	.LVL252:
 2702              	.L175:
1040:Drivers/STM32F7xx_HAL_Driver/Src/stm32f7xx_hal_pcd.c ****       {
 2703              		.loc 1 1040 22 is_stmt 1 view .LVU799
 2704 022e B8F1000F 		cmp	r8, #0
 2705 0232 3FF42DAF 		beq	.L174
1042:Drivers/STM32F7xx_HAL_Driver/Src/stm32f7xx_hal_pcd.c ****         {
 2706              		.loc 1 1042 9 view .LVU800
1042:Drivers/STM32F7xx_HAL_Driver/Src/stm32f7xx_hal_pcd.c ****         {
 2707              		.loc 1 1042 12 is_stmt 0 view .LVU801
 2708 0236 18F0010F 		tst	r8, #1
 2709 023a F4D0     		beq	.L176
1044:Drivers/STM32F7xx_HAL_Driver/Src/stm32f7xx_hal_pcd.c **** 
 2710              		.loc 1 1044 11 is_stmt 1 view .LVU802
1044:Drivers/STM32F7xx_HAL_Driver/Src/stm32f7xx_hal_pcd.c **** 
 2711              		.loc 1 1044 19 is_stmt 0 view .LVU803
 2712 023c 5FFA89FB 		uxtb	fp, r9
 2713 0240 5946     		mov	r1, fp
 2714 0242 2068     		ldr	r0, [r4]
 2715 0244 FFF7FEFF 		bl	USB_ReadDevOutEPInterrupt
 2716              	.LVL253:
 2717 0248 8246     		mov	r10, r0
 2718              	.LVL254:
1046:Drivers/STM32F7xx_HAL_Driver/Src/stm32f7xx_hal_pcd.c ****           {
 2719              		.loc 1 1046 11 is_stmt 1 view .LVU804
1046:Drivers/STM32F7xx_HAL_Driver/Src/stm32f7xx_hal_pcd.c ****           {
 2720              		.loc 1 1046 14 is_stmt 0 view .LVU805
 2721 024a 10F0010F 		tst	r0, #1
 2722 024e B8D1     		bne	.L239
 2723              	.LVL255:
 2724              	.L177:
1052:Drivers/STM32F7xx_HAL_Driver/Src/stm32f7xx_hal_pcd.c ****           {
 2725              		.loc 1 1052 11 is_stmt 1 view .LVU806
1052:Drivers/STM32F7xx_HAL_Driver/Src/stm32f7xx_hal_pcd.c ****           {
 2726              		.loc 1 1052 14 is_stmt 0 view .LVU807
 2727 0250 1AF0080F 		tst	r10, #8
 2728 0254 BFD1     		bne	.L240
 2729              	.L178:
1059:Drivers/STM32F7xx_HAL_Driver/Src/stm32f7xx_hal_pcd.c ****           {
 2730              		.loc 1 1059 11 is_stmt 1 view .LVU808
1059:Drivers/STM32F7xx_HAL_Driver/Src/stm32f7xx_hal_pcd.c ****           {
 2731              		.loc 1 1059 14 is_stmt 0 view .LVU809
 2732 0256 1AF0100F 		tst	r10, #16
ARM GAS  /tmp/cciuNOwn.s 			page 100


 2733 025a 04D0     		beq	.L179
1061:Drivers/STM32F7xx_HAL_Driver/Src/stm32f7xx_hal_pcd.c ****           }
 2734              		.loc 1 1061 13 is_stmt 1 view .LVU810
 2735 025c 05EB4913 		add	r3, r5, r9, lsl #5
 2736 0260 1022     		movs	r2, #16
 2737 0262 C3F8082B 		str	r2, [r3, #2824]
 2738              	.L179:
1065:Drivers/STM32F7xx_HAL_Driver/Src/stm32f7xx_hal_pcd.c ****           {
 2739              		.loc 1 1065 11 view .LVU811
1065:Drivers/STM32F7xx_HAL_Driver/Src/stm32f7xx_hal_pcd.c ****           {
 2740              		.loc 1 1065 14 is_stmt 0 view .LVU812
 2741 0266 1AF0020F 		tst	r10, #2
 2742 026a CBD0     		beq	.L180
1067:Drivers/STM32F7xx_HAL_Driver/Src/stm32f7xx_hal_pcd.c ****             {
 2743              		.loc 1 1067 13 is_stmt 1 view .LVU813
1067:Drivers/STM32F7xx_HAL_Driver/Src/stm32f7xx_hal_pcd.c ****             {
 2744              		.loc 1 1067 22 is_stmt 0 view .LVU814
 2745 026c 6B69     		ldr	r3, [r5, #20]
1067:Drivers/STM32F7xx_HAL_Driver/Src/stm32f7xx_hal_pcd.c ****             {
 2746              		.loc 1 1067 16 view .LVU815
 2747 026e 13F0800F 		tst	r3, #128
 2748 0272 BAD0     		beq	.L181
1069:Drivers/STM32F7xx_HAL_Driver/Src/stm32f7xx_hal_pcd.c ****             }
 2749              		.loc 1 1069 15 is_stmt 1 view .LVU816
1069:Drivers/STM32F7xx_HAL_Driver/Src/stm32f7xx_hal_pcd.c ****             }
 2750              		.loc 1 1069 26 is_stmt 0 view .LVU817
 2751 0274 7B68     		ldr	r3, [r7, #4]
1069:Drivers/STM32F7xx_HAL_Driver/Src/stm32f7xx_hal_pcd.c ****             }
 2752              		.loc 1 1069 33 view .LVU818
 2753 0276 43F48063 		orr	r3, r3, #1024
 2754 027a 7B60     		str	r3, [r7, #4]
 2755 027c B5E7     		b	.L181
 2756              	.LVL256:
 2757              	.L238:
1076:Drivers/STM32F7xx_HAL_Driver/Src/stm32f7xx_hal_pcd.c **** 
 2758              		.loc 1 1076 15 is_stmt 1 view .LVU819
1076:Drivers/STM32F7xx_HAL_Driver/Src/stm32f7xx_hal_pcd.c **** 
 2759              		.loc 1 1076 37 is_stmt 0 view .LVU820
 2760 027e 09EBC903 		add	r3, r9, r9, lsl #3
 2761 0282 04EB8303 		add	r3, r4, r3, lsl #2
 2762 0286 0022     		movs	r2, #0
 2763 0288 83F85722 		strb	r2, [r3, #599]
1081:Drivers/STM32F7xx_HAL_Driver/Src/stm32f7xx_hal_pcd.c **** #endif /* USE_HAL_PCD_REGISTER_CALLBACKS */
 2764              		.loc 1 1081 15 is_stmt 1 view .LVU821
 2765 028c 5946     		mov	r1, fp
 2766 028e 2046     		mov	r0, r4
 2767 0290 FFF7FEFF 		bl	HAL_PCD_ISOOUTIncompleteCallback
 2768              	.LVL257:
 2769 0294 B1E7     		b	.L182
 2770              	.LVL258:
 2771              	.L232:
1108:Drivers/STM32F7xx_HAL_Driver/Src/stm32f7xx_hal_pcd.c **** 
 2772              		.loc 1 1108 7 view .LVU822
1108:Drivers/STM32F7xx_HAL_Driver/Src/stm32f7xx_hal_pcd.c **** 
 2773              		.loc 1 1108 17 is_stmt 0 view .LVU823
 2774 0296 2068     		ldr	r0, [r4]
 2775 0298 FFF7FEFF 		bl	USB_ReadDevAllInEpInterrupt
ARM GAS  /tmp/cciuNOwn.s 			page 101


 2776              	.LVL259:
 2777 029c 8046     		mov	r8, r0
 2778              	.LVL260:
1110:Drivers/STM32F7xx_HAL_Driver/Src/stm32f7xx_hal_pcd.c **** 
 2779              		.loc 1 1110 7 is_stmt 1 view .LVU824
1112:Drivers/STM32F7xx_HAL_Driver/Src/stm32f7xx_hal_pcd.c ****       {
 2780              		.loc 1 1112 7 view .LVU825
1110:Drivers/STM32F7xx_HAL_Driver/Src/stm32f7xx_hal_pcd.c **** 
 2781              		.loc 1 1110 13 is_stmt 0 view .LVU826
 2782 029e B146     		mov	r9, r6
1112:Drivers/STM32F7xx_HAL_Driver/Src/stm32f7xx_hal_pcd.c ****       {
 2783              		.loc 1 1112 13 view .LVU827
 2784 02a0 25E0     		b	.L186
 2785              	.LVL261:
 2786              	.L189:
1140:Drivers/STM32F7xx_HAL_Driver/Src/stm32f7xx_hal_pcd.c **** #endif /* USE_HAL_PCD_REGISTER_CALLBACKS */
 2787              		.loc 1 1140 13 is_stmt 1 view .LVU828
 2788 02a2 5946     		mov	r1, fp
 2789 02a4 2046     		mov	r0, r4
 2790 02a6 FFF7FEFF 		bl	HAL_PCD_DataInStageCallback
 2791              	.LVL262:
 2792              	.L188:
1143:Drivers/STM32F7xx_HAL_Driver/Src/stm32f7xx_hal_pcd.c ****           {
 2793              		.loc 1 1143 11 view .LVU829
1143:Drivers/STM32F7xx_HAL_Driver/Src/stm32f7xx_hal_pcd.c ****           {
 2794              		.loc 1 1143 14 is_stmt 0 view .LVU830
 2795 02aa 1AF0080F 		tst	r10, #8
 2796 02ae 04D0     		beq	.L190
1145:Drivers/STM32F7xx_HAL_Driver/Src/stm32f7xx_hal_pcd.c ****           }
 2797              		.loc 1 1145 13 is_stmt 1 view .LVU831
 2798 02b0 05EB4913 		add	r3, r5, r9, lsl #5
 2799 02b4 0822     		movs	r2, #8
 2800 02b6 C3F80829 		str	r2, [r3, #2312]
 2801              	.L190:
1147:Drivers/STM32F7xx_HAL_Driver/Src/stm32f7xx_hal_pcd.c ****           {
 2802              		.loc 1 1147 11 view .LVU832
1147:Drivers/STM32F7xx_HAL_Driver/Src/stm32f7xx_hal_pcd.c ****           {
 2803              		.loc 1 1147 14 is_stmt 0 view .LVU833
 2804 02ba 1AF0100F 		tst	r10, #16
 2805 02be 04D0     		beq	.L191
1149:Drivers/STM32F7xx_HAL_Driver/Src/stm32f7xx_hal_pcd.c ****           }
 2806              		.loc 1 1149 13 is_stmt 1 view .LVU834
 2807 02c0 05EB4913 		add	r3, r5, r9, lsl #5
 2808 02c4 1022     		movs	r2, #16
 2809 02c6 C3F80829 		str	r2, [r3, #2312]
 2810              	.L191:
1151:Drivers/STM32F7xx_HAL_Driver/Src/stm32f7xx_hal_pcd.c ****           {
 2811              		.loc 1 1151 11 view .LVU835
1151:Drivers/STM32F7xx_HAL_Driver/Src/stm32f7xx_hal_pcd.c ****           {
 2812              		.loc 1 1151 14 is_stmt 0 view .LVU836
 2813 02ca 1AF0400F 		tst	r10, #64
 2814 02ce 04D0     		beq	.L192
1153:Drivers/STM32F7xx_HAL_Driver/Src/stm32f7xx_hal_pcd.c ****           }
 2815              		.loc 1 1153 13 is_stmt 1 view .LVU837
 2816 02d0 05EB4913 		add	r3, r5, r9, lsl #5
 2817 02d4 4022     		movs	r2, #64
 2818 02d6 C3F80829 		str	r2, [r3, #2312]
ARM GAS  /tmp/cciuNOwn.s 			page 102


 2819              	.L192:
1155:Drivers/STM32F7xx_HAL_Driver/Src/stm32f7xx_hal_pcd.c ****           {
 2820              		.loc 1 1155 11 view .LVU838
1155:Drivers/STM32F7xx_HAL_Driver/Src/stm32f7xx_hal_pcd.c ****           {
 2821              		.loc 1 1155 14 is_stmt 0 view .LVU839
 2822 02da 1AF0020F 		tst	r10, #2
 2823 02de 40D1     		bne	.L241
 2824              	.L193:
1174:Drivers/STM32F7xx_HAL_Driver/Src/stm32f7xx_hal_pcd.c ****           {
 2825              		.loc 1 1174 11 is_stmt 1 view .LVU840
1174:Drivers/STM32F7xx_HAL_Driver/Src/stm32f7xx_hal_pcd.c ****           {
 2826              		.loc 1 1174 14 is_stmt 0 view .LVU841
 2827 02e0 1AF0800F 		tst	r10, #128
 2828 02e4 59D1     		bne	.L242
 2829              	.LVL263:
 2830              	.L187:
1179:Drivers/STM32F7xx_HAL_Driver/Src/stm32f7xx_hal_pcd.c ****         ep_intr >>= 1U;
 2831              		.loc 1 1179 9 is_stmt 1 view .LVU842
1179:Drivers/STM32F7xx_HAL_Driver/Src/stm32f7xx_hal_pcd.c ****         ep_intr >>= 1U;
 2832              		.loc 1 1179 14 is_stmt 0 view .LVU843
 2833 02e6 09F10109 		add	r9, r9, #1
 2834              	.LVL264:
1180:Drivers/STM32F7xx_HAL_Driver/Src/stm32f7xx_hal_pcd.c ****       }
 2835              		.loc 1 1180 9 is_stmt 1 view .LVU844
1180:Drivers/STM32F7xx_HAL_Driver/Src/stm32f7xx_hal_pcd.c ****       }
 2836              		.loc 1 1180 17 is_stmt 0 view .LVU845
 2837 02ea 4FEA5808 		lsr	r8, r8, #1
 2838              	.LVL265:
 2839              	.L186:
1112:Drivers/STM32F7xx_HAL_Driver/Src/stm32f7xx_hal_pcd.c ****       {
 2840              		.loc 1 1112 22 is_stmt 1 view .LVU846
 2841 02ee B8F1000F 		cmp	r8, #0
 2842 02f2 3FF4D4AE 		beq	.L185
1114:Drivers/STM32F7xx_HAL_Driver/Src/stm32f7xx_hal_pcd.c ****         {
 2843              		.loc 1 1114 9 view .LVU847
1114:Drivers/STM32F7xx_HAL_Driver/Src/stm32f7xx_hal_pcd.c ****         {
 2844              		.loc 1 1114 12 is_stmt 0 view .LVU848
 2845 02f6 18F0010F 		tst	r8, #1
 2846 02fa F4D0     		beq	.L187
1116:Drivers/STM32F7xx_HAL_Driver/Src/stm32f7xx_hal_pcd.c **** 
 2847              		.loc 1 1116 11 is_stmt 1 view .LVU849
1116:Drivers/STM32F7xx_HAL_Driver/Src/stm32f7xx_hal_pcd.c **** 
 2848              		.loc 1 1116 19 is_stmt 0 view .LVU850
 2849 02fc 5FFA89FB 		uxtb	fp, r9
 2850 0300 5946     		mov	r1, fp
 2851 0302 2068     		ldr	r0, [r4]
 2852 0304 FFF7FEFF 		bl	USB_ReadDevInEPInterrupt
 2853              	.LVL266:
 2854 0308 8246     		mov	r10, r0
 2855              	.LVL267:
1118:Drivers/STM32F7xx_HAL_Driver/Src/stm32f7xx_hal_pcd.c ****           {
 2856              		.loc 1 1118 11 is_stmt 1 view .LVU851
1118:Drivers/STM32F7xx_HAL_Driver/Src/stm32f7xx_hal_pcd.c ****           {
 2857              		.loc 1 1118 14 is_stmt 0 view .LVU852
 2858 030a 10F0010F 		tst	r0, #1
 2859 030e CCD0     		beq	.L188
1120:Drivers/STM32F7xx_HAL_Driver/Src/stm32f7xx_hal_pcd.c ****             USBx_DEVICE->DIEPEMPMSK &= ~fifoemptymsk;
ARM GAS  /tmp/cciuNOwn.s 			page 103


 2860              		.loc 1 1120 13 is_stmt 1 view .LVU853
1120:Drivers/STM32F7xx_HAL_Driver/Src/stm32f7xx_hal_pcd.c ****             USBx_DEVICE->DIEPEMPMSK &= ~fifoemptymsk;
 2861              		.loc 1 1120 55 is_stmt 0 view .LVU854
 2862 0310 09F00F02 		and	r2, r9, #15
1120:Drivers/STM32F7xx_HAL_Driver/Src/stm32f7xx_hal_pcd.c ****             USBx_DEVICE->DIEPEMPMSK &= ~fifoemptymsk;
 2863              		.loc 1 1120 26 view .LVU855
 2864 0314 0121     		movs	r1, #1
 2865 0316 01FA02F2 		lsl	r2, r1, r2
 2866              	.LVL268:
1121:Drivers/STM32F7xx_HAL_Driver/Src/stm32f7xx_hal_pcd.c **** 
 2867              		.loc 1 1121 13 is_stmt 1 view .LVU856
1121:Drivers/STM32F7xx_HAL_Driver/Src/stm32f7xx_hal_pcd.c **** 
 2868              		.loc 1 1121 24 is_stmt 0 view .LVU857
 2869 031a 7B6B     		ldr	r3, [r7, #52]
1121:Drivers/STM32F7xx_HAL_Driver/Src/stm32f7xx_hal_pcd.c **** 
 2870              		.loc 1 1121 37 view .LVU858
 2871 031c 23EA0203 		bic	r3, r3, r2
 2872 0320 7B63     		str	r3, [r7, #52]
1123:Drivers/STM32F7xx_HAL_Driver/Src/stm32f7xx_hal_pcd.c **** 
 2873              		.loc 1 1123 13 is_stmt 1 view .LVU859
 2874 0322 05EB4913 		add	r3, r5, r9, lsl #5
 2875 0326 C3F80819 		str	r1, [r3, #2312]
1125:Drivers/STM32F7xx_HAL_Driver/Src/stm32f7xx_hal_pcd.c ****             {
 2876              		.loc 1 1125 13 view .LVU860
1125:Drivers/STM32F7xx_HAL_Driver/Src/stm32f7xx_hal_pcd.c ****             {
 2877              		.loc 1 1125 27 is_stmt 0 view .LVU861
 2878 032a A379     		ldrb	r3, [r4, #6]	@ zero_extendqisi2
1125:Drivers/STM32F7xx_HAL_Driver/Src/stm32f7xx_hal_pcd.c ****             {
 2879              		.loc 1 1125 16 view .LVU862
 2880 032c 8B42     		cmp	r3, r1
 2881 032e B8D1     		bne	.L189
1127:Drivers/STM32F7xx_HAL_Driver/Src/stm32f7xx_hal_pcd.c **** 
 2882              		.loc 1 1127 15 is_stmt 1 view .LVU863
1127:Drivers/STM32F7xx_HAL_Driver/Src/stm32f7xx_hal_pcd.c **** 
 2883              		.loc 1 1127 33 is_stmt 0 view .LVU864
 2884 0330 09EBC903 		add	r3, r9, r9, lsl #3
 2885 0334 04EB8303 		add	r3, r4, r3, lsl #2
 2886 0338 1A6A     		ldr	r2, [r3, #32]
 2887              	.LVL269:
1127:Drivers/STM32F7xx_HAL_Driver/Src/stm32f7xx_hal_pcd.c **** 
 2888              		.loc 1 1127 65 view .LVU865
 2889 033a D969     		ldr	r1, [r3, #28]
 2890              	.LVL270:
1127:Drivers/STM32F7xx_HAL_Driver/Src/stm32f7xx_hal_pcd.c **** 
 2891              		.loc 1 1127 44 view .LVU866
 2892 033c 0A44     		add	r2, r2, r1
 2893 033e 1A62     		str	r2, [r3, #32]
 2894              	.LVL271:
1130:Drivers/STM32F7xx_HAL_Driver/Src/stm32f7xx_hal_pcd.c ****               {
 2895              		.loc 1 1130 15 is_stmt 1 view .LVU867
1130:Drivers/STM32F7xx_HAL_Driver/Src/stm32f7xx_hal_pcd.c ****               {
 2896              		.loc 1 1130 18 is_stmt 0 view .LVU868
 2897 0340 B9F1000F 		cmp	r9, #0
 2898 0344 ADD1     		bne	.L189
1130:Drivers/STM32F7xx_HAL_Driver/Src/stm32f7xx_hal_pcd.c ****               {
 2899              		.loc 1 1130 55 discriminator 1 view .LVU869
 2900 0346 09EBC903 		add	r3, r9, r9, lsl #3
ARM GAS  /tmp/cciuNOwn.s 			page 104


 2901 034a 04EB8303 		add	r3, r4, r3, lsl #2
 2902 034e 5B6A     		ldr	r3, [r3, #36]
1130:Drivers/STM32F7xx_HAL_Driver/Src/stm32f7xx_hal_pcd.c ****               {
 2903              		.loc 1 1130 33 discriminator 1 view .LVU870
 2904 0350 002B     		cmp	r3, #0
 2905 0352 A6D1     		bne	.L189
1133:Drivers/STM32F7xx_HAL_Driver/Src/stm32f7xx_hal_pcd.c ****               }
 2906              		.loc 1 1133 17 is_stmt 1 view .LVU871
1133:Drivers/STM32F7xx_HAL_Driver/Src/stm32f7xx_hal_pcd.c ****               }
 2907              		.loc 1 1133 23 is_stmt 0 view .LVU872
 2908 0354 04F29C42 		addw	r2, r4, #1180
 2909 0358 0121     		movs	r1, #1
 2910              	.LVL272:
1133:Drivers/STM32F7xx_HAL_Driver/Src/stm32f7xx_hal_pcd.c ****               }
 2911              		.loc 1 1133 23 view .LVU873
 2912 035a 2068     		ldr	r0, [r4]
 2913              	.LVL273:
1133:Drivers/STM32F7xx_HAL_Driver/Src/stm32f7xx_hal_pcd.c ****               }
 2914              		.loc 1 1133 23 view .LVU874
 2915 035c FFF7FEFF 		bl	USB_EP0_OutStart
 2916              	.LVL274:
1133:Drivers/STM32F7xx_HAL_Driver/Src/stm32f7xx_hal_pcd.c ****               }
 2917              		.loc 1 1133 23 view .LVU875
 2918 0360 9FE7     		b	.L189
 2919              	.LVL275:
 2920              	.L241:
1157:Drivers/STM32F7xx_HAL_Driver/Src/stm32f7xx_hal_pcd.c **** 
 2921              		.loc 1 1157 13 is_stmt 1 view .LVU876
1157:Drivers/STM32F7xx_HAL_Driver/Src/stm32f7xx_hal_pcd.c **** 
 2922              		.loc 1 1157 19 is_stmt 0 view .LVU877
 2923 0362 4946     		mov	r1, r9
 2924 0364 2846     		mov	r0, r5
 2925 0366 FFF7FEFF 		bl	USB_FlushTxFifo
 2926              	.LVL276:
1159:Drivers/STM32F7xx_HAL_Driver/Src/stm32f7xx_hal_pcd.c **** 
 2927              		.loc 1 1159 13 is_stmt 1 view .LVU878
1161:Drivers/STM32F7xx_HAL_Driver/Src/stm32f7xx_hal_pcd.c ****             {
 2928              		.loc 1 1161 13 view .LVU879
1161:Drivers/STM32F7xx_HAL_Driver/Src/stm32f7xx_hal_pcd.c ****             {
 2929              		.loc 1 1161 19 is_stmt 0 view .LVU880
 2930 036a 09EBC903 		add	r3, r9, r9, lsl #3
 2931 036e 04EB8303 		add	r3, r4, r3, lsl #2
 2932 0372 DB7D     		ldrb	r3, [r3, #23]	@ zero_extendqisi2
1161:Drivers/STM32F7xx_HAL_Driver/Src/stm32f7xx_hal_pcd.c ****             {
 2933              		.loc 1 1161 16 view .LVU881
 2934 0374 012B     		cmp	r3, #1
 2935 0376 05D0     		beq	.L243
 2936              	.L194:
1172:Drivers/STM32F7xx_HAL_Driver/Src/stm32f7xx_hal_pcd.c ****           }
 2937              		.loc 1 1172 13 is_stmt 1 view .LVU882
 2938 0378 05EB4913 		add	r3, r5, r9, lsl #5
 2939 037c 0222     		movs	r2, #2
 2940 037e C3F80829 		str	r2, [r3, #2312]
 2941 0382 ADE7     		b	.L193
 2942              	.L243:
1163:Drivers/STM32F7xx_HAL_Driver/Src/stm32f7xx_hal_pcd.c **** 
 2943              		.loc 1 1163 15 view .LVU883
ARM GAS  /tmp/cciuNOwn.s 			page 105


1163:Drivers/STM32F7xx_HAL_Driver/Src/stm32f7xx_hal_pcd.c **** 
 2944              		.loc 1 1163 37 is_stmt 0 view .LVU884
 2945 0384 09EBC903 		add	r3, r9, r9, lsl #3
 2946 0388 04EB8303 		add	r3, r4, r3, lsl #2
 2947 038c 0022     		movs	r2, #0
 2948 038e DA75     		strb	r2, [r3, #23]
1168:Drivers/STM32F7xx_HAL_Driver/Src/stm32f7xx_hal_pcd.c **** #endif /* USE_HAL_PCD_REGISTER_CALLBACKS */
 2949              		.loc 1 1168 15 is_stmt 1 view .LVU885
 2950 0390 5946     		mov	r1, fp
 2951 0392 2046     		mov	r0, r4
 2952 0394 FFF7FEFF 		bl	HAL_PCD_ISOINIncompleteCallback
 2953              	.LVL277:
 2954 0398 EEE7     		b	.L194
 2955              	.LVL278:
 2956              	.L242:
1176:Drivers/STM32F7xx_HAL_Driver/Src/stm32f7xx_hal_pcd.c ****           }
 2957              		.loc 1 1176 13 view .LVU886
1176:Drivers/STM32F7xx_HAL_Driver/Src/stm32f7xx_hal_pcd.c ****           }
 2958              		.loc 1 1176 19 is_stmt 0 view .LVU887
 2959 039a 4946     		mov	r1, r9
 2960 039c 2046     		mov	r0, r4
 2961 039e FFF7FEFF 		bl	PCD_WriteEmptyTxFifo
 2962              	.LVL279:
 2963 03a2 A0E7     		b	.L187
 2964              	.LVL280:
 2965              	.L233:
1188:Drivers/STM32F7xx_HAL_Driver/Src/stm32f7xx_hal_pcd.c **** 
 2966              		.loc 1 1188 7 is_stmt 1 view .LVU888
1188:Drivers/STM32F7xx_HAL_Driver/Src/stm32f7xx_hal_pcd.c **** 
 2967              		.loc 1 1188 18 is_stmt 0 view .LVU889
 2968 03a4 7B68     		ldr	r3, [r7, #4]
1188:Drivers/STM32F7xx_HAL_Driver/Src/stm32f7xx_hal_pcd.c **** 
 2969              		.loc 1 1188 25 view .LVU890
 2970 03a6 23F00103 		bic	r3, r3, #1
 2971 03aa 7B60     		str	r3, [r7, #4]
1190:Drivers/STM32F7xx_HAL_Driver/Src/stm32f7xx_hal_pcd.c ****       {
 2972              		.loc 1 1190 7 is_stmt 1 view .LVU891
1190:Drivers/STM32F7xx_HAL_Driver/Src/stm32f7xx_hal_pcd.c ****       {
 2973              		.loc 1 1190 15 is_stmt 0 view .LVU892
 2974 03ac 94F8CC34 		ldrb	r3, [r4, #1228]	@ zero_extendqisi2
1190:Drivers/STM32F7xx_HAL_Driver/Src/stm32f7xx_hal_pcd.c ****       {
 2975              		.loc 1 1190 10 view .LVU893
 2976 03b0 012B     		cmp	r3, #1
 2977 03b2 08D0     		beq	.L244
1205:Drivers/STM32F7xx_HAL_Driver/Src/stm32f7xx_hal_pcd.c **** #endif /* USE_HAL_PCD_REGISTER_CALLBACKS */
 2978              		.loc 1 1205 9 is_stmt 1 view .LVU894
 2979 03b4 2046     		mov	r0, r4
 2980 03b6 FFF7FEFF 		bl	HAL_PCD_ResumeCallback
 2981              	.LVL281:
 2982              	.L198:
1209:Drivers/STM32F7xx_HAL_Driver/Src/stm32f7xx_hal_pcd.c ****     }
 2983              		.loc 1 1209 7 view .LVU895
 2984 03ba 2268     		ldr	r2, [r4]
 2985 03bc 5369     		ldr	r3, [r2, #20]
 2986 03be 03F00043 		and	r3, r3, #-2147483648
 2987 03c2 5361     		str	r3, [r2, #20]
 2988 03c4 71E6     		b	.L196
ARM GAS  /tmp/cciuNOwn.s 			page 106


 2989              	.L244:
1192:Drivers/STM32F7xx_HAL_Driver/Src/stm32f7xx_hal_pcd.c **** 
 2990              		.loc 1 1192 9 view .LVU896
1192:Drivers/STM32F7xx_HAL_Driver/Src/stm32f7xx_hal_pcd.c **** 
 2991              		.loc 1 1192 25 is_stmt 0 view .LVU897
 2992 03c6 0021     		movs	r1, #0
 2993 03c8 84F8CC14 		strb	r1, [r4, #1228]
1197:Drivers/STM32F7xx_HAL_Driver/Src/stm32f7xx_hal_pcd.c **** #endif /* USE_HAL_PCD_REGISTER_CALLBACKS */
 2994              		.loc 1 1197 9 is_stmt 1 view .LVU898
 2995 03cc 2046     		mov	r0, r4
 2996 03ce FFF7FEFF 		bl	HAL_PCDEx_LPM_Callback
 2997              	.LVL282:
 2998 03d2 F2E7     		b	.L198
 2999              	.L234:
1220:Drivers/STM32F7xx_HAL_Driver/Src/stm32f7xx_hal_pcd.c **** #endif /* USE_HAL_PCD_REGISTER_CALLBACKS */
 3000              		.loc 1 1220 9 view .LVU899
 3001 03d4 2046     		mov	r0, r4
 3002 03d6 FFF7FEFF 		bl	HAL_PCD_SuspendCallback
 3003              	.LVL283:
 3004 03da 71E6     		b	.L200
 3005              	.L202:
1247:Drivers/STM32F7xx_HAL_Driver/Src/stm32f7xx_hal_pcd.c **** #endif /* USE_HAL_PCD_REGISTER_CALLBACKS */
 3006              		.loc 1 1247 9 view .LVU900
 3007 03dc 2046     		mov	r0, r4
 3008 03de FFF7FEFF 		bl	HAL_PCD_SuspendCallback
 3009              	.LVL284:
 3010 03e2 8EE6     		b	.L201
 3011              	.L235:
1255:Drivers/STM32F7xx_HAL_Driver/Src/stm32f7xx_hal_pcd.c ****       (void)USB_FlushTxFifo(hpcd->Instance, 0x10U);
 3012              		.loc 1 1255 7 view .LVU901
1255:Drivers/STM32F7xx_HAL_Driver/Src/stm32f7xx_hal_pcd.c ****       (void)USB_FlushTxFifo(hpcd->Instance, 0x10U);
 3013              		.loc 1 1255 18 is_stmt 0 view .LVU902
 3014 03e4 7B68     		ldr	r3, [r7, #4]
1255:Drivers/STM32F7xx_HAL_Driver/Src/stm32f7xx_hal_pcd.c ****       (void)USB_FlushTxFifo(hpcd->Instance, 0x10U);
 3015              		.loc 1 1255 25 view .LVU903
 3016 03e6 23F00103 		bic	r3, r3, #1
 3017 03ea 7B60     		str	r3, [r7, #4]
1256:Drivers/STM32F7xx_HAL_Driver/Src/stm32f7xx_hal_pcd.c **** 
 3018              		.loc 1 1256 7 is_stmt 1 view .LVU904
1256:Drivers/STM32F7xx_HAL_Driver/Src/stm32f7xx_hal_pcd.c **** 
 3019              		.loc 1 1256 13 is_stmt 0 view .LVU905
 3020 03ec 1021     		movs	r1, #16
 3021 03ee 2068     		ldr	r0, [r4]
 3022 03f0 FFF7FEFF 		bl	USB_FlushTxFifo
 3023              	.LVL285:
1258:Drivers/STM32F7xx_HAL_Driver/Src/stm32f7xx_hal_pcd.c ****       {
 3024              		.loc 1 1258 7 is_stmt 1 view .LVU906
1258:Drivers/STM32F7xx_HAL_Driver/Src/stm32f7xx_hal_pcd.c ****       {
 3025              		.loc 1 1258 7 is_stmt 0 view .LVU907
 3026 03f4 1AE0     		b	.L204
 3027              	.LVL286:
 3028              	.L205:
1260:Drivers/STM32F7xx_HAL_Driver/Src/stm32f7xx_hal_pcd.c ****         USBx_INEP(i)->DIEPCTL &= ~USB_OTG_DIEPCTL_STALL;
 3029              		.loc 1 1260 9 is_stmt 1 view .LVU908
 3030 03f6 05EB4613 		add	r3, r5, r6, lsl #5
1260:Drivers/STM32F7xx_HAL_Driver/Src/stm32f7xx_hal_pcd.c ****         USBx_INEP(i)->DIEPCTL &= ~USB_OTG_DIEPCTL_STALL;
 3031              		.loc 1 1260 31 is_stmt 0 view .LVU909
ARM GAS  /tmp/cciuNOwn.s 			page 107


 3032 03fa 4FF67F31 		movw	r1, #64383
 3033 03fe C3F80819 		str	r1, [r3, #2312]
1261:Drivers/STM32F7xx_HAL_Driver/Src/stm32f7xx_hal_pcd.c ****         USBx_OUTEP(i)->DOEPINT = 0xFB7FU;
 3034              		.loc 1 1261 9 is_stmt 1 view .LVU910
1261:Drivers/STM32F7xx_HAL_Driver/Src/stm32f7xx_hal_pcd.c ****         USBx_OUTEP(i)->DOEPINT = 0xFB7FU;
 3035              		.loc 1 1261 21 is_stmt 0 view .LVU911
 3036 0402 D3F80029 		ldr	r2, [r3, #2304]
1261:Drivers/STM32F7xx_HAL_Driver/Src/stm32f7xx_hal_pcd.c ****         USBx_OUTEP(i)->DOEPINT = 0xFB7FU;
 3037              		.loc 1 1261 31 view .LVU912
 3038 0406 22F40012 		bic	r2, r2, #2097152
 3039 040a C3F80029 		str	r2, [r3, #2304]
1262:Drivers/STM32F7xx_HAL_Driver/Src/stm32f7xx_hal_pcd.c ****         USBx_OUTEP(i)->DOEPCTL &= ~USB_OTG_DOEPCTL_STALL;
 3040              		.loc 1 1262 9 is_stmt 1 view .LVU913
1262:Drivers/STM32F7xx_HAL_Driver/Src/stm32f7xx_hal_pcd.c ****         USBx_OUTEP(i)->DOEPCTL &= ~USB_OTG_DOEPCTL_STALL;
 3041              		.loc 1 1262 32 is_stmt 0 view .LVU914
 3042 040e C3F8081B 		str	r1, [r3, #2824]
1263:Drivers/STM32F7xx_HAL_Driver/Src/stm32f7xx_hal_pcd.c ****         USBx_OUTEP(i)->DOEPCTL |= USB_OTG_DOEPCTL_SNAK;
 3043              		.loc 1 1263 9 is_stmt 1 view .LVU915
1263:Drivers/STM32F7xx_HAL_Driver/Src/stm32f7xx_hal_pcd.c ****         USBx_OUTEP(i)->DOEPCTL |= USB_OTG_DOEPCTL_SNAK;
 3044              		.loc 1 1263 22 is_stmt 0 view .LVU916
 3045 0412 D3F8002B 		ldr	r2, [r3, #2816]
1263:Drivers/STM32F7xx_HAL_Driver/Src/stm32f7xx_hal_pcd.c ****         USBx_OUTEP(i)->DOEPCTL |= USB_OTG_DOEPCTL_SNAK;
 3046              		.loc 1 1263 32 view .LVU917
 3047 0416 22F40012 		bic	r2, r2, #2097152
 3048 041a C3F8002B 		str	r2, [r3, #2816]
1264:Drivers/STM32F7xx_HAL_Driver/Src/stm32f7xx_hal_pcd.c ****       }
 3049              		.loc 1 1264 9 is_stmt 1 view .LVU918
1264:Drivers/STM32F7xx_HAL_Driver/Src/stm32f7xx_hal_pcd.c ****       }
 3050              		.loc 1 1264 22 is_stmt 0 view .LVU919
 3051 041e D3F8002B 		ldr	r2, [r3, #2816]
1264:Drivers/STM32F7xx_HAL_Driver/Src/stm32f7xx_hal_pcd.c ****       }
 3052              		.loc 1 1264 32 view .LVU920
 3053 0422 42F00062 		orr	r2, r2, #134217728
 3054 0426 C3F8002B 		str	r2, [r3, #2816]
1258:Drivers/STM32F7xx_HAL_Driver/Src/stm32f7xx_hal_pcd.c ****       {
 3055              		.loc 1 1258 51 is_stmt 1 discriminator 3 view .LVU921
 3056 042a 0136     		adds	r6, r6, #1
 3057              	.LVL287:
 3058              	.L204:
1258:Drivers/STM32F7xx_HAL_Driver/Src/stm32f7xx_hal_pcd.c ****       {
 3059              		.loc 1 1258 22 discriminator 1 view .LVU922
1258:Drivers/STM32F7xx_HAL_Driver/Src/stm32f7xx_hal_pcd.c ****       {
 3060              		.loc 1 1258 34 is_stmt 0 discriminator 1 view .LVU923
 3061 042c 2379     		ldrb	r3, [r4, #4]	@ zero_extendqisi2
1258:Drivers/STM32F7xx_HAL_Driver/Src/stm32f7xx_hal_pcd.c ****       {
 3062              		.loc 1 1258 22 discriminator 1 view .LVU924
 3063 042e B342     		cmp	r3, r6
 3064 0430 E1D8     		bhi	.L205
1266:Drivers/STM32F7xx_HAL_Driver/Src/stm32f7xx_hal_pcd.c **** 
 3065              		.loc 1 1266 7 is_stmt 1 view .LVU925
1266:Drivers/STM32F7xx_HAL_Driver/Src/stm32f7xx_hal_pcd.c **** 
 3066              		.loc 1 1266 18 is_stmt 0 view .LVU926
 3067 0432 FB69     		ldr	r3, [r7, #28]
1266:Drivers/STM32F7xx_HAL_Driver/Src/stm32f7xx_hal_pcd.c **** 
 3068              		.loc 1 1266 29 view .LVU927
 3069 0434 43F00113 		orr	r3, r3, #65537
 3070 0438 FB61     		str	r3, [r7, #28]
ARM GAS  /tmp/cciuNOwn.s 			page 108


1268:Drivers/STM32F7xx_HAL_Driver/Src/stm32f7xx_hal_pcd.c ****       {
 3071              		.loc 1 1268 7 is_stmt 1 view .LVU928
1268:Drivers/STM32F7xx_HAL_Driver/Src/stm32f7xx_hal_pcd.c ****       {
 3072              		.loc 1 1268 21 is_stmt 0 view .LVU929
 3073 043a E37B     		ldrb	r3, [r4, #15]	@ zero_extendqisi2
1268:Drivers/STM32F7xx_HAL_Driver/Src/stm32f7xx_hal_pcd.c ****       {
 3074              		.loc 1 1268 10 view .LVU930
 3075 043c DBB1     		cbz	r3, .L206
1270:Drivers/STM32F7xx_HAL_Driver/Src/stm32f7xx_hal_pcd.c ****                                    USB_OTG_DOEPMSK_XFRCM |
 3076              		.loc 1 1270 9 is_stmt 1 view .LVU931
1270:Drivers/STM32F7xx_HAL_Driver/Src/stm32f7xx_hal_pcd.c ****                                    USB_OTG_DOEPMSK_XFRCM |
 3077              		.loc 1 1270 20 is_stmt 0 view .LVU932
 3078 043e D7F88430 		ldr	r3, [r7, #132]
1270:Drivers/STM32F7xx_HAL_Driver/Src/stm32f7xx_hal_pcd.c ****                                    USB_OTG_DOEPMSK_XFRCM |
 3079              		.loc 1 1270 33 view .LVU933
 3080 0442 43F00B03 		orr	r3, r3, #11
 3081 0446 C7F88430 		str	r3, [r7, #132]
1274:Drivers/STM32F7xx_HAL_Driver/Src/stm32f7xx_hal_pcd.c ****                                   USB_OTG_DIEPMSK_XFRCM |
 3082              		.loc 1 1274 9 is_stmt 1 view .LVU934
1274:Drivers/STM32F7xx_HAL_Driver/Src/stm32f7xx_hal_pcd.c ****                                   USB_OTG_DIEPMSK_XFRCM |
 3083              		.loc 1 1274 20 is_stmt 0 view .LVU935
 3084 044a 7B6C     		ldr	r3, [r7, #68]
1274:Drivers/STM32F7xx_HAL_Driver/Src/stm32f7xx_hal_pcd.c ****                                   USB_OTG_DIEPMSK_XFRCM |
 3085              		.loc 1 1274 32 view .LVU936
 3086 044c 43F00B03 		orr	r3, r3, #11
 3087 0450 7B64     		str	r3, [r7, #68]
 3088              	.L207:
1292:Drivers/STM32F7xx_HAL_Driver/Src/stm32f7xx_hal_pcd.c **** 
 3089              		.loc 1 1292 7 is_stmt 1 view .LVU937
1292:Drivers/STM32F7xx_HAL_Driver/Src/stm32f7xx_hal_pcd.c **** 
 3090              		.loc 1 1292 18 is_stmt 0 view .LVU938
 3091 0452 D5F80038 		ldr	r3, [r5, #2048]
1292:Drivers/STM32F7xx_HAL_Driver/Src/stm32f7xx_hal_pcd.c **** 
 3092              		.loc 1 1292 25 view .LVU939
 3093 0456 23F4FE63 		bic	r3, r3, #2032
 3094 045a C5F80038 		str	r3, [r5, #2048]
1295:Drivers/STM32F7xx_HAL_Driver/Src/stm32f7xx_hal_pcd.c ****                              (uint8_t *)hpcd->Setup);
 3095              		.loc 1 1295 7 is_stmt 1 view .LVU940
1295:Drivers/STM32F7xx_HAL_Driver/Src/stm32f7xx_hal_pcd.c ****                              (uint8_t *)hpcd->Setup);
 3096              		.loc 1 1295 13 is_stmt 0 view .LVU941
 3097 045e 04F29C42 		addw	r2, r4, #1180
 3098 0462 A179     		ldrb	r1, [r4, #6]	@ zero_extendqisi2
 3099 0464 2068     		ldr	r0, [r4]
 3100 0466 FFF7FEFF 		bl	USB_EP0_OutStart
 3101              	.LVL288:
1298:Drivers/STM32F7xx_HAL_Driver/Src/stm32f7xx_hal_pcd.c ****     }
 3102              		.loc 1 1298 7 is_stmt 1 view .LVU942
 3103 046a 2268     		ldr	r2, [r4]
 3104 046c 5369     		ldr	r3, [r2, #20]
 3105 046e 03F48053 		and	r3, r3, #4096
 3106 0472 5361     		str	r3, [r2, #20]
 3107 0474 4CE6     		b	.L203
 3108              	.L206:
1280:Drivers/STM32F7xx_HAL_Driver/Src/stm32f7xx_hal_pcd.c ****                                 USB_OTG_DOEPMSK_XFRCM |
 3109              		.loc 1 1280 9 view .LVU943
1280:Drivers/STM32F7xx_HAL_Driver/Src/stm32f7xx_hal_pcd.c ****                                 USB_OTG_DOEPMSK_XFRCM |
 3110              		.loc 1 1280 20 is_stmt 0 view .LVU944
ARM GAS  /tmp/cciuNOwn.s 			page 109


 3111 0476 7A69     		ldr	r2, [r7, #20]
1280:Drivers/STM32F7xx_HAL_Driver/Src/stm32f7xx_hal_pcd.c ****                                 USB_OTG_DOEPMSK_XFRCM |
 3112              		.loc 1 1280 30 view .LVU945
 3113 0478 42F22B03 		movw	r3, #8235
 3114 047c 1343     		orrs	r3, r3, r2
 3115 047e 7B61     		str	r3, [r7, #20]
1286:Drivers/STM32F7xx_HAL_Driver/Src/stm32f7xx_hal_pcd.c ****                                 USB_OTG_DIEPMSK_XFRCM |
 3116              		.loc 1 1286 9 is_stmt 1 view .LVU946
1286:Drivers/STM32F7xx_HAL_Driver/Src/stm32f7xx_hal_pcd.c ****                                 USB_OTG_DIEPMSK_XFRCM |
 3117              		.loc 1 1286 20 is_stmt 0 view .LVU947
 3118 0480 3B69     		ldr	r3, [r7, #16]
1286:Drivers/STM32F7xx_HAL_Driver/Src/stm32f7xx_hal_pcd.c ****                                 USB_OTG_DIEPMSK_XFRCM |
 3119              		.loc 1 1286 30 view .LVU948
 3120 0482 43F00B03 		orr	r3, r3, #11
 3121 0486 3B61     		str	r3, [r7, #16]
 3122 0488 E3E7     		b	.L207
 3123              	.LVL289:
 3124              	.L236:
1304:Drivers/STM32F7xx_HAL_Driver/Src/stm32f7xx_hal_pcd.c ****       hpcd->Init.speed = USB_GetDevSpeed(hpcd->Instance);
 3125              		.loc 1 1304 7 is_stmt 1 view .LVU949
1304:Drivers/STM32F7xx_HAL_Driver/Src/stm32f7xx_hal_pcd.c ****       hpcd->Init.speed = USB_GetDevSpeed(hpcd->Instance);
 3126              		.loc 1 1304 13 is_stmt 0 view .LVU950
 3127 048a 2068     		ldr	r0, [r4]
 3128 048c FFF7FEFF 		bl	USB_ActivateSetup
 3129              	.LVL290:
1305:Drivers/STM32F7xx_HAL_Driver/Src/stm32f7xx_hal_pcd.c **** 
 3130              		.loc 1 1305 7 is_stmt 1 view .LVU951
1305:Drivers/STM32F7xx_HAL_Driver/Src/stm32f7xx_hal_pcd.c **** 
 3131              		.loc 1 1305 26 is_stmt 0 view .LVU952
 3132 0490 2068     		ldr	r0, [r4]
 3133 0492 FFF7FEFF 		bl	USB_GetDevSpeed
 3134              	.LVL291:
1305:Drivers/STM32F7xx_HAL_Driver/Src/stm32f7xx_hal_pcd.c **** 
 3135              		.loc 1 1305 24 discriminator 1 view .LVU953
 3136 0496 E071     		strb	r0, [r4, #7]
1308:Drivers/STM32F7xx_HAL_Driver/Src/stm32f7xx_hal_pcd.c ****                                   HAL_RCC_GetHCLKFreq(),
 3137              		.loc 1 1308 7 is_stmt 1 view .LVU954
1308:Drivers/STM32F7xx_HAL_Driver/Src/stm32f7xx_hal_pcd.c ****                                   HAL_RCC_GetHCLKFreq(),
 3138              		.loc 1 1308 39 is_stmt 0 view .LVU955
 3139 0498 2668     		ldr	r6, [r4]
1308:Drivers/STM32F7xx_HAL_Driver/Src/stm32f7xx_hal_pcd.c ****                                   HAL_RCC_GetHCLKFreq(),
 3140              		.loc 1 1308 13 view .LVU956
 3141 049a FFF7FEFF 		bl	HAL_RCC_GetHCLKFreq
 3142              	.LVL292:
 3143 049e 0146     		mov	r1, r0
 3144 04a0 E279     		ldrb	r2, [r4, #7]	@ zero_extendqisi2
 3145 04a2 3046     		mov	r0, r6
 3146 04a4 FFF7FEFF 		bl	USB_SetTurnaroundTime
 3147              	.LVL293:
1315:Drivers/STM32F7xx_HAL_Driver/Src/stm32f7xx_hal_pcd.c **** #endif /* USE_HAL_PCD_REGISTER_CALLBACKS */
 3148              		.loc 1 1315 7 is_stmt 1 view .LVU957
 3149 04a8 2046     		mov	r0, r4
 3150 04aa FFF7FEFF 		bl	HAL_PCD_ResetCallback
 3151              	.LVL294:
1318:Drivers/STM32F7xx_HAL_Driver/Src/stm32f7xx_hal_pcd.c ****     }
 3152              		.loc 1 1318 7 view .LVU958
 3153 04ae 2268     		ldr	r2, [r4]
ARM GAS  /tmp/cciuNOwn.s 			page 110


 3154 04b0 5369     		ldr	r3, [r2, #20]
 3155 04b2 03F40053 		and	r3, r3, #8192
 3156 04b6 5361     		str	r3, [r2, #20]
 3157 04b8 31E6     		b	.L208
 3158              	.L237:
1327:Drivers/STM32F7xx_HAL_Driver/Src/stm32f7xx_hal_pcd.c **** #endif /* USE_HAL_PCD_REGISTER_CALLBACKS */
 3159              		.loc 1 1327 7 view .LVU959
 3160 04ba 2046     		mov	r0, r4
 3161 04bc FFF7FEFF 		bl	HAL_PCD_SOFCallback
 3162              	.LVL295:
1330:Drivers/STM32F7xx_HAL_Driver/Src/stm32f7xx_hal_pcd.c ****     }
 3163              		.loc 1 1330 7 view .LVU960
 3164 04c0 2268     		ldr	r2, [r4]
 3165 04c2 5369     		ldr	r3, [r2, #20]
 3166 04c4 03F00803 		and	r3, r3, #8
 3167 04c8 5361     		str	r3, [r2, #20]
 3168 04ca 2FE6     		b	.L209
 3169              	.LVL296:
 3170              	.L212:
1338:Drivers/STM32F7xx_HAL_Driver/Src/stm32f7xx_hal_pcd.c ****       {
 3171              		.loc 1 1338 63 discriminator 2 view .LVU961
 3172 04cc 0136     		adds	r6, r6, #1
 3173              	.LVL297:
 3174              	.L211:
1338:Drivers/STM32F7xx_HAL_Driver/Src/stm32f7xx_hal_pcd.c ****       {
 3175              		.loc 1 1338 30 discriminator 1 view .LVU962
1338:Drivers/STM32F7xx_HAL_Driver/Src/stm32f7xx_hal_pcd.c ****       {
 3176              		.loc 1 1338 42 is_stmt 0 discriminator 1 view .LVU963
 3177 04ce 2379     		ldrb	r3, [r4, #4]	@ zero_extendqisi2
1338:Drivers/STM32F7xx_HAL_Driver/Src/stm32f7xx_hal_pcd.c ****       {
 3178              		.loc 1 1338 30 discriminator 1 view .LVU964
 3179 04d0 B342     		cmp	r3, r6
 3180 04d2 0CD9     		bls	.L210
1340:Drivers/STM32F7xx_HAL_Driver/Src/stm32f7xx_hal_pcd.c ****         {
 3181              		.loc 1 1340 9 is_stmt 1 view .LVU965
1340:Drivers/STM32F7xx_HAL_Driver/Src/stm32f7xx_hal_pcd.c ****         {
 3182              		.loc 1 1340 32 is_stmt 0 view .LVU966
 3183 04d4 06EBC603 		add	r3, r6, r6, lsl #3
 3184 04d8 04EB8303 		add	r3, r4, r3, lsl #2
 3185 04dc 93F85732 		ldrb	r3, [r3, #599]	@ zero_extendqisi2
1340:Drivers/STM32F7xx_HAL_Driver/Src/stm32f7xx_hal_pcd.c ****         {
 3186              		.loc 1 1340 12 view .LVU967
 3187 04e0 012B     		cmp	r3, #1
 3188 04e2 F3D1     		bne	.L212
1343:Drivers/STM32F7xx_HAL_Driver/Src/stm32f7xx_hal_pcd.c ****         }
 3189              		.loc 1 1343 11 is_stmt 1 view .LVU968
1343:Drivers/STM32F7xx_HAL_Driver/Src/stm32f7xx_hal_pcd.c ****         }
 3190              		.loc 1 1343 17 is_stmt 0 view .LVU969
 3191 04e4 F1B2     		uxtb	r1, r6
 3192 04e6 2046     		mov	r0, r4
 3193 04e8 FFF7FEFF 		bl	HAL_PCD_EP_Abort
 3194              	.LVL298:
 3195 04ec EEE7     		b	.L212
 3196              	.LVL299:
 3197              	.L210:
1349:Drivers/STM32F7xx_HAL_Driver/Src/stm32f7xx_hal_pcd.c ****     {
 3198              		.loc 1 1349 5 is_stmt 1 view .LVU970
ARM GAS  /tmp/cciuNOwn.s 			page 111


1349:Drivers/STM32F7xx_HAL_Driver/Src/stm32f7xx_hal_pcd.c ****     {
 3199              		.loc 1 1349 9 is_stmt 0 view .LVU971
 3200 04ee 2068     		ldr	r0, [r4]
 3201 04f0 FFF7FEFF 		bl	USB_ReadInterrupts
 3202              	.LVL300:
1349:Drivers/STM32F7xx_HAL_Driver/Src/stm32f7xx_hal_pcd.c ****     {
 3203              		.loc 1 1349 8 discriminator 1 view .LVU972
 3204 04f4 10F4801F 		tst	r0, #1048576
 3205 04f8 25D1     		bne	.L225
 3206              	.L215:
1369:Drivers/STM32F7xx_HAL_Driver/Src/stm32f7xx_hal_pcd.c ****     {
 3207              		.loc 1 1369 5 is_stmt 1 view .LVU973
1369:Drivers/STM32F7xx_HAL_Driver/Src/stm32f7xx_hal_pcd.c ****     {
 3208              		.loc 1 1369 9 is_stmt 0 view .LVU974
 3209 04fa 2068     		ldr	r0, [r4]
 3210 04fc FFF7FEFF 		bl	USB_ReadInterrupts
 3211              	.LVL301:
1369:Drivers/STM32F7xx_HAL_Driver/Src/stm32f7xx_hal_pcd.c ****     {
 3212              		.loc 1 1369 8 discriminator 1 view .LVU975
 3213 0500 10F4001F 		tst	r0, #2097152
 3214 0504 58D0     		beq	.L219
1371:Drivers/STM32F7xx_HAL_Driver/Src/stm32f7xx_hal_pcd.c ****       {
 3215              		.loc 1 1371 18 view .LVU976
 3216 0506 0123     		movs	r3, #1
 3217 0508 26E0     		b	.L218
 3218              	.LVL302:
 3219              	.L216:
1351:Drivers/STM32F7xx_HAL_Driver/Src/stm32f7xx_hal_pcd.c ****       {
 3220              		.loc 1 1351 63 is_stmt 1 discriminator 2 view .LVU977
 3221 050a 0136     		adds	r6, r6, #1
 3222              	.LVL303:
 3223              	.L214:
1351:Drivers/STM32F7xx_HAL_Driver/Src/stm32f7xx_hal_pcd.c ****       {
 3224              		.loc 1 1351 30 discriminator 1 view .LVU978
1351:Drivers/STM32F7xx_HAL_Driver/Src/stm32f7xx_hal_pcd.c ****       {
 3225              		.loc 1 1351 42 is_stmt 0 discriminator 1 view .LVU979
 3226 050c 2379     		ldrb	r3, [r4, #4]	@ zero_extendqisi2
1351:Drivers/STM32F7xx_HAL_Driver/Src/stm32f7xx_hal_pcd.c ****       {
 3227              		.loc 1 1351 30 discriminator 1 view .LVU980
 3228 050e B342     		cmp	r3, r6
 3229 0510 1BD9     		bls	.L245
1353:Drivers/STM32F7xx_HAL_Driver/Src/stm32f7xx_hal_pcd.c **** 
 3230              		.loc 1 1353 9 is_stmt 1 view .LVU981
1353:Drivers/STM32F7xx_HAL_Driver/Src/stm32f7xx_hal_pcd.c **** 
 3231              		.loc 1 1353 18 is_stmt 0 view .LVU982
 3232 0512 05EB4613 		add	r3, r5, r6, lsl #5
1353:Drivers/STM32F7xx_HAL_Driver/Src/stm32f7xx_hal_pcd.c **** 
 3233              		.loc 1 1353 16 view .LVU983
 3234 0516 D3F80029 		ldr	r2, [r3, #2304]
 3235              	.LVL304:
1355:Drivers/STM32F7xx_HAL_Driver/Src/stm32f7xx_hal_pcd.c ****             ((RegVal & USB_OTG_DIEPCTL_EPENA) == USB_OTG_DIEPCTL_EPENA))
 3236              		.loc 1 1355 9 is_stmt 1 view .LVU984
1355:Drivers/STM32F7xx_HAL_Driver/Src/stm32f7xx_hal_pcd.c ****             ((RegVal & USB_OTG_DIEPCTL_EPENA) == USB_OTG_DIEPCTL_EPENA))
 3237              		.loc 1 1355 32 is_stmt 0 view .LVU985
 3238 051a 06EBC603 		add	r3, r6, r6, lsl #3
 3239 051e 04EB8303 		add	r3, r4, r3, lsl #2
 3240 0522 1B7E     		ldrb	r3, [r3, #24]	@ zero_extendqisi2
ARM GAS  /tmp/cciuNOwn.s 			page 112


1355:Drivers/STM32F7xx_HAL_Driver/Src/stm32f7xx_hal_pcd.c ****             ((RegVal & USB_OTG_DIEPCTL_EPENA) == USB_OTG_DIEPCTL_EPENA))
 3241              		.loc 1 1355 12 view .LVU986
 3242 0524 012B     		cmp	r3, #1
 3243 0526 F0D1     		bne	.L216
1355:Drivers/STM32F7xx_HAL_Driver/Src/stm32f7xx_hal_pcd.c ****             ((RegVal & USB_OTG_DIEPCTL_EPENA) == USB_OTG_DIEPCTL_EPENA))
 3244              		.loc 1 1355 55 discriminator 1 view .LVU987
 3245 0528 002A     		cmp	r2, #0
 3246 052a EEDA     		bge	.L216
1358:Drivers/STM32F7xx_HAL_Driver/Src/stm32f7xx_hal_pcd.c **** 
 3247              		.loc 1 1358 11 is_stmt 1 view .LVU988
1358:Drivers/STM32F7xx_HAL_Driver/Src/stm32f7xx_hal_pcd.c **** 
 3248              		.loc 1 1358 48 is_stmt 0 view .LVU989
 3249 052c 06EBC603 		add	r3, r6, r6, lsl #3
 3250 0530 04EB8303 		add	r3, r4, r3, lsl #2
 3251 0534 0122     		movs	r2, #1
 3252              	.LVL305:
1358:Drivers/STM32F7xx_HAL_Driver/Src/stm32f7xx_hal_pcd.c **** 
 3253              		.loc 1 1358 48 view .LVU990
 3254 0536 DA75     		strb	r2, [r3, #23]
1361:Drivers/STM32F7xx_HAL_Driver/Src/stm32f7xx_hal_pcd.c ****         }
 3255              		.loc 1 1361 11 is_stmt 1 view .LVU991
1361:Drivers/STM32F7xx_HAL_Driver/Src/stm32f7xx_hal_pcd.c ****         }
 3256              		.loc 1 1361 17 is_stmt 0 view .LVU992
 3257 0538 66F07F01 		orn	r1, r6, #127
 3258 053c C9B2     		uxtb	r1, r1
 3259 053e 2046     		mov	r0, r4
 3260 0540 FFF7FEFF 		bl	HAL_PCD_EP_Abort
 3261              	.LVL306:
 3262 0544 E1E7     		b	.L216
 3263              	.LVL307:
 3264              	.L225:
1351:Drivers/STM32F7xx_HAL_Driver/Src/stm32f7xx_hal_pcd.c ****       {
 3265              		.loc 1 1351 18 view .LVU993
 3266 0546 0126     		movs	r6, #1
 3267 0548 E0E7     		b	.L214
 3268              	.LVL308:
 3269              	.L245:
1365:Drivers/STM32F7xx_HAL_Driver/Src/stm32f7xx_hal_pcd.c ****     }
 3270              		.loc 1 1365 7 is_stmt 1 view .LVU994
 3271 054a 2268     		ldr	r2, [r4]
 3272 054c 5369     		ldr	r3, [r2, #20]
 3273 054e 03F48013 		and	r3, r3, #1048576
 3274 0552 5361     		str	r3, [r2, #20]
 3275 0554 D1E7     		b	.L215
 3276              	.LVL309:
 3277              	.L220:
1371:Drivers/STM32F7xx_HAL_Driver/Src/stm32f7xx_hal_pcd.c ****       {
 3278              		.loc 1 1371 63 discriminator 2 view .LVU995
 3279 0556 0133     		adds	r3, r3, #1
 3280              	.LVL310:
 3281              	.L218:
1371:Drivers/STM32F7xx_HAL_Driver/Src/stm32f7xx_hal_pcd.c ****       {
 3282              		.loc 1 1371 30 discriminator 1 view .LVU996
1371:Drivers/STM32F7xx_HAL_Driver/Src/stm32f7xx_hal_pcd.c ****       {
 3283              		.loc 1 1371 42 is_stmt 0 discriminator 1 view .LVU997
 3284 0558 2279     		ldrb	r2, [r4, #4]	@ zero_extendqisi2
1371:Drivers/STM32F7xx_HAL_Driver/Src/stm32f7xx_hal_pcd.c ****       {
ARM GAS  /tmp/cciuNOwn.s 			page 113


 3285              		.loc 1 1371 30 discriminator 1 view .LVU998
 3286 055a 9A42     		cmp	r2, r3
 3287 055c 27D9     		bls	.L221
1373:Drivers/STM32F7xx_HAL_Driver/Src/stm32f7xx_hal_pcd.c **** 
 3288              		.loc 1 1373 9 is_stmt 1 view .LVU999
1373:Drivers/STM32F7xx_HAL_Driver/Src/stm32f7xx_hal_pcd.c **** 
 3289              		.loc 1 1373 18 is_stmt 0 view .LVU1000
 3290 055e 05EB4312 		add	r2, r5, r3, lsl #5
1373:Drivers/STM32F7xx_HAL_Driver/Src/stm32f7xx_hal_pcd.c **** 
 3291              		.loc 1 1373 16 view .LVU1001
 3292 0562 D2F8001B 		ldr	r1, [r2, #2816]
 3293              	.LVL311:
1375:Drivers/STM32F7xx_HAL_Driver/Src/stm32f7xx_hal_pcd.c ****             ((RegVal & USB_OTG_DOEPCTL_EPENA) == USB_OTG_DOEPCTL_EPENA) &&
 3294              		.loc 1 1375 9 is_stmt 1 view .LVU1002
1375:Drivers/STM32F7xx_HAL_Driver/Src/stm32f7xx_hal_pcd.c ****             ((RegVal & USB_OTG_DOEPCTL_EPENA) == USB_OTG_DOEPCTL_EPENA) &&
 3295              		.loc 1 1375 33 is_stmt 0 view .LVU1003
 3296 0566 03EBC302 		add	r2, r3, r3, lsl #3
 3297 056a 04EB8202 		add	r2, r4, r2, lsl #2
 3298 056e 92F85822 		ldrb	r2, [r2, #600]	@ zero_extendqisi2
1375:Drivers/STM32F7xx_HAL_Driver/Src/stm32f7xx_hal_pcd.c ****             ((RegVal & USB_OTG_DOEPCTL_EPENA) == USB_OTG_DOEPCTL_EPENA) &&
 3299              		.loc 1 1375 12 view .LVU1004
 3300 0572 012A     		cmp	r2, #1
 3301 0574 EFD1     		bne	.L220
1375:Drivers/STM32F7xx_HAL_Driver/Src/stm32f7xx_hal_pcd.c ****             ((RegVal & USB_OTG_DOEPCTL_EPENA) == USB_OTG_DOEPCTL_EPENA) &&
 3302              		.loc 1 1375 56 discriminator 1 view .LVU1005
 3303 0576 0029     		cmp	r1, #0
 3304 0578 EDDA     		bge	.L220
1377:Drivers/STM32F7xx_HAL_Driver/Src/stm32f7xx_hal_pcd.c ****         {
 3305              		.loc 1 1377 55 view .LVU1006
 3306 057a D4F8D424 		ldr	r2, [r4, #1236]
1377:Drivers/STM32F7xx_HAL_Driver/Src/stm32f7xx_hal_pcd.c ****         {
 3307              		.loc 1 1377 47 view .LVU1007
 3308 057e 82EA1142 		eor	r2, r2, r1, lsr #16
1376:Drivers/STM32F7xx_HAL_Driver/Src/stm32f7xx_hal_pcd.c ****             (((RegVal & (0x1U << 16)) >> 16U) == (hpcd->FrameNumber & 0x1U)))
 3309              		.loc 1 1376 73 view .LVU1008
 3310 0582 12F0010F 		tst	r2, #1
 3311 0586 E6D1     		bne	.L220
1379:Drivers/STM32F7xx_HAL_Driver/Src/stm32f7xx_hal_pcd.c **** 
 3312              		.loc 1 1379 11 is_stmt 1 view .LVU1009
1379:Drivers/STM32F7xx_HAL_Driver/Src/stm32f7xx_hal_pcd.c **** 
 3313              		.loc 1 1379 49 is_stmt 0 view .LVU1010
 3314 0588 03EBC302 		add	r2, r3, r3, lsl #3
 3315 058c 04EB8202 		add	r2, r4, r2, lsl #2
 3316 0590 0121     		movs	r1, #1
 3317              	.LVL312:
1379:Drivers/STM32F7xx_HAL_Driver/Src/stm32f7xx_hal_pcd.c **** 
 3318              		.loc 1 1379 49 view .LVU1011
 3319 0592 82F85712 		strb	r1, [r2, #599]
1381:Drivers/STM32F7xx_HAL_Driver/Src/stm32f7xx_hal_pcd.c **** 
 3320              		.loc 1 1381 11 is_stmt 1 view .LVU1012
1381:Drivers/STM32F7xx_HAL_Driver/Src/stm32f7xx_hal_pcd.c **** 
 3321              		.loc 1 1381 15 is_stmt 0 view .LVU1013
 3322 0596 AA69     		ldr	r2, [r5, #24]
1381:Drivers/STM32F7xx_HAL_Driver/Src/stm32f7xx_hal_pcd.c **** 
 3323              		.loc 1 1381 25 view .LVU1014
 3324 0598 42F08002 		orr	r2, r2, #128
 3325 059c AA61     		str	r2, [r5, #24]
ARM GAS  /tmp/cciuNOwn.s 			page 114


1383:Drivers/STM32F7xx_HAL_Driver/Src/stm32f7xx_hal_pcd.c ****           {
 3326              		.loc 1 1383 11 is_stmt 1 view .LVU1015
1383:Drivers/STM32F7xx_HAL_Driver/Src/stm32f7xx_hal_pcd.c ****           {
 3327              		.loc 1 1383 20 is_stmt 0 view .LVU1016
 3328 059e 6A69     		ldr	r2, [r5, #20]
1383:Drivers/STM32F7xx_HAL_Driver/Src/stm32f7xx_hal_pcd.c ****           {
 3329              		.loc 1 1383 14 view .LVU1017
 3330 05a0 12F0800F 		tst	r2, #128
 3331 05a4 D7D1     		bne	.L220
1385:Drivers/STM32F7xx_HAL_Driver/Src/stm32f7xx_hal_pcd.c ****             break;
 3332              		.loc 1 1385 13 is_stmt 1 view .LVU1018
1385:Drivers/STM32F7xx_HAL_Driver/Src/stm32f7xx_hal_pcd.c ****             break;
 3333              		.loc 1 1385 24 is_stmt 0 view .LVU1019
 3334 05a6 7B68     		ldr	r3, [r7, #4]
 3335              	.LVL313:
1385:Drivers/STM32F7xx_HAL_Driver/Src/stm32f7xx_hal_pcd.c ****             break;
 3336              		.loc 1 1385 31 view .LVU1020
 3337 05a8 43F40073 		orr	r3, r3, #512
 3338 05ac 7B60     		str	r3, [r7, #4]
1386:Drivers/STM32F7xx_HAL_Driver/Src/stm32f7xx_hal_pcd.c ****           }
 3339              		.loc 1 1386 13 is_stmt 1 view .LVU1021
 3340              	.LVL314:
 3341              	.L221:
1391:Drivers/STM32F7xx_HAL_Driver/Src/stm32f7xx_hal_pcd.c ****     }
 3342              		.loc 1 1391 7 view .LVU1022
 3343 05ae 2268     		ldr	r2, [r4]
 3344 05b0 5369     		ldr	r3, [r2, #20]
 3345 05b2 03F40013 		and	r3, r3, #2097152
 3346 05b6 5361     		str	r3, [r2, #20]
 3347              	.LVL315:
 3348              	.L219:
1395:Drivers/STM32F7xx_HAL_Driver/Src/stm32f7xx_hal_pcd.c ****     {
 3349              		.loc 1 1395 5 view .LVU1023
1395:Drivers/STM32F7xx_HAL_Driver/Src/stm32f7xx_hal_pcd.c ****     {
 3350              		.loc 1 1395 9 is_stmt 0 view .LVU1024
 3351 05b8 2068     		ldr	r0, [r4]
 3352 05ba FFF7FEFF 		bl	USB_ReadInterrupts
 3353              	.LVL316:
1395:Drivers/STM32F7xx_HAL_Driver/Src/stm32f7xx_hal_pcd.c ****     {
 3354              		.loc 1 1395 8 discriminator 1 view .LVU1025
 3355 05be 10F0804F 		tst	r0, #1073741824
 3356 05c2 10D1     		bne	.L246
 3357              	.L223:
1407:Drivers/STM32F7xx_HAL_Driver/Src/stm32f7xx_hal_pcd.c ****     {
 3358              		.loc 1 1407 5 is_stmt 1 view .LVU1026
1407:Drivers/STM32F7xx_HAL_Driver/Src/stm32f7xx_hal_pcd.c ****     {
 3359              		.loc 1 1407 9 is_stmt 0 view .LVU1027
 3360 05c4 2068     		ldr	r0, [r4]
 3361 05c6 FFF7FEFF 		bl	USB_ReadInterrupts
 3362              	.LVL317:
1407:Drivers/STM32F7xx_HAL_Driver/Src/stm32f7xx_hal_pcd.c ****     {
 3363              		.loc 1 1407 8 discriminator 1 view .LVU1028
 3364 05ca 10F0040F 		tst	r0, #4
 3365 05ce 3FF420AD 		beq	.L168
1409:Drivers/STM32F7xx_HAL_Driver/Src/stm32f7xx_hal_pcd.c **** 
 3366              		.loc 1 1409 7 is_stmt 1 view .LVU1029
1409:Drivers/STM32F7xx_HAL_Driver/Src/stm32f7xx_hal_pcd.c **** 
ARM GAS  /tmp/cciuNOwn.s 			page 115


 3367              		.loc 1 1409 20 is_stmt 0 view .LVU1030
 3368 05d2 2368     		ldr	r3, [r4]
1409:Drivers/STM32F7xx_HAL_Driver/Src/stm32f7xx_hal_pcd.c **** 
 3369              		.loc 1 1409 14 view .LVU1031
 3370 05d4 5D68     		ldr	r5, [r3, #4]
 3371              	.LVL318:
1411:Drivers/STM32F7xx_HAL_Driver/Src/stm32f7xx_hal_pcd.c ****       {
 3372              		.loc 1 1411 7 is_stmt 1 view .LVU1032
1411:Drivers/STM32F7xx_HAL_Driver/Src/stm32f7xx_hal_pcd.c ****       {
 3373              		.loc 1 1411 10 is_stmt 0 view .LVU1033
 3374 05d6 15F0040F 		tst	r5, #4
 3375 05da 0DD1     		bne	.L247
 3376              	.L224:
1419:Drivers/STM32F7xx_HAL_Driver/Src/stm32f7xx_hal_pcd.c ****     }
 3377              		.loc 1 1419 7 is_stmt 1 view .LVU1034
1419:Drivers/STM32F7xx_HAL_Driver/Src/stm32f7xx_hal_pcd.c ****     }
 3378              		.loc 1 1419 11 is_stmt 0 view .LVU1035
 3379 05dc 2268     		ldr	r2, [r4]
1419:Drivers/STM32F7xx_HAL_Driver/Src/stm32f7xx_hal_pcd.c ****     }
 3380              		.loc 1 1419 21 view .LVU1036
 3381 05de 5368     		ldr	r3, [r2, #4]
1419:Drivers/STM32F7xx_HAL_Driver/Src/stm32f7xx_hal_pcd.c ****     }
 3382              		.loc 1 1419 31 view .LVU1037
 3383 05e0 2B43     		orrs	r3, r3, r5
 3384 05e2 5360     		str	r3, [r2, #4]
 3385 05e4 15E5     		b	.L168
 3386              	.LVL319:
 3387              	.L246:
1400:Drivers/STM32F7xx_HAL_Driver/Src/stm32f7xx_hal_pcd.c **** #endif /* USE_HAL_PCD_REGISTER_CALLBACKS */
 3388              		.loc 1 1400 7 is_stmt 1 view .LVU1038
 3389 05e6 2046     		mov	r0, r4
 3390 05e8 FFF7FEFF 		bl	HAL_PCD_ConnectCallback
 3391              	.LVL320:
1403:Drivers/STM32F7xx_HAL_Driver/Src/stm32f7xx_hal_pcd.c ****     }
 3392              		.loc 1 1403 7 view .LVU1039
 3393 05ec 2268     		ldr	r2, [r4]
 3394 05ee 5369     		ldr	r3, [r2, #20]
 3395 05f0 03F08043 		and	r3, r3, #1073741824
 3396 05f4 5361     		str	r3, [r2, #20]
 3397 05f6 E5E7     		b	.L223
 3398              	.LVL321:
 3399              	.L247:
1416:Drivers/STM32F7xx_HAL_Driver/Src/stm32f7xx_hal_pcd.c **** #endif /* USE_HAL_PCD_REGISTER_CALLBACKS */
 3400              		.loc 1 1416 9 view .LVU1040
 3401 05f8 2046     		mov	r0, r4
 3402 05fa FFF7FEFF 		bl	HAL_PCD_DisconnectCallback
 3403              	.LVL322:
 3404 05fe EDE7     		b	.L224
 3405              		.cfi_endproc
 3406              	.LFE147:
 3408              		.section	.text.HAL_PCD_EP_Flush,"ax",%progbits
 3409              		.align	1
 3410              		.global	HAL_PCD_EP_Flush
 3411              		.syntax unified
 3412              		.thumb
 3413              		.thumb_func
 3415              	HAL_PCD_EP_Flush:
ARM GAS  /tmp/cciuNOwn.s 			page 116


 3416              	.LVL323:
 3417              	.LFB171:
1946:Drivers/STM32F7xx_HAL_Driver/Src/stm32f7xx_hal_pcd.c ****   __HAL_LOCK(hpcd);
 3418              		.loc 1 1946 1 view -0
 3419              		.cfi_startproc
 3420              		@ args = 0, pretend = 0, frame = 0
 3421              		@ frame_needed = 0, uses_anonymous_args = 0
1947:Drivers/STM32F7xx_HAL_Driver/Src/stm32f7xx_hal_pcd.c **** 
 3422              		.loc 1 1947 3 view .LVU1042
1947:Drivers/STM32F7xx_HAL_Driver/Src/stm32f7xx_hal_pcd.c **** 
 3423              		.loc 1 1947 3 view .LVU1043
 3424 0000 90F89434 		ldrb	r3, [r0, #1172]	@ zero_extendqisi2
 3425 0004 012B     		cmp	r3, #1
 3426 0006 14D0     		beq	.L252
1946:Drivers/STM32F7xx_HAL_Driver/Src/stm32f7xx_hal_pcd.c ****   __HAL_LOCK(hpcd);
 3427              		.loc 1 1946 1 is_stmt 0 view .LVU1044
 3428 0008 10B5     		push	{r4, lr}
 3429              	.LCFI34:
 3430              		.cfi_def_cfa_offset 8
 3431              		.cfi_offset 4, -8
 3432              		.cfi_offset 14, -4
 3433 000a 0446     		mov	r4, r0
1947:Drivers/STM32F7xx_HAL_Driver/Src/stm32f7xx_hal_pcd.c **** 
 3434              		.loc 1 1947 3 is_stmt 1 discriminator 2 view .LVU1045
 3435 000c 0123     		movs	r3, #1
 3436 000e 80F89434 		strb	r3, [r0, #1172]
1947:Drivers/STM32F7xx_HAL_Driver/Src/stm32f7xx_hal_pcd.c **** 
 3437              		.loc 1 1947 3 discriminator 2 view .LVU1046
1949:Drivers/STM32F7xx_HAL_Driver/Src/stm32f7xx_hal_pcd.c ****   {
 3438              		.loc 1 1949 3 view .LVU1047
1949:Drivers/STM32F7xx_HAL_Driver/Src/stm32f7xx_hal_pcd.c ****   {
 3439              		.loc 1 1949 6 is_stmt 0 view .LVU1048
 3440 0012 11F0800F 		tst	r1, #128
 3441 0016 06D1     		bne	.L257
1955:Drivers/STM32F7xx_HAL_Driver/Src/stm32f7xx_hal_pcd.c ****   }
 3442              		.loc 1 1955 5 is_stmt 1 view .LVU1049
1955:Drivers/STM32F7xx_HAL_Driver/Src/stm32f7xx_hal_pcd.c ****   }
 3443              		.loc 1 1955 11 is_stmt 0 view .LVU1050
 3444 0018 0068     		ldr	r0, [r0]
 3445              	.LVL324:
1955:Drivers/STM32F7xx_HAL_Driver/Src/stm32f7xx_hal_pcd.c ****   }
 3446              		.loc 1 1955 11 view .LVU1051
 3447 001a FFF7FEFF 		bl	USB_FlushRxFifo
 3448              	.LVL325:
 3449              	.L251:
1958:Drivers/STM32F7xx_HAL_Driver/Src/stm32f7xx_hal_pcd.c **** 
 3450              		.loc 1 1958 3 is_stmt 1 view .LVU1052
1958:Drivers/STM32F7xx_HAL_Driver/Src/stm32f7xx_hal_pcd.c **** 
 3451              		.loc 1 1958 3 view .LVU1053
 3452 001e 0020     		movs	r0, #0
 3453 0020 84F89404 		strb	r0, [r4, #1172]
1958:Drivers/STM32F7xx_HAL_Driver/Src/stm32f7xx_hal_pcd.c **** 
 3454              		.loc 1 1958 3 view .LVU1054
1960:Drivers/STM32F7xx_HAL_Driver/Src/stm32f7xx_hal_pcd.c **** }
 3455              		.loc 1 1960 3 view .LVU1055
1961:Drivers/STM32F7xx_HAL_Driver/Src/stm32f7xx_hal_pcd.c **** 
 3456              		.loc 1 1961 1 is_stmt 0 view .LVU1056
ARM GAS  /tmp/cciuNOwn.s 			page 117


 3457 0024 10BD     		pop	{r4, pc}
 3458              	.LVL326:
 3459              	.L257:
1951:Drivers/STM32F7xx_HAL_Driver/Src/stm32f7xx_hal_pcd.c ****   }
 3460              		.loc 1 1951 5 is_stmt 1 view .LVU1057
1951:Drivers/STM32F7xx_HAL_Driver/Src/stm32f7xx_hal_pcd.c ****   }
 3461              		.loc 1 1951 11 is_stmt 0 view .LVU1058
 3462 0026 01F00F01 		and	r1, r1, #15
 3463              	.LVL327:
1951:Drivers/STM32F7xx_HAL_Driver/Src/stm32f7xx_hal_pcd.c ****   }
 3464              		.loc 1 1951 11 view .LVU1059
 3465 002a 0068     		ldr	r0, [r0]
 3466              	.LVL328:
1951:Drivers/STM32F7xx_HAL_Driver/Src/stm32f7xx_hal_pcd.c ****   }
 3467              		.loc 1 1951 11 view .LVU1060
 3468 002c FFF7FEFF 		bl	USB_FlushTxFifo
 3469              	.LVL329:
 3470 0030 F5E7     		b	.L251
 3471              	.LVL330:
 3472              	.L252:
 3473              	.LCFI35:
 3474              		.cfi_def_cfa_offset 0
 3475              		.cfi_restore 4
 3476              		.cfi_restore 14
1947:Drivers/STM32F7xx_HAL_Driver/Src/stm32f7xx_hal_pcd.c **** 
 3477              		.loc 1 1947 3 discriminator 1 view .LVU1061
 3478 0032 0220     		movs	r0, #2
 3479              	.LVL331:
1961:Drivers/STM32F7xx_HAL_Driver/Src/stm32f7xx_hal_pcd.c **** 
 3480              		.loc 1 1961 1 view .LVU1062
 3481 0034 7047     		bx	lr
 3482              		.cfi_endproc
 3483              	.LFE171:
 3485              		.section	.text.HAL_PCD_ActivateRemoteWakeup,"ax",%progbits
 3486              		.align	1
 3487              		.global	HAL_PCD_ActivateRemoteWakeup
 3488              		.syntax unified
 3489              		.thumb
 3490              		.thumb_func
 3492              	HAL_PCD_ActivateRemoteWakeup:
 3493              	.LVL332:
 3494              	.LFB172:
1969:Drivers/STM32F7xx_HAL_Driver/Src/stm32f7xx_hal_pcd.c ****   return (USB_ActivateRemoteWakeup(hpcd->Instance));
 3495              		.loc 1 1969 1 is_stmt 1 view -0
 3496              		.cfi_startproc
 3497              		@ args = 0, pretend = 0, frame = 0
 3498              		@ frame_needed = 0, uses_anonymous_args = 0
1969:Drivers/STM32F7xx_HAL_Driver/Src/stm32f7xx_hal_pcd.c ****   return (USB_ActivateRemoteWakeup(hpcd->Instance));
 3499              		.loc 1 1969 1 is_stmt 0 view .LVU1064
 3500 0000 08B5     		push	{r3, lr}
 3501              	.LCFI36:
 3502              		.cfi_def_cfa_offset 8
 3503              		.cfi_offset 3, -8
 3504              		.cfi_offset 14, -4
1970:Drivers/STM32F7xx_HAL_Driver/Src/stm32f7xx_hal_pcd.c **** }
 3505              		.loc 1 1970 3 is_stmt 1 view .LVU1065
1970:Drivers/STM32F7xx_HAL_Driver/Src/stm32f7xx_hal_pcd.c **** }
ARM GAS  /tmp/cciuNOwn.s 			page 118


 3506              		.loc 1 1970 11 is_stmt 0 view .LVU1066
 3507 0002 0068     		ldr	r0, [r0]
 3508              	.LVL333:
1970:Drivers/STM32F7xx_HAL_Driver/Src/stm32f7xx_hal_pcd.c **** }
 3509              		.loc 1 1970 11 view .LVU1067
 3510 0004 FFF7FEFF 		bl	USB_ActivateRemoteWakeup
 3511              	.LVL334:
1971:Drivers/STM32F7xx_HAL_Driver/Src/stm32f7xx_hal_pcd.c **** 
 3512              		.loc 1 1971 1 view .LVU1068
 3513 0008 08BD     		pop	{r3, pc}
 3514              		.cfi_endproc
 3515              	.LFE172:
 3517              		.section	.text.HAL_PCD_DeActivateRemoteWakeup,"ax",%progbits
 3518              		.align	1
 3519              		.global	HAL_PCD_DeActivateRemoteWakeup
 3520              		.syntax unified
 3521              		.thumb
 3522              		.thumb_func
 3524              	HAL_PCD_DeActivateRemoteWakeup:
 3525              	.LVL335:
 3526              	.LFB173:
1979:Drivers/STM32F7xx_HAL_Driver/Src/stm32f7xx_hal_pcd.c ****   return (USB_DeActivateRemoteWakeup(hpcd->Instance));
 3527              		.loc 1 1979 1 is_stmt 1 view -0
 3528              		.cfi_startproc
 3529              		@ args = 0, pretend = 0, frame = 0
 3530              		@ frame_needed = 0, uses_anonymous_args = 0
1979:Drivers/STM32F7xx_HAL_Driver/Src/stm32f7xx_hal_pcd.c ****   return (USB_DeActivateRemoteWakeup(hpcd->Instance));
 3531              		.loc 1 1979 1 is_stmt 0 view .LVU1070
 3532 0000 08B5     		push	{r3, lr}
 3533              	.LCFI37:
 3534              		.cfi_def_cfa_offset 8
 3535              		.cfi_offset 3, -8
 3536              		.cfi_offset 14, -4
1980:Drivers/STM32F7xx_HAL_Driver/Src/stm32f7xx_hal_pcd.c **** }
 3537              		.loc 1 1980 3 is_stmt 1 view .LVU1071
1980:Drivers/STM32F7xx_HAL_Driver/Src/stm32f7xx_hal_pcd.c **** }
 3538              		.loc 1 1980 11 is_stmt 0 view .LVU1072
 3539 0002 0068     		ldr	r0, [r0]
 3540              	.LVL336:
1980:Drivers/STM32F7xx_HAL_Driver/Src/stm32f7xx_hal_pcd.c **** }
 3541              		.loc 1 1980 11 view .LVU1073
 3542 0004 FFF7FEFF 		bl	USB_DeActivateRemoteWakeup
 3543              	.LVL337:
1981:Drivers/STM32F7xx_HAL_Driver/Src/stm32f7xx_hal_pcd.c **** 
 3544              		.loc 1 1981 1 view .LVU1074
 3545 0008 08BD     		pop	{r3, pc}
 3546              		.cfi_endproc
 3547              	.LFE173:
 3549              		.section	.text.HAL_PCD_GetState,"ax",%progbits
 3550              		.align	1
 3551              		.global	HAL_PCD_GetState
 3552              		.syntax unified
 3553              		.thumb
 3554              		.thumb_func
 3556              	HAL_PCD_GetState:
 3557              	.LVL338:
 3558              	.LFB174:
ARM GAS  /tmp/cciuNOwn.s 			page 119


2008:Drivers/STM32F7xx_HAL_Driver/Src/stm32f7xx_hal_pcd.c ****   return hpcd->State;
 3559              		.loc 1 2008 1 is_stmt 1 view -0
 3560              		.cfi_startproc
 3561              		@ args = 0, pretend = 0, frame = 0
 3562              		@ frame_needed = 0, uses_anonymous_args = 0
 3563              		@ link register save eliminated.
2009:Drivers/STM32F7xx_HAL_Driver/Src/stm32f7xx_hal_pcd.c **** }
 3564              		.loc 1 2009 3 view .LVU1076
2009:Drivers/STM32F7xx_HAL_Driver/Src/stm32f7xx_hal_pcd.c **** }
 3565              		.loc 1 2009 14 is_stmt 0 view .LVU1077
 3566 0000 90F89504 		ldrb	r0, [r0, #1173]	@ zero_extendqisi2
 3567              	.LVL339:
2010:Drivers/STM32F7xx_HAL_Driver/Src/stm32f7xx_hal_pcd.c **** 
 3568              		.loc 1 2010 1 view .LVU1078
 3569 0004 7047     		bx	lr
 3570              		.cfi_endproc
 3571              	.LFE174:
 3573              		.section	.text.HAL_PCD_SetTestMode,"ax",%progbits
 3574              		.align	1
 3575              		.global	HAL_PCD_SetTestMode
 3576              		.syntax unified
 3577              		.thumb
 3578              		.thumb_func
 3580              	HAL_PCD_SetTestMode:
 3581              	.LVL340:
 3582              	.LFB175:
2020:Drivers/STM32F7xx_HAL_Driver/Src/stm32f7xx_hal_pcd.c ****   const USB_OTG_GlobalTypeDef *USBx = hpcd->Instance;
 3583              		.loc 1 2020 1 is_stmt 1 view -0
 3584              		.cfi_startproc
 3585              		@ args = 0, pretend = 0, frame = 0
 3586              		@ frame_needed = 0, uses_anonymous_args = 0
 3587              		@ link register save eliminated.
2021:Drivers/STM32F7xx_HAL_Driver/Src/stm32f7xx_hal_pcd.c ****   uint32_t USBx_BASE = (uint32_t)USBx;
 3588              		.loc 1 2021 3 view .LVU1080
2021:Drivers/STM32F7xx_HAL_Driver/Src/stm32f7xx_hal_pcd.c ****   uint32_t USBx_BASE = (uint32_t)USBx;
 3589              		.loc 1 2021 32 is_stmt 0 view .LVU1081
 3590 0000 0368     		ldr	r3, [r0]
 3591              	.LVL341:
2022:Drivers/STM32F7xx_HAL_Driver/Src/stm32f7xx_hal_pcd.c **** 
 3592              		.loc 1 2022 3 is_stmt 1 view .LVU1082
2024:Drivers/STM32F7xx_HAL_Driver/Src/stm32f7xx_hal_pcd.c ****   {
 3593              		.loc 1 2024 3 view .LVU1083
 3594 0002 4A1E     		subs	r2, r1, #1
 3595 0004 042A     		cmp	r2, #4
 3596 0006 0BD8     		bhi	.L264
2031:Drivers/STM32F7xx_HAL_Driver/Src/stm32f7xx_hal_pcd.c ****       USBx_DEVICE->DCTL |= (uint32_t)testmode << 4;
 3597              		.loc 1 2031 7 view .LVU1084
2031:Drivers/STM32F7xx_HAL_Driver/Src/stm32f7xx_hal_pcd.c ****       USBx_DEVICE->DCTL |= (uint32_t)testmode << 4;
 3598              		.loc 1 2031 18 is_stmt 0 view .LVU1085
 3599 0008 D3F80428 		ldr	r2, [r3, #2052]
2031:Drivers/STM32F7xx_HAL_Driver/Src/stm32f7xx_hal_pcd.c ****       USBx_DEVICE->DCTL |= (uint32_t)testmode << 4;
 3600              		.loc 1 2031 25 view .LVU1086
 3601 000c 22F07002 		bic	r2, r2, #112
 3602 0010 C3F80428 		str	r2, [r3, #2052]
2032:Drivers/STM32F7xx_HAL_Driver/Src/stm32f7xx_hal_pcd.c ****       break;
 3603              		.loc 1 2032 7 is_stmt 1 view .LVU1087
2032:Drivers/STM32F7xx_HAL_Driver/Src/stm32f7xx_hal_pcd.c ****       break;
ARM GAS  /tmp/cciuNOwn.s 			page 120


 3604              		.loc 1 2032 18 is_stmt 0 view .LVU1088
 3605 0014 D3F80428 		ldr	r2, [r3, #2052]
2032:Drivers/STM32F7xx_HAL_Driver/Src/stm32f7xx_hal_pcd.c ****       break;
 3606              		.loc 1 2032 25 view .LVU1089
 3607 0018 42EA0112 		orr	r2, r2, r1, lsl #4
 3608 001c C3F80428 		str	r2, [r3, #2052]
2033:Drivers/STM32F7xx_HAL_Driver/Src/stm32f7xx_hal_pcd.c **** 
 3609              		.loc 1 2033 7 is_stmt 1 view .LVU1090
 3610              	.L264:
2039:Drivers/STM32F7xx_HAL_Driver/Src/stm32f7xx_hal_pcd.c **** }
 3611              		.loc 1 2039 3 view .LVU1091
2040:Drivers/STM32F7xx_HAL_Driver/Src/stm32f7xx_hal_pcd.c **** #endif /* defined (USB_OTG_FS) || defined (USB_OTG_HS) */
 3612              		.loc 1 2040 1 is_stmt 0 view .LVU1092
 3613 0020 0020     		movs	r0, #0
 3614              	.LVL342:
2040:Drivers/STM32F7xx_HAL_Driver/Src/stm32f7xx_hal_pcd.c **** #endif /* defined (USB_OTG_FS) || defined (USB_OTG_HS) */
 3615              		.loc 1 2040 1 view .LVU1093
 3616 0022 7047     		bx	lr
 3617              		.cfi_endproc
 3618              	.LFE175:
 3620              		.text
 3621              	.Letext0:
 3622              		.file 2 "/usr/lib/gcc/arm-none-eabi/13.2.1/include/stdint.h"
 3623              		.file 3 "Drivers/CMSIS/Device/ST/STM32F7xx/Include/stm32f746xx.h"
 3624              		.file 4 "Drivers/STM32F7xx_HAL_Driver/Inc/stm32f7xx_hal_def.h"
 3625              		.file 5 "Drivers/STM32F7xx_HAL_Driver/Inc/stm32f7xx_ll_usb.h"
 3626              		.file 6 "Drivers/STM32F7xx_HAL_Driver/Inc/stm32f7xx_hal_pcd.h"
 3627              		.file 7 "Drivers/STM32F7xx_HAL_Driver/Inc/stm32f7xx_hal_pcd_ex.h"
 3628              		.file 8 "Drivers/STM32F7xx_HAL_Driver/Inc/stm32f7xx_hal_rcc.h"
ARM GAS  /tmp/cciuNOwn.s 			page 121


DEFINED SYMBOLS
                            *ABS*:00000000 stm32f7xx_hal_pcd.c
     /tmp/cciuNOwn.s:21     .text.PCD_WriteEmptyTxFifo:00000000 $t
     /tmp/cciuNOwn.s:26     .text.PCD_WriteEmptyTxFifo:00000000 PCD_WriteEmptyTxFifo
     /tmp/cciuNOwn.s:222    .text.HAL_PCD_MspInit:00000000 $t
     /tmp/cciuNOwn.s:228    .text.HAL_PCD_MspInit:00000000 HAL_PCD_MspInit
     /tmp/cciuNOwn.s:243    .text.HAL_PCD_Init:00000000 $t
     /tmp/cciuNOwn.s:249    .text.HAL_PCD_Init:00000000 HAL_PCD_Init
     /tmp/cciuNOwn.s:510    .text.HAL_PCD_MspDeInit:00000000 $t
     /tmp/cciuNOwn.s:516    .text.HAL_PCD_MspDeInit:00000000 HAL_PCD_MspDeInit
     /tmp/cciuNOwn.s:531    .text.HAL_PCD_DeInit:00000000 $t
     /tmp/cciuNOwn.s:537    .text.HAL_PCD_DeInit:00000000 HAL_PCD_DeInit
     /tmp/cciuNOwn.s:599    .text.HAL_PCD_Start:00000000 $t
     /tmp/cciuNOwn.s:605    .text.HAL_PCD_Start:00000000 HAL_PCD_Start
     /tmp/cciuNOwn.s:662    .text.HAL_PCD_Stop:00000000 $t
     /tmp/cciuNOwn.s:668    .text.HAL_PCD_Stop:00000000 HAL_PCD_Stop
     /tmp/cciuNOwn.s:731    .text.HAL_PCD_WKUP_IRQHandler:00000000 $t
     /tmp/cciuNOwn.s:737    .text.HAL_PCD_WKUP_IRQHandler:00000000 HAL_PCD_WKUP_IRQHandler
     /tmp/cciuNOwn.s:777    .text.HAL_PCD_WKUP_IRQHandler:0000001c $d
     /tmp/cciuNOwn.s:782    .text.HAL_PCD_DataOutStageCallback:00000000 $t
     /tmp/cciuNOwn.s:788    .text.HAL_PCD_DataOutStageCallback:00000000 HAL_PCD_DataOutStageCallback
     /tmp/cciuNOwn.s:804    .text.PCD_EP_OutXfrComplete_int:00000000 $t
     /tmp/cciuNOwn.s:809    .text.PCD_EP_OutXfrComplete_int:00000000 PCD_EP_OutXfrComplete_int
     /tmp/cciuNOwn.s:1030   .text.PCD_EP_OutXfrComplete_int:000000fc $d
     /tmp/cciuNOwn.s:1036   .text.HAL_PCD_DataInStageCallback:00000000 $t
     /tmp/cciuNOwn.s:1042   .text.HAL_PCD_DataInStageCallback:00000000 HAL_PCD_DataInStageCallback
     /tmp/cciuNOwn.s:1058   .text.HAL_PCD_SetupStageCallback:00000000 $t
     /tmp/cciuNOwn.s:1064   .text.HAL_PCD_SetupStageCallback:00000000 HAL_PCD_SetupStageCallback
     /tmp/cciuNOwn.s:1079   .text.PCD_EP_OutSetupPacket_int:00000000 $t
     /tmp/cciuNOwn.s:1084   .text.PCD_EP_OutSetupPacket_int:00000000 PCD_EP_OutSetupPacket_int
     /tmp/cciuNOwn.s:1164   .text.PCD_EP_OutSetupPacket_int:0000004c $d
     /tmp/cciuNOwn.s:1169   .text.HAL_PCD_SOFCallback:00000000 $t
     /tmp/cciuNOwn.s:1175   .text.HAL_PCD_SOFCallback:00000000 HAL_PCD_SOFCallback
     /tmp/cciuNOwn.s:1190   .text.HAL_PCD_ResetCallback:00000000 $t
     /tmp/cciuNOwn.s:1196   .text.HAL_PCD_ResetCallback:00000000 HAL_PCD_ResetCallback
     /tmp/cciuNOwn.s:1211   .text.HAL_PCD_SuspendCallback:00000000 $t
     /tmp/cciuNOwn.s:1217   .text.HAL_PCD_SuspendCallback:00000000 HAL_PCD_SuspendCallback
     /tmp/cciuNOwn.s:1232   .text.HAL_PCD_ResumeCallback:00000000 $t
     /tmp/cciuNOwn.s:1238   .text.HAL_PCD_ResumeCallback:00000000 HAL_PCD_ResumeCallback
     /tmp/cciuNOwn.s:1253   .text.HAL_PCD_ISOOUTIncompleteCallback:00000000 $t
     /tmp/cciuNOwn.s:1259   .text.HAL_PCD_ISOOUTIncompleteCallback:00000000 HAL_PCD_ISOOUTIncompleteCallback
     /tmp/cciuNOwn.s:1275   .text.HAL_PCD_ISOINIncompleteCallback:00000000 $t
     /tmp/cciuNOwn.s:1281   .text.HAL_PCD_ISOINIncompleteCallback:00000000 HAL_PCD_ISOINIncompleteCallback
     /tmp/cciuNOwn.s:1297   .text.HAL_PCD_ConnectCallback:00000000 $t
     /tmp/cciuNOwn.s:1303   .text.HAL_PCD_ConnectCallback:00000000 HAL_PCD_ConnectCallback
     /tmp/cciuNOwn.s:1318   .text.HAL_PCD_DisconnectCallback:00000000 $t
     /tmp/cciuNOwn.s:1324   .text.HAL_PCD_DisconnectCallback:00000000 HAL_PCD_DisconnectCallback
     /tmp/cciuNOwn.s:1339   .text.HAL_PCD_DevConnect:00000000 $t
     /tmp/cciuNOwn.s:1345   .text.HAL_PCD_DevConnect:00000000 HAL_PCD_DevConnect
     /tmp/cciuNOwn.s:1398   .text.HAL_PCD_DevDisconnect:00000000 $t
     /tmp/cciuNOwn.s:1404   .text.HAL_PCD_DevDisconnect:00000000 HAL_PCD_DevDisconnect
     /tmp/cciuNOwn.s:1457   .text.HAL_PCD_SetAddress:00000000 $t
     /tmp/cciuNOwn.s:1463   .text.HAL_PCD_SetAddress:00000000 HAL_PCD_SetAddress
     /tmp/cciuNOwn.s:1519   .text.HAL_PCD_EP_Open:00000000 $t
     /tmp/cciuNOwn.s:1525   .text.HAL_PCD_EP_Open:00000000 HAL_PCD_EP_Open
     /tmp/cciuNOwn.s:1661   .text.HAL_PCD_EP_Close:00000000 $t
     /tmp/cciuNOwn.s:1667   .text.HAL_PCD_EP_Close:00000000 HAL_PCD_EP_Close
ARM GAS  /tmp/cciuNOwn.s 			page 122


     /tmp/cciuNOwn.s:1763   .text.HAL_PCD_EP_Receive:00000000 $t
     /tmp/cciuNOwn.s:1769   .text.HAL_PCD_EP_Receive:00000000 HAL_PCD_EP_Receive
     /tmp/cciuNOwn.s:1844   .text.HAL_PCD_EP_GetRxCount:00000000 $t
     /tmp/cciuNOwn.s:1850   .text.HAL_PCD_EP_GetRxCount:00000000 HAL_PCD_EP_GetRxCount
     /tmp/cciuNOwn.s:1873   .text.HAL_PCD_EP_Transmit:00000000 $t
     /tmp/cciuNOwn.s:1879   .text.HAL_PCD_EP_Transmit:00000000 HAL_PCD_EP_Transmit
     /tmp/cciuNOwn.s:1955   .text.HAL_PCD_EP_SetStall:00000000 $t
     /tmp/cciuNOwn.s:1961   .text.HAL_PCD_EP_SetStall:00000000 HAL_PCD_EP_SetStall
     /tmp/cciuNOwn.s:2095   .text.HAL_PCD_EP_ClrStall:00000000 $t
     /tmp/cciuNOwn.s:2101   .text.HAL_PCD_EP_ClrStall:00000000 HAL_PCD_EP_ClrStall
     /tmp/cciuNOwn.s:2221   .text.HAL_PCD_EP_Abort:00000000 $t
     /tmp/cciuNOwn.s:2227   .text.HAL_PCD_EP_Abort:00000000 HAL_PCD_EP_Abort
     /tmp/cciuNOwn.s:2287   .text.HAL_PCD_IRQHandler:00000000 $t
     /tmp/cciuNOwn.s:2293   .text.HAL_PCD_IRQHandler:00000000 HAL_PCD_IRQHandler
     /tmp/cciuNOwn.s:3409   .text.HAL_PCD_EP_Flush:00000000 $t
     /tmp/cciuNOwn.s:3415   .text.HAL_PCD_EP_Flush:00000000 HAL_PCD_EP_Flush
     /tmp/cciuNOwn.s:3486   .text.HAL_PCD_ActivateRemoteWakeup:00000000 $t
     /tmp/cciuNOwn.s:3492   .text.HAL_PCD_ActivateRemoteWakeup:00000000 HAL_PCD_ActivateRemoteWakeup
     /tmp/cciuNOwn.s:3518   .text.HAL_PCD_DeActivateRemoteWakeup:00000000 $t
     /tmp/cciuNOwn.s:3524   .text.HAL_PCD_DeActivateRemoteWakeup:00000000 HAL_PCD_DeActivateRemoteWakeup
     /tmp/cciuNOwn.s:3550   .text.HAL_PCD_GetState:00000000 $t
     /tmp/cciuNOwn.s:3556   .text.HAL_PCD_GetState:00000000 HAL_PCD_GetState
     /tmp/cciuNOwn.s:3574   .text.HAL_PCD_SetTestMode:00000000 $t
     /tmp/cciuNOwn.s:3580   .text.HAL_PCD_SetTestMode:00000000 HAL_PCD_SetTestMode

UNDEFINED SYMBOLS
USB_WritePacket
USB_DisableGlobalInt
USB_CoreInit
USB_SetCurrentMode
USB_DevInit
USB_DevDisconnect
HAL_PCDEx_ActivateLPM
USB_StopDevice
USB_EnableGlobalInt
USB_DevConnect
USB_FlushTxFifo
USB_EP0_OutStart
USB_SetDevAddress
USB_ActivateEndpoint
USB_DeactivateEndpoint
USB_EPStartXfer
USB_EPSetStall
USB_EPClearStall
USB_EPStopXfer
USB_GetMode
USB_ReadInterrupts
HAL_PCDEx_LPM_Callback
USB_ReadPacket
USB_ReadDevAllOutEpInterrupt
USB_ReadDevOutEPInterrupt
USB_ReadDevAllInEpInterrupt
USB_ReadDevInEPInterrupt
USB_ActivateSetup
USB_GetDevSpeed
HAL_RCC_GetHCLKFreq
USB_SetTurnaroundTime
ARM GAS  /tmp/cciuNOwn.s 			page 123


USB_FlushRxFifo
USB_ActivateRemoteWakeup
USB_DeActivateRemoteWakeup
