:020000040800F2
:100000000000052099BA0108BD6E0008BF6E000807
:10001000C16E0008C36E0008C56E00080000000035
:10002000000000000000000000000000C76E000893
:10003000C96E000800000000CB6E0008CD6E0008FD
:10004000E9BA0108E9BA0108E9BA0108E9BA010800
:10005000E9BA0108E9BA0108E9BA0108E9BA0108F0
:10006000E9BA0108E9BA0108E9BA0108E9BA0108E0
:10007000E9BA0108E9BA0108E9BA0108E9BA0108D0
:10008000D56E0008E9BA0108E9BA0108E9BA010821
:10009000E9BA0108E9BA0108E9BA0108E9BA0108B0
:1000A000E9BA0108E9BA0108E9BA0108E9BA0108A0
:1000B000E9BA0108E9BA0108E9BA0108E9BA010890
:1000C000E9BA0108E9BA0108E9BA0108E9BA010880
:1000D000E9BA0108E9BA0108E9BA0108E9BA010870
:1000E000E9BA0108E9BA0108E9BA0108E9BA010860
:1000F000E9BA0108E9BA0108E9BA0108E9BA010850
:10010000E9BA0108E9BA0108E9BA0108E9BA01083F
:10011000E9BA0108E9BA0108E9BA0108E9BA01082F
:10012000E56E0008E9BA0108E9BA0108E9BA010870
:10013000E9BA0108E9BA0108E9BA0108E9BA01080F
:10014000E9BA0108E9BA0108E9BA0108E9BA0108FF
:10015000E9BA0108E9BA0108E9BA0108E9BA0108EF
:10016000E9BA0108E9BA0108E9BA0108E9BA0108DF
:10017000E9BA0108E9BA0108E9BA0108000000007B
:10018000E9BA0108E9BA0108E9BA0108E9BA0108BF
:10019000E9BA0108E9BA0108E9BA0108E9BA0108AF
:1001A000E9BA0108E9BA0108E9BA0108E9BA01089F
:1001B000E9BA0108E9BA0108E9BA0108E9BA01088F
:0801C000E9BA0108E9BA0108DF
:100200000348044B834202D0034B03B118477047A5
:10021000F00B0020F00B0020000000000548064B0A
:100220001B1AD90F01EBA301491002D0034B03B1F4
:1002300018477047F00B0020F00B00200000000072
:1002400010B5064C237843B9FFF7DAFF044B13B11E
:100250000448AFF300800123237010BD300D00204F
:10026000000000005CCC010808B5044B1BB1044938
:100270000448AFF30080BDE80840CFE7000000006D
:10028000340D00205CCC010800B50B4C25681446E9
:10029000EE681A4685B003460D464CB107490095F5
:1002A000CDE901143046064900F020FC00F0A4F826
:1002B00004490C46F3E700BF00000020BCE501083C
:1002C000CCE5010804D5010808B513460022FFF764
:1002D000DBFF00BF80EA0102844612F0030F4FD11A
:1002E00011F0030F32D14DF8044D11F0040F51F805
:1002F000043B0BD0A3F101329A4312F0803F04BFBC
:100300004CF8043B51F8043B16D100BF51F8044BA4
:10031000A3F101329A4312F0803FA4F101320BD1D4
:100320004CF8043BA24312F0803F04BF51F8043B59
:100330004CF8044BEAD023460CF8013B13F0FF0FB6
:100340004FEA3323F8D15DF8044B704711F0010FE9
:1003500006D011F8012B0CF8012B002A08BF7047BA
:1003600011F0020FBFD031F8022B12F0FF0F16BFB1
:100370002CF8022B8CF8002012F47F4FB3D1704779
:1003800011F8012B0CF8012B002AF9D1704700BF9E
:1003900070B50F4B0F4DAB42A3EB050607D0B6105F
:1003A000002455F8043B01349847A642F9D81CF0C4
:1003B00055FC094D094B5E1BAB424FEAA60606D021
:1003C000002455F8043B01349847A642F9D870BD83
:1003D0000C8403080C8403080C84030810840308AD
:1003E00010B4044C03460A4620685DF8044B1946D5
:1003F00000F024B90000002008B5062001F0ECF957
:10040000012009F0F1FF00BF2DE9F047089C90465C
:100410000E4602FB03F7814610B1036A002B36D06B
:10042000A3891B0726D5236923B34FB306F1FF3AEF
:10043000002507E023685A1C226083F800C00135BC
:10044000AF4220D0A3681AF801CF013B002BA36074
:10045000F0DAA669B34222466146484602DBBCF1A7
:100460000A0FE7D100F0F8FE0130E8D1B5FBF8F053
:10047000BDE8F0872146484600F01EFA0028D4D097
:100480000020BDE8F087B7FBF8F0BDE8F08701F089
:1004900029FBC5E710B5064C82B08446206800935E
:1004A00013460A466146FFF7AFFF02B010BD00BF1A
:1004B000000000200000000000000000000000001C
:1004C00030B490F800F020F007016FF0000C10F04D
:1004D000070491F820F040F048804FF000046FF0DE
:1004E0000700D1E9002391F840F000F1080082FAFA
:1004F0004CF2A4FA8CF283FA4CF3A2FA8CF34BBBC5
:10050000D1E9022382FA4CF200F10800A4FA8CF23D
:1005100083FA4CF3A2FA8CF3E3B9D1E9042382FA0B
:100520004CF200F10800A4FA8CF283FA4CF3A2FA20
:100530008CF37BB9D1E9062301F1200182FA4CF258
:1005400000F10800A4FA8CF283FA4CF3A2FA8CF3BF
:10055000002BC6D0002A04BF04301A4612BAB2FAE1
:1005600082F200EBD20030BC7047D1E9002304F0E6
:100570000305C4F100004FEAC50514F0040F91F81B
:1005800040F00CFA05F562EA05021CBF63EA0503B8
:1005900062464FF00004AAE7830730B547D0541EE7
:1005A000002A3ED0CAB2034601E0013C39D303F829
:1005B000012B9D07F9D1032C2CD9CDB205EB0525D4
:1005C0000F2C05EB054535D9A4F1100222F00F0CD4
:1005D00003F1100EE6444FEA121C1A46C2E9005518
:1005E000C2E9025510327245F8D10CF1010214F043
:1005F0000C0F03EB021204F00F0C13D0ACF1040348
:1006000023F003030433134442F8045B9342FBD109
:100610000CF003042CB1C9B21C4403F8011BA34223
:10062000FBD130BD64461346002CF4D1F9E70346F4
:100630001446C0E71A46A446E0E700BF70B5A1FB28
:10064000025454B9294600F037F8064618B12A4634
:100650002146FFF7A1FF304670BD0C220260002644
:10066000F9E700BF014B1868704700BF0000002089
:1006700070B5104E336805460C46B3B12146284686
:1006800000F03AFE431C0CD0C41C24F00304A0422A
:1006900005D0211A284600F02FFE013001D0204657
:1006A00070BD4FF0FF34204670BD194600F024FEA7
:1006B0003060E3E74C0D00202DE9F843CD1C25F018
:1006C000030508350C2D38BF0C25002D064618DB18
:1006D000A94216D8DFF8DC8000F01CFAD8F8042014
:1006E000A2B1144603E0636822467BB11C4623682E
:1006F0005B1BF8D40B2B1FD89442636854D0536013
:100700000CE00C2333600020BDE8F8832946304616
:10071000FFF7AEFF431C044619D00560304600F0D9
:10072000FBF904F10B00231D20F00700C21A1CBFC7
:100730001B1AA350BDE8F88361199442256014BFC9
:100740005160C8F80410635163684B60E6E7D8F85D
:1007500004701FB33C467F68002FFBD123683946E5
:10076000304604EB030900F0C7FD814516D123682C
:10077000ED1A29463046FFF77BFF01300ED0236883
:10078000D8F804202B442360536883B1A34203D0DC
:100790001A465B689C42FBD10023B0E70C23336010
:1007A000304600F0B9F9AEE7C8F80430B6E7C8F84B
:1007B0000470B3E74C0D002088420ED98B18834299
:1007C0000BD900EB020C002A6ED0624613F801CD63
:1007D00002F801CD9942F9D170470F2A0FD803468C
:1007E00002F1FF3C002A5FD00CF1010C013B8C446C
:1007F00011F8012B03F8012F6145F9D1704740EA48
:1008000001039B0751D1A2F1100370B501F1200C37
:1008100023F00F0501F1100E00F11004AC441B0988
:100820005EF8105C44F8105C5EF80C5C44F80C5CFC
:100830005EF8085C44F8085C5EF8045C44F8045C0C
:100840000EF1100EE64504F11004E9D1013312F067
:100850000C0F01EB031102F00F0400EB031328D07F
:10086000043C24F003064FEA940C1E441C1F8E46E1
:100870005EF8045B44F8045FB442F9D10CF1010462
:1008800002F0030203EB840301EB840102F1FF3C5D
:100890004AB10CF1010C013B8C4411F8012B03F817
:1008A000012F6145F9D170BD704702F1FF3C03464D
:1008B0009AE72246EAE700BF38B52F4B1B6805468A
:1008C0000C4613B11A6A002A4BD0B4F90C30180741
:1008D0001CD5226922B313F0010107D06169002001
:1008E0004942A060A1613AB1002038BD980758BFC5
:1008F0006169A160002AF7D1190658BF1046F4D5E6
:1009000043F04003A3814FF0FF3038BDD9062CD50A
:100910005A0712D4226943F00803A381002ADAD1CE
:1009200003F42071B1F5007FD5D02146284600F0B0
:10093000F5F8B4F90C302269CDE7616B51B104F1DF
:100940004402914204D0284601F0DAF9B4F90C309F
:100950000022626322690021C4E9002123F02403FC
:10096000D9E7184601F0BEF8AFE7092243F040038B
:100970002A60A381C7E700BF00000020844641EA47
:10098000000313F003036DD1403A41D351F8043B07
:1009900040F8043B51F8043B40F8043B51F8043B59
:1009A00040F8043B51F8043B40F8043B51F8043B49
:1009B00040F8043B51F8043B40F8043B51F8043B39
:1009C00040F8043B51F8043B40F8043B51F8043B29
:1009D00040F8043B51F8043B40F8043B51F8043B19
:1009E00040F8043B51F8043B40F8043B51F8043B09
:1009F00040F8043B51F8043B40F8043B51F8043BF9
:100A000040F8043B51F8043B40F8043B403ABDD267
:100A1000303211D351F8043B40F8043B51F8043B09
:100A200040F8043B51F8043B40F8043B51F8043BC8
:100A300040F8043B103AEDD20C3205D351F8043B98
:100A400040F8043B043AF9D2043208D0D2071CBF64
:100A500011F8013B00F8013B01D30B88038060468D
:100A6000704700BF082A13D38B078DD010F0030303
:100A70008AD0C3F10403D21ADB071CBF11F8013B73
:100A800000F8013B80D331F8023B20F8023B7BE7C2
:100A9000043AD9D3013A11F8013B00F8013BF9D2ED
:100AA0000B7803704B7843708B7883706046704787
:100AB000024B01461868FFF7FFBD00BF0000002091
:100AC000024B0146186801F01BB900BF000000206E
:100AD0000CB400B583B004AB53F8042B019300F0C1
:100AE00077FA03B05DF804EB02B070470EB410B5AE
:100AF00083B005AB064C53F8042B019301462068E4
:100B000000F066FA03B0BDE8104003B0704700BFC4
:100B100000000020704700BF704700BF70B5B1F9FA
:100B20000C300C46990796B007D504F14703012213
:100B3000C4E90432236016B070BDB4F90E10002968
:100B4000054629DB6A4601F0C7FB002822DB4FF48B
:100B500080612846019EFFF7AFFD88B3A38920601E
:100B600043F0800306F47046A381B6F5005F4FF4AE
:100B70008063C4E90403DED1B4F90E10284600F006
:100B8000CFF90028D7D0A38923F0030343F0010352
:100B9000A381D0E7B4F90C3013F0800F14BF4026C6
:100BA0004FF4806631462846FFF786FD40B1A389A1
:100BB000206043F08003C4E90406A38116B070BD31
:100BC000B4F90C309A05B6D423F0030304F14702BC
:100BD00043F002030121C4E90421A3812260AAE7B2
:100BE00070B50C46B1F90E10002996B015461E4698
:100BF0000FDB6A4601F070FB00280ADB019B03F45F
:100C00007043A3F50053B3FA83F34FF480625B099A
:100C100008E0A28912F0800F4FF0000314BF4022B9
:100C20004FF48062002033602A6016B070BD00BFB0
:100C300000000000000000000000000000000000B4
:100C400002780B78012A28BF9A4240F0D8806DE9DB
:100C5000044540EA0104CDE902676FF0000C4FEA59
:100C600044721AB380EA010414F0070F6BD100F04C
:100C7000070420F0070004F0030521F007014FEA04
:100C8000C505F0E8042314F0040FF1E804670CFA3A
:100C900005F462EA040266EA04060BD063EA040380
:100CA000624667EA0407664604E000BFF0E80423F2
:100CB000F1E8046782FA4CF582EA0604A4FA8CF49F
:100CC0006CBB83FA4CF583EA0705A5FA8CF595B958
:100CD00050E9022351E9026782FA4CF582EA0604E0
:100CE000A4FA8CF483FA4CF583EA0705A5FA8CF58F
:100CF0002543DBD09CB92DBAB5FA85F424F007045E
:100D000027FA04F1DDE9026723FA04F303F0FF0098
:100D100001F0FF01FDE80445A0EB0100704724BA93
:100D2000B4FA84F424F0070426FA04F1DDE902673A
:100D300022FA04F202F0FF0001F0FF01FDE8044591
:100D4000A0EB0100704714F0030F3CD110F0030436
:100D500028D150F8082B51F8083B82FA4CF582EA6A
:100D60000305A5FA8CF55DB950F8042C51F8043C44
:100D700082FA4CF582EA0305A5FA8CF5002DE8D03D
:100D80002DBAB5FA85F424F0070423FA04F122FA07
:100D900004F202F0FF0001F0FF01FDE80445A0EBC2
:100DA000010070474FEAC40420F0030050F8082BFC
:100DB00021F0030151F8083B0CFA04F462EA040242
:100DC00063EA0403C9E710F003041DD0A1EB04019A
:100DD00020F00300E40750F8042B06D012D28B78E1
:100DE0005FFAA2F4E41A06D12BB1CB785FFAB2F421
:100DF000E41A00D133B920465DF8104B7047A2EBDE
:100E00000300704701F1040150F8042BCC0721F0D6
:100E1000030151F8043B48D824D222F07F4482FADF
:100E20004CF594EA1325A5FA8CF50AD165B951F869
:100E3000043B84EA0204B4EB036F0ED150F8042B98
:100E4000EBE74FEA132355E035F07F454DD10878A5
:100E5000FDE80445C0F1000070474FEA126203F05C
:100E6000FF0347E002EA1C4482FA4CF594EA13457A
:100E7000A5FA8CF50AD165B951F8043B84EA02045D
:100E8000B4EB034F0CD150F8042BEBE74FEA1343BC
:100E900030E015EA1C4528D10B884FEA124229E0C0
:100EA0004FEA124203EA1C4324E002F0FF0482FAF4
:100EB0004CF594EA1365A5FA8CF50AD165B951F899
:100EC000043B84EA0204B4EB032F09D150F8042B4D
:100ED000EBE74FEA13630DE015F0FF0F05D10B6848
:100EE0004FEA122223F07F4304E04FF00000FDE8B8
:100EF0000445704712BA1BBA82FA4CF482EA030422
:100F0000A4FA8CF5B5FA85F402FA04F203FA04F3B4
:100F10004FEA1260FDE80445A0EB1360704700BF84
:100F200038B5074D0022044608462A6009F088FAC1
:100F3000431C00D038BD2B68002BFBD0236038BD8C
:100F4000900E00209368013B002B936011DA10B4DF
:100F50009469A34209DB0A2907D01368581C106062
:100F6000197008465DF8044B70475DF8044B00F0BB
:100F700073B91368581C106019700846704700BF99
:100F80009BB1F8B5134406460F46541E5D1E01E0A2
:100F9000AC4208D014F8011F3A463046FFF7D2FFA2
:100FA000431CF5D1F8BD0020F8BD0020704700BFFC
:100FB000936810B514461BB918460023636010BD32
:100FC00000F0F6F90023A3600023636010BD00BFAA
:100FD0002DE9F04FA1B08B4691461C46049018B104
:100FE000036A002B00F01C81BBF80C30180740F19D
:100FF0009580DBF81030002B00F090800023CA466B
:101000000D9343F22003ADF839309AF80030864E44
:1010100007940127002B79D0D14604E019F8013F4D
:10102000002B00F08580252BF8D1B9EB0A0840F0A1
:10103000828099F80030002B68D000234FF0FF32F7
:10104000CDE9092309F1010908930B938DF8633069
:101050001E9305E0089A07FA03F31A430892A14683
:101060004C46052214F8011B304600F0C9FEA2468A
:10107000831B0028EED1089BD90644BF20228DF89F
:10108000632099F800101A0744BF2B228DF86320C3
:101090002A2966D1079A1168043200290792C0F202
:1010A0009A800B9199F801102E2970D05F4C032281
:1010B000204600F0A5FE38B1089B001B402282406C
:1010C00013430AF1010A08931AF8011B58488DF8D6
:1010D0003810062200F094FE002800F08280554B64
:1010E000002B69D007AA0092534B04985A4608A9CE
:1010F000AFF300800390039B013307D00D9B039A4D
:1011000013440D939AF80030002B85D1BBF80C30B6
:101110005B060AD40D9821B0BDE8F08F04985946BB
:10112000FFF7CAFB00283FF469AF4FF0FF30F2E74A
:10113000B9EB0A08EAD00AF1FF35CDF81490A946B8
:10114000049D01E0A0453ED94C465A4619F8011FBE
:101150002846FFF7F7FE02340130A4EB0A04F1D170
:10116000D4E7A1F13002092A88BFCA469CD80B9B5C
:1011700000E00134217803EB830302EB4303A1F188
:101180003002092AF5D92E290B93A2468ED19AF85E
:1011900001102A292FD1079B9AF802101A68099288
:1011A0000433002A0AF102000793B8BF4FF0FF335F
:1011B0008246B8BF099379E7079B073323F00703FB
:1011C000083307939AE70D99DDF81490414499F894
:1011D00000300D912FE7494243F002030B91089331
:1011E00060E707AA0092144B04985A4608A900F039
:1011F00031FF03907FE7A1F130020023092A099310
:101200000AF1010A3FF652AF1AF8011F03EB8303FC
:1012100002EB4303A1F13002092AF5D9099345E70E
:1012200000F060FCE0E600BFFCE5010804E6010810
:1012300008E6010800000000810F000810B4054C0A
:101240008446134620685DF8044B0A466146FFF762
:10125000BFBE00BF00000020F8B50D46144606468C
:1012600010B1036A002B37D0A389A269A2601A07C4
:1012700019D52369BBB122686169D31AEDB29942CD
:101280002F4620DD0133A1680139A160511C216086
:10129000157062699A420DD0A389DB0701D50A2D2A
:1012A00008D03846F8BD21463046FFF705FB38B96F
:1012B0002369E0E72146304600F0E0FC0028F0D04A
:1012C0004FF0FF37EDE72146304600F0D7FC00280D
:1012D000F6D122680123D6E700F004FCC4E700BF82
:1012E00010B4044C03460A4620685DF8044B1946C6
:1012F000FFF7B2BF0000002038B5074D00220446BA
:1013000008462A6009F042F8431C00D038BD2B681B
:10131000002BFBD0236038BD900E002010B50C468A
:10132000B1F90E1000F0BCFD002803DB636D03442F
:10133000636510BDA38923F48053A38110BD00BF52
:10134000002070472DE9F0410C46B1F90C101F4602
:10135000CB05054616460BD421F48051A1813B46AE
:10136000B4F90E1032462846BDE8F04100F0E0BF67
:10137000B4F90E100223002200F0C4FFB4F90C10DF
:10138000EAE700BF10B50C46B1F90E1000F0BAFF45
:10139000B4F90C30421C0EBF23F4805343F4805345
:1013A0006065A38110BD00BFB1F90E1000F0C2BB93
:1013B0009368002B00F0F8802DE9F04FB1F90CC0D4
:1013C0001CF0080F83B0904681460C4631D00B6963
:1013D0007BB31CF00207D8F8006038D00027D4F89F
:1013E00028B0216ADFF8C4A23D4655452B463A464F
:1013F00028BF53464846C5B1D847002840F3CA80A5
:10140000D8F808301B1A07442D1AC8F80830002BEA
:1014100000F0B68055452B46D4F828B0216A28BF85
:1014200053463A464846002DE6D1D6E900750836BF
:10143000DBE721464846FFF73FFA002840F0AF803F
:10144000B4F90CC0D8F800601CF00207C6D11CF03B
:10145000010A63D12368A168574618468B46002FBE
:1014600058D01CF4007F00F0B580B9420A4600F263
:10147000E1801CF4906F2FD0216962695D1A02EB44
:10148000420202EBD2726B1C52103B44934292BF59
:1014900093469B461A461CF4806F00F0EA80114682
:1014A0004846FFF709F9002800F0F9802A4621692B
:1014B0000090FFF763FAA289009B22F4906242F049
:1014C0008002A2815819ABEB0505C4F814B0236162
:1014D000A5602060BB463A4651460092FFF76CF982
:1014E000A1682368009AA1EB0B011A443D46A16054
:1014F00022600027D8F808305B1BAA44C8F80830DF
:10150000002B3DD02368A168B4F90CC018468B4667
:10151000002FA6D1D6E900A708369EE73846BB467D
:101520003D460097002D41D0002846D0009A206803
:10153000A168D4E90473AA4228BF2A46B84204D954
:1015400001EB030A524500F38580934275DC216A62
:10155000A76A5A464846B847B0F1000A1ADD009B10
:10156000B3EB0A0300930FD00120D8F80830A3EBA7
:101570000A03D344A5EB0A05C8F80830002BD1D1E3
:10158000002003B0BDE8F08F2146484600F076FB0E
:101590000028EAD0B4F90C3043F04003A3814FF0A7
:1015A000FF3003B0BDE8F08F002070477568334608
:1015B0000836002DFAD0D3F800B02A460A21584642
:1015C00000F01EFC002867D00130A0EB0B03009355
:1015D0001A46ACE722699A4214D36269BA4211D81A
:1015E0006FF00043BB4228BF3B46A56A93FBF2F372
:1015F000216A02FB03F348465246A847051EC9DD8F
:101600007F1B77E7B94228BF39460D4618460A4680
:101610005146FFF7D1F8A1682368491B2B44A1600C
:1016200023600029ECD12146484600F027FB002822
:10163000E6D0AFE7BB463A464EE759460192FFF780
:10164000BBF8019AA3689B1AA36023681344236024
:10165000924684E759465246FFF7AEF82368534452
:1016600023602146484600F009FB00283FF477AF8D
:1016700090E7484600F02AFC034600287FF422AF9A
:101680002169484600F03CFBB4F90C300C22C9F843
:10169000002023F080037FE76A1C009247E70C22BA
:1016A000B4F90C30C9F8002076E700BF00FCFF7FDA
:1016B00038B5C46B0CB1002038BD80210546FEF75B
:1016C000FBFF0246E86330B1031F7C3243F8044F4E
:1016D0009342FBD1EFE74FF0FF3038BD30B51F2903
:1016E00083B0054608D8C36B0C4653B153F82400A9
:1016F00043F8242003B030BD162303604FF0FF30C1
:10170000F8E780210192FEF7D7FF019AE8630346CC
:101710000028F3D0011F00F17C05002041F8040FE0
:10172000A942FBD1E2E700BF1F2938B505461ED804
:10173000C26B0C466AB152F8213053B1012B06D06E
:10174000591C10D0002142F8241020469847002050
:1017500038BD284600F020FE224601462846BDE856
:10176000384000F003BE16230360012038BD162365
:1017700003604FF0FF3038BD1F292AD838B5C36B3E
:101780000C460546A3B153F8242003EB84034AB169
:10179000511C0BD0012A07D0002520461D60904720
:1017A000284638BD012038BD032038BD022038BD91
:1017B0008021FEF781FF0346E86338B1021F002154
:1017C0007C3042F8041F8242FBD1DCE74FF0FF304F
:1017D00038BD4FF0FF30704738B5134B1F281D68D8
:1017E0001DD8EA6B044662B152F820304BB1012B90
:1017F00005D0591C0FD0002142F820109847002036
:1018000038BD284600F0C8FD224601462846BDE8FE
:10181000384000F0ABBD16232B60012038BD1623E5
:101820002B604FF0FF3038BD00000020114B1F2807
:1018300070B51E6808D8F36B04460D464BB153F8DB
:10184000240043F8245070BD162333604FF0FF305E
:1018500070BD80213046FEF72FFF0346F06300285D
:10186000F4D0021F00217C3042F8041F8242FBD1D9
:10187000E5E700BF0000002038B50B4B1D68EC6B9E
:101880000CB1002038BD80212846FEF715FFE86323
:1018900038B1031F00F17C0243F8044F9342FBD19F
:1018A000EFE74FF0FF3038BD0000002038B5174B90
:1018B0001F281D6826D80446E86BA0B150F82430D4
:1018C00000EB84004BB15A1C0BD0012B07D0002534
:1018D000056020469847284638BD012038BD0320C2
:1018E00038BD022038BD80212846FEF7E5FEE863BA
:1018F00040B1031F00F17C01002243F8042F8B420A
:10190000FBD1DBE74FF0FF3038BD00BF0000002007
:1019100000207047024A0349034800F04FBA00BF55
:10192000500000207D1C0008040000200C4B416882
:10193000994210B5044601D000F0A0F9A168094B06
:10194000994202D0204600F099F9E168064B99428D
:1019500004D02046BDE8104000F090B910BD00BF93
:10196000540D0020BC0D0020240E002000207047E4
:101970002DE9F8432A4C2B49DFF8BC90DFF8BC80F6
:10198000294FC4F83811002504230822294604F100
:101990005C00264EE360C4E90055C4E90455A56027
:1019A0006566A561FEF7F8FD214B636708222946AD
:1019B00004F1C400C4E90849C4E90A87C4E91A5516
:1019C000C4E91E552567C4F8CC50C4F8805026637E
:1019D000FEF7E2FD174BC4F8DC30294604F168033A
:1019E000082204F59670C4F88830C4E92398C4E945
:1019F0002576C4E93455C4E93855C4F8D850C4F83C
:101A00003451C4F8E850FEF7C7FD04F1D003C4E92F
:101A10003D98C4E93F76C4F8F030BDE8F88300BFD4
:101A2000540D00201519000885130008A91300089B
:101A300009000100120002001D13000845130008F0
:101A4000F8B5254BD3F838310646002B3CD0234F50
:101A5000D7E90134013B04D51DE05A1C04F16804A8
:101A600019D0B4F90C50013B002DF6D11C4BE360AA
:101A7000C4E90155C4E9045565662560A5610822DD
:101A8000294604F15C00FEF787FDC4E90D55C4E961
:101A900012552046F8BD3D680DB12F46D8E74FF4EA
:101AA000D6713046FEF708FE044680B10423C0E933
:101AB00000530C302946A0604FF4D0722546FEF743
:101AC0006BFD3C602F46C3E7FFF752FFBFE70C23D7
:101AD00038603360DDE700BF540D00205000002067
:101AE0000100FFFF036A03B17047044B044AD3F8B7
:101AF00038310262002BF7D13AE700BF540D0020C5
:101B00002D190008704700BF704700BF024A034903
:101B1000002000F053B900BF500000201119000848
:101B2000024A0349002000F049B900BF50000020DC
:101B30006D19000838B5074D0022044608462A6092
:101B400008F076FC431C00D038BD2B68002BFBD07E
:101B5000236038BD900E0020B1F90C302DE9F04122
:101B60001E070C4680463DD44A68002A56DDE56AC9
:101B7000002D34D00022D8F80060C8F8002013F4FB
:101B80008052216A57D101234046A847451C02468E
:101B900066D0B4F90C30E56A216A580705D5636848
:101BA000D21A636B0BB1236CD21A00234046A847AC
:101BB000431C42D00023636023692360A389DF04B0
:101BC00000D56065616BC8F8006041B104F1440361
:101BD000994202D0404600F093F80023636300204E
:101BE000BDE8F0810E69002EF9D09B070D6808BF93
:101BF0004B690E6018BF0023AD1B8B600BE02B46BA
:101C00003246216AA76A4046B847B0F1000CA5EBFE
:101C10000C05664406DD002DF1DCE0E70A6C002AC5
:101C2000A5DCDCE7B4F90C3043F04003A3814FF0AE
:101C3000FF30BDE8F081626DAFE7D8F80010B4F96D
:101C40000C301D29F0D80C4ACA40D507ECD52269C2
:101C5000226000226260DA04B4D50029B1D0B1E775
:101C6000D8F80030002B94D01D2B01D0162BD9D1E1
:101C7000C8F80060B3E700BF010040200B69B3B1B2
:101C800010B5044682B008B1036A5BB1B1F90C30FB
:101C900013B9002002B010BD204602B0BDE81040CC
:101CA000FFF75ABF0191FFF71DFF0199EEE70020F2
:101CB000704700BFB8B138B50D4A036915680446CE
:101CC0002BB10DB12B6A53B1B4F90C300BB9002014
:101CD00038BD21462846BDE83840FFF73DBF2846BD
:101CE000FFF700FFF0E7034A0349044800F066B835
:101CF00000000020500000207D1C0008040000208F
:101D0000002950D038B551F8043C0C1F002BB8BF47
:101D1000E4180546FEF7FEFE274A13682BB1A342DE
:101D20000CD92168601883422CD063602846146067
:101D3000BDE83840FEF7F0BEA3420FD81A465B68F4
:101D4000002BF9D111685018844217D02CD363604E
:101D500054602846BDE83840FEF7DEBE11685018D2
:101D6000A04214D020D8216860188342EFD11868AF
:101D70005B680844C4E900035460EAE723680B4445
:101D80001360E6E718685B6808442060CDE72068C8
:101D90000144501883421160DBD1D3E900040144AF
:101DA000C2E90014D5E770470C232B602846BDE834
:101DB0003840FEF7B1BE00BF500D00202DE9F843BA
:101DC0000746884616464FF00009D6E90154013D02
:101DD00010D4A389012B08D9B4F90E300133214660
:101DE000384602D0C04749EA0009013D6B1C04F1A6
:101DF0006804EED13668002EE7D14846BDE8F88386
:101E000001F0FF01102A2BDB10F0070F08D010F8AB
:101E1000013B013A8B422DD010F0070F42B3F6D1AF
:101E2000F0B441EA012141EA014122F007047FF0C8
:101E300000070023F0E80256083C85EA010586EA1F
:101E4000010685FA47F5A3FA87F586FA47F6A5FA5B
:101E500087F68EB9EED1F0BC01F0FF0102F0070267
:101E600032B110F8013B013A83EA010313B1F8D112
:101E70000020704701387047002D06BF35460338F3
:101E8000073815F0010F07D1013015F4807F02BF2C
:101E9000013015F4C03F0130F0BC0138704700BF7D
:101EA00038B50C46084D8446114620461A46002394
:101EB0002B60644608F09EFA431C00D038BD2B68A6
:101EC000002BFBD0236038BD900E00202DE9F0419F
:101ED000144641B30AB306460D4600F03FFA844269
:101EE000074602D8B4EB500F13D821463046FEF710
:101EF000E3FB804650B1BC422246294628BF3A4601
:101F0000FEF73CFD29463046FFF7FAFE4046BDE8A5
:101F1000F081A8464046BDE8F081A046FFF7F0FEFC
:101F20004046BDE8F081BDE8F0411146FEF7C4BB74
:101F30002DE9F84F92461F460A698B68DDF8289014
:101F40009A42B8BF1A46CAF8002091F843300C46AE
:101F5000064613B10132CAF80020226891065FD507
:101F6000DAF800300233CAF80030226812F0060FA7
:101F700011461DD1E1689942D8BF114618DD4FF0D6
:101F8000000804F1190B05E0E568DAF80030ED1AF5
:101F900045450CDD01235A4639463046C8470130D5
:101FA00008F10108F0D14FF0FF30BDE8F88F21684B
:101FB00094F84330003B18BF01238A060AD5E11884
:101FC0005A1C302081F84300224494F8451082F8CE
:101FD0004310023304F1430239463046C84701300A
:101FE000E1D02368DAF80050216903F00603042BDE
:101FF000D4E902201BD08A4220DD4FF00008521A9B
:1020000090441A34002501E0454517DA01232246A1
:1020100039463046C847013005F10105F4D1C2E721
:1020200012F0060F0DD0003B18BF0123D2E7401B72
:102030008A4220EAE078E2DC0028E2DC0020BDE809
:10204000F88FE168DAF800309942D8BF114696DC83
:10205000AEE700BF2DE9F047174684B00A7E0C9D1D
:102060000C460646984601F1430C002A35D0A2F1F1
:102070005803D9B2202969D8202B67D8DFE813F09C
:10208000E6006600660066006600660066006600A0
:10209000660066006600AC007000660066006600C0
:1020A000660070006600660066006600210083001E
:1020B000C60066006600B600660083006600660023
:1020C000EC002B6822686169181D286010061B68E7
:1020D00002D4520600F1E08019600023E14623613A
:1020E000CDF800803B4603AA21463046FFF720FF8B
:1020F000013020D023694A4639463046C047013076
:1021000019D02368E068DDF80C909B0718D5484586
:1021100016DD002504F1190A04E0E068A0EB0903CC
:10212000AB420DDD0123524639463046C0470130EF
:1021300005F10105F1D14FF0FF3004B0BDE8F087A3
:102140004845B8BF484604B0BDE8F08784F842204F
:10215000012004F142090023206184F84330BFE7E5
:102160002A682368111D1806296002D4590600F157
:1021700095801068014600286268C0F29380544838
:102180004FF00A0E15E020682B6810F0800F53F80E
:10219000041B02D1400648BF89B26F2A4C482B600D
:1021A00014BF4FF00A0E4FF0080E0023626884F847
:1021B0004330002AA26051DB236823F0040323602C
:1021C00000294BD1002A7BD1E146BEF1080F56D041
:1021D000ACEB0903236183E72B681A6804332B6097
:1021E00004F1420984F842200120B4E72B686268B8
:1021F000191D2960D3F8009000214846FFF700FE22
:10220000002863D0A0EB09006060A4E7236843F0D6
:102210002003236078222F4884F845202A6813F091
:10222000800F52F8041B03D113F0400F18BF89B27E
:102230002A60DA0744BF43F02003236019B92368FA
:1022400023F0200323604FF0100EAEE7582384F8EC
:1022500045301F482368E1E72368DBE77546E14620
:10226000B1FBF5F305FB131A0A46AA4210F80A104F
:1022700009F8011D1946F3D2BEF1080FA8D1236851
:10228000DD07A5D5626823699A42A1DC302309F8ED
:10229000013C09F1FF399BE719801EE7B2F90010F4
:1022A000084668E72D20002AA26084F8430002DB7C
:1022B00023F0040323600A2505484942AE46CEE7D1
:1022C000037884F8423004F142097EE7606842E70F
:1022D00010E6010824E6010870B50C46084D0346D7
:1022E0000026204611461C462E6008F0A4F8431C28
:1022F00000D070BD2B68002BFBD0236070BD00BFE9
:10230000900E002038B50C46084D844611462046F4
:102310001A4600232B60644608F094F8431C00D052
:1023200038BD2B68002BFBD0236038BD900E0020F9
:1023300038B50C46084D8446114620461A460023FF
:102340002B60644608F066F8431C00D038BD2B684B
:10235000002BFBD0236038BD900E002051F8043CC8
:10236000181F002BBCBF0B58C018704770B50C4627
:10237000084D03460026204611461C462E6008F0F4
:102380002BF8431C00D070BD2B68002BFBD02360C2
:1023900070BD00BF900E002008F01CB808B52DEDF0
:1023A000048BF0EE408AB0EE609A00F0EBFAF0EEAB
:1023B000490AB0EE408AB0EE680A00F0E1FAF0EEA9
:1023C000400AB0EE480ABDEC048BBDE8084000F0BE
:1023D00071BA00BF10EE101AC1F3C7520029A2F162
:1023E0007F0CACBF01204FF0FF30BCF11E0F0FDCA3
:1023F000BCF1000F1DDBC1F31603BCF1160F43F453
:1024000000030ADD963A03FA02F202FB00F070477D
:10241000FDEEC07A17EE900A70474FF4800242FA40
:102420000CF21A44CCF1170C22FA0CF202FB00F069
:102430007047BCF1FF3F18BF0020704708B52DED75
:10244000048BF0EE408AB0EE609A00F099FAF0EE5C
:10245000490AB0EE408AB0EE680A00F093FAF0EE56
:10246000400AB0EE480ABDEC048BBDE8084000F01D
:10247000F9B900BF08B52DED028BB0EE408A00F02F
:102480005DF8B4EE488AF1EE10FAF0EE408A0AD612
:10249000B0EE480A00F0B2FFF7EE007AB4EEE70AB9
:1024A000F1EE10FA04DCB0EE680ABDEC028B08BD58
:1024B000FEF7D8F8BDEC028B034621221A600248D1
:1024C000BDE8084000F0F8B904D5010810EE103A54
:1024D000184923F000428A421AD9B2F1FF4F02D3C1
:1024E00030EE400A704700B583B0684600F056FEF3
:1024F00000F003000128DDED010A9DED000A10D077
:10250000022809D090B900F095FB03B05DF804FBF8
:10251000DFED090A00F08EBB00F08CFBB1EE400A43
:10252000F3E700F0F3FDB1EE400AEEE7012000F022
:10253000EDFDEAE7D80F493F0000000008B510EEB6
:10254000102A22F00043B3F17E5F2DED028B12D0F2
:102550000AD8B3F17C5F19D2B3F10C5F6AD8BDEC35
:10256000028B9FED760A08BD70EE407A87EEA70ACF
:10257000BDEC028B08BDBDEC028B9FED710ADFED57
:10258000717A002AC8BFB0EE670A08BD002AC0F2FF
:102590008E80F7EE008A38EEC00AF6EE007A20EE62
:1025A000278AB0EE480A01F04FFADFED677A9FED17
:1025B000677ADFED676ADFED675A9FED676AA8EE1D
:1025C000277ADFED667AE7EE086AE8EE067AE6EE4D
:1025D000885A9FED636A9FED637ADFED636AA5EE2B
:1025E000886AA7EE887ADFED617AE6EE087A10EE67
:1025F000103AE7EE086A6FF30B03B0EE677A07EE66
:10260000903AF0EE485AE7EEE75AE6EE888A30EE66
:10261000276A27EE087AC5EE866A87EE286ABDEC3F
:10262000028BB0EE667AA0EE067A37EE870A30EEBD
:10263000000A08BD20EE007ADFED437A9FED436A81
:10264000DFED436A9FED445ADFED425AA7EE276A59
:10265000BDEC028BE6EE076ADFED407A9FED416A42
:10266000E7EE057AE6EE875AA7EE876A9FED3C5AB9
:10267000DFED3D7ADFED3D6AA5EE875AE6EE077A9B
:10268000E5EE076AF7EE005AE7EE875A26EE877AFC
:102690009FED376ADFED377AC7EE256AB0EE467AEE
:1026A000A0EE667A30EE470A37EEC00A08BDB7EEF4
:1026B000007A30EE070AF6EE007A60EE277ADFED58
:1026C000226A9FED226ADFED224ADFED235A9FED59
:1026D000215A9FED268AA7EEA66ADFED206AE6EE74
:1026E000274AE7EEA56ADFED1F5A9FED1D6AA4EEAB
:1026F000A75AE6EEA75ADFED1C6AA5EE276AE5EEBB
:10270000A76AA6EE278AA6EEA77A28EE278AF0EE19
:10271000478AB0EE670A01F097F988EE286A9FEDC4
:10272000167ADFED167AA0EE067AF0EE006A37EE42
:10273000007AE7EE667AB0EE670A19E7DB0FC93F69
:10274000DB0F49400000000008EF1138047F4F3ACA
:10275000461124BDA80A4E3E2EC69D3D613330BFB2
:1027600090B0A6BE2D57014039D119C0ABAA2A3E60
:102770006821A233DA0FC93F6821A2B3DA0F4940BA
:1027800008B52DED028BB0EE408A01F05DF9B4EE94
:10279000488AF1EE10FA06D6DFED098AB4EEE88A2F
:1027A000F1EE10FA02D4BDEC028B08BDFDF75AFF22
:1027B00088EEA80ABDEC028B2123036008BD00BF90
:1027C0000000000053EC102BC3F30A50A0F2FF31BD
:1027D000132910B59C46964619DC002911DB2048C8
:1027E000084100EA0304144316D04FF400230B41C0
:1027F000634423EA000C002163460A4643EC102B95
:1028000010BD013103F0004C24D00021F4E733293E
:1028100005DDB1F5806F16D043EC102B10BDA0F292
:1028200013404FF0FF3424FA00F01042F4D001239B
:10283000C1F1330103FA01F111EB0E0128BF9C44F1
:1028400021EA0001D8E71046194601F095FF41EC56
:10285000100B10BD4CF07F5C4CF4401C0021CBE70A
:10286000FFFF0F0008B52DED048BF0EE408AB0EEAF
:10287000609A00F04DF9B0EE408A00F097FA20B16E
:10288000B0EE480ABDEC048B08BDB0EE680A00F05B
:102890008DFA0028F4D0B0EE490A00F087FA00283B
:1028A000EED0FDF7DFFE22239FED018A0360E7E70C
:1028B0000000807F00F0B4BA9FED010A704700BFAE
:1028C0000000C07F08B52DED048BB0EE608AB0EE3D
:1028D000409A01F0BDF8B4EE488AF1EE10FAF0EE3D
:1028E000408A0BD6B5EE409AF1EE10FA17D1B5EE4C
:1028F000408AF1EE10FA06D1F7EE008AB0EE680ACF
:10290000BDEC048B08BDB0EE480A00F04FFA002879
:10291000F4D0B5EEC08AF1EE10FAEFD525E000F064
:1029200045FA88B1F5EE408AF1EE10FAE6D1B0EE44
:10293000490A00F03BFA0028E0D0B0EE480A00F067
:1029400035FA0028DAD010E0B0EE490A00F02EFA8D
:102950000028E7D0B0EE480A00F028FA0028E1D0BD
:10296000F4EE688AF1EE10FA04D6FDF77BFE22231E
:102970000360C3E7FDF776FE21230360BEE700BFD7
:10298000704700BFB0EE600A704700BF0000000053
:1029900051EC100BC1F30A532DE9F041A3F2FF35BE
:1029A000132D0C46064632DC002D20DB384B43FA53
:1029B00005F801EA080303430F462DD032A3D3E9FB
:1029C000002301F0D9FE0022002302F01BFB40B1DE
:1029D000002C03DA4FF480132B411F4427EA08042C
:1029E00000262346324643EC102BBDE8F08126A397
:1029F000D3E9002301F0C0FE0022002302F002FB15
:102A00000028EED0002C2ADB00263446E9E7332DDF
:102A100006DDB5F5806F1BD041EC100BBDE8F081F1
:102A2000A3F213434FF0FF37DF400742F4D016A361
:102A3000D3E9002301F0A0FE0022002302F0E2FA15
:102A40000028CED0002C334610DB23EA0706C8E767
:102A500002460B4601F090FE41EC100BDEE724F03D
:102A6000004426430DD14FF00044BAE7142D06D0A0
:102A7000C5F134050122AA401344B342E5D2013422
:102A8000E3E7044C0026ACE79C7500883CE4377E05
:102A9000FFFF0F000000F0BF08B52DED028BB0EE78
:102AA000408A01F089FBF0EE408AB0EE480A00F05F
:102AB0007DF968B1DFED127AB4EEE78AF1EE10FA33
:102AC0000BDCDFED107AB4EEE78AF1EE10FA0FD4EA
:102AD000B0EE680ABDEC028B08BDDFED0B8AFDF796
:102AE000C1FDB0EE680ABDEC028B2223036008BD75
:102AF000FDF7B8FD2223DFED058A0360E8E700BF9C
:102B00001772B142B5F1CFC20000807F0000000013
:102B100010EE103A23F0004210EE903A23F00043FA
:102B20009A4202DB194613460A46991AB1F1706FB0
:102B300000EE103A06EE902A3FDCB3F1B14F10B52B
:102B40002EDC0024B2F11A5F0ADA42B3B2F5000FAC
:102B500060DADFED357A66EEA76A20EE270A7E3C62
:102B600030EE666AF4EEC66AF1EE10FA28D56FF31D
:102B70000B0307EE903A30EE277A30EE670A27EE25
:102B8000000AA6EEA60AA7EEA70A00F05DFF34B180
:102B9000E40504F17E5407EE904A20EE270A10BDAA
:102BA000B3F1FF4F29DA03F15E4302F15E4200EE1A
:102BB000103A06EE902A4424C4E730EE260A704705
:102BC0001A4903F500030B4007EE903AB0EE007A85
:102BD000B0EE675A90EE075A02EA010307EE103A88
:102BE00026EE850A76EEC75AA5EEA70AA6EE060AD5
:102BF000A7EE270A00F028FFC9E714BF30EE260A27
:102C00009FED0B0ADFED0A7AB2F1FF4F08BFB0EE7D
:102C1000670A10BD03F1085302F1085200EE103AA2
:102C200006EE902A443C9BE70000807E00F0FFFF08
:102C30000000807F10EE103A23F00043B3F1485FAC
:102C40002CD2FDEEC07A17EE903A002B60D060EEE9
:102C5000007A9FED317A9FED315ADFED315A9FEDC9
:102C6000316ADFED316AA7EE875A9FED307AE7EEE1
:102C7000855AA7EEA56AA7EE867AE7EE876A67EE21
:102C8000A66A60EEC00AB6EE007AE7EEA60AB7EED4
:102C9000000AD7EE870A30EE600A704760EE007ACD
:102CA0009FED1D7A9FED1D5ADFED1D5A9FED1D6AA8
:102CB000DFED1D6A1E4AA7EE875A93429FED1B7AED
:102CC000E5EE275AA5EEA76AA6EE277AE7EE276A71
:102CD00066EEA76AD5D9174A934214D803F17F4309
:102CE00007EE103AB7EE006A36EE476A60EEC00AA9
:102CF000F6EE005A97EEA57AE7EEA60A37EE607A6E
:102D000036EE470A7047B6EE076AB5EE027AEDE78F
:102D1000B7EE000A704700BF4ED747ADF6740F31CB
:102D20007CF293B4010DD037ABAA2A3D610BB6BA41
:102D30009999993E0000483F10EE103A194923F046
:102D400000428A421BD9B2F1FF4F02D330EE400A53
:102D5000704700B583B0684600F020FA00F0030029
:102D60000128DDED010A9DED000A13D002280BD0E9
:102D700098B9012000F0CAF903B05DF804FBDFED5B
:102D80000A0A002000F0C2B9012000F0BFF9B1EE3C
:102D9000400AF1E7FFF74EFFEEE7FFF74BFFB1EE1A
:102DA000400AE9E7D80F493F0000000010EE103A52
:102DB00023F00040B0F1FF4FACBF0020012070476E
:102DC00008B52DED028BB0EE408A01F029FBB4EE80
:102DD000488AF1EE10FA0FD6B5EEC08AF1EE10FA7D
:102DE0000AD8B5EE408AF1EE10FA08D1FDF73AFCA8
:102DF00022239FED090A0360BDEC028B08BDFDF79D
:102E000031FCBDEC028B034621221A600348BDE869
:102E10000840FFF751BD00BF000080FF04D5010846
:102E200010B582B0CDED010A019B23F00042B2F152
:102E3000FF4FF0EE407A30D810EE100A20F000413B
:102E4000B1F1FF4F29D8B3F17E5F42D09C1704F057
:102E5000020444EAD07431B37AB3B2F1FF4F40D0E8
:102E6000B1F1FF4F29D0891AB1F1F45F4FEAE15275
:102E700034DA002B42DA3C3240DA9FED340A012C7E
:102E80004ED0022C43D064B19FED317ADFED317A20
:102E900030EE070A30EE670A03E09DED017A37EE67
:102EA000270A02B010BD022C10D09FED2B7A032C04
:102EB00008BFB0EE470A02B010BD9FED280ADFED53
:102EC000287A0028A8BFB0EE670AEAE79FED210A3A
:102ED000E7E702B0BDE8104000F048B89FED200AD7
:102EE000CDE7B1F1FF4F04F1FF3420D0022C26D8FA
:102EF0001C4B03EB840393ED030AD2E79DED017AAB
:102F000087EE870A00F07AFA00F030F8B7E79FED15
:102F1000107ADFED107A30EE070A37EEC00AC0E70C
:102F200010EE103A03F1004300EE103AB9E7022C1C
:102F300008D80C4B03EB840393ED000AB1E79FED37
:102F4000030AAEE79FED080AABE700BF00000000F0
:102F50002EBDBB33DB0F4940DB0F49C0DB0FC9BFC0
:102F6000DB0FC93F9CCC0108DB0F493F38B510EEA1
:102F7000105A25F00044B4F1A14FF0EE407A0DD381
:102F8000B4F1FF4F58D8DFED4F7A9FED4F7A002D07
:102F9000CCBFB0EE470AB0EE670A38BD4B4B9C423F
:102FA00059D8B4F1445F4AD34FF0FF3227EEA76AF5
:102FB0009FED475A9FED477ADFED475ADFED474ACD
:102FC00066EE066A531CA6EE857AE6EEA54A9FEDEC
:102FD000445ADFED445AA7EE265AE4EEA65A9FED76
:102FE000427ADFED424AA5EE267AE5EEA64A9FED4B
:102FF000405ADFED405AA7EE265A9FED3F7AA4EEE5
:10300000A67AE5EE265A27EE267AA5EE867A27EEF0
:10301000877A35D0394B03EB820393ED046AD3ED05
:10302000006A37EE467A002D37EE677A36EEC70A29
:10303000B3DAB1EE400A38BD30EE000A38BD9FED7C
:10304000307A30EE077AF7EE006AB4EEE67AF1EE07
:1030500010FAA9DD38BD00F0D1F92A4B9C4212D8F4
:10306000A3F5D0039C4223D8F0EE007ABFEE007A9D
:10307000A0EE277A002230EE270AC7EE007A95E705
:1030800037EEC70A38BD204B9C420BD8F7EE087AC2
:10309000B7EE007AA0EE277A022230EE670AC0EE81
:1030A000077A83E7BFEE007AC7EE007A03227DE756
:1030B000F7EE007A30EE677A30EE270A0122C7EE8B
:1030C000007A73E7DB0FC9BFDB0FC93FFFFFDF3EAD
:1030D000D769853C59DA4B3D21A215BD6BF16EBD18
:1030E000356B883D95879DBD6E2EBA3D388EE3BD0C
:1030F0002549123EABAAAA3ECDCC4CBEB4CC0108A9
:10310000CAF24971FFFF973FFFFF1B4010EE103AD4
:1031100023F00043B3F1485F04D2FDEEC07A17EE0E
:10312000903A5BB360EE007A9FED157ADFED155AA9
:103130009FED156ADFED156AE7EE875A9FED147A69
:10314000A5EEA76A20EE275AE6EE276AA6EEA77A32
:1031500030B9DFED106AE7EE876AA6EE850A7047A0
:1031600027EE457AF6EE006AA0EEA67ADFED0A6A4F
:10317000D7EE270AE5EE260A30EE600A704700BF58
:10318000D3C92E2F342FD7B21BEF3836010D50B9CB
:103190008988083CABAA2ABEABAA2A3E70B510EEBD
:1031A000103A884A23F00044944286B0054671D90B
:1031B000854A94421E4624D823F00042002BDFEDBE
:1031C000837A834922F00F02B0EE407A40F3E08028
:1031D0008A4270EE677A09BF9FED7E7ADFED7E6AE4
:1031E000DFED7E6A77EEC77A37EEE67A77EEC77A5A
:1031F00080ED007A77EEE67AC0ED017A012006B024
:1032000070BD774A944252D9B4F1FF4F48D2E215CB
:10321000863AA4EBC25307EE903ABDEEE77ADFEDB3
:10322000716AB8EEC77A77EEC77A8DED037A67EEEA
:10323000A67ABDEEE77AB8EEC77A77EEC77A8DED5B
:10324000047A67EEA67AF5EE407AF1EE10FACDED4B
:10325000057A40F09880B5EE407AF1EE10FA0CBF96
:1032600001230223604901910221009103A829460C
:1032700000F0CCF8002EC2DA95ED007AD5ED017A97
:10328000B1EE477AF1EE677A85ED007AC5ED017A05
:103290004042B4E7002285ED000A42600020AEE71C
:1032A00070EE407AC0ED017AC0ED007AF6E700F0EA
:1032B000A5F89FED4E7A9FED456AF6EE007AE0EEB6
:1032C000077A9FED457AFDEEE77A17EE900AF8EE61
:1032D000E76A1F28A6EEC60A66EE877AB1EE666A2E
:1032E00020DC434A411E26F0004352F8212023F0FF
:1032F000FF03934216D030EE677A30EE470A002E75
:1033000030EE670A85ED007A85ED010ABFF677AFEA
:10331000B1EE477AB1EE400A85ED007A85ED010AFB
:1033200040426CE730EE677AE21517EE103AC3F3CD
:10333000C753C3EBD453082BDFDD9FED267A9FEDF7
:10334000275AF0EE405AE6EE075A70EE657AE6EE3E
:10335000077AD6EE857A35EEE77A17EE103AC3F3A0
:10336000C753D21A192A10DD9FED227A9FED225AF7
:10337000B0EE650AA6EE070A75EEC07AE6EE077AA9
:10338000D6EE857AB7E703236CE7B0EE650AB4E7BB
:103390008A4270EE277A09BF9FED0E7ADFED0E6A42
:1033A000DFED0E6A77EE877A37EEA67A77EEC77A88
:1033B00080ED007A77EEA67AC0ED017A4FF0FF300B
:1033C0001DE700BFD80F493FE3CB1640800FC93F30
:1033D000D00FC93F004435374344353708A3852E05
:1033E000800F49430000804354CD010884F9223FF7
:1033F000D4CC010800A3852E32318D2410EE103A72
:1034000023F0004300EE103A704700BF2DE9F04F63
:103410002DED048BDBB01C46944603930A46CD4B3E
:1034200068991CF1040F53F82160824604F1FF38BB
:10343000C0F24982BCF1030348BF0CF10403DB1066
:10344000029301334FEAC30EACEB0E030593029BCC
:1034500016EB0800A3EB080316D401309FEDBE7AEB
:10346000699C18441EA9002BA4BF54F8235007EEF2
:10347000905A03F10103ACBFF8EEE77AF0EE477A19
:103480008342E1EC017AEED1002EC0F2B182039BBF
:103490001EA901EB830446AD4FEA83094046F718A5
:1034A0000AEB8301B8F1000FDFEDAB7A09DBA3462D
:1034B0005346F3EC016A3BED017A8B42E6EE877AE4
:1034C000F7D10130B842E5EC017A04F10404E9D106
:1034D0000DF1280B0BEB8603CDE9062E043B9FED87
:1034E000A09ADFED9E8A059804930AEB090446AF83
:1034F0000BEB86090096CDF820C05AAB03EB860390
:10350000002E13ED140A4FEA860515DD7B195A4685
:1035100060EE097AB0EE407AFDEEE77A73ED016A6B
:10352000F8EEE77ABB42A7EEE87A37EEA60ABDEEE0
:10353000C77AA2EC017AEBD1019000F0CBFDF4EE5A
:10354000007AB0EE408A20EE270A00F0CBFFF2EEC0
:10355000007AA0EE678A01980028FDEEC89AF8EE7E
:10356000E97A38EE678A6CDD06F1FF3EC0F10803A8
:103570005BF82E2042FA03FC0CFA03F3D21AC0F1D6
:10358000070119EE903A4BF82E200A416344002AB5
:1035900009EE903A00F3F080B5EE408AF1EE10FAB1
:1035A00040F09D80009B9E420ADD5D44002355F85B
:1035B000041D4D4543EA0103F9D1002B40F0F28090
:1035C000009B013B5BF82330002B40F0E780049B1D
:1035D000012153F8042D0131002AFAD0731C314423
:1035E0009C46029D039A05EB030E0EF1804E699DE9
:1035F00032440EF1FF3E07EB83061EAB05EB8E0E49
:1036000003EB8205DEED017AF8EEE77AB8F1000F00
:103610000EF1040EE5EC017ADFED4F7A09DB2A4664
:103620005346F3EC016A32ED017AA342E6EE877A63
:10363000F7D10CF1010C6145E6EC017AE2DA0E46B5
:103640005BE740F08F80731E5BF82320D211002AC5
:10365000A2DD19EE903A002E03F1010309EE903A33
:1036600040F3D48159464FF0000E51F8043B002B33
:103670006AD0C3F5807341F8043C04E00B68C3F1E1
:10368000FF0341F8043B0EF1010E7645F6DC012301
:103690009E4600280ADD012878D0022806D1711E36
:1036A0005BF8213003F03F0C4BF821C0022A7FF475
:1036B00073AFB7EE000A734630EE488A002B3FF432
:1036C0006BAF0992019000F005FD38EE408A019839
:1036D000099AB5EE408AF1EE10FA3FF463AF9246D4
:1036E000DDE9062EDDF820C00196AEEB0C00B0EE51
:1036F000480A009E009200F0EDFCDFED186AB4EE7F
:10370000E60AF1EE10FADDE90023F0EE407AC0F2AD
:1037100050819FED137A059920EE077A0831BDEEAE
:10372000C77A0591B8EEC77A5C1CE7EE667ABDEE03
:10373000C77AFDEEE77A17EE901A4BF8231017EED2
:10374000103A4BF8243046E00EF1010EB6458CDB02
:103750009E469EE76CD001080000000000008043F8
:103760000000803BF6EE007AB4EEE78AF1EE10FA44
:1037700080F2988000220FE70133002E09EE903A84
:103780003FF770AF002301289E4686D1711E5BF87B
:10379000213003F07F0C4BF821C087E7731C9C4657
:1037A00019461EE733469246DDE905125C1EA1F17B
:1037B00008005BF82410009E059061B903F1804376
:1037C000013B0BEB8303014653F8040D013C083920
:1037D0000028F9D0059105980092B7EE000A00F094
:1037E00079FC002C009AB0EE407AC0F20581601C92
:1037F00046AD5FED256A81000BEB800305EB800091
:1038000073ED017AF8EEE77A5B4567EE877A27EE8B
:10381000267A60ED017AF3D10DF1C8080B1F46A896
:10382000C718C646A44600259146002E73DB844A7D
:10383000DFED847A3846002301E0AB4208DCF2EC8D
:10384000016AB0EC017A01339E42E6EE877AF4DA3F
:103850000CF1FF3CBCF1FF3FEEEC017A05F10105F4
:10386000A7F10407E1D1689B022B4A4656DC002BE6
:103870002EDC0ED1DFED737A414431ED017A414502
:1038800077EE877AF9D15346002B40F0AE80C2ED37
:10389000007A19EE903A03F007005BB0BDEC048BA0
:1038A000BDE8F08F19EE903A002E03F1010309EE06
:1038B000903AC8BF02223FF7D5AEF7EE007A37EE56
:1038C000C88A022268E600234FF0080E0293BBE587
:1038D0009FED5C7A414471ED017A414537EE277ADC
:1038E000F9D1DDED327A534677EEC77A002B75D1E8
:1038F00082ED007A64B133A90123B1EC017A01337E
:103900009C4277EE877AF8DA53460BB1F1EE677A8C
:10391000C2ED017ABDE7DFED4B7A99E7689B032B97
:10392000B7D1002C7ED008EB840595ED007AA0007D
:103930002B46294671ED017AF0EE476A37EE277A79
:10394000414577EEC77A81ED007A77EEA67AC1ED30
:10395000017AEFD1012C65D095ED007A08F10401D0
:1039600073ED017AF0EE476A37EE277A994277EEE7
:10397000C77A83ED007A77EEA67AC3ED017AEFD1AC
:10398000031DDFED307A434408F1080833ED017A76
:10399000984577EE877AF9D15346DDED326A9DED91
:1039A000337A73B9C2ED006A82ED017AC2ED027A10
:1039B0006FE7FDEEC07A1C4617EE901A4BF8231005
:1039C00009E7F1EE666AB1EE477AF1EE677AC2ED89
:1039D000006A82ED017AC2ED027A5AE7B1EE477AC7
:1039E00082ED007A002C86D190E7F1EE677A4EE7FF
:1039F000039B4FEA83096BE5689B022B0EDC002BCF
:103A000013DC7FF446AFDFED0F7A3CE7022A7FF448
:103A1000C3ADF7EE007A37EEC88ABDE5689B032B8D
:103A20007FF437AFDFED077AB6E75346DDED327A44
:103A300013B9002313606BE74FF00043136065E791
:103A400078D0010800000000B1EEC00A704700BF46
:103A50002DE9F0432DED028B83B0CDED010A8DED04
:103A6000000ADDE9004535F0004610D184F48004F9
:103A7000640014F5000F1BD9DDED007A9DED017A8D
:103A800037EE870A03B0BDEC028BBDE8F08324F06B
:103A90000047B7F1FF4F02D8B6F1FF4F0FD9B4F18D
:103AA0007E5FE9D185F480056D0015F5000FE3D840
:103AB000B7EE000A03B0BDEC028BBDE8F083002C2A
:103AC000B84616DBB6F1FF4F00F0F780B6F17E5F27
:103AD00000F02681B5F1804F00F04681B5F17C5FA2
:103AE00040F0388103B0BDEC028BBDE8F043FFF736
:103AF000ABBFB6F1974F80F0F080B6F17E5F80F0FB
:103B00001981B5F1804F00F02F81B5F17C5F40F055
:103B10002181FFF773FCB7F1FF4FB3D04FF00009DD
:103B2000002F00F0F280B7F17E5F00F0E580E20F39
:103B3000013A59EA020300F02181B6F19A4F40F2AE
:103B40004581924B9F4240F23E82914B9F4200F250
:103B50004782F7EE007A30EE670A9FED8E6ADFED5E
:103B60008E5AF5EE007AA0EE676AF6EE006AE6EE8F
:103B7000406A20EE007ADFED897A9FED896A27EEB0
:103B8000267A67EEC77AE0EE257AF0EE676AE0EE15
:103B9000066A16EE903A6FF30B0306EE903AB0EE1B
:103BA000667AA0EE467A77EEC77A6FF30B0507EEDA
:103BB000105A9DED016ADDED015A36EE476A67EE57
:103BC000A57A26EE877AE6EE267A09F1FF3959EAD8
:103BD0000209BFEE008A77EE876AB7EE006A16EE3A
:103BE000903A18BFB0EE468A002B23F0004240F313
:103BF000B981B2F1864F00F2388200F01C82B2F136
:103C00007C5F00F20082002210466FF30B0305EE8A
:103C1000903A75EEC76A9FED637A9FED633A9FED28
:103C2000632ADFED633A9FED634ADFED634A9FED60
:103C3000635A77EEE67A25EE877ADFED616AA7EEC2
:103C4000A67AF0EE002AF0EE476AE5EE836AB7EE58
:103C5000000A26EEA66AF0EE667AE6EE023AE5EE95
:103C6000C37AF0EE445AE3EE865A77EE677AB0EE06
:103C7000647AA5EE867AF0EE455AE7EE065AB0EE83
:103C8000667AA5EEC67AE6EEA77A66EE875A37EE32
:103C9000626A85EE867A77EE677A77EEE67A30EEBC
:103CA000670A10EE103A1344B3F5000FC0F2958185
:103CB00000EE103A20EE080AE4E6B7F17E5F3FF42A
:103CC000F7AE32D99FED3F0ADDED017A002DB8BF86
:103CD000F0EE407AB0EE670AD4E6B6F1FF4FECD0D2
:103CE0004FF002099DED000AFFF788FBB7F1FF4F87
:103CF00002D0002F7FF417AF002DBCBFF7EE007A83
:103D000087EE800A002CBFF6BDAEA7F17E5757EABA
:103D1000090740F0208170EE407A87EEA70AB1E6ED
:103D2000002D1ADB9DED000AACE6002D21DB9FED96
:103D3000250AA7E6F315C3F1960346FA03F202FA41
:103D400003F3B34200F0FA80B6F17E5FE8D0B5F13C
:103D5000804F09D04FF00009C4E79DED007AF7EEDF
:103D6000007A87EE870A8DE6DDED007A27EEA70A56
:103D700088E6DDED017AB1EE670A83E6DDED007AD3
:103D800077EEE77A87EEA70A7CE600BFF3FF7F3F76
:103D90000700803FABAAAA3E70A5EC363BAAB83F0D
:103DA00000AAB83F8CBEBF350072313F4CBB3133E7
:103DB0000EEADDB555B38A38610B36BBABAA2A3E95
:103DC0001872313F000000000000804B14F0FF4FDC
:103DD00040F0F7805FED047A60EE277A6FF017030A
:103DE00017EE908AA9484FEAE851C8F316087F39C0
:103DF0008045194448F07E5340F3DB80A448804559
:103E000040F3F8809FEDA35A0131F0EE453AA3F557
:103E10000003F7EE005A002006EE103A76EE257AFF
:103E2000B7EE007A87EE270A5B1043F0005303F5E4
:103E30008023034476EE656A07EE901A26EE803AF8
:103E4000B8EEE77A13EE101A07EE903A924BDFEDD8
:103E5000930A9FED938A9FED931ADFED932ADFED8E
:103E6000931A9FED932A77EEE55A194004EE901AC3
:103E700036EE656A63EE035AE4EEE76AF0EE607AC6
:103E8000E5EE887AE4EEC66AA7EEA51A66EE806AC9
:103E9000E1EE252A73EE247AE2EEA51A25EEA58A34
:103EA000A1EEA52A67EEA67AB0EE084AB0EE446A03
:103EB000E8EE027AA4EEA46ADFED7E0A9FED7E1A98
:103EC000DFED7E2A36EE276A16EE101A194006EE4E
:103ED000101A76EE445AE4EEE45A77EEE57A67EE8D
:103EE000837AE6EE867AF0EE675AE4EE865A15EEAD
:103EF000901A194005EE901AF0EE656AE4EEC66A73
:103F000077EEE67A67EEA07AE5EE817A77EEA37A2D
:103F1000F0EE676AE5EEA26A76EE856A76EE876A6B
:103F200016EE901A194006EE901A36EEC77A37EE62
:103F3000457AA5EEE27A77EEC77A36E6B6F17E5F8D
:103F40003FF4EEAEB5F1804F3FF40EAF02F0010248
:103F5000C2F10209C6E6B9F1010F7FF493ADB1EEEB
:103F6000400A8FE556498A4200F287807FF447AEC7
:103F700076EEC76AF4EEE76AF1EE10FA7DDA03F541
:103F80000043504AC3F3C7517F39C3F316000A41B7
:103F900040F40000C1F117011A400841404206EE0A
:103FA000902A37EE667AC20577EE876A16EE903A67
:103FB0002BE69FED385AF7EE005AF0EE453A002016
:103FC0002AE700230EE7002D0CDB002003B0BDEC38
:103FD000028BBDE8F04300F0F9B900F07BF869E628
:103FE000002DF2DD002003B0BDEC028BBDE8F043F4
:103FF00000F0F2B99FED345ADFED343AF7EE085A8B
:104000004FF4001008E7D2157E3A4FF40001114139
:1040100019442C4AC1F3C7547F3CC1F31600224116
:1040200040F40000C4F11704002B40FA04F002EA47
:104030000102B4DAB2E79FED266A76EEC76A37EE80
:10404000866AB4EEE66AF1EE10FA0EDC03F5004380
:104050001C4AD9157F39C3F316000A4140F4000009
:10406000C1F117011A40084199E7B5EEC08AF1EE97
:1040700010FA4CBF01200020B5E7B5EEC08AF1EE82
:1040800010FA4CBF01200020A0E700BF71C41C0043
:10409000D6B35D000000000000F0FFFF55326C3E1B
:1040A00042F1533E05A38B3EABAAAA3EB76DDB3E61
:1040B0009A99193F4F38763FA0C39D360038763F16
:1040C00000001643000080FF00C0153FDCCFD13553
:1040D0003CAA383310EE103A33F000411A4627D08C
:1040E000B1F1FF4F21D213F0FF4F22D1DFED2B7A38
:1040F0002B4A60EE277A904217EE903A33DB4CF26F
:10410000503CC3F3C75160451A46A1F1190116DDB1
:10411000DFED247ADFED246A002BB0EE677AB8BFBA
:10412000F0EE667A27EE870A704730EE000A704795
:1041300070474CF2503C60454FEAD151E8DC0144F5
:10414000FE29E5DC002915DC11F1160F19DB193108
:1041500022F0FF4242EAC15207EE902A9FED130A75
:1041600027EE800A7047DFED127A07EE103A27EE4D
:10417000270A704722F0FF4242EAC15300EE103A8C
:104180007047DFED0B7ADFED0B6A002BB0EE677A3C
:10419000B8BFF0EE667A27EE870A70470000004C41
:1041A000B03CFFFFCAF24971CAF249F10000003386
:1041B0006042A20D6042A28D10EE103A23F0004240
:1041C000B2F1FF4F53D84FEAD37100F092806148AB
:1041D000834200F38480002BC0F284805E4B9A42BD
:1041E00048D95E4B9A4200F297805D4A02EB810209
:1041F000D2ED004AD2ED027A81F0010370EE644AFA
:104200005B1A34EEE70ADFED576A9FED575ADFED90
:10421000575A9FED576A20EE007AA7EE265ADFED37
:10422000556AE5EE075AE5EE876AA6EE876AF0EE74
:10423000406AE6EE476A20EE266A002B42D0B0EED6
:10424000007A37EE667AB7EE000AC6EE076A13F117
:104250007D0F77EEE67A77EEE47A30EE670A4FDB91
:1042600010EE102A02EBC35300EE103A704730EE06
:10427000000A7047B2F1505F0AD2DFED3F7A70EE6C
:10428000277AB7EE007AF4EEC77AF1EE10FA5DDC29
:1042900060EE007A9FED337ADFED335A9FED336A9B
:1042A000DFED346AE7EE875A9FED317AA7EEA56A13
:1042B000E7EE866AA7EEA67AF0EE406AE7EEC76AF6
:1042C00020EE266AF0EE007A76EEE76AB7EE007A24
:1042D000C6EE267A77EEC07A37EE670A704700207E
:1042E00000F07AB8254B9A427FF678AF002000F0B4
:1042F0006DB8DFED237A002918BFB0EE670A70476A
:1043000010EE102A643302EBC353DFED1E7A00EE89
:10431000103A20EE270A7047114B9FED1B7ADFED14
:104320001B6A03EB8103D3ED047AE0EE077A9FED7D
:10433000187AFDEEE77AF0EE404A17EE903AF8EE82
:10434000E77AE7EEE64A67EE877A5AE730EE070A41
:10435000704700BF1772B1421872B13E9115853F88
:10436000A4D001084CBB31330EEADDB555B38A3811
:10437000ABAA2A3E610B36BBCAF24971B5F1CF42F6
:10438000000000000000800D3BAAB83F8071313F63
:10439000D1F7173710B52DED028BB0EE408A0446E9
:1043A000FCF760F9B0EE480ABDEC028B046010BD6A
:1043B00028B1F1EE407A27EE800A2220EAE7F0EEFB
:1043C000407A27EE800A2220E4E700BF9FED010A31
:1043D000EEE700BF000000109FED010AE8E700BF14
:1043E0000000007000289FED060AF7EE007ABFEE8D
:1043F000007A18BFF0EE477A87EE800A2220C9E7DC
:1044000000000000F0EE407A30EE407AF4EE677A79
:10441000F1EE10FA87EE070A01D62120BAE77047BD
:1044200008B510EE103A33F000422DED028B2CD07F
:10443000002B1A4632DBB3F1FF4F41DAB3F5000F20
:1044400035DB0021D3157F3B0B44D90FC1F17F0130
:1044500003EBD373C2F3160207EE903A42EAC1525D
:1044600000EE102AB8EEE78A00F086F8DFED177A42
:104470009FED177A20EE270ADFED167AA8EE070ADD
:10448000A8EE270ABDEC028B08BDBDEC028B9FEDA8
:10449000127ADFED127A87EE270A08BDBDEC028B97
:1044A00070EE407A9FED0D7A87EE870A08BDDFED4A
:1044B0000C7A60EE277A6FF0180117EE902AC1E7A8
:1044C000BDEC028B30EE000A08BD00BFD95BDE3EBA
:1044D000DB27543580209A3E000000CC000000000D
:1044E0000000004C10EE102AC2F3C7537F3B162B7E
:1044F00022F0004129DC002B104618DB1A49194133
:104500000A4221D0DFED197A70EE277AF5EEC07AF3
:10451000F1EE10FA18DD002A04DA4FF4000242FA34
:1045200003F3184420EA010300EE103A7047DFED70
:104530000F7A70EE277AF5EEC07AF1EE10FA03DD0D
:10454000002A08DB9FED0A0A7047B1F1FF4FFBD349
:1045500030EE000A7047DFED077A0029BFEE000A4F
:1045600008BFB0EE670A7047FFFF7F00CAF24971CB
:10457000000000000000008010EE102A32F000431E
:104580002FD0002A134633DBB2F1FF4F40DAB2F5E9
:10459000000F34DB4FF0000C6448C3F316010844ED
:1045A00000F4000282F07E520A43DB1500EE102A6E
:1045B0007F3B5F4A634401F10F0CF7EE007A0CEA8F
:1045C000020230EE670A03EBD05322BBB5EE400A7D
:1045D000F1EE10FA62D1002B40F090809FED550A69
:1045E00070479FED557ADFED537A87EE270A7047C3
:1045F00070EE407A9FED4F7A87EE870A7047DFEDC5
:104600004F7A60EE277A6FF0180C17EE903AC3E7F6
:1046100030EE000A7047F0EE007A70EE277A07EE6F
:10462000103A80EE274A4648C1F55712084402F571
:1046300022720243002A9FED433ADFED434ADFED49
:10464000435ADFED433A9FED435ADFED437ADFED06
:10465000436A24EE046AF8EEC72A26EE067AE7EEED
:10466000034AA7EE235AE4EE875AE5EE076AE5EE21
:10467000877A67EE867AE6EE877A2ADDB6EE007AEA
:1046800020EE077A27EE007A77EE877A67EE847A53
:104690003BBB37EE677A30EE470A70479FED307AC2
:1046A000F6EE007AE0EE477A20EE007A27EE277ADF
:1046B000002BF0D007EE903A9FED2A6ADFED2A6AD0
:1046C000F8EEE77AA7EEC67A37EE400A97EEA60A2A
:1046D000704770EE677A67EE847AE3B930EE670A66
:1046E00070479FED206ADFED206AE2EE867A37EEB2
:1046F000677A37EE400A92EEA60A704707EE903AC4
:104700009FED180A9FED187AF8EEE77A27EE800AF7
:10471000A7EE870A7047DFED136A9FED137AE2EE8A
:10472000E67A37EEC00A92EE870A704720FB4A000D
:10473000F0FF7F0000000000000000CC0000004CF3
:10474000305CCFFF9788173E25333A3E2549923E8D
:104750004FD01C3E298E633EABAA2A3FCDCCCC3E27
:10476000ABAAAA3ED1F717378071313F81F00041E3
:1047700002E000BF83F0004330B54FEA41044FEA46
:10478000430594EA050F08BF90EA020F1FBF54EAE1
:10479000000C55EA020C7FEA645C7FEA655C00F07D
:1047A000E2804FEA5454D4EB5555B8BF6D420CDD4E
:1047B0002C4480EA020281EA030382EA000083EAD1
:1047C000010180EA020281EA0303362D88BF30BD71
:1047D00011F0004F4FEA01314FF4801C4CEA1131C7
:1047E00002D0404261EB410113F0004F4FEA033326
:1047F0004CEA133302D0524263EB430394EA050FB1
:1048000000F0A780A4F10104D5F1200E0DDB02FA1F
:104810000EFC22FA05F2801841F1000103FA0EF2B3
:10482000801843FA05F359410EE0A5F120050EF179
:10483000200E012A03FA0EFC28BF4CF0020C43FAAA
:1048400005F3C01851EBE37101F0004507D54FF0B7
:10485000000EDCF1000C7EEB00006EEB0101B1F507
:10486000801F1BD3B1F5001F0CD349085FEA30004D
:104870004FEA3C0C04F101044FEA445212F5800F58
:1048800080F09A80BCF1004F08BF5FEA500C50F1F5
:10489000000041EB045141EA050130BD5FEA4C0CD8
:1048A000404141EB0101013C28BFB1F5801FE9D235
:1048B00091F0000F04BF01460020B1FA81F308BF58
:1048C0002033A3F10B03B3F120020CDA0C3208DD24
:1048D00002F1140CC2F10C0201FA0CF021FA02F1FF
:1048E0000CE002F11402D8BFC2F1200C01FA02F16F
:1048F00020FA0CFCDCBF41EA0C019040E41AA2BF94
:1049000001EB0451294330BD6FEA04041F3C1CDA5B
:104910000C340EDC04F11404C4F1200220FA04F07B
:1049200001FA02F340EA030021FA04F345EA030125
:1049300030BDC4F10C04C4F1200220FA02F001FAE7
:1049400004F340EA0300294630BD21FA04F0294669
:1049500030BD94F0000F83F4801306BF81F4801102
:104960000134013D4EE77FEA645C18BF7FEA655C75
:1049700029D094EA050F08BF90EA020F05D054EA47
:10498000000C04BF1946104630BD91EA030F1EBF4C
:104990000021002030BD5FEA545C05D14000494150
:1049A00028BF41F0004130BD14F580043CBF01F543
:1049B000801130BD01F0004545F0FE4141F4700129
:1049C0004FF0000030BD7FEA645C1ABF1946104604
:1049D0007FEA655C1CBF0B46024650EA013406BF05
:1049E00052EA033591EA030F41F4002130BD00BFC4
:1049F00090F0000F04BF0021704730B54FF4806481
:104A000004F132044FF000054FF0000150E700BF01
:104A100090F0000F04BF0021704730B54FF4806460
:104A200004F1320410F0004548BF40424FF000014D
:104A30003EE700BF42004FEAE2014FEA31014FEA90
:104A400002701FBF12F07F4393F07F4F81F06051DF
:104A5000704732F07F4208BF704793F07F4F04BF2A
:104A600041F40021704730B54FF4607401F0004507
:104A700021F000411CE700BF50EA010208BF704767
:104A800030B54FF000050AE050EA010208BF704758
:104A900030B511F0004502D5404261EB41014FF4C1
:104AA000806404F132045FEA915C3FF4D8AE4FF0C9
:104AB00003025FEADC0C18BF03325FEADC0C18BFAC
:104AC000033202EBDC02C2F1200300FA03FC20FAFD
:104AD00002F001FA03FE40EA0E0021FA02F114444A
:104AE000BDE600BF70B54FF0FF0C4CF4E06C1CEA63
:104AF00011541DBF1CEA135594EA0C0F95EA0C0FD4
:104B000000F0DEF82C4481EA030621EA4C5123EA46
:104B10004C5350EA013518BF52EA033541F4801175
:104B200043F4801338D0A0FB02CE4FF00005E1FB28
:104B300002E506F00042E0FB03E54FF00006E1FB72
:104B400003569CF0000F18BF4EF0010EA4F1FF04B5
:104B5000B6F5007F64F5407404D25FEA4E0E6D41F5
:104B600046EB060642EAC62141EA55514FEAC52006
:104B700040EA5E504FEACE2EB4F1FD0C88BFBCF582
:104B8000E06F1ED8BEF1004F08BF5FEA500E50F133
:104B9000000041EB045170BD06F0004646EA0101F9
:104BA00040EA020081EA0301B4EB5C04C2BFD4EB2B
:104BB0000C0541EA045170BD41F480114FF0000E24
:104BC000013C00F3AB8014F1360FDEBF002001F092
:104BD000004170BDC4F10004203C35DA0C341BDC0C
:104BE00004F11404C4F1200500FA05F320FA04F0DE
:104BF00001FA05F240EA020001F0004221F0004112
:104C000010EBD37021FA04F642EB06015EEA430E84
:104C100008BF20EAD37070BDC4F10C04C4F12005B4
:104C200000FA04F320FA05F001FA04F240EA020067
:104C300001F0004110EBD37041F100015EEA430E38
:104C400008BF20EAD37070BDC4F1200500FA05F258
:104C50004EEA020E20FA04F301FA05F243EA0203D7
:104C600021FA04F001F0004121FA04F220EA0200E6
:104C700000EBD3705EEA430E08BF20EAD37070BD2C
:104C800094F0000F0FD101F00046400041EB01010C
:104C900011F4801F08BF013CF7D041EA060195F0EE
:104CA000000F18BF704703F00046520043EB0303A8
:104CB00013F4801F08BF013DF7D043EA0603704795
:104CC00094EA0C0F0CEA135518BF95EA0C0F0CD0A0
:104CD00050EA410618BF52EA4306D1D181EA0301E6
:104CE00001F000414FF0000070BD50EA410606BFE0
:104CF0001046194652EA430619D094EA0C0F02D125
:104D000050EA013613D195EA0C0F05D152EA033669
:104D10001CBF104619460AD181EA030101F0004187
:104D200041F0FE4141F470014FF0000070BD41F0D0
:104D3000FE4141F4780170BD70B54FF0FF0C4CF4AA
:104D4000E06C1CEA11541DBF1CEA135594EA0C0FC9
:104D500095EA0C0F00F0A7F8A4EB050481EA030E16
:104D600052EA03354FEA013100F088804FEA0333FD
:104D70004FF0805545EA131343EA12634FEA0222CB
:104D800045EA111545EA10654FEA00260EF000418C
:104D90009D4208BF964244F1FD0404F5407402D2DE
:104DA0005B084FEA3202B61A65EB03055B084FEA6F
:104DB00032024FF480104FF4002CB6EB020E75EB6C
:104DC000030E22BFB61A754640EA0C005B084FEA94
:104DD0003202B6EB020E75EB030E22BFB61A754611
:104DE00040EA5C005B084FEA3202B6EB020E75EB5C
:104DF000030E22BFB61A754640EA9C005B084FEAD4
:104E00003202B6EB020E75EB030E22BFB61A7546E0
:104E100040EADC0055EA060E18D04FEA051545EACF
:104E200016754FEA06164FEAC30343EA52734FEA78
:104E3000C2025FEA1C1CC0D111F4801F0BD141EAF1
:104E400000014FF000004FF0004CB6E711F4801F56
:104E500004BF01430020B4F1FD0C88BFBCF5E06F36
:104E60003FF6AFAEB5EB030C04BFB6EB020C5FEA46
:104E7000500C50F1000041EB045170BD0EF0004E9B
:104E80004EEA113114EB5C04C2BFD4EB0C0541EACD
:104E9000045170BD41F480114FF0000E013C90E6CA
:104EA00045EA060E8DE60CEA135594EA0C0F08BF8E
:104EB00095EA0C0F3FF43BAF94EA0C0F0AD150EA8D
:104EC00001347FF434AF95EA0C0F7FF425AF104620
:104ED00019462CE795EA0C0F06D152EA03353FF448
:104EE000FDAE1046194622E750EA410618BF52EAC5
:104EF00043067FF4C5AE50EA41047FF40DAF52EA99
:104F000043057FF4EBAE12E74FF0FF3C06E000BF35
:104F10004FF0010C02E000BF4FF0010C4DF804CD42
:104F20004FEA410C7FEA6C5C4FEA430C18BF7FEA02
:104F30006C5C1BD001B050EA410C0CBF52EA430C30
:104F400091EA030F02BF90EA020F0020704710F1B0
:104F5000000F91EA030F58BF994208BF90422CBF3F
:104F6000D8176FEAE37040F0010070474FEA410C38
:104F70007FEA6C5C02D150EA013C07D14FEA430C56
:104F80007FEA6C5CD6D152EA033CD3D05DF8040BC7
:104F9000704700BF8446104662468C4619466346F9
:104FA00000E000BF01B5FFF7B7FF002848BF10F1D0
:104FB000000F01BD4DF808EDFFF7F4FF0CBF012015
:104FC00000205DF808FB00BF4DF808EDFFF7EAFF91
:104FD00034BF012000205DF808FB00BF4DF808ED4C
:104FE000FFF7E0FF94BF012000205DF808FB00BF41
:104FF0004DF808EDFFF7CEFF94BF012000205DF8CB
:1050000008FB00BF4DF808EDFFF7C4FF34BF0120D7
:1050100000205DF808FB00BF4FEA410212F50012C4
:1050200015D211D56FF47873B3EB625212D94FEAEF
:10503000C12343F0004343EA505311F0004F23FAD9
:1050400002F018BF404270474FF00000704750EA2E
:10505000013005D111F0004008BF6FF000407047EB
:105060004FF00000704700BF4FEA4102B2F1E04349
:1050700024BFB3F5001CDCF1FE5C0DD901F0004C3F
:105080004FEAC0024CEA5070B2F1004F40EB83008F
:1050900008BF20F00100704711F0804F21D113F1BB
:1050A0003872BCBF01F00040704741F480114FEAF4
:1050B0005252C2F11802C2F1200C10FA0CF320FA7D
:1050C00002F018BF40F001004FEAC1234FEAD3239A
:1050D00003FA0CFC40EA0C0023FA02F34FEA430304
:1050E000CCE77FEA625307D150EA01331EBF4FF08D
:1050F000FE4040F44000704701F0004040F0FE40A8
:1051000040F40000704700BF53B94AB9002908BFF6
:1051100000281CBF4FF0FF314FF0FF3000F0E4BA21
:10512000ADF1080C6DE904CE00F080F9DDF804E083
:10513000DDE9022304B07047430803F05533C01A79
:10514000830803F0333300F03330184400EB1010C1
:1051500000F00F3000EB002000EB0040000E704725
:1051600060EE016A20EEA16A20EE215A76EEC67A40
:1051700061EE205AF4EE677AF1EE10FA35EE257AF8
:1051800004D6B0EE670AF0EE470A7047B4EE477AED
:10519000F1EE10FAF5D79FEDA14AF0EEC04AF4EE19
:1051A000444AF1EE10FAF0EEE03A00F3A080F4EE9B
:1051B000443AF1EE10FA00F39A800023DFED974AAB
:1051C000B0EEC14AB4EE644AF1EE10FAF0EEE13A04
:1051D00048DCF4EE643AF1EE10FA43DC9BBBF0EEEF
:1051E000E66AF4EE646AF1EE10FA14DCB0EEC66A18
:1051F000B4EE646AF1EE10FA0DDCB0EEC55AB4EE0E
:10520000645AF1EE10FA06DCF0EEE55AF4EE645A58
:10521000F1EE10FAB5DDB4EE400AF1EE10FA80F1CD
:10522000F080F4EE600AF1EE10FA80F1DD80B4EE69
:10523000411AF1EE10FA80F1CA80F4EE611AF1EE33
:1052400010FA80F1B78061EEE07A60EE810AE0EE5C
:10525000017AE0EE210A9FED727A67EE877A20EEFE
:10526000877A8EE7DFED6D7A9FED6C7AB4EE674A50
:10527000F1EE10FACCBF0123002307EE903A11EEB5
:10528000103AF8EEE77A002BF0EEE77AF4EE473AC0
:10529000B8BFF1EE677AF1EE10FACCBF012300231C
:1052A000B0EE671A07EE903A11EE903AF8EEE77A10
:1052B000002BF0EEE77AB4EE400AB8BFF1EE677A61
:1052C000F1EE10FAF0EE671A5AD6F4EE600AF1EE3B
:1052D00010FAB8D710EE903A9FED527ADFED527A7D
:1052E000002BB4BFF0EE670AF0EE470AABE79FED84
:1052F0004B4AF4EE444AF1EE10FACCBF01230023EE
:1053000004EE903A9FED454A10EE103AF8EEE44A6A
:10531000002BF0EEE44AF4EE443AB8BFF1EE644AF2
:10532000F1EE10FACCBF01230023B0EE640A04EEC4
:10533000903A10EE903AF8EEE44A002BF0EEE44A90
:10534000B4EE411AB8BFF1EE644AF1EE10FAF0EE95
:10535000640A22D6F4EE611AF1EE10FA78BF012346
:10536000FFF52CAF11EE903A9FED2E4ADFED2E4A5D
:10537000002BB4BFF0EE641AF0EE441A01231DE7CF
:1053800010EE103A9FED277ADFED277A002BB4BF9D
:10539000B0EE670AB0EE470A97E711EE103A9FEDBC
:1053A000214ADFED214A002BB4BFB0EE641AB0EE03
:1053B000441ACFE711EE903A9FED1A7ADFED1A7A90
:1053C000002BB4BFF0EE671AF0EE471A3BE711EE80
:1053D000103A9FED147ADFED147A002BB4BFB0EED3
:1053E000671AB0EE471A28E710EE903A9FED0D7A53
:1053F000DFED0D7A002BB4BFF0EE670AF0EE470A3E
:1054000015E710EE103A9FED077ADFED077A002BD3
:10541000B4BFB0EE670AB0EE470A02E7FFFF7F7F36
:105420000000807F00000000000000802DE9F047B0
:10543000089D0E4604460F46002B4AD194468C45E3
:10544000B2FA82F260D942B1C2F12003974020FA49
:1054500003F30CFA02FC1F4394404FEA1C4E1FFA60
:105460008CF6B7FBFEF1230C0EFB117743EA0743E2
:1054700001FB06F098420AD91CEB030301F1FF3748
:1054800080F01581984240F21281023963441B1A60
:10549000A4B2B3FBFEF00EFB103344EA034400FB5E
:1054A00006F6A6420AD91CEB040400F1FF3380F093
:1054B0000081A64240F2FD806444023840EA014087
:1054C000A41B00211DB1D4400023C5E90043BDE861
:1054D000F0878B4205D90DB1C5E9000100210846CE
:1054E000F5E7B3FA83F1002946D1B34202D38242F1
:1054F00000F2F580841A66EB030201201746002DA6
:10550000E5D0C5E90047E2E7002A40F09380A1EB2F
:105510000C034FEA1C471FFA8CFE0121B3FBF7F680
:1055200007FB1630230C43EA00430EFB06F09842BB
:1055300008D91CEB030306F1FF3802D2984200F2AF
:10554000D08046461B1AA4B2B3FBF7F007FB10331A
:1055500044EA03440EFB00FEA64508D91CEB0404F4
:1055600000F1FF3302D2A64500F2B6801846A4EB44
:105570000E0440EA0640A5E7C1F120078B4022FA5D
:1055800007FC4CEA030C06FA01FE20FA07F426FA9F
:1055900007F344EA0E0400FA01F84FEA1C404FEA10
:1055A0001449B3FBF0FE1FFA8CF600FB1E3349EAE8
:1055B00003430EFB06F9994502FA01F20BD91CEBE5
:1055C00003030EF1FF3A80F08580994540F2828016
:1055D000AEF1020E6344A3EB0909A4B2B9FBF0F3E8
:1055E00000FB139944EA094403FB06F6A64208D9D6
:1055F0001CEB040403F1FF3068D2A64266D9023BDB
:10560000644443EA0E40A41BA0FB02E6B442734686
:10561000B14652D34FD05DB1B8EB030264EB09043D
:1056200004FA07F722FA01F31F43CC40C5E90074DE
:1056300000214CE7C2F1200120FA01F30CFA02FC30
:1056400026FA01F1964033434FEA1C471FFA8CFEBD
:10565000B1FBF7F007FB1016190C41EA064100FBFD
:105660000EF68E4204FA02F408D91CEB010100F197
:10567000FF382DD28E422BD902386144891B9BB250
:10568000B1FBF7F607FB161143EA014306FB0EF1E7
:10569000994208D91CEB030306F1FF3814D2994252
:1056A00012D9023E63445B1A46EA004136E73946A6
:1056B000EDE6184602E7F045ADD2BEEB020366EB1D
:1056C0000C060138B146A6E74646ECE7034698E7E4
:1056D0004046D3E7D6467EE76444023847E70846AB
:1056E0000DE7023E63442DE7704700BFBFF34F8FC5
:1056F000BFF36F8F084B0022C3F85022BFF34F8FC8
:10570000BFF36F8F5A6942F400325A61BFF34F8F73
:10571000BFF36F8F704700BF00ED00E0084AD2F87A
:10572000FC3043F08073C2F8FC30064B064AC3F8E5
:10573000B02F00225A601A6842F001021A607047C6
:1057400000ED00E0001000E055CEACC50C4B1A880F
:1057500092B20C4B1B889BB29A4210D00A4B1A682B
:10576000D36913F0800F0AD0054803889BB2591CF7
:1057700089B20180C3F308030449CB5C936270478C
:10578000144C0020164C0020E0440220184C00204D
:10579000034B9B6B1B685868C0F51650704700BFE1
:1057A0008C47022008B5FFF7F3FF054B1B688342C7
:1057B00001D8C01A08BDC01A00F51650FAE700BF9C
:1057C0000C4C002008280AD800EB4003064A52F887
:1057D000233033B100EB400002EB800070470348F8
:1057E00070470248704700BF38E6010844E60108E8
:1057F000F8B52DED028B06460F46324B93ED018A2C
:10580000314BD3ED007AB4EE678AF1EE10FA0FD087
:1058100083ED008AB0EE480AFCF758FE2B4B83ED6F
:10582000000AB0EE480AFDF787FA294B83ED000A1B
:10583000002225E0D30006EBC201264DD5ED007A0B
:10584000C1ED007A04333344234C94ED007A83EDA8
:10585000007A1E4B93ED006A67EE866A1C4BD3ED0F
:10586000005A27EE255A76EEC56A67EEA57A27EE2E
:10587000067A77EE877AC5ED006AC4ED007A0132C8
:10588000BA42D7DB134A92ED007A67EE076A124BF1
:10589000D3ED007A27EEA76A76EE866AB6EE006A46
:1058A00066EE866AB7EE086A76EE666A27EE267AB4
:1058B00082ED007A67EEA67AC3ED007ABDEC028B2A
:1058C000F8BD00BFC4B80120B00E00206400002065
:1058D000AC0E002060000020A80E002010B584B09F
:1058E0000024009401940294039403F01BFA012312
:1058F0008DF800308DF8014001941F228DF80820AA
:1059000087228DF809208DF80A408DF80B408DF81C
:105910000C308DF80D308DF80E408DF80F40684634
:1059200003F01EFA042003F00BFA04B010BD0000CF
:10593000F0B58DB000240794089409940A940B9450
:10594000364B1A6B42F004021A631A6B02F004021F
:105950000192019A1A6B42F080021A631A6B02F0EC
:1059600080020292029A1A6B42F001021A631A6BC9
:1059700002F001020392039A1A6B42F002021A63C8
:105980001A6B02F002020492049A1A6B42F00802A7
:105990001A631A6B02F008020592059A1A6B42F01C
:1059A00040021A631B6B03F040030693069B1C4FD7
:1059B000224644F28101384602F0E6FE194D2246A5
:1059C0004021284602F0E0FE4FF4005307934FF4C5
:1059D00088130893099407A9134802F0D3FD44F2F1
:1059E000810307930126089609940A9407A938466B
:1059F00002F0C8FD40230793089609940A9407A96A
:105A0000284602F0BFFD802307930894099407A954
:105A1000284602F0B7FD0DB0F0BD00BF00380240CF
:105A200000040240001802400008024000B583B0A4
:105A3000124B1A6B42F400121A631A6B02F4001232
:105A40000092009A1A6B42F480021A631B6B03F4F3
:105A500080030193019B00221146102003F030F9CE
:105A6000102003F03DF900221146382003F028F9F8
:105A7000382003F035F903B05DF804FB003802402C
:105A800070B54FF480260025B5420CD2AC19013414
:105A900064082046FBF70CF818B1FBF711F825460F
:105AA000F2E7661EF0E7284670BD000010B5044618
:105AB00018E0FFF74BFE0D4B1B889BB20C4A128877
:105AC00092B29B1A9BB2B3F5007FF2D207490B88C2
:105AD0009BB25A1C92B20A80C3F3080314F8011B4C
:105AE000044AD1542378002BE5D110BD164C002078
:105AF000144C0020184C002000B591B004AB02E01B
:105B0000013003F8012B0278002AF9D19C463D228E
:105B10000CF8012B002916DB00221A4880FB01300B
:105B2000CB17C3EBA003184603EB8303A1EB43039E
:105B30001146303340316944013201F83C3C0146A2
:105B40000028EAD10FE003F1020C2D225A704942DD
:105B5000E2E7013A634602F14001694411F83C1C56
:105B600003F8011B9C46002AF3D120238CF8003057
:105B700000238CF8013004A8FFF798FF11B05DF8FE
:105B800004FB00BF67666666014B01221A7070470E
:105B9000FCB80120014B02221A707047FCB80120AA
:105BA0002DE9F0410D4614460022DFEDB86A00E011
:105BB0000132A2421EDA30F81230C3F30B0307EEB3
:105BC000903AF8EE677A9FEDB27A77EEC77AB14BEA
:105BD00003EB82039FEDB07A67EE877AC3ED007A1C
:105BE000F0EEE77AF4EEE76AF1EE10FAE0D5F0EEC7
:105BF000676ADDE7A94BC3ED006AA94A2346A2F50F
:105C0000F051A84816F0C2F9002314E0D900A648C4
:105C100000EBC30CA0F5B44202EB830EDEF800E00B
:105C2000CCF800E004310144A0F5705202EB83028D
:105C300012680A600133A342E8DB9C4E21463046DD
:105C4000FFF7D6FD234606F570523146A6F5705093
:105C500016F0BEFE002212E08E4B03EB820003F52D
:105C6000524101EBC2010968016003F5F05303EBF7
:105C700082038F4901EBC201096819600132A24217
:105C8000EADB844E2346324631468A4816F07EF9D6
:105C900006F5F05123460A46874816F077F9874BF8
:105CA0001B68013B072B00F2DF80DFE803F01C35A7
:105CB000ADDDADADDD59774B03EB8201D1ED007A5F
:105CC00003F5F05101EB820191ED007A03F5705379
:105CD00003EB820377EE877AC3ED007A0132A242AA
:105CE000E9DB0022CEE00022F9E76A4B03EB8201F8
:105CF000D1ED007A03F5F05101EB820191ED007ACC
:105D000003F5705303EB820377EEC77AC3ED007A95
:105D10000132A242E9DBE4E70022FAE75D4B03EB44
:105D20008201D1ED007A03F5F05101EB820191ED92
:105D3000007A03F5705303EB820377EE877AC3EDA5
:105D4000007A0132A242E9DB5D4923460A465D48FA
:105D500016F072FD0023DFED4D6AB0EE666A06E0D4
:105D60000022EFE767EEA77A76EEA76A0133A34237
:105D70000EDA534A02EB8302D2ED007AB0EEE77AF4
:105D8000B4EEC76AF1EE10FAECD5B0EE476AE9E777
:105D90004D4B83ED006A07EE904AB8EEE70A86EEB7
:105DA000800AFCF7EDFC494B83ED000A484A136872
:105DB00001331360DFED470AB5EE000A464A21467B
:105DC0003F4804F0CFFB8CE70132A24220DA314B8E
:105DD00003EB8201D1ED007A03F5F05101EB820172
:105DE00091ED007A03F5705303EB820377EE877A27
:105DF000C3ED007AF0EEE77AF4EEE76AF1EE10FA1E
:105E0000E2D5F0EE676ADFE70022DFED206ADCE72B
:105E10002D4BC3ED006A2E4A1368013313602F4BDC
:105E20001B68002B3FF45DAF2D4ED6F80480244F45
:105E30002146384604F09CFD2146384604F06CFEAD
:105E40007368A3EB0803274A12689A42BFF449AF6C
:105E5000244A136045E71A4A02EB830200211160CD
:105E60000133A342F7DB3CE70023FAE7144B03EBD3
:105E70008203D3ED007A9FED1C7A67EE877AC3ED3B
:105E8000007A0132A242F1DB002339E00000000079
:105E900000000045B48C00200000003AE0B801206A
:105EA000B4AA0020BC2D0020B4E60020B4220120BA
:105EB000B85E01206C8C0020608C00206C000020FB
:105EC000B4C80020A88C0020F0B80120ECB8012054
:105ED000F4B801206F12033B68000020F8B80120DD
:105EE000001000E0D8B801200080BB440000000092
:105EF0005FED027AFCEEE77A17EE902A6A500133E2
:105F0000A34218DA99000D4A02EB8302D2ED007A1F
:105F10009FED0B7A77EE877AF5EEC07AF1EE10FA04
:105F2000E6D49FED087AF4EEC77AF1EE10FAE1DDDF
:105F3000DFED047ADEE7BDE8F08100BFB4C80020E1
:105F40000000004500F07F452DE9F8432DED028B60
:105F50000D461446002315E030F813C0CCF30B02B5
:105F600007EE902AF8EE677A9FED5C7A77EEC77AB3
:105F70005B4A02EB83029FED5B7A67EE877AC2EDA4
:105F8000007A0133A342E7DB574A2346A2F5F051DA
:105F9000564815F0FBFF002312E0D900544800EBEF
:105FA000C306A0F5F04202EB83073F683760043177
:105FB0000144A0F5B44202EB830212680A60013387
:105FC000A342EADB00261CE0DFF8509199ED008A3D
:105FD000B0EE480AFCF77AFA10EE108AB0EE480AE2
:105FE000FCF7AAFE10EE107A484604F03FFAF300E0
:105FF000404A02EBC601C1F80080043313441F601D
:106000000136A642E0DB3C4A2346A2F57051A2F5D8
:10601000F04016F0DDFC002312E0314800EB830174
:1060200000F5704202EBC30212680A6000F5F050FE
:1060300000EB8300314A02EBC302126802600133B5
:10604000A342EADB264E2346324631462C4815F061
:106050009DFF06F5F05723463A463946294815F084
:1060600095FF06F57058234642463946304604F0FF
:106070002FFB234606F5B4424146234815F086FF20
:10608000002307E0DFED217AFCEEE77A17EE902A95
:106090006A500133A3421CDA99001D4A02EB8302C5
:1060A000D2ED007A9FED1B7A67EE877A9FED0B7A2F
:1060B00077EE877AF5EEC07AF1EE10FAE2D49FED32
:1060C000167AF4EEC77AF1EE10FADDDDDFED127A22
:1060D000DAE7BDEC028BBDE8F88300BF00000045A5
:1060E000B48C00200000003AB4AA0020BC2D00208F
:1060F000B4040120B4400120B47C0120B87C01200C
:106100006C8C0020608C0020B40E00200000000089
:10611000B4E600200080BB4400F07F45B4B8012005
:1061200008B5FFF74FFB406808BD08B5FFF74AFB0D
:1061300090F90900C043C00F08BD08B5FFF742FB46
:1061400090F9090008BD08B5FFF73CFB007A08BDCF
:1061500008B5084B1868FFF7F6FF48B9064B1B78DF
:106160001BB1064A136801331360034B01221A70F6
:1061700008BD00BF6C000020FDB80120104C0020BD
:1061800008B5084B1868FFF7DEFF48B9064B1B78C7
:106190001BB1064A136801331360034B02221A70C5
:1061A00008BD00BF6C000020FDB80120104C00208D
:1061B00000B583B0002305E0164A4FF4006142F8B1
:1061C00023100133B3F5706FF6D34FF496420021DC
:1061D0001148FAF7E1F90021104B1970104B1970B2
:1061E000104B1960104B1B6800910A4A0F4802F0CF
:1061F00015FF0F4B1868FFF7A6FF40B90A4B1A6846
:1062000005490C4801F08EF903B05DF804FB4FF42A
:106210001652F5E70004022000B90120FDB8012064
:10622000FCB801200C4C0020D402002018470220AA
:106230006C0000208C47022008B5FFF7C3FA006805
:1062400008BD00002DE9F0410D4614460023DFEDA6
:106250007A6A00E00133A3421EDA30F813C0CCF3AF
:106260000B0207EE902AF8EE677A9FED747A77EECC
:10627000C77A734A02EB83029FED727A67EE877AE0
:10628000C2ED007AF0EEE77AF4EEE76AF1EE10FA8A
:10629000E0D5F0EE676ADDE76B4BC3ED006A6B4A51
:1062A0002346A2F5F0516A4815F070FE002314E071
:1062B000D900684800EBC30CA0F5B44202EB830E92
:1062C000DEF800E0CCF800E004310144A0F57052A3
:1062D00002EB830212680A600133A342E8DB5E4EE0
:1062E00021463046FFF784FA234606F570523146C0
:1062F000A6F5705016F06CFB002312E0504800EB3E
:10630000830100F5524202EBC30212680A6000F5F5
:10631000F05000EB8300514A02EBC30212680260A6
:106320000133A342EADB464E2346324631464C480F
:1063300015F02CFE06F5F05723463A4639464948F3
:1063400015F024FE234606F570523946304604F017
:106350007FF90023DFED386AB0EE666A04E067EE8D
:10636000A77A76EEA76A0133A3420EDA3E4A02EB21
:106370008302D2ED007AB0EEE77AB4EEC76AF1EEAE
:1063800010FAECD5B0EE476AE9E7384B83ED006AC6
:1063900007EE904AB8EEE70A86EE800AFCF7F0F9BD
:1063A000334B83ED000A334A136801331360324BD9
:1063B0001B680BB900231DE0304ED6F804802A4F2D
:1063C0002146384604F0D4FA2146384604F0A4FBAE
:1063D0007368A3EB08032A4A12689A42EAD2284A51
:1063E0001360E7E7DFED147AFCEEE77A17EE902A08
:1063F0006A500133A3421CDA99001B4A02EB830264
:10640000D2ED007A9FED1F7A67EE877A9FED0B7AC7
:1064100077EE877AF5EEC07AF1EE10FAE2D49FEDCE
:106420001A7AF4EEC77AF1EE10FADDDDDFED167AB6
:10643000DAE7BDE8F08100BF000000000000004581
:10644000B48C00200000003AE0B80120B4AA00207B
:10645000BC2D0020B4E60020B4220120B85E01204B
:106460006C8C0020608C0020B4C80020F0B80120A3
:10647000ECB80120F4B80120F8B80120001000E0C9
:10648000D8B801200080BB4400F07F45F8B52DED61
:10649000048B06460D46144611466D48FFF7A8F9D1
:1064A0000022DFED6C6A1AE0694B03EBC10090ED4E
:1064B000007AA3F5B44303EB810027EE277A80ED41
:1064C000007A654800EBC10090ED007A03F5F053C7
:1064D00003EB810367EEC77AC3ED007A0132A24273
:1064E0001ADA114636F81230C3F30B0307EE903A6E
:1064F000F8EEE77A9FED597A77EEC77A9FED587AF2
:1065000067EE877AB0EEE77AF4EEC76AF1EE10FA3A
:10651000CAD5F0EE476AC7E7524BC3ED006A524E48
:10652000234632463146514815F030FD06F5F0510C
:1065300023460A464E4815F029FD00269FED458A60
:10654000DFED4C9AF0EE488AB0EE489A04E020EE77
:10655000000A78EE808A0136A6422DDAB700424B57
:1065600003EB860292ED000A20EE000A03F5F053D9
:1065700003EB8603D3ED007A67EEA77A30EE270AA5
:10658000FCF7FEF8F4EEC09AF1EE10FA01DDF0EE41
:10659000409A38EE008A384B1F44384803F07CFF9D
:1065A00087ED000AF0EEC07AB4EEE79AF1EE10FA49
:1065B000CDD5B0EE679ACAE7314BC3ED009A07EE2E
:1065C000904AB8EEE70AC8EE007A2E4BC3ED007A87
:1065D0002D4B83ED009A88EE800AFCF7D1F82B4B07
:1065E00083ED000A2A4A136801331360294A2146C1
:1065F000214804F023F8002307E0DFED167AFCEED3
:10660000E77A17EE902A6A500133A3421CDA990008
:10661000194A02EB8302D2ED007A9FED1F7A67EEF2
:10662000877A9FED0E7A77EE877AF5EEC07AF1EEF3
:1066300010FAE2D49FED197AF4EEC77AF1EE10FA6F
:10664000DDDDDFED167ADAE7BDEC048BF8BD00BFC7
:10665000B4E6002000000000B8E60020000000457D
:106660000000003AE0B80120B48C00206C8C0020BF
:10667000608C0020286B6E4EB4C80020A00E002055
:10668000E8B80120E4B80120F0B80120ECB80120FE
:10669000F4B801205C0000200080BB4400F07F457E
:1066A00010B50F4B5C680F4B1B687BB1042B10D0EF
:1066B000072B11D0FFF774FA094B5B681B1B0A4AC2
:1066C00012689A4201D2084A136010BDFFF73CFCE1
:1066D000F2E7FFF7B7FDEFE7FFF7D8FEECE700BF03
:1066E000001000E06C000020DCB8012030B583B061
:1066F0000E4803F0A9FE0E4D4FF4F06400940D4BCC
:106700002A4649210C4815F02FFC00940B4B2A46D1
:1067100049210B4815F028FC00940A4B0A4A3F21F6
:106720000A4815F021FC03B030BD00BFB4B8012009
:10673000B00100203C6D00206C8C0020184E002021
:10674000608C0020C00E002070000020B40E0020DD
:1067500000B52DED028B83B0DFED128A9FED128A1A
:10676000F0EE680AB0EE480A104803F06DFEF0EE55
:10677000680AB0EE480AFFF7B9FF0D4B0D4A032136
:106780000D4816F04BF84FF4F06300930B4B0C4A96
:1067900011210C4815F0E8FB03B0BDEC028B5DF84D
:1067A00004FB00BF00803B4700803B46C4B801208B
:1067B000788C0020A4E60108A88C0020C82D0020B9
:1067C0006C010020BC2D002072B6FEE710B5144805
:1067D000144B0360144B00221A7080215970E12180
:1067E0009970DA701A715A7143604FF40003836034
:1067F0000E4BC3600E4B036140F2F453436102F051
:10680000B3FE58B90B4C382200212046F9F7C4FEDC
:10681000212323604FF44003636110BDFFF7D4FFD1
:106820000846022000800240940E0020F00B002059
:10683000900C0020D447022008B51248124B036088
:10684000A3F1FE53A3F69843436000238360012223
:10685000C260036143618361C361036202F00EFBA6
:1068600050B90021074802F06DFB38B900210548F6
:1068700002F096FB20B908BDFFF7A6FFFFF7A4FFC3
:10688000FFF7A2FFB44502200054004008B50B48B2
:106890000B4B03604FF4E133436000238360C3601C
:1068A00003610C2242618361C3610362436203F0AE
:1068B000C7FA00B908BDFFF787FF00BFE044022018
:1068C0000048004008B50B484FF0A0430360062382
:1068D00003710222C271002383714272012282720B
:1068E000C37203738273C37303F0DBFA00B908BD8C
:1068F000FFF76AFF0040022000B583B00023009339
:1069000001930B480B4B036002F076FB58B904234C
:106910000093002201926946054802F011FC20B95B
:1069200003B05DF804FBFFF74FFFFFF74DFF00BF1B
:10693000184702200074004000B585B00023019381
:10694000029303930D480E4A02602C22426083603A
:106950003122C260836102F049FF58B920230193BC
:106960000023039301A9054802F070FF20B905B088
:106970005DF804FBFFF728FFFFF726FF68450220BC
:106980000010004000B585B00023009301930293EE
:1069900003931648164A02604FF4803242608360C7
:1069A0000361836180F820304FF08052C2624FF063
:1069B00050628262C3600123C36180F8303043615A
:1069C00000F084FD68B903230093012301930023A1
:1069D00002936946054800F0A5FE20B905B05DF8B0
:1069E00004FBFFF7F1FEFFF7EFFE00BF8C4702202C
:1069F0000020014000B595B03022002108A8F9F729
:106A0000CBFD00230393049305930693079302F0B1
:106A1000CDF8234B1A6C42F080521A641B6C03F0C1
:106A200080530193019B1F4B1A6842F440421A6045
:106A30001B6803F440430293029B012308934FF425
:106A40008033099302230E934FF480020F920422A5
:106A50001092D822119212930323139308A800F0E6
:106A600057FFB0B902F0AAF8A8B90F230393022385
:106A70000493002305934FF4A05306934FF48053DF
:106A80000793072103A801F0CBF930B915B05DF8E1
:106A900004FBFFF799FEFFF797FEFFF795FE00BF97
:106AA000003802400070004070B52DED028BFEF7FB
:106AB00015FFFEF71BFE02F0A5F9FFF79BFFFEF79F
:106AC00037FFFEF7B3FFFFF781FEFFF7B5FEFFF7D5
:106AD000DDFEFFF7F7FEFFF70FFFFFF72DFFFFF7D4
:106AE00051FFFFF735FE664C2068FFF719FB654A3A
:106AF0001060FFF75DFB644802F0AAFDFEF70EFE92
:106B00006248FEF7D3FFFEF7BBFF01466048FEF781
:106B1000F3FF6048FEF7CAFF24682046FFF705FB35
:106B2000034688B95C4A1360C3B9554B1868FFF730
:106B3000FCFA00BBFEF7A4FF01465848FEF7DCFF55
:106B40005448FEF7B3FF76E02046FFF7F6FA03F06D
:106B50005BFE08B90123E5E70023E3E75048FEF7B1
:106B6000A5FF474B1868FFF767FBFEF79FFF4D48EF
:106B7000FEF79CFFDEE74C48FEF798FFDAE7414B53
:106B80001C686408FEF70EFEC4F51653984201D83F
:106B900004262DE0454A136801331360FEF7F8FD23
:106BA000B0FBF4F204FB02F2414BA3FB02139B0A7D
:106BB0004FF4165101FB13233E4A1360E8E700210E
:106BC00022463D4B03EB8101FFF76AFD39490A6814
:106BD0002244374BA3FB02039B0A4FF4165000FBE1
:106BE00013230B60354A136883F0010313602E46AC
:106BF000FEF7D8FDA04216D3751EA6B12D4B1B681B
:106C00002F4800EB43002D4B1B68002BD7D02146AB
:106C1000D6E71C4B1A68520827492948FFF740FD60
:106C2000284B00221A7002F00FF9274B1B68C01A7C
:106C3000B0F57A7F4AD2FEF789FD114B1868FFF74D
:106C400082FA00289BD11F4B1B78DBB2012BE0D0CE
:106C50001C4B1B78DBB2022BE5D10A4A136823F0E8
:106C600001031168490812685208134800EB8101BA
:106C700013481844FFF714FD124B00221A70D2E794
:106C80006C000020D402002068450220BCD001081E
:106C9000D4D00108E4D00108F8B801203CD10108A3
:106CA000E8D00108F4D0010800D10108104C002000
:106CB000B5814E1B0C4C0020000402209C0E0020CD
:106CC00000B90120FDB80120D4B8012002F0BCF8C1
:106CD0005C4B18605C4B1A6852084FF47A7303FBE4
:106CE00002F25A4BA3FB02325209594B1868002397
:106CF000041843EB0301241841F100014D0145EA5A
:106D0000D4656601A41941EB050120184FF0D804A1
:106D100004FB02F241F10001FEF7F6F904464D4D85
:106D200029684D48FEF7E8FE4C4B19684C48FEF7C1
:106D3000E3FE4C4B19684C48FEF7DEFE2868FFF76F
:106D400002FA0146002879D14848FEF7D5FE2146CF
:106D50004748FEF7D1FE3E4B1968C908454CA4FBD5
:106D600001314548FEF7C8FE444B1968C908A4FB29
:106D700001414348FEF7C0FE424BD3ED007A9FED40
:106D8000428A67EE887AFDEEE77A17EE901A3F485E
:106D9000FEF7B2FE3E4BD3ED007A67EE887AFDEE49
:106DA000E77A17EE901A3B48FEF7A6FE3A4BD3ED72
:106DB000007A67EE887AFDEEE77A17EE901A374888
:106DC000FEF79AFE234B1B68072B17D1344BD3EDEC
:106DD000007A67EE887AFDEEE77A17EE901A31486E
:106DE000FEF78AFE304BD3ED007A67EE887AFDEE2F
:106DF000E77A17EE901A2D48FEF77EFE03F028FF83
:106E000001462B48FEF778FE03F028FFF2EE047AE5
:106E100020EE270AFDEEC07A17EE901A2548FEF7FD
:106E20006BFE2548FEF742FE00230C4A13600D4A14
:106E30001360074A1360114A1360FCE6FEF7B2FCC8
:106E4000014681E7D4B80120D4020020ABAAAAAA47
:106E5000DCB801206C00002048D10108F4B8012002
:106E600050D10108104C002058D101085CD1010814
:106E700064D101085F427B0970D10108D8B80120B4
:106E800078D10108E0B8012000007A4480D10108DF
:106E9000F0B801208CD10108ECB8012098D101088C
:106EA000E8B80120A4D10108E4B80120B4D1010858
:106EB000C4D10108CCD10108E4D00108FEE7FEE707
:106EC000FEE7FEE7FEE770477047704708B501F040
:106ED000AFFF08BD08B5024801F07AFD08BD00BF4C
:106EE000B846022008B5024801F072FD08BD00BF97
:106EF0002C47022082B00A4B1A6C42F080521A646E
:106F00001A6C02F080520092009A5A6C42F480424D
:106F10005A645B6C03F480430193019B02B0704799
:106F20000038024010B588B0002303930493059302
:106F300006930793026803F1804303F590339A4266
:106F400001D008B010BD044603F58C335A6C42F4EE
:106F500080725A645A6C02F480720192019A1A6B20
:106F600042F001021A631B6B03F001030293029BC0
:106F7000082303930323049303A9124801F002FB9F
:106F80001148124B0360002343608360C3604FF4D9
:106F9000806202614FF4006242614FF400528261EC
:106FA0004FF48072C2614FF400320262436201F01A
:106FB0006DFC18B9044BA3639C63C2E7FFF704FCA4
:106FC000F8E700BF000002402C4702201064024096
:106FD00010B588B000230393049305930693079399
:106FE0000268234B9A4201D008B010BD044603F555
:106FF000E2331A6C42F000521A641A6C02F000522A
:107000000192019A1A6B42F001021A631B6B03F0A2
:1070100001030293029B102303930323049303A908
:10702000144801F0AFFA1448144B03604FF060634A
:107030004360402383600023C3604FF48062026199
:107040004FF4805242614FF4804282614FF480726B
:10705000C2614FF400320262436201F017FC18B9BA
:10706000054BA3609C63BFE7FFF7AEFBF8E700BFEB
:107070000074004000000240B846022088600240D0
:1070800070B58CB000230793089309930A930B9370
:107090000268394B9A4201D00CB070BDA3F5904301
:1070A0001A6B42F000721A631A6B02F000720092BF
:1070B000009A1A6B42F080621A631A6B02F08062C7
:1070C0000192019A1A6B42F000621A631A6B02F085
:1070D00000620292029A1A6B42F004021A631A6B5F
:1070E00002F004020392039A1A6B42F001021A633F
:1070F0001A6B02F001020492049A1A6B42F0020227
:107100001A631A6B02F002020592059A1A6B42F09A
:1071100040021A631B6B03F040030693069B322365
:107120000793022408940A940B250B9507A913488A
:1071300001F028FA862307930894002609960A94FA
:107140000B9507A90E4801F01DFA4FF40053079361
:10715000089409960A940B9507A90A4801F012FAB7
:107160004FF420530793089409960A940B9507A9A6
:10717000054801F007FA8FE700800240000802404E
:1071800000000240000402400018024010B5A8B000
:107190000446002123912491259126912791842250
:1071A00002A8F9F7F9F92268184B9A4201D028B0E1
:1071B00010BD4FF48043029302A800F00DFF10BBF6
:1071C000134C236B43F002032363236B03F002038E
:1071D0000093009B4FF440732393122324930023C6
:1071E0002593032326930423279323A9094801F019
:1071F000C9F9236C43F400132364236C03F40013D4
:107200000193019BD3E7FFF7DFFAD9E70054004071
:1072100000380240000402400268094B9A4200D044
:10722000704782B003F50A331A6C42F010021A64F8
:107230001B6C03F010030193019B02B0704700BF69
:107240000010004010B5A8B00446002123912491FD
:10725000259126912791842202A8F9F79DF92268A9
:10726000184B9A4201D028B010BD4FF4807302939E
:1072700002A800F0B1FE10BB134B1A6C42F480223E
:107280001A641A6C02F480220092009A1A6B42F07F
:1072900008021A631B6B03F008030193019B4FF470
:1072A00040732393022324930123259303232693DE
:1072B0000723279323A9054801F064F9D3E7FFF7D3
:1072C00083FAD9E70048004000380240000C024031
:1072D00070B5AAB0044600212591269127912891E6
:1072E0002991842204A8F9F757F92368B3F1A04F34
:1072F00001D02AB070BD4FF400130493C02309934A
:1073000002230B930A9303230C9301230E934FF054
:107310000063239304A800F05FFE002835D11C4CC5
:10732000236B43F001032363236B03F001030193F9
:10733000019B4FF4E85325930223269300252795BC
:10734000032328930A232993124E25A9304601F0DE
:1073500019F94FF4007325932695279525A93046F2
:1073600001F010F9636B43F080036363636B03F018
:1073700080030293029B636C43F480436364636CF9
:1073800003F480430393039BB3E7FFF71DFAC6E7BB
:1073900000380240000002404A4B5A6822F4403252
:1073A0005A605A6841680A435A600268536823F475
:1073B0008073536002685368016943EA0123536094
:1073C0000268536823F04073536002685368816811
:1073D0000B4353600268936823F400639360026870
:1073E0009368C1680B439360826A374B9A4257D0C7
:1073F0000268936823F07063936002689368816AFF
:107400000B4393600268936823F0405393600268D3
:107410009368C16A0B4393600268936823F0020388
:10742000936002689368816943EA4103936090F82E
:107430002030002B3FD00268536843F40063536050
:107440000268536823F46043536001684B68426AE2
:10745000013A43EA42334B600268D36A23F4700373
:10746000D3620168CB6AC269013A43EA0253CB6234
:107470000268936823F4007393600268936890F83D
:10748000301043EA412393600268936823F48063D9
:10749000936002689368416943EA8123936070476F
:1074A0000268936823F0706393600268936823F026
:1074B00040539360B0E70268536823F4006353605D
:1074C000CAE700BF002301400100000F28B310B538
:1074D0000446036C43B1236C13F0100F0BD0012052
:1074E000002384F83C3010BDFFF71CFD00236364CB
:1074F00084F83C30EFE7226C094B134043F0020361
:1075000023642046FFF748FF00206064236C23F0CB
:10751000030343F001032364E2E70120704700BF47
:10752000FDEEFFFF30B583B013460022019290F8C4
:107530003C20012A00F097800446012280F83C207C
:107540000268906810F0010F13D1906840F00100BC
:107550009060464A1068464AA2FB0020800C00EB6F
:107560004000019002E00198013801900198002844
:10757000F9D12068826812F0010F69D0256C3D4A6C
:107580002A4042F480722264426812F4806F05D06F
:10759000226C22F4405242F480522264226C12F493
:1075A000805F33D0626C22F006026264002284F8AD
:1075B0003C20A26B3048D063A26B30481064A26BB1
:1075C0002F48D06422686FF0220010602068426863
:1075D00042F0806242602068826842F48072826079
:1075E00020680A4600F14C01A06B01F0B7F9254B69
:1075F0005B6813F01F0F0CD123689A6812F0405F8C
:107600002FD19A6842F080429A602AE00022626498
:10761000CCE723681C4A934211D01A4B5B6813F0E5
:10762000100F1ED12368194A93421AD19A6812F09A
:10763000405F16D19A6842F080429A6011E09A68E1
:1076400012F0405FE9D19A6842F080429A60E4E724
:10765000236C43F010032364636C43F00103636401
:10766000002003B030BD0220FBE700BFE002002095
:1076700083DE1B43FEF8FFFFB37600089176000817
:107680009D760008002301400020014000220140B7
:1076900008B5806BFEF75CFD08BD704708B5806BD0
:1076A00040230364436C43F004034364FFF7F5FF96
:1076B00008BD08B50346806B026C12F0500F25D14F
:1076C000036C43F40073036403689A6812F0405F2C
:1076D00019D18269BAB9DA6A12F4700F03D09A68C4
:1076E00012F4806F0FD15A6822F020025A60036CA6
:1076F00023F480730364036C13F4805F03D1036C81
:1077000043F001030364FEF73BFD08BD026C12F079
:10771000100F04D1826BD26C18469047F5E7FFF743
:10772000BCFFF2E730B482B00022019290F83C2016
:10773000012A00F0E0800346012280F83C200A681C
:10774000B2F1004F18BF092A22D90468E06892B24A
:1077500002EB42021E3A4FF0070C0CFA02F220EA4A
:107760000202E2600A68654882420AD01D68E86841
:107770008C6892B202EB42021E3A94402043E860C9
:1077800020E01868C2688C6842EA0462C26019E0AE
:107790000468206992B202EB420202F01F024FF02D
:1077A000070C0CFA02F220EA020222611C6820692E
:1077B0000A8802EB420202F01F028D6805FA02F20B
:1077C000024322614A68062A29D81C68606B02EBD2
:1077D0008202053A4FF01F0C0CFA02F220EA020274
:1077E00062631C68606B4A6802EB8202053AB1F87A
:1077F00000C00CFA02F2024362631868404A9042E9
:107800003DD018683E4A904243D018683C4A9042A6
:107810004CD0002083F83C0002B030BC70470C2AEA
:1078200016D81D68286B02EB8202233A1F2404FA43
:1078300002F220EA02022A631D68286B4A6802EB02
:107840008202233A0C8804FA02F202432A63D4E744
:107850001D68E86A02EB8202413A1F2404FA02F230
:1078600020EA0202EA621D68E86A4A6802EB8202C4
:10787000413A0C8804FA02F20243EA62BDE70A6860
:10788000B2F1004FBDD11F48426822F4400242606D
:10789000B7E70A68122AB8D11A4A506820F40000E3
:1078A0005060506840F480005060AEE70A681348AA
:1078B000112A18BF8242ACD1124A506820F48000CD
:1078C0005060506840F40000506009680B4A9142D3
:1078D0009FD10D4A12680D49A1FB0212920C02EBD6
:1078E00082025200019202E0019A013A0192019A49
:1078F000002AF9D18DE702208EE700BF12000010A8
:107900000020014000230140E002002083DE1B43F1
:10791000002800F0FF8170B582B00446036813F0C0
:10792000010F29D0954B9B6803F00C03042B1AD050
:10793000924B9B6803F00C03082B0FD06368B3F5E0
:10794000803F40D0002B54D18C4B1A6822F48032F7
:107950001A601A6822F480221A6039E0874B5B684B
:1079600013F4800FEAD0854B1B6813F4003F03D05B
:107970006368002B00F0D081236813F0020F74D0ED
:107980007E4B9B6813F00C0F5ED07C4B9B6803F022
:107990000C03082B53D0E368002B00F08980774A52
:1079A000136843F00103136001F04EFA0546734B70
:1079B0001B6813F0020F72D101F046FA401B022837
:1079C000F5D90320ADE16D4A136843F480331360A9
:1079D00063682BB301F038FA0546684B1B6813F453
:1079E000003FC9D101F030FA401B6428F5D90320CB
:1079F00097E1B3F5A02F09D0604B1A6822F48032CA
:107A00001A601A6822F480221A60E1E75B4B1A6858
:107A100042F480221A601A6842F480321A60D7E772
:107A200001F012FA0546554B1B6813F4003FA3D032
:107A300001F00AFA401B6428F5D9032071E14F4B8D
:107A40005B6813F4800FA6D14C4B1B6813F0020F38
:107A500003D0E368012B40F06181484A136823F0AA
:107A6000F803216943EAC1031360236813F0080F88
:107A700046D0636983B3414A536F43F001035367B0
:107A800001F0E2F905463D4B5B6F13F0020F37D171
:107A900001F0DAF9401B0228F5D9032041E1374A09
:107AA000136823F0F803216943EAC1031360DCE79C
:107AB000324A136823F00103136001F0C5F905464B
:107AC0002E4B1B6813F0020FCFD001F0BDF9401B05
:107AD0000228F5D9032024E1284A536F23F001033B
:107AE000536701F0B1F90546244B5B6F13F0020FA9
:107AF00006D001F0A9F9401B0228F5D9032010E1B6
:107B0000236813F0040F7DD01C4B1B6C13F0805FB7
:107B10001ED11A4B1A6C42F080521A641B6C03F08F
:107B200080530193019B0125154B1B6813F4807F43
:107B300010D0A368012B25D0002B3BD10F4B1A6F1F
:107B400022F001021A671A6F22F004021A671EE07F
:107B50000025E9E70A4A136843F48073136001F0D3
:107B600073F90646064B1B6813F4807FE1D101F0E0
:107B70006BF9801B6428F5D90320D2E0003802405D
:107B8000007000406E4A136F43F001031367A3684F
:107B900033B301F059F90646694B1B6F13F0020F1E
:107BA0002FD101F051F9801B41F288339842F3D96B
:107BB0000320B6E0052B09D0614B1A6F22F00102B9
:107BC0001A671A6F22F004021A67E0E75C4B1A6F1B
:107BD00042F004021A671A6F42F001021A67D6E7F0
:107BE00001F032F90646564B1B6F13F0020F08D016
:107BF00001F02AF9801B41F288339842F3D903201F
:107C00008FE0FDB9A369002B00F08A804C4A92688E
:107C100002F00C02082A58D0022B19D0484A1368E7
:107C200023F08073136001F00FF90446444B1B6886
:107C300013F0007F47D001F007F9001B0228F5D9A7
:107C400003206EE03E4A136C23F080531364D9E79F
:107C50003B4A136823F08073136001F0F5F8054682
:107C6000374B1B6813F0007F06D001F0EDF8401B86
:107C70000228F5D9032054E0E369226A1343626ABB
:107C800043EA8213A26A5208013A43EA0243E26AD3
:107C900043EA026343F00053294A5360136843F0F8
:107CA0008073136001F0D0F80446254B1B6813F075
:107CB000007F06D101F0C8F8001B0228F5D9032087
:107CC0002FE000202DE000202BE01D4A5268012B00
:107CD00029D002F48003E1698B4226D102F03F03F0
:107CE000216A8B4223D1616A47F6C0731340B3EB1C
:107CF000811F1ED102F44031A36A5B08013BB1EB46
:107D0000034F18D102F07062E36AB2EB036F14D133
:107D1000002006E001207047012002E0012000E081
:107D2000002002B070BD0120FBE70120F9E701202F
:107D3000F7E70120F5E70120F3E70120F1E700BFB5
:107D40000038024008B5334B9B6803F00C03042B4A
:107D50005BD0082B5BD12F4B5A6802F03F025B6867
:107D600013F4800F2CD02B4B5868C0F388104FEAC7
:107D7000401CBCEB000C6EEB0E0E4FEA8E1343EA78
:107D80009C634FEA8C11B1EB0C0163EB0E03DB003B
:107D900043EA5173C90011EB000C43F1000359028F
:107DA00000234FEA4C2041EADC51FDF7ADF9194BB5
:107DB0005B68C3F3014301335B00B0FBF3F008BD24
:107DC000144B5868C0F388104FEA401CBCEB000C01
:107DD0006EEB0E0E4FEA8E1343EA9C634FEA8C1152
:107DE000B1EB0C0163EB0E03DB0043EA5173C900F6
:107DF00011EB000C43F10003990200234FEA8C20A1
:107E000041EA9C51FDF780F9D1E70348D7E70348E1
:107E1000D5E700BF0038024000127A000024F400C9
:107E2000002800F0A08070B50D460446524B1B6838
:107E300003F00F038B420BD24F4A136823F00F035A
:107E40000B431360136803F00F038B4240F08D80E7
:107E5000236813F0020F17D013F0040F04D0474A21
:107E6000936843F4E0539360236813F0080F04D041
:107E7000424A936843F460439360404A936823F016
:107E8000F003A1680B439360236813F0010F31D016
:107E90006368012B20D0022B25D0384A126812F0DB
:107EA000020F64D035498A6822F0030213438B60C5
:107EB00000F0CAFF0646314B9B6803F00C03626872
:107EC000B3EB820F16D000F0BFFF801B41F2883366
:107ED0009842F0D9032045E0284A126812F4003F86
:107EE000E0D101203EE0254A126812F0007FD9D18E
:107EF000012037E0204B1B6803F00F03AB420AD987
:107F00001D4A136823F00F032B431360136803F01B
:107F10000F03AB422DD1236813F0040F06D0174A8C
:107F2000936823F4E053E1680B439360236813F0F4
:107F3000080F07D0114A936823F46043216943EA8C
:107F4000C1039360FFF7FEFE0C4B9B68C3F3031362
:107F50000B4AD35CD8400B4B18600B4B186800F0F1
:107F60002BFF002070BD012070470120FAE701209F
:107F7000F8E70120F6E700BF003C0240003802406D
:107F8000F0E60108E0020020DC020020014B186846
:107F9000704700BFE002002008B5FFF7F7FF044B71
:107FA0009B68C3F38223034AD35CD84008BD00BF5B
:107FB00000380240E8E6010808B5FFF7E7FF044B88
:107FC0009B68C3F34233034AD35CD84008BD00BF6B
:107FD00000380240E8E60108F0B583B004460668C0
:107FE00016F001060DD0A74B9A6822F400029A60A1
:107FF0009A68416B0A439A60436B002B00F0398109
:108000000026256815F4002511D09E4AD2F88C3040
:1080100023F44013E16B0B43C2F88C30E36BB3F5F0
:10802000801F00F02881002B00F0278100252368A5
:1080300013F4801F0FD0934AD2F88C3023F44003FE
:10804000216C0B43C2F88C30236CB3F5800F00F029
:10805000168103B90125236813F0807F00D0012623
:1080600013F0200F40F01081236813F0100F0CD094
:10807000844BD3F88C2022F08072C3F88C20D3F884
:108080008C20A16B0A43C3F88C20236813F4804F23
:1080900008D07C4AD2F8903023F44033616E0B4311
:1080A000C2F89030236813F4004F08D0754AD2F814
:1080B000903023F44023A16E0B43C2F89030236824
:1080C00013F4803F08D06F4AD2F8903023F4401365
:1080D000E16E0B43C2F89030236813F4003F08D0E0
:1080E000684AD2F8903023F44003216F0B43C2F862
:1080F0009030236813F0400F08D0624AD2F89030D5
:1081000023F00303616C0B43C2F89030236813F033
:10811000800F08D05B4AD2F8903023F00C03A16C9A
:108120000B43C2F89030236813F4807F08D0554A7F
:10813000D2F8903023F03003E16C0B43C2F890305A
:10814000236813F4007F08D04E4AD2F8903023F011
:10815000C003216D0B43C2F89030236813F4806F85
:1081600008D0484AD2F8903023F44073616D0B4335
:10817000C2F89030236813F4006F08D0414AD2F857
:10818000903023F44063A16D0B43C2F89030236814
:1081900013F4805F08D03B4AD2F8903023F4405368
:1081A000E16D0B43C2F89030236813F4005F08D0F0
:1081B000344AD2F8903023F44043216E0B43C2F886
:1081C0009030236813F4800F08D02E4AD2F89030F4
:1081D00023F08063A16F0B43C2F89030236813F43F
:1081E000001F0DD0274AD2F8903023F00063E16FD2
:1081F0000B43C2F89030E36FB3F1006F00F0AA8038
:10820000236813F0080F00D0012513F4802F08D045
:108210001C4AD2F8903023F04073616F0B43C2F8D0
:108220009030236813F4000F09D0164AD2F890302A
:1082300023F08053D4F880100B43C2F8903026B955
:10824000236813F0007F00F005810E4A136823F0C5
:108250008063136000F0F8FD06460A4B1B6813F0BC
:10826000006F79D000F0F0FD801B6428F5D9032061
:10827000F3E00126C5E60126D5E60125D7E601266D
:10828000E7E600BF003802407F4B1A6C42F0805294
:108290001A641B6C03F080530193019B7B4A1368A3
:1082A00043F48073136000F0CFFD0746774B1B68E3
:1082B00013F4807F06D100F0C7FDC01B6428F5D9F8
:1082C0000320CAE0704B1B6F13F4407315D0226B70
:1082D00002F440729A4210D06B4B1A6F22F4407233
:1082E000196F41F480311967196F21F480311967D2
:1082F0001A671B6F13F0010F12D1236B03F4407246
:10830000B2F5407F1DD0604A936823F4F813936060
:108310005D490B6F226BC2F30B0213430B67A3E69D
:1083200000F092FD0746584B1B6F13F0020FE4D18B
:1083300000F08AFDC01B41F288339842F3D9032034
:108340008BE05148826822F4F812514919400A43DF
:108350008260DDE7012553E7236813F0010F13D096
:10836000636B8BB9484AD2F88430D2F884106068C5
:1083700003F4403343EA801301F070610B43A168BA
:1083800043EA0173C2F88430236813F4002F03D04A
:10839000E26BB2F5801F06D013F4801F1ED0236C51
:1083A000B3F5800F1AD1384AD2F88430D2F884104D
:1083B000606803F4403343EA8013E06843EA0063F3
:1083C00001F0E0410B43C2F88430D2F88C3023F046
:1083D0001F03616A01390B43C2F88C30236813F024
:1083E000807F11D0284AD2F88400D2F884106668C1
:1083F00023691B0443EA861300F07060034301F015
:10840000E0410B43C2F88430236813F0007F0DD0A5
:10841000626823691B0443EA8213E26843EA026349
:10842000A26843EA0273184AC2F88430164A1368F5
:1084300043F08063136000F007FD0646124B1B6893
:1084400013F0006F06D100F0FFFC801B6428F5D903
:10845000032002E0012D02D0002003B0F0BD0A4A43
:10846000136823F08053136000F0EEFC0546064BC2
:108470001B6813F0005F0DD000F0E6FC401B642881
:10848000F5D90320E9E700BF003802400070004042
:10849000FFFCFF0F236813F4002F01D0E26B22B121
:1084A00013F4801F1DD0236CDBB9354AD2F8883015
:1084B000D2F88810606903F4403343EA8013A0695E
:1084C00043EA006301F0E0410B43C2F88830D2F880
:1084D0008C3023F4F853A16A013943EA0123C2F82E
:1084E0008C30236813F4001F03D0E36FB3F1006FE7
:1084F00031D0236813F0080F19D0214AD2F8881020
:10850000D2F88830606903F4403343EA801301F005
:1085100070610B43E16943EA0173C2F88830D2F815
:108520008C3023F44033E16A0B43C2F88C30144A98
:10853000136843F08053136000F086FC0446104B30
:108540001B6813F0005F19D100F07EFC001B64284B
:10855000F5D9032081E70A4AD2F88800D2F88810BA
:108560006569236A1B0443EA851300F070600343C6
:1085700001F0E0410B43C2F88830BAE700206CE715
:108580000038024000230F2B00F2F48070B582B057
:1085900066E085684FEA430E032404FA0EF425EAE8
:1085A0000405CC6804FA0EF42C438460446824EA81
:1085B00002044A68C2F300129A40224342605DE01E
:1085C000DC08083450F8242003F00705AD004FF014
:1085D0000F0E0EFA05FE22EA0E0E0A69AA4042EAC2
:1085E0000E0240F824205DE0092200E0002202FA99
:1085F0000EF22A430234604D45F824205F4A946805
:108600006FEA0C0224EA0C054E6816F4801F01D0B4
:108610004CEA0405594CA560E46802EA04054E687A
:1086200016F4001F01D04CEA0405544CE560646860
:1086300002EA04054E6816F4003F01D04CEA040536
:108640004E4C6560246822404D6815F4803F01D08F
:108650004CEA0402494C226001330F2B00F288805F
:1086600001229A400C6804EA020C32EA0404F3D1B5
:108670004C6804F00304013C012C8AD94A6802F0DA
:108680000302032A09D0C4685D000322AA4024EA39
:1086900002048A68AA402243C2604A6802F00302C8
:1086A000022A8DD004684FEA430E032202FA0EF22A
:1086B00024EA02044A6802F0030202FA0EF222439C
:1086C00002604A6812F4403FC6D02D4A546C44F40C
:1086D00080445464526C02F480420192019A9C08D6
:1086E000A51C254A52F8255003F0030E4FEA8E0EC2
:1086F0000F2202FA0EF225EA0205224A90423FF4C6
:1087000075AF02F58062904222D002F580629042FD
:1087100020D002F5806290421ED002F58062904225
:108720001CD002F5806290421AD002F5806290421D
:1087300018D002F58062904216D002F58062904215
:1087400014D002F5806290423FF44EAF0A224EE709
:1087500001224CE702224AE7032248E7042246E7C7
:10876000052244E7062242E7072240E708223EE7C7
:1087700002B070BD704700BF00380140003C0140AE
:1087800000380240000002400AB1816170470904CC
:108790008161704730B405682C6824F480242C6013
:1087A000046863608368402B05D0036899600368A0
:1087B000DA6030BC704703689A600368D960F8E7F4
:1087C00010B40368D9B210390A4AA2FB0142120957
:1087D000094CA25CC2655F2907D96FF30903043312
:1087E0008365806D5DF8044B70476FF30903836503
:1087F000F7E700BFABAAAAAAE0E60108836A82698C
:1088000092B9012B0AD0022B02D00BB10020704785
:10881000C36A13F0807F28D100207047C36AB3F188
:10882000C07F24D000207047B2F5005F09D0022B32
:1088300025D9032B25D1C36A13F0807F23D10020D3
:108840007047032B03D8DFE803F01404140A002058
:108850007047C36A13F0807F0DD100207047C36A50
:10886000B3F1C07F09D0002070470120704701207C
:108870007047012070470120704701207047012098
:1088800070470020704701207047000070B5044613
:1088900000F0DAFA002C5CD00546022384F835306B
:1088A000002384F834302268136823F00103136036
:1088B00023681A6812F0010F0AD000F0C5FA431BB2
:1088C000052BF5D920236365032084F8350070BD9E
:1088D0001A68214911406268A0680243E0680243B7
:1088E0002069024360690243A0690243E0690243D0
:1088F000206A02430A43616A04291ED01A6026686E
:10890000756925F00705636A1D43042B07D1A36A27
:108910001D43E36A1BB12046FFF770FF90B97561F4
:108920002046FFF74DFFE26D3F2393408360002018
:108930006065012384F83530C9E7E16A206B0143A3
:108940000A43DBE740236365002384F835300120C8
:10895000BDE70120BBE700BF3F8010F038B50446FB
:10896000856D90F83400012830D0012084F834005F
:1089700094F83500C0B2012804D0002384F83430C4
:10898000022038BD022084F83500002060652046B2
:10899000FFF700FFE26D3F239340AB60226813684E
:1089A00043F0160313602268536943F08003536158
:1089B000236C23B12268136843F008031360226814
:1089C000136843F0010313600020DAE70220D8E7C0
:1089D000F0B583B0044600230193724B1D68724BBF
:1089E000A3FB0535AD0A876D3E68C26D0823934031
:1089F000334210D003681A6812F0040F0BD01A68C3
:108A000022F004021A60C26D08239340BB60436DDC
:108A100043F001034365E26D01239340334209D0E3
:108A20002268526912F0800F04D0BB60636D43F07E
:108A300002036365E26D04239340334209D0226848
:108A4000126812F0020F04D0BB60636D43F00403A0
:108A50006365E26D10239340334224D0226812688C
:108A600012F0080F1FD0BB6023681A6812F4802F21
:108A70000DD01B6813F4002F04D1236C9BB120464A
:108A8000984710E0A36C73B1204698470BE01A6832
:108A900012F4807F03D11A6822F008021A60236C56
:108AA0000BB120469847E26D20239340334255D0C6
:108AB0002268126812F0100F50D0BB6094F8353065
:108AC000DBB2052B0ED023681A6812F4802F33D046
:108AD0001B6813F4002F2AD1636C002B3ED0204674
:108AE00098473BE02268136823F01603136022685E
:108AF000536923F080035361236CA3B12268136888
:108B000023F008031360E26D3F239340BB60012311
:108B100084F83530002384F83430236D002B3FD0A7
:108B2000204698473CE0A36C002BE7D1EBE7E36BD2
:108B3000A3B12046984711E01A6812F4807F09D14A
:108B40001A6822F010021A60012384F835300023DD
:108B500084F83430E36B0BB120469847636DFBB16A
:108B6000636D13F0010F17D0052384F835302268A8
:108B7000136823F001031360019B01330193AB429F
:108B800004D823681B6813F0010FF5D1012384F882
:108B90003530002384F83430E36C0BB1204698471D
:108BA00003B0F0BDE0020020B5814E1B024A1368FD
:108BB00043F48073136070470070004010B582B0BA
:108BC0001B4B1A6C42F080521A641B6C03F08053EA
:108BD0000193019B174A136843F48033136000F03C
:108BE00033F90446134B5B6813F4803F08D100F05F
:108BF0002BF9001BB0F57A7FF4D9032002B010BD29
:108C00000C4A136843F40033136000F01DF9044666
:108C1000084B5B6813F4003F07D100F015F9001B07
:108C2000B0F57A7FF4D90320E8E70020E6E700BF3B
:108C30000038024000700040002804DB0901C9B27E
:108C4000044B1954704700F00F000901C9B2024BE0
:108C50001954704700E400E014ED00E000B500F0A6
:108C60000700C0F1070CBCF1040F28BF4FF0040C43
:108C7000031D062B0FD9C31E4FF0FF3E0EFA0CF05A
:108C800021EA000199400EFA03FE22EA0E0241EAAF
:108C900002005DF804FB0023EEE700000649CB6804
:108CA00023F4E0631B041B0C000200F4E0600343A8
:108CB000024A1A43CA60704700ED00E00000FA055E
:108CC00010B50446054BD868C0F30220FFF7C6FF75
:108CD00001462046FFF7B0FF10BD00BF00ED00E0E9
:108CE000002807DB00F01F02400901239340024ADD
:108CF00042F82030704700BF00E100E00138B0F1D9
:108D0000807F0BD24FF0E0235861054AF02182F8B2
:108D100023100020986107221A61704701207047D4
:108D200000ED00E0BFF35F8F044B5A6A22F48032FB
:108D30005A620022C3F89420704700BF00ED00E0A3
:108D400040F00100054BC3F894005A6A42F48032A7
:108D50005A62BFF34F8FBFF36F8F704700ED00E093
:108D60004378144AC2F89830D2F8A03023F00103B7
:108D7000C2F8A0304368C2F89C30017BC37A1B065E
:108D800043EA0173817A43EAC143417B43EA814369
:108D9000817B43EA4143C17B43EA0143417A43EA91
:108DA0000123017A43EA410301780B43C2F8A03062
:108DB000704700BF00ED00E010B504460E4B1A7876
:108DC0004FF47A73B3FBF2F30C4A1068B0FBF3F084
:108DD000FFF794FF68B90F2C01D901200AE00022A7
:108DE00021464FF0FF30FFF76BFF054B1C60002062
:108DF00000E0012010BD00BFD8020020E0020020EA
:108E0000DC02002008B5094B1A6842F400721A60AF
:108E10001A6842F480721A600320FFF73FFF0020B7
:108E2000FFF7CAFFFEF766F8002008BD003C0240CD
:108E3000034A1168034B1B780B441360704700BF53
:108E40000C480220D8020020014B1868704700BF70
:108E50000C48022038B50446FFF7F6FF0546B4F18A
:108E6000FF3F02D0044B1B781C44FFF7EDFF401B73
:108E7000A042FAD338BD00BFD802002000285DD040
:108E800010B5044690F84130002B46D0242384F8D6
:108E900041302268136823F001031360636822687D
:108EA00023F0706313612268936823F40043936096
:108EB000E368012B36D0A368226843F4044393602F
:108EC000E368022B34D02268536823F400635360B4
:108ED000226851681A4B0B4353602268D36823F40D
:108EE0000043D360236962691343A169226843EA9E
:108EF0000123D360E369216A22680B43136022686F
:108F0000136843F00103136000206064202384F899
:108F10004130206384F8420010BD80F84030FEF7F5
:108F200035F9B3E7A368226843F400439360C7E7C9
:108F30002268536843F400635360C9E70120704717
:108F400000800002034690F84120D2B2202A23D1AB
:108F500090F84020012A21D0012280F840202422CC
:108F600080F841200068026822F00102026018685F
:108F7000026822F48052026018680268114301609E
:108F800019680A6842F001020A60202283F8412031
:108F9000002083F84000704702207047022070478D
:108FA000034690F84120D2B2202A21D190F84020E7
:108FB000012A1FD0012280F84020242280F841207D
:108FC0000068026822F0010202601868026822F458
:108FD000706242EA0122026019680A6842F00102E6
:108FE0000A60202283F84120002083F84000704767
:108FF000022070470220704770B110B50446037913
:1090000033B102232371002020610123237110BD9D
:109010004371FDF7DDFFF4E70120704770B50D46A1
:109020001146049A002861D00446407901285FD097
:109030000120607102202071002D2FD1A0682D4EDB
:10904000C663A0682C4E0664A0682C4EC6642668D1
:10905000306840F48050306022B1042A1BD022686E
:10906000103201E022680832002D31D126683068C4
:1090700040F400503060A068FFF770FC002363717B
:1090800000282ED121680B6805F010050122AA40A6
:1090900013430B6070BD22680C32E5E7E068184EA0
:1090A000C663E068174E0664E068174EC66426681B
:1090B000306840F08050306022B1042A05D0226828
:1090C0001C32D1E722681432CEE722681832CBE78F
:1090D0002668306840F000503060E068FFF73EFCE2
:1090E000CCE7236943F004032361D3E70120D1E7F0
:1090F0000220CFE70D9100081D910008299100087A
:10910000B1910008C1910008CB91000810B5846BA3
:109110002046FCF73FFD0123237110BD08B5806B8D
:10912000FCF732FD08BD704710B5846B236943F02E
:10913000040323612046FFF7F6FF0123237110BDCE
:10914000002918BF00282CD030B584468E464379BC
:10915000012B28D001208CF8050002238CF8043064
:10916000DCF80040216802F0100240F6FE739340E4
:1091700021EA0301DEF80030DEF804502B4393406F
:109180000B432360DCF800402368C02101FA02F29F
:1091900023EA020323608CF8040000208CF8050009
:1091A00030BD012070470220FAE7704770477047D2
:1091B00010B5846B2046FFF7F8FF0123237110BD23
:1091C00008B5806BFFF7F2FF08BD10B5846B23690B
:1091D00043F0040323612046FFF7E9FF01232371D5
:1091E00010BD00005079137943EA002307480B5063
:1091F000D07893781B0443EA0063507843EA002355
:1092000012781343024A8B50704700BF40800240DF
:109210004480024030B4002208E0C468DC6051F8A9
:109220000C3043F4400341F80C300132032A1FD8BC
:10923000C16802EB82034FEAC30C01EBC3030024B5
:1092400041F80C405C609C60DC60941D40F8243068
:1092500051F80C4044F4801441F80C40022ADCD848
:10926000541C04EB8404C56805EBC404DC60D6E739
:1092700000238362C268036803F580531A6130BC1F
:10928000704710B4002202E00169D9600132032A5C
:1092900028D8046902EB82034FEAC30C04EBC30332
:1092A000002144F80C1059609960D9601962596224
:1092B0004FF0004144F80C10416941F4804159607D
:1092C000596821F00041596002F1120140F8213043
:1092D000022AD9D80469511C01EB810104EBC104B5
:1092E000DC60D3E70023C36503668366C3668365DA
:1092F0000269036803F58053DA605DF8044B704738
:1093000070B505460C46026813683C491940A37BBA
:109310005B06207C002861D14FF400000343607C91
:1093200000285DD14FF480000343A0680343E07F31
:1093300043EA004360690343A07F002852D14FF401
:1093400000500343207F43EA0033A06903432079A0
:1093500043EA802394F82000002845D14FF40070A0
:109360000343E07B43EAC013606A034394F8280098
:1093700043EA00130B4313602B681E680120FFF7BC
:1093800069FD2B681E6029688A6922F0BE021204FA
:10939000120CA36C1B0494F84C0038BB80200343D0
:1093A000206D034394F85500012821D00020034389
:1093B00094F8560001281DD00020034394F854006F
:1093C000012819D00020034313438B612B689C694B
:1093D0000120FFF73FFD2B689C6170BD00209DE7D9
:1093E0000020A1E70020ACE70020B9E70020D6E785
:1093F0000820DCE70420E0E70220E4E70F8120FDFD
:1094000070B505460C46026802F580539B692B49EE
:109410001940237B002B4DD14FF08063607B43EAE2
:109420004063607F002847D14FF480100343A07B46
:1094300043EA405360690343207F43EAC013A07F9F
:1094400043EA8013206A034394F8240043EA80032C
:109450000B4302F5805293612B6803F580539E699C
:109460000120FFF7F7FC2B6803F580539E612279FA
:10947000A36843EA4263A26913432269134394F841
:10948000252043EAC213A26A43EA820322681343F7
:109490002A6843F4000302F5805213602B6803F539
:1094A00080531C680120FFF7D5FC2B6803F580531F
:1094B0001C6070BD0023B1E70020B7E7233FDEF852
:1094C00070B5A4B0064601258DF83C508DF83D508E
:1094D00000240D948DF84B408DF84A508DF848408B
:1094E0008DF83A508DF830508DF84C408DF83B4057
:1094F00014948DF854401D948DF878401F948DF885
:1095000082408DF880404FF4804310934FF4006305
:1095100011938DF881400BA9FFF7F2FE8DF80C50E6
:109520008DF80D508DF81D508DF80E5005948DF866
:109530001C408DF81E4008948DF824508DF804507E
:109540004FF4803302934FF4800306934FF400539B
:1095500004938DF825500A94009469463046FFF72D
:109560004FFF24B070BD0000002868D030B583B034
:109570000446D0F88430002B32D0324B5A6C42F47F
:1095800080425A645B6C03F480430193019B2E4B31
:109590005A6822F400025A605A68A1680A435A6065
:1095A0005B68236803F580531A6842F001021A6071
:1095B000FFF74AFC0546236803F580531B6813F048
:1095C000010F13D0FFF740FC401BB0F5FA7FF2D932
:1095D0000423C4F88830E023C4F8843001202CE050
:1095E0002023C0F88430FDF74BFDC6E72046FFF787
:1095F00067FF2046FFF70EFE2046FFF742FE626837
:1096000000212046FFF7EEFD2268D36B43F402737E
:10961000D3632268D2F80C110C4B0B43C2F80C3107
:109620002268D2F8103143F40313C2F8103100203D
:10963000C4F888001023C4F8843003B030BD012082
:10964000704700BF0038024000380140600002004F
:1096500090F83D30DBB2012B35D1022380F83D304C
:1096600003681B4AB3F1804F18BF93421DD0A2F587
:109670007C42934219D002F58062934215D002F5E4
:109680008062934211D002F5784293420DD002F5E8
:109690007052934209D0A2F59432934205D01A68D1
:1096A00042F001021A60002070479968094A0A4096
:1096B000062A18BFB2F5803F07D01A6842F00102AF
:1096C0001A6000207047012070470020704700BFDB
:1096D000000001400700010070B403683C4A90425A
:1096E00014BF00220122B0F1804F14BF144642F093
:1096F0000104ACB9374DA84214BF00250125364EF0
:10970000B0420DD065B905F1804505F58235A84216
:1097100014BF0025012506F50066B04200D01DB13A
:1097200023F070034D682B43002C33D1294CA04209
:1097300014BF00240124284DA8422BD054BB04F1AF
:10974000804404F58234A04214BF0024012405F5AE
:109750000065A8421ED0ECB9204CA04214BF0024E2
:10976000012405F59A35A84214D09CB91C4CA0429E
:1097700014BF0024012405F50065A8420AD04CB9A5
:10978000184CA04214BF00240124A5F59635A84228
:1097900000D01CB123F44073CC68234323F0800332
:1097A0004C6923438C68C4620C6884620E4CA042EE
:1097B00008BF42F001020AB10A690263026842F07E
:1097C0000402026001224261036070BC704700BF66
:1097D0000000014000080040000400400044014037
:1097E00000180040002000400004014060B310B5A4
:1097F000044690F83D3013B3022384F83D302146EF
:1098000051F8040BFFF768FF012384F8483084F80F
:109810003E3084F83F3084F8403084F8413084F89A
:10982000423084F8433084F8443084F8453084F87A
:10983000463084F8473084F83D30002010BD80F871
:109840003C30FDF7E9FCD7E70120704790F83C2059
:10985000012A45D070B40346012280F83C20022240
:1098600080F83D200268506894681E4E1E4DAA4242
:1098700018BFB24203D120F470004D68284320F095
:1098800070000D68284350601A681648B2F1804F86
:1098900018BF824217D0A0F57C40824213D000F559
:1098A000806082420FD000F5806082420BD000F5CC
:1098B0007840824207D000F57050824203D0A0F574
:1098C0009430824204D124F080048968214391605D
:1098D000012283F83D20002083F83C0070BC7047D3
:1098E000022070470000014000040140026852E875
:1098F000003F23F4907342E800310029F6D102685A
:1099000002F1080353E8003F23F00103083242E864
:1099100000310029F3D1036E012B06D02023C0F8BB
:1099200080300023036683667047026852E8003F78
:1099300023F0100342E800310029F6D1EEE70000E1
:1099400010B5044683680269134342691343C26930
:10995000134301680868914A02401A430A6022686A
:10996000536823F44053E1680B435360A269236AB0
:109970001A4321688B6823F4306313438B60236898
:10998000874A934218D0874A93423AD0864A9342F4
:109990004FD0864A93425ED0854A93426DD0854A25
:1099A00093427FD0844A934200F09180834A93424D
:1099B00000F0A28010230BE0814BD3F8903003F02D
:1099C0000303032B1BD8DFE803F00216AB180123B7
:1099D000E069B0F5004F00F0D780082B00F2388125
:1099E000DFE813F014012701120136012A013601C4
:1099F000360136012D010423EAE70823E8E71023A6
:109A0000E6E76F4BD3F8903003F00C030C2B0ED825
:109A1000DFE803F0070D0D0D090D0D0D880D0D0D7F
:109A20000B000023D4E70423D2E70823D0E7102358
:109A3000CEE7634BD3F8903003F03003202B73D084
:109A400005D8002B72D0102B72D10423C0E7302B25
:109A500070D10823BCE75A4BD3F8903003F0C00311
:109A6000802B69D005D8002B68D0402B68D1042307
:109A7000AEE7C02B66D10823AAE7514BD3F890304C
:109A800003F44073B3F5007F5ED006D8002B5DD0A1
:109A9000B3F5807F5CD104239AE7B3F5407F59D1B9
:109AA000082395E7464BD3F8903003F44063B3F5B1
:109AB000006F51D006D8002B50D0B3F5806F4FD136
:109AC000042385E7B3F5406F4CD1082380E73C4B76
:109AD000D3F8903003F44053B3F5005F44D006D878
:109AE000002B43D0B3F5805F42D1042370E7B3F578
:109AF000405F3FD108236BE7314BD3F8903003F43C
:109B00004043B3F5004F37D005D8BBB3B3F5804F12
:109B100036D104235CE7B3F5404F33D1082357E730
:109B2000022355E7022353E7022351E700234FE7BF
:109B300010234DE710234BE7022349E7002347E7B3
:109B4000102345E7102343E7022341E700233FE7C3
:109B500010233DE710233BE7022339E7012337E7D2
:109B6000102335E7102333E7022331E700232FE7E3
:109B700010232DE710232BE7022329E7002327E7F3
:109B8000102325E7102323E7082B5BD8DFE803F039
:109B90001A343A5A375A5A5A1E0000BFF369FFEF77
:109BA000001001400044004000480040004C0040CC
:109BB000005000400014014000780040007C00404C
:109BC00000380240FEF7E8F900283DD062685308EB
:109BD00003EB4003B3FBF2F3A3F110014FF6EF7276
:109BE000914233D89AB222F00F02C3F342031343D7
:109BF0002268D360002030E0FEF7DEF9E4E7FEF7EC
:109C0000A1F8E1E71748E1E7164802E0FEF7C4F9DA
:109C100000B3636800EB5300B0FBF3F0A0F1100257
:109C20004FF6EF739A4217D8236880B2D8600020AD
:109C300013E0FEF7C1F9EBE7FEF784F8E8E74FF42D
:109C40000040E6E7012008E0002006E0012004E0F3
:109C5000012002E0002000E001200023A366E3666B
:109C600010BD00BF0024F400436A13F0080F06D0B3
:109C70000268536823F40043416B0B435360436A0B
:109C800013F0010F06D00268536823F40033816A91
:109C90000B435360436A13F0020F06D00268536807
:109CA00023F48033C16A0B435360436A13F0040FFB
:109CB00006D00268536823F48023016B0B43536082
:109CC000436A13F0100F06D00268936823F48053A0
:109CD000816B0B439360436A13F0200F06D0026838
:109CE000936823F40053C16B0B439360436A13F0F2
:109CF000400F0AD00268536823F48013016C0B43B1
:109D00005360036CB3F5801F0BD0436A13F0800FD0
:109D100006D00268536823F40023816C0B43536020
:109D200070470268536823F4C003416C0B435360CF
:109D3000EBE72DE9F84305460E4617469946DDF850
:109D400020802B68DC6936EA04040CBF012400245F
:109D5000BC423AD1B8F1FF3FF3D0FFF775F8A0EB62
:109D60000900404534D8B8F1000F33D02B681A6889
:109D700012F0040FE5D0B6F1400218BF0122802E88
:109D8000DFD0002ADDD0DA6912F0080F11D1DA69CC
:109D900012F4006FD5D04FF400621A622846FFF724
:109DA000A5FD2023C5F88430002385F878300320F2
:109DB0000CE008241C622846FFF798FDC5F8844093
:109DC000002385F87830012000E00020BDE8F8830A
:109DD0000320FBE70320F9E710B582B00446002317
:109DE000C0F88430FFF730F823681B6813F0080FC1
:109DF0000AD12023E367C4F8803000202066606623
:109E000084F8780002B010BD6FF07E4300930346E3
:109E100000224FF400112046FFF78BFF0028E8D006
:109E2000226852E8003F23F0800342E80031002915
:109E3000F6D12023E367002384F878300320E1E79C
:109E400068B310B50446C36F03B32423E3672268E5
:109E5000136823F001031360636AE3B92046FFF738
:109E60006FFD012811D02268536823F4904353609A
:109E70002268936823F02A0393602268136843F0F2
:109E8000010313602046FFF7A7FF10BD80F878306C
:109E9000FDF7D8F9D9E72046FFF7E6FEDEE7012017
:109EA000704730B583B0002800F082800446056812
:109EB00090F89534C3B1032384F89534B5F1A04FDD
:109EC00017D0206800F0F8F8237C8DF80030231DAF
:109ED0000ECB206800F0AEF870B1022384F8953400
:109EE0000125284603B030BD80F89434FDF7F0F921
:109EF000E1E70023A371E4E70021206800F00AFAFB
:109F0000024608B9034617E0022384F89534012578
:109F1000E7E703EBC30104EB8101012048750B75F2
:109F2000CB8500200876C861086203EBC30104EB0F
:109F3000810148620133DBB220799842E9D816E00A
:109F400002EBC20304EB8303002183F8551283F86C
:109F5000542283F85812C3F85C12C3F8601202EB63
:109F6000C20304EB8303C3F864120132D2B29042FD
:109F7000E6D8237C8DF80030231D0ECB206800F03E
:109F8000F1F8054658B900236374012384F8953429
:109F9000237B012B08D0206800F0AAF9A1E7022357
:109FA00084F8953401259CE7204600F003F8F2E799
:109FB000012596E7034602680121C0F8D814002065
:109FC00083F8CC04936943F000639361516D024BB5
:109FD0000B435365704700BF0300001082B000239D
:109FE0000193019B01330193019BB3F1706F1CD866
:109FF0000369002BF5DA0A23019302E0019B013B80
:10A000000193019B002BF9D1036943F00103036124
:10A01000019B01330193019BB3F1706F08D8036971
:10A0200013F0010FF4D1002000E0032002B07047CC
:10A030000320FBE784B010B5044603A880E80E00B7
:10A040009DF81130012B1FD1A36B23F48033A36340
:10A05000E268184B1340E360E36823F44013E360C5
:10A060009DF81830012B0AD02046FFF7B7FF9DF866
:10A070000E30012B14D0BDE8104004B07047E368E7
:10A0800043F48013E360EFE7E36843F04003E360E9
:10A090002046FFF7A3FFA36B43F48033A363E6E7F7
:10A0A000A36843F00603A360A36843F02003A36002
:10A0B000E1E700BFBFFFBDFF836823F001038360BA
:10A0C0000020704782B000230193019B013301936C
:10A0D000019BB3F1706F15D80369002BF5DA0023EB
:10A0E0000193890141F020010161019B013301933A
:10A0F000019BB3F1706F08D8036913F0200FF4D1FE
:10A10000002000E0032002B070470320FBE782B08C
:10A1100000230193019B01330193019BB3F1706F05
:10A1200013D80369002BF5DA002301931023036190
:10A13000019B01330193019BB3F1706F08D8036950
:10A1400013F0100FF4D1002000E0032002B070479C
:10A150000320FBE7D0F800381943C0F800180020AE
:10A160007047000084B0F8B5044607A880E80E00E8
:10A17000002306E003F1400204EB8202002151605B
:10A1800001330E2BF6D99DF8266006BBD4F80438AF
:10A1900043F00203C4F80438A36B23F40013A36351
:10A1A000236843F040032360236843F08003236067
:10A1B0000023C4F8003E9DF82130012B11D19DF8F9
:10A1C0001F304BB900212046FFF7C4FF0DE0A36B01
:10A1D00043F40013A363EBE701212046FFF7BAFF26
:10A1E00003E003212046FFF7B5FF10212046FFF7CB
:10A1F00069FF054600B101252046FFF788FF00B141
:10A20000012504F5006C0023CCF81030CCF8143094
:10A21000CCF81C300AE0CBB94FF00060C2F800095E
:10A2200000220A614FF67F328A6001339DF81C10CC
:10A23000994210D904EB431202F51061D2F80009DB
:10A240000028E8DB0020C2F80009E9E74FF0904061
:10A25000C2F80009E4E700230AE0BBB14FF09047E1
:10A26000C2F8007B002202614FF67F328260013328
:10A27000994210D904EB431202F53060D2F8007B0A
:10A28000002FEADB0027C2F8007BEBE74FF0006706
:10A29000C2F8007BE6E7DCF8103023F48073CCF8DA
:10A2A00010300023A3616FF0804363619DF81E307E
:10A2B0001BB9A36943F01003A361A2690A4B1343BE
:10A2C000A3619DF822301BB1A36943F00803A36189
:10A2D000012E04D02846BDE8F84004B07047A269BA
:10A2E000024B1343A361F5E700383C8004000040B3
:10A2F000D0F8003E23F00303C0F8003ED0F8043845
:10A3000043F00203C0F8043800207047406900F0B1
:10A310000100704738B50546C36823F0C043C360E9
:10A32000012913D019BBC36843F08043C3600024E4
:10A330000A20FEF78FFD0A342846FFF7E7FF08B131
:10A34000C72CF5D9C82C14D0002038BDC36843F001
:10A350000053C36000240A20FEF77CFD0A3428461F
:10A36000FFF7D4FF0128EDD0C72CF4D9EAE701208C
:10A37000EBE70120E9E70000034AD2F8883043F414
:10A380007003C2F88830704700ED00E010B5034656
:10A390000C4A0D490D48006840B10C480068034460
:10A3A000521A934206D8094A136010BD0748084C58
:10A3B0000460F2E7F6F756F90C2303604FF0FF3024
:10A3C000F3E700BF00000520004000001048022015
:10A3D00078DB02200120704708B5F6F743F9162311
:10A3E00003604FF0FF3008BD08B54FF0FF31FFF7B5
:10A3F000F3FFFEE770B50C461646002506E0AFF306
:10A400000080214601F8010B01350C46B542F6DB10
:10A41000304670BD70B50C461646002504E014F8B1
:10A42000010BAFF300800135B542F8DB304670BD5B
:10A430004FF0FF3070474FF400534B6000207047DF
:10A440000120704700207047C0ED020A80ED030A2A
:10A4500000230360DFED047A20EE270AC0EE207AA5
:10A46000C0ED017A704700BFDB0FC940D0ED007A24
:10A4700090ED017A77EE877AC0ED007A9FED057A4C
:10A48000F4EEC77AF1EE10FA03DB77EEC77AC0ED8F
:10A49000007A7047DB0FC940B0EE407AD0ED017A08
:10A4A00070EE677AD0ED006A9FED056A66EE866A07
:10A4B00037EEA60A80ED017A80ED000A704700BFF2
:10A4C00052B87E3FD0ED007A9FED067A67EE877A2C
:10A4D0009FED057A20EE070A37EE800A80ED000A2C
:10A4E000704700BF718D753FF028273DB0EEC07AF0
:10A4F000DFED197AB4EEE77AF1EE10FA22DDD0ED55
:10A50000007A9FED167A67EE877AC0ED007A90EDBB
:10A51000007ADFED117AB4EEE77AF1EE10FA01D5A8
:10A52000C0ED007A90ED007AF2EE047AB4EEE77AAC
:10A53000F1EE10FA01DDC0ED007AD0ED007A27EEE1
:10A54000800A7047D0ED007A9FED057A67EE877A32
:10A55000C0ED007ADBE700BFCDCCCC3D3BDF7F3FD9
:10A560006210803F00239FED317A00E001338B427F
:10A570000DDA00EB830CDCED007AF0EEE77AB4EE56
:10A58000E77AF1EE10FAF1D5B0EE677AEEE7D2EDA8
:10A59000006ADFED277AB4EEE77AF1EE10FA25DDF6
:10A5A000F6EE007A87EE876ADFED227AB4EEE76A8C
:10A5B000F1EE10FA09D4DFED207AB4EEE76AF1EE9D
:10A5C00010FA04DD9FED1C6A01E09FED1A6A76EE39
:10A5D000667AB4EEE66AF1EE10FA01D5F0EE400AC2
:10A5E00067EEA07A77EEA67AC2ED007AD2ED007A15
:10A5F00077EEE67A07EE101AB8EEC77A87EE876A2A
:10A60000002310E000EB830292ED007A07EE903A0F
:10A61000F8EEE77A67EE867A77EEA67A67EE277A23
:10A62000C2ED007A01338B42ECDB70470000000082
:10A63000BD378635CDCCCC3D0000484208B5DFEDB6
:10A64000030AB5EE000AFFF78DFF08BD0AD7A33C49
:10A650002DE9F0478246894690461F4600242BE0AC
:10A66000A5000AEB8403D3ED006A09EB840393EDA4
:10A67000007A134BD3ED007A67EEA60A114E96EDE1
:10A68000000A20EE076A20EE260A67EE877AC3EDFD
:10A69000006A86ED007A70EE860A30EE670AF8F7F7
:10A6A00009F90948FFF7F8FE4544DFED087A20EE86
:10A6B000270A85ED000A0134BC42D1DBBDE8F087F2
:10A6C00034480220304802202848022083F9A23E64
:10A6D0002DE9F84F2DED028B8246894690461F46A4
:10A6E00000242EE0A5000AEB8403D3ED008A09EBD9
:10A6F000840393ED008ADFF868B0DBED007A67EE43
:10A70000A80A134E96ED000A20EE087A20EE280AD9
:10A7100067EE887A70EE870A30EE670AF8F7CAF8B3
:10A72000CBED008A86ED008A0A48FFF7B5FE0A489D
:10A73000FFF7C8FE0948FFF7D9FE454485ED000A3A
:10A740000134BC42CEDBBDEC028BBDE8F88F00BF0C
:10A75000204802201848022014480220E402002069
:10A7600024480220F8B50025002D00DDF8BD194B66
:10A7700018680DF0B9F90446B0F5006FF6DC164B19
:10A78000186802F011FEA042F0DB144F2246394651
:10A79000114B186802F0D0FD0E4E3A461049306851
:10A7A0000DF0E2FB04460F4A0F4930680DF054FCEF
:10A7B000002C01DC0135D7E70C4B186802F000FED5
:10A7C000A042F7DB22460649084B186802F07EFDDE
:10A7D000F0E700BF0C6E0220086E0220F85B02203A
:10A7E000F84B0220FC6D0220006E0220046E022055
:10A7F00008B5F6F75DF908BD08B5F5F7F1FD08BD38
:10A8000008B5F6F75DF908BD10B582B00446484BAF
:10A81000186820B10CF0F4FF454B00221A60454B3C
:10A82000186820B102F03AFD424B00221A60424BF8
:10A83000186820B102F032FD3F4B00221A6000235D
:10A840003E4A13603E4A13603E4A13603E4A13601C
:10A850003E4B00221A604FF4707301933C4B0093FF
:10A860003C4B062261213C4811F0FEFD00284CD1F2
:10A87000A0230193394B0093394B602206213948BC
:10A8800011F034F9002843D1012C0CBF0122002221
:10A89000354B1A6033D0022C33D0032C33D00CF05C
:10A8A0007FFF234B1860002835D00DF0F1FBB0F589
:10A8B000006F33DC1E4B18680DF0E8FB00EB400026
:10A8C0002A4B1860B0F5006F02DD4FF400621A6089
:10A8D0000121174B18680DF0D5FB4FF4805002F0A2
:10A8E000BFFC144C20604FF4805002F0B9FC124BB6
:10A8F00018602368ABB1B8B1002002B010BD0420CD
:10A90000CBE70720CBE70D20C9E74FF0FF30F4E796
:10A910004FF0FF30F1E74FF0FF30EEE74FF0FF3040
:10A92000EBE74FF0FF30E8E74FF0FF30E5E700BF1F
:10A930000C6E0220086E0220046E0220E49D0220AC
:10A94000186E0220146E0220006E0220FC6D0220A0
:10A95000E8CA022080E8010868DB02201C9B022074
:10A9600000E70108D89D0220F86D0220106E022039
:10A970005E4B1B68002B00F0B8802DE9F047ADF569
:10A98000707D04460D465A4B1E68002E48D1002D9E
:10A9900059DDDFF878A1DAF80080C8F53467AF42F6
:10A9A000A8BF2F464FEA87094A462146514800EB87
:10A9B0008800F5F7E3FF08EB0703CAF800304C44C2
:10A9C000ED1B7CE0DFED4C7AFDEEE77A4B4A17EEAB
:10A9D000901A22F813100133B34218DA04EB830201
:10A9E000D2ED007A9FED467A67EE877A9FED427A44
:10A9F000F4EEC77AF1EE10FAE4DC9FED427AF4EE61
:10AA0000C77AF1EE10FADFD5DFED3E7ADCE73E4B98
:10AA1000186802F0D5FCB0420CDA04EB8604AD1BDA
:10AA2000002D0EDD2E46B5F5807FA8BF4FF4807651
:10AA30000023D1E732463149334B186802F046FC17
:10AA4000EBE7FFF78FFE0DF5707DBDE8F087DFEDDA
:10AA50002A7AFDEEE77A17EE902A2DF813200133BB
:10AA60009F2B19DC50AA02EB8302D2ED007A9FEDF6
:10AA7000247A67EE877A9FED207AF4EEC77AF1EEBA
:10AA800010FAE4DC9FED1F7AF4EEC77AF1EE10FACB
:10AA9000DFD5DFED1C7ADCE71B4B186802F090FC79
:10AAA0009F281BDC194B1A68A2F570721A601849AE
:10AAB0009200A1F57060F5F77FFEFFF753FE134B90
:10AAC0001B68B3F5707FFFF662AF4FF4707350AA46
:10AAD0000849104811F0E6FC3346C1E7A022694658
:10AAE000094B186802F0F2FBDCE770470C6E02209D
:10AAF000F86D0220E89D022000FEFF46F86B022060
:10AB000000008046000000C7086E0220E49D02207D
:10AB1000E8AC022068DB02202DE9F84306460D462A
:10AB2000414B1B6893B1414B1C68002C3BD1404BFF
:10AB3000186802F039FC3F4B1B6803443E4A126818
:10AB4000934209DB394B01221A602CE08A00002174
:10AB5000F5F722FD002445E0AA0000213046F5F774
:10AB60001BFD3FE0354A32F9132007EE902AF8EE3C
:10AB7000E77A9FED337A67EE877A324A02EB8302F7
:10AB8000C2ED007A01339F2BECDD2A4C2168A02313
:10AB90002D4A02EB81022B492C4810F0C3FF236899
:10ABA00003F570732360234B1B68AB4210DAB3F5D7
:10ABB000F06F0DDC1E4B186802F0F6FB9F2807DDD6
:10ABC000A0221E491A4B186802F0B6FB0023DAE7F0
:10ABD000184B1F683C46AF42A8BF2C46002C04DC33
:10ABE000A54215DC2046BDE8F8834FEA8408DFF86B
:10ABF0005890424649463046F5F7C0FE3A1B0D4B89
:10AC00001A60920009EB08014846F5F7D5FDE7E721
:10AC10002A1B9200002106EB8400F5F7BDFC034BD4
:10AC200000221A60DEE700BF0C6E0220146E0220C4
:10AC3000046E0220186E0220106E0220B84A022014
:10AC400000000038384802201C6E0220D89D0220E7
:10AC5000014B1868704700BF006E0220014B93ED56
:10AC6000000A7047FC6D0220002B25DB9FED136A64
:10AC700070B5054600EB820E1446581C05EB4206E3
:10AC800000227600A31AA1EC016A002B0EDDA6EBD0
:10AC90000E0C2B46DFED097AF3EC016ABCEC017A6D
:10ACA0009E45E6EE877A41ED017AF5D10132AEF1AB
:10ACB000040E8242E6D170BD704700BF0000000064
:10ACC0002DE9F04F02F1010885B0002A0C4608FB7F
:10ACD00008F300AFD0ED006A4FEA830303F10703E6
:10ACE00023F00703ADEB030D40F3938090ED016A71
:10ACF000B7EE007ADFED4E5A4FEA8808694636EE25
:10AD0000256A4FEA980CB1EE466AC6EE267AB0EE96
:10AD1000E76AB4EEC76AF1EE10FA62DD0CF1010EDB
:10AD2000F0EE657A012A01EB8E03C3ED007A64D060
:10AD300008F1040308F1080500F108094044F7EEA2
:10AD4000005A9FED3B5A0D440226C7F804C0C7E9DC
:10AD50000230C818A8F10403D7E902ACC7E90224FD
:10AD600099ED006ACB46DFED327A09F10409044619
:10AD700001220132B4EC017A7BED014AB242E4EEE9
:10AD8000877AF6DB77EE867AF1EE677A87EEA66A47
:10AD9000F0EEC67AF4EEE57AF1EE10FA40DDB0EEB0
:10ADA000456A06FB0EF208EB0004AB4601EB82029B
:10ADB00082ED006A02462046F2EC017A3BED017A10
:10ADC000AA42E7EE067AE0EC017AF5D1E14506F118
:10ADD000010620465544C3D1D7F804C0D7E9022460
:10ADE0000DE0A7EEE77A0CF1010E012A01EB8E03CC
:10ADF000C3ED007A66EE876A9AD1A8F104030CFBD2
:10AE000002FC201D1A460CF1010C01EB8C01F5F738
:10AE1000B5FD4FF07E5314372360BD46BDE8F08F7B
:10AE2000F0EE657AE6EE467A66EEA76AB9E700BF0D
:10AE300000000000F8B5054640F2DC602DED048B03
:10AE4000EC682F68F5F734FE0646002852D0B7F5B7
:10AE5000FA5F02D0B7F57A5F60D1B7F57A5FC6E9DD
:10AE600000744BD0B4F5A07F64DC354BE717042C9D
:10AE700083FB0423C7EB63071EDD7B1EB6EE008A4F
:10AE800006F10805002407EE903A9FED2E9AF8EEA1
:10AE9000E78A07EE904A0134B8EEE70A20EE090A85
:10AEA00080EE280AF7F712FBBC42F0EE487AE0EE9B
:10AEB000487AE5EC017AECDB4FF4A062002106F55C
:10AEC0008470F5F769FB002006F20C6306F5C1619A
:10AED000C02208600021186006F5C260F5F75CFB2F
:10AEE00000234FF400701A46194602F085F9C6F89F
:10AEF000D006C8B13046BDEC048BF8BD6868303070
:10AF00008000F5F7D5FDC0220021C6F8D406F5F77C
:10AF100043FB002CB8BF01346410A3E70A4B78212F
:10AF20000A4A0B48F5F7B0F90A4B9B21074A084833
:10AF3000F5F7AAF9084B8F21044A0548F5F7A4F95B
:10AF400067666666DB0FC94020D2010814EA010873
:10AF500040D2010860D2010854D2010810B5B0B146
:10AF60000446D0F8D00602F045F92368B3F57A5FBD
:10AF700004D02046BDE81040F5F7A2BDD4F8D406B1
:10AF8000F5F79EFD2046BDE81040F5F799BD034B4F
:10AF9000AA21034A0348F5F777F900BF78D20108E0
:10AFA00008EA010840D201082DE9F0410699002B7A
:10AFB0009FED457A0646D1ED007A4FF42061DFED32
:10AFC000436A1D4667EE877AB8BF013391FBF2F002
:10AFD00087EEA67AB0EB630F4FEA6302FDEEC77A05
:10AFE00017EE904A6DDCDFED3A5A2F469FED396A35
:10AFF00002239FED395A6FF060489FED384ADFED2C
:10B00000384A07EE902AF8EEE77A27EE867A67EE5E
:10B01000A57ABDEEC77AFDEEE77A17EE10EA17EED5
:10B0200090CA8645B8BF8646A64543DA644541DAEC
:10B0300060EE246AB0EE457A06EBCE010CF1010C0D
:10B040007246D1ED007A0831F4EEC77AF1EE10FACB
:10B0500002DDB0EE677A964601329445F1D1B4EE46
:10B06000E67AF1EE10FA12DD0EEB080206EBC202F0
:10B07000D2ED007AF4EEC77AF1EE10FA07D5D2EDF0
:10B08000047AF4EE477AF1EE10FA48BF77460133BE
:10B0900095FBF3F28242B4DA07EE907A9FED0B7AD9
:10B0A0009FED090AF8EEE77A67EE877A87EE800A65
:10B0B000BDE8F081E64560EE046ABBDDB0EE457A9E
:10B0C000CDE72F46E8E700BF000020450000FA4525
:10B0D0009A99993FCDCC4C3F000000009A99993E37
:10B0E0009A99193E2DE9F04FADF5805D87B002AF1A
:10B0F000BB60002800F0798180461646D0E9003018
:10B10000B3F5FA5F00F04181B3F57A5FEB4640F0AA
:10B110007281002A94468246B8BF02F1010C0028D1
:10B120004FEA6C0CB8BF00F1010A002A4FEA8C0EFE
:10B130004FEA6A0A40F34681D8F8D426831B01EB14
:10B14000800002F1C00901EB8303494653F8044B28
:10B15000834241F8044BF9D10EF10703012E23F08D
:10B160000703ADEB030D02AB19D0C4321D4600201E
:10B17000A44CC7F80C90DFEDA47A9146A349F1ECFA
:10B18000016A39ED017AA142E6EE877AF7D1013002
:10B190000832E5EC017A6045EDDBD7F80C90ACF1B4
:10B1A0001802A9F1C00109EBC2042246C03452F8CA
:10B1B000040BA24241F8040BF9D1AAEB0C02524550
:10B1C000FA6080F2F98002F142059E4408EB8502A4
:10B1D000F3EC017A67EEA77A7345E2EC017AF7D1D6
:10B1E00050466646DD46810008EB850508F5C164DA
:10B1F00008F20C6208F5847CF7EE005A9FED846A31
:10B20000D4ED006A0CEB010992ED007A2B46F0EECA
:10B21000667AD3ED006A76EEE77AE7EE067AB0EE6C
:10B22000677A77EEA57AE3EC017A9945EFD1C4ED20
:10B23000006A08F5C26308F2146B08F2CC6A754C18
:10B2400082ED007A7860BC2259461846F5F7B4FAC8
:10B2500055F8042B03460146CAF80020DFED6A7A50
:10B260006D4AB2EC017AF1EC016A9442E6EE877A1B
:10B27000F7D1A94545ED017AE5D1786841F2100191
:10B2800007F110040022791823461A60083343F8A6
:10B29000042C9942F9D1614BC517042883FB002384
:10B2A000C5EB630515DD424608F1080007F1100102
:10B2B0000023D2ED427A0133B0EC017A8C46AB42E6
:10B2C00002F1140267EE877A01F10801CCED007AF1
:10B2D000EFDB07F11001D8F8D00601F093FF41F23F
:10B2E000140207F11403BA18D3ED007A083313EDF2
:10B2F000037A67EEA77A9A42E7EE077A43ED037A7C
:10B30000F2D110229FED400A1346D4ED207A083482
:10B31000B4EEE70AF1EE10FA48BF134602F101025B
:10B3200048BFB0EE670A812AEFD107F5825207F1D4
:10B330001000142112680092A022FFF735FEFB686E
:10B34000002B0EDD194606F1420208F5847308EB66
:10B35000820203EB810952F8041B43F8041B4B459E
:10B36000F9D1D8ED007ABB68F8EEE77A87EE807AFB
:10B3700083ED007A07F5825307F580571B68143771
:10B3800083ED000ABD46BDE8F08F831A9842FB604A
:10B390007FF774AF03F1420501EB830201EB8003F9
:10B3A00008EB85048100F2EC017A67EEA77A9342FC
:10B3B000E4EC017AF7D117E701360FDB5046664619
:10B3C000DD465BE70EF1070323F00703ADEB030D4A
:10B3D000D8F8D43603F1C00902ABE0E6104B40F2D6
:10B3E0000711104A1048F4F74FFF104BE3210D4AA4
:10B3F0000D48F4F749FF0E4BF4210A4A0A48F4F7C6
:10B4000043FF00BFA0EB010800000000E0EA0108D4
:10B410003333733FE0EA010820EA01086766666695
:10B42000A0D2010804EA010840D2010878D201083C
:10B430008CD20108F8B5466807460C46002E2DED63
:10B44000028B40F3918000F10C039FED4C7A03EBEB
:10B450008602F3EC017A9342A7EEA77AF9D1B5EE12
:10B46000C07AF1EE10FA40F3828007EE906AB8EEEF
:10B47000E70A87EE000AF7F7A3FCDFED417AB2EEA8
:10B48000047A20EE070AB4EEE70AF1EE10FA28D4A7
:10B49000B1EE086AD4ED007AF3EE046A9FED397AD2
:10B4A00077EE867A87EEA60A20EE070AF7F7F4FA17
:10B4B000D7F81035B0EE408A83B1002E0EDD07F1CB
:10B4C0000C050124DFED308AF5EC017AF4EEC87A40
:10B4D000F1EE10FA26D40134B442F5DDBDEC028B56
:10B4E000F8BDD7F81035D4ED007A63BBDFED276ADD
:10B4F000B1EE087ADFED265AB3EE046A20EE260A92
:10B50000DFED206ABDEC028BA7EEA50A70EE077A8C
:10B5100084ED000ABDE8F84087EE860A20EE260A90
:10B52000F7F7BABA00F052FE07EE900A7E680134CF
:10B53000F8EEE77AB44267EEA87AC5EDA07AC3DDEB
:10B54000BDEC028BF8BDB1EE086A9FED0E7AF3EE0A
:10B55000046A77EE867A87EEA60A20EE070AF7F7E6
:10B560009BFAB0EE408AA8E79FED047A7DE7094B8D
:10B570007021094A0948F4F787FE00BFCCBC8C2B28
:10B58000000020428E5D13406D114939CDCCCC3D79
:10B590006666663FA8D20108A0EB0108B0D2010898
:10B5A000B1F5FA5F2DE9F8430D4604462DED028B07
:10B5B00003D0B1F57A5F40F0848007EE905ADFED5A
:10B5C000448AB8EEE78A68EE007A68EE288A17EEB9
:10B5D000900AF9F72FFA41EC100BF7F7F3F851EC5A
:10B5E000100BF9F719FDF6EE007A814668EEA77A9E
:10B5F00017EE900AF9F71EFA41EC100BF7F7C8F9AD
:10B6000051EC100BF9F708FDDFED327A804668EE59
:10B61000277A17EE900AF9F70DFA41EC100BF7F7BD
:10B62000B7F951EC100BF9F7F7FC074618EE900A42
:10B63000F9F700FA41EC100BF7F7AAF951EC100BEF
:10B64000F9F7EAFCDFED247A064668EE277A17EE72
:10B65000900AF9F7EFF941EC100BF7F799F951EC73
:10B66000100BF9F7D9FC07EE906A9FED1C6A40F2C7
:10B67000FF13B8EEE77A07EE907A28EE068A40F2DA
:10B680001712F8EEE75ADFED167AB5F5FA5F08BF44
:10B690001346E060C7EE876A204627612560666131
:10B6A000236287EEA57ABDEEC88AC4E9019884EDCD
:10B6B000098ABDEC028BC4ED066A84ED077ABDE809
:10B6C000F883084B3F21084A0848F4F7DDFD00BF26
:10B6D0000AD7A33C0AD7233B0AD7233D0AD7A33B6B
:10B6E000DB0FC94020D20108C8EB0108C8D201080D
:10B6F0002DE9F04FD0F80C801746D0F820B0B8F103
:10B70000000F5D46B4BF08F101064646BBF1000FCD
:10B710002DED048BADF5005DB8BF0BF1010587B0D1
:10B720006D100493731003910193019B5C1B6B429A
:10B73000002C029304DDA20000213846F4F72CFF10
:10B74000DDE90123D01AC3F10009A04240F39F8034
:10B750000BF1FF3307EB8405F6EE008AA0EB040A39
:10B7600009EE103A05949FED518A2C46B8EEC99A1D
:10B77000DFED4F9A0026054607EE906A0136B8EED7
:10B78000E70A20EE290A80EE090AF6F79FFEB24585
:10B79000F0EE687AE0EE687AA7EEA78AE4EC017A28
:10B7A000EAD1DFED447AA8452846059C28EE278A91
:10B7B0000ADDA8EB0002002192008045D8BF0422D8
:10B7C00007EB8000F4F7E8FEB5EE408AF1EE10FAE0
:10B7D00065D4F1EEC87AB8F1000FF7EE006A86EE94
:10B7E000A77A0ADD07EB88083A46D2ED007A67EEC1
:10B7F000877AE2EC017A9045F7D141F2180806A861
:10B800000022E84401460A60083141F8042C8845CA
:10B81000F9D1BBF1010F1CDD019B07EB830600236F
:10B82000013356F8042B4B4540F8082BF8DB029BFC
:10B830009A0003F50073C2EB840207EB84041744FB
:10B8400006AA02EBC30354F8042BA74243F8082BC3
:10B85000F9D1424606A9039842F2180504F012FDF8
:10B8600041F618034146049A6B446D4453F8084B63
:10B8700051F8080B9D4242F8044BC2F8FC03F5D185
:10B880000DF5005D07B0BDEC048BBDE8F08F804581
:10B8900002DD9FED068A8CE7DFED047A9BE7B0EED0
:10B8A000480AF6F76DFFF0EE407A94E700000000DA
:10B8B000DB0FC940000000442DE9F0410D4604466D
:10B8C00011464FF0000E28461A46069D0E46E768C0
:10B8D00001F58053D4F820808C46CCF800E00CF1C0
:10B8E000080C4CF804EC6345F7D1B8F1000F44465E
:10B8F000B8BF08F10104B8F1010F4FEA640432DD6A
:10B90000002F4FF0000CB8BF01377F1002EB870EFD
:10B9100005EB8703FEEC017A0CF1010CB3EC017A24
:10B92000B046A44506F1080667EE877AC8ED007AAE
:10B93000F0DB3F1B4FF0000C05EB870EC4F50075E4
:10B9400002EB870301EBC505F3EC017A0CF1010C66
:10B95000BEEC017A2A46A44505F1080567EE877A10
:10B96000C2ED007AF0DBBDE8F04101F04BBC00BF56
:10B97000D1ED003AB1EE044A9FED7F2A9FED7F7A28
:10B98000C2EE234AC7EE237A10B50C4674EE842A21
:10B9900034EEC44AF4EEC42AFDEEE77AF1EE10FA72
:10B9A00017EE901A4ADBB6EE005A9FED753AB7EEE5
:10B9B000001ADFED741A01F1010EC2EE044A0029EB
:10B9C00064EEA15A40F3CD80B0EE657A4FF0010CE1
:10B9D0009FED6B6A77EE057A0CF1010C37EE257A54
:10B9E000F445FDEEE77A17EE903A02EBC303D3ED90
:10B9F000017AD3ED006A67EEA77AE6EEA67A36EE14
:10BA0000276AE7D1B4EEC36AF1EE10FA03DDB0EEB7
:10BA1000463AF0EE643A34EE014AF4EEC42AF1EE0E
:10BA200010FACADADFED556A9FED537AC6EEA37AB3
:10BA3000C7EE234AFDEEE77A17EE901AF7EE007A8A
:10BA400074EEA72A74EEE74AF4EEE42AF1EE10FA57
:10BA50003FDBB6EE005A9FED4A3AB5EE001ADFED35
:10BA6000461A9FED482A01F1010E81EEA44A0029F1
:10BA700064EE025A72DDB0EE657A4FF0010C9FED74
:10BA8000406A77EE057A0CF1010C37EE257AF44521
:10BA9000FDEEE77A17EE903A02EBC303D3ED017A9D
:10BAA000D3ED006A67EEA77AE6EEA67A36EE276A4D
:10BAB000E7D1B4EEC36AF1EE10FA03DDB0EE463A18
:10BAC000F0EE443A74EE814AF4EEE42AF1EE10FA14
:10BAD000CBDAD0ED057ADFED286AF8EEE77ADFED14
:10BAE000275A9FED296A86EEA77AB4EE637AF1EEC3
:10BAF00010FA77FE233AC4ED003AD0ED047AF8EE5E
:10BB0000E77A86EEA77AB4EE637AF1EE10FA48BFD0
:10BB1000F0EE473AC5EEA37AFBFE677AFDEEE77AD0
:10BB2000B8EEE77A27EE237AB4EEC67AF1EE10FA91
:10BB300008DB17EE903A013B07EE903AB8EEE77A51
:10BB400027EE237ADFED0D6AC4ED003AB4EEE67A13
:10BB5000C4ED017AF1EE10FA06D510BD9FED086A2A
:10BB6000A7E79FED076A4DE7084B40F24511084AE9
:10BB70000848F4F789FB00BFDB0FC940DB0F4940E1
:10BB80000000000083F9A24243023F40DCD20108DA
:10BB9000ACEB0108C8D201082DE9F0414768002F3D
:10BBA0002DED068B4DDD05460E46984601370124E6
:10BBB0009FED35AA0C35D0ED009ADFED348A9FED6C
:10BBC000348A07EE904AB6EE007AB8EEE79AF0EEC5
:10BBD000477A39EE476A79EE076A26EE296A66EEF9
:10BBE000A96AE6EE0A7AA6EE8A7AFDEEE77A17EE01
:10BBF000902AFDEEC77A17EE90CA62453CDA06EB52
:10BC0000C2029FED220A06EBCC0CD2ED017A08327B
:10BC100012ED027A67EEA77A9445E7EE077A30EEE6
:10BC2000270AF2D1B5EE400AF1EE10FA27D4F1EE70
:10BC3000C07AE5EC017AB8F1000F06D10134BC42BC
:10BC4000BFD1BDEC068BBDE8F08129EE299AB6EE96
:10BC5000007AC9EE087A77EE877AFDEEE77A17EE7A
:10BC6000902A06EBC202D2ED000A92ED010AF6F725
:10BC700021FE85EDA00AE1E7F0EE687AD9E7F6F754
:10BC80007FFDF0EE407AD4E783F9A2420000000085
:10BC9000DB0F493C2DE9F04104681F46D1ED017AE4
:10BCA0000D46002C9FED977A1646B4BF631C2346C1
:10BCB0005B102DED048BB8EEE79A07EE903A91ED0C
:10BCC000008AF8EEE78A29EE077AC7EE287AFDEEB9
:10BCD000E77A17EE908AB8F1000F40F30C810C312F
:10BCE000DFED892A01EB8803F1EC017A8B42E7EE64
:10BCF000A72AF9D1B6EE003A08F10108DFED826A11
:10BD00000121DFED823A9FED824A9FED822A07EE04
:10BD1000901AF8EEE77A37EEC36A77EE835A67EE49
:10BD2000887A26EE086A65EE885A67EEA37A26EED0
:10BD3000236A65EEA35A87EE847AC6EE047A85EE0E
:10BD4000846A32EE477A37EE037AFAFE677AFDEEBE
:10BD5000E77ABDEEC77A17EE900ABAFE466AFDEEA4
:10BD6000C67A17EE903A984239DA17EE10EA9FED4C
:10BD70006A7A06EBC303864406EBC000F0EE475A2E
:10BD800007EB8E0EB0EE476A84467246DCED004A41
:10BD90000CF1080CF2EC017A1CED015A6345E4EE5B
:10BDA000A75AA7EEA76AA7EE857AEFD185EE865A45
:10BDB000C7EE065AB1EE455AF1EE655A90ED007A9B
:10BDC0000830BEEC016A50ED017A8342A6EE057A96
:10BDD000E6EE257AE7EE076AE7EEA76AEED10131D3
:10BDE000414594D182EEA60AF6F7EAFFDFED4B6AF1
:10BDF0009FED4B7A69EE266AF2EE047A29EE077A15
:10BE0000B1EE086A20EE279AC6EEA87AC7EE286A35
:10BE1000B4EEC69AF1EE10FAFDEEE77ACCBF01233C
:10BE20000023C5F8103517EE903AFDEEE67A002BA8
:10BE300017EE900A62DD05F10C029FED330A02EB6A
:10BE40008301F2EC017A9142A7EEA70AF9D183426D
:10BE50004EDC023305F10C029FED2B7A05EB8303D8
:10BE600002EB8002F3EC017A9A42A7EEA77AF9D1AD
:10BE700080EE070AF6F7A4FFB1EE087AF2EE047A34
:10BE8000B4EEC79A20EE270AF1EE10FA1ADDFAEEA8
:10BE9000047AB4EEE70AF1EE10FA21D50023C5F8D2
:10BEA000103507EE904ADFED1F6AB8EEE77AC6EE6E
:10BEB000877AF4EEC87AF1EE10FA0BDB0023C5F8AE
:10BEC000103507E0B4EEE70AF1EE10FA02DD0123C7
:10BED000C5F81035B0EE490ABDEC048BBDE8F08121
:10BEE000F9EE007AB4EEE70AF1EE10FAD9D4F1E7F0
:10BEF0009FED057ABCE7B7EE000A75E79FED020AF1
:10BF0000A5E700BF00007A4417B7D138000000440D
:10BF1000DB0FC94000008043000000000000FA442D
:10BF200000007A45DD7EBC432DE9F041D0F8048065
:10BF30000E46476AB8F1000FB4BF08F1010343464B
:10BF4000C7EB63045D10002C04DDA2000021304625
:10BF5000F4F722FB07EB050CA44514DD7A00B7EEDD
:10BF6000006A06EB8403DFED267A06EE902A06EBE4
:10BF70008C02F8EEE66A86EE267AE3EC017A9A42C3
:10BF800077EE877AF9D14FEA480218EB480848BFA4
:10BF900008F10108C7EB68044FEA6808644509DD49
:10BFA00006EB8C034FF07E5006EB840143F8040B44
:10BFB0008B42FBD1B844A04514DD7F00B7EE006A88
:10BFC00006EB840307EE907A06EB8801B8EEE77A79
:10BFD000F0EE467AC6EE076AE3EC017A994277EE14
:10BFE000E67AF9D1904509DAA2EB080206EB88005F
:10BFF00000219200BDE8F041F4F7CEBABDE8F0812F
:10C00000000000002DE9F04F2DED068BADF5805DB1
:10C01000154641F24C02064683B08846441E6A44E7
:10C0200012689AB101280CDDA5F1040C05EB800221
:10C0300029460CEBC00C52F8040B624541F8040B86
:10C04000F9D105EB8602002142F8041C41F20802F6
:10C050004FF0000E0DF5006C6A44CCF800E00CF1D6
:10C06000080C4CF804EC6245F7D15A68002A40DD10
:10C070001F46F6EE00AA02F1010B9FED52AA0C3703
:10C08000D3ED009A9FED509A4FF0010907EE909A78
:10C09000B7EC018A09F10109B8EEE77AD7EDA08A79
:10C0A000B0EE680A27EE297A27EE0A7AC7EE097AF7
:10C0B00077EEAA7AFDEEE77A17EE90AABAF1FF0FB3
:10C0C000A8BF4FF0FF0AF6F701FAF0EE407A0DF53F
:10C0D0000063B0EE680A03EBCA0A68EE277ACAED7D
:10C0E000007AF6F729FE28EE008ACB458AED018A10
:10C0F000CCD10DF5006140466A4604F00DFA002CE3
:10C1000018DD40F2012241F24801281F2B46921B04
:10C11000694400EB86000DEB82020968D3ED007ADA
:10C12000B1EC017AF2EC016AE6EE877AE3EC017A8F
:10C130009842F3D141F24C0273006A4412680AB388
:10C14000A34218DD41F2480205EB84056B466A44C0
:10C15000126802EB840441F248026A44126802EB5E
:10C16000C606B4EC017AF3EC017AA64267EE877A50
:10C17000E5EC017AF5D10DF5805D03B0BDEC068BE1
:10C18000BDE8F08FA342F6DD41F248026B466A44F7
:10C19000126802EB840705EB840405EBC605D4EDB9
:10C1A000007AB7EC017AF3EC016AE6EE877AE4EC08
:10C1B000017AA542F3D10DF5805D03B0BDEC068B8D
:10C1C000BDE8F08F00000044DB0FC940054B43F28F
:10C1D000390005491A6801FB02001860C0F30E40DF
:10C1E000704700BFE80200206D4EC64108B5034A03
:10C1F0004FF4C671024B0348F4F746F86CEC0108A3
:10C20000F8D2010828D3010804282DE9F043054697
:10C210002DED028B8BB002D0082840F03D8140F616
:10C220000470FEF7E5FA0446002800F03581064662
:10C230009FEDD20A4FF4FA51684646F8045B6D460A
:10C24000FFF7AEF937460FCD0FC70FCDD4F81090DA
:10C250000FC795E8030087E80300D4E901374FEAE8
:10C26000C708E3624046C4E90C79FEF7C1FAC4F896
:10C270004408002800F010814046FEF7B9FAC4F8DF
:10C280006408002800F004814FEA89052846FEF77B
:10C29000AFFA2064002800F056812846FEF7A8FA7D
:10C2A000C4F84C08002800F05781B9F1000F06DDF2
:10C2B00005444FF07E5340F8043B8542FBD104F621
:10C2C00054030022002F1A6004F505631A6005DD8F
:10C2D00042460021D4F86408F4F75EF900234FF4D5
:10C2E0000070002500271A46194600F085FF00233C
:10C2F000A0634FF400701A46194600F07FFF04F166
:10C300004403226CA16BE0633046FFF7F1F930463D
:10C31000D4F84418FFF708FE002301214FF4007001
:10C320001A4600F06BFF04F50763954A0021C4F834
:10C33000600804F508601A6004F6680304F66C02ED
:10C3400015604FF420721D60F4F726F9D4ED067ADB
:10C350009FED8C6A04F67403F8EEE77ADFED8A6AE3
:10C360008A4930464FF07E5204F55B6686EE277AA6
:10C37000C6EE877A83ED007AC4F8847DFDEEE77A15
:10C3800017EE903AC4F8783804F688531D6004F626
:10C390008C53196004F559637D49196004F6945370
:10C3A0007C49196004F698537B49196004F69C5344
:10C3B0007A49196004F55A637949196004F6A4535F
:10C3C0007849196004F6A8537749196004F6AC530C
:10C3D000764919603260FEF72DFDC4F85808002830
:10C3E0005AD0012304F6BC52C6E90133216B704ECA
:10C3F0000901166004F55C6201F5CA704FF07C51CA
:10C40000116004F6C852156004F6C452156004F5B4
:10C410005D62156004F6CC52156004F68C62C4F8B7
:10C42000D47D1560C4F8907EC4F8947E84F8983E5C
:10C43000FEF7DEF9C4F84808002800F09980236B65
:10C4400013F1190F05DB1B01394603F5CA72F4F726
:10C45000A3F82168002501260829C4F8D85DC4F88E
:10C460005C6820D00429C4F8F05EC4F8F45EC4F817
:10C47000FC5EC4F8005F10D14E4A20464E4BC4F813
:10C48000F82EC4F8003F0BB0BDEC028BBDE8F08382
:10C49000D4F84408FEF7B4F9002420460BB0BDECF4
:10C4A000028BBDE8F0839FED450A04F0BBFDB0EEC2
:10C4B000408A9FED430A04F0B5FD1421F0EE400AD6
:10C4C00004F6DC50B0EE480A04F0C4FD50222946C0
:10C4D00004F62C60F4F760F85022294604F69C60BC
:10C4E000F4F75AF8002204F67C63294684F8EC5EDF
:10C4F00080201A602B462A46C4F8805E00F07CFE3D
:10C500002A46C4F8840E2B463146802000F074FE83
:10C510002268C4F8880E042AC4F8F05EC4F8F45EF9
:10C52000C4F8FC5EC4F8005FA6D0082AB5D1254A3D
:10C530002046254BC4F8F82EC4F8FC3E0BB0BDECE9
:10C54000028BBDE8F083D4F84408FEF759F9D4F81B
:10C550006408FEF755F99FE7D4F84408FEF750F950
:10C56000D4F86408FEF74CF9206CFEF749F993E71C
:10C57000164BCA21164A1748F3F786FE0AD7233C02
:10C5800000004842DB0FC940DB0F4940143A923E9D
:10C59000143A123F1D575B3F143A923F99C8B63F79
:10C5A0001D57DB3FA3E5FF3F143A1240568124405C
:10C5B000CDCC4C3E01CE0008EDC70008000048433A
:10C5C0000040674589CF000861CB00083CD30108D3
:10C5D00090EC010828D3010810B590B30446D0F8B8
:10C5E0004808FEF70DF9D4F85808FEF7B7FCA06B21
:10C5F00000F000FEE06B00F003FED4F8600800F0ED
:10C60000FFFD2368082B13D0D4F84408FEF7F8F890
:10C61000D4F84C08FEF7F4F8206CFEF7F1F8D4F8E3
:10C620006408FEF7EDF82046BDE81040FEF7E8B8D4
:10C63000D4F8840E00F0DEFDD4F8880E00F0DAFDA8
:10C64000E2E7034B4FF48E71024A0348F3F71CFEF6
:10C6500050D3010880EC010828D301080368042B9B
:10C6600004D0082B0CBF1C200020704734207047DA
:10C670000068082806D0A0F10400B0FA80F0400954
:10C6800000B970474FF4A070704700BF10B570B18B
:10C69000D0F8FC4E1CB12346BDE810401847D0F836
:10C6A000003F5BB19FED060ABDE810401847054BFF
:10C6B00040F28B11044A0548F3F7E6FDFFF796FDBB
:10C6C0000000000050D301086CEC010828D30108D9
:10C6D00070B50C4601680546164608292DED028BFB
:10C6E000B0EE408AADF5A26D05D01A46304602A9DB
:10C6F0000AF0F8F802AB05F668023146286B0AF03A
:10C700001DF905F66C013046FEF794FED5F8442875
:10C7100001213346CDE90021D5F86428D5F8601809
:10C72000286BFFF76FFC2A6B002A4FDDD5F86408F1
:10C7300000EB82020346D3ED007A67EE887AE3ECE1
:10C74000017A9A42F7D10346DFED237AB3EC017AFE
:10C75000B4EE677AF1EE10FA77FE277A9A42F5D1B5
:10C760009FED1E6AF7EE006A87EE867AB4EEE67AEF
:10C77000F1EE10FA0CDD67EE077A034686EEA77A33
:10C78000D3ED007A67EE277AE3EC017A9A42F7D18B
:10C79000A11E9FED137ADFED136A134CF0EC017AC2
:10C7A00047F6FF73F4EEC77AF1EE10FA0ADCF4EE06
:10C7B000E67A2346F1EE10FA04D4FDEEE77A17EE9E
:10C7C000903A1BB2824221F8023FE7D10DF5A26DEB
:10C7D000BDEC028B70BD00BF000000000060EA46A7
:10C7E00000FEFF4600FEFFC60180FFFF2DE9F04F6F
:10C7F0002DED028BADF5185D9046002289B010AB8F
:10C8000007911A60002800F0948141F2D01342F29F
:10C810002C6641F2D015B0EE408A6B4404466E445B
:10C820006D440C3318464FF420720021F3F7B4FE28
:10C8300000F21453B342F5D1D4F85C38012210A9A8
:10C8400040460AF013FF0DF5B7530DF5B15601221E
:10C85000186010A9D4F85C3840460AF007FFD4F8F5
:10C860005C38C6F8D405012210A940460AF0FEFE45
:10C87000D4F85C38C6F8E80A012210A940460AF04C
:10C88000F5FE42F21C63072210A96B441860404673
:10C89000D4F85C380AF0EAFE07220146201D0AF0AF
:10C8A00039FC9FEDA77A42F20C130522C7EE007AFD
:10C8B00010A96B44404683ED000AD4F85C38FDEEC5
:10C8C000E77A17EE907AC6F8F07A0AF0CFFE0521E3
:10C8D00016AF0AF087FE002612AB83ED030A30463E
:10C8E00001360AF0B9F9D4F85C38024610A940467E
:10C8F0000AF0BCFE0A2E47F8040BF0D13EAF3246D8
:10C9000016A938460AF0AEFD314638460AF000FA5C
:10C91000DFED8C0A9FED8C0A314638460AF0D8FDCF
:10C92000DFED8A7AB4EEE78AF1EE10FA00F3DF80E9
:10C9300004F674020DF1800B12AE04F6885341F236
:10C94000D018099204F55B62B5EE008A0BF1780A03
:10C950005F46E844B1460A930B920896CDE90CB5C0
:10C960001D469346B0EE480A0A23384652462946E9
:10C97000283703F09DFE42F20C12B0EE480A404602
:10C98000D4ED070A6A44099908F2145803F036FEF8
:10C99000B0EE481AD6ED030A9BED000A03F064FEE0
:10C9A000F5EE007A5745A9EC010A38EE278AD9D16D
:10C9B00004F6BC530DF590784FF0000904F55C6A5D
:10C9C00074AF089E0893DDE90CB50A22414658462B
:10C9D00004F05EF8089B9AED001A0A22D3ED000AD3
:10C9E0000FAB96ED000A4146009300230597CDE971
:10C9F0000133D4F8B83D0493D4F8B43D03932B46E7
:10CA0000E06B0AF069FA28460AF0B2FD236B079A38
:10CA1000B7EE000A03FB09F3204602EB43013B4655
:10CA20002A46FFF755FED4F8F03E53B304220A21FC
:10CA30005846F3F72FFD0422D4F8F03E012130468A
:10CA4000F3F728FD0422D4F8F03E01212846F3F73D
:10CA500021FDD5F810350422012107EE903A11ABE3
:10CA600011A8F8EEE77AC3ED007AD4F8F03EF3F7B8
:10CA700011FD0422D4F8F03E0A2108EB0200F3F77E
:10CA800009FD09F101090BF1280B08F12C08043606
:10CA9000B9F1040F05F2145597D10DF5B15340F2D9
:10CAA000145209983EAE03F6EC21F3F767FF20AA73
:10CAB00012AB0A9C02F198070B9ADB6813603546AB
:10CAC000103410360FCDBD4244F8100C44F80C1C45
:10CAD00044F8082C44F8043CF1D103CE2060616096
:10CAE0000DF5185D09B0BDEC028BBDE8F08F42F288
:10CAF0001C620023304605216A44136042F208128A
:10CB00006A44136041F6F4326A4413600DF5B7527B
:10CB100013600AF067FDDFED0E0AF0EE407A314651
:10CB20003846B0EE600A12ABC3ED037A0AF0D0FCCF
:10CB3000FEE6084B40F27F41074A0848F3F7A4FBA2
:10CB4000DB0F49400000C842000048429A99193E54
:10CB50000000484350D3010844EC010828D30108E1
:10CB60002DE9F04F2DED048BADF5AB5D002685B0C2
:10CB70000AAFBE60002800F0BA80144607F10C0826
:10CB800005463346092220468B4607F108010AF084
:10CB90006DFD3346C8F80000092207F10801204660
:10CBA0000AF064FD3346C8F80400042207F10801C6
:10CBB00020460AF05BFD07F10801C8F8080033467B
:10CBC000204606220AF052FDADF5A15D95F8983E8B
:10CBD00007F164040DF12809D0B0C8F80C0007F182
:10CBE000F80109930DF1280AD5F8943E4A46CDF88C
:10CBF0001C8007F1F8080893281DD5F8883E9FEDA2
:10CC00003F8A0693D5F8843E9FED3D9A0593142301
:10CC1000DFED3C8A049305F6DC53039305F5686366
:10CC2000029305F67C63019305F62C63009353464B
:10CC300004F08CFED5F8F03E7B60E3B9296B4B46DF
:10CC40004246B7EE080A06FB01F10136284608F213
:10CC500014580BEB410109F5A169FFF739FD042ECA
:10CC60000AF1500AE6D107F5AA570C37BD46BDECCC
:10CC7000048BBDE8F08FDC22002107F11C00F3F7E4
:10CC80008BFCF3EE0E6A07F11C0251467B68F1EC57
:10CC9000017A77EEE67A87EE887AA2EC017A9442FE
:10CCA000F5D1D8ED006AB3EE057AD8F8102507F172
:10CCB0001C00C9EE267A77EE877A07EE102A07F174
:10CCC0001C02B8EEC77AFDEEE77A82ED257A17EE00
:10CCD000901A643907EE901A3721F8EEE77A67EE7A
:10CCE000A87AC2ED247A0422F3F7D4FBA6E7064B18
:10CCF00040F2E151054A0648F3F7C6FA0000204227
:10CD0000DB0FC9400AD7A33C50D301081CEC010833
:10CD100028D301082DE9F041D0E90C670D46ADF5A7
:10CD2000805DB91B044686B0D0F84C3800290ADD76
:10CD300003EB8707184603EB860C5CF804EB6745AA
:10CD400040F804EBF9D1002E0EDD023A03EB810C22
:10CD500002EB460132F9020F07EE900A9142F8EE1B
:10CD6000E77AECEC017AF5D106AF226C04F1040805
:10CD700000923A46A16B4046FEF79EFD324604F50E
:10CD8000076304F144060097029305AB0196D4F8BB
:10CD90004C18D4F85808FEF7A5F957ED017A9FED25
:10CDA000166A3A46DFED156A294686EE277A40462E
:10CDB000C6EE877A85ED007AFDEEE77AC5ED017A59
:10CDC000FEF7D6FDD4F8F03E83B101233246394652
:10CDD0002846FEF7E1FE33463A4629464046FEF72E
:10CDE00059FF0DF5805D06B0BDE8F0813246394649
:10CDF0002846FEF7D1FEEEE7DB0FC940DB0F4940C6
:10CE00002DE9F0410023ADF5B46D0393002800F047
:10CE1000AC801446026888460546042A00F09A80D1
:10CE2000A2F10802B2FA82F25209920000214046B1
:10CE3000F3F7B2FB2246284623A9FFF76BFFD5F88C
:10CE40005C38DDF89C2503A94046009301230EAE13
:10CE50000AF0EAFB2A6B23A9284604EB4202FFF7FB
:10CE600059FFD5F85C38DDF89C2503A940460093AE
:10CE700001230AF0D9FB2A6B23A9284604EB82027E
:10CE8000FFF748FFD5F85C38DDF89C2503A940463C
:10CE9000009301230AF0C8FB2A6B23A9284602EB62
:10CEA000420204EB42020A24FFF734FFD5F85C3853
:10CEB000DDF89C2503A94046009301230AF0B4FB4A
:10CEC0009DED230A0721281D0AF002F9D5F85C38E8
:10CED000024603A94046009307230AF0A5FB0194EC
:10CEE0006B6B18A904A800932B6CD5F84C280AF09A
:10CEF00093F905200AF052FBD5F85C38024603A9E5
:10CF00004046009305230AF08FFB2246002404A923
:10CF10000EA80AF033FA56F8047B204609F09CFE6E
:10CF200001343A46D5F85C78034603A94046009799
:10CF30000AF07AFB0A2CEED12B68042B0CD0082BBC
:10CF40000CBF1C230023039A9A4207D10DF5B46D40
:10CF5000BDE8F081072269E73423F4E7064B40F28D
:10CF60006441064A0648F3F78FF9064B4FF488618F
:10CF7000024A0348F3F788F95CD3010858EC01082A
:10CF800028D3010850D301082DE9F04FADF6643DD8
:10CF9000002308AF3B61002800F0D1809146026871
:10CFA00088460446042A00F0BF80A2F10802B2FAC3
:10CFB00082F252099200002507F58C760021404646
:10CFC000F3F7EAFA226B3146204605FB02F20135FF
:10CFD00009EB4202FFF79EFE042DF3D194F8EC3EDC
:10CFE000201D4FF0140A07F1C80BF86007F114096F
:10CFF000079304F6DC53324607F11801BB60009337
:10D0000004F69C63CDF810B0069304F68C63CDF85B
:10D010000890059307F17803CDF804A0039307F176
:10D02000280304F08DFAD4F8903E5344C4F8903E9F
:10D03000D4F8F03E002B3CD02A4601214846C7F8E0
:10D0400004D0F3F727FAD4F8F03E2A46514607F108
:10D050007800F3F71FFAD4F8F03E2A4651465846B6
:10D06000F3F718FA40F21452314607F22C60F3F746
:10D0700085FC94B097ED057A5B4608AA1146F3EC5F
:10D08000017A77EE877A9E42E1EC017AF7D1142596
:10D09000BB68F86807F22C61009504F0BBF9042224
:10D0A000D4F8F03EA02107F23460F3F7F3F9D7F893
:10D0B00004D0D4F8F43E2BB13046012240F2145192
:10D0C000F3F7E8F9BB69002507F1100140461A465D
:10D0D000FB60092300950AF0A7FAFA69092307F112
:10D0E0001001404600950AF09FFA3A6A042307F1BE
:10D0F0001001404600950AF097FA7A6A06234046E6
:10D1000007F1100100950AF08FFA2368042B0DD067
:10D11000082B0CBF1C222A463B69934208D107F614
:10D120004437BD46BDE8F08F072244E73422F3E7D9
:10D13000064B40F2CD51064A0648F3F7A5F8064BD8
:10D1400040F2A551024A0348F3F79EF85CD3010868
:10D1500030EC010828D3010850D3010808B550B1BC
:10D160000368023B022B02D94FF0FF3008BD054A8D
:10D1700052F8230008BD044B40F2F461034A04480E
:10D18000F3F782F8D8EB010850D3010800EC01084E
:10D1900028D3010808B500B303684A78032B15D0DB
:10D1A000042B04D0022B0AD04FF0FF3008BDCB78FF
:10D1B0001A4314BF012300238B70002008BD0B7C91
:10D1C0001A4314BF01230023CB73F6E7CB7A1A432B
:10D1D00014BF012300238B72EFE7034B40F20D7164
:10D1E000024A0348F3F750F850D30108E4EB010872
:10D1F00028D30108F3F764BC02F056BF03F06CB803
:10D20000F3F75EBC026830B5B2F5007FADF5805D26
:10D210000D4681B00DDC0446D2006846F3F7AEFB44
:10D220002A466946204603F02DF80DF5805D01B0D1
:10D2300030BD0A460DF5805D01B0BDE8304003F019
:10D2400021B800BF08B5034A3921034B0348F3F75F
:10D250001BF800BFDCEC010888D3010898D3010853
:10D2600038B505464000F3F723FC48B104461020CA
:10D27000F3F71EFC50B1C0E90044C0E9024538BDD7
:10D28000034B3021034A0448F2F7FEFFFFF7DAFFB1
:10D2900044D30108F4EC010898D3010810B540B15B
:10D2A00004460068F3F70CFC2046BDE81040F3F795
:10D2B00007BC034B4421034A0348F2F7E5FF00BFD4
:10D2C00088D30108C8EC010898D30108436870B5F9
:10D2D00031B30546D0E90264981BB3424FEA6000BF
:10D2E00038BF0019201A824217DA002A0CDD28689C
:10D2F00001EB420200EB440E31F902CB23F802CBE2
:10D300009E4504D08A42F7D100206B6070BD8A42EE
:10D310000346F1D100206B60F8E74FF0FF3070BD9D
:10D32000024B4F21024A0348F2F7AEFFB4D3010883
:10D33000B4EC010898D3010838B5836841B3456857
:10D340000446AB42A5EB03004FEA60001AD88242C4
:10D350001BDC002A0DDD206801EB4202E56800EBD2
:10D36000450E33F902CB9E4521F802CB04D08A4208
:10D37000F7D10020A36038BD8A420346F1D10020D6
:10D38000A360F8E7E5682844E1E74FF0FF3038BDD7
:10D39000024B6821024A0348F2F776FFB4D3010832
:10D3A000A0EC010898D30108D0E90112034691428C
:10D3B000A1EB02004FEA600001D2DB68184470471D
:10D3C000D0E90112C0688B1A91424FEA630338BF5B
:10D3D0001B18C01A013870472DE9F04F4FF47073D5
:10D3E00002EB8208DFED546A96004FEAC20CC0EDF2
:10D3F000006AC0ED016AB3FBF8F408FB04F41C1BDF
:10D4000068D14E4D02EB4207B0EE666A01EB0C03A9
:10D41000AE46AC44FF004FEAC80A4FEA880915013E
:10D420000EEB060B93ED012A93ED007A3B44DBED06
:10D43000007A01EB050BDEED004A444427EE877AC3
:10D4400091ED013A67EE827AD1ED002A9CED005A07
:10D45000B444A4EEA27AD3ED003AE4EE837ADBED95
:10D46000014A9BED003A01EB070BDCED005AB4F5E5
:10D47000707F93ED014AAC442B445144A5EE037AEE
:10D48000E5EE247ADBED004A9BED015A0EEB050B2D
:10D49000CE44A5EEA47AE5EE857ADBED005AA5EE42
:10D4A000A37AE5EE847A36EE076A76EEA76A80ED17
:10D4B000006AC0ED016AB3DB07EE902AF8EE677AE6
:10D4C00027EE866A67EEA67A80ED006AC0ED017AE3
:10D4D000BDE8F08F012A15D1B0EE666A174CF4EC66
:10D4E000017A013BD1ED005A01F1080111ED017AF9
:10D4F000A5EEA76AE7EE276A80ED006AC0ED016A33
:10D50000EDD1D9E7B0EE666A00240C4BD3ED007A7A
:10D510001444D1ED005A334491ED017AB4F5707F93
:10D52000A7EEA56A6144E7EE876A80ED006AC0ED68
:10D53000016AEBDBC0E700BF0000000060F00108FB
:10D5400010B570B100F580530446D3F8600AFFF7B8
:10D5500051FE2069FDF754F92046BDE81040FDF763
:10D560004FB9034BC621034A0348F2F78DFE00BFB3
:10D57000C4D3010844ED0108D4D301080068400079
:10D58000704700BF2DE9F843D0F80090074680EDC2
:10D59000010AB9F1000FB4BF09F101064E46B9F115
:10D5A000010F4FEA66062DED048BF0EE408A27DD71
:10D5B000754200F25C54DFED2D9A00F204689FED95
:10D5C0002C9A07EE905A01350834F8EEE77A67EEA8
:10D5D000A87A67EEA97A87EE898AB0EE480AF4F74E
:10D5E00075FFF0EE407AB0EE480A44ED027AF5F7A6
:10D5F000A3FB731904ED010A9E42A8EC018AE0DC4A
:10D60000B1452EDD07EBC60406F2811309F10109CD
:10D61000DFED169A04F25C5407EB8307A9EB0606CC
:10D6200001259FED139A07EE905A01350834F8EE64
:10D63000E77A67EEA87A67EEA97A87EE898AB0EE74
:10D64000480AF4F743FFF0EE407AB0EE480A44EDA2
:10D65000027AF5F771FBAE4204ED010AA7EC018AEC
:10D66000E1D1BDEC048BBDE8F88300BFDB0FC940FE
:10D670000000FA452DE9F0419846ADF5207D0B6894
:10D680000446A69DD2ED007AA79F002B00F0918062
:10D69000F1EE677A0023C2ED007ADFED476A6E464D
:10D6A0000B6008F6FC6367EEA67A9FED447ADFED27
:10D6B000441A3046C3ED007A08F2FC4398ED9F2AE5
:10D6C00067EE874AD3ED002A08F27C7322EE072A20
:10D6D00093ED003A08F6FC1362EE872AD3ED003A88
:10D6E00008F67C4323EE073A93ED004A63EE873A4F
:10D6F000344B24EE074A03F5A06103F52062A3F53D
:10D70000207CF0EE617A33ED017A71ED015A93EDF0
:10D71000A05A6345E2EE077A91EDA06A72ED016AC4
:10D7200092EDA07AE2EE857AE3EE257AE3EE867A50
:10D73000E4EE267AE4EE877AE0EC017AE1D14FF468
:10D74000486208F520714046F3F736F84FF420722E
:10D7500008F548600021F2F71FFFDFED1B4A234662
:10D7600006F5207297ED016A083397ED005AD5ED62
:10D77000017AD5ED005A66EE676AB6EC017A67EE7B
:10D78000857A27EE247A9642E5EE856AE5EE867A7A
:10D7900027EE266AC5ED006A27EE277AC5ED017AE5
:10D7A00003ED026A03ED017ADCD10DF5207DBDE8C1
:10D7B000F081012371E700BFF304353F00002043EF
:10D7C00000000000E0F20108F30435402DE9F041CB
:10D7D000ADF5A05D00250F464FF07E5186B00446A2
:10D7E000029502AB0DF5836303AAA4F5A0560DF1D3
:10D7F0001008A3F581630DF5A36019601949116044
:10D80000002229465A604FF47062F2F7C5FE03AA5F
:10D8100002A906A80DF5A363CDE90087FFF72AFF4B
:10D82000032D4FF4A06206A9304617DD0135F3F74A
:10D83000A5F806F5A066082DE9D1204604F5A05309
:10D84000D0ED017A0830F1EE677A834240ED017A3B
:10D85000F6D10DF5A05D06B0BDE8F08101351644A6
:10D86000D5E700BFF304B53F14282DE9F04F2DEDA7
:10D87000068B83B000F35781054649F65440FCF708
:10D88000B7FF0446002800F04881EB00002668013D
:10D8900025600193C4E90236FCF7AAFF2061002845
:10D8A00000F05381A168B14208DD021F33463046C3
:10D8B000013342F8040FA1689942F9DCA02900F273
:10D8C0003E8100229542C4E905226EDB6B1C48F6BE
:10D8D000B05648F66848F7EE008A07EE903A91464F
:10D8E0009FED9DAAA346F8EEE79A2644A04404F2D1
:10D8F000B44A27469FED998A07EE909A49F6DC23B1
:10D90000CBED078AF8EEE77A5B448BED088AC3ED2E
:10D91000008A49F6E02367EE8A7A5B4487EEA99A8B
:10D9200083ED008A87ED318A87ED328A87ED338A6D
:10D9300087ED348A87ED358A87ED368A87ED378A19
:10D9400087ED388A87ED398A87ED3A8A87ED3B8AF9
:10D9500087ED3C8AB0EE490AF4F7B8FDF0EE407A64
:10D96000B0EE490ACAED007AF5F7E6F9A6F1A00390
:10D970008AED010AC8ED008A88ED018A83ED008AEC
:10D98000083303ED018AB342F8D14D450BF1080B82
:10D9900007F1300706F1A0060AF1080A08F10808A5
:10D9A00009F1010301D09946A6E7019A4FF080439F
:10D9B0009FED6B0A2046A618F36106F25C57FFF74D
:10D9C000E1FD019A06F5AC6305F5C07002F25C5109
:10D9D0004FF07E5204F5C04604EB80003A60002709
:10D9E00021441F605F4B476004F5CB60C6F8C4302C
:10D9F0005D4BC6F8D020C6F8C8305C4BC6F8D820BE
:10DA0000C6F8CC30C6F8D470C6F8DC70FFF7DEFE7E
:10DA100000234FF480701A461946FFF7EDFB04F51A
:10DA20008053C3F8600A002800F0838042F2941209
:10DA300041F6642322442344114608331760083218
:10DA40008B4243F8087C42F8047C43F8047CF4D110
:10DA500004F5D35300214FF4F07243E9021246F269
:10DA6000F00246F6280300212244234411600832C4
:10DA700042F8041C9A42F9D143F6C44142F6C4026A
:10DA80000020214422440F46083208600831BA427F
:10DA900042F8080C41F8040C42F8040CF4D14FF0A1
:10DAA0007E5248F66841C6F8E000C6F8E4202144FA
:10DAB0000022C6F8E8001A60083343F8042C9942A3
:10DAC000F9D1002104F510478D42C7F89C1BC7F817
:10DAD000A01BC7F8A41BC7F8841BC7F8881BC7F88E
:10DAE0008C1BC7F8901BC7F8941BC7F8981B0EDB5C
:10DAF000013549F6A830AD0020442A46F2F74CFD26
:10DB000049F6FC302A4600212044F2F745FD002367
:10DB100007F545673B60C6F8EC30204603B0BDEC26
:10DB2000068BBDE8F08F124B4B21124A1248F2F7D8
:10DB3000ABFB124B8F210F4A0F48F2F7A5FB104B9E
:10DB400059210C4A0C48F2F79FFB0E4B5721094A0A
:10DB50000948F2F799FB00BFDB0FC9400000000045
:10DB60000000964215EFC33E5E836C3FE4CB963FC8
:10DB7000E8D3010854ED0108D4D3010844D40108C6
:10DB800010D40108F4D301082DE9F8439146054665
:10DB90000E462DED088BDDE91172C2F5207EC2F133
:10DBA000E60CBEF1000F10DD03EBC208002408EB09
:10DBB000C40103EBC402013403C9A64582E8030093
:10DBC000F5D1BEF5207F80F23E8109EBCC029FEDBE
:10DBD000D53ADFEDD53A03EBCE049FEDD44ADFED25
:10DBE000D44A9FEDD45ADFEDD45A9FEDD46ADFEDCD
:10DBF000D46A9FEDD47AF0EE437A84ED003AB0EE29
:10DC0000431A84ED013A52ED392A083412ED3A2ACA
:10DC10000832A2EEA31A12ED3A8AE2EE237A12ED4E
:10DC2000390A52ED38BA0EF1010E12ED37BA52ED43
:10DC300036AABEF5207F12ED35AAA0EE041A52EDE9
:10DC4000349AE8EE047A12ED339A9FEDBF2ADFEDA5
:10DC5000BF1ADFEDBF2ADFEDBF0AABEE241A9FED3E
:10DC6000BE0AEBEEA47A9FEDBD8ADFEDBD8AAAEE77
:10DC7000051AEAEE857AA9EE251AE9EEA57A04EDF1
:10DC8000011A44ED027A12ED329AE9EE067A12EDAB
:10DC9000319AA9EE061A12ED309AE9EE267A12EDC3
:10DCA0002F9AA9EE261A12ED2E9AE9EE077A12EDB6
:10DCB0002D9AA9EE071A12ED2C9AE9EE027A12EDCE
:10DCC0002B9AA9EE021A12ED2A9AE9EE217A12EDA8
:10DCD000299AA9EE211A44ED027A04ED011A12EDF7
:10DCE000279AA9EE221A12ED289AE9EE227A12ED6D
:10DCF000259AA9EE201A12ED269AE9EE207A12ED65
:10DD0000239AA9EE001A12ED249AE9EE007A12ED98
:10DD1000219AA9EE081A12ED229AE9EE087A12ED7C
:10DD20001F9AA9EE281A12ED209AE9EE287A04ED3E
:10DD3000011A44ED027A12ED1D9AA9EE281A12ED8D
:10DD40001E9AE9EE287A12ED1B9A52ED168AA9EE78
:10DD5000081A12ED1C9AE9EE087A12ED198AA8EE5B
:10DD6000001A12ED1A8AE8EE007A12ED170AA0EEF8
:10DD7000201A12ED180AE0EE207A52ED150AA0EEF4
:10DD8000A21AE8EEA27AF0EE412A04ED011A44ED5F
:10DD9000027A12ED130A52ED140AE0EE212A12ED76
:10DDA000119AE0EEA17A12ED108A52ED0F8A52ED2F
:10DDB0000E0A12ED0D0A52ED0C1AE9EE022A12EDCE
:10DDC000129A12ED0B1AE9EE027AE8EE872AE8EED3
:10DDD000077AE0EE262AE0EEA67AE1EE062AE1EEE8
:10DDE000867A44ED012A44ED027A52ED091A52ED89
:10DDF000088A12ED0A2AE1EEA52A12ED079AE2EE50
:10DE0000257A12ED060A12ED058A12ED041A52ED7A
:10DE1000030AE9EE052A12ED022A52ED011AE8EE94
:10DE2000857AE8EE242AE0EE247AE0EE842AE1EE18
:10DE3000047AE1EEA32AE2EE237A44ED012A44EDCE
:10DE4000027A7FF4D8AE4FF0000C3C4607F5006133
:10DE50003A46C5F800C0C2F800C0083242F804CC07
:10DE60009142F8D1139A002A49D03E4904333A46E8
:10DE700001F520608C4693ED007A53ED017A503124
:10DE8000DCED006A0832814203F1A00326EE877AB6
:10DE900067EEA67A02ED017A42ED027AEAD13946BE
:10DEA0001098FFF7AFF900229FED1E7A1346D4EDCC
:10DEB000017A083454ED026A67EEA77AE6EEA67A94
:10DEC000F4EEC77AF1EE10FAC8BF1A4603F1010367
:10DED00037FE877AB3F5807FE9D17F2A17DC07EE1A
:10DEE000902AF7EE096AF8EEE77A67EEA67AC5EDB2
:10DEF000007A86ED007ABDEC088BBDE8F8839FEDD3
:10DF0000097ABDEC088B86ED007ABDE8F883A2F5AE
:10DF10008073F7EE096A07EE903AF8EEE77A67EE5B
:10DF2000A67AE4E7000000005C25123BA149453BCE
:10DF3000FC6B9A3B0ED2F83B9B91413C88AA8E3CED
:10DF40004B0AC73C8AF9033DC432273D5C474B3D31
:10DF50004D0C6E3D46A2863D916A933D107B9C3DE3
:10DF60009E2EA13D200002082DE9F04F151EADF6B2
:10DF7000B44D04468E46984600F5805730DD0122A8
:10DF8000D7F8583AD7F85C9A049703F1CB010CA85C
:10DF900009F1CB0C013300EBC20A0DF5CE6004EBA6
:10DFA000C101B3F5207F00EBC20609F1010904EBC2
:10DFB000CC0CA8BF0023B9F5207F02F1010B03C9E7
:10DFC0000AE903009CE8030006E9030080F2A6804A
:10DFD000AA425A46D9D1049FC7F85C9AC7F8583A62
:10DFE00004EBC50941F6642C42F29416E90062463E
:10DFF00009EB0C0A09F5065926442244C5F1E60B43
:10E0000009F114090023CDE90414CDE906E50AEB72
:10E01000C30102EBC30E09EBC30506EBC3040133D6
:10E0200003C95B458EE8030095E8030084E803001C
:10E03000EDDBDDE906E5DDE90414FDB342F2941001
:10E040000CEBCB0C7346714400EBCB00A4440DF1F8
:10E0500030090DF5CE6E2044D3ED017A0CF1080C99
:10E0600099ED006A0833D9ED014A083027EE867A27
:10E0700013ED025A64EEE77ADEED005ADEED016A36
:10E080009942A5EE247A09F10809E5EE067A0EF127
:10E09000080E0CED017A4CED027A53ED017A13ED86
:10E0A000026A26EEE77A67EEA57AA6EE257AE6EE14
:10E0B000267A00ED027A40ED017ACDD145F2C40313
:10E0C0000AA908A823440193CDE90258D7F8603A79
:10E0D000009342F6C4032344FFF756FD45F6C401FE
:10E0E000324609A82144CDE90258D7F8603A019197
:10E0F0000BA9009343F6C4432344FFF745FD9DED70
:10E100000A7ADDED0B7AB4EEE77AF1EE10FA0CDD67
:10E110009DED080A0DF6B44DBDE8F08FAA424FF010
:10E1200000095A467FF431AF55E79DED090A0DF617
:10E13000B44DBDE8F08F00BF9FED2B7ADFED2B7A59
:10E1400020EE070AF8B52DED028BC0EE278A1F4698
:10E1500006460C461546B0EE680AF4F7B7F9B0EE7D
:10E16000408AB0EE680AF4F7E7FD002F27DD21466C
:10E17000304604EBC703D5ED017A083195ED007AFE
:10E18000083067EEC06A8B4268EE277AE8EE076ACD
:10E19000E0EE077AC5ED006AC5ED017A11ED017A6E
:10E1A00051ED025A27EE676A26EE877AA6EEA56A37
:10E1B000A7EEA57A00ED026A00ED017ADBD1D5ED7C
:10E1C000017A95ED007A67EEA76ABDEC028BE7EE67
:10E1D000076AB1EEE66AC7EE066A87EE867AC5ED93
:10E1E000006A85ED017AF8BDDB0FC9400000FA45F1
:10E1F000F0B5C3F1E7061D4684468E46002E144650
:10E200000EDD02EBC307002207EBC20004EBC203E2
:10E21000013203C8B24283E80300F5D1002D41DD8D
:10E2200004EBC60600230EEBC30006EBC30201336A
:10E2300003C89D4282E80300F5DCC5F1C90300264E
:10E240000CF1040E9FED186A04EBC304174B184A37
:10E250002046DFED157A11460EED016A0746B1EC56
:10E26000017A0830D7ED006A8B42E6EE877A4EEDF0
:10E27000017AF3D12146DFED0C7A8CED016AD1ED04
:10E28000016A0831B2EC017AE6EE877A9342CCED6E
:10E29000017AF4D101360CF1080C08340EF1080EA5
:10E2A000B542D4DCF0BD00BF0000000060F0010802
:10E2B000E4EF01082DE9F04F89B01C4617460D1E0A
:10E2C000139B149A4FEA8303039093FBF2F3C0F27B
:10E2D0005F81D3F1130100F16081C3EB437004F15E
:10E2E000A00E05EB850903F1010804EBC0020194BF
:10E2F000C3EB890988444FEAC00B14460EEBC909E9
:10E300004FEA850AA4EB0B021E4602EBC60104EBA2
:10E31000C60C013603C946458CE80300F5D1A0348C
:10E320004C45EFD1C3F1140B019CBBF1130F70DC12
:10E330003A460AEB0501C3F11900C3F1160802F1D0
:10E340002806C3F11709CDF818E04FEACB0706EB12
:10E35000C106C3F1180104EBCB0CC3F11A038E46BE
:10E360000190CDF81CA0CDE9045492E80300BBF164
:10E37000130F8CE803007BD002F108010CF10804B4
:10E38000B8F1130F03C984E8030071DC02F1100136
:10E390000CF11004B9F1140F03C984E8030067D02D
:10E3A00002F118010CF11804BEF1140F03C984E83E
:10E3B00003005DD002F120010CF1200403C984E8C0
:10E3C0000300019902F12804142919D00CF1280541
:10E3D000142B94E8030085E8030011D0D21BACEBAA
:10E3E000070A1D46CDF808C002EBC5010AEBC50CB3
:10E3F000013503C9142D8CE80300F5D1DDF808C000
:10E40000B44222460CF1A00CAFD1DDE90454DDE9A1
:10E4100006EA0AEB050304F5A077129800260EEB36
:10E42000431207EB431701465B01002D41F8046BD3
:10E4300027DB6FF09F064FF0000CF61AB3189FED24
:10E440005E7AD3ED017AA03353ED286A67EEA77A9E
:10E450009342E6EEA67AF1EEE76A37EE267A01ED10
:10E46000017AEED1083297420ED041F804CBE5E7AD
:10E4700002F128040CF1A00CB44222467FF475AFDF
:10E48000C3E708329742D0D19FED4B0AB7EE007A2E
:10E49000129BF0EE407A9FED496AF0EE400A50334D
:10E4A000F0EC016AF0EE475AE6EE870A8342A6EEE8
:10E4B000A70AF0EE676AE7EE865AD7EE066AF0EE34
:10E4C000657AB0EE667AEBD1F4F7F4F9DFED3C7AD9
:10E4D000F7EE006AC0EE275AF0EEE57AF4EEE67A3F
:10E4E000F1EE10FA60D5F1EE007AE5EEA76AF4EEEF
:10E4F000E76AF1EE10FAC8BF76EEE76A002DF2EE99
:10E50000007A76EEA76AFBFE667AFDEEE77ABAFE3F
:10E51000667ABDEEC77AB8EEE76A76EEC66A2EDB9B
:10E5200017EE102AB7EE006A039B511E17EE902AD1
:10E5300036EE666A04EBC20204EBC10403F1080183
:10E54000043A01EBC5012046D4ED017AD2ED004A30
:10E55000083390ED007A66EEA77A12ED015A9942DF
:10E5600026EE877A04F1A004E4EE867A02F1A00296
:10E57000A5EE067A43ED017A03ED027AE3D1DDEDF3
:10E58000147AB8EEE70A20EE250A09B0BDE8F08F4C
:10E590004FEA850A04F1A00E3BE7C3F1140B4FEAE2
:10E5A000850A04F1A00EC3E6064B40F2F441064A88
:10E5B0000648F1F769FE00BF000000002EBD3BB326
:10E5C000DB0FC9407CD4010820ED0108D4D3010839
:10E5D000002A2DE9F04388460999DDE9075640F302
:10E5E000B980F7EE003AD70005EBC2099FED5A4A11
:10E5F0009FED5A5AAC4634469E461A469CED016A37
:10E600000CF1080C5CED027A083266EE065A94EDC5
:10E61000017AD4ED004AE14504F10804E7EEA75A77
:10E62000F1EEE56A76EE846AC3EEA65A67EEA56A55
:10E6300026EE656A67EE267A26EE477AE4EE867A5B
:10E64000A4EEA67A67EE857AF0EE676AE7EE057AC1
:10E65000D7EE056A42ED017A42ED026ACED1002280
:10E6600000EB070C14460DE0B5EEC07AF1EE10FA9F
:10E6700062DB002214460EF1080EC0E900420830A9
:10E6800084451AD0DEED007A9EED017AF5EEC07A6F
:10E69000F1EE10FAE8DAEED5B5EEC07AF1EE10FA46
:10E6A00051DAE8D5B1FA81F201240EF1080E5209CF
:10E6B000C0E9004208308445E4D13D449FED264A3C
:10E6C000F7EE004A3E4495ED017A3B44D5ED006AF1
:10E6D00067EE075AD6ED017A96ED005AE6EEA65A95
:10E6E000B1EEE56A36EE046A84EE860A27EE407AD9
:10E6F00060EE266A27EEC76A66EEA77AA6EE856AFE
:10E70000E7EE057AB5EEC06AF1EE10FA1ED427EEF8
:10E71000C00A00229FED117AC8F8002067EE877AC0
:10E72000F0EE676AE6EE077AD6EE076AC3ED017A85
:10E73000C3ED006ABDE8F0839DD50A1E4FF00104C9
:10E7400018BF012297E70122002494E720EE270A50
:10E750000122DFE7D700B0E7BD378635F304353F48
:10E760002DE9F041171EAAB062DB6C4603F10C05DF
:10E7700003F1040EFE0005EBC7059C462246F04659
:10E780001EED017A0EF1080ED8ED007A754567EEA0
:10E79000A77AE7EE077AB1EEE77AA2EC017AEED13A
:10E7A00000F1040E9FED246ADFED246ABD000EEB3C
:10E7B000870E0246F4EC017A92ED007A67EE867AD3
:10E7C000E7EE267AE2EC017A9645F3D1083315AAF2
:10E7D0009FED1B6A33441446DCED017A0CF1080C02
:10E7E0001CED027AF0EEE77AF0EC016AB0EEC77A3F
:10E7F0006345D6EE867A96EE867A67EEA77AE7EEDE
:10E80000077AB1EEE77AA4EC017AE5D10B1D9FED12
:10E810000A6ADFED0A6A2B44F2EC017A91ED007A84
:10E8200067EE867AE7EE267AE1EC017A8B42F3D145
:10E830002AB0BDE8F08100BFD0CCCC3D6666663F13
:10E84000F304353F806870472DE9F041046886681D
:10E85000A6EB440CBCF1000F11DD0569670005EB68
:10E86000C40E043D0024AEF1040E5EF8046F0134C2
:10E8700045F8046F8668A6EB070CA445F5DCB445A3
:10E8800010DA6FF040440669644406EB8406079C86
:10E89000043C54F8045F0CF1010C46F8045F8568F1
:10E8A0006545F6DC00241C608568A5422FDD0669FD
:10E8B000A2F10208174FA646043E57F8045B0EF17A
:10E8C000010E56F8042F82EA050C0FFA8CFC644402
:10E8D00028F802CF1C6085687545EEDC07EE904A8B
:10E8E000F8EEE77A07EE105ADFED0B6A069AB8EEFB
:10E8F000C77A87EE876AB4EEE66AF1EE10FA4CBF8B
:10E90000012300230B6083681360BDE8F081DFED15
:10E91000037AE7E764ED0108CDCC4C3E000000002F
:10E920002DE9F041069C074688461546211D142214
:10E9300020461E46F1F740FF4FEA4801D4E9002384
:10E94000A2EB030CA3689C44E368ACEB030C2369C3
:10E950009C444B1EC1F1010163446161A3F10602B5
:10E96000002BB2FA82F2B8BF5B4252093A602A68C1
:10E97000032A07D8DFE802F0190F0802062B21D17D
:10E9800002232B60012013E0062BFBD0002203237F
:10E9900032602B60F6E7062B0CD133680133192B5C
:10E9A0003360EDD001232B60ECE7062B05D000206F
:10E9B000BDE8F08100232B60F9E7002201233260DB
:10E9C0002B60DFE733680133322B3360F2D003234F
:10E9D0002B60D7E72DE9F04F2DED048BADF56B5D86
:10E9E00005460846194687B043F610339FEDD00A16
:10E9F00005F5104B6B441B68CDE909021C6846F213
:10EA0000D80241F2580023462A446844FFF794FB99
:10EA1000C82CDBF8A03B00F38381B3FA83F341F207
:10EA20005801224628465B096944FFF79DFADBF846
:10EA3000A03B002B00F05D8105F5C04393ED380A43
:10EA40000B9343F6103341F2580146F2E402B1EE63
:10EA5000400A6B4469442A44F6A81B6846F6280716
:10EA60001C682346C4F59166FFF766FB46F2F00288
:10EA7000F6A923462A440DF61820FFF7B9FBEB1937
:10EA8000F600D5F800804FEAC409184603EBC4012C
:10EA90003246F1F791FE4A460DF618213044F1F75F
:10EAA0006DFFB8F1000FC0F2348140F6CD5304F28F
:10EAB000BF32C4F1C80C48F6684A1B1B22F003029F
:10EAC0009FED9C8A4FF00009C7EBC306624405EB3B
:10EAD000C30305F20467069341F298636B4403F1A4
:10EAE00020011E44089301EBC203CDE90C5B0793A0
:10EAF0000AEB050B24ABCDE904C3B7EC019A29EE70
:10EB0000489AB0EE490AF3F7E1FCF0EE408AB0EE25
:10EB1000490AF4F711F9DBED011ADBED007A28EE72
:10EB2000A11A854961EEC01A049B5944A0EE271A28
:10EB3000B3F5916FE8EEA71A8BED011ACBED001A31
:10EB400091ED006A7D495944D1ED006A66EEE65ABE
:10EB500066EE267AE6EE065A77EEA77A27EE867AF2
:10EB600066EEE77AA6EEA57AE6EE257A67EE665AB5
:10EB700026EE077AE6EE275AA6EEA77A3CDA314669
:10EB8000069861EE476A2031F0EE617A079B25EE28
:10EB9000811A2030E5EEA16AA7EE271AF0EE661A78
:10EBA000CBED006A8BED011A50ED077A10ED086A83
:10EBB00061EE276A67EEA17AE6EE216AE1EE467A17
:10EBC00041ED086A41ED077A8B42DAD1002C13DD62
:10EBD00009EB8900059B35464FF0000A03EBC000A6
:10EBE0000AF1280A2946042205F5A075FEF7F4FB70
:10EBF000544500F10800F3DC61EE017A09F10109E6
:10EC00000BF1080BC845E1EEA17AB1EEE77AC1EE4F
:10EC1000876AC1EE077A4BED026A4BED017ABFF6C7
:10EC20006CAFDDE90C5BA023059A0898029343F6CC
:10EC300010336B441B681B68019310AB009348F6BC
:10EC4000105329682B44FFF735FBDFED3D7AB4EE16
:10EC5000E70AF1EE10FA52DDC8220BF5236349F6FC
:10EC6000DC2649F634240FA92E44DDE9087001970B
:10EC700083ED000A43F610336B441B681A6000965C
:10EC80006B69029363192A68FFF7A2FC30462E686D
:10EC90003946B0EE408A721CD200F1F76FFE49F699
:10ECA000FC3149F6A8306319324629442844FFF75D
:10ECB00057FD49F6843349F69C320A982B440F9944
:10ECC0002A44009349F6A4332B44FFF729FE0B9BFB
:10ECD000B6EE007AD3ED387ACBF8A00BE8EE477A9F
:10ECE000C3ED387A0DF56B5D07B0BDEC048BBDE864
:10ECF000F08F05F5C0430B9383ED380AA1E6DFEDF5
:10ED0000117AB4EEE70AF1EE10FA4CBF7822A02295
:10ED1000A3E724AB059341F298636B44089382E721
:10ED2000094B4FF44371094A0948F1F7ADFA00BFA6
:10ED30000080BBC400007044F478FFFFF878FFFF48
:10ED400000002042000020C260D4010830ED01081C
:10ED5000D4D30108F8B50568322D2DED028B5CDCAB
:10ED6000002D04460E460D6052DB49F6AC3249F6E2
:10ED7000A833AF009FED2C7A0244034402EB8502D6
:10ED8000F3EC017A9A42A7EEA77AF9D19FED270A10
:10ED900037EE000AF4F714F8B2EE047A49F6FC33C1
:10EDA00004F51C42DFED207A20EE078A23443A4422
:10EDB000B3EC017A9A4277EE877AF9D101359FED6B
:10EDC0001B0A07EE105AB8EEC77AC7EE876AA6EE9E
:10EDD000A60AF3F7F5FFB2EE047ADFED157A04F533
:10EDE000104304F5C0440022E0EE077AD3F8A00BEC
:10EDF00003F52363D4F8E010F0601B683161B26161
:10EE000038EE670A7361BDEC028B86ED010AF8BD2E
:10EE10009FED088ADFED047AD0E7074B40F2B1613D
:10EE2000064A0748F1F730FA00000000CCBC8C2BF2
:10EE30008A408E410000F0C298D4010808ED010814
:10EE4000D4D30108F0B5161E8C462CDD0C1D864669
:10EE500000251C491C4B2046DFED1C7A1A4617463C
:10EE6000083230ED017AD7ED006A9142E6EE877AFA
:10EE7000F5D177EEA77A22469FED147ACEED007A8F
:10EE8000D3ED016A083372ED017A9942A6EEA77AB2
:10EE9000F6D1013537EE077A0EF1080E0434AE4292
:10EEA0000EED017AD6D1183EACF160020CEB860073
:10EEB0000346603053F8041B984242F8041BF9D112
:10EEC000F0BD00BF2000020860FF01080000000044
:10EED0002DE9F0474FEA410990FBF9F509FB150AC6
:10EEE000BAF1000F2AD106463C208846F1F7E0FD32
:10EEF0000446074670B305EB45030022C5600121B7
:10EF00009B014263C0F824A0C0228660C0E900894A
:10EF100003EB85002361C4E9070360238000C4E993
:10EF20000523F1F75DFA0546B0B12C20A562F1F793
:10EF3000BFFDA06340B13846BDE8F087084B3321E0
:10EF4000084A0948F1F7A0F92846F1F7B9FD20462B
:10EF5000F1F7B6FD0027EEE72046F1F7B1FDF9E73E
:10EF6000B8D40108200A0208CCD4010810B5044620
:10EF7000806AF1F7A5FD2046BDE81040F1F7A0BD7D
:10EF8000006A70472DE9F04F0646C76893460D4664
:10EF9000F369B46A2DED048BD0ED028A85B0006A66
:10EFA00096ED018A1B1A04EB80014FEA830A33694C
:10EFB00001938300524620460293D6E90589F1F772
:10EFC000FBFB59464FEA870B029A04EB0A0008F153
:10EFD000010AF1F7D3FC08FB0BB0F1F769FD07FB61
:10EFE0000AFC8246BCF1000F40F3E3815C44014619
:10EFF0000022D319DFEDD27A9A4207DAA4EB0B0391
:10F00000B3EC017A9C4277EE877AF9D1013204346D
:10F01000E0EC017A6245ECD1F8EEC87A9FEDBD7A5A
:10F02000F8EEE88A67EE877ACDE9021287EEA89AB1
:10F03000B0EE490AF3F74AFAB0EE408AB0EE490A58
:10F04000F3F77AFEDFEDBE5A039AF7EE006AF0EEB0
:10F05000650A0299B0EE657A0AEB820227EE405A01
:10F06000F1EC017A20EE266A67EEA77A8A42A8EED2
:10F07000265AA8EE076AE7EEA60AE7EE875AF0EEF0
:10F08000456AB0EE467AE9D1B0EE650AF3F712FCB4
:10F090009FEDA07ADFEDA07A80EE078A38EE678ACE
:10F0A00007EE907AB8EEE70A20EE080AF3F792F935
:10F0B000D6ED0B7A9FED997A78EE677A86ED0B8A1A
:10F0C000F0EEE76AF4EEC76AF1EE10FA19D59FED9B
:10F0D000947ADFED945A67EE877A07EE108A9FEDF7
:10F0E000926AF8EEC76A87EEA67A67EE257A96ED01
:10F0F0000C7AB8EEC77AE7EE067AFDEEE77AC6ED4F
:10F100000C7ADFED8A7A002F3A46B4EEE78AB8BF70
:10F110007A1C07EB6203F1EE10FA4FEA6202034435
:10F1200040F3D280019911440191D6ED097AB8F1EA
:10F13000000F019AF8EEE77A3262B0EEE76A40F328
:10F14000B480012FDFED7E5A40F0D780013BB0EE56
:10F15000655AB0EE654A0AEB8302F0EE654AF0EEBE
:10F16000653A00230AE0F0EE476A29BB34EE074A0D
:10F1700002215C100133984529552BD0B0EE677AF7
:10F18000F2EC017AF0EE466A03F00101B0EEE76AB4
:10F190005C1037EE677AA7EEA75A76EE666AB5EE90
:10F1A000C07AE6EEA65AF1EE10FADCDC73EEC76A1E
:10F1B00011B934EE264ADCE7B5EEC07A295D013399
:10F1C00074EEA64AF1EE10FAC8BF41F0010198456D
:10F1D0002955D3D1B6EE006A9FED557AF4EEC44AB4
:10F1E000DFED546AA5EE867A35EE265AF1EE10FA76
:10F1F00085EE070A5BDDB9F1000F24DD09F1FF336D
:10F20000022B40F2DB8029F003012B466C181A68B0
:10F2100002F0013243F8042BA342F8D149450B46D2
:10F2200011D0EA5C02F00102EA545A1C91450ADD51
:10F23000A95C023301F001019945A95403DDEA5CA0
:10F2400002F00102EA5496ED0D8AFDEEE77ADFED59
:10F25000358A07EE100AD6ED0C6A0023B4EEE88A70
:10F26000B46BB8EEC77AC6ED097AF8EEE66A2361A8
:10F27000F1EE10FA4FF0000384ED057AC4ED066A52
:10F280002360A3602CD5F3F79BFDF2EE047A60EEC9
:10F29000277A5046C6ED0D7AC4ED017A05B0BDEC73
:10F2A000048BBDE8F04FF1F70BBC9FED230AB9F1D9
:10F2B000000FC8DD013DA94415F8013FC3F3400329
:10F2C000A9452B70F8D1BEE7DFED1C7AB4EEE78AD2
:10F2D000F1EE10FA7FF529AF01998A1A019224E71D
:10F2E000F3F76EFDF2EE047A9FED0F7A60EE277A67
:10F2F00067EEA87AE8EE077ACBE7B0EE655A0AEB3C
:10F300008303B0EE654A0022F0EE654AF0EE653AFE
:10F3100025E000BFDB0FC9403D0AD73ECDCC4C3EB7
:10F3200000247449CDCCCC3D6666663FCDCC4CBE46
:10F33000BD378635262FAD344B29A53E666626BFE0
:10F3400000000000F0EE476A39BB34EE074A0221A4
:10F350005410295501325B4490453FF43BAFB0EE69
:10F36000677A53ED017AF0EE466A02F00101B0EEE1
:10F37000E76A541037EE677AA7EEA75A76EE666A08
:10F38000B5EEC07AE6EEA65AF1EE10FADADC73EECC
:10F39000C76A11B934EE264ADAE7B5EEC07A295DBC
:10F3A00074EEA64AF1EE10FAC8BF41F001012955EA
:10F3B000D0E75FED1D5AF0EE650A65E6002330E701
:10F3C0002DE9F04F2DED048B89B002FB03FE1746AB
:10F3D0000546169C8A46179A4FEACE0ED4E9008657
:10F3E000029206FB08FC012E00EBCC0B27D004F1A7
:10F3F0000802CDF81480F400814604921D4607FBF4
:10F4000008F2F04606900392029B4846A1445146FA
:10F410000193C244049B039A00932B46FFF7D0FF4D
:10F42000CB45F1D1DDE90585A8F10203032B00F2FC
:10F430006E85DFE813F060025D0263021C0000F1DC
:10F4400008094B465B459AE80300F24403E90300D0
:10F4500003F10803F6D1A8F10203032B00F2D385D0
:10F46000DFE813F00A028001EB0004000824029A8E
:10F4700006FB07F305EB4401002E02F5847205EB51
:10F48000040C01EB040002EBC30202EBC303D2ED58
:10F49000004A92ED013A01EB440293ED004AD3EDAC
:10F4A000013A40F3C580012F029B40F0B28208343C
:10F4B0000CF108060835083102EB040E083008325A
:10F4C0009C461F461C46D3ED421A0832D3ED436AD0
:10F4D000103416ED017A08339CED429A1837DCEDB2
:10F4E000438A67EE662A52ED037A27EE212A94EDCD
:10F4F0003E1A0CF1200C16ED027A27EEE85A67EE60
:10F50000895A51ED017AE1EE872A11ED028AA6EEC1
:10F51000872AD4ED3F9A27EE817A97ED3D6A67EE10
:10F52000E91A50ED017AD7ED3C0A0835A9EE887A40
:10F5300050ED026AE1EE081A12ED048A15ED040A94
:10F540000836A9EE085A0831E8EE885A0830B0EEBD
:10F55000471A27EEC67A67EEA07AA0EEA67AE6EE04
:10F56000267A75EE820A35EE226A32EE652A72EE4E
:10F57000C52AF0EE405AB0EE405A71EEC76AE6EE88
:10F58000045A37EE217AA6EE245A31EE679A37EE06
:10F59000066A77EE817AE7EE245A69EE231AA7EE1F
:10F5A000045A36EE007A77EEA08AE2EE031A05EDF1
:10F5B000047A23EEE68A15ED037A23EEC21A63EE8F
:10F5C000666A38EE876AA2EEC38A35EE612A05EDD7
:10F5D000036AB0EE476AA0EE847AE2EEA36A06ED13
:10F5E000042AA0EEA46AA9EE031A35EE215AA7EE6A
:10F5F000A47AA7EE846A75EE812A75EEC15A77EE79
:10F60000267A37EE667A36EE482A36EE086A06ED36
:10F61000032A02ED045A02ED036A724541ED042A01
:10F6200041ED037A40ED045A00ED037A7FF44BAFCD
:10F6300009B0BDEC048BBDE8F08F0824029B07EBFA
:10F6400047004FEAC70C5B68C0004FEA071E002B5B
:10F6500040F0578105EB4401012F2544029B4A46A7
:10F660000C4440F0D3831F46184690ED422A013ED9
:10F67000D0ED432A03F10803D7ED423A00F1100020
:10F6800097ED435A01F10801D4ED016A07F118071B
:10F69000D3ED400A02F1080293ED411A66EEC54A25
:10F6A00011ED016A05F1080555ED017A04F1080430
:10F6B00026EE624A11ED023A66EE025A55ED021A42
:10F6C00026EEA36A54ED026A27EEC17A67EEA07AAD
:10F6D000E3EEA64AA5EE266A12ED035AA2EE034A0D
:10F6E00052ED046AE2EE835AA0EEA17AE1EE217AAD
:10F6F00036EE842A75EE252A34EE873A76EE273ADE
:10F7000002ED042A75EE655A42ED032A77EEC67AB9
:10F7100032EE435A32EEE36A76EEC46A37EE647A2A
:10F7200001ED025A01ED016A12ED045A37EEA64AC4
:10F7300012ED036A75EEC74A76EEE76A37EE257A70
:10F7400076EE237A75EE035A42ED037A42ED045ABF
:10F7500005ED024A45ED014A44ED026A04ED017AE5
:10F7600083D165E70824029A07FB06F3012F02EB19
:10F77000C3034FEA061293ED435A029B40F04C82BA
:10F78000171D211DF1EE454A2819B6EE004A2F44F7
:10F79000294405EB44044A461D46D0ED017A013E5A
:10F7A00093ED432A05F11005D4ED016A03F1080336
:10F7B00095ED3F3A27EEC27A57ED013A02F1080281
:10F7C00026EEC36AD5ED3E5A51ED012A07F108072E
:10F7D000D3ED401A66EEA56AA5EEA36A52ED045A6F
:10F7E000A1EEA27A04F1080467EEA17A01F1080102
:10F7F000E3EE236A00F10800E2EE227A76EE073AA1
:10F8000037EE467AB0EE656A76EEA75AA3EEC46A82
:10F8100077EEE67A01ED036A52ED036AE5EEC46A1B
:10F8200040ED016A12ED046A52ED036A36EE236A76
:10F8300076EEA56A02ED046A42ED036A51ED036AB1
:10F84000E5EE276A47ED036A50ED016AE7EE246AA8
:10F8500044ED016A51ED036AE7EEA46A41ED036AE3
:10F8600050ED017AE5EE077A40ED017A95D109B0C5
:10F87000BDEC048BBDE8F08F0824012F05EB0401DB
:10F8800040F096814A460831029BD3ED435A083234
:10F8900051ED017A083111ED046A013E27EEE57A57
:10F8A00093ED425A52ED046A03F1080367EE857A3C
:10F8B000A5EE067AE5EE867A76EEC76A41ED046A31
:10F8C00052ED036A76EEE76A41ED036A12ED046ACF
:10F8D00052ED036A36EE077A76EEA77A02ED047AE5
:10F8E00042ED037AD1D109B0BDEC048BBDE8F08FB5
:10F8F00005F1080937E705F10809BEE705F1080930
:10F900009CE605EB4401012F2544029B4A460C442A
:10F9100040F0FC811F46184690ED422A013ED0ED92
:10F92000432A03F10803D7ED423A00F1100097EDA6
:10F93000435A01F1080194ED017A07F11807D3ED5C
:10F94000400A02F1080293ED411A67EE454A11EDB3
:10F95000016A05F1080555ED017A04F1080426EE67
:10F96000624A11ED023A66EE025A55ED021A27EE8E
:10F97000236A14ED027A67EEC16A67EEA07AE3EEBD
:10F98000874AA5EE076A12ED045AA2EE034A12ED69
:10F99000037AE2EE835AE0EEA16AE1EE217A35EED7
:10F9A000042A77EE252A34EEA63A76EE273A02EDBF
:10F9B000042A37EE657A42ED032A77EEC67A72EEB4
:10F9C000435A32EEE36A76EEE46A35EE445A41ED8C
:10F9D000025A01ED016A52ED045A76EE874A12EDA1
:10F9E000036A35EE674A37EE667A77EE857A75EE0A
:10F9F000835A76EE236A42ED045A42ED036A05ED1E
:10FA0000024A45ED014A44ED027A04ED017A83D1C0
:10FA10000EE6083207EB470AF1EE431A0CF1080430
:10FA200004923A014FEAC70B0835029208310830B8
:10FA30004FEACA0A7F0198469E469C464FF000094D
:10FA4000049A039693ED436A09F1010954ED017A92
:10FA5000083593ED420A083426EE671ADCED435A66
:10FA600011ED017A60EE272A14ED042A5B44DCEDE7
:10FA7000420A0832A2EE001A11ED025A25EEC70A18
:10FA8000DEED426AE2EE062A10ED026A20EE872AD7
:10FA900010ED017AA5EE200ADEED430AD8ED428A88
:10FAA000D644A5EE252A12ED048A26EE875A55ED96
:10FAB000047A60EEC75A15ED037A029E0831A6EE6D
:10FAC000205AD8ED430AE6EE265A52ED036AB444B2
:10FAD000039E20EEE66AB84468EEA66A4E4500F141
:10FAE0000800A8EE286AE8EE206A32EE058A32EEB7
:10FAF000452AB0EE675A71EE068A71EE460A32EE7A
:10FB0000E66A72EEA62A70EE656A30EE250A23EEEA
:10FB1000821AA4EEA85A78EE805AA3EE061A26EEB0
:10FB2000636A75EEA75AE4EE287AA3EE026A45ED01
:10FB3000045A72EE885AA4EE005A75EE875AE4EE23
:10FB4000807A45ED035AF0EE475AA4EEA27AE4EE2D
:10FB5000225A66EEC32A66EEE36A37EE862AE3EEA1
:10FB6000A02AE1EEA06AA4EE087AE4EE885A75EEC7
:10FB7000410A77EEC67A35EE015A44ED040A35EEB5
:10FB8000A26A75EEE25A77EE662A37EE267A44EDDF
:10FB9000032A02ED045A02ED037A01ED042A01ED75
:10FBA000036A40ED047A40ED035A7FF44BAF3FE522
:10FBB000FF0008314A46029B93ED436A013E51ED36
:10FBC000017A02F1080293ED425A01F1080126EE92
:10FBD000677A51ED045A65EE277A52ED046A3B4488
:10FBE000A5EE857AE5EE867A76EEC76A41ED046A7F
:10FBF00052ED036A76EEE76A41ED036A12ED046A9C
:10FC000052ED036A36EE077A76EEA77A02ED047AB1
:10FC100042ED037AD0D10BE5111D201DF1EE454ACE
:10FC200005EB040CB6EE004A294428444FEAC70EFF
:10FC300005EB44044A463F011D46D4ED015A013EFE
:10FC4000D5ED433A02F10802DCED011A01F1080199
:10FC5000D3ED432A23EEE56A10ED012A04F10804EE
:10FC600022EEE17AD3ED427AD5ED426A734411ED8A
:10FC7000033A3D44A2EE277A00F10800A3EE266A7B
:10FC80000CF1080C66EEA56A52ED045A67EEA17AF3
:10FC9000E3EE236AE2EE227A77EE063A37EE467A10
:10FCA000B0EE656AA3EEC46A77EEA65A77EEE67AFE
:10FCB00000ED036A52ED036AE5EEC46A4CED016A99
:10FCC00012ED046A52ED036A36EE236A76EEA56AF7
:10FCD00002ED046A42ED036A50ED036AE5EE276A1D
:10FCE00041ED036A5CED016AE7EE246A44ED016AC6
:10FCF00050ED036AE7EEA46A40ED036A5CED017A19
:10FD0000E5EE077A4CED017A97D191E498461F46CB
:10FD100097ED425A013ED7ED432A01F10801D8ED93
:10FD2000425A7744D8ED433A02F1080294ED017A41
:10FD3000804451ED016A05F1080563EEC74AD3ED31
:10FD4000420A22EEE64AD3ED431A65EE266A94EDA6
:10FD5000003A25EE877A11ED022A55ED017AE3EE9D
:10FD6000254AE2EE226A15ED021AA3EE237A6344D5
:10FD700021EEE76A04F1080460EEA77AA2EE054AD4
:10FD8000A1EE206AE1EE217AB0EE665A52ED046AE5
:10FD9000F0EE475A12ED037A34EE262A75EE072A62
:10FDA00036EE243A77EEA53A02ED042A77EEE57AAC
:10FDB00042ED032A37EE457A72EEE35A32EE435AA9
:10FDC00036EE646A76EEC46A41ED015A01ED025ADC
:10FDD00012ED045A77EE064A52ED035A36EEE74A20
:10FDE00037EE467A76EEA76A35EE036A75EEA37AA9
:10FDF00002ED046A42ED037A05ED024A45ED014A3F
:10FE000044ED026A04ED017A82D111E498461F465E
:10FE1000D7ED425A013E97ED432A01F1080198EDD2
:10FE2000423A7744D8ED433A02F10802D4ED016A30
:10FE3000804411ED016A05F1080566EEE34AD3ED51
:10FE4000420A26EE424AD3ED431A26EE256A94ED85
:10FE5000005A66EE836A51ED022A55ED017AE3EE0F
:10FE6000054AA2EE226A15ED021AE3EE856A12ED4A
:10FE7000035A27EEE17A634467EEA07A04F108049E
:10FE8000A5EEA24AA1EE207AE1EE217AF0EE465AE2
:10FE9000B0EE666A52ED046A75EE252A36EE842AC3
:10FEA00034EE873A76EE273A42ED032A75EE655A2C
:10FEB00002ED042A77EEC67A32EE435A32EEE36A56
:10FEC00076EEC46A37EE647A01ED025A01ED016AFA
:10FED00012ED045A37EEA64A12ED036A75EEC74AD0
:10FEE00076EEE76A37EE257A76EE237A75EE035AD8
:10FEF00042ED037A42ED045A05ED024A45ED014A0E
:10FF000044ED026A04ED017A82D1FFF791BB029BB6
:10FF10004FEAC80B1B6858460393F0F7C9FD002E43
:10FF2000814668DD029BABF1080B06FB07F203F587
:10FF30008473059202930BEB0003AB4604930023FA
:10FF40009A46CDE90657B8F1000F4CDDD4460022A1
:10FF5000069909EBC205013201EBCC01B44490458E
:10FF600003C985E80300F3D10BF1040C1F46DE46FC
:10FF70000025ACF10402B8F1010F99E8030082E812
:10FF8000030030D05CED016A49469EED017A002203
:10FF90003A440398D1ED037A0831904291ED005A2A
:10FFA000D8BF121A029800EBC200D0ED005AD0ED73
:10FFB000014A25EEA76A049864EEE77A8142A5EE2D
:10FFC000246AE5EE257A37EE067A76EEA76A4CEDDE
:10FFD000016A8EED017ADBD10135059AA644A4446D
:10FFE000A8451744C5D10AF1010A079A0BF1080B7D
:10FFF00056451344A7D1484609B0BDEC048BBDE873
:020000040801F1
:10000000F04FF0F75DBD4FEAC804029B204603F5B0
:100010008476D3F800A0F0F74BFDB8F1000F8146CD
:10002000E9DD22462946F0F7A9FCA4F108024FF0C9
:10003000000C2C1D4A44E646231FB8F1010F99E835
:10004000030083E80300D6D054ED016A494695EDDC
:10005000017A00236344D1ED037A91ED025A08310D
:100060005345A8BFA3EB0A038A4206EBC300D0EDB9
:10007000005AD0ED014A25EEA76A64EEE77AA5EEB4
:10008000246AE5EE257A37EE067A76EEA76A44ED25
:10009000016A85ED017ADDD10EF1010E0835BC440F
:1000A0000834F045C8D1A6E72DE9F84F8346213042
:1000B0008846C0002DED028B002B00F0D180002A75
:1000C00000F0948019688142C0F0908092461860D8
:1000D0005846CAE900B8F4F79BFCBBF1000F06468E
:1000E0000F462ADDD146B8F1000F40F08F8062A59F
:1000F000D5E90045404608F10108F4F789FC22469D
:100100002B4609F10809F4F7EDFC32463B46F4F7BB
:1001100013FEF4F7A9FF08EE100AB0EE480AF2F752
:10012000D5F9F0EE407AB0EE480AC9ED407AF2F720
:1001300003FEC34589ED410ADCD130463946F4F768
:1001400093FF00EE100A0AF10809B5EE400AF1EE3D
:1001500010FA00F18C80F1EEC07AFBFE677A17EEA0
:10016000900AF4F767FC4FF0040804460D46002699
:10017000434F9BFBF8F308FB13B27AB3B8F1020FBD
:100180003CD0B8F1040F15D14FF0020800204FF019
:10019000804102460B4620462946F4F715FFB0B9C8
:1001A000304639469BFBF8F308FB13B2B2B1B8F105
:1001B000020F28D008F102084046F4F729FC024655
:1001C0000B4620462946F4F7FFFE0028E8D0D84623
:1001D0009BFBF8F308FB13B2002ACFD1012B9B46FF
:1001E000C9E9008305DD09F10809C2E718604FF08D
:1001F000000A5046BDEC028BBDE8F88F4FF00308B3
:1002000030463946C5E74FF00308C2E74FF0000813
:10021000404608F10108F4F7FBFB09F1080916A3B1
:10022000D3E90023F4F75EFC32463B46F4F784FD45
:1002300001F100452946F4F717FF08EE100AB0EE69
:10024000480AF2F743F9F0EE407AB0EE480AC9EDF9
:10025000407AF2F771FDC34589ED410AD8D16CE7C8
:10026000F0F726FC824600287FF432AFBFE7F2F7B2
:1002700087FAF0EE407A70E700000060FB2119C0B9
:1002800000000840914270B5044682B00AD0104682
:10029000012304F10802CDE900241A46FFF790F883
:1002A00002B070BD06680D46F6003046F0F700FC5F
:1002B0000194083401232946009404461A46FFF7A6
:1002C0007FF8324621462846F0F758FB204602B018
:1002D000BDE87040F0F7F4BB2DE9F04310F00106E3
:1002E0002DED048B83B040F0818044101746994671
:1002F000324601AB20460D46FFF7D6FE14EB440311
:10030000DDF8048048BF013308F10C005B1000EBFE
:10031000C300B9F1000F77D0D9F80030C9F8000058
:1003200083426BD3002F69D007F10C0201AB20464A
:1003300002EB0801A046C7E9002101EBC401B96046
:100340002946FFF7B1FE002CB8BF04F10108012CCB
:100350004FEA680825DD07EE904AF6EE009ABC6881
:10036000F8EEE78A1DBB9FED2A9A0135083407EEA7
:10037000905AF8EEE77A87EEA88A38EE298A28EEB6
:10038000098AB0EE480AF2F7A1F8F0EE407AB0EE32
:10039000480A44ED027AF2F7CFFCA84504ED010AC1
:1003A000E3DC384603B0BDEC048BBDE8F0839FED81
:1003B000199A0136083407EE906AF8EEE77A87EE6C
:1003C000A88A38EE298A28EE098AB0EE480AF2F7A0
:1003D0007DF8F0EE407AB0EE480A44ED027AF2F78A
:1003E000ABFC464504ED010AE3DBDAE70A4B2422C5
:1003F00001210A481B68DB68F0F74CF8002003B0C5
:10040000BDEC048BBDE8F083F0F752FB074689E7AB
:10041000DB0F49C0DB0F494000000020E0D4010899
:1004200070B5054600684368002B68D114466A68B9
:100430000668FFF727FF6B680022002E04EBC60159
:10044000D3ED007AB64693ED017AB8BF06F1010EFE
:10045000012E4FEAC60C77EE876A4FEA6E0E77EEF2
:10046000C77AC4ED006AC1ED007A62604A6045DD7A
:10047000F6EE005A2246AD6803EB0C00012410EDA5
:10048000016A0134D3ED036A083295ED015A083947
:1004900076EE267AD3ED023A10ED027A76EEC66A4F
:1004A00095ED004A744573EEC74A03F1080325EE43
:1004B000676AA0F1080067EE847A05F1080537EE57
:1004C000237AA4EE846AE4EE857A77EE064A37EE64
:1004D000A65A37EE467A77EEE67A24EEA56A65EEFE
:1004E000256A27EE257A67EEA57A82ED006AC2EDCD
:1004F000016A81ED007AC1ED017AC0DD70BD034B68
:100500005821034A0348EFF7BFFE00BF08D5010892
:100510003C0A020824D50108F8B50546006846687B
:10052000012E5FD104680B46D1ED007A03EBC40CB9
:100530006968002C27469CED007A4FEAC40EB8BFCC
:10054000671C012C77EE877A4FEA6707C1ED007AC6
:10055000D3ED007A9CED007A77EEC77AC1ED017A8F
:100560003CDDAD688E440C4693ED036A01361CED0C
:10057000014A0834D3ED026AAEF1080E34EE067A71
:10058000D5ED005A5CED027A36EE446AD5ED014AAB
:10059000BE4236EEE75A03F1080377EEA67AACF1D5
:1005A000080C67EE256A05F1080524EEC77AE5EE2A
:1005B000246AA5EE257A76EE665A37EE875A76EEED
:1005C000866A77EEC77AB1EE657A84ED005AC4ED9B
:1005D000016ACEED007A8EED017AC5DDBDE8F84006
:1005E000FFF750BE024B8C21024A0348EFF74CFE46
:1005F0003CD50108300A020824D50108D0F810358E
:1006000030B443B1D1F81045D2F8103554EA03059F
:100610000DD1C0F81055C0ED000A9FED127AC7EE5B
:10062000207A30BCFDEEE77AC0ED017A704794B1D4
:10063000D1ED000A002BEED0B7EE007AD2ED007AB1
:1006400060EE277A37EE407AE0EE877AF0EE670ABE
:10065000C0ED007AE1E713B1D2ED000ADBE7D0ED9F
:10066000000ADAE7DB0F494008B52DED048BB0EE48
:10067000609AB0EE418AF2F7A3FBF0EE408AB0EE4A
:10068000490AF2F79DFBB7EE007A60EE087ADFEDDB
:10069000076A37EE487AE7EE287ABDEC048BBDE8AE
:1006A000084027EEA60AF2F7F7B900BF8E5D1340A7
:1006B000002B11DDF7EE006A01EB830376EEC06AD2
:1006C000F2EC017AB1EC017A67EE807A8B42E7EEC8
:1006D000267AE0EC017AF3D1704700BF2DE9F04FA4
:1006E0008BB00E460131F7EE007A00AFF0EE402AF3
:1006F000C7E904328B0011EA260138BF3146012ECA
:1007000003F107024FEA610122F00702ADEB020D8F
:100710006D46ADEB020D6C46FD60E5EC017ABC6008
:10072000E4EC017A40F3A981F0EE676A00F1040C71
:1007300001221844BCEC017A013230ED016A914289
:1007400077EE065A37EE467A75EEE77A76EE876AE6
:10075000E4EC017AE5EC016AECDA0022D7E9024028
:1007600094ED007A0132D0ED007A37EE077A9142AB
:1007700077EEA77AA4EC017AE0EC017AF0DC4A1C6F
:10078000B7EE006A9FEDC17A4FF0000890000A1F93
:10079000BFEE003A3B60520800F1070BF6EE003A5C
:1007A00043460232F0EE475AB0EE464A2BF0070BB2
:1007B0004FEAC2093A6978600132C7F818807A6254
:1007C000BA69E846ADEB0B0D12F0010F6C46D7E9A4
:1007D000022084ED004A04F1080E08BF924622462A
:1007E00018BF8246032E02F1040282ED006A15460C
:1007F0002BDD072E76EE066A40F33C81B7EE005AF9
:1008000004EB090CF0EE467A0220C7F820A096EE21
:10081000A75A0EF1080A74460230E24505F10805B0
:10082000D6EE857A05ED015ACEED017AD646EED1A7
:10083000D7F820A0F4EC017A0130B5EC015A8142DE
:10084000D6EE857AECEC017AF4DA78689FED8F5A6F
:10085000824400205446013052ED017A74ED016A61
:1008600004328142A6EEA75AF5DAF4EEC35AC54621
:10087000F0EE464A3B62F1EE10FA5DDBEE46ADEB80
:100880000B0D74EEE25A032E6846034680ED004AD3
:1008900000F1080C03F10403C3ED005A1C4627DDE8
:1008A000072E75EEA56A40F3DF80B7EE006A00EB15
:1008B0000905F0EE657A022297EEA66A0CF10808A7
:1008C00060460232A84504F10804D6EE867A04EDAB
:1008D000016ACCED017AC446EED1F0EC017A013226
:1008E000B4EC016A9142D6EE867AE5EC017AF4DA4C
:1008F000DFED667A50460022013213ED016A70ED99
:10090000016A04339142E6EE867AF5DA67EE856A8B
:10091000F546F5EEC06AF1EE10FA28D4F5EE407A0D
:10092000F1EE10FA23D0F4EEC35AF0EE654AB0EEC1
:10093000675AF1EE10FAA1DABA69B0EE646A3B6A5E
:1009400001329642BA617FF43BAF98463B687C69BE
:10095000043BE51894ED000AF1F78CFDA4EC010AC4
:10096000A542F7D140462C37BD46BDE8F08F3A6925
:100970003B6A002A03F1010379DB4FF0000EFB61B3
:10098000E846ADEB0B0D34EEA56A032E6846034630
:1009900026EE236A80ED004A00F1080C03F10403FF
:1009A00083ED006A1C462ADD072E76EE066A58DDC6
:1009B000B7EE007A00EB0905F0EE467A022208460F
:1009C00096EEA77A0CF10801C7F820C00232A942BE
:1009D00004F10804D6EE877A04ED017ACCED017AB1
:1009E0008C46EDD10146386AF0EC017A0132B4EC64
:1009F000017A8A42D7EE267AE5EC017AF4DDDFED62
:100A0000237A50460022013213ED017A70ED016A1B
:100A100004339142E6EE877AF5DA27EE857AC54609
:100A2000B5EEC07AF1EE10FA18DDF0EE464AB0EEFF
:100A3000675A0EF1010E7B6A9E45A1D1FB69B0EEAB
:100A4000467AD7E9052002EB800282ED006A024671
:100A500001329642BA617FF4B3AE76E7F0EE465AC1
:100A6000E7E765460222BFE76546022235E7B0EEBA
:100A7000476AE4E7F4460220DCE63FF480AE4FF03C
:100A800000082C374046BD46BDE8F08F000000004E
:100A90002DE9F04F4FEA820A154683B00AF10702AA
:100AA0004FEA8A0300AF22F007020833002D796075
:100AB000ADEB020DE846ADEB030D6E4679DD044665
:100AC000C14600EB0A0BB4EC010AF1F7FFFCA9ECFC
:100AD000010AA345F7D16C100021304622010832EB
:100AE000EFF75AFD002C04F1FF33D7F80490B7EE6E
:100AF000007A4FEA0313D8BF002309F10401B6EED0
:100B0000002A0C33DFED332A5144F2180023012D63
:100B10004CDDF0EE477A404633464FF0000C90ED46
:100B2000006AB0EE473AD0ED016AF0EE673A36EE71
:100B3000066A93ED005A76EEA66AD3ED025A0CF1DE
:100B4000010C93ED014AA6EE457AD3ED034AE6EE99
:100B5000E57AA44583ED015A00F10800C3ED035A7C
:100B600003F1100303ED043A43ED023A37EE047A41
:100B700077EEA47AD3DB1346D3ED016A93ED026AD4
:100B800077EE266AC3ED027A77EEC67A83ED017AB4
:100B9000B0EE627A76EEA77A67EE827AE9EC017AB5
:100BA0004945B4D10C37BD46BDE8F08FF0EE477A29
:100BB000E2E72C46B8BF6C1C6410A300013302DAD4
:100BC000002D8FD0EEE70024C6E90044002D89D027
:100BD000E8E700BF0000000038B5041E1DDD082056
:100BE000EFF766FF054620B304EB840104608C0038
:100BF0002046EFF75DFF03466860A0B10022DFF8F2
:100C000054C00119C3F810C0C3E90022C3E902228D
:100C100014338B42F6D1284638BD094B2A21094AA4
:100C20000948EFF731FB094B3121064A0648EFF737
:100C30002BFB074B2C21034A0348EFF725FB00BF92
:100C400058D50108580A020864D5010888D501085A
:100C500078D50108AEC59D7410B540B10446406812
:100C6000EFF72EFF2046BDE81040EFF729BF034BFA
:100C70003C21034A0348EFF707FB00BF78D5010882
:100C8000480A020864D501082DE9F04F1F1E2DED1A
:100C9000028B83B0DDE90EB528DD9300044689465A
:100CA000904600260193B8F1000F5CDD019A4B4697
:100CB0009FED2E8AA218F4EC017AB3EC017A9442EB
:100CC00077EEC77AA7EEA78AF5D12E60DBE9003070
:100CD00003EB830200EB820252ED017AF4EEC87A54
:100CE000F1EE10FA07DC0136B742DCD103B0BDECFF
:100CF000028BBDE8F08F002BF5DD82464FF0000C33
:100D0000DAED047AF4EEC87AF1EE10FA0CDC0CF1AC
:100D1000010C0AF1140A6345E5D0DAED047AF4EE29
:100D2000C87AF1EE10FAF2DDA3EB0C020CF1010C23
:100D30005146013A0CEB8C0C02EB820200EB8C006A
:100D40009200EFF739FDD5F800C06868AA68EB6833
:100D5000CAF800C0CAF80400CAF80820CAF80C3063
:100D60008AED048ABFE79FED018AAEE7000000002C
:100D7000022B2DE9F0411646079A65DD002A61DD58
:100D8000069D0C460746D91E05EB82080022531C1F
:100D9000B5EC017A04EB830C9800DCED007AB4EE3C
:100DA000E77AF1EE10FA13DD914211DD043004EB25
:100DB000000C05E08B4200F1040E09D070460133AF
:100DC000FCEC017A1A46B4EEE77AF1EE10FAF1DCA7
:100DD0009300304404EB820C37EE677A06EB030E87
:100DE0000833D0ED006AA845DCED004A04EB0300AF
:100DF0009EED006A334437EEE44AD0ED005A36EEF9
:100E0000C66A93ED005A75EEE77A35EE665A75EECE
:100E1000E45AC6EE044A85EE276A67EEA47AE6EE47
:100E2000047A36EE646A86EE255A87EEA56A65EE88
:100E3000075A66EE077AE7EE257A76EEA76AE7ECC0
:100E4000016AA4D1BDE8F081024B3921024A03486E
:100E5000EFF71AFA9CD50108DC0A0208A4D50108AC
:100E60002DE9F04F2DED068BADF2345D904602AFCB
:100E7000C2B0D8F804A07B6102AAC2B0BAF1000FD8
:100E800039610DF1080EC2B0FA6102ABBB6140F3EB
:100E9000A78007F1240C07F52A714346B3EE049AA4
:100EA00008F10C05DFED568A9FED568A01240E46A7
:100EB000E04681469B46C7F80CE0C7E901C1B5ECA6
:100EC000010AB5EE400AF1EE10FA00F09280F1F757
:100ED00077FF07EE904A9BED007A0134F8EEE77A4F
:100EE00020EE090A544567EE877A99ED007AA8EC5E
:100EF000010AB8EEC77AC7EE286A67EEA67AC7EE8F
:100F0000886AE6EC016ADADDD7F80CE0D846D7E962
:100F100001C1DFED3D7A70469FED3C6A0022C7EECD
:100F2000276A07EE902A0132412AF8EEE77A67EE47
:100F3000A67A67EE867AE0EC017AF2D15346CDE9E3
:100F400000E2FC6962462046FFF712FFD7F86825E9
:100F50007B69214600928022D7F81890484605F018
:100F6000A5FDD8F80460002E33DDB6EE00AAD8ED5A
:100F7000009A3C69013601259FED259ADFED258A0F
:100F8000C84607EE905A01350834B8EEE77A27EEE6
:100F9000297A27EE097AC7EE287A77EE8A7AFBFE5D
:100FA000677AFDEEE77A17EE903A08EB830393ED4C
:100FB000008AB0EE480AF1F789FAF0EE407AB0EE16
:100FC000480AC4ED007AF1F7B7FEB54284ED010A94
:100FD000D7D107F22C57BD46BDEC068BBDE8F08F8C
:100FE00090ED007A07F1240C07F52A71B8EEC77A64
:100FF0008FE7094B40F27311084A0948EFF744F9AB
:101000000000FA44DB0F494000007A440000003C35
:1010100000000043DB0FC940BCD50108B80A020834
:10102000A4D50108DFED096AF7EE007A80EE267A92
:1010300008B537EE270AF1F7C3FEF6EE007A9FED0A
:10104000047AE0EE077ABBFE670A08BD00002F4471
:101050000030224538B54B1E70EEC00A002907EE5D
:10106000903AF8EEE77A2DED068BC0EEA78A1CDDEC
:1010700004469FED0FAADFED0F9A00EB81059FED6F
:101080000E9AB0EE408A88EE0A0A20EE290AF1F79D
:1010900003FDF7EE007A38EE288A70EE677A67EE85
:1010A000897AE4EC017AAC42EDD1BDEC068B38BD17
:1010B000003022458E5D13403333333F9C464B68EE
:1010C000002B2DE9F04F834610462DED048BADF239
:1010D0002C5D64DD09AA8946AAA95F469FED318A85
:1010E00009F10C08DFED309A03F1010A9FED2F9A08
:1010F0001546DFED2F8A01240E4693460791CDE970
:101100000323CDE9050CB8EC010A30EE290AF1F70A
:1011100057FEB3EE047A07EE904AD9ED006A013427
:1011200020EE070A97ED007AF8EEE77AB8EEC77A74
:10113000B4EE480AA5EC010A67EEA67AC7EE096A82
:10114000F1EE10FA30FE088A544567EEA67A87EE73
:10115000A87AA6EC017AD6D1DFED167A5A4607991D
:1011600038EE678ADDE90353DDE9050C0BEB8304F8
:10117000F5EC017AB4EEE78AF1EE10FAC8BF05ED9E
:10118000018AA542F4D1DDF86045CDE900C4FFF73E
:10119000EFFD0DF22C5DBDEC048BBDE8F08F09AACC
:1011A000AAA9F0E70000C8C29595E6240000FA4419
:1011B000DB0F4940000048422DE9F04F8146900086
:1011C000002A00F107032DED088B83B023F00703FD
:1011D00000AFADEB030D786053DD9FED309A6B46A9
:1011E000F0EE40AA0D46F3EE04BA9A46F0EE499AA4
:1011F0004C4601EB000B9FED2ABA9FED2AAA4E4602
:101200009846B5EC010AF2EE048A80EE0B0AF1F77B
:10121000D7FD96ED008A20EE2B0A30EE088AA8EC66
:10122000010A88EE280A20EE0A0AF1F735FC28EEBA
:101230002A8A79EE809A88EE280AA6EC018A20EEA6
:101240000A0AF1F729FC5D4539EE009AD9D189EEF9
:10125000290AF1F7B5FD7B68994420EE280AD4ED00
:10126000007ABAEC017A77EEC07A77EEC77AE4ECCE
:10127000017AA145F3D10C37BD46BDEC088BBDE822
:10128000F08F9FED060A80EE000AF1F799FD0C370A
:10129000BD46BDEC088BBDE8F08F00BF000000002C
:1012A0009A99993E8E5D134030B4029D0024C2E9A4
:1012B0000044C2E9024453EA05042DD1514BDFED4D
:1012C000527A06EE903A07EE103A05EE103A0360B5
:1012D00043608360C360DFED4D5AFDEEE77A85EE33
:1012E000A66AC1ED007AC5EE876A85EE857AFBFEB7
:1012F000467AFDEEE77A30BC17EE903AFBFE666A5E
:10130000FDEEE66A4B60C1ED026AFBFE477AFDEE38
:10131000E77AC1ED037A70471C1E18BF0124BDB9DE
:10132000B4B19FED3A7A0123364CF0EE406AC7EE35
:10133000007A80ED010A80ED000A07EE104AC460D1
:1013400005EE104A8460C2E90033FBFE677AC2E70B
:10135000003D18BF01259BB995B12A4C0123C0ED72
:10136000030AB0EE607AC0ED020AB0EE605A446043
:1013700006EE904A0460DFED247AC2E90233AAE760
:1013800084B37DB3B0EE406A9FED217AB6EE085A81
:10139000DFED1E4AF5EE007A0123A0EE876A20EE0B
:1013A000857A60EEA76AF6EE005AA0EE277AE0EEA4
:1013B000056AC4EE867A80ED006A136060EEA50AC5
:1013C000C0ED016A5360E0EE250AC0ED020A9360A9
:1013D000FBFE677A80ED037AB0EE607A90ED035AF7
:1013E000D36078E7DFED096A90ED007A90ED035A5B
:1013F000C6EE877AD0ED016A90ED027AFBFE677A3D
:1014000069E700BFFDAD803D00004842DB0F494069
:10141000000000002DE9F04F2DED028BADF2145DC0
:1014200082469B460C4602AF11464FF0814ED7F8DC
:1014300038C500220CF102090CF10103BCF1000FC8
:101440004FEA890606F1070020F00700ADEB000D1A
:1014500002ADADEB000D0DF1080805EB8300029223
:1014600008EB830302602A60C3F800E00ADD083E4F
:10147000281D3246EFF782FA3246594608F1040039
:10148000EFF77CFA6668002E42DDDAED007A07F5A8
:1014900022709FED287A711CF8EEE77AD4ED005A9D
:1014A0009FED256A02460123C7EE876A07EE903A50
:1014B00001339942F8EEE77A67EEA57A67EEA67AED
:1014C00087EE867AA2EC017AF0D10C34F3EE048A2E
:1014D0002A4601963D1D04EB86069FED188A4B4671
:1014E00000904146381DFFF743FCF5EC017A87EE8A
:1014F000A80A20EE080AF1F7CFFAA4EC010AB442D8
:10150000F3D107F20C57BD46BDEC028BBDE8F08F5E
:1015100007F52274381D4B462A464146CDE9004660
:10152000FFF726FC07F20C57BD46BDEC028BBDE869
:10153000F08F00BF0000FA44DB0F49408E5D13407E
:101540002DE9F04F93B016461C4602AFFD6EFA60CF
:101550001A46796131467860D7E91CB90095BB6EAF
:10156000FFF7ACFD002D40F34381AA00DFEDAA7A1E
:1015700023463A6104EB8502B3EC017A934277EE9D
:10158000877AF9D107EE105A012DF8EEC76A87EE77
:10159000A67A8BED007AD4ED007A77EEC77AC9EDA2
:1015A000007A0CD0231D09F10401F3EC017A9BEDC4
:1015B000007A934277EEC77AE1EC017AF5D1D7F859
:1015C0008430DFED965A9FED966A9FED935A002B7B
:1015D00040F0D48038694A469249D7F88030484470
:1015E000F2EC017AF1EC016AB3EC017A77EEE67A7B
:1015F00067EEA57AE7EE067AF5EEC07AF1EE10FA1C
:1016000048BFF0EE457A904243ED017AE8D13B695C
:10161000854C0733C7F808D0E26823F007037A62E5
:10162000ADEB030D2368E2699D420DF108083A62B3
:1016300040F0EB8005200026FFF7CEFA8246052019
:10164000FFF7CAFA07F13003B8612A464946C7E9ED
:101650000C66C7E90E660193CDF800A0A368786A0E
:10166000FFF712FBA3693C69C7F870B0C3464C444E
:10167000A846BD69FB61C7F81090DAF80430B8F1EC
:10168000000F9859786310DD7B6A00FB08F0DC4698
:1016900003EB80004B46B0EC017AF3EC017A77EE75
:1016A000C77AA342ECEC017AF5D107F13003143686
:1016B00042465946CDE90053FB69386AFFF7E4FA20
:1016C000642EDAD14546BA693B695268002DD7F8D5
:1016D00070B0D2E900687FDD08FB05F2386A06FBCE
:1016E00005F1154400EB8101786A00EB850CBD6FB4
:1016F00000EB82022846F2EC017AB1EC017A9445C3
:1017000077EE877AE0EC017AF5D150467B62FFF7FD
:10171000A3FAB869FFF7A0FA7B69C3E90086FB6FFB
:10172000D7F808D093ED007AFA6F7B6AF3EC017A70
:10173000F5EC016AA34277EEE67AA7EEA77A82ED8E
:10174000007AF3D14FF07E53384A5946FB6207F1D5
:101750003003D068019393680093136807F12C025B
:1017600005F082FA7B699860FB68D3F8100548BBE6
:101770007B694437D860BD46BDE8F08F38694B4679
:101780002849D7F880204844F3EC017AF1EC016A4B
:10179000B2EC017A77EEE67A67EEA57AE7EE067AA2
:1017A000F5EEC07AF1EE10FA48BFF0EE457A9842B5
:1017B00042ED017A13ED017A77EE677A43ED017A13
:1017C000E2D124E7062193ED000A786805F0B8FC21
:1017D000002808BF0120CBE75046FFF73DFAB86963
:1017E000FFF73AFA7B69C3E90086D7F808D0A9E782
:1017F00007EE905ADFED086AAB00B8EEE77A3B617E
:10180000C6EE877ACBED007A01E7094BB421094A8D
:101810000948EEF739FD00BF000000000AD7A33CDD
:1018200048E17A3F680A020874430208A483030867
:10183000D0D50108C80A0208A4D501082DE9F04353
:10184000984683B03F4B0E460C9C1146DA6805461D
:10185000DB6900920193DDE90A79D9E90032002CB5
:1018600047D0B8F1000F61DDA446304604EB880391
:101870005CF8044B9C4540F8044BF9D10D9B23BB0D
:10188000314BD9F80820DB6803EB820393ED007A33
:1018900087ED007AD6ED007AB8F1010F77EE877AFE
:1018A000C5ED007A0EDD06F1040C2C1D06EB880652
:1018B000BCEC017AD7ED007AB44577EE877AE4EC98
:1018C000017AF5D103B0BDE8F0834246B7EE080ACD
:1018D0003046FFF771FC1C4BD9F80820B8F1000F17
:1018E000DB6803EB820393ED007A87ED007AD1DCAD
:1018F000E8E7B8F1000F19DD08FB03F3019808FBD6
:1019000002F2009C00EB820008EB030204EB83036D
:1019100004EB82043246F3EC017AB0EC017A9C428B
:1019200077EE877AE2EC017AF5D1A7E70D9B002BE1
:10193000CBD1054BD9F80820DB6803EB82031B6889
:101940003B60BFE774430208A48303082DE9F04F0E
:101950002DED028B97B01E4690460D4604AFD7F88A
:10196000889007F1140138604FEA8903D7F89C008A
:10197000D7F894A01A46FB604B4602F1070CD7F843
:1019800084202CF0070CADEB0C0D04ACADEB0C0D72
:101990007C600390D7F89800CDE9001A029004A962
:1019A0002046FFF74BFFDAF80C30BB60002B40F00D
:1019B00085809FED478AB9F1000F25DDF7EE006ABB
:1019C000BA6FFB68B5EE005A4FF0000C0424F0EE3D
:1019D000665A9818D7F804E0924635EEE66A7146E2
:1019E00006EB8C025346F1EC017AB3EC017A67EE18
:1019F000867A9842E7EE267AE2EC017AF3D1013C4E
:101A000076EEC56ACC44E8D1FB6F07F1280B07F1ED
:101A1000380AF0EE480A93ED000A5A46BB68514670
:101A200007F118002C4600930025D7F880301B687A
:101A3000FFF73AFCC7F88890D7F8009007F1180331
:101A40003246214648462B441B6823605AF805302D
:101A500063605BF805300435C4F81035D7F888307A
:101A60000093D7F88430FFF7D5FCD7F890302246A2
:101A7000414600934846D7F88C3004F21454FFF7DF
:101A8000EFF9FB68102D08F5A1681E44D6D1D7F8F0
:101A90008890B9F1000F04DD1A467968B86FEEF747
:101AA0006DFFFB6FBA6883ED008AD7F880304C3742
:101AB0001A60BD46BDEC028BBDE8F08F19460622C8
:101AC000386805F077FB0123B0EE408ABB6072E70F
:101AD000FDAD803D38B5044620202DED028BF8F792
:101AE00087FEC4F89401002854D0D4F83812002995
:101AF0005ED0D4F84C21002A53D004F1C80509F077
:101B00009BFE2F49284694ED588AEFF799F870BB51
:101B1000D4F8DC20531C39DB94ED616A0232D4ED39
:101B2000626A00239FED277A07EE903A0133F8EEC0
:101B3000E77A934277EE867AA7EEA67AF4D194ED0F
:101B40005A0A07EE902A9FED206AF8EEE77AC0EE77
:101B5000066A26EE877A87EE278AD4F8940188EE03
:101B6000000ABDEC028BBDE8384009F091BE174970
:101B70002846EFF765F80028CAD015492846EFF740
:101B80005FF80028C4D094ED5A0AE6E79FED0D7A7D
:101B90000232D4E70F4B40F223210F4A0F48EEF7F1
:101BA00073FB0F4B40F225210B4A0C48EEF76CFB00
:101BB0000C4B4FF40971084A0848EEF765FB00BF6B
:101BC00050D6010800000000DB0FC94058D60108BC
:101BD00060D60108ECD50108C40B020804D6010840
:101BE00034D6010818D601082DE9F0470D46D0F883
:101BF000DC10DFED657A174611F10108B0EE677A67
:101C00002DED0A8BC5ED007AC5ED017A12D41032A4
:101C10003B4602EBC10293ED006A083353ED016AC3
:101C200077EE867A9A4237EE267AC5ED007A85ED10
:101C3000017AF0D190ED5FCAD0F8E8906CEE277A87
:101C40002CEE077AB9F1010FC5ED007A85ED017A26
:101C500077DDD0ED629A07F1100690ED609A4FF0B3
:101C6000010ADFED49BA06EBC10629EE899A07EEB3
:101C700090AAB8EEE7AA69EE0A8A29EE8AAAB0EE1F
:101C8000680AF1F759F8B0EE408AB0EE680AF0F74A
:101C90001DFCA8EE2B0AF0EE408AB0EE4A0AF1F7DE
:101CA0004BF8B0EE40BAB0EE4A0AF0F70FFCB8F1CC
:101CB000000FABEE2B0AC5ED02BAC5ED03BAF0EE8C
:101CC00040CA42DB9FED30AA3C46F0EE4AAAD4ED72
:101CD000010A94ED000A60EEA86A28EE606AE0EE60
:101CE000086AA0EE286AF4EE466AF1EE10FA31D6E0
:101CF0006CEE887A28EE4B7A3AEE06AAEBEE287A5A
:101D0000ACEEA87A7AEEA6AA85ED02AAC5ED03AAE2
:101D1000F4EE477AF1EE10FA27D60834F0EE478A4F
:101D2000B0EE678AB442D2D10AF1010A2CEE0AAAB7
:101D30006CEE2AAA0835CA4585ED00AAC5ED01AAB0
:101D400095D1BDEC0A8BBDE8F087DFED0FAAB0EEB0
:101D50006AAAE9E7F0EE481AB0EE681AF3F700FA5B
:101D6000B0EE406AF0EE606AC2E7F0EE4B1AB0EEF9
:101D70006C1AF0EE480AB0EE680AF3F7F1F9B0EE2B
:101D8000407AF0EE607AC8E7000000002DE9F047E5
:101D9000D0F8DC707B1C2DED0A8B7ADB01F110058D
:101DA00091460E460B4605EBC7050833D9F80040AF
:101DB000D9F804209D4243F8084C43F8042CF4D190
:101DC000D0F8E83090ED619A012BD0ED629A60DD99
:101DD00007F1020AA9F108070D1D9FED3DAA07EBC7
:101DE000C3074FF0000807EE908A4C46B8EEE78A2A
:101DF00038EE098A28EE298AB0EE480AF0F79CFFEF
:101E0000F0EE407AB0EE480AB0EE678AF0F75EFB7B
:101E100096ED01BA55ED01AAA8EE0A0AB1EE48CA3C
:101E2000F0EE4C8AF0EE40BAB0EE408AD4ED030AF0
:101E300094ED020A68EE206A20EEE86AE8EE806A15
:101E4000A8EE006AB4EE666AF1EE10FA25D668EEE6
:101E5000AB7A2CEE687A7AEE86AAE8EE0C7AA8EED7
:101E60002B7A3BEE26BA45ED01AA86ED01BAB4EE17
:101E7000677AF1EE10FA1BD60834B0EE478AF0EE1E
:101E8000678AA742D2D108F1010808360835D04543
:101E9000A9D1BDEC0A8BBDE8F087F0EE681AB0EE70
:101EA000481AF3F75DF9B0EE406AF0EE606ACEE7EB
:101EB000F0EE4C1AB0EE6B1AF0EE680AB0EE480A7B
:101EC000F3F74EF9B0EE407AF0EE607AD4E700BF57
:101ED000000000802DE9F04F2DED0A8B8FB09FEDB3
:101EE000C78A00260C46D0ED638AD0ED64AA04AF01
:101EF000D0F808A1F4EEEA8AD7F87880D7F87CB059
:101F0000BA6001EBC202F1EE10FAC8F80060F861A5
:101F1000BB618BED008A00F29580B0EE489A4FEAE3
:101F2000CA03DFEDB59A7960C7E90323FB6968EE60
:101F3000A97AC7F814D0BAF1000F93ED5A7A3B6929
:101F400087EE87AAADEB030D04AD40F3FD81D7F812
:101F500018902E46B0EE68BA0024F0EE48BA07EEAC
:101F6000904AF8EEE78A68EE8A8AB0EE680AF0F7DF
:101F7000E3FEB0EE408AB0EE680AF0F7A7FA99EDFA
:101F8000001AA8EE090AD9ED011A61EE087A28EEC6
:101F9000617AE1EE807AA1EE007AF4EE477AF1EE12
:101FA000677AF1EE10FA80F10A82013486ED007A48
:101FB000C6ED017A09F10809A24506F10806CED15D
:101FC000F0EE4B8AB0EE6B8AD7F80C80002407F154
:101FD000200907F1240640464B465246294687ED24
:101FE000089A08F1200887ED099A009609F052FD39
:101FF000D7ED090A97ED080AA0EE890AF0F71EFA54
:10200000B4EEC80AF1EE10FA05DDB0EE408ABB6FFF
:102010001C60CBED008A0434A245DCDAF1EE047AD0
:10202000D7F814D078EEA78AF4EEE8AAF1EE10FA09
:10203000BFF67CAFD7F8788028EE088AFA687C680B
:10204000D8F80060BAF1000F40F3AF81DFED6B8A82
:102050000AEB060302EBC609D7F818A0B0EE689A9F
:1020600002EBC3059AED017A9AED001A27EE070AF2
:1020700067EE417AF1EE471AA1EE010A77EEE77AB0
:10208000F0EE670AF4EE407AF1EE10FA80F1C481C6
:10209000F0F7D4F9D9ED017A39EE009A99ED001AEA
:1020A00027EEA70A67EEC10AF1EE671AA1EE010A50
:1020B00070EEE00AF4EE400AF1EE10FA80F1BA8117
:1020C00009F10809F0F7BAF90AF1080A78EE808AEE
:1020D0004D45C7D1DFED4A7AE9EE287AFB69C8EEB3
:1020E000278AD3F84032022B00F33181BB68B0EE6F
:1020F000087AF0EE006A9FED418A3344FA6907EEF0
:10210000903AD7F88030D2F80851C3ED008AF8EE43
:10211000E77ADBED00AA00237AEEC78AC8F8003020
:102120007AEE87AA8BED008A77EEE67AF4EEEA8AF9
:10213000FDEEE77AF1EE10FA17EE906A04EBC601B5
:1021400000F2368107F12403B0EE489AB0EE67BA88
:10215000EA00DFED299A07F1200A1E46C7E90321AC
:10216000C7E91E8BFB6968EEA97AC7F814D0002D69
:1021700093ED5A7AFB6887EE87AAADEB030D0DF15C
:10218000100943DDD7F818B0C846F0EE68BA00244D
:10219000B0EE48CA07EE904AF8EEE78A68EE8A8AFF
:1021A000B0EE680AF0F7C8FDB0EE408AB0EE680AFB
:1021B000F0F78CF99BED001AA8EE090ADBED011A85
:1021C00061EE087A28EE617AE1EE807AA1EE007A7B
:1021D000F4EE477AF1EE677AF1EE10FA80F10281BF
:1021E000013488ED007AC8ED017A0BF1080BA542A5
:1021F00008F10808CED105E0DB0FC940000000005F
:10220000CCBC8C2BF0EE6B8AB0EE4C8AD7F81080E9
:102210000024D7F878B0404653462A46494687ED11
:10222000089A08F1080887ED099A009609F032FC2F
:10223000D7ED090A97ED080AA0EE890AF0F7FEF833
:10224000B4EEC80AF1EE10FA06DDB0EE408AFB6F7C
:10225000CBF80040C3ED008A0134052CDBD1F7EE4A
:10226000007AD7F814D078EEA78AF4EEE8AAF1EE57
:1022700010FABFF677AF002D28EE088A39691BEEF9
:10228000106AD7E91E8BD8F8004040F395805FEDC7
:10229000258A2544D7F8189001EBC40AB0EE689A55
:1022A00001EBC50599ED017A99ED001A27EE070AB1
:1022B00067EE417AF1EE471AA1EE010A77EEE77A6E
:1022C000F0EE670AF4EE407AF1EE10FA80F19D80AC
:1022D000F0F7B4F8DAED017A39EE009A9AED001AC7
:1022E00027EEA70A67EEC10AF1EE671AA1EE010A0E
:1022F00070EEE00AF4EE400AF1EE10FA80F19380FD
:102300000AF1080AF0F79AF809F1080978EE808ACC
:10231000AA45C7D15FED467AE9EE287AFB69C8EE97
:10232000278AD3F84032022B28DCBB68D7F88020FC
:102330002C37F31AC2ED008A2344C8F80030BD469A
:10234000BDEC0A8BBDE8F08F3FF43EAE66E63D4B38
:10235000DBF800001B68DD68F2F76CFBCDE90201D9
:1023600018EE900AF2F766FB3246CDE900012846E6
:102370003549EEF7BBFBD8F80060B7E6314BDBF828
:1023800000001B68DD68F2F755FBCDE9020118EE8D
:10239000900AF2F74FFB2246CDE9000128462A4970
:1023A000EEF7A4FBD8F80040BFE7DFED287A95E60A
:1023B000002D1C463FF76BAFDFED247AAEE7F0EE61
:1023C000480A0134F2F7CCFEF1EE600A86ED000A0D
:1023D000A24506F1080609F1080946ED010A7FF455
:1023E000BEADEDE5F0EE480A0134F2F7B9FEF1EECC
:1023F000600A88ED000AA54208F108080BF1080BF5
:1024000048ED010A7FF4C6AEFCE6F0EE470AB0EEF6
:10241000410AF2F7A5FE5BE7F0EE470AB0EE410A8B
:10242000F2F79EFE34E6F0EE670AB0EE410AF2F7EC
:1024300097FE65E7F0EE670AB0EE410AF2F790FE0C
:102440003EE600BF0000002068D60108CCBC8C2B03
:102450002DE9F04F2DED108B97B0814604AFD0F8E9
:10246000482290F87232B9633A6183B1D0F898315A
:10247000002B01F0B881D0F82811D0F85422881A26
:10248000D9F8A01101EBC001084609F051FAD9EDC5
:10249000897ADFEDC56A99ED5A7A67EEA67A99F8DE
:1024A0006E32C7EE879A002B40F01983D9F8E030DE
:1024B0003B630233C0F28884D9F8DC305A1CC0F286
:1024C00083843A6BDB00D9F8A8610020D51C03F1A6
:1024D00010040022BE6256F82030E1181A6008335A
:1024E00043F8042C9942F9D10130A842F3D1D9F82C
:1024F00014216C46D9F804117A610A44D9F8E830FD
:10250000D9F84402551CA4EBC3043A620544A5461D
:10251000F9625C1904AAF861A542BB61FA6336DA74
:10252000D9F8A06192469FED9AAA06EBC50607EE80
:10253000905AF8EEE78A68EEA98AB0EE680AF0F7DA
:10254000FBFBB0EE408AB0EE680A96ED019AEFF719
:10255000BDFFD6ED008AA8EE0A0A28EE097AF1EE50
:10256000481A69EE007AA8EE807AE8EE687AF4EE0E
:10257000477AF1EE10FA80F1628701358AED007A30
:10258000CAED017A0836AC420AF1080ACFD1BB6A1B
:102590004846FA6B1B681946FB60FFF7F7FB3B6B7D
:1025A000002BC0F2F386BA6A0026D9F808317A63A4
:1025B0003A6A7B62D518FB699FED75AA01351D4407
:1025C000BB695C19A542AA4637DAD9F8A031D7F819
:1025D0003CB003EBC50807EE90AAF8EEE78A68EE78
:1025E000A98AB0EE680AF0F7A7FBB0EE408AB0EE19
:1025F000680A98ED019AEFF769FFD8ED008AA8EE16
:102600000A0A28EE097AF1EE481A60EE097AA0EE7D
:10261000287AE8EE687AF4EE477AF1EE10FA80F163
:10262000D5860AF1010A8BED007ACBED017A08F12B
:10263000080854450BF1080BCDD17B6B4846FA6B6B
:10264000013653F8041F7B63FFF7A0FBFB6A1D44B0
:102650001C443B6B9E42B5DD7B6ABC6903EB4305C2
:102660003B6A1D44FB6901351D442C44A54237DA01
:10267000D9F8A0619FED46AA06EBC506D7F83C80C5
:1026800007EE905AF8EEE78A68EEA98AB0EE680A7B
:10269000F0F752FBB0EE408AB0EE680A96ED019A70
:1026A000EFF714FFD6ED008AA8EE0A0A28EE097AA1
:1026B000F1EE481A60EE097AA0EE287AE8EE687A20
:1026C000F4EE477AF1EE10FA80F19786013588ED45
:1026D000007AC8ED017A0836AC4208F10808CFD17B
:1026E0003B6B4846FA6B9E1CBB6A53F82650B600FB
:1026F0002946FFF74BFB99F86F32002B40F083819E
:10270000D9F8DC4004F102084FEA8803073323F0CC
:102710000703ADEB030D04AAADEB030D04AB3A6266
:10272000FB61631CC0F29F801346184900220132EE
:1027300043F8041B4245FAD1D7F81C8092000021CF
:102740004046EDF729FF002C40F38D8099F80F32B9
:10275000002B00F04D84012B40F09286B96A1D4693
:10276000D9F8A42108F1040B0E44FC63C7F830909B
:10277000B6EE00BA56F8043CD9464FF00C0A14469F
:102780007B634B68396A9B460E1D10E000002041B8
:1027900000000080F304353FCDCCCC3D6666663F3B
:1027A00000000000BD378635DB0FC94045460BEB06
:1027B0000A004FEAC508D0ED000A04EBC50090ED11
:1027C00000AA04EB0A00D0ED007A0BEBC50020EE66
:1027D0008A9A67EEA09A90ED000AF1EE67AAA7EE3A
:1027E000C09AE0EE0A9AB4EE699AF1EE10FA80F11E
:1027F0004E867B6B984403EB0A0098ED001AD0EDEF
:10280000001A6AEE818A21EEEA8AEAEE218AAAEEAD
:10281000018AF4EE488AF1EE10FA80F1258638EE4E
:10282000298A05F1010878EE898A0AF1080A28EE5A
:102830000B8A68EE8B8AB0EE480AF0EE680AEFF772
:10284000ADFDF0EE407AF0EE680AB0EE480AE6EC34
:10285000017AEFF7F3FDFB6BA9EC010A9D42A5D1CC
:102860001C46D7F83090D9F80031002B40F348854A
:10287000BA6A4FF000081FED368A02F1040E2246B4
:102880001FED3D9AC246002A1FED3EBAC7F82CE064
:102890005DDDF96AD9F8AC414D68D9E96FB3FB63E6
:1028A00099F87032002B40F0BF82396A0126FB6B29
:1028B000081DF9697C63043109E0BEF1020F00F0E4
:1028C00088820136D9F8DC200835B24233DB06F1C4
:1028D000FF3C7C6BD9F8E4E002FB0AC295ED020AEA
:1028E000D5ED030ABEF1010F04EBC20CF1EC017A45
:1028F000B0EC017A8CED000A38EE278ACCED010AA3
:102900000BEB820C03EB8202CCED007A82ED007AB5
:10291000D3D1B5EEC00ABC6B01360835F1EE10FA22
:10292000CCBF0122002244F8282008F10108D9F880
:10293000DC20B242CBDAD9F800310AF1010A9A451B
:1029400005DAF96A002A01F10401F962A1DC5FED00
:102950006E7A1446D9F8082128EE278A7A62D9F8C7
:1029600014217A6104FB03F399ED8D6A5FED756ABA
:1029700007EE903A99F86E227B6AF8EEE77AC9F88A
:10298000543288EE277AF0EE477AE6EE267AC9EDE1
:102990008D7A1AB3D9F848123B69D9F83C225B1AF0
:1029A0001A44D9F80431002BC9F83C221A46B8BFA2
:1029B000DA1D002B4FEAE202B8BF033391424FEA1F
:1029C000A30340F30583D9F84422C91A786AD21ABE
:1029D0001844C9E991217862C9F854027A6A7B697E
:1029E000D9F828111344D9F810211A448A4204DC7A
:1029F0000022C9F81431C9F854224C37BD46BDEC49
:102A0000108BBDE8F08FD9F8DC40BB6A04F10208F6
:102A10005B68B8F1000F40F3BE845FED9F7A03EB73
:102A2000C401E200B0EE670A103193ED006A08338A
:102A300053ED016A8B4230EE060A77EEA67AF4D1A6
:102A4000BB6A10325FEDAA1AF1EE677A3344B0EE3A
:102A5000611A53F8043C1A4493ED006A083353EDAD
:102A6000016A9A4231EE061A71EEA61AF4D167EEA7
:102A7000810A61EEE76AE0EE210AE0EE016AF4EE17
:102A8000606AF1EE10FA80F196851FEDBA0A36EE13
:102A9000800AEFF783FCD7ED0C7A5FEDBD6AF8EEA4
:102AA000E77A99ED5C7A99F8203220EE077A67EEA2
:102AB000A67AC7EE276A4BB1F7EE007AF4EEE76A22
:102AC000F1EE10FA40F34284F0EE676AD9ED897AAC
:102AD00099ED877AE7EE267AC9ED897A14E6D9ED81
:102AE0003D7AD9F80421FAEEEF7AD9F81431D9F801
:102AF000081102EB030BC7F82CD0FBFE677AFDEE42
:102B0000E77A8B44796317EE903AABEB030BD9F875
:102B100048329B44D9F8F43001EB0B0A0AF1FF3A32
:102B200092449A446B46AAEB0B08D345A3EBC80327
:102B30009D464FEAC80304AD3B6339DAD9F8A031AA
:102B40002E469FEDC2AA03EBCB04FA6307EE90BAC0
:102B5000F8EEE78A68EEA98AB0EE680AF0F7ECF8BA
:102B6000B0EE408AB0EE680A94ED019AEFF7AEFC41
:102B7000D4ED008AA8EE0A0A28EE097AF1EE481A86
:102B800060EE097AA0EE287AE8EE687AF4EE477AE9
:102B9000F1EE10FA80F11F850BF1010B86ED007A42
:102BA000C6ED017A0834DA4506F10806CED1FA6B93
:102BB0007C6BB8F1000FC7F83CD01444A8EB040BB1
:102BC0004FEA8B0303F1070323F00703ADEB030D7B
:102BD0000DF1100A40F3ED833E6B2B46DFED9D6A4D
:102BE0002E44D3ED017A1946083367EEA77A91EDAA
:102BF000007A9E42E7EE077A76EEA76AF1D107EEF9
:102C0000908A99ED8C7AF8EEE77A66EE876A86EE1E
:102C1000A70AB5EE400AF1EE10FA00F1D484B1EE45
:102C2000C07ADFED8B7A6B46002A4FEAC206A3EB2F
:102C3000C203B0EE006A9D46F7EE006A04ABE7EE11
:102C4000067A86EEA7BA11DDD9F89C1118460E4413
:102C5000D1ED017A083151F8084C0830F1EE677A6D
:102C6000B14240F8084C40ED017AF1D1BBF1000FC0
:102C700040F39783D046C7F834A0DFED76AA00244E
:102C800007F144069A4601E0D9F8042105EBC40097
:102C900007F140035146009608F0FCFED9F8080100
:102CA00097ED11AA07F1400397ED108A2044D9F857
:102CB0000421514605EBC000AAEE2A8A0096013491
:102CC00008F0E8FE97ED119AD7ED108AF0EE4A0A67
:102CD000E9EE2A8AB0EE480AEFF7B0FBB0EE408A80
:102CE000F0EE490AB0EE680AEFF7A8FB38EE008A6A
:102CF000A34528EE0B8AA8EC018AC5D10026D7F897
:102D000034A09FED548A3346C9ED8AAAFAEC017AC1
:102D1000F4EEC87AF1EE10FA04DDB0EE678A1E46D2
:102D2000C9ED8A7A01339B45F0D105EBC60595EDD7
:102D3000000AD5ED010AEFF781FBB5EEC00AF1EE0E
:102D400010FA40F3E182D9ED367AD9F84032F4EE48
:102D5000C87AF1EE10FA4CBF4FF0010B4FF0000BA8
:102D6000022BC9F84CB200F3D882D9ED3D7AD9F8DC
:102D70004822FAEEEF7AD7F83CD0FAFE677AFDEEF9
:102D8000E77A17EE903AF31A01331344D9F8402248
:102D9000022AC9F8483200F3EC82D9F84422D91C3F
:102DA0009142D9F8EC10A8BF1A1D0B44D91E9142CC
:102DB000D8BF1A1FC9F84422D9F8E030D7F82CD070
:102DC0003B630233BFF678ABD9F8A831BB62FFF79B
:102DD0008EBB60EE8B7AB0EE677AE0EE0B7A90EE07
:102DE0000B7AF4EE477AF1EE10FA80F1EA84F5EE10
:102DF000C07A4FEA8802BC6BF1EE10FA2244B5EEBD
:102E0000C07A94BF4FF0010C4FF0000CF1EE10FAB5
:102E100044F828C008F1020894BF4FF0010C4FF0AD
:102E2000000CC2F804C04CE53B6A01263C63144622
:102E3000181DFB69191D99F873320A467B63034616
:102E4000594650469346C246984650E000000080DE
:102E5000CCBC8C2B00000000FB6A1B6803EBC60394
:102E6000D3ED010A93ED000AEFF798FAF0EE40BABD
:102E7000EFF762FFF0EE40AAB0EE6B0AEFF726FB29
:102E8000AAEE890A6AEE8A7AF1EE6A1AD7E909018E
:102E900060EE0A0AE0EE297AEAEEE90AF4EE607AD8
:102EA000F1EE10FA80F1BE82731ED9F8E420BBEC7B
:102EB000017A04FB00333C6B012A38EE078A04EBED
:102EC000C304C4ED007AC4ED010A01EB830484ED70
:102ED000007AFC6B04EB8303C3ED008A3CD0022A2A
:102EE00050D00136D9F8DC400835B44246DB7B6B64
:102EF000F8EC018AD5ED029A95ED03AAC7E909011C
:102F0000002BA9D1B0EE680AEFF716FFF0EE40AA49
:102F1000B0EE680AEFF7DAFAAAEE890A6AEE8A7A60
:102F2000F1EE6A1AD7E9090160EE0A0AE0EE297AA1
:102F3000EAEEE90AF4EE607AF1EE10FAB4D7B0EEF8
:102F4000401AF0EE4A0AB0EE690AF2F709F9F0EE1B
:102F5000407AD7E90901A7E7F5EEC07ABA6B0136E6
:102F60000835F1EE10FACCBF0123002342F82A30D5
:102F70000AF1010AD9F8DC40B442B8DAD046224658
:102F80008246D8E420EE8B7AF0EE476AA7EE8B7A81
:102F9000D7EE8B6AF4EE476AF1EE10FA80F19A826E
:102FA000B5EEC07A4FEA8A03BA6BF1EE10FA134419
:102FB000F5EEC06A94BF01240024F1EE10FA42F845
:102FC0002A400AF1020A94BF012400245C6088E7C9
:102FD00052429142BFF602ADD9F844221944786AB0
:102FE0001A44C01AC9E991217862C9F85402F5E47B
:102FF000B96AB2EE089AFA688B19D5ED00AA95ED78
:10300000017A2E46904695ED03DAD5ED02CAF0EE30
:103010006A7A92ED01EAF0EE47AA92ED03CAD2ED88
:1030200000DAB0EE677AD2ED02BA53F804BC4D680C
:103030003B6AFA6905EBC4010433D9F8A4A1043250
:103040007C63C7F830903446C1461FED7EBA1E46F9
:103050009046F96307E0F0EE68BAB0EE48CAF0EEC9
:1030600069CAB0EE4ADADAED017AD5ED010ADAED95
:10307000009AB1EE67AA67EEA08A95ED000A20EEED
:10308000A98AE0EE298AA7EEC08AF4EE488AF1EE1A
:1030900010FA80F18182D5ED030ADAED027ADAEDD9
:1030A000036A67EEA0EA95ED020AF1EE664AE6EEE3
:1030B000C0EA66EEA06AE7EE806AF4EE66EAF1EE38
:1030C00010FA80F1F0819AED05FAD5ED050ADAEDF6
:1030D00004FA2FEE206A95ED040A6FEEA05AAFEEC7
:1030E000806AEFEE405AB1EE4FFAF4EE465AF1EE36
:1030F00010FA80F1008278EE8B8ADBED010A38EE5F
:103100000B8A9BED000A78EEA68A38EE2E8A78EEBE
:10311000868A38EE258A20EEA96A6AEE605AA0EE09
:103120000A6AE0EE295AB0EE465AF4EE465AF1EE3B
:1031300010FA80F1FB81DBED030A9BED020A60EEE1
:10314000A76A64EEE0EAE0EE246AE0EE27EAF4EE35
:103150006E6AF1EE10FA80F10082DBED050A9BED5C
:10316000040A2FEEA04A20EECF6AAFEE004AAFEE7F
:10317000806AB4EE464AF1EE10FA80F1418275EEB3
:103180008B5A7EEEA5EA6EEE295A7EEE86EA35EE81
:103190000B6AEDEE8A5A7EEEA8EA76EE866A76EE45
:1031A000846A2AEE4E4A76EE886AADEEA94AF4EEBB
:1031B000445AF1EE10FA80F146826CEE27DA24EEE2
:1031C000CCEAEBEEA4DAABEEA7EAF4EE4EDAF1EEDF
:1031D00010FA80F1678299ED058AD9ED048A2FEE05
:1031E000886A28EE4F5AAFEE286AAFEEA85AB4EEBE
:1031F000456AF1EE10FA80F17C8275EE8B5A34EE5E
:103200000B4A7DEEA5DA3EEE04EA6AEEA95A35EEE7
:103210000E5A36EE2DEA2AEE6A6AE7EE0A5A75EE83
:103220002EEAA7EE296A3EEE26EAF4EE465AF0EEC2
:1032300046DAF1EE10FA80F183826DEE276A24EE11
:10324000CD6AECEEA46AACEEA76AF4EE466AF0EE44
:1032500046AAF1EE10FA80F18A8294ED05AAD4ED27
:10326000049A6FEE8A7A2AEE4F7AEFEE297AAFEE61
:10327000A97AF4EE477AF1EE10FA80F18B8275EEBE
:103280008B5A08353DEE8B6A0AF1080A083409F1B9
:10329000080976EEA56A0BF1080B3AEE866A77EE1E
:1032A000A67A37EE067A77EE8E7A37EE2E7AB0EE81
:1032B0004CEAC7EE89DAC7EE09AAF0EE6D0AB0EE65
:1032C0006A0AEFF76BF8F0EE407AF0EE6D0AB0EEB6
:1032D0006A0AE6EC017AF0EE4DAAEFF7AFF8FB6B65
:1032E000B0EE6C7AA8EC010AAB42F0EE6BDA7FF438
:1032F000B2AED7E90C94D9F80031002B3FF7B8AA49
:103300009FEDE08AFFF72EBBD9F840324FF0000B5B
:10331000022BC9F84CB27FF728AD1BEE100AF1F76B
:1033200089FBD94B04460D461B6818EE100AD3F8EA
:103330000C80CDE9026BF1F77DFB22462B46CDE9EF
:1033400000014046D149EDF7D1FB0EE5FFEE007AD2
:1033500099ED877AF4EE676AF1EE10FA48BFF0EE65
:10336000676AD9ED897AE7EE267AC9ED897AFFF79F
:10337000CBB9C54932460968C868D9F844120091EA
:10338000C349EDF7B3FBD9F8483206E5D9F808315F
:103390007B62FFF761B9DFEDBB0AF0EE606AFFF711
:1033A00074BBDFEDB87A0026B0EE678AC9ED8A7A81
:1033B000BDE407EE908ADFEDB36AB8EEE77AD9EDA7
:1033C0008C7A67EEA67A87EE870A28E40AF1010A6A
:1033D000B0EE401AF0EE490A08F10808B0EE680AAB
:1033E0000BF1080BF1F7BCFE54450BED020A4BED57
:1033F000010A7FF4F0A8FFF720B90135B0EE401ABA
:10340000F0EE490A0836B0EE680A08F10808F1F74C
:10341000A7FEAC4208ED020A48ED010A7FF430A98C
:10342000FFF75EB9B0EE401AF0EE4A0AB0EE690A54
:10343000F1F796FEF0EE407AD7E9090134E501355F
:10344000B0EE401AF0EE490A0836B0EE680A0AF10A
:10345000080AF1F785FEAC420AED020A4AED010ABC
:103460007FF465A8FFF793B8F0EE6A0AB0EE4A0A57
:10347000F1F776FEB0EE408AF0EE608AFFF7CFB942
:10348000844B40F22671844A8448ECF7FDFEF0EE4E
:103490006A1AB0EE4A1AF1F763FEF0EE409AB0EE07
:1034A000609AFFF7A6B9F0EE641A87ED037AB0EEE2
:1034B000671AC7ED064AC7ED0B7AF1F751FE97ED93
:1034C000037AF0EE406AF0EE60EAD7ED064AD7EDF7
:1034D0000B7AF8E5DFED721AB0EE670AB0EE611A0A
:1034E000C7E90901F1F73CFEF0EE406AB0EE607A00
:1034F000D7E9090154E5F0EE4F1A87ED027AB0EEF4
:103500006F1AC7ED036AC7ED064AC7ED0B7AF1F7EC
:1035100027FE97ED027AB0EE406AF0EE605AD7EDE2
:10352000036AD7ED064AD7ED0B7AE4E5F0EE4A1AC6
:1035300087ED037AB0EE691AC7ED064AC7ED0B7A3C
:10354000F1F70EFE97ED037AF0EE405AB0EE605AB6
:10355000D7ED064AD7ED0B7AEDE5F0EE641A87ED6C
:10356000017AB0EE671A87ED025AC7ED035AC7ED2C
:10357000064AC7ED0B7AF1F7F3FD97ED017AF0EE0D
:1035800040EAF0EE606A97ED025AD7ED035AD7EDA4
:10359000064AD7ED0B7AE0E5F0EE4A1A87ED0B7A92
:1035A000B0EE691AF1F7DCFD97ED0B7AF0EE408A88
:1035B000B0EE608A6FE5F0EE670AF1F7D1FDF0EE4C
:1035C000406AFFF762BA7A63EFF7DAF87A6BB0EE27
:1035D000407AFFF726BB0BF1010BB0EE401AF0EE7C
:1035E000490A0834B0EE680A0836F1F7B9FDDA4541
:1035F00006ED020A46ED010A7FF4A8AAFFF7D7BA42
:10360000F0EE4F1A87ED007AB0EE6F1AC7ED016A3F
:10361000C7ED024AC7ED037A87ED065AC7ED0B5A8C
:10362000F1F79EFD97ED007AB0EE406AB0EE604A89
:10363000D7ED016AD7ED024AD7ED037A97ED065A26
:10364000D7ED0B5A9BE5F0EE4E0A87ED027AB0EE0D
:103650006D0AC7ED036AF0EE4A1AC7ED064AB0EEEE
:10366000691AC7ED0B7AF1F77BFD97ED027AB0EEA0
:10367000404AD7ED036AF0EE605AD7ED064AD7ED1F
:103680000B7A9AE50000000000000020ACD601088B
:10369000E8D601081CD70108580B020804D6010817
:1036A000F304353FF0EE641A87ED007AB0EE671A46
:1036B00087ED014AF0EE4C0AC7ED025AB0EE6B0AF4
:1036C000C7ED036AC7ED064AC7ED0B7AF1F748FD6F
:1036D00097ED007AB0EE40EAF0EE60DA97ED014A3D
:1036E000D7ED025AD7ED036AD7ED064AD7ED0B7A2C
:1036F00071E5F0EE4F1A87ED007AB0EE6F1A87EDA4
:10370000014AF0EE480AC7ED025AB0EE680AC7ED6A
:10371000036AC7ED064AC7ED0B7AF1F721FD97ED75
:10372000007AB0EE405AB0EE606A97ED014AD7EDEC
:10373000025AD7ED036AD7ED064AD7ED0B7A5CE55E
:10374000F0EE4A1AC7ED064AB0EE691AC7ED0B7AD9
:10375000F0EE6A0AB0EE470AF1F702FDD7ED064A2D
:10376000F0EE40DAD7ED0B7AF0EE605A65E5F0EE58
:10377000641AC7ED0B5AB0EE671AF0EE4D0AB0EEC0
:103780006C0AF1F7EDFCD7ED0B5AF0EE40AAF0EE23
:10379000606A62E5F0EE4F1AC7ED066AB0EE6F1A86
:1037A000C7ED0B5AF0EE4A0AB0EE690AF1F7D8FC01
:1037B000D7ED066AB0EE407AD7ED0B5AF0EE607A9C
:1037C0005DE55FED491AB962B0EE611A3863FB63DB
:1037D000F1F7C6FCFB6BB0EE407AF0EE607A386B26
:1037E000B96AFFF704BB034B4FF4C061024A0348B8
:1037F000ECF74AFD94D60108580B020804D60108DC
:103800002DE9F04F2DED108B99B0044690F87232EF
:1038100006AF83B1D0F89831002B00F0D384D0F8F4
:103820005422D0F82801D4F8A011801A01EBC0016D
:10383000084608F07DF8CC49D4F84001EDF700FACD
:10384000D4F8A011D4F81431D4F8085178620028C3
:103850005AD1D4F8E82020461344D4F8EC2013447D
:1038600007F138021D44D4F8B431029207F1340252
:10387000019207F1300200922A46FEF72BFB94F8E2
:103880007432002B40F03E8397ED0E8AD4F8085135
:10389000D4ED367AF4EEC87A3E6B786BF1EE10FA1E
:1038A00000F1DE83B14AA846C4F85452D4F840323D
:1038B000796A012BC4F85062C4F8240284ED8A8A24
:1038C000C4F84C1219DDAA4B1B68DD68CDE904125F
:1038D000F1F7B0F8CDE9020118EE100AF1F7AAF8F5
:1038E00082468B46434632462846A249CDE900AB84
:1038F000EDF7FCF8D4F84C327B62786A4C37BD4661
:10390000BDEC108BBDE8F08F2B44D4F804919FEDF3
:103910009ACAB0EE00AA03EB09020026B0EE4C9A58
:10392000DFED969A02EB45007E62FE62A0EB030E8D
:10393000D3007E6107EE90EABB614FEACE03C7F881
:1039400010E0F8EEE78AFB606FF02703F0EE68CA3C
:10395000BB622B464D4605EB030BBB69C7F820D075
:103960002A4601EB03083969A1EB0B0B00294FEA4A
:103970008B0303F1070323F00703ADEB030D06A848
:1039800040F36583F9684346DFED7B6A4144D3ED3C
:10399000017A1E46083367EEA77A96ED007A9942BF
:1039A000E7EE077A76EEA76AF1D1D4ED8C7A66EE6F
:1039B000A76A86EEAC0AB5EE400AF1EE10FA00F105
:1039C000E383F1EEC07A6B46E900A3EBC503B0EEEA
:1039D000697A9D46BB6A06AEA7EE8A7AF7EE007A50
:1039E000C7EE87BA002B00F06882282B40F03182A6
:1039F000002D28DDD4F89C51B146DFF884A129447C
:103A0000D5ED016ADAED010A95ED001AF1EE661ABC
:103A100026EEA07A9AED000A61EE207AA1EE007AF5
:103A2000E6EEC07AF4EE477AF1EE10FA80F1B58353
:103A3000083589ED007AC9ED017A0AF1080AA94230
:103A400009F10809DCD1BBF1000F40F332820025F7
:103A500007F1440A8146F86101E0D4F8042108EB3B
:103A6000C50007F140033146CDF800A008F012F878
:103A7000D4F8080197ED11BA07F1400397ED108AC9
:103A80002844D4F80421314608EBC000ABEE098A83
:103A9000CDF800A0023507F0FDFFD7ED11AAD7ED54
:103AA000108AF0EE4B0AEAEE898AB0EE480AEEF789
:103AB000C5FCB0EE408AF0EE6A0AB0EE680AEEF796
:103AC000BDFC38EE008A4B46AB4509F1080928EEEB
:103AD0002B8A83ED008AC0DC0025B0EE498AF869A4
:103AE0002B46D0ED007AF4EEC87AF1EE10FA02DD42
:103AF000B0EE678A1D46023308309B45F1DC08EBC7
:103B0000C50898ED000AD8ED010AEEF797FCB5EE6E
:103B1000C00AF1EE10FA35DDD4ED367AD4F8403231
:103B2000F4EEC87AF1EE10FA4CBF4FF0010A4FF0F4
:103B3000000A022B2CDCB4EEC8CAD7F820D0F1EE74
:103B400010FA06D5B0EE48CABB6AC7F824A0FD62D9
:103B50007B61BB6A2833502BBB6232D0D4F8A011F2
:103B6000D4E94153F7E600BF50D7010844D7010814
:103B70000000002058D7010800000000CCBC8C2BAE
:103B8000400C0208D4F840324FF0000A022BD2DD7C
:103B90001BEE900AF0F74EFFD34B804689461B6818
:103BA00018EE100AD3F80CB0CDE9025AF0F742FF34
:103BB00042464B46CDE900015846CC49ECF796FF0A
:103BC000B9E7D4F8A031EB46D4F80491BA691A44A5
:103BD000ABEBC9039D4690464FEAC90306AABA62F9
:103BE0007A69002A00F00782282A00F0CF81283263
:103BF00040F00783B9F1000F27DDD4F89C51BE6A6D
:103C000003EB050ABA4BD3ED010A95ED001AD5ED89
:103C1000011A61EE207A93ED000A20EEE17AE1EEDE
:103C2000807AA1EE007AF4EE477AF1EE10FA80F194
:103C3000D5820835F1EE677A86ED007A083355456E
:103C400006F1080646ED017ADDD1FB6A6FF0130A32
:103C5000DFEDA8BA09EB030608EBC303B0EE6BAACD
:103C6000C7F81CB0F0EE6BCA94ED5ABADFEDA2AA09
:103C700008EBC606DFEDA19A9B46BD6A87ED08CA30
:103C800007EE90AAB8EEE79A69EE2A7AC7EE8B8A19
:103C9000B0EE680AEFF750F8B0EE408AB0EE680A6E
:103CA000EEF714FCB9F1000FA8EE290AF1EE485A1C
:103CB000B0EE40CA40F39881F96AF7EE00DAD4F822
:103CC0000831B0EE69DADFED8BFA2A460B4459462B
:103CD000B0EE6FEAF0EE6FEA08EBC303B0EE6FFAF6
:103CE00003E0B0EE67DAF0EE47DAD2ED010A92EDCA
:103CF000000A60EEAD8A2DEE608AE0EE0D8AA0EE3D
:103D00002D8AF4EE488AF1EE10FA80F1FA8191EDF5
:103D1000001AD1ED011A61EE287A28EEE17AE1EE7F
:103D2000887AA1EE087AF4EE477AF1EE10FA80F183
:103D3000BA8193ED001A3FEE07FAD3ED011A7EEE39
:103D4000A7EA61EE286A28EEE16AE1EE886AA1EE50
:103D5000086AF4EE466AF1EE10FA80F18F8165EEA2
:103D6000AD7A2DEE657A3EEE06EAECEE0D7AACEE1B
:103D70002D7A7FEEA6FAF4EE477AF1EE10FA80F192
:103D8000A781083108320833B142AAD1F0EE6E0A99
:103D9000B0EE4F0AEEF752FBB0EE408AF0EE6F0A3B
:103DA000B0EE4E0AEEF74AFB38EE000AB4EEC0AAB7
:103DB000F1EE10FA03D5B0EE40AAF0EE49BA0AF1DE
:103DC000010ABAF1140F7FF45BAF002397ED08CA24
:103DD000D7F81CB0C4F81432C4F81832D4F8403202
:103DE000022B00F31E81D7ED057ADD46D4F8403270
:103DF000B8EEE78A012B38EE2B8A84ED8B8A15DD2D
:103E0000394B1CEE100A1B68DD68F0F713FE7B6A65
:103E1000CDE90401029318EE100AF0F70BFECDE98C
:103E20000001FA6A28463649ECF760FE7B6AC4F85E
:103E30004C32002B00F0DB800023D4F82C22C4E9A4
:103E40009133C4F82422FB6A84ED8ACAC4F8543240
:103E500053E5002D7FF7F7ADD4F89C51B146DFF85C
:103E600090A02944DAED010A95ED001AD5ED011A6A
:103E700061EE207A9AED000A20EEE17AE1EE807A96
:103E8000A1EE007AF4EE477AF1EE10FA80F15F814C
:103E90000835F1EE677A89ED007A0AF1080AA9423D
:103EA00009F1080949ED017ADCD1BBF1000F3FF7B8
:103EB000CEAD9FED108A002523E6002D7FF7C3AD20
:103EC000D4F89C5101EB050C3146D5ED017A08354B
:103ED00055F8083C0831F1EE677A654541F8083C31
:103EE00041ED017AF1D1AEE500000020ACD6010829
:103EF000400C020800000000DB0FC94000000080F9
:103F0000BCD7010807F14400D4F8B831D4F8A011A7
:103F10002A46029007F14000019007F13C00009012
:103F20002046FDF7D7FF94F8743297ED0E8A002BE8
:103F300000F0248197ED117AD4F80851B4EEC87AD4
:103F4000D4ED367AF1EE10FA3FF5A4ACB4EEE77A90
:103F5000FE6B386CF1EE10FA40F33B81D4F81C3163
:103F6000B0EE478A7A6A01339046C4F85422C4F806
:103F70001C31D4F8F020D4F8143102FB1533A44AD4
:103F80003344C4F8143101237B628FE4B9F1000F8C
:103F90007FF75BAED4F89C51DFF89CA22B44BE6A3D
:103FA000D5ED016ADAED010A95ED001AF1EE661A17
:103FB00026EEA07A9AED000A61EE207AA1EE007A50
:103FC000E6EEC07AF4EE477AF1EE10FA80F1AE80B8
:103FD000083586ED007AC6ED017A0AF1080A9D429D
:103FE00006F10806DCD130E6B0EE6C0ADEE6D4F865
:103FF0000831FB6227E7B9F1000F7FF726AED4F84E
:104000009C219818BB6AD2ED017A083352F8081B3C
:10401000F1EE677A824243F8081C43ED017AF2D14F
:1040200013E61AEE100AF0F705FD7A4B8046894632
:104030001B681BEE900ADD68F0F7FCFC42464B461D
:10404000CDE9000128467449ECF750FDCBE6D4EDEC
:104050008C7A9FED727A67EE877A87EEAC0AB0E4CD
:10406000D4F8183135446E4A013305F1FF38C4F8ED
:1040700018310123C4F854827B6217E4F0EE680A19
:10408000BA61B0EE480AC7ED0A5AC7E90331F1F741
:1040900067F8BA69B0EE406AD7ED0A5AF0EE606A86
:1040A000D7E903315BE6F0EE680ABA61B0EE480A80
:1040B000C7ED0A5AC7E90331F1F752F8BA69B0EE11
:1040C000407AD7ED0A5AF0EE607AD7E9033130E64C
:1040D000F0EE650ABA61F0EE4D1AC7ED0A5AB0EE7D
:1040E0006D1AB0EE4C0AC7E90331F1F739F8BA6935
:1040F000B0EE407AD7ED0A5AF0EE607AD7E9033194
:104100003FE6F0EE4D1ABA61B0EE6D1AC7ED0A5AED
:10411000C7E90331F1F724F8BA69B0EE408AD7ED68
:104120000A5AF0EE608AD7E90331F0E53B620835C0
:10413000F1F716F83B6A86ED000A0AF1080AAB426D
:10414000C6ED010A06F108067FF42AAF7DE5C7E94E
:104150000120F9610835F1F703F8F969F1EE600A19
:1041600089ED000AA9420AF1080A09F1080949ED96
:10417000010AD7E901207FF475AE64E4D4F8085150
:10418000D4ED367AFFF786BBBA60F861EEF7F8FA3D
:10419000BA68F0EE407AF86915E4C7E90121F861E0
:1041A0000835F0F7DDFFB96889ED000A0AF1080A61
:1041B000A942C9ED010AF86909F108097A687FF492
:1041C0001FAC40E4174B40F2BC51174A1748ECF7BC
:1041D0005BF8B0EE478A0E4AFFF765BB08353B62D5
:1041E000F0F7BEFFF1EE600A3B6A554586ED000A26
:1041F00006F1080646ED010A03F108037FF403AD5A
:1042000023E50B4B40F2BD310A4A0848ECF73CF875
:1042100048D7010800000020A0D7010800000000D6
:1042200044D7010894D60108840B020804D601087B
:104230004CD60108680B0208400C0208DFED171A83
:1042400060EEA17A00B5F0EE676A83B0E0EE217A05
:10425000D0EE216AF4EE676AF1EE10FA12D6F5EEAE
:10426000C06AF1EE10FAF5EEC07A94BF0123002384
:10427000F1EE10FA036094BF01230023436003B002
:104280005DF804FBB0EE611A0190F0F769FF019848
:10429000F0EE406AF0EE607AE1E700BFF304353FEC
:1042A00038B5D0F8403104461B78002B55D1D4F8EE
:1042B000940140B107F0D6FAD4F89401F6F7A0FAC9
:1042C0000023C4F89431D4F8980140B107F0CAFA39
:1042D000D4F89801F6F794FA0023C4F89831D4F88A
:1042E0009C01F6F78DFAD4F8A001F6F789FAD4F814
:1042F000A401F6F785FAD4F8E03002330CDB002590
:10430000D4F8A83153F825000135F6F779FAD4F836
:10431000E0300233AB42F3DAD4F8A801F6F770FAD2
:10432000D4F8AC01F6F76CFAD4F8BC01F6F768FAE9
:10433000D4F8C001F6F764FAD4F8B001F6F760FAE1
:10434000D4F80402F6F75CFAD4F80802F6F758FA43
:104350002046BDE83840F6F753BAD0F8B401ECF780
:10436000AFFBD4F8B801ECF7ABFBA0E72DE9F84FB1
:1043700080460C46154690F85C012DED048B00AF8D
:10438000002A79D00A1D894601EBC50AD8ED546A86
:10439000EE00934611462346D3ED017A083311ED22
:1043A000017A083166EEA77A534527EE267A01EDA9
:1043B000037A43ED017AEFD198B3D8ED556A2346DD
:1043C000D3ED017A083312ED017A083266EEA77A4E
:1043D000534527EE267A02ED037A43ED017AEFD1B9
:1043E0009FED509A1BED018AD9ED018AB0EE480A83
:1043F000F0EE680AEEF722F8B4EEC90AF1EE10FA10
:104400007DDDC9EE007A09F108090BF1080BD145F1
:1044100027EE888A67EEA87A0BED038A49ED017AC8
:10442000E0D198F871325BBB0DB3221D15469FEDAC
:104430003D9A264415ED018AD4ED018AB0EE480A72
:10444000F0EE680AEDF7FAFFB4EEC90AF1EE10FAE1
:104450004CDDC9EE007A08340835B44228EE278ACC
:1044600067EEA87A05ED038A44ED017AE2D1BD46F4
:10447000BDEC048BBDE8F88F98F87132002BF6D0B4
:10448000D8F89431EA46002B45D0AAEBC502204665
:10449000EE0095462A46E946494607F049FA324673
:1044A00049462046ECF76AFA98F87132D546002B57
:1044B000BAD098F85C31002BB6D0002DD7D0221D91
:1044C000D8ED566A2346A0191146D3ED017A083378
:1044D00011ED017A083166EEA77A984227EE267A26
:1044E00001ED037A43ED017AEFD19FE708340835F7
:1044F000A6429FD1BD46BDEC048BBDE8F88F09F103
:1045000008090BF1080BD1457FF46CAF98F87132B4
:10451000002BB5D188E7044B40F23C41034A0448E4
:10452000EBF7B2FE00008046ECD501089C0B0208B8
:1045300004D601082DE9F04F93B0824600AFD0F8C1
:10454000F0306C46D0F8DCE0FA621A467B62D0F8B4
:10455000E0300EF10200796303FB02FBC200DAF8DF
:1045600004117A64BBF1000F00FB0BF2DAF8E8509B
:104570003964A4EBC20295460A464FEAC101E846F7
:10458000B963A8EBC5018D46A1EBC202C7F820D0E4
:104590009546C7F81CD040F3B5800EF1010CC10060
:1045A000BCF1000F4FEA910218DBC7F83CE0464629
:1045B00000244FF000098E463B6333460021013151
:1045C000C3F80090C3F8049008338842F7D101344F
:1045D0007644A345F1D1D7F83CE03B6BC2EB827245
:1045E0004FF000094046C7F83CC092004C4649468F
:1045F000BD61BA627A6CC7F81480103A3A6391FBD5
:10460000F3F503FB1515002D00F08A80BEF1000FB5
:104610001ADD9AF87352002D40F09C80FA6A0EEB76
:104620000406054602EBC40402EBC6087246D4F841
:1046300004C00835C5F804C054F808CB4445C5F893
:1046400000C0F4D19646344601317D6C8B45284438
:10465000D5D14FF000095046C7F830B04E46D7F8D4
:1046600020B0D7F81CA0D7E90D23D7E905859C1801
:1046700042465946F863FDF7B7FAF86BD0F8EC20DC
:10468000A5EB020C65450FDD0BEBCC0E5146DEF8B9
:1046900004300CF1010C083141F8043C65455EF82A
:1046A000083B41F8083CF2D1002D0FDD0AEBC202B5
:1046B000DC460021DCF804300131083242F8043CC9
:1046C0008D425CF8083B42F8083CF3D13B6C002B70
:1046D0000DDD7B6B514603EBC9024B68083242F893
:1046E000043C51F8083B42F8083CA242F5D13B6C2F
:1046F000013699447B6C9844BB6B1C443B6BB342C2
:10470000B6D18246DAF8082150467B6A796B02FB03
:1047100003F31A46FFF72AFE4C37BD46BDE8F08F7B
:10472000FD6B002D90DBDAF8A45106463A6B05F1DB
:104730001408043590447246D5F800C00835083690
:1047400046F804CC55F80CCC454546F808CCF3D1D6
:10475000964679E7FA6A0EEB0409BD6A02EBC404D7
:10476000461902EBC9080546724694ED000AD4EDDD
:10477000010A85ED020AC5ED030A96ED021AD6ED8F
:10478000031A60EE817A21EEE07AE0EE217AA0EE63
:10479000017AB4EE677AF1EE10FA0CD6083485EDA2
:1047A000027AC5ED037A0836444505F10805DCD1E7
:1047B00096464C4648E7083408360835C7E90101F3
:1047C000C7E90332F0F7CCFC444585ED000AC5ED9E
:1047D000010AD7E90332D7E90101C6D1E8E700BFF2
:1047E000704700BFD0F85402704700BFD0F80801EE
:1047F000704700BFD0F82001704700BFD0F8F80024
:10480000704700BFD0F8FC00704700BF2DE9F041B1
:104810001346D0F8E440D0F8FC2000AF012C92FB06
:10482000F4FE6A46A2EBCE0295462CD0022C04D0B0
:10483000FFF780FEBD46BDE8F081BEF1000FF7DD59
:104840004FEACE051F4E96461D440EF1080ED3E9E1
:10485000004808334FEA440C08F001049D420CF074
:10486000020C4CEA040C06EBCC0CDCF80480DCF8FF
:1048700000404EF8048C4EF8084CE6D1FFF75AFE83
:10488000BD46BDE8F081BEF1000FD1DD1C1F94468E
:10489000002504EB8E0E54F8043F0CF1080C4CF884
:1048A000045C5B00A64503F1FF3307EE903AF8EE97
:1048B000E77A4CED027AEED1FFF73CFEBD46BDE84B
:1048C000F08100BF200C020838B5D0F828210D4631
:1048D000D0F854120446D0F8A001521A00EBC101DE
:1048E000D200EBF769FFD4F85422D4F828312946D6
:1048F000D4F8A0019B1AD20000EBC300EBF75CFFD9
:104900002046BDE83840FEF77BBF00BFD0F8282125
:1049100038B50C46D0F854120546D0F8A001521A0A
:1049200000EBC101D200EBF747FFD5F82821D5F8FD
:104930005402101A82421ADDD5F8A03104EB42026B
:104940002146DFED0D6A03EBC003A2EB400200201D
:1049500031F9024B083343F8040C07EE904A8A42BF
:10496000F8EEE77A87EEA67A03ED027AF0D12846D0
:10497000BDE83840FEF744BF00FEFF4670B5D0F8F2
:104980005442D0F828512B1B002B13DDD0F8A0C1C6
:104990000CEBC40E0CEBC3060CF1080CDEED007A38
:1049A000DEF804400EF1080EB4454CED027A4CF8E6
:1049B000044CF1D19D4210DDD0F8A04104EBC303BB
:1049C00004EBC50E0833D2F800C0546808329E4587
:1049D00043F808CC43F8044CF4D1BDE87040FDF72F
:1049E00037BD00BFF0B5D0F85442D0F828512E1B87
:1049F000002E12DDD0F8A03103EBC40C03EBC60788
:104A00000833DCF800E0DCF804400CF1080C9F42AD
:104A100043F808EC43F8044CF2D1B54219DD02EB3F
:104A20004504D0F8A031DFED0D6A0025A4EB460463
:104A300003EBC60332F9026B083343F8045C07EE5C
:104A4000906A9442F8EEE77A87EEA67A03ED027A4E
:104A5000F0D1BDE8F040FDF7FBBC00BF00FEFF4613
:104A600007EE901AB7EE007A0029F8EEE77AC7EE63
:104A7000276A75DD034670B5044600EBC1052DEDD0
:104A8000088B9FED429AD3ED017A1A46083367EE00
:104A9000A77A92ED007A9D42E7EE077AA6EEA79AF2
:104AA000F1D1B5EE409AF1EE10FA5CD4F1EEC9AA5C
:104AB0009FED37BA39EE0BBA9FED34AA0026F0EE1F
:104AC0004A9A07E0A8EEA8AA79EEA89A0136083417
:104AD000A5421CD094ED008AD4ED018AB0EE480ABC
:104AE000F0EE680AEDF7AAFCB4EEEA0AF1EE10FA6D
:104AF000EDDDF0EEC87AB0EEE87AF4EEC77AF1EECA
:104B000010FADFDCA8EE08AA79EE889ADEE7012E1B
:104B100010DD07EE906A69EEE99A731EF8EEE77A07
:104B200006FB03F3E7EE8A9A07EE903AF8EEE77A8F
:104B300089EEA79A9FED160AF0EE007AA9EE270AF1
:104B40008BEE000AEEF73CF9F2EE047A20EE270A2B
:104B5000B4EE400AF1EE10FA10D6BDEC088B70BD31
:104B60009FED0A0A70479FED0ABAB0EE490AEDF7C9
:104B700007FEF0EE40AA39EE0BBA9DE7054B40F276
:104B8000CF71054A0548EBF77FFB00BF000000002E
:104B9000CCBC8C2B00D80108440B020804D60108B9
:104BA000002370B590F80C52A0F86C327DB9D0F8A3
:104BB0004C32D3B30123C0F83C52C0E9975580F87A
:104BC0006C32012380F80D5280F80C3270BD6A1EE1
:104BD000012A2FD8D0F86062D0F830410136C0F8F1
:104BE0005832002CC0F8606233DD00F2C31C01397A
:104BF00064441CF8012F11F801EF644582EA0E02AB
:104C00001344C0F85832F4D1012D15D0022B0EDD1B
:104C1000D0F85C3290F80E220133012AC0F85C32E1
:104C200008D1062B06DD80F80F220023CAE70023F7
:104C3000C0F85C322B46C5E7022BD0F85C220CDDB5
:104C400001320023022AC0E99723BAD180F80F521B
:104C5000EBE7012DEBD1D0F85C22022A0BD0012327
:104C6000042EAFD1D0F81032012B02D0002380F8EF
:104C70000F320223A6E70122002380F80F22EFE77C
:104C8000F0B5002390F80C52D0F83041A0F86C3207
:104C9000C5BBD0F84C32E3BB002CC0F858522BDD1A
:104CA0002E4601F1FF3E00F2C31C002163461EF8B0
:104CB000017F1CF8012FA3F5E1737A401B1A114400
:104CC000A342C0F85812F1DB012D2AD0022D14D1D5
:104CD000D0F86832D0F8F02001339342C0F868323F
:104CE0000BDBD0F8643200220133C0E99932D0F8EE
:104CF000442112B1934200DB002680F80D5280F867
:104D00000C62F0BD002C2E46C0F85832C9DC1946A2
:104D1000DAE70126002CC0E9965580F86C62C0DC09
:104D2000EBE7D0F834318B420ADD0022D0F8243191
:104D3000022680F80D52C0E9992380F80C62F0BD7C
:104D4000D0F85C32D0F8F02001339342C0F85C32E6
:104D5000D3DDD1E7F0B5002390F80C62D0F83051E4
:104D6000A0F86C32BEBBD0F84C32DBBB002DC0F8D3
:104D7000586269DD374601F1FF3E00F2C31C002195
:104D800063461EF8014F1CF8012FA3F5E173624042
:104D90001B1A1144AB42C0F85812F1DB012E29D086
:104DA000022E13D1D0F86832D0F8F02001339342AC
:104DB000C0F868320ADBD0F8643200220133C0E95F
:104DC0009932D0F844210AB193423FDA80F80D625B
:104DD00080F80C72F0BD002D3746C0F85832CADC9E
:104DE0001946DBE70127002DC0E9966680F86C7252
:104DF000C1DCEBE7D0F85C32D0F8242101339342D8
:104E0000C0F85C32E2D1D0F834218A4204DD0022BD
:104E10000227C0E99923D9E7D0F82811D0F80C313E
:104E20000029C0F814310ADDD0F8A031002203EBCC
:104E3000C1011A60083343F8042C8B42F9D1D0F831
:104E400038310133C0F838310027BFE7D0F82811D6
:104E5000D0F80C310029C0F81431F5DDD0F8A031BC
:104E6000002203EBC1011A60083343F8042C994275
:104E7000F9D1E9E7002330B590F80C52A0F86C3274
:104E800045B9D0F84C328BBB002380F80D5280F826
:104E90000C3230BD6A1E012A26D8D0F86022D0F824
:104EA00030410132C0F85832002CC0F860220EDDCB
:104EB00000F2C31C013964441CF8012F11F801EF02
:104EC000644582EA0E021344C0F85832F4D1012D31
:104ED000D0F834211CD0934215DDD0F85C32013378
:104EE000062BC0F85C32CFD02B46CEE70122C0F8AB
:104EF0003C5280F80D52134680F86C22C0E9975559
:104F000080F80C3230BD0023C0F85C322B46BCE781
:104F1000934280F80D52CCBF002301235B0080F840
:104F20000C3230BD70B5D0F87C620D46044617498E
:104F30003046EBF785FE18B315493046EBF780FE97
:104F400048B91449D4F84001EBF77AFE294640B934
:104F50002046FFF795FE10493046EBF771FE48B149
:104F600070BD2046FFF7F6FE0B493046EBF768FEB2
:104F70000028F5D129462046BDE87040FFF77ABFEA
:104F800029462046FFF70CFED6E700BF14D80108DB
:104F90001CD8010824D8010830D8010870B5D0F811
:104FA000DC6004460D46322E2DED028B0E607ADC5D
:104FB00010461946FFF754FDD4F8E820D4F8EC3039
:104FC000B0EE408A07EE902AD318F8EEE77A00EEAA
:104FD000103AB8EEC00A80EE270AEDF7F1FE07EEB0
:104FE000906AD4ED5C6A9FED337AF8EEE77AF0EEE2
:104FF000408A67EEA67A87EE870AEDF7E1FED4F8DD
:1050000040311B78B2EE047AF0EE487AE0EE077A8F
:10501000E8EE877A73B995ED017AB4EEE77AF1EEAE
:1050200010FA07D49FED246ADFED246A67EE867AD2
:10503000E7EE267AD4F80811D4F86032C5ED017A8B
:1050400001FB03F394F80C2294ED927A002107EE11
:10505000903A013AB8EEC77AD4F82432F8EEE77AFB
:10506000012AA9618CBF00220122F5EE407A2B6152
:10507000EA6085ED057AF1EE10FA07D094ED8F7AAB
:10508000B8EEC77AC7EE276AC5ED066AD4F82812CB
:10509000D4F83831D4E94602BDEC028B2862E961CC
:1050A000C5E9092370BD064B40F61F11054A0648A5
:1050B000EBF7EAF800803B45CDCCCC3D6666663F19
:1050C00048D801082C0B020804D601082DE9F04F3E
:1050D000D0F8E4409346D0F8FC20D0F83061022CA0
:1050E0002DED028B92FBF4F883B0D0F82C210191C6
:1050F0000E9996FBF4F692FBF4F940F0C380109AF7
:10510000002A00F0B880A8EB09040025002C40F329
:10511000A180DDF804C0DA46AE462F46AE4200F369
:10512000838003EBCE02DCED017A9CED007AC2EDC8
:10513000017A82ED007A01EB8E02DAED007A0EF14F
:10514000010EC2ED007A7A1CA24220D0AE427BDC76
:1051500001EB8E0C019903EBCE030BEB820A01EB02
:10516000C201D1F804B00833D1ED007A083143F818
:1051700004BC43ED027A5AF804BB4CF804BB9346D6
:1051800001329442EDDCAEEB070707EB0B0EAE42AB
:1051900040F08D80A8EB0606A6EB090676457FD188
:1051A000109BA0451C6058DD0F9D8146019B05EBBF
:1051B00088079FED428A03EBC406A7EB8407D6ED70
:1051C000010A96ED000A60EE887AB0EE677AE0EEAA
:1051D000087A90EE087AF4EE477AF1EE10FA3FD6AC
:1051E000F5EEC07A04350836F1EE10FAB5EEC07A65
:1051F00094BF01230023F1EE10FA25F8043C94BF7C
:1052000001230023BD4225F8023CD8D1A8EB0408B5
:1052100048464FEA4808D0F82C31434539D103B00D
:10522000BDEC028BBDE8F08FD0F8082252F82520A3
:10523000BA427FF476AF01370135BC42A7D00CF1FA
:10524000080C0AF1040A69E70CF1080C0AF1040AD7
:10525000174663E7AE462C4699E74FF00008DAE7B9
:10526000DFED161AB0EE611AEFF77AFFB0EE407A72
:10527000F0EE607AB4E7124B40F6D411114A1248AE
:10528000EBF702F8114B40F6D3110E4A0E48EAF73D
:10529000FBFF0F4B40F6EB110A4A0B48EAF7F4FF0D
:1052A0000C4B40F6E111074A0748EAF7EDFF0A4BBD
:1052B0004FF41E61034A0448EAF7E6FFF304353F62
:1052C00018D90108F80A020804D60108CCD8010848
:1052D000B8D80108ECD80108DCD80108D0F8E420DF
:1052E0002DE9F041022AD0F8F840D0F830712DEDC8
:1052F000028B94FBF2F897FBF2F784B060D1D0F800
:10530000242102FB08F2002A47DD00249FED338AA6
:105310002546A74206DCA74259D104B0BDEC028B5A
:10532000BDE8F081D0F8086256F82460AE4204D09F
:105330000135AA42EFDD0831EBE7D1ED010A91ED2D
:10534000000A60EE887AB0EE677AE0EE087A90EEB6
:10535000087AB4EE677AF1EE10FA20D6F5EEC07A4C
:105360004FF000020135F1EE10FAB5EEC07A94BFAD
:1053700001260026F1EE10FA66F3070294BF01261B
:10538000002666F30F2223F814200134D0F82421DC
:1053900002FB08F29542CEDBBDE70024BBE7DFED60
:1053A0000F1A0191B0EE611ACDE90203EFF7D8FEB2
:1053B0000199B0EE407AF0EE607ADDE90203CDE7C4
:1053C000074B40F6F811074A0748EAF75DFF074B1D
:1053D00040F60421034A0448EAF756FFF304353F38
:1053E000CCD80108E80A020804D60108DCD8010874
:1053F000002914DD00EB410C012302380849ACF10F
:10540000020C43F2390200B5A3FB013E9B18C3F323
:105410000E0320F8023F8445F6D15DF804FB704787
:105420006D4EC6414B00002903F1070222F007022E
:10543000B0B500AFADEB020D1FDDEC46991E104C70
:105440000123ACF1020243F2390E8C441146A3FB56
:10545000043513EB0E03C3F30E0321F8023F61453D
:10546000F5D1013832F8023FB3F5804F94BF0023E5
:105470000123624500F8013FF4D1BD46B0BD00BF35
:105480006D4EC641F0B5ADF5217D0C461546014681
:1054900000AF4FF420723846EBF770FAD7F8F86097
:1054A0000123002EC7F8FC6006FA03F1C7F8F030BC
:1054B00001F1070323F00703ADEB030D37DD684669
:1054C00002392A4643F2390C014402381C4D034686
:1054D000A2FB052E12EB0C02C2F30E0223F8022FE0
:1054E0008B42F5D1B600073626F00706ADEB060D68
:1054F0006A46A2F1040C30F8023FB3F5804F94BF26
:105500000023012388424CF8043FF4D100234FF0DC
:105510007E553846214687F87132C7F8505187F8D2
:105520005C31FFF773F907F52177BD46F0BDB30095
:10553000073323F00703ADEB030D6A46E6E700BF30
:105540006D4EC6412DE9F84F4FF4207106460120FB
:105550002DED048BF5F750F9002800F0D9850446AD
:10556000002E00F0AE8400F1C80806F1A901404603
:10557000EAF7B0FED6ED028A96ED049A96ED058A1A
:10558000B26BD6E90913D6E90750C4F8E4303368A2
:1055900084ED5D8A28EE288AC4F86031736884ED52
:1055A0005B9ABDEEC88AC4F86431F368C4ED5A8AC8
:1055B000C4F87031C4E93750F36A04F5E275376B0B
:1055C000C4F82C312846736BC4F83071C4F83431F8
:1055D000B369C4E93C12C4F8D830D6E91013F26BB1
:1055E000C4F87832D6F88830C4F83C21C4F8483181
:1055F000D6F89030B6F88C20C4F83832D6F894300B
:10560000A4F871223A46C4F84C3196F89830C4F8A0
:105610007C1206F1480184F82032D6F89C30C4F898
:105620005031D6F8A030C4F85431D6F8A430C4F8BC
:10563000583196F8A83084F85C31EBF79FF9B7EE53
:10564000006AD6F8BC20C6EE096AC4F84021D6F834
:10565000C020C4F88C21D6F8C42084ED3B8AC4F85D
:105660009021C8EEA67AC4ED5C6ABBFE677AFDEEB7
:10567000E77ABDEEC77AF8EEE75A17EE903A17EEE2
:10568000102AC4F8E830C6EE257A9342C4ED5F7A5A
:1056900040F01C85D4F87C62D6493046EBF7D0FA4E
:1056A00058B1D5493046EBF7CBFA30B13046D34943
:1056B000EBF7C6FA002840F0AF84402F00F30C85CA
:1056C000414604F1A900EAF705FED4F86031D4F8A8
:1056D00030212360D4F8643122636360D4F86831E8
:1056E000A360D4F87031E360D4F86C312361D4F84E
:1056F00074316361D4F8D830A361D4F8DC30E3614D
:10570000D4F8E0302362D4F8F0306362D4F8E430A7
:10571000A362D4F82C31E362D4F834316363D4F853
:10572000F430A363D4E99E03D4F83C11606404F11F
:105730004800C4E90F13D4F848312946C4F888302A
:10574000B4F87132A4F88C3094F8203284F8983090
:10575000D4F85031C4F89C30D4F85431C4F8A03097
:10576000D4F85831C4F8A43094F85C3184F8A830E7
:10577000D4F83832C4F89030D4F84C31C4F89430AE
:10578000EBF7FCF8D4F8F010D4F8E460D4F8DC209F
:1057900094ED5B7A06FB02F2D4ED5D7AD4F84071A9
:1057A00077EE877AC4F8BC70D4E93A031844D4F889
:1057B000E03001FB03F6C4F8040107EE106A5E1E38
:1057C00000FB03F306FB02F2B8EEC77AC4F80061EF
:1057D000C4F8F82001FB02F267EE877AC4F80831BA
:1057E000C4F8FC20D4F88C21C4ED5E7AC4F8C02043
:1057F000D4F89021C4F8C4203A78002A40F0D68228
:1058000000280246B8BFC21C03EBA202C4F8202144
:105810003A7812B18A1C03FB02F20344C4F80C214B
:10582000C4F81421C00003EB43031A44C4F8103138
:10583000C4F82821F4F7DCFFC4F89C01002800F02C
:105840005284D4F82801C000F4F7D2FFC4F8A001B4
:10585000002800F04F84D4F82821002A08DD00EB4E
:10586000C20200230360083040F8043C8242F9D1B0
:10587000D4F8DC300233D800F4F7BAFFC4F8A4013E
:10588000002800F00784D4F8E0300333D800F4F7A0
:10589000AFFF0746C4F8A801002800F00284D4F83E
:1058A000E030023315DB0026D4F8DC000230C00003
:1058B000F4F79EFF47F82600D4F8A87157F8263071
:1058C000002B00F09483D4F8E03001360233B34269
:1058D000EADAD4F80031D4F8DC2002FB03F3D80074
:1058E000F4F786FFC4F8AC01002800F0B083D4F8C8
:1058F0000031D4F8DC2002FB03F39800F4F778FFC2
:10590000C4F8BC01002800F0A983D4F80031D4F811
:10591000DC2002FB03F39800F4F76AFFC4F8C0012F
:10592000002800F0A283D4F8DC60B31C402B00F206
:10593000AA83B01C14D0D4F8A4310020304A03F15B
:105940001401043301EBC60112F9017B07EE907AD2
:10595000F8EEE77A43ED017A43F8080B9942F3D168
:10596000D4F83C314BB9D4F8A411721C002301EBDC
:10597000C202136053600B604B60D4ED5C7AF6EEAC
:10598000005AD4ED5A6A002294ED587AC6EEA74A1E
:1059900094ED596A9FED1B4A94F87132C4F8942132
:1059A000C7EE276A86EE277A07EE906AF8EEE77A66
:1059B00084EE245AE7EEE56AB7EE006AA7EEE57AD0
:1059C000F8FE666AF8FE477A36EEC67A77EEC67A51
:1059D00084ED625A84ED607AC4ED617A002B40F068
:1059E0003682002294F87232C4F89821002B40F0DD
:1059F000E78109E014D801081CD8010830D8010853
:105A0000E00B0208DB0FC940D4F8281100290ADD99
:105A1000D4F8A031002203EBC1011A60083343F827
:105A2000042C9942F9D1D4E93776B21C18DB7B1CDF
:105A3000C0F2D1824FEAC70C0336D4F8A8E10020A7
:105A40000CF1100C00225EF820300CEB03011A6000
:105A5000083343F8042C9942F9D101308642F2D13F
:105A6000D4F8009107FB09F100290ADDD4F8AC3124
:105A7000002203EBC1011A60083343F8042C994259
:105A8000F9D1B9F1000F22DD002F20DDBF004FF06A
:105A90000008BA46C346D4E96F6306EB0A0203EB7B
:105AA00008004644904203D253449E42C0F0808195
:105AB0003A460021EAF770FD3A4600213046EAF7FF
:105AC0006BFD0BF1010BBA44B844CB45E3D1012186
:105AD000002240F20110002384F8701284F80F12A3
:105AE000DD49A4F86E02C4F81C12D4F80811D4F8E9
:105AF0003001C4F84022C4F810228000C4F84421C8
:105B0000C4F84C22C4F85412D449C4F82C32C4F856
:105B10002432C4F82832C4F83432C4F81432C4F839
:105B20001832C4F88C11C4E99122CD4AC4F89021EE
:105B3000F4F75EFEC4F80402002800F07A82D4F87C
:105B40003031D4F8E42093FBF2F39800F4F750FEE0
:105B50008146C4F80802002800F07282D4F8E430CC
:105B6000D4F83021D4F8F00092FBF3F8D4E937628E
:105B7000013A06FB0881771C06FB02F200FB02F2E9
:105B800091FBF3F007EE900AF8EEE77AFDEEE77A84
:105B900017EE900A82420FDCA1EB4801771E91FBC1
:105BA000F3F107EE901AF8EEE77AFDEEE77A17EEDA
:105BB000901A8A4240F37C82B8F1000F40F30982C8
:105BC00009EB8806A9F1040EBC460020043E6FF0E4
:105BD000404A9CFBF3F307EE903AF8EEE77AFDEECD
:105BE000E77A17EE901A4EF8041FD4F8E430002B31
:105BF0000FDDD4F8042200EB0A0B02EB8B0B002222
:105C000003FB012301324BF8043FD4F8E430934204
:105C1000F6DC76451844BC44DBD1D4F8300190FB67
:105C2000F3F06FF04042C000424459F822200132A4
:105C300007EE902AD4F8F82092FBF3F2F8EEE76A28
:105C400007EE902AB8EEE77AC6EE877AFAFE677A10
:105C5000FDEEE77AC4ED497AF4F7CAFDC4F8B00165
:105C6000002800F0CB81D4F8E430022B40F0CD8145
:105C7000D4F83031002B1E46B8BF5E1C012B4FEA12
:105C8000660615DD002204F2C51C764F15F81210C9
:105C900008301CF81230013243EA4103964207EB08
:105CA000C30359681B6840F8041C40F8083CEDDC4D
:105CB00000230122D4F8E800A4F80C32C000C4F894
:105CC0005832A4F86C3284F80E22C4F86832C4E961
:105CD0009733F4F78DFD8046002800F0F0810146EF
:105CE000D4F8A4212046FBF77FFFD4F8EC30002B3A
:105CF0000ADDD4F89C21002502EBC30115600832AF
:105D000042F8045C8A42F9D1D4F8E820002A11DD77
:105D10001A44D4F89C7107EBC30307EBC207424651
:105D20000833166855680832BB4243F8086C43F8DC
:105D3000045CF5D14046F4F763FDD4F80411002962
:105D400040F34481D4F89C31DFED476A03EBC10294
:105D5000D3ED017A1846083367EEA77A90ED007A02
:105D60009A42E7EE077A76EEA76AF1D107EE901A2B
:105D70000023D4F84001F8EEE77AC4F83C3284F806
:105D8000733267EEA67AC4ED8C7A0378002B77D154
:105D90003649EAF755FF03462046B3FA83F3BDECD4
:105DA000048B5B0984F87432BDE8F88F5A002DE546
:105DB000002240F8042B834246F8042BF9D180E6F8
:105DC0002020F4F715FD0646C4F89801002800F0DD
:105DD000298127494046EAF733FF30B1254940463B
:105DE000EAF72EFF002840F0E38064222249304683
:105DF00005F022FDD4F8DC20511CC0F2F48094EDB3
:105E0000616A0232D4ED626A00239FED177A07EED1
:105E1000903A0133F8EEE77A9A4277EE867AA7EE67
:105E2000A67AF4D194ED5A6A07EE902ADFED135A60
:105E3000F8EEE77AD4F89801C6EE256A26EE877A5E
:105E400087EE270A80EE060A05F022FDDCE52046F3
:105E5000FBF740FEC5E500BFCDCCCC3D000048C2FD
:105E600000004842200C02080000000050D7010842
:105E700050D6010858D6010860030020DB0FC94046
:105E8000D4F80801C000EAF713FE0146C4F8B401D3
:105E9000002800F0F18002222046FFF7F3FAD4F840
:105EA0000801C000EAF704FE0146C4F8B801002862
:105EB00000F0278120460322FFF7E4FAD4F84001DE
:105EC00066E79649012300F1C8084FF0110C0868F5
:105ED0004FF0804509790A27C4F8C8004FF09009AF
:105EE00088F80410C4F8F030C4F83C31A4F87132DA
:105EF0008B4B8C4AC4F850318B4B1146C4F854512B
:105F00001046C4F8603104F5E275C4F86431874B7B
:105F1000C4F84861C4F86831042384F85C61C4F8AB
:105F20002C31022384F82062C4F8E4300823C4F83A
:105F30007C22C4F83071C4E937C37D4BC4F86C319E
:105F40007C4BC4F874310323C4F834312023C4F8E3
:105F5000F430794BC4F8D830784BC4F87832784BA9
:105F6000C4F838326423C4F84C31764BC4F8583145
:105F7000754BC4F84031754BC4F88C31744BC4F880
:105F80009031744BC4F8C461C4F870311023C4F864
:105F9000C861A4F8CC611646C4E93A936E4BC4F8C4
:105FA0007C31EAF74DFE00287FF47BABFFF788BB1E
:105FB0006A494046EAF744FE00283FF416AF684BB2
:105FC00040F25321674A6848EAF75EF9DFED676AF5
:105FD000CCE6404625E6D4F8009107FB09F10029FC
:105FE0003FF744AD73E59FED617A02321AE7604BEB
:105FF00040F259115F4A5C48EAF746F95E4B4FF4AC
:10600000EC715C4A5848EAF73FF95C4B4FF4ED718C
:10601000584A5548EAF738F9594BFE21554A524833
:10602000EAF732F9574B40F243214E4A4E48EAF71D
:106030002BF9554B4FF4DA714E4A4B48EAF724F9E5
:10604000524B40F2B7114B4A4748EAF71DF9504B03
:1060500040F25F11474A4448EAF716F94D4B4FF4B6
:10606000B171444A4048EAF70FF94B4B4FF4B37112
:10607000404A3D48EAF708F9484B40F216213D4AAC
:106080003948EAF701F9464B4FF4B571394A3648B9
:10609000EAF7FAF8434B4FF4A571364A3248EAF76B
:1060A000F3F8414B4FF4A971324A2F48EAF7ECF864
:1060B0003E4B4FF4E2712F4A2B48EAF7E5F83C4B90
:1060C0004FF4F9712B4A2848EAF7DEF8394BFD21E5
:1060D000284A2548EAF7D8F8374B40F20111254AFB
:1060E0002148EAF7D1F8354B4FF4A171214A1E48F7
:1060F000EAF7CAF8324B40F245111E4A1A48EAF74D
:10610000C3F8304B40F219211A4A1748EAF7BCF895
:106110002D4BA821174A1448EAF7B6F82CD90108E4
:1061200000426F4814D801080080BB440000FA45C3
:10613000BC74933C6F12033B9A99993E34D9010881
:10614000100800206666663F04D50108000048C2BA
:1061500000004842E4385E42398EE33B60D60108D5
:106160004CD60108B40B020804D601080000000058
:1061700068DA0108D40B020864DB0108CCD80108F6
:106180006CD9010894D6010808DB010820DB01085E
:1061900080DA010894DA0108ACDA010890DB010822
:1061A000D0DA010838DA010850DA01083CDB0108CE
:1061B00080DB010840D90108E8D9010808DA0108A4
:1061C00024DA0108ACDB010838D801082DE9F04FCA
:1061D00087B0002800F03A830C46002900F0308395
:1061E0000546EAF76DF90F2800F22483421C294680
:1061F00004F1A9000126EAF7C1FBB64B4FF00A0EE5
:1062000011222360082163600427B34B4FF002087A
:10621000E2614FF0200B236104F14809AF4B4FF0CE
:10622000400AAF4A48466361AE4B21620021C4F880
:10623000A030AD4BA2605246C4F8A430AB4B84F8FA
:106240009810C4F8903064236662C4F89430A84B68
:10625000E663C4F89C30032384F8A860E762A4F8DE
:106260008C60C4F82880C4F838B0C4E90CE3A14BB2
:10627000A361A14B2364A14BC4F8BC30A04B636461
:10628000EAF78AF99F492846EAF7DAFC00287FD026
:106290009D492846EAF7D4FC00287ED10C239B4A6E
:1062A0009B49E0635020C4F89C10C4F8A020994991
:1062B000994A2762C4F8886084F89860A0632161D5
:1062C0006261C4E90B83954B2364954B6364954BE2
:1062D000C4F890301523E361934BE36007B0BDE849
:1062E000F08F92492846EAF7ABFC002840F0B482D0
:1062F0008F4B04220521DFF890C2236450232162D2
:106300006F46A3636E468B4B4FF0010E62626D4683
:10631000A361F0EE007A824B4FF07E5AE2612022B8
:1063200063640C238449E063E0626161C4F888E03F
:10633000DFF850B29FED817ADFF85082C4E90C2378
:10634000BCE80F000FC79CE8030087E803000FCEEE
:10635000A064C9F80410C9F80820C9F80C3003CEAD
:10636000C9F81000C9F81410C4F8BCB084ED277A3D
:10637000C4ED287AC4F8A4A084F88DE0C4F8908015
:106380000FCD20656165A265E36503CD206661667A
:106390006B4BE36007B0BDE8F08F6A492846EAF727
:1063A0004FFC00B368492846EAF74AFC00282BD185
:1063B000664A05235749E06362611D2264482161F2
:1063C000C4F89000634956486363C4F838A0606419
:1063D000C4F89C1084F89860C4E907234F4A10233E
:1063E0002264236378E75C4A1F235C485C4922618E
:1063F000E3614C4A5B4B6064C4F89C10C4F8902085
:10640000E36007B0BDE8F08F57492846EAF718FC6B
:10641000002843D055492846EAF712FC002840F0EE
:10642000BF80434A5021C4F888606E462264092226
:106430004F4B3546E26162630522E0632262364AD1
:10644000E06262614B4AA16322614B4A6762626407
:10645000C4F830B0DFF82CA1DFF834B1DFF83481B4
:10646000DFF834E1DFF834C1444F0FCB86E80F008A
:106470000FCDA064C9F80410C9F80820C9F80C3081
:10648000C4F818B0C4F8BCA0C4F89C80C4F8A0E05C
:10649000C4F8A4C0C4F89070394B1EE72B4A0523FA
:1064A000A7626261334A636322612122E062E26192
:1064B0003C22C4F8886084F88C00226384F8A80029
:1064C000C4E908331A4B23642E4BC4E92400C4F8F2
:1064D000BC30E1E70080BB44BC74933C6F12033BCB
:1064E0000000FA4500002040CDCC4C3F10080020B1
:1064F00000426F489A99993E14D8010804D50108C2
:1065000034D901082CD9010814DC010800004040EE
:10651000005E17484260653CA69BC43B30D801082A
:106520001CDC0108800600206DDB8E4260D601086D
:106530001CD801086666E63E0AD7A33B007C1249D8
:10654000E4385E4228DC010840DC01086F12833B1E
:10655000F004002000E8FD479EEFA73C30DC010876
:1065600000162348381F434248DC010850DC01086C
:1065700074CC01086F12833C58DC0108A00900208C
:10658000FFFF794224D8010884CC01086003002071
:106590000AD7A33D007C9248CDCC0C409A99593F34
:1065A000B1492846EAF74CFB00283BD100221027CE
:1065B0006E460521E263E2620622AC4B354621625B
:1065C000DFF8C4A2DFF8FC82DFF8FCE2DFF8FCC2EF
:1065D000C4E90C72A64AA74F22640122C4F888209D
:1065E0005022A263A44A626426226262A34A6261C4
:1065F000A34A22611B22E2610FCB86E80F000FCD78
:10660000A064C9F80410C9F80820C9F80C30C4F80F
:1066100018A0C4F8BC80C4F89CE0C4F8A0C0C4F8BA
:10662000907039E797492846EAF70AFB00284CD1D1
:1066300005232825DFF898C26F4623626E468C4BEF
:10664000E06323645023E062A3638F4BDFF874B2EE
:10665000A3618E4BDFF87CA263640123DFF87882AC
:10666000C4F888300A23DFF874E2C4E90C531D2310
:106670006D466362814B6361814B23610923E36152
:10668000BCE80F000FC79CE8030087E803000FCEAB
:10669000A064C9F80410C9F80820C9F80C3003CE6A
:1066A000C9F81000C9F81410C4F8BCB0C4F89CA014
:1066B000C4F8A080C4F890E00FCDA065E165226623
:1066C000636603CDA066E166E6E671492846EAF70F
:1066D000B7FA002854D105234FF07C522021DFF86F
:1066E000F0C123622F23A2616F4663626E46634B43
:1066F0004FF0010E5E4A6D4663614FF07E5A604B6B
:106700002264502223610423E063E3615F4BE06273
:1067100063640C23A263C4F888E0DFF8A8B19FED9E
:106720005D7ADFED5D7ADFF8B881C4E90C13BCE86F
:106730000F000FC79CE8030087E803000FCEA0649A
:10674000C9F80410C9F80820C9F80C3003CEC9F8FC
:106750001000C9F81410C4F8BCB084ED277AC4ED59
:10676000287AC4F8A4A084F88DE0C4F890800FCDF6
:1067700020656165A265E36503CD206661668BE6F1
:1067800046492846EAF75CFA00287FF4AAAD1223AE
:10679000052237496F4663626E4663635023226267
:1067A0004FF0010EA3636D46344A4FF07E5A3C4BC6
:1067B0006261A361324A3B4B22610322636430234E
:1067C000DFF80CC1E063E0622164E2612363C4F896
:1067D00088E0DFF8F0B09FED347ADFED2F7ADFF854
:1067E0000081BCE80F000FC79CE8030087E80300A6
:1067F0000FCEA064C9F80410C9F80820C9F80C30FD
:1068000003CEC9F81000C9F81410C4F8BCB084ED68
:10681000277AC4ED287AC4F8A4A084F88DE0C4F8DF
:1068200090800FCD20666166A266E36603CD206787
:10683000616731E61D4B15211D4A1E48E9F724FD0D
:106840001D4B13211A4A1B48E9F71EFD1B4B122151
:10685000174A1848E9F718FD194B40F21511144A68
:106860001448E9F711FD00BF64DC010874CC01088D
:106870001CD80108800600206CDC0108A69BC43BE4
:106880006F12833C7CDC0108CDCCCC3D84DC01085C
:1068900050D60108007C12499A99993F58D60108B0
:1068A0006666E63E94DC0108001B374900DC0108FF
:1068B00080120208D8DB0108F0DB0108C8DB010800
:1068C0004CD6010824D80108009A0D48CDCC2C40A4
:1068D00084CC0108007C9248CDCC0C40A00900205B
:1068E000600300204368002B24DDF6EE005A90ED93
:1068F000006A03F1010C0120DFED0F6A07EE900A38
:1069000001300831B8EEE77A604527EE067AC7EE27
:10691000267A77EEA57AFDEEE77A17EE903A02EB4B
:10692000C303D3ED017A1B68F1EE677A0B60C1ED0A
:10693000017AE3D1704700BFDB0F493C07EE100A34
:10694000D2ED007A91ED006AF6EE006AB8EEC77AF1
:106950002DE9F04FE6EE077A16464A682DED068BD4
:106960009FED4F9AADF2145D002A87EE897A01936C
:1069700037EE267ABBFE477AE7EE497AC6ED007A13
:106980007BDD1C4601230D469FED46AADFED469AAE
:106990000DF1080801F5247B1F46D5F81095B9F1D3
:1069A000000F70D007EE107AD6ED007AF8EEC78AA5
:1069B00068EEA78AB0EE680A07F1010AEBF786FDD8
:1069C000B0EE408AB0EE680A08F10808ECF7B4F9B6
:1069D000D4ED037A94ED027A083460EE670A88ED0C
:1069E000008A27EE000AE7EE080AA7EE880A70EE92
:1069F000A90AEBF75FFF3B466F68ABEC010A57450E
:106A00003BDBB9F1000F49D0A4339FED279A05EB8A
:106A1000830502AB03EBCA08019B03EBCA0407EE34
:106A200090AA0AF1010A0834F8EEE78AD6ED007A56
:106A300068EEA78AB0EE680AEBF748FDB0EE408A30
:106A4000B0EE680AECF778F954ED017A14ED027AA9
:106A5000434660EE670A08F1080827EE000A83ED56
:106A6000008AE7EE080AA7EE880A70EE890AEBF7BB
:106A700021FF5745A5EC010AD1DA0DF2145DBDECFA
:106A8000068BBDE8F08FF5F7A1FB07EE900AF8EE54
:106A9000E77A67EE897AC7EE8A8A8BE757467CE702
:106AA000DB0FC94000FEFF46CCBC8C2B2DE9F04F1C
:106AB00085B014460A4600AF002C4FEAC405BB60FF
:106AC0006B46B4BF661C2646A3EBC4037860761001
:106AD0009D46A3EBC40306F1010969469D46A3EB5D
:106AE000C403B9F1010FEA469D46A3EBC403E8468F
:106AF0009D461368C7F80CD00B604FF000034B6045
:106B000020DD131D48198C468E4603EB860B02468A
:106B1000F3EC017A0EF1080E083A5B45C2ED007AFB
:106B2000CEED007AF4D101224FF0000E964240F8EB
:106B300004EC0CF1080CCCF804E0A0F1080002F120
:106B40000102F3D15246B86BF9F79CFB002C6ADDC9
:106B500007EE904A52460AF104015346F8EEE77AEE
:106B6000002051ED016A08330831013086EEA77A22
:106B7000844201ED037A53ED016A86EEA77A03EDB4
:106B8000017AEED1032C9AE8030088E8030019DDAE
:106B900055444346012192ED037A083D95ED016A83
:106BA0000131D2ED027A0833D5ED006A37EE067A6C
:106BB0008E4202F1080277EEA67A83ED017AC3EDE8
:106BC000007AE8DC0AEBC60A4C4508EBC6024FEA3D
:106BD000C6039AE8030082E8030035DD43444A46D1
:106BE000002101329960D96008339442F9D14146BD
:106BF000D7E90202F9F746FBB9F1000F0FDD7B6818
:106C0000FA68191DDFED136A01EB860192ED017A36
:106C10000832C7EE267AE3EC017A8B42F6D11437BC
:106C2000BD46BDE8F08F9AE803000AEBC6024C456A
:106C300008EBC60388E8030092E8030083E803003A
:106C40004FEAC603CADCD2E7FA684146B868F9F7EA
:106C500019FBD4E767F90A41024B03EB00135868AC
:106C6000704700BFB44002082DE9F04FDDE9099BF1
:106C7000B9F1000F3CDD002406460F461D4600EB2F
:106C8000830190464FEA830ADFED1F5A23462046D0
:106C9000002D2ADD06EB840C9FED1C6A3A46C646A1
:106CA000FCEC017AB2EC017AFEEC016A614577EE08
:106CB000C77A26EEA77A67EE277AA6EEA76AEFD103
:106CC000B4EEE56AF1EE10FA02D5F0EE465A184637
:106CD00001332C4451449945DAD1DBED007A77EE4B
:106CE000A57ACBED007ABDE8F08F9FED086AE7E763
:106CF000DBED007A0020DFED045A77EEA57ACBEDCC
:106D0000007ABDE8F08F00BFAEC59D7400000000A2
:106D1000012925DD0122DFED136A00B5864600203A
:106D20000EEB8203013293ED007A9C4653ED017A1B
:106D3000043BB4EEE77AF1EE10FA03D49142EFDCB3
:106D40005DF804FB022237EE667A77EEA67A013010
:106D5000914283ED007ACCED007AE1D15DF804FB3D
:106D600000207047CDCCCC3D2DE9F0472DED048BB4
:106D7000ADF5A05D1D461446074684B04FF4006291
:106D80000E4600210DF58160B0EE409AB0EE608AAB
:106D9000F0EE419AE9F700FC0DF582632268002DC0
:106DA00043F8082C11DD691CB0EE487A221D0DF263
:106DB0000C4304EB8101F2EC017A67EE877A8A4298
:106DC00027EE087AE3EC017AF5D10DF608420DF5CD
:106DD000816138460DF60844F9F722FB41F20C4276
:106DE0000DF60C436A44D3ED007A083313ED037AB1
:106DF00067EEA77A9342E7EE077A43ED037AF2D182
:106E000001AD3746B24605F58069A84694ED007A93
:106E1000FAEC017A67EE877AF5EE407AF1EE10FA35
:106E20004BD4B1EEE77A0834A8EC017AC145EDD134
:106E3000DFED278A06F580683346F3EC017A984542
:106E400078EEA78AF9D19FED228A3446B5EC010A83
:106E5000F0EE490AEBF736FD20EE000AD4ED007A99
:106E6000A94520EE270A38EE008AA4EC010AEDD1EC
:106E700088EE887A334627EE297AD3ED007A67EEDA
:106E8000877AE3EC017A9845F7D141F244436B44A9
:106E90001B685BB106F580769FED0E7AD7ED007A20
:106EA00067EE877AE7EC017ABE42F7D10DF5A05D77
:106EB00004B0BDEC048BBDE8F087B0EE670A08347F
:106EC000EBF75EFCA8EC010AC1459FD1B0E700BF1B
:106ED00017B7D13847E1FA3F2DE9F0412DED068B88
:106EE000ADF6080D1646074688464FF400620021AD
:106EF00002A8B0EE408AF0EE608A1C46B0EE419ADD
:106F0000DDF84058E9F748FB002E05DB721C4146CE
:106F100002A89200E9F732FDDDF84C2802A93846B4
:106F2000F9F77EFAB7EE006ADFED616A0DF581626E
:106F3000DDF84CC802ABDCED017A0CF1080C1CED5D
:106F4000027A67EEA77AE7EE077A77EEA67A86EE00
:106F5000277AA3EC017A9A42EDD1DDF84438002B70
:106F600040F0878002ABD3ED007A67EE887AE3ECDD
:106F7000017A9A42F7D16768002F40F39080234648
:106F800001379FED4C8A0C34DFED4B8A0126D3ED9F
:106F9000009A9FED4A9ADFED4AAA9FED4AAA07EEB2
:106FA000906AB6EE006AF8EEE77A77EE865A77EEE8
:106FB000C67A65EEA95A67EEA96A85EE897AC6EEA9
:106FC000897A37EE067ABDEEC77A77EE867A17EEC3
:106FD000102AFDEEE77AB2F5807FA8BF4FF48072E9
:106FE00017EE903A9A4241DD02A99FED370A01EB74
:106FF000830301EB8202F3EC017A934230EE270A1D
:10700000F9D1B5EE400AF1EE10FA4BD4F1EEC07AA8
:1070100094ED007A77EE676AE7EE078AA6EEA68A15
:107020006DB1B4EEE77AF1EE10FA48BF67EE8A7AF6
:10703000B4EEE77AF1EE10FAC8BF67EEAA7A01362D
:10704000E4EC017ABE42AAD188EE880AEBF7B8FEDA
:10705000DDF83838F2EE047A60EE277AC3ED007A74
:107060000DF6080DBDEC068BBDE8F081DFED167A5C
:10707000CEE7DDF848183846B0EE481A334601919D
:10708000F0EE490ADDF83C18B0EE680A424600917D
:1070900002A9FFF769FE6768002F3FF770AF9FED09
:1070A0000B0AD3E7EBF76CFBF0EE407AB0E700BFDA
:1070B000BD3786351FB14F0A6042A20DDB0F493C38
:1070C0003333B33F3333333F000000000000C84286
:1070D000D0ED066A012390ED077AF6EE007A30EEE5
:1070E000660A03FA01F137EE667A06EE101AC0EE70
:1070F000076AB8EEC66AE6EE267AFBFE677AFDEE10
:10710000E77A17EE900A20EAE0708142D8BF01F1D9
:10711000FF307047012390ED060AD0ED076A07EEB5
:10712000101A934076EEC06A07EE903AB8EEC77A2E
:10713000F8EEE77A86EEA76AA7EE060A704700BF68
:1071400010B501242DED048BD0ED069A8C4090ED06
:10715000078AEBF735FEF0EE408AB0EE690AEBF7EE
:107160002FFEB0EE409AB0EE480AEBF729FEB0EEE3
:10717000408AB0EE690AEBF723FE78EEC98A38EE52
:10718000408A07EE904AF8EEE76A88EE887AF6EED3
:10719000007ABDEC048BE6EE877AFBFE677AFDEEA3
:1071A000E77A17EE900A20EAE0708442D8BF04F133
:1071B000FF3010BD10B52DED048BD0ED069A1446AE
:1071C00090ED070A08EE101AEBF7FAFDF0EE408A90
:1071D000B0EE690AEBF7F4FDB0EE409AB0EE690A42
:1071E000EBF7EEFD012378EEC98A9FED0A7AA34002
:1071F000B8EEC88A07EE903AF8EEE77AC8EEA76ACA
:10720000A8EE260ABDEC048BBDE8104020EE070A6C
:10721000EBF742BC8E5D13402DE9F0472DED028B5C
:1072200000AF88460446D7E90AC54FEA8C096E1CB0
:10723000BCF1000F09F107014FEA860621F00701B2
:10724000ADEB010D06F1070121F007016846ADEB3A
:10725000010D69DDEA469FED457A91448646F2ECE0
:10726000017AF3EC016A4A4567EEA67AA7EEA77A9F
:10727000EEEC017AF3D1B5EE407AF1EE10FA53D08C
:1072800062462B465146F3F7EFFC2A4641465046EC
:10729000F3F716FD002D60DBC14646449FED338AAF
:1072A0004346B3EC017AFAEC017A9E42A7EE278AB4
:1072B000F7D10026DFED2E8A07EE906AB0EE680A5D
:1072C000F8EEE70AEBF7FEFAD9ED007AB54206F1DF
:1072D000010667EE807AE9EC017AEDD19FED250A8F
:1072E0000523224629464046F9F7F8F9854214D08D
:1072F0009DB107EE905ADFED206A0023F8EEE77AA1
:1073000086EEA77A07EE903A01339D42F8EEE77ACF
:1073100067EE877AE4EC017AF4D1B0EE480ABD4614
:10732000BDEC028BBDE8F087002D13DD07EE905A0F
:10733000DFED116A0023F8EEE77A86EEA77A07EE12
:10734000903A01339D42F8EEE77A67EE877AE4ECF3
:10735000017AF4D19FED058ADFE79FED060A052348
:10736000224629464046F9F7B9F9F3E70000000044
:10737000C9767E3F0AD7233CDB0F49402DE9F04F09
:107380004FEA820A0B4683B0002A0AF1070100AFD8
:1073900021F00701ADEB010D54DDEE469FED2D7A96
:1073A00003EB0A017246F3EC017A67EE877A8B42AF
:1073B000E2EC017AF7D1A0F104094FF07E53DFF837
:1073C000A0809FED255ACA447B60D8F8085000265B
:1073D000D8F80040002DD8F80C002BDDF0EE455A0F
:1073E0004FEA840C00EB8400B346002C2EDDA0EBAA
:1073F0000C03391D72469FED196AF3EC017AB2EC69
:10740000017AF1EC016A984277EEC77A27EEA67A04
:1074100067EE277AA6EEA76AEFD1B4EEE56AF1EE41
:1074200010FA02D5F0EE465A5E460BF1010B6044AD
:107430005D45DAD149F8046FCA4508F110080EF12C
:10744000040EC2D10C37BD46BDE8F08F9FED036A34
:10745000E3E700BFAA279F44AEC59D74000000006B
:10746000B44002082DE9F8439600002A00AF06F167
:10747000070323F00703ADEB030D22DD6D46A1F1F9
:10748000040C114BAE462C460CEB0608D3F80090CA
:1074900010335CF8041F53F8042C09FB01F1E0459C
:1074A00002EB8102126844F8042BEFD135449FEDC2
:1074B000077AFEEC017A67EE877A7545E0EC017A8F
:1074C000F7D1BD46BDE8F883B44002082EE34D3A3B
:1074D000DFED267A90ED007A20EE270AD0ED017AD2
:1074E00077EEC76AB4EEE60AF1EE10FA05DD30EE8B
:1074F000077AF0EE477A80ED017A90ED027A77EE26
:10750000676AB4EEE60AF1EE10FA05DD70EE277A4E
:10751000B0EE677AC0ED027AD0ED037A77EEC77AE3
:10752000F4EEC07AF1EE10FA03D537EE007A80ED72
:10753000037A042918DDDFED0D7A00F1100300EB6A
:10754000810060EEA70AF3EC017A13ED027A77EE80
:10755000C77AF4EEE07AF1EE10FA03D537EE207A2E
:1075600003ED017A9842EED1704700BF2EE34D3A09
:10757000DFED087A90ED007AB4EEE77AF1EE10FADA
:1075800007D5D0ED037A9FED047A67EE877AC0EDD8
:10759000037A70473A46F13D6F12033D10B501245E
:1075A0008440EBF70DFCB2EE047ADFED0D5A07EEE6
:1075B000904AA0EE077AB8EEE76AF6EE007AC7EED8
:1075C000256AE6EE267AFBFE677AFDEEE77A17EE8D
:1075D000900A20EAE0708442D8BF04F1FF3010BD69
:1075E000000048420123DFED0E4ABAEE047A06EEAF
:1075F000900A8B40F2EE045AF8EEE66A9FED096AB3
:1076000007EE903AF8EEE77A84EEA75AF0EE477A62
:10761000E6EE857A87EEA50A20EE060AEBF73CBA7D
:10762000000048428E5D134070B5049C0CB182EAA4
:1076300062020C6804F0070C9E46E508CCF1080CC9
:10764000465D634528BFE646A3EB0E03ACEB0E0C8C
:10765000744442FA03FE0EFA0CFC4CEA060C00F8E5
:1076600005C00C60002BE5D170BD00BF2DE9F041D5
:1076700005460C680020012604F0070EE708CEF14D
:10768000080E15F807C01746724528BF7746AEEBBF
:10769000070E06FA07F8D21B3C444CFA0EFC08F120
:1076A000FF370C600CEA070C0CFA02FC40EA0C00F5
:1076B000002AE1D13BB180EA102080EA101080EA74
:1076C000900080EA5000BDE8F08100BF704700BF25
:1076D000B0F5000F08B54CD2410247D403469A02D8
:1076E00003D583F4471383F4A053D90203D583F45D
:1076F000C71383F420631A0303D583F4472383F469
:10770000A063590303D583F4C72383F420739A033A
:1077100003D583F4473383F4A073D90303D583F4EB
:10772000C73383F0A0031A0403D583F4474383F0DF
:107730005003590403D583F4C74383F028039A0404
:1077400003D583F4475383F01403D90403D583F49A
:10775000C75383F00A031A0503D583F4476383F004
:107760000503074A52F82330584008BD054B4340F3
:10777000B5E7054BB221054A0548E8F785FD00BF8E
:10778000A012020800A86300D0DC010890120208D1
:10779000B8DC0108484008B5EDF7CEFC08BD00BFD5
:1077A0000D2838B526D842F291030446C340DB07C2
:1077B00020D54FF4F0710120F3F71EF80546C8B14B
:1077C000046064B1072C0DD00D2C0FD001F008FB24
:1077D000012105F5947002F08FFA284638BD00F0BB
:1077E00059FCF5E7044900F0CFFEF1E7034900F04A
:1077F000CBFEEDE70025F0E72CD9010814DC0108E9
:1078000010B5002847D00446D0F88000F2F7F8FF02
:10781000D4F88400F2F7F4FF606808B1F4F7DCFEF6
:10782000236853B1072B1AD00D2B18D0042B27D067
:107830002046BDE81040F2F7E3BFD4F88800F2F725
:10784000DFFFD4F88C00F2F7DBFFD4F89000F2F7FA
:10785000D7FFA068F5F774FE2368072BE4D1D4F8AE
:107860007001F2F7CDFFD4F87401F2F7C9FFE069B7
:10787000F2F7C6FFA069FCF713FD2368042BD7D1EC
:107880006069F7F773FBE06C01F068FF2046BDE824
:107890001040F2F7B5BF034BB921034A0348E8F79C
:1078A000F3FC00BFE8DC010818330208F8DC01082B
:1078B000002A1BDD01384FF0070C00B502444FF0E1
:1078C000000E11F80E3043FA0CF30CF1FF3C03F0FC
:1078D0000103BCF1FF3F00F8013F03D10EF1010E9F
:1078E0004FF0070C8242ECD15DF804FB704700BFFB
:1078F0002DE9F84311F0070500AF49D1CA1D002951
:107900000E468946B8BF1646002A80464FEAE6066C
:10791000B8BF01F10E020021F31DD21023F00703BE
:10792000ADEB030D6C462046E8F736FEB9F1000FCB
:1079300013DD08F1FF30072200EB090110F8013FC9
:1079400014F805C09340013A43EA0C036355531CF5
:1079500001D1013507228142F0D1A6B126444FF66C
:10796000FF7014F8013B83EA1023B44283EA131337
:1079700043EA002080EA033080EA431080B2F0D16D
:10798000BD46BDE8F8834FF6FF70BD46BDE8F883FD
:10799000034B40F2BF11034A0348E8F775FC00BFF0
:1079A0008CDE010800330208F8DC01082DE9F84FED
:1079B00011F0070600AF40F08A80CA1D00290D466D
:1079C0008A46B8BF1546002A80464FEAE505B8BF8B
:1079D00001F10E020021EB1DD21005F1FF3923F059
:1079E0000703ADEB030D6C462046E8F7D5FDBAF171
:1079F000000F14DD08F1FF310020072201EB0A0C13
:107A000011F8013F14F800E09340013A43EA0E03F5
:107A10002354531C01D1013007226145F0D1AAF152
:107A2000100BAAF10902631914F80950BBF1000FF9
:107A3000D94613F8023C4FF00001B8BF9146002A26
:107A400045EA03254FEAE909B8BFAAF1020209F1A4
:107A50000703D21023F00703ADEB030D6C4620465D
:107A6000E8F79AFDBBF1000F12DDA8F11100072223
:107A700008F1FF38504418F8013FA15D9340013AE6
:107A80000B43A355531C01D1013607228045F2D187
:107A9000B9F1000F18D0A1444FF6FF7014F8013B64
:107AA00083EA10234C4583EA131343EA002080EA5B
:107AB000033080EA431080B2F0D1281AB0FA80F087
:107AC0004009BD46BDE8F88F4FF6FF70F5E7034B60
:107AD0004FF4E471024A0348E8F7D6FB8CDE010854
:107AE000E4320208F8DC0108D0F8F800704700BF63
:107AF0002DE9F04F13F0020985B01D4604460E46ED
:107B000002AF41D190F8F430A3B1CA46D4F80031A5
:107B1000032B00F0AA80236EA26DC4F82451934277
:107B2000B8BF13465345C0F2508150460C37BD468E
:107B3000BDE8F08F0368082B00F0A380102B00F045
:107B4000A080016F836E93FBF1F3D0F8FC1091FBE2
:107B5000F3FABAF1000FD9DD023E90ED447A5B00F2
:107B600006EB4A01B2F900001A4407EE900AF8EE5B
:107B7000E77A67EE877AFDEEE77A17EE900A26F845
:107B8000020FB142EED169E003F00603062B63D188
:107B9000D0F89C30002B5FD190F8F4202AB115F07A
:107BA000010A00F0F780290756D42368D4F858A0BA
:107BB000072B00F0A580A3F10D02B2FA82F2520960
:107BC000002A40F09D80042B00F0F880E36F002B2A
:107BD00040F3DD809346B046C7F804A03D60666F71
:107BE000E9460021D4F88450F21D0BFB06FA48BF89
:107BF00006F10E02D210D31D23F00703ADEB030DE7
:107C000002AB1846E8F7C8FC002E034613DD2E44ED
:107C1000002055440721564415F8012B13F800C0E5
:107C20008A40013942EA0C021A544A1C01D101303F
:107C30000721B542F0D11A46414660680BF1010BAD
:107C4000F4F724FDCD466068F4F712FDE36F08EB0E
:107C500040085B45C3DC98E04FF0000AD4F80031DF
:107C60004FF00009032B7FF456AF5F4B94F8F420DC
:107C70001B685E49D8685346CDF80090E8F736FF98
:107C800049E7A36DE846216E9942B8BF1946D4F87A
:107C9000FC30B1EB430F4FEA430AC0F29D80A8EBE2
:107CA000C301002B8D460DF1080B7EDDD4F80811C1
:107CB000023AC03102EB0A0C084632F902EF07EE35
:107CC00090EA6245F8EEE77AE0EC017AF5D11A46DF
:107CD00058467B60023EF7F7B5F87B6894ED447A2E
:107CE00006EB8303FBEC017A67EE277AFDEEE77A79
:107CF00017EE902A26F8022FB342F3D1C54605E7C6
:107D0000E36F002B43DD4FF0000BB046C7F804A033
:107D10003D60666FE9460021D4F88450F21D0BFBEC
:107D200006FA48BF06F10E02D210D31D23F0070356
:107D3000ADEB030D02AB1846E8F72EFC002E034610
:107D400013DD2E44002055440721564415F8012B1D
:107D500013F800C08A40013942EA0C021A544A1C46
:107D600001D101300721B542F0D11A464146606881
:107D70000BF1010BF4F78AFCCD466068F4F778FC50
:107D8000E36F08EB40085B45C3DCD7E9005A4FF0CE
:107D90000109BBE690ED3B7AD0ED3C7AB4EEE77A90
:107DA000F1EE10FA7FF75AAFFFE6D4F808111A4641
:107DB0005846C031F7F746F8C546A7E6D4F8842000
:107DC00031466068F4F762FCE1E7094B40F2094193
:107DD000084A0948E8F758FA054B4FF46771054A15
:107DE0000548E8F751FA00BF00000020CCDE01088A
:107DF000A0DE0108A0320208F8DC0108F8B500AFE7
:107E0000002855D01446D0F8F830026E054693424B
:107E100047DC02680E46C0F8FC3052B3042A4FF02B
:107E200000032DD0072A33D00D2A31D0D5F8FC100D
:107E30004A00002902F1070222F00702ADEB020D11
:107E40006A4610DDA44604EBC10E941E61460CF197
:107E5000080CD1ED007AE645FDEEE77A17EE901AB0
:107E600024F8021FF2D131462846FFF741FEBD46F5
:107E7000F8BD214600F0B8F92A680346042AD1D19A
:107E80002146284601F030F82A680346072ACBD15C
:107E9000B0EE000A00222146284600F0ABFC034663
:107EA000C4E7074B40F22931064A0748E8F7ECF9E6
:107EB000064B4FF44A71034A0348E8F7E5F900BF5F
:107EC000F0DE0108C8320208F8DC010810DD010804
:107ED00070B588B303681546D0F8F8200E46072B16
:107EE0000446C0F8FC2001D00D2B1ED1216E8A4221
:107EF00029DC072B0CD0A3F10D03B3FA83F35B0944
:107F000033B92A4631462046BDE87040FFF7F0BD40
:107F100029460122204600F06DFC2A4603463146E0
:107F20002046BDE87040FFF7E3BD0A4B4FF45671A1
:107F3000094A0A48E8F7A8F9094B40F25231064AC3
:107F40000648E8F7A1F9074B40F25931024A0348C5
:107F5000E8F79AF914DF0108B8320208F8DC0108E2
:107F600010DD0108F0DE0108B0B500AF002862D0D6
:107F7000D0F8F850036EC0F8FC50AB4254DB0468F4
:107F800094460D2C08D8DFE804F0300707071107E6
:107F9000070A07070707070A0020BD46B0BDB0EE75
:107FA000000A6246FFF794FFBD46B0BD9B006C46D9
:107FB000002D03F1070323F00703ADEB030D6A4621
:107FC0000EDDACF1020C13460CEB450E3CF9025FE2
:107FD00007EE905AE645F8EEE77AE3EC017AF5D140
:107FE00000F0F6FFA546BD46B0BD6C46002DA4EBE3
:107FF000C3039D466A4612DDACF1020C9FED117A77
:108000000CEB450E3CF9025F083303ED017A07EEF5
:10801000905AF445F8EEE77A43ED027AF2D1FFF791
:10802000EDFEA546BD46B0BD074B40F2FB21074A19
:108030000748E8F729F9074B40F2F621034A0448BC
:10804000E8F722F90000000054DF0108D8320208E6
:10805000F8DC010810DD0108036870B504460E461F
:10806000154643B116B1D4F8E430336015B1D4F8F5
:10807000EC302B6070BD00F120018068F6F76AFEDD
:10808000F0E700BF80F8F410704700BF806D7047C4
:10809000006E7047F8B54FF0804204464FF07A53B7
:1080A00000261020C4F8F02084F8F460C4F81031E1
:1080B000C4F8D860F5F7D8FBA060002857D0FFF7C8
:1080C00005FB4FF4FA574FF4A073A0224FF4B4719C
:1080D000A068E36563662166A766C4E93E22F5F7FA
:1080E0004DFA8000F2F784FBC4F88800002862D0C3
:1080F000A068F5F743FAC50001202946F2F77CFB9A
:108100002946C4F88C000120F2F776FBD4F88C30B5
:10811000C4F89000002B48D0002840D0A068C4F8D4
:10812000E860F6F78FFB034627670420C4F8C830E1
:10813000F4F76AF8606060B3F4F79AFA0346A0684F
:10814000A365F5F71BFA03466068A367F4F786FAA0
:1081500001236067E367F2F74BFBC4F8800090B13E
:10816000606FF2F745FBC4F8840030B1F8BD154BE1
:108170002421154A1548E8F787F8154B4221124A81
:108180001248E8F781F8134B40210F4A0F48E8F7EF
:108190007BF8114B39210C4A0C48E8F775F80F4B66
:1081A0003321094A0948E8F76FF80D4B3221064A96
:1081B0000648E8F769F80B4B2E21034A0348E8F715
:1081C00063F800BF0CE001082833020820E0010832
:1081D000BCE00108A0E001088CE0010870E00108A3
:1081E00054E001083CE001082DE9F04F89B0044655
:1081F0006B46D0F8F82002AFA3EBC203002A9D46DD
:1082000002AE15DDD000DFEDC56A324608440B46EC
:1082100091ED017A08310832D3ED007A27EE267A03
:10822000814267EEA67A02ED017A42ED027AEED142
:10823000A068F5F7A3F904F1F8023346D4F88810E2
:108240000546A068009207F10802F6F7C3FB04F1A7
:108250002001A068F6F77EFDA368BA6803F5104315
:10826000616A012AD3F8A03BC4F8EC10C4F8E430EA
:1082700017D0CBB1D4F8E830AD00D4F89000D4F8E2
:108280008810DBB92A46E8F779FBD4F8E8300220F9
:10829000B3FA83F35B09C4F8E8301C37BD46BDE888
:1082A000F08FC4F8E82023B900201C37BD46BDE894
:1082B000F08FD4F88810AD00D4F890002A462844F6
:1082C000E8F75CFBD4F89C60002E40F0F880D4F80E
:1082D0009030656FD3E90012490002F0010201F00D
:1082E000020111439A6802F0010242EA4101DA6890
:1082F00002F0010242EA41011A6902F0010242EA77
:1083000041015A6902F0010242EA41019A6902F010
:10831000010242EA4101DA6902F0010242EA410146
:10832000DA6A02F0010242EA41011A6B02F001022C
:1083300042EA41015A6B02F0010242EA41019A6BA2
:1083400002F0010242EA410053F8251003EB8503D5
:1083500001F001015A6841EA400102F0010242EADB
:108360004100D3E9021201F0010102F0010241EAE9
:10837000400142EA4100D3E9041201F0010102F098
:10838000010241EA400142EA4100D3E9061201F04C
:10839000010102F0010241EA400142EA4100D3E951
:1083A00008129B6A01F0010102F0010203F00108CA
:1083B00041EA400342EA430348EA43084046FFF7E4
:1083C00087F9054640462946FFF7E4F9D4E92C32FF
:1083D00002441733C4F8B420626FC4F8B030002AE6
:1083E0000ADDD4F89020D4F8843052F826209A552B
:1083F0000136636FB342F4DCD4F88430C5F38050A7
:10840000C5F34052C5F300511870C5F38040D4F84D
:1084100084305A70C5F3C042D4F884309970C5F3E3
:108420000041D4F88430DA70C5F34042D4F8843087
:108430001871C5F38030D4F884305A71C5F3C03256
:10844000D4F884309971C5F34031D4F88430DA71AE
:10845000C5F30032D4F88430C5F3C025D872D4F8FF
:1084600084301973D4F884305A73D4F884309D73EF
:108470006068F4F773FED4F88450012307F1140206
:10848000285C07F11001B88204F59470009301F0A4
:108490009BFD30B1D4F880311BB1397CD4F8880110
:1084A0009847D4F884106068F4F774FED4F8E83084
:1084B0000620B3FA83F35B09C4F8E830EDE6A06860
:1084C000EB46F6F7BFF94FF0000843004FF0020902
:1084D00007F11406073323F00703ADEB030D0DF18D
:1084E000080AD4F890305246A06807F10C014344C2
:1084F000CDE9006307F11003F6F7A6F9FB68012B3D
:108500000ED0D4F8A430002B39D1B9F1010FA84412
:1085100002D04FF00109E4E7DD46B6E60AE09E3AF4
:10852000C4F8A4300023C4F8AC303969D4E92C3243
:108530000A44C4F8B4207A691344C4F8B030D4F8BB
:10854000D0307B609BB1D4F8CC30A0683B60F6F7AC
:1085500079F951460246D7E900039847D4F8AC3080
:10856000032B03F1010206D0C4F8AC20CDE70123B0
:10857000C4F8AC30C9E70023C4F8AC30C5E7D4F880
:10858000AC30002BECD1D0E72DE9F04100230025E1
:108590000F460446C0F8F050C82180F8F43001209E
:1085A000E7F71EFF002800F0D08006460146384657
:1085B000FDF70CFE3046FCF7C5FF0746A06100281A
:1085C00000F0F9803046E8F77BFA3846FCF708F906
:1085D0000646A069FCF716F90346A069C4F81431F1
:1085E000FCF70CF9C4F818016020D6E90B32C4E995
:1085F0004723F2F7FDF8E061002800F0D680A36978
:10860000D3F8781203F020FAD4E9060102F046FE0E
:108610000A22E369A0691A62FCF7F4F8A369D3F8A7
:10862000E43090FBF3F84FEAC8073846F2F7E0F879
:10863000C4F87001002800F0B2804FEA8800F2F719
:10864000D7F80246C4F87401002800F0A280B8F1FF
:10865000000F09DDD4F87031F9185D6043F8085B4C
:108660008B4242F8045BF8D1A069FCF7BFF80346DF
:10867000A069C4E93E33FCF7B9F80346A069636614
:10868000FCF7B4F80346A069E365FCF7B3F8A26908
:1086900000232066D2ED027A4FF4FA5284F8E030DB
:1086A0000820FDEEE77AC4F8D430D4F818312267F8
:1086B000C4F8C830C4ED1A7AF3F7A6FD606000284C
:1086C00061D0E3699D6DF3F7C9FF95FBF0F303FB00
:1086D0001055002D51D1E36960689D6DF3F7BEFF21
:1086E0000346606895FBF3F5E567F3F7C1FF00FB10
:1086F00005F56068A565F3F7B1FFE36F024603FB7C
:1087000000F0C4E91D20F2F773F8C4F8800070B3DC
:10871000A06FF2F76DF8C4F8840010B3336A4FF01D
:108720007A51F069E269013BC4F8101100FB03F3D0
:10873000D4F81C11D26DD6E90A40024404FB03F3BD
:108740000A44934207D1BDE8F0811E4B79211E4AAD
:108750001E48E7F799FD1E4BB9211B4A1B48E7F756
:1087600093FD1C4BB321184A1848E7F78DFD1A4BAF
:10877000B121154A1548E7F787FD184BA721124A82
:108780001248E7F781FD164BA4210F4A0F48E7F77F
:108790007BFD144B92210C4A0C48E7F775FD124BF8
:1087A0009021094A0948E7F76FFD104B8721064AD7
:1087B0000648E7F769FD0E4B7D21034A0348E7F7BA
:1087C00063FD00BF24E1010858330208D8E0010826
:1087D000C8E10108BCE00108A0E0010880E101084F
:1087E0008CE001086CE1010858E1010848E101084A
:1087F00038E101082DE9F04F2DED028BA3B00446BE
:108800009046B0EE408A10AF8A46D0E9065328461B
:108810007B62FBF7F3FF064638622846FBF7F2FF60
:10882000D5F83031D5F82C218146C31AD5F8E4B0FB
:10883000B8F1010FA3EB02004FEA860303F107032F
:10884000386123F00703ADEB030DD4F820314FEA74
:10885000430210AB02F1070222F0070290FBFBF08B
:10886000ADEB020DD4F81C21F86002F1070222F0F2
:1088700007014FEA800202F1070216463A604FEA0A
:10888000C00210A8ADEB020D786102F1070026F0DE
:10889000070210AEADEB020D7860BE604FF0000233
:1088A00010AEADEB010D796AA069896DD0ED547AF7
:1088B000F961D4F87011C8EE278ABE613963D4F823
:1088C0007411B96210A9C7E90F22F96200F2768229
:1088D000C4F8E42095F80C227AB97B63B8F1000F54
:1088E00000F00B81B0EE680A5146FCF70FF87B6B85
:1088F000984AC4F8EC2095F80C22511E012948D959
:108900002846FBF76FFF0346F96A2846C4F8F8309B
:10891000FCF708FBD4F800317B6333B9786B4C3734
:10892000BD46BDEC028BBDE8F08F4FF00008022B76
:108930002CD1D4F8DC60884A731C1268D2F80C90F1
:10894000C4F8DC30854BD5F8544253F828300793EF
:1089500095F80F320693D5F82402ECF76BF823460E
:108960003246CDE90401D5F8681248460391D5F89E
:108970005C120291D5F858120191794995F80D428F
:1089800051F8244077490094E8F7B0F8C7F83480EC
:10899000C4E7012A0CBF032202227A63B8F1000F58
:1089A00000F0B080B0EE680A524619462846FCF73F
:1089B00019F83B6A93FBFBF699FBFBF3A3EB060963
:1089C0003B62B9F1000F40F39181B86AF2003B6B52
:1089D0004FEA860800EB860E844603EBC6014FEA99
:1089E000C90003EBC90AD1F804B00833D1ED007A0D
:1089F000083143F804BC43ED027A9A455EF804BBA3
:108A00004CF804BBEFD13B6BD5F8AC111844E7F739
:108A1000B5FFB96A424601EB8900D5F8BC11E7F70A
:108A2000ADFF386AD5F82411BA6A01FB16013E6B16
:108A3000FB6A284602EB810206EBC101FCF74EFC03
:108A4000D5F8F0300122D5F86812C4F8E4205A1E97
:108A5000914200F08B804FF00009CB46012B57D09C
:108A60002846FBF7BFFEF96AC4F8F8002846FCF771
:108A700059FAD4F80031002B3FF450AF7A6B12F062
:108A80000C0F00F0A281344BD4F8DC601B68D5F8E1
:108A900054A2D3F80C80314B53F82230721CC4F826
:108AA000DC200E933B6C0D93FB6BCDE90AB90C9364
:108AB000D4F8EC00EBF7BEFFCDE9080195F80F32D2
:108AC0000693D5F82402EBF7B5FF53463246CDE9BD
:108AD0000401D5F8681240460391D5F85C12029162
:108AE000D5F8581201911E4995F80D4251F82440CD
:108AF0001D490094E7F7FAFF10E75146FBF7E4FE43
:108B00007B6BF5E6524619462846FBF737FF50E7E0
:108B1000D5F86832002BA3D1D4F81C61002E12DDE9
:108B2000FB6A701E05F2C3111844013B13F801CF14
:108B300011F8012F944504D0D4F8B4200132C4F8C0
:108B4000B4208342F2D1D4F8B0303344C4F8B0300A
:108B500086E700BF0000A0C000000020EC0200205B
:108B60002C03002000E3010888E2010800232846C6
:108B70007B647B690193BB69009307F14403029313
:108B8000BE68BA6A3346396BC7F808D0FCF79EFA5C
:108B90007A68D7F80C90314622F007033A68ADEBBB
:108BA000030D22F007034A460DF14008ADEB030D1B
:108BB00010AE404602F0E2FA4A463046B96902F089
:108BC00023FB38694B46B0EE080A8100D5ED8D0ACB
:108BD0003246073121F00701ADEB010DC11D21F037
:108BE00007010DF14009ADEB010D4846414610AEBD
:108BF00001F0C4FFCDF8009007F13C02334607F1C5
:108C00004001786A02F032FCFA693146D4F88400F7
:108C1000E7F7B4FED5F840311B78002B40F0B08068
:108C20007B6A5A6B3B6C9A427B6B5BD043F00C03C4
:108C30007B63D4F89CB0BBF1000F5DD1D946D4F86A
:108C40002031002B3FDD04F59473C7F824B0FD619B
:108C50004FF000087E694FF0010ABD6A9B4618F08C
:108C6000010F14D1D4F884218AB17B6C396BD4F80C
:108C70008C0101EBC30105EB830391ED000A93ED39
:108C8000001AD1ED010A90477B6C01337B6401230C
:108C9000324607F138015846CDF800A001F094F9AA
:108CA00038B1D4F8803123B197F83810D4F888015E
:108CB000984708F10108D4F8203102364345CEDC4C
:108CC000D7F824B0FD693B6A04F120013A6B2846CD
:108CD000FCF764F9636AC4F8EC30D7F808D0D5F82B
:108CE000F030BBE643F004037B63A2E74FEAC90020
:108CF000F2004FEA860886E6D5F84001EA46E7F733
:108D0000DFFB42460346A169786A02F0E7FCF96995
:108D10003A698346CB1D23F00703ADEB030DD4F86E
:108D2000B430034410AEC4F8B4303046D4F8B03098
:108D30001344C4F8B030FCF775FBD5F840311B780C
:108D400053BB3046FE69D4F88410324602F060FD11
:108D5000D4F8BC3081460344C4F8BC30D4F8B830F1
:108D60003344C4F8B83020B1D4F8C4300133C4F867
:108D7000C430D4F8C0300133C4F8C030D5465EE703
:108D8000F969D4F88400FEF711FE7B6B0028A9D1A5
:108D900043F008037B634CE7FB693046A3F11008FE
:108DA0004146FEF7A5FD0346102206EB08005BBA1C
:108DB00007F138013B87FEF77BFDC2E7054B40F228
:108DC000BF11054A0548E7F75FFAD7F834807B639F
:108DD000ADE500BF50E201083C330208D8E00108CD
:108DE00038B50121044614230846C4F89C3100F02C
:108DF00069FCE064002843D04FF416614BF68030E4
:108E0000F6F766F86061002858D08069F1F7F0FC49
:108E1000C4F8D40000284BD06069D0E90332134471
:108E2000E265C4E91832F6F7ABF84BF68031034639
:108E30004FF4FA520420A1662267C4E93E33F3F7E7
:108E4000E3F9606070B3F3F713FC01230246606836
:108E5000E367A265F3F702FCC51D48BF00F10E05EC
:108E6000ED10C4E91D002846F1F7C2FCC4F88000EB
:108E700090B12846F1F7BCFCC4F8840030B138BD8D
:108E8000114B4821114A1248E7F7FEF9114B6221B4
:108E90000E4A0F48E7F7F8F90F4B60210B4A0C48D0
:108EA000E7F7F2F90D4B5821084A0948E7F7ECF9C2
:108EB0000B4B4F21054A0648E7F7E6F9094B4B21D2
:108EC000024A0348E7F7E0F97CE30108803302082F
:108ED00090E30108BCE00108A0E001088CE0010873
:108EE000B8E30108CCE301082DE9F04786B0054658
:108EF0000C4602AF40696E46F6F742F800284FEA8A
:108F0000800C0CF1070323F00703ADEB030D02AA5D
:108F100009DD214613460CEB020051F8084B43F8DB
:108F2000044B8342F9D1D5F8D4106869F6F72AF8D2
:108F30006869436BC5F8EC30F6F722F8C5F8F8001D
:108F4000B546D5F8D430D5F8841007F10C02E86C9A
:108F5000009307F1080300F00FFC00F0060304463D
:108F6000062B07D0002320461037C5F8E430BD4655
:108F7000BDE8F08707F1080607F10A0805F5947ABD
:108F80004FF0010916F8013B4246F91D50467B811E
:108F90000123CDF8009001F017F830B1D5F88031F9
:108FA0001BB1F979D5F888019847B045EAD1D5F8D1
:108FB000903123B107F10C01D5F8980198470123AE
:108FC00020461037C5F8E430BD46BDE8F08700BF45
:108FD000F8B500AF08B305460E461446FEF784FD0B
:108FE0002B6E834220DB6A460028A2EBC3039D461A
:108FF0006A460CDDA44604EB800E00215CF8044BAD
:10900000083343F8041CF44543F8084CF6D13146C4
:109010002846FEF7F3FEBD46F8BD074B40F2B921E6
:10902000064A0748E7F730F9064B40F2BD21034AEC
:109030000348E7F729F900BF10DD01087033020883
:1090400090E3010854DF01082DE9F04F066889B06C
:1090500000244FF00008DDF848C04FF00009012E51
:109060000569C7698CF800401C60CDE902894AD0C7
:10907000022E37D12B4C4FF0080A2B480AF1FF3A49
:109080000DF118090DF10808CDE90440E81B002492
:10909000AF42D4BF8346AB4604ADCDE900B355F82B
:1090A000046B009B701E06EB0A0E11F803B001332F
:1090B00010F8016FB34502D00134C8F800409F4258
:1090C000D8BF00237045F0D1A24206ABB4BF002444
:1090D00001249D42C9F8004008D009F1040958F85C
:1090E000044FDCE7204609B0BDE8F08FDDE901312F
:1090F000039A91420DDA0022069819608CF800203C
:1091000009B0BDE8F08F2835084C09484FF0100A27
:10911000B4E7012107981A608CF8001009B0BDE887
:10912000F08F00BFB4330208AC330208CC3302081E
:10913000BC3302082DE9F04F87B09DF8447067B149
:10914000012F07D102680369012AC5695ED0022A8E
:1091500000F0448207B0BDE8F08F04680569012C77
:10916000C66900F0E780022C00F0FC81032CF1D1ED
:1091700005F10C0C0020176066458046C2F80370AC
:10918000D8BFACEB060C01E012F8087011F80C40E7
:109190006FEA000E0CF1010C013004F001040EF036
:1091A000070E6645D8BF4FF0000C182804FA0EF4DD
:1091B00044EA070402F808404FEAE008E4D105F168
:1091C0003407BE42D8BFBF1BCC5D6FEA000C01372D
:1091D0000CF0070C04F00104BE42D8BF002704FACB
:1091E0000CF44FEAE00C013012F80CE0342844EAA9
:1091F0000E0402F80C40E7D1109A002A00F0EB8030
:1092000005F15602964200F3E080DDE01A1D03F1FD
:1092100008074FF0000B0DF110089542D8BF521B04
:10922000541C11F802900022A542D8BF641BBD4215
:1092300011F804A0D8BF7F1B5C46CDE904225A4632
:1092400001E01EF808BC6FEA020ECE5D1834013250
:1092500006F0010601370DEB040C0EF00704BD42C9
:10926000D8BF00270DF1180EA640202A0EEBE20E03
:109270004BEA06064FEAE2040CF8086CE1D103F170
:10928000380E4FF0000B04247545D8BFAEEB050E29
:1092900001E017F808BCD74311F80EC018340132AA
:1092A0000CF0010C0EF1010E0DEB040607F00704A3
:1092B0007545D8BF4FF0000E06AF0CFA04FC402AEB
:1092C00007EBE2074BEA0C0C4FEAE20406F808CC85
:1092D000DFD15833806B9D42D8BF5B1B5A1C95422F
:1092E000D8BF0022541CA542D8BF0024661CB5423A
:1092F000D8BF002600283FF42DAFCDF800A08A5C2F
:10930000CD5C02F001020B5D8C5D05F00101920065
:1093100003F0010304F0010442EAC102414642EABB
:1093200043024B4622430024CDE90142082200F0CB
:109330000DFC0FE705F1100C002017606645804614
:10934000C2F80370D8BFACEB060C01E012F808704D
:1093500011F80C406FEA000E0CF1010C013004F022
:1093600001040EF0070E6645D8BF4FF0000C182818
:1093700004FA0EF444EA070402F808404FEAE00851
:10938000E4D105F13807BE42D8BFBF1BCC5D6FEA00
:10939000000C4FEAE00E01370CF0070C04F001045A
:1093A0000130BE42D8BF002704FA0CF412F80EC0F8
:1093B000342844EA0C0402F80E40E7D1109A52B166
:1093C00005F15A02964200DC921B885C0A44109C0C
:1093D000207052786270002B3FF4BCAE00221A80DD
:1093E0009A702A1D54359642D8BF921B885C013270
:1093F000C0019642D8BF0022C0B218708C5C013206
:10940000A4019642D8BF002204F040042043187003
:109410008C5C013264019642D8BF002204F0200423
:10942000204318708C5C013224019642D8BF002280
:1094300004F01004204318708C5C0132E400964262
:10944000D8BF002204F00804204318708C5C01325D
:10945000A4009642D8BF002204F0040420431870F0
:109460008C5C013264009642D8BF002204F00204F2
:10947000204318708C5C013204F001049642D8BF7E
:10948000002220431870885C0132C0019642D8BF88
:109490000022C0B258708C5C0132A4019642D8BF41
:1094A000002204F04004204358708C5C01326401B7
:1094B0009642D8BF0022AE4204F02004D8BFAD1BB4
:1094C000204358708A5C120102F0100210436A1C9B
:1094D00058709642D8BF00224C5DE40004F00804A6
:1094E000204358708C5C0132A4009642D8BF002201
:1094F00004F00404204358708C5C013264009642EE
:10950000D8BF002204F00204204358708C5C013262
:1095100004F001049642D8BF002220435870885CB2
:109520000132C0019642D8BF0022C0B298708C5C54
:109530000132A4019642D8BF002204F04004204327
:1095400098708C5C013264019642D8BF002204F00E
:109550002004204398708A5C120102F0100210432C
:109560009870F7E505F10800002417608642A646CA
:109570005760D8BF801B01E012F80E700B5C6FEAD9
:10958000040C0130013403F001030CF0070C864297
:10959000D8BF00201C2C03FA0CF343EA070302F89F
:1095A0000E304FEAE40EE7D124350020AE42D8BF9A
:1095B000AD1B4B5DC410C7430135043403F00103F8
:1095C00007F007070130AE42D8BF0025BB40175D4A
:1095D0001C2843EA07031355EBD1BBE503F108044C
:1095E00000224FF0000C0DF11008A54204926646CF
:1095F000E246D8BF641BA8F8042001E019F808CCA3
:109600000A5DF7430AF1180E013602F0010207F075
:1096100007070134EE44BA400DF11809A542D8BF3E
:109620000024302E4CEA020209EBE6094FEAE60A72
:109630000EF8082CE2D103F138023C33806B9542DE
:10964000D8BF521B541CA542D8BF641B661CB54230
:10965000D8BF761B9D42D8BF5B1B03F1010C65454B
:10966000D8BF4FF0000C0CF10107BD42D8BF002756
:1096700007F1010E7545D8BF4FF0000E00283FF4EA
:1096800069AD11F80C5011F8039005F0010311F8C1
:1096900007C011F80E7009F0010E9B000CF0010CD0
:1096A00007F0010543EACE0343EA4C032B43029340
:1096B0008B5D01930C5D8B5C06224146009400F0AB
:1096C00045FA47E52DE9F843431E012B39D8012817
:1096D00006460D4630D040274FF00808B9463C20DA
:1096E000E7F7E6F9044628B3DDB94846E7F7E0F9BD
:1096F000E8B1002300220121A060A361E262002200
:10970000A363E761E560C4F82080C4E90063C4E9AD
:1097100009310023C4E90423C4E90C232046BDE831
:10972000F8834846E7F7C4F905460028DDD120460E
:10973000E7F7C6F90024F1E760274FF01008B946B3
:10974000CDE7034B4FF49471024A0348E6F79CFDC2
:10975000E0E301089433020828E4010810B5044648
:10976000806B00F0F1F9A068E7F7AAF92046BDE8A0
:109770001040E7F7A5B900BF2DE9F04F0446964623
:10978000D0F80880002022688C46D4F80CB0012A5A
:10979000D4F804A025696169D4F81C902DED048BE0
:1097A00091B094ED088A0793636A8DF83B000693A5
:1097B000A369039300F0CA80022A6AD10123032619
:1097C0000246CDE90C36B9F1000F40F3B081BBF190
:1097D000000F00F006811E9B9FEDB59A5E1E0023D0
:1097E000DFEDB48A06EB0900089104920590CDF8EC
:1097F0002CE0CDE9093C1AE0BAF1010F256128D02F
:109800000DF13B070FAB049A594620460097FFF72E
:109810001BFC00286ED10FAB049A414620460097EE
:10982000FFF712FC002839D1059B9E4220D016F884
:10983000013F08F80530B3FA83F35B090BF80530F4
:109840000135A945D8DCA5EB0905BAF1010F256161
:10985000D6D1039B069A0133002A0CBF47465F46C8
:109860009945039377D0059B4FF0010A9E42DED1C4
:10987000DDE9081358009DF83B30B3FA83F35B0928
:1098800040EA8300039BC4F804A0C4E90513069BC7
:10989000636211B0BDEC048BBDE8F08F079B4146BD
:1098A000204600939DF83B300193DDE90A23FFF742
:1098B00041FCDDED0F7AB8EEC87A236BF8EEE76A6B
:1098C00018EE102A94ED0B6A13440F9A66EE896A1B
:1098D0002363636BC6EE877A13440122636300231C
:1098E000924603930693CDE90832E6EE287AC4ED5A
:1098F0000B7A99E7079B5946204600939DF83B3029
:109900000193DDE90A23FFF715FCDDED0F7AB8EED0
:10991000C87A236BF8EEE76A18EE102A94ED0B6A0A
:1099200013440F9A66EE896A2363636BC6EE877AE7
:10993000134400226363012303929A460693CDE900
:109940000823E6EE287AC4ED0B7A64E703230420AB
:10995000CDE90C3037E70DF13B030C9A3946204630
:1099600000930FABFFF770FB80B300234FF0010AA9
:109970000893079B3946204600939DF83B3001939E
:10998000DDE90A23FFF7D6FB9DED0F7ADFED487A7C
:1099900018EE102AF8EEC76A236BB8EEC87AD4ED39
:1099A0000B5A13449FED436A66EEA76A0F9A23632E
:1099B000636BC6EE877A1344636301230993002324
:1099C0000393E5EE867AC4ED0B7A2DE7089B0D9A9A
:1099D00001339A420893B4BF4FF0000A4FF0010AD6
:1099E000C7E71E985B469FED329A8B46461EDFED19
:1099F000318A06EB0907CDE90423CDE908CE11E051
:109A0000A5EB0905BAF1010F256116D00DF13B0355
:109A1000049A4146204600930FABFFF715FBC0B9EF
:109A2000B74213D016F8013F08F805300135A945B3
:109A3000E6DDBAF1010F2561E8D1039B01334B4507
:109A4000039339D0B7424FF0010AEBD15946059B39
:109A500010E7079B414620464FF0000B00939DF80E
:109A60003B300193DDE90823FFF764FBDDED0F7A5E
:109A7000B8EEC87A236BF8EEE76A18EE102A94ED78
:109A80000B6A13440F9A66EE896ACDF80CB0236313
:109A9000636BC6EE877ACDF818B013446363012375
:109AA0009A460593E6EE287AC4ED0B7AB8E700BF34
:109AB0000AD7A33B52B87E3F0DF13B030C9A4146B7
:109AC000204600930FABFFF7BFFA90B34FF0000BA7
:109AD0004FF0010A079B4146204600939DF83B301A
:109AE0000193DDE90823FFF725FB9DED0F7A5FED7C
:109AF000107A18EE102AF8EEC76A236BB8EEC87A0F
:109B0000D4ED0B5A13441FED156A66EEA76A0F9A3F
:109B10002363636BC6EE877A134463630123059363
:109B200000230393E5EE867AC4ED0B7A78E70420F0
:109B3000A8E60BF1010B0D9B5B45B4BF4FF0000A8B
:109B40004FF0010AC6E700BFE6F7BABF2DE9F043C0
:109B500083B0D0F81C58044616460C9F002F14BF43
:109B6000B9469146F5B9002B40F091800A9BB3B1FC
:109B70000B680622A9F10609836129EAE9798B8835
:109B80001144C0F81C2883834B4BD4F81C58186828
:109B900006359B88C4F81E00C4F81C5863840B9BD0
:109BA000002B5AD109EB0503B3F5006F05DB002349
:109BB000C4F81C3803B0BDE8F08304F118084A4625
:109BC00008EB0500E6F7DAFED4F81C584D44C4F85B
:109BD0001C58002FEED0012DECDDAA1E63D005F13C
:109BE000160740464FF6FF71DFF8D0C0274410F843
:109BF000013B4B408742DBB23CF8133083EA112132
:109C0000F5D1C94389B26319D87DA3181B7E43EAF5
:109C100000238B42CBD1B54247D02368002BC6D05E
:109C2000B8F804100B2AA069ADF80410D4F81E107F
:109C3000A161618CA8F80410BDF80410C4F81E00DE
:109C4000618406DC1C4A106891880C22A061A8F887
:109C50000410414660689847A9E70F2FA7D10A680A
:109C600004F11806144B22618A882568A2820A68CA
:109C7000C4F81E208A88628418689B88A061A38328
:109C8000002D94D00C2231466068A8478FE7036905
:109C900006258361838AC0F81C5883830A9B002BA6
:109CA0007FF472AF7BE71146ADE7A3692361B8F893
:109CB0000430A382B1E700BF38030020DC33020880
:109CC00008B5034AB221034B0348E6F7DDFA00BFAB
:109CD000F03502087CE4010864E4010808B5034A91
:109CE00040F27311024B0348E6F7CEFADC35020866
:109CF000B4E4010864E4010808B54B1E022B09D83E
:109D000000230161C0E90033836083814361C0E9BE
:109D1000063308BDFFF7D4FF2DE9F04F83B00C9C4C
:109D2000002C00F08D80002B994640F389804FF085
:109D3000000A86468C461646013C50465746DEF8D9
:109D4000003036F9021B63BB19B30123CEF8003093
:109D5000DEF808304FF40042BEF80C10CEF8047064
:109D60001A410A43AEF80C205A1CCEF808200C2ADF
:109D70000FDDDEF81030013B022B5FD80023CEE967
:109D80000033CEF80830AEF80C30CEF81C30CEE9F7
:109D900005332346013C0BB14845D0DB03B0BDE899
:109DA000F08F012BF5D1DEF808300029D2D15A1CF2
:109DB000DEF804300133CEF80820022BCEF8043050
:109DC000D5D1B2B30A46BEF80C8024494FEA182513
:109DD00001945FFA88F8134601F1010B144602E082
:109DE0000133802B0DD011F81320AA42F8D11BF8B3
:109DF00013204245F4D15FFA83FA01330124802B0A
:109E0000F1D1DEF810302246019C013B022B15D81F
:109E10002346CEF80870AEF80C70CEF81C70CEE970
:109E20000077CEE90577002AB4D001300CF801ABF9
:109E3000B0E7DEF81030013B022B05D9FFF740FFF9
:109E4000002003B0BDE8F08F2346AEF80C20CEF81A
:109E50001C20CEE90022CEE905229BE758360208F5
:109E6000002B2DE9F047089D40F39980002D00F06C
:109E700096804FF0000E844676467046DCF814401B
:109E8000013D32F9028B0134DCF81C70022CCCF855
:109E90001440CCE9067804D00DB18342EEDCBDE875
:109EA000F087DCF800403FB274BB58EA070473D077
:109EB0000124CCF80040DCF8084057B34FF40047C9
:109EC000BCF80C90274147EA0907BFB2ACF80C7008
:109ED000B8F1000F22D1A71C0024CCF80870CCF8F0
:109EE00004400C2F57DDDCF81040013C022C5ED8FA
:109EF0000024CCE90044CCF80840ACF80C40CCF885
:109F00001C40CCE90544C7E7012CD4D0CCF8146040
:109F1000C2E7B8F1000F0AD0BCF80C704FF48048CB
:109F200048FA04F847EA0807ACF80C70D3E7A71C16
:109F3000DCF804400234CCF80870022CCCF8044061
:109F4000CFD17FB3BCF80C40C1464FEA14281D4C5A
:109F500004F14E0A6778474503D194F800E04FF0CA
:109F600001090234A245F5D1DCF81040013C022C75
:109F70001DD80024CCE90044CCF80840ACF80C40D3
:109F8000CCF81C40CCE90544B9F1000F84D0013075
:109F900001F801EB80E70024CCF814407CE70020B6
:109FA000BDE8F087DCF81040013C022C01D9FFF736
:109FB00087FECCE90088ACF80C80CCF81C80CCE99A
:109FC000058869E70836020870B50569049E012D09
:109FD0000ED0022D11D0012B14D1012E12D1B2F9C5
:109FE00000308E460120003B18BF01230B7070BD6E
:109FF0000496BDE87040FFF78FBE0496BDE8704040
:10A00000FFF72EBFFFF76AFE2DE9F0478046406B51
:10A01000D8F8446018B34FF0000A0D4602F1FF393A
:10A020005746D8F83C4094B14FF0000C40003246FF
:10A03000634611880133024405EB010E11B11EF88D
:10A04000011C8C44A342F4D1D4440CF0010A013722
:10A0500009F801AFD8F834000236B842E1D8BDE8BB
:10A06000F08700BF2DE9F04F8BB083461C461046A9
:10A070000592DDF850A00691DDE91625002900F0D3
:10A08000B5800B4690FBF1F1002940F3D180002B05
:10A0900040F3D98200264FEA40099E4601F1FF387D
:10A0A0000B46284631460AEB4607CDF850A0B2468B
:10A0B0000096002C4FF0000C09DD3D4662462E88CC
:10A0C0000EB10CF1010C01324D449442F7D100293C
:10A0D00000F01B82884500F018820CF102024BF858
:10A0E0003A200AF1010A0237D645E2D10131069D34
:10A0F000009A8B42DDF850A002EB0506AE44D2D1A7
:10A100001946159B169A0546002B00F095800029EC
:10A1100040F3BA80059B481EBDF81840D71A0023AB
:10A1200001941FFA87FE089798460746CDF800E08D
:10A13000CDF810B00791CDE91625DDE900621FFAD0
:10A1400083FC9B46B218CDF80CC092B20092049AE0
:10A1500002EBC304069AD518A6EB0C030434029351
:10A160002B4645469846082154F8040CF0F744FB6A
:10A170002060002800F0528254F8043CA3F1020E43
:10A18000BEF1000F0BDD0AEB4B0C0023BCF80020E6
:10A19000CC44013A20F8332001337345F6D1002D29
:10A1A00040F09581059B0EFB03B33AF81330013B59
:10A1B00020F83E304FEACE0E0EF1080E00EB0E03F3
:10A1C000002F00F0A081019BF31820F80E300BF156
:10A1D000010B721C0834C34596B2C4D105F10108C5
:10A1E000079B984500F012825B46A6E700280346CD
:10A1F0004BDD002C57464FEA400940F39981069EFB
:10A2000094460020394603460A8802B101300133E2
:10A2100049449C42F8D1159B002B40F07981059B65
:10A2200002374BF836000136B342EAD1624608E005
:10A23000159B002B40F0FE81059B002B25DD4FEA8E
:10A2400043090BF104040026059F9046082154F8A9
:10A25000040CF0F7D1FA2060002800F0FA8154F8DD
:10A2600004CCBCF1000F0ADD0AEB460100230A888A
:10A270004944013A20F8332001336345F7D10136D0
:10A280000834B742E2D14246059BD71A069B07EB3A
:10A29000030EBEF1000F1DDD189B0EEB4E0C199F37
:10A2A00000265C009146DDF86880B8F1000F4FF0A1
:10A2B000000208DD39461346088800B10132013337
:10A2C00021449845F8D145F8262003360237B44595
:10A2D000EBD14A4696451CDA199B02F1FF389246AB
:10A2E000704603EB4E0C189B159A5F00DDF86890E2
:10A2F000002A00F0DD80804514BF0226012600EB15
:10A30000400301300CF1020C824545F82360EFD187
:10A310005246069B002B06DD02EB420189000C39F8
:10A320006B5801336B50002A40F39480189B2F46E2
:10A33000069900244FEA4309059BDDF870A09B1A9B
:10A34000DDF86C80CDF824E05B1ACDE91625089382
:10A350000C213868F0F750FAB860002800F06C81E2
:10A360005AF8043B7B603B68002B6CDD099B0025A1
:10A37000159AA3421AED010A0495CCBF00230123CC
:10A38000AA42009408BF00230193199B03EB4406E3
:10A39000089B2344079305EB4501019B00EB8100DB
:10A3A0008900002B3FD13388013B9BB25BF833C05F
:10A3B00003800BEBC303BCF1000F0DDDD3F804E009
:10A3C0000023009C02E00133634520D03EF8332097
:10A3D000A242F8D100944380B8F1010FB0EEC00A58
:10A3E00005D0CDE9020100F0BFFDDDE9020180EDFD
:10A3F000010A01351AED010A4E44B5EEC00AF1EE2C
:10A4000010FA06D43B68AB421CDDB868C3E7009481
:10A41000E2E7BB6801220B441A723B68AB4211DDD4
:10A420001AED010AF1E7079B049C069A23449BB2AC
:10A430001AB9224601320492B8E72246069C224409
:10A440000492B3E7009C0134169B0C37A3427FF4BF
:10A450007FAF179D059B002B27DD984600260BF14B
:10A46000040E5BF83630002B1CDD5EF8367007EB0F
:10A47000C30C3B8803EB430355F8230005EB830231
:10A4800000280CDD002394681A4603E001320633ED
:10A49000904204D034F81310B142F7D17A800837D3
:10A4A000BC45E6D10136B045DBD10BB0BDE8F08F3D
:10A4B000B9F1000F40F3B0806146164613460C8890
:10A4C00004B10136013339449945F8D117E7BD424B
:10A4D0000DD0009A1FFA8BF30399511A029A19446E
:10A4E000134420F83E3000EBCE0001816FE6059B5F
:10A4F0000EFB03B33AF81330013B20F83E3000EB7B
:10A50000CE0000F108031E8061E60CF10102E6E5D1
:10A510006246F6B10230059B02374BF83600013631
:10A52000B3421FD0002C11DC159B23B10020F1E7B2
:10A53000159B6BB91E46002302374BF836300136A7
:10A54000059BB3423FF47DAE002CEDDD944658E60A
:10A5500006980026059B013002370136CBF8000033
:10A56000B342DFD1159B002B3FF46BAE059B00245B
:10A570000BF104081692D71ABEB208215BF834001A
:10A58000F0F73AF948F8340000284DD05BF834E091
:10A59000AEF1020CBCF1000F0ADD0AEB440100230E
:10A5A0000A884944013A20F8332001336345F7D142
:10A5B000C4B1731E0EF1FF3E013420F83C30059B00
:10A5C00020F83E600136A342B6B2D6D1169A069B59
:10A5D00007EB030EBEF1000F3FF75EAE72453FF78B
:10A5E0007BAE37E7059A0EF1FF3E0CFB02F3012A22
:10A5F0003AF8133003F1FF3320F83C3020F83E6086
:10A6000006F10106B6B2E1D00124B6E7DDF810B0DC
:10A61000089FDDE9162539E6164670E6104BDB216A
:10A62000104A1148E5F730FE104BC2210D4A0E4882
:10A63000E5F72AFE171A29E60D4B40F22B11094ABD
:10A640000948E5F721FE159B002B3FF4F5AD171ADD
:10A65000BDE7064BFA21034A0348E5F715FE00BFA4
:10A66000FCE401086C370208E0E40108D0E40108CA
:10A6700010E501082DE9F04F2DED028B87B01F4644
:10A68000149B129E002B0590019140F35281139B65
:10A69000002E9046A6EB0303039340F35081002362
:10A6A0000293324600210198E5F776FF139B002BB9
:10A6B00040F3358108F104094FF0000CCDF810800B
:10A6C0004B46E1469B46D8F804305BF8041C1A88D8
:10A6D0005888012902EB420200EB400007EB82029E
:10A6E000926802EB8002107A92ED010A824640F3F2
:10A6F0000581A3F10805B0EE408A1A4605EBC105B5
:10A7000011890832548801EB4101954204EB44045D
:10A7100007EB8101896801EB84015446D1ED017A90
:10A72000097A38EE278A8AEA010AE9D1A14203D1DF
:10A7300009F101094FF0000A00250146CDF800C0DB
:10A740002C4612961DE000F00FFC01345BF8042C3F
:10A75000B1EE400A944286ED010A23DA05F10802BF
:10A76000D8F80430995A1A4401EB4101528807EB9A
:10A77000810102EB42058A6802EB8502117A92EDB3
:10A78000010A8A4538EE400A4FEAC40503EBC406C5
:10A79000D9D100F0E9FB01345BF8042C86ED010A05
:10A7A000A242DBDCDDF800C0129E0CF1010C139B11
:10A7B00008F108080BF1080B634584DC002ECC4639
:10A7C000DDF8108040F3A38007F1080B4FF0000A7A
:10A7D000CDF810C05B465546BB461F465BF82A4085
:10A7E0000BEB8A03002CD3ED018A79DD04EB4404E2
:10A7F00057F82A3003EB84041A880C3333F80A1C08
:10A8000008EBC202A342526802EBC102D2ED017A08
:10A8100078EEA78AF0D1F5EEC08AF1EE10FA64D492
:10A820003B464FF00009374600951E464D4656F808
:10A830002A40013534F809304C4409F10C0908EB81
:10A84000C30361885B6803EBC10393ED018A38EEB3
:10A85000C88AB0EEC80A00F087FBB5EEC08A84ED66
:10A86000010AF1EE10FAD4BF0123002323725BF832
:10A870002A30AB42DBDC3346009D3E461F460135A5
:10A880000AF1030AAE42A9DCDDF810C05F46039B63
:10A89000002B3CDD019B029803F1FF3E159BA3F1C9
:10A8A0000409039B0EEB030573464A46002413F884
:10A8B00001AF52F8041F8A4518BF0134AB42F6D1EC
:10A8C000431C18462CB3059AC2F800C0139A94454D
:10A8D00020D0149A9A422CD0002E23DD0293E0E679
:10A8E000F5EEC08AF1EE10FAC9D5019B4FF00102D6
:10A8F0005A555BF82A30002B92DCC0E708B909F101
:10A90000010901297FF451AFB0EE408A14E7029BA0
:10A910000133184607B0BDEC028BBDE8F08F4FF055
:10A92000000C51E74FF0000C139A6245BCDD029316
:10A93000C0E6149807B0BDEC028BBDE8F08F139B06
:10A94000002B4FF0000302933FF7B4AE9C469EE706
:10A950002DE9F04F2DED028B93B08346D0ED0A7AAE
:10A960000D4611930121036AF8EEE78A046BD0EDDE
:10A970000B7A10932046DBF82430B8EEE78A0D926C
:10A980000A93DBE90D6AEFF737FF002800F0DE805D
:10A990005445074600F0AE8006EB0A031B1B0E93DE
:10A9A00001230F93DBF83C30082130460B93DBF892
:10A9B00040300C93EFF720FF8146002800F0CD8057
:10A9C0000C212046EFF718FF8046002800F0B780E2
:10A9D0000D9BCDF810A008930A9B0E9907930C9B32
:10A9E00006930F9BCDE902400193DBF848000B9BD7
:10A9F00005904846DBF8442000923246FFF732FBD0
:10AA00000421A01BEFF7F8FE002C824676DD2246DB
:10AA100000213846E5F7C0FD109B3946F0EE680A84
:10AA20000293B0EE480A119843464A46CDF80CA06E
:10AA3000CDE90046FFF71EFE611E8346052903D9B6
:10AA40007B1CEB1A022B34D8013D39447B1E13F8D2
:10AA5000012F8B4205F8012FF9D13846EFF7D0FED0
:10AA60005046EFF7CDFE002E65DD002509F1040705
:10AA700057F835000135EFF7C3FEAE42F8DC484623
:10AA8000EFF7BEFE002C0BDD04EB4404002508F1BB
:10AA9000080656F825000335EFF7B2FEAC42F8D1B0
:10AAA0004046EFF7ADFE584613B0BDEC028BBDE853
:10AAB000F08F24F0030C3B462A4607EB0C0053F8BA
:10AAC000041B834242F8041BF9D16445C5D024F02D
:10AAD00003030CF10102F95C9442E954BDDD0CF171
:10AAE000020CBB5C6445AB54B7DD17F80C3005F8BD
:10AAF0000C30B2E70023CDE90E3353E7109BF0EEA4
:10AB0000680AB0EE480A4A4639460293119843460D
:10AB1000CDF80CA0CDE90046FFF7ACFD83463846E2
:10AB2000EFF76EFE5046EFF76BFE002E9DDC4846B9
:10AB3000EFF766FEB4E74846EFF762FEA4E70A4B7C
:10AB40004FF4F871094A0A48E5F79EFB094B4FF4A8
:10AB5000EE71064A0648E5F797FB074B4FF4F7718D
:10AB6000024A0348E5F790FB34E50108583702082C
:10AB7000E0E4010820E501082CE501082DE9F04199
:10AB80008446002B2DED068B684600AFA0EB03102A
:10AB90008546A0EBC3006D46854640F351819E007B
:10ABA000F1EE404A4FEA0318B0EE605ADC00E14B88
:10ABB00010461644D3ED000AEE4693ED011A2A46DC
:10ABC000D3ED021A93ED032AD3ED042A93ED053A4F
:10ABD000D3ED063A93ED074A2B46F0EC015A1032BA
:10ABE00091ED016A083165EE816A11ED029A25EE58
:10ABF000827A864225EE838A25EE840AC6EE057A9D
:10AC000065EEA08A65EEA29A86EE856A80EE05AAB8
:10AC1000C7EE056A88EE057A25EEA18A65EEA35A8D
:10AC200089EE050A88EE859AC8EE058A89EE858A3E
:10AC3000C5EE859A37EEC66A77EEE66A37EEC77AD2
:10AC400077EECA7A30EE499A70EE688A70EE485A0A
:10AC500026EE066A66EEA66A27EE077A67EEA77A00
:10AC600030EE690AA9EE096AE8EEA86AA5EEA57AAF
:10AC7000E0EE007A24EE866A64EEA66A24EE877A15
:10AC800064EEA77A02ED046A42ED036A02ED027AED
:10AC900042ED017AA1D105EB080072469FEDA64A6C
:10ACA0006D46DFEDA67A71469FEDA53ADFEDA53A38
:10ACB00093ED007AD3ED015A77EE046AF4EEE76A79
:10ACC000F1EE10FA00F3D380F4EEE36AF1EE10FA3D
:10ACD00000F1EE80F5EEC06AF1EE10FA40F30C815F
:10ACE00076EEE76AA6EE837A75EEC76AF4EEE76A57
:10ACF000F1EE10FA00F3A980F4EEE36A35EE846A0F
:10AD0000F1EE10FA00F1C180F5EEC06AF1EE10FA32
:10AD100040F3FB80B4EEE76A76EEE76AF0EE652A70
:10AD2000F1EE10FAE6EE832A0FDCB5EEC06AF1EE22
:10AD300010FA00F394809FED815ADFED836A36EEBE
:10AD4000056ADFED825AE6EE265A93ED026A76EE48
:10AD5000046A76EE474AF4EEE76AF1EE10FA00F381
:10AD60009180F4EEE36AF1EE10FA00F1A480F5EEC2
:10AD7000C06AF1EE10FA40F3D38036EEE75AF0EEF7
:10AD8000466AE5EE036AF4EEE74AF1EE10FA0FDCEC
:10AD9000F4EEE34AF1EE10FA00F1A280F5EEC04ABB
:10ADA000F1EE10FA40F38E8074EEE74AA4EE836A67
:10ADB00093ED037A37EE665AB4EEE75AF1EE10FAE5
:10ADC00052DCB4EEE35AF1EE10FA0BD4B5EEC05AF1
:10ADD000F1EE10FA40F3BC8035EE675AF0EE476AA8
:10ADE000E5EE036A37EE655AB4EEE75AF1EE10FA73
:10ADF0000DDCB4EEE35AF1EE10FA6ED4B5EEC05AA3
:10AE0000F1EE10FA6FDD35EE675AA5EE037A1033D6
:10AE100076EEE26A37EE467A0832984242ED026AEE
:10AE200002ED017A7FF444AF63460EEB0402AD46B7
:10AE3000F1EC017AF1EE677A8A42E3EC017AF7D11C
:10AE4000BD46BDEC068BBDE8F08135EE846AF0EEC0
:10AE5000652AB4EEE76AF1EE10FA3FF776AF36EE08
:10AE6000676AE6EE035A70E7F0EE476ABAE775EEF6
:10AE7000C76AF4EEE76AF1EE10FA7FF73DAFF0EE45
:10AE8000652A62E7F0EE466A7DE7F0EE472AB4EE07
:10AE9000E76AF1EE10FA3FF758AFDFED2A6AB4EE39
:10AEA000E66AF1EE10FA7FF540AFDFED285A4CE785
:10AEB0009FED267A18E7F4EEE34AF1EE10FA4ED44D
:10AEC000DFED226A9FED1D6A9FED1F5A74EE864AE0
:10AED000A4EE857AB0EE476A6AE7B0EE657A96E747
:10AEE000B0EE476A64E735EE275ADFED174AB0EE59
:10AEF000657AA5EE247A8AE776EEA76A9FED126A54
:10AF00009FED127AA6EE867AEEE6DFED0C4AF0EEC1
:10AF1000472A9FED0D5A76EEA46AE6EE852AB6E73B
:10AF200036EEA75A9FED082ADFED086AE5EE026AC1
:10AF30002EE700BF4003002000247449B26F204078
:10AF4000C5047FBEB26F20C0C5047F3E002474C913
:10AF500035EE275A5FED044AE5EE246A42E7B0EE8B
:10AF6000476A5FED066A23E7F0EE407AFEEEC87AA4
:10AF700017EE903AB3F5202F18DAB3F5A02F07DBC0
:10AF8000DB13C3F11203082B13D99FED5C0A704742
:10AF9000B3F5803F13DB1B13C3F14E033E2B33D8B5
:10AFA000574A02EB830393ED000A70479FED550A61
:10AFB0007047554A02EB830393ED000A7047B3F5DF
:10AFC000007F12DBB3F5B55F2DDDB3F5804F45DDB6
:10AFD000B3F5004F6CDD4BF20452DFED4C7A9FED80
:10AFE0004C0A934237FE800A70472D2B0FDD7F2BD2
:10AFF0004BDDFF2B6EDDDFED477AB3F5B57F9FEDBF
:10B00000460A37FE800A70479FED440A70470B2BB3
:10B0100031DD162B56DDDFED427A202B9FED410A04
:10B0200027FE800A7047B3F5B56F0BDDB3F5356FBA
:10B0300035DDDFED3D7AB3F5805F9FED3C0A37FEED
:10B04000800A7047B3F5357F55DDDFED397AB3F50A
:10B05000806F9FED380A37FE800A7047B3F5005FB6
:10B0600040DD42F64152DFED347A9FED340A9342DF
:10B0700037FE800A7047052B37DDDFED317A082B6C
:10B080009FED300A27FE800A7047402B30DDDFED50
:10B090002E7A5B2B9FED2D0A27FE800A7047DFED8D
:10B0A0002C7AB3F5006F9FED2B0A37FE800A7047AC
:10B0B00045F68222DFED287A9FED280A934237FE7B
:10B0C000800A7047DFED267A102B9FED260A27FEB7
:10B0D000800A7047DFED247AB62B9FED240A27FE05
:10B0E000800A70479FED220A7047B2EE040A70474B
:10B0F0009FED200A70479FED200A70473E81F4388B
:10B100007C3702080000000078380208A9256C3F4F
:10B110003CE19E3F3AF8B640580FC24023CD633C15
:10B120000F4D02419FD807411EB452409ADE68403D
:10B130000BB395400ECAA0400C5E1040376E2640FF
:10B14000527B1841E2061E41B954E340DB6BEE40EE
:10B15000FA0A7F40269C8A40F368C93F7BD7F43FB8
:10B1600030640D41C1EF12417826CD40983DD84062
:10B17000668D3C40FC82F94021E1AB4007EE102A8D
:10B18000DFED207AB8EEC77AF8B5C7EE277A054624
:10B1900014460E4617EE900AE9F74CFC41EC100BF2
:10B1A000E7F7F6FB51EC100BE9F736FF00F1010C65
:10B1B000BCF1020F0CDD1CF0010F1FD0022304E0D4
:10B1C0009CFBF3F203FB12C2C2B101339C45F7D1E1
:10B1D000002C12DD0022964605EBCE070EF1010E83
:10B1E00092FBF4F304FB13237445624406EBC303A0
:10B1F00093E8030087E80300EED1F8BD0CF1010CE1
:10B20000D6E700BF295CCF3F07EE102ADFED1E7A9C
:10B21000B8EEC77A70B5C7EE277A064614460D46D3
:10B2200017EE900AE9F706FC41EC100BE7F7B0FBCC
:10B2300051EC100BE9F7F0FE00F1010CBCF1020F2C
:10B240000CDD1CF0010F1CD0022304E09CFBF3F288
:10B2500003FB12C2AAB101339C45F7D1002C0FDDCC
:10B26000304606EB8401002292FBF4F304FB132327
:10B27000624405EB83031B6840F8043B8142F3D131
:10B2800070BD0CF1010CD9E7295CCF3F8A1A01236C
:10B290000165C1654365C26482657047F8B500F118
:10B2A000C8070C4605460E493846E5F7C9FC666BEB
:10B2B00020B94FF49C73A365F318E3650949384638
:10B2C000E5F7BEFC08B903236365D5F8FC30D5E982
:10B2D0004B215B1A9B1A9E1BC4E91663F8BD00BF85
:10B2E00028DC010840DC01082DE9F04F83B004465A
:10B2F00088461646436BD0F84C9000AF0733D0F821
:10B3000054A023F00703BAF1010FADEB030D09F1CF
:10B31000070323F007036D46ADEB030DEB467ED02C
:10B32000BAF1030F26D0BAF1000F40F09080836D80
:10B330004B4540F086802A463146FEF765FEA36DF8
:10B34000002B5FDC0023626B002A0FDD6FF04041B1
:10B350006A1E194408EB8101134612F8010F0233EB
:10B3600041F8040F606B5B1B9842F5DC0C37BD465F
:10B37000BDE8F08F337A002296F83D10B9F1210F25
:10B3800063F307024FF0000361F30703717A61F37F
:10B390000F2296F83E1061F30F23B17A61F3174242
:10B3A00096F8681061F3174396F8341061F31F6242
:10B3B000029296F8692062F31F6305937368019304
:10B3C000D6F835300393D6F839300493D6F86A307E
:10B3D0000693D6F86E3007933368009396F8723070
:10B3E0008DF8203006DDA9F1210201210DF12100A7
:10B3F000E5F7D2F82A4659462046FEF705FEA36D2A
:10B40000002B9FDD721EA8F10401002312F8010F2A
:10B41000013341F8040FA06D9842F7DC93E7836D88
:10B42000114668461A467B60E5F7A8FA7B684B45EB
:10B43000E0DAA9EB030251460DEB0300E5F7ACF8A7
:10B44000D8E7064B6221064A0648E4F71DFF064B83
:10B450008221034A0348E4F717FF00BF3CE50108D7
:10B46000B038020878E501084CD601082DE9F04F04
:10B4700085B09846064600AF036DBC6BD0F84C9083
:10B48000D0F858B0C7E90221C26D073222F0070197
:10B490009A00073222F00702ADEB020D426D012A3D
:10B4A0006D46ADEB010D00F0D680032A10D0002AC6
:10B4B00040F0FE80D94540F00181FB6822464146BC
:10B4C000FFF746FABB6814371860BD46BDE8F08F39
:10B4D0002368B9F1210FEA462B6063686B60A368AB
:10B4E000AB60E368EB6023692B6163696B61A369FF
:10B4F000AB61E369EB61236A2B62636A6B62A36AE7
:10B50000AB62D4F8D030EB62D4F8D4302B63D4F8EB
:10B51000D8306B63D4F8DC30AB63D4F8E030EB6345
:10B52000D4F8E4302B64D4F8E8306B64D4F8EC3011
:10B53000AB64D4F8F030EB64D4F8F4302B65D4F875
:10B54000F8306B65D4F8A031AB65D4F8A431EB6565
:10B55000D4F8A8312B66D4F8AC316B66D4F8B0318E
:10B56000AB66D4F8B431EB66D4F8B8312B67D4F8B5
:10B57000BC316B67D4F8C031AB67D4F8C431EB672A
:10B58000D4F8C831C5F8803008DD05F184022123E4
:10B590004D49013342F8041B9945FAD1726B002AD8
:10B5A00006DD920004EB8B0105EB8900E5F7E6F977
:10B5B000FB682A4651463046FFF7CAF9BB68186057
:10B5C000B36D002B13DD08F1FF32F4EC017A134662
:10B5D000F5EEC07A0233A3EB0803F1EE10FA4CBF8C
:10B5E0000121002102F8011FB16D9942EDDCDAF86A
:10B5F00004101437DAF80000BAF808209AF80A3074
:10B60000C8F80000C8F80410DAF80B00DAF80F10D8
:10B61000A8F8082088F80A30BAF813209AF81530EC
:10B62000C8F83400C8F83810DAF81600DAF81A103A
:10B63000A8F83C2088F83E30BAF81E209AF820304E
:10B64000C8F86800C8F86C10A8F8702088F8723044
:10B65000BD46BDE8F08FBBF1000F07DD4FEA8B025E
:10B66000214628467B60E5F789F97B68D94508DDE6
:10B6700005EB8B015A461448013241F8040B914501
:10B68000FAD1994508DAA3EB090204EB8B0105EB2B
:10B6900089009200E5F772F9FB682A464146304678
:10B6A000FFF756F9BB6814371860BD46BDE8F08F48
:10B6B000064BD921064A0748E4F7E6FD064BA721C9
:10B6C000034A0448E4F7E0FD0000C8C24CD6010874
:10B6D0009C38020878E501083CE501082DE9F04FA7
:10B6E0002DED028B89B083468A46D0F85C80896A4A
:10B6F00000AF4FEA8800073098FBF1F920F007000F
:10B70000DBF85810ADEB000D4E0001F1070C39616C
:10B710006C46ADEB000DF01D2CF0070C6D4620F0D3
:10B720000700ADEB000D6846ADEB0C0DC7E9022339
:10B730007860C7F814D0F9F75BFE3969FA68002918
:10B7400010DD7868023E0DF1FF3E0644023830F805
:10B75000023FB3F5804F94BF00230123B0420EF89F
:10B76000013FF4D1002A3FD17A6958462946FFF7B4
:10B77000BBFDB9F1000F1FDDD7F808B000269FED23
:10B78000238A5B46DBED010A07F118000BF1080B79
:10B7900093ED000AA0EE880AF8F750FDDAF8283099
:10B7A00006FB03F30136D7E9062104EB8300B1451C
:10B7B00044F823104260E4D1B8F1000F4FF00000CC
:10B7C0000CDD043D043C034654F8041F013355F8D6
:10B7D000042F914218BF01309845F5D12437BD465A
:10B7E000BDEC028BBDE8F08FA1F1100678693146FF
:10B7F000FCF77EF802467B6907F1180152BA9819E6
:10B800003A831022FCF754F8AEE700BF00000000B6
:10B81000002A0FDD431E013900201A4400B513F839
:10B8200001EF11F801CFE64518BF01309A42F6D179
:10B830005DF804FB00207047F8B50025D7000446EA
:10B840001646C0E900153846EEF7D2FF3A462946BB
:10B850006061E4F7A1FE6369E660A5602561C4E963
:10B860000635F8BD10B50446406918B1EEF7C8FFBB
:10B8700000236361E06918B1EEF7C2FF0023E361C2
:10B88000606818B1EEF7BCFF0023636010BD00BF15
:10B89000F8B5446805462DED068BB0EE409ADCB352
:10B8A000EF68B7EE007AF6EE007ADFED1F6A06EE7B
:10B8B000107A002F29EE269AF8EEC69A79EEC79AEA
:10B8C00069EEA79A25DD2E6800259FED18AA07EEE0
:10B8D000905A01350834F8EEE78A78EEE98A68EE86
:10B8E000898AB0EE680AE7F727FAB0EE408AB0EE30
:10B8F000680AE6F7EBFDF6EC017AA8EE0A0AAF4219
:10B9000028EE278A04ED018A20EE270A04ED020AB8
:10B91000DDD1BDEC068BF8BDC068C000EEF768FF56
:10B9200004466860BCE700BFDB0FC94000000000B0
:10B93000002A68DD2DE9F04F814658682DED028B15
:10B9400087B009EBC20ADA68019008466FF06041DF
:10B9500011444FEAC108D3E9057108F1080BB84456
:10B96000BB4499ED000A002AD9ED010A9FED2E8A09
:10B9700081ED000AC1ED010A42DD019CF0EE488A2A
:10B98000002604F108050C4603E0D4ED010A94ED0D
:10B99000000A15ED021A55ED011A61EE207A20EE2B
:10B9A000E17AE1EE807AA1EE007AB4EE677AF1EE08
:10B9B00010FA29D6083C013678EE878A0835A74266
:10B9C00088BF4446964238EE278ADED1083109F115
:10B9D0000809C0ED008A594580ED018A06D3CA45A1
:10B9E00000F108009F6106D03946BAE7CA4500F168
:10B9F00008009961B5D107B0BDEC028BBDE8F08FAE
:10BA0000F0EE488AE2E77047CDE90423CDE9020170
:10BA1000E9F7A6FBB0EE407AF0EE607ADDE90423A8
:10BA2000DDE90201C6E700BF0000000008B5034AD7
:10BA30007D21034B0348E4F727FC00BFA440020824
:10BA400090E50108A4E5010870B50E4604460F48CC
:10BA5000E5F7F6F8054631460D48E5F7F1F815B17A
:10BA600090B9602103E000280CBF60210021074B42
:10BA7000602220461944E4F781FF2046D4E90C12E5
:10BA8000BDE87040FFF702BCFFF7D0FF300B00208D
:10BA9000900B002001F03CB8DFF834D0EEF76CFCDE
:10BAA0000C480D490D4A002302E0D458C450043319
:10BAB000C4188C42F9D30A4A0A4C002301E01360EF
:10BAC0000432A242FBD3E4F763FCEAF7EDFF7047D0
:10BAD0000000052000000020F00B00201484030863
:10BAE000300D002074DB0220FEE7000070B592FBF1
:10BAF000F1F601FB16248CB943606FF04042059BC0
:10BB00000546017021461A4446800498324492004A
:10BB1000E4F742FD049B2046AB6070BD6FF001006E
:10BB200070BD00BF2DE9F04F03F0030591B06FF039
:10BB300040449B0805920E954288856814440D92F6
:10BB40002E460B951546089106EB8402D0F804B0FA
:10BB50000F930C9200F02781144605F003021F4654
:10BB6000AB080292154622460193013B06F10C08F0
:10BB700010320A979BB2CDF800B006920A46013304
:10BB80001032049306EB031307926A1E03F10C09AB
:10BB900092B2013292000392079A069D52F8103C2D
:10BBA000114645F8103C52F80C3C45F80C3C51F855
:10BBB000083C45F8083C51F8043C45F8043C03783F
:10BBC0001D460993002B00F0CA8103F1010BDDF83B
:10BBD00014E04FF0010C08F1100A09F11006009B67
:10BBE000CCEB050458ED031A03EB8404019B58EDDC
:10BBF000022A18ED012A002B00F0A580DFEDAF5AD4
:10BC00002FB252462346F0EE653AB900B0EE651AFF
:10BC10003F01F0EE654A12ED045A103293ED006ACE
:10BC20000B4466EE217AD3ED006A66EE220A52EDED
:10BC3000071A26EE023A0B4425EE066A26EEA24AC1
:10BC400093ED007A77EEA44A52ED062A30EE811A7F
:10BC50000B4466EE820A73EE233AD3ED007A25EEAA
:10BC6000263A0B4476EE255A66EEA16A27EE026A62
:10BC700012ED052A74EE244AB24225EE074A76EE0A
:10BC8000A55A30EE811A61EE876A73EE233A27EEE9
:10BC9000227A76EE244A25EE275A21EEA76A76EE1E
:10BCA000A33A34EE011A62EEA76A37EE257A67EE00
:10BCB000827A75EE244A36EE011A76EEA33A77EED2
:10BCC000875AA8D1049B07FB03444B46029AFAB15A
:10BCD000039AAD009A18D4ED007A2C44B3EC017AA3
:10BCE00027EEA15A27EEA26A934267EE826A67EEB8
:10BCF000277AF0EE621A74EE854AF0EE422A31EEAF
:10BD0000061AB0EE472A73EEA63A75EEA75AE2D1AC
:10BD1000CEED004A0CF1010C0378DC450EEB8303F9
:10BD200083ED001A03780EEBC303C3ED003A0378EA
:10BD300003EB43030EEB83030EF1040EC3ED005A35
:10BD40000BD005784BE7DFED5D5A4346F0EE653AE0
:10BD5000B0EE651AF0EE654AB8E7059B099A03EB69
:10BD6000820305930378069A03EB4303B146D0465A
:10BD700010320692079A10320792059A02EB83035B
:10BD800005930A9B013B0A937FF406AF0F9B0C9A25
:10BD90001B01DDF800B01A440C92089A1A4408926C
:10BDA0000B9A1A440B920E9B002B00F09C800D996D
:10BDB00004938A0801F003010C9C00924B1E013A87
:10BDC00003949BB20B9C92B20133A04602F1010A8C
:10BDD0009B0004EB0A1CCDF808A08246084601939C
:10BDE000089A52F8043B0892039A42F8043B9AF8E6
:10BDF000003003921D460693002B66D0012703F105
:10BE00000109009B0CF11006EC1BDDF814E00BEBB4
:10BE10008404002B4DD0A90008F110022346DFED69
:10BE2000277A12ED047A1032D3ED006A0B4466EEE5
:10BE3000875A93ED005A12ED077A0B4475EEA76A04
:10BE400093ED006A25EE075A12ED067A0B4426EEB2
:10BE5000076A12ED057A75EE266AD3ED005AB242F2
:10BE60000B4425EE877A76EE267A77EE277AD8D1BC
:10BE70008900029A634602FB014468B1019AAD0051
:10BE80009A18F3EC016A94ED007A2C44934226EE62
:10BE9000877A77EE877AF4D10137EEEC017A4F4555
:10BEA0000ED09AF80050009BEC1B0BEB8404002B87
:10BEB000B1D14346DFED017ADFE700BF00000000AB
:10BEC000059B069A03EB82030593049B08F1040883
:10BED0000CF1040C013B049382D10B9B50460E9A4B
:10BEE00003EB82030B930D9B81685C1EC4F38F03ED
:10BEF00013B35D1E0B9A01F11003ADB21032AE1CEC
:10BF000001EB061652F8100C1033103243F8200CD7
:10BF100052F81C0C43F81C0C52F8180C43F8180C7F
:10BF200052F8140C43F8140CB342EBD16B1C0B9A6F
:10BF30001B011A4419440B9214F003020CD0013A6D
:10BF40000B460B9992B2013201EB820251F8040BBD
:10BF5000914243F8040BF9D111B0BDE8F08F08F11C
:10BF6000100A09F11006FEE6F8B5069E6FF040448F
:10BF70000F468260344405461E460780E2190021C0
:10BF800018469200E4F708FB6E60F8BD2DE9F04F0B
:10BF900006462DED108B89B03488D6F804C0049085
:10BFA0006FF040400593DB0820440294D6F80880E7
:10BFB0000CEB80000393019000F0EB814FEAD40971
:10BFC0009E4604F0070A00F120074FEA491301F1E9
:10BFD00020060791114608EB0300043B0CF12004F6
:10BFE00002F12005CDF818C0524684468A464846DC
:10BFF000994656F8203C211F9FEDEF3A47F8203C28
:10C0000056F81C3C47F81C3C56F8183C47F8183CBE
:10C0100056F8143C47F8143C56F8103C47F8103CCE
:10C0200056F80C3C47F80C3C56F8083C47F8083CDE
:10C0300056F8043C47F8043C14ED088A54ED072AEE
:10C0400014ED062A54ED051A14ED041A54ED030AF2
:10C0500014ED020A002800F0F681B0EE439A08F1D0
:10C060002001B0EE43AA04F11C03F0EE43AA83467C
:10C07000B0EE43BAF0EE43BAB0EE43CAB0EE434A74
:10C0800051ED083ABBF1010B53ED088A01F1200193
:10C0900023EE88FA51ED0F4A63EEA2EA13ED078A08
:10C0A00023EE82EA11ED0E5A63EEA1DA51ED0D5A3C
:10C0B00023EE81DA11ED0C6A63EEA0CA51ED0B6A32
:10C0C00063EE809A11ED0A7A63EEA83A51ED097A8F
:10C0D0003FEE044A03F1200324EEA2FA53ED0E2AA8
:10C0E0003EEE8CCA7EEE2BBA64EE82EA24EEA1EA22
:10C0F0003DEE8BBA7DEE2AAA64EE81DA24EEA0DA58
:10C100003CEE8AAA39EE899A64EE80CA68EEA49A57
:10C1100033EE833A64EE884A3FEE044A3EEE8CCA20
:10C1200025EE02FA13ED0D2A65EE21EA74EE834A3C
:10C130007EEE2BBA3DEE8BBA25EE01EA65EE20DAF3
:10C140007DEE2AAA3CEE8AAA25EE00DA68EE85CAC0
:10C1500039EE899A68EE059A25EE225A3FEE044A96
:10C160003EEE8CCA25EEA1FA53ED0C1A65EE81EA7B
:10C1700035EE245A7EEE2BBA3DEE8BBA25EEA0EAC0
:10C1800065EE80DA7DEE2AAA3CEE8AAA28EEA5DAD0
:10C1900068EE25CA39EE899A62EEA59A65EE825A52
:10C1A0003CEE8AAA3FEE044A75EE855A26EE01FA65
:10C1B00013ED0B1A22EE065A3EEE8CCA7EEE2BBA17
:10C1C00066EE20EA26EE00EA3DEE8BBA7DEE2AAA64
:10C1D00068EE86DA28EE06DA62EE86CA39EE899AC9
:10C1E00026EE216A3FEE044A3EEE8CCA26EEA0FA05
:10C1F00053ED0A0A66EE80EA36EE256A7EEE2BBA29
:10C2000061EEA65A28EEA6EA3DEE8BBA7DEE2AAA8A
:10C2100068EE26DA22EEA6DA7CEE8ACA35EE099AB4
:10C2200022EE26AA66EE816A7DEE2AAA35EE899A6A
:10C230003FEE044A3EEE8CCA27EE00FA13ED090ADF
:10C2400068EE87EA7EEE2BBA3DEE8BBA28EE07EA5F
:10C2500062EE87DA22EE07DA7AEE2CCA76EE866A8A
:10C2600021EE87AA27EE203A21EE076A68EEA78A18
:10C2700068EE275A22EEA75A62EE274A3DEE2ADAE6
:10C280007AEE2CCA61EEA7AA21EE27AA36EE097A29
:10C290003FEE044A20EEA79A3EEE8CCA7EEE2BBA01
:10C2A0003DEE8BBA33EE263A67EE807A38EE844A5A
:10C2B00035EE8CCA75EE2BBA34EE8BBA7AEE8DAAB7
:10C2C0003AEE2CAA39EE079A37EE833A7FF4D8AECD
:10C2D00009EB0401E346A2B31346BBEC016A013B40
:10C2E000F1EC015A66EE088A66EE223A66EE024AE0
:10C2F00026EE215A66EE016A26EE207A66EE007A74
:10C3000026EE256AB0EE628A34EE284AF0EE422A22
:10C310003CEE23CAB0EE612A7BEEA4BAF0EE411ADD
:10C320003BEE05BAB0EE601A7AEEA6AAF0EE400A2D
:10C330003AEE07AAB0EE650A39EE279A33EE063ACE
:10C34000CBD1BEF1010E05ED084A05ED07CA07F194
:10C35000200745ED06BA06F1200605ED05BA04F101
:10C36000200445ED04AA05F1200505ED0BAA05ED15
:10C370000A9A05ED093A7FF43CAE039B52460198B8
:10C380005B01DDF818C0079918449C4419441A440D
:10C390000190059B13F0070E22D0019F764665465B
:10C3A000DDF808A051F8049B53464446DFED026ACD
:10C3B000284647F8049B01E000000000B0EC017A39
:10C3C000013BF4EC017A67EE277A76EEA76AF5D1A5
:10C3D000013EE2EC016A05F10405E3D10CEB8E0CA1
:10C3E000029B591E049B8E085C681DD004F110024C
:10C3F0000CF11003304653F8105C013803F11003C0
:10C4000002F1100242F8205C53F81C5C42F81C5CFC
:10C4100053F8185C42F8185C53F8145C42F8145C4A
:10C42000E9D133011C449C4411F0030306D0224699
:10C430005CF8041B013B42F8041BF9D109B0BDECC8
:10C44000108BBDE8F08FC346B0EE439AB0EE43AA1E
:10C45000F0EE43AAB0EE43BAF0EE43BAB0EE43CAF0
:10C46000B0EE434A37E700BFF8B5079FB7FBF2F4D9
:10C4700002FB147494B98E4616466FF0404205468E
:10C4800072446980436021463A4406989200E4F77A
:10C4900083F8069B2E702046AB60F8BD6FF001005C
:10C4A000F8BD00BF2DE9F04F047883468DB0408879
:10C4B000DBF804506FF040499646089202952A46F0
:10C4C000DBF808608144099006EB8909B3FBF4F3BB
:10C4D0009D08A3EB85030A950B93002D00F0F880CF
:10C4E000830800F003002F46CDF810B005931B0120
:10C4F00006900EF1100A1A449B464846039707928D
:10C50000CDF80490A4000A46234652F8045B013B90
:10C5100040F8045BF9D1049BA400059F93F80080C8
:10C520002144019B4FEA88089FEDBB1A234406EB88
:10C53000080E01930EEB080C0CEB0809002F00F01D
:10C540006181029BF0EE415AB0EE415A06F11004AF
:10C55000F0EE414A03F110050EF110000CF110024B
:10C5600009F1100355ED046A013F13ED046A05F16A
:10C57000100514ED044A00F1100050ED081A04F102
:10C58000100452ED042A26EE844A66EEA11A15ED37
:10C59000077A66EEA22A54ED073A66EE866A10ED37
:10C5A000072A13ED036A74EE244A12ED033A31EEC2
:10C5B000855A72EEA55A55ED067A67EE233A14EDC8
:10C5C000064A27EE022A50ED061A27EE033A52EDEC
:10C5D000022A76EE816A10ED050A27EE067A13ED3F
:10C5E000026A73EEA43A15ED051A67EE844A52ED1D
:10C5F000010A32EE052A14ED054A27EEA15A53ED41
:10C60000011A33EE253A02F1100267EEA25A03F145
:10C61000100367EE867A37EE267A34EEA36A61EE6F
:10C62000044A75EE023A35EE834A21EE005A61EE75
:10C63000205A77EE877A21EE211A74EE864A35EE7B
:10C64000235A75EE845A31EE271A8BD15E44DE44AC
:10C65000DC4409EB0B00079A069BDBB1B2EC016AE4
:10C66000013BF6EC016ABEEC017AFCEC017A66EE65
:10C67000266AB0EC014A26EE077A66EE277A26EEA5
:10C68000046A74EEA64A35EE075A75EEA75A31EEE3
:10C69000061AE3D1039B09EB08064AED044A0AF1A6
:10C6A000100A013B0AED075A4AED065A0AED051A2F
:10C6B000039303D0049B01981C7823E7089B0A9AF4
:10C6C000DDF8049003EB0213DDF810B008930B9B28
:10C6D000002B61D0099A9846DDF820A0950802F059
:10C6E0000307029A4FEA051E02EB0E0C9BF800406E
:10C6F00048460A462346F2EC017A013BE0EC017A17
:10C70000F9D1A400A1442144002D76D0029B2846F3
:10C71000DFED417A03F1100206F1100352ED046AD5
:10C72000013813ED047A02F1100212ED075A03F1F9
:10C73000100366EE875A13ED077A12ED066A25EEAE
:10C74000075A13ED067A75EEA76A52ED055A26EEE2
:10C75000076A13ED057A75EE266A25EE877A76EE7E
:10C76000267A77EE277AD9D106EB0E02604657B1CA
:10C770003B46F0EC016A013BB2EC017A26EE877A87
:10C7800077EE877AF5D19BF80030B8F10108EAEC32
:10C79000017A06EB8306A9D1099BDBF80840591EF4
:10C7A0008F081DD004F1100206F11003384653F82B
:10C7B000105C013803F1100302F1100242F8205C12
:10C7C00053F81C5C42F81C5C53F8185C42F8185C87
:10C7D00053F8145C42F8145CE9D13B011C441E443C
:10C7E00011F0030306D0224656F8041B013B42F821
:10C7F000041BF9D10DB0BDE8F08F02983246DFED91
:10C80000067AB4E74846029AF0EE415AB0EE415A31
:10C81000F0EE414A20E700BF0000000038B50446B2
:10C8200008461D460021A260020120601846E3F779
:10C83000B3FE656038BD00BF4FEA930C2DE9F043AD
:10C840009646866845684FEA0C1803F003021436D2
:10C85000103507680EEB080956ED053A16ED043A57
:10C8600056ED032A16ED022A56ED011A15ED041AAB
:10C8700055ED030A55ED027A15ED016ABCF1000F82
:10C8800000F0A38001F110000EF11003644610EDDA
:10C89000044A23EE017A62EEA00A013C23EE845A98
:10C8A00000F1100022EE270A03F1100321EE866A40
:10C8B00075EE074A61EEA76A63EE045A34EEA07A79
:10C8C00022EE811A22EE844A37EE007A37EE066AAB
:10C8D00003ED086A22EE067A50ED077A21EE866AA9
:10C8E00023EEA75A23EE270A62EEA74A35EE255A11
:10C8F00075EE015A75EE875A75EEA66A43ED076A22
:10C9000062EE267A50ED060A61EEA65A23EEA05A90
:10C9100023EE207A35EE005A75EE046A76EEA76AA9
:10C9200036EE866A03ED066A62EE067A10ED051AA7
:10C9300063EE816A36EE877A37EE247A77EE277ACD
:10C9400075EEA77A43ED057AA1D1414448469AB3E2
:10C95000134603E0F0EE457AB0EE471AB1EC017AE7
:10C9600063EE014A62EEA05A013B23EE874A22EEB3
:10C97000275A61EE866A74EE244AF0EE410AB0EE60
:10C98000676A74EEA54A34EE855A35EE265AA0EC55
:10C99000015ADFD1013F05ED047A05ED031A06F1D6
:10C9A000140605ED025A714645ED017A05F11005B0
:10C9B0007FF452AFBDE8F083B0EE675AB0EE417A33
:10C9C000F0EE467AB0EE601AE4E77046BFE700BFCB
:10C9D000F0B55FEA930E73D000F1200601F1200557
:10C9E00002F12004774616ED087A013F55ED087AEA
:10C9F00006F1200656ED0F5A05F1200555ED0F6A98
:10CA000027EE273A67EEA54A16ED0E6A25EEA64AEE
:10CA100055ED0E7A67EE266A15ED0D5A56ED0D2A84
:10CA200066EE273A66EE055A16ED0C7A76EEA46AA3
:10CA300015ED0C6A25EE225A04F1200433EE444A27
:10CA400067EEA27A73EEC53A04ED104A67EE064A25
:10CA500016ED0B5A77EEA57A44ED0F6A55ED0B6A89
:10CA600066EE055A44ED0E3A25EE265A44ED0D7A4F
:10CA700027EE267A56ED0A7A55ED0A6A16ED096A0E
:10CA800034EEC55A15ED094A67EEA64A66EE866A87
:10CA900067EE847A04ED0C5A26EE046A37EE257AA6
:10CAA00077EEA67A34EEC66A04ED0B7A44ED097A85
:10CAB00004ED0A6A97D14FEA4E14204421442244DF
:10CAC00013F0030322D008300831083250ED027A07
:10CAD000013B11ED027A00F1080050ED036A01F10B
:10CAE000080151ED035A27EE876A26EE877A02F194
:10CAF000080266EEA56A67EEA57A76EE666A77EEBC
:10CB0000877A42ED046A42ED037ADFD1F0BD00BFBF
:10CB1000F0B55FEA920E059EDFED4F7A00F0998046
:10CB2000F0EE676A00F1200501F12004774654ED2C
:10CB3000083A013F55ED085A04F1200414ED0F3A6C
:10CB400005F1200565EEA32A15ED0F6A65EE835AFF
:10CB500015ED0E7A26EE033A14ED0E1A72EEA66A61
:10CB600054ED0D2A75EEA77A15ED0D4A26EE236ACF
:10CB700055ED0C4A76EEC36A54ED0C1A67EE223A74
:10CB800014ED0B2A36EE276A15ED0B5A27EE013A03
:10CB900054ED0A7A55ED0A5A73EE863A15ED097A84
:10CBA00033EE263A64EE226A54ED092A24EE014A55
:10CBB00025EEA76A73EE666A34EE234A24EEA13AA4
:10CBC00064EE824A65EEA25A73EE263A74EE844A07
:10CBD00065EE026A25EE215A73EEE66A35EE245AB6
:10CBE00036EE266A75EE855A67EE226A27EE277AB8
:10CBF00076EE666A77EE257A99D14FEA4E1E70443A
:10CC0000714412F003021FD00830083150ED025A6F
:10CC1000013A11ED025A00F1080011ED016A01F12B
:10CC2000080165EE854A10ED037A65EE865A27EE17
:10CC3000066A74EEA66A75EEA77A27EE057A76EE96
:10CC4000C66A77EE277AE1D1C3ED006AC6ED007AB5
:10CC5000F0BDF0EE676AD4E700000000F8B500BF51
:10CC6000F8BC08BC9E467047F8B500BFF8BC08BCCD
:04CC70009E46704725
:10CC740001010000010001000101010100000000A8
:10CC84000101000001000100010101010000000098
:10CC94000101010100000000DB0F49BFE4CB164095
:10CCA400E4CB16C000000080DB0F4940DB0F49C015
:10CCB4003863ED3EDA0F493F5E987B3FDA0FC93F98
:10CCC4006937AC3168212233B40F14336821A2339D
:10CCD400000FC93F000F494000CB9640000FC940E8
:10CCE4000053FB4000CB164100ED2F41000F49419A
:10CCF4000031624100537B41003A8A4100CB9641A6
:10CD0400005CA34100EDAF41007EBC41000FC9416E
:10CD140000A0D5410031E24100C2EE410053FB4185
:10CD240000F20342003A0A420083104200CB16424A
:10CD340000141D42005C234200A5294200ED2F424D
:10CD440000363642007E3C4200C74242000F494250
:10CD5400A2000000F9000000830000006E00000043
:10CD64004E000000440000001500000029000000EF
:10CD7400FC0000002700000057000000D100000064
:10CD8400F500000034000000DD000000C0000000D9
:10CD9400DB00000062000000950000009900000024
:10CDA4003C0000004300000090000000410000002F
:10CDB400FE0000005100000063000000AB00000012
:10CDC400DE000000BB000000C500000061000000A0
:10CDD400B7000000240000006E0000003A000000CC
:10CDE400420000004D000000D2000000E0000000FE
:10CDF40006000000490000002E000000EA000000C8
:10CE040009000000D1000000920000001C00000096
:10CE1400FE0000001D000000EB0000001C000000EC
:10CE2400B100000029000000A70000003E0000003F
:10CE3400E80000008200000035000000F50000005A
:10CE44002E000000BB00000044000000840000002D
:10CE5400E90000009C0000007000000026000000B3
:10CE6400B40000005F0000007E00000041000000EC
:10CE74003900000091000000D600000039000000D5
:10CE8400830000005300000039000000F40000009B
:10CE94009C000000840000005F0000008B00000084
:10CEA400BD000000F9000000280000003B00000065
:10CEB4001F000000F800000097000000FF000000C1
:10CEC400DE00000005000000980000000F000000D4
:10CED400EF0000002F000000110000008B00000094
:10CEE4005A0000000A0000006D0000001F0000004E
:10CEF4006D000000360000007E000000CF0000003E
:10CF040027000000CB00000009000000B70000006B
:10CF14004F000000460000003F00000066000000D3
:10CF24009E0000005F000000EA0000002D000000E9
:10CF34007500000027000000BA000000C7000000D0
:10CF4400EB000000E5000000F10000007B000000A1
:10CF54003D0000000700000039000000F700000059
:10CF64008A0000005200000092000000EA00000065
:10CF74006B000000FB0000005F000000B100000037
:10CF84001F0000008D0000005D000000080000008C
:10CF940056000000030000003000000046000000BE
:10CFA400FC0000007B0000006B000000AB000000F0
:10CFB400F0000000CF000000BC00000020000000D2
:10CFC4009A000000F4000000360000001D0000007C
:10CFD400A9000000E30000009100000061000000CF
:10CFE4005E000000E60000001B00000008000000D6
:10CFF4006500000099000000850000005F0000004B
:10D0040014000000A00000006800000040000000C0
:10D014008D000000FF000000D80000008000000028
:10D024004D000000730000002700000031000000E4
:10D034000600000006000000150000005600000075
:10D04400CA00000073000000A8000000C90000002E
:10D0540060000000E20000007B000000C00000004F
:10D064008C0000006B0000000400000007000000BA
:10D07400090000000000C93F0000F0390000DA3761
:10D084000000A2330000842E0000502B0000C227B1
:10D094000000D0220000C41F0000C61B000044177B
:10D0A4008071313F807131BFD1F71737D1F717B78E
:10D0B4000000003F000000BF0D0A3D3D3D2071729D
:10D0C400702D7364722D747278203D3D3D0D0A00FD
:10D0D400686561705F6C617267657374000000005D
:10D0E4000D0A00006672656564763A20000000004F
:10D0F4002052582072656164790D0A006672656574
:10D1040064763A20696E6974204641494C4544204E
:10D11400286F7574206F6620686561703F29202D23
:10D1240020617564696F2077696C6C206265207377
:10D13400696C656E740D0A00686561705F6C656684
:10D14400740000006D6F646500000000626C6F6322
:10D154006B7300006F76720072696E6700000000E6
:10D164006C6F61645F7063740000000075735F6DC1
:10D174006178000075735F66647600006164635FC4
:10D1840078313030300000007065616B5F78313089
:10D1940030300000726D735F783130303000000041
:10D1A400656E765F6D696E5F7831303030000000F7
:10D1B400656E765F6176675F7831303030000000ED
:10D1C40073796E6300000000736E725F7831300013
:10D1D4004E42464D00000000555342004C5342005D
:10D1E40046726565445620313630300046726565B6
:10D1F40044562032343030420000000046726565E7
:10D204004456203730304400467265654456203712
:10D2140030304500414D000043570000284673203C
:10D224003D3D203830303029207C7C202846732036
:10D234003D3D20313630303029000000636F646595
:10D2440063322F7372632F6E6C702E6300000000C4
:10D254006D203C3D20504D41585F4D006E6C702D4B
:10D264003E6666745F63666720213D204E554C4CD4
:10D27400000000006E6C705F737461746520213D62
:10D28400204E554C4C0000006E6C702D3E467320B1
:10D294003D3D203136303030000000006A203C3DF6
:10D2A400206E000065203E20302E3000636F6465E0
:10D2B40063322F7372632F706F737466696C746555
:10D2C400722E6300636F646563322F7372632F730E
:10D2D400696E652E630000006D6F64656C2D3E57AA
:10D2E4006F202A206D6F64656C2D3E4C203C2050CD
:10D2F4004900000063322D3E6465636F646520213C
:10D304003D204E554C4C207C7C2063322D3E646580
:10D31400636F64655F62657220213D204E554C4CFD
:10D3240000000000636F646563322F7372632F63C0
:10D334006F646563322E630063322D3E6270665FF4
:10D3440062756620213D204E554C4C0063322021ED
:10D354003D204E554C4C00006E626974203D3D20CA
:10D3640028756E7369676E656429636F64656332DB
:10D374005F626974735F7065725F6672616D652860
:10D38400633229006669666F20213D204E554C4C5E
:10D3940000000000636F646563322F7372632F6350
:10D3A4006F646563325F6669666F2E630000000018
:10D3B4006461746120213D204E554C4C00000000F6
:10D3C40066646D647620213D204E554C4C0000006F
:10D3D400636F646563322F7372632F66646D647662
:10D3E4002E6300004E63203C3D204E4300000000AD
:10D3F400662D3E72785F746573745F626974735FDF
:10D404006D656D20213D204E554C4C002873697A82
:10D41400656F6628746573745F6269747329202F5D
:10D424002073697A656F6628696E742929203E3DE8
:10D4340020662D3E6E746573745F626974730000B8
:10D44400662D3E6666745F70696C6F745F636667B1
:10D4540020213D204E554C4C000000006E696E208A
:10D464003C3D204D5F464143202B204D5F464143C8
:10D47400202F2050000000006661627366286E6FE2
:10D48400726D5F72785F74696D696E6729203C20E4
:10D49400312E300066646D64762D3E4E63203C3D33
:10D4A400204D4F44454D5F53544154535F4E435FA9
:10D4B4004D4158004673202520285262202A2032EC
:10D4C40029203D3D20300000636F646563322F7373
:10D4D40072632F666D66736B2E6300005265616C18
:10D4E40020464654206F7074696D697A6174696F5F
:10D4F4006E206D757374206265206576656E2E0AE4
:10D504000000000073742D3E73756273746174655A
:10D514002D3E696E7665727365203D3D20300000B6
:10D52400636F646563322F7372632F6B6973735F08
:10D53400666674722E63000073742D3E7375627395
:10D54400746174652D3E696E7665727365203D3D28
:10D5540020310000656E7472696573203E203000CE
:10D56400636F646563322F7372632F6D62657374C6
:10D574002E6300006D6265737420213D204E554C6E
:10D584004C0000006D626573742D3E6C69737420E9
:10D59400213D204E554C4C006E70203E3D20330002
:10D5A400636F646563322F7372632F6E6577616D89
:10D5B40070312E63000000006D6F64656C2D3E4178
:10D5C4005B6D5D20213D20302E3000006E64696D5E
:10D5D400203D3D206E6577616D703176715F6362C9
:10D5E4005B305D2E6B0000006F66646D2D3E7478B9
:10D5F4005F62706620213D204E554C4C00000000B7
:10D60400636F646563322F7372632F6F66646D2E6C
:10D61400630000006F66646D2D3E74785F6270660F
:10D624005F70726F746F20213D204E554C4C00008A
:10D634006F66646D2D3E74785F6270665F70726FA2
:10D64400746F5F6E20213D203000000064617461BE
:10D654006334000064617461633133006461746134
:10D66400633134002020745F6573743A2025346478
:10D674002074696D696E673A6D783A202566206674
:10D684006F66665F6573743A2025660A00000000C1
:10D694006F66646D2D3E72785F62706620213D2056
:10D6A4004E554C4C00000000202061765F6C65767E
:10D6B400656C3A20256620206D61783A2025662025
:10D6C40074696D696E675F6573743A2025642074AC
:10D6D400696D696E675F76616C69643A2025640AD6
:10D6E40000000000202066745F6573743A202532C0
:10D6F400642074696D696E675F6573743A202532BE
:10D70400642073616D706C655F706F696E743A202C
:10D714002532640A000000006F66646D2D3E706857
:10D724006173655F6573745F62616E647769647465
:10D7340068203D3D20686967685F627700000000EB
:10D7440070726500706F737400000000627572730C
:10D7540074000000202063745F6573743A202534DC
:10D7640064206E696E3A20253464206D783A202551
:10D77400332E326620666F66665F6573743A2025C1
:10D7840020352E31662074696D696E675F76616C31
:10D7940069643A202564202534730A006361627346
:10D7A4005F6D61783A2025662020666F66665F6546
:10D7B40073743A2025660A002020202063745F6574
:10D7C40073743A2025346420666F66665F657374EB
:10D7D4003A2025342E31662074696D696E675F7650
:10D7E400616C69643A2025642074696D696E675FB1
:10D7F4006D783A2025352E34660A000069736E610F
:10D804006E2845734E6F644229203D3D2030000050
:10D81400766F696365310000646174610000000023
:10D8240073747265616D696E67000000766F696379
:10D83400653200006F66646D20213D204E554C4CCE
:10D844000000000073746174732D3E4E63203C3DF0
:10D85400204D4F44454D5F53544154535F4E435FF5
:10D864004D41580075203D3D206F66646D2D3E6E20
:10D87400757762697473000070203D3D20286F66DF
:10D88400646D2D3E626974737065727061636B655B
:10D8940074202D206F66646D2D3E6E7577626974F9
:10D8A40073202D206F66646D2D3E6E7478746269EA
:10D8B4007473290074203D3D206F66646D2D3E6EA7
:10D8C40074787462697473006F66646D2D3E62705F
:10D8D40073203D3D2032000075203D3D204E75777C
:10D8E40073796D730000000070203D3D20284E7355
:10D8F400796D737065727061636B6574202D204E51
:10D90400757773796D73202D204E74787473796DE7
:10D914007329000074657874496E64657820213D2C
:10D92400204E554C4C0000003730304400000000BD
:10D934004852415F3131325F3131320028696E74AF
:10D9440029666C6F6F7266286F66646D2D3E667310
:10D95400202F206F66646D2D3E727329203D3D207B
:10D964006F66646D2D3E6D0021737472636D702853
:10D974006F66646D2D3E73746174655F6D61636879
:10D98400696E652C2022766F696365312229207CBB
:10D994007C2021737472636D70286F66646D2D3EF4
:10D9A40073746174655F6D616368696E652C2022B0
:10D9B400646174612229207C7C2021737472636DFC
:10D9C40070286F66646D2D3E73746174655F6D615C
:10D9D4006368696E652C2022766F6963653222293B
:10D9E400000000006F66646D2D3E6E757762697489
:10D9F40073203C3D204D41585F55575F4249545375
:10DA0400000000006F66646D2D3E70696C6F745F7A
:10DA140073616D706C657320213D204E554C4C0034
:10DA24006F66646D2D3E727862756620213D204ECE
:10DA3400554C4C006F66646D2D3E70696C6F747349
:10DA440020213D204E554C4C000000006F66646D53
:10DA54002D3E72785F73796D20213D204E554C4CDC
:10DA6400000000006F66646D2D3E72785F73796DFF
:10DA74005B695D20213D204E554C4C006F66646D02
:10DA84002D3E72785F6E7020213D204E554C4C0027
:10DA94006F66646D2D3E72785F616D7020213D204C
:10DAA4004E554C4C000000006F66646D2D3E617055
:10DAB400686173655F6573745F70696C6F745F6CC4
:10DAC4006F6720213D204E554C4C000073697A65E8
:10DAD4006F662870696C6F7476616C756573292044
:10DAE4003E3D20286F66646D2D3E6E63202B2032F0
:10DAF40029202A2073697A656F6628696E74385FF5
:10DB0400742900006F66646D2D3E75775F696E64DD
:10DB140020213D204E554C4C000000006F66646D82
:10DB24002D3E75775F696E645F73796D20213D20AA
:10DB34004E554C4C000000006C6173745F73796D3A
:10DB4400203C206F66646D2D3E6E70202A204E644A
:10DB540061746173796D737065726672616D65006D
:10DB64006F66646D2D3E74785F75775F73796D733E
:10DB740020213D204E554C4C0000000074656D7012
:10DB840020213D204E554C4C000000006F66646D12
:10DB94002D3E74785F707265616D626C6520213D05
:10DBA400204E554C4C0000006F66646D2D3E747819
:10DBB4005F706F7374616D626C6520213D204E55FA
:10DBC4004C4C00006D6F646520213D204E554C4C3B
:10DBD40000000000636F646563322F7372632F6FFC
:10DBE40066646D5F6D6F64652E630000636F6E66BF
:10DBF400696720213D204E554C4C00007374726CB3
:10DC0400656E286D6F646529203C20313600000064
:10DC140037303045000000004852415F35365F35EB
:10DC240036000000323032300000000048524162B9
:10DC34005F3339365F353034000000003230323023
:10DC44004200000071616D3136000000646174614E
:10DC540063300000485F3132385F3235365F35005B
:10DC64006461746163310000485F343039365F3871
:10DC74003139325F336400006461746163330000DE
:10DC8400485F313032345F323034385F34660000FC
:10DC9400485F3235365F3531325F340063203E3DB4
:10DCA40020302026262063203C3D203078464646FE
:10DCB40000000000636F646563322F7372632F6723
:10DCC4006F6C617932332E630000000063203E3DA7
:10DCD40020302026262063203C3D203078374646DD
:10DCE4004646460066726565647620213D204E55A1
:10DCF4004C4C0000636F646563322F7372632F664C
:10DD040072656564765F6170692E63006620213DEB
:10DD1400204E554C4C0000004644565F4D4F444540
:10DD24005F414354495645284652454544565F4D44
:10DD34004F44455F313630302C20662D3E6D6F6484
:10DD44006529207C7C204644565F4D4F44455F4105
:10DD54004354495645284652454544565F4D4F4421
:10DD6400455F373030432C20662D3E6D6F64652946
:10DD7400207C7C204644565F4D4F44455F414354CC
:10DD8400495645284652454544565F4D4F44455FE4
:10DD940032343030412C20662D3E6D6F646529206D
:10DDA4007C7C204644565F4D4F44455F4143544973
:10DDB4005645284652454544565F4D4F44455F32CB
:10DDC400343030422C20662D3E6D6F646529207CF2
:10DDD4007C204644565F4D4F44455F414354495669
:10DDE40045284652454544565F4D4F44455F3730BC
:10DDF40030442C20662D3E6D6F646529207C7C2088
:10DE04004644565F4D4F44455F4143544956452867
:10DE14004652454544565F4D4F44455F3730304583
:10DE24002C20662D3E6D6F646529207C7C20464441
:10DE3400565F4D4F44455F41435449564528465229
:10DE4400454544565F4D4F44455F323032302C20B7
:10DE5400662D3E6D6F646529207C7C204644565FA8
:10DE64004D4F44455F414354495645284652454524
:10DE740044565F4D4F44455F32303230422C206669
:10DE84002D3E6D6F64652900286E626974732025C8
:10DE9400203829203D3D2030000000006E6F75744D
:10DEA400203C3D206672656564765F6765745F6ECD
:10DEB4005F6D61785F7370656563685F73616D70D2
:10DEC4006C65732866290000202020207371656E1C
:10DED4003A202564206E6F75743A202564206465A9
:10DEE4006373703A2025640A00000000662D3E6EBC
:10DEF400696E203C3D20662D3E6E5F6D61785F6DDE
:10DF04006F64656D5F73616D706C65730000000014
:10DF140028662D3E6D6F6465203D3D204652454583
:10DF240044565F4D4F44455F3730304429207C7C54
:10DF34002028662D3E6D6F6465203D3D2046524588
:10DF44004544565F4D4F44455F3730304529000006
:10DF54006E696E203C3D20662D3E6E5F6D61785F7C
:10DF64006D6F64656D5F73616D706C657300000047
:10DF74002D2D2D2D000000002D2D2D54000000000E
:10DF84002D2D532D000000002D2D535400000000B2
:10DF94002D422D2D000000002D422D5400000000C4
:10DFA4002D42532D000000002D4253540000000068
:10DFB400452D2D2D00000000452D2D54000000009E
:10DFC400452D532D00000000452D53540000000042
:10DFD40045422D2D0000000045422D540000000054
:10DFE4004542532D000000004542535400000000F8
:10DFF4007365617263680000747269616C0000008B
:10E0040073796E6365640000662D3E66646D6476A4
:10E0140020213D204E554C4C00000000636F646588
:10E0240063322F7372632F6672656564765F31366F
:10E0340030302E6300000000662D3E66646D647609
:10E044005F6269747320213D204E554C4C000000E2
:10E05400662D3E66646D64765F74785F626974737E
:10E0640020213D204E554C4C00000000662D3E669C
:10E07400646D64765F72785F6269747320213D20F9
:10E084004E554C4C00000000662D3E636F64656382
:10E094003220213D204E554C4C000000662D3E742C
:10E0A400785F7061796C6F61645F62697473202159
:10E0B4003D204E554C4C0000662D3E72785F7061D9
:10E0C400796C6F61645F6269747320213D204E55E1
:10E0D4004C4C0000636F646563322F7372632F6668
:10E0E40072656564765F3730302E6300662D3E625C
:10E0F4006974735F7065725F6D6F64656D5F66727E
:10E10400616D65203D3D20434F4850534B5F42496C
:10E1140054535F5045525F4652414D450000000044
:10E124006F66646D5F636F6E66696720213D204E84
:10E13400554C4C00662D3E6F66646D20213D204E8B
:10E14400554C4C00662D3E6C64706320213D204E7E
:10E15400554C4C00662D3E72785F73796D732021A7
:10E164003D204E554C4C0000662D3E72785F616D2B
:10E17400707320213D204E554C4C000028662D3EE6
:10E184006C6470632D3E646174615F626974735F73
:10E194007065725F6672616D65202520636F6465CA
:10E1A40063325F626974735F7065725F6672616D1A
:10E1B4006528662D3E636F646563322929203D3DE1
:10E1C40020300000286F66646D5F636F6E66696758
:10E1D4002D3E6E73202D203129202A206F66646D18
:10E1E4005F636F6E6669672D3E6E63202A206F66DB
:10E1F400646D5F636F6E6669672D3E627073203D68
:10E204003D20662D3E6C6470632D3E636F646564CF
:10E214005F626974735F7065725F6672616D6520B9
:10E224002B206F66646D5F636F6E6669672D3E7445
:10E23400787462697473202B20662D3E6F66646D5A
:10E244005F6E757762697473000000002864656D01
:10E254006F645F696E5F69735F73686F7274203D8A
:10E264003D203029207C7C202864656D6F645F69C3
:10E274006E5F69735F73686F7274203D3D2031294E
:10E2840000000000253364206E696E3A2025346452
:10E294002073743A20252D3673206575773A20252E
:10E2A400326420253264206D663A2025326420666B
:10E2B4003A2025352E3166207062773A2025642075
:10E2C400736E723A2025342E316620657261773A76
:10E2D4002025346420656364643A2025346420690D
:10E2E4007465723A20253364207063633A202534C0
:10E2F4006420727873743A2025730A0025336420ED
:10E304006E696E3A202534642073743A20252D36C4
:10E3140073206575773A2025326420253264206D98
:10E32400663A2025326420663A2025352E3166204F
:10E334007062773A2025642020202020202020208D
:10E3440020202020202020202020202020202020C9
:10E3540020202020202020202020202020202020B9
:10E364002020202020202020202020207278737458
:10E374003A2025730A000000662D3E6465667261CA
:10E384006D657220213D204E554C4C00636F6465D1
:10E3940063322F7372632F6672656564765F66738A
:10E3A4006B2E6300662D3E66736B20213D204E5517
:10E3B4004C4C0000662D3E74785F626974732021B2
:10E3C4003D204E554C4C0000662D3E666D66736BC9
:10E3D40020213D204E554C4C0000000028667261FF
:10E3E4006D655F74797065203D3D20465245454416
:10E3F400565F5648465F4652414D455F4129207C51
:10E404007C20286672616D655F74797065203D3D7E
:10E41400204652454544565F48465F4652414D4565
:10E424005F422900636F646563322F7372632F66E2
:10E4340072656564765F7668665F6672616D696E43
:10E44400672E63006D61785F6F7574203E3D2031E7
:10E45400202626206E5F696E203D3D20310000009D
:10E46400636F646563322F7372632F7661726963BD
:10E474006F64652E6300000028636F64655F6E75CA
:10E484006D203D3D203129207C7C2028636F64650C
:10E494005F6E756D203D3D203229207C7C202863F1
:10E4A4006F64655F6E756D203D3D2033290000006B
:10E4B4006D61785F6F7574203D3D203120262620E4
:10E4C4006E5F696E203D3D2031000000635F6E6F1A
:10E4D4006465735B695D2E7375627300636F646555
:10E4E40063322F7372632F6D706465636F64655F4D
:10E4F400636F72652E630000635F6E6F6465735BA8
:10E50400636E745D2E73756273000000765F6E6FC8
:10E514006465735B695D2E73756273004465636F34
:10E524006465644269747300635F6E6F646573004D
:10E53400765F6E6F646573006C6470632D3E646116
:10E5440074615F626974735F7065725F6672616D36
:10E5540065203D3D206C6470632D3E6C6470635F88
:10E56400646174615F626974735F7065725F66721F
:10E57400616D6500636F646563322F7372632F6925
:10E584006E7465726C6470632E630000636F6465FF
:10E594005F696E64657820213D202D310000000004
:10E5A400636F646563322F7372632F6C6470635F8F
:10E5B400636F6465732E63002C2066756E637469E3
:10E5C4006F6E3A2000000000617373657274696FA6
:10E5D4006E2022257322206661696C65643A206688
:10E5E400696C6520222573222C206C696E652025B8
:10E5F40064257325730A0000232D302B20000000AE
:10E60400686C4C006566674546470000303132331C
:10E61400343536373839414243444546000000001A
:10E624003031323334353637383961626364656684
:10E6340000000000D4D101080002000000FF000027
:10E64400DCD101080002000000FF0000E0D1010855
:10E654000002000000FF0000E4D10108000F0000E8
:10E6640001000000F0D10108000F000001010000CA
:10E6740000D20108000F0000010200000CD20108C2
:10E68400000F00000103000018D20108000200007E
:10E6940000FF00001CD201080002000000FF00007F
:10E6A400E0B2FF3C00000000E0B2FFBC10F8F63F0F
:10E6B400D20470BFE0B2FF3C00000000E0B2FFBC37
:10E6C40010F8F63FD20470BFE0B2FF3C0000000037
:10E6D400E0B2FFBC10F8F63FD20470BF000610167B
:10E6E40000061016000000000102030400000000F0
:10E6F400000000000102030406070809E6A7F7A0CA
:10E7040049C382372D7D8938FE0F0439B63C11394F
:10E71400170DFC37BCB585B9CE1D3CBAFF16A7BA98
:10E72400DBADE5BA252AFABA70C7C3BAECA9AFB90A
:10E73400558FCD3A442A823BEA97D03B237A033C57
:10E744007295053C47C1C73BE148CF3AECFCA5BBF9
:10E754003DF351BCB0B6A3BC2EB5C8BCA34DC7BCD9
:10E76400F0BA93BC1174AEBB8C7A4D3CAFB7053D87
:10E7740030A64F3DF3C77C3DD6297A3DC72E3B3D9D
:10E784001B81783C006BE1BC9D2A9BBD17B2F5BD93
:10E79400D95F18BE14BA1ABE5DA3F1BD06DC37BD3D
:10E7A4008846893D3857573E104CBE3E40A6083F28
:10E7B40070742D3F03FE483F78B9573F78B9573FEF
:10E7C40003FE483F70742D3F40A6083F104CBE3EE8
:10E7D4003857573E8846893D06DC37BD5DA3F1BDF9
:10E7E40014BA1ABED95F18BE17B2F5BD9D2A9BBDD7
:10E7F400006BE1BC1B81783CC72E3B3DD6297A3D9A
:10E80400F3C77C3D30A64F3DAFB7053D8C7A4D3CF8
:10E814001174AEBBF0BA93BCA34DC7BC2EB5C8BC33
:10E82400B0B6A3BC3DF351BCECFCA5BBE148CF3A68
:10E8340047C1C73B7295053C237A033CEA97D03B1A
:10E84400442A823B558FCD3AECA9AFB970C7C3BAFD
:10E85400252AFABADBADE5BAFF16A7BACE1D3CBA33
:10E86400BCB585B9170DFC37B63C1139FE0F043918
:10E874002D7D893849C38237E6A7F7A051787F9F59
:10E88400203D1A3632E733378DDBC0371C4F003852
:10E894005E6FB0370D8091B7A7E4BAB8F30843B9F7
:10E8A40075CE94B99888B4B9BB4AA9B9D4623EB9B3
:10E8B4002DE3C638CFC0FD39CB9F703AE593A83A13
:10E8C4006682BE3A413EA93A4C163C3A5EE389B9A7
:10E8D400B7AFC8BAB7B73ABB85CF7EBBC78A8CBBC4
:10E8E400E9AB75BB33A60ABBDE500A3A0C6A7A3B25
:10E8F4001008EA3BD4C41E3CA3462E3C609D183C41
:10E904007C8CB13B2D845BBACE830DBC050088BCE6
:10E91400EDF6BBBC48EED2BC33E2BEBC0ACD6CBC47
:10E92400491A8F3A642FB93CD2FA453D14009B3DF5
:10E934008EFECF3D0E8EFB3DC8160C3ED613113E07
:10E94400C8160C3E0E8EFB3D8EFECF3D14009B3D43
:10E95400D2FA453D642FB93C491A8F3A0ACD6CBCB2
:10E9640033E2BEBC48EED2BCEDF6BBBC050088BCAD
:10E97400CE830DBC2D845BBA7C8CB13B609D183C6E
:10E98400A3462E3CD4C41E3C1008EA3B0C6A7A3BD6
:10E99400DE500A3A33A60ABBE9AB75BBC78A8CBB07
:10E9A40085CF7EBBB7B73ABBB7AFC8BA5EE389B908
:10E9B4004C163C3A413EA93A6682BE3AE593A83ADF
:10E9C400CB9F703ACFC0FD392DE3C638D4623EB92F
:10E9D400BB4AA9B99888B4B975CE94B9F30843B9B8
:10E9E400A7E4BAB80D8091B75E6FB0371C4F0038FA
:10E9F4008DDBC03732E73337203D1A3651787F9F9D
:10EA04006E6C70006E6C705F64657374726F790005
:10EA14006E6C705F63726561746500009ACB8DBA29
:10EA2400DF4990BA1D3073BAECB7DDB9D244103A5D
:10EA34008344033BDCDD723BE696A83B0341B73BD2
:10EA4400D9058D3B0676523AF5F49DBBBAC93FBC55
:10EA5400A51695BC40C2B4BCB361ABBC22DC51BCAE
:10EA6400A60E533B0298DA3C9869633D2CC1B03D35
:10EA7400451DEB3D1C060C3E683E183E683E183EA4
:10EA84001C060C3E451DEB3D2CC1B03D9869633D11
:10EA94000298DA3CA60E533B22DC51BCB361ABBCFA
:10EAA40040C2B4BCA51695BCBAC93FBCF5F49DBB25
:10EAB4000676523AD9058D3B0341B73BE696A83B0F
:10EAC400DCDD723B8344033BD244103AECB7DDB93E
:10EAD4001D3073BADF4990BA9ACB8DBAAB5F57BA7F
:10EAE40089564DBAEFF98C3ADD2A9D3AF561E7BAB9
:10EAF4006CB306BB7EBF433B40EC623BDD239FBB54
:10EB0400084BB6BB87DCF63BBC4F0C3CD09F38BCF3
:10EB1400E8D751BC4A49873C693A9B3CBA60C6BCB9
:10EB24003A12E9BCEB71163DCE0A3A3D1C827DBD1A
:10EB3400C09FB2BDDC34193EB14BE63EB14BE63E5C
:10EB4400DC34193EC09FB2BD1C827DBDCE0A3A3D65
:10EB5400EB71163D3A12E9BCBA60C6BC693A9B3CFB
:10EB64004A49873CE8D751BCD09F38BCBC4F0C3CC9
:10EB740087DCF63B084BB6BBDD239FBB40EC623B16
:10EB84007EBF433B6CB306BBF561E7BADD2A9D3A11
:10EB9400EFF98C3A89564DBAAB5F57BA706F7374FC
:10EBA40066696C746572000074776F5F7374616773
:10EBB400655F70697463685F726566696E656D65CB
:10EBC4006E7400006332636F6E73745F63726561A9
:10EBD400746500000F0000000A000000020000003D
:10EBE400636F646563325F72656275696C645F73D9
:10EBF400706172655F62697400000000636F646530
:10EC040063325F6765745F73706172655F626974B4
:10EC14005F696E6465780000636F646563325F6486
:10EC240065636F64655F373030630000636F6465EC
:10EC340063325F656E636F64655F37303063000015
:10EC4400636F646563325F6465636F64655F31330A
:10EC540030300000636F646563325F656E636F64B8
:10EC6400655F313330300000636F646563325F6425
:10EC740065636F64655F626572000000636F64655D
:10EC840063325F64657374726F790000636F6465E7
:10EC940063325F637265617465000000636F64656D
:10ECA40063325F6669666F5F7265616400000000CD
:10ECB400636F646563325F6669666F5F77726974F8
:10ECC40065000000636F646563325F6669666F5F49
:10ECD40064657374726F7900636F646563325F6631
:10ECE40069666F5F6372656174655F627566000073
:10ECF400636F646563325F6669666F5F63726561E3
:10ED04007465000066646D64765F6765745F64654E
:10ED14006D6F645F737461747300000072785F6573
:10ED240073745F74696D696E6700000072785F6563
:10ED340073745F667265715F6F66667365740000F5
:10ED440066646D64765F64657374726F7900000045
:10ED540066646D64765F63726561746500000000CB
:10ED6400000000000100000001000000000000009D
:10ED7400000000000000000001000000010000008D
:10ED8400000000000000000001000000000000007E
:10ED9400010000000000000000000000010000006D
:10EDA400000000000100000001000000000000005D
:10EDB400000000000100000001000000000000004D
:10EDC400000000000000000000000000000000003F
:10EDD400000000000000000000000000000000002F
:10EDE400000000000000000000000000000000001F
:10EDF400010000000100000001000000000000000C
:10EE040001000000010000000000000000000000FC
:10EE140001000000010000000100000000000000EB
:10EE240001000000010000000000000001000000DB
:10EE340001000000010000000100000001000000CA
:10EE440000000000000000000100000000000000BD
:10EE540000000000010000000100000001000000AB
:10EE6400000000000000000001000000010000009C
:10EE7400010000000000000000000000000000008D
:10EE8400000000000100000001000000010000007B
:10EE9400000000000000000001000000010000006C
:10EEA400010000000100000001000000000000005B
:10EEB400010000000100000001000000000000004B
:10EEC400000000000100000001000000000000003C
:10EED400010000000100000001000000010000002A
:10EEE400010000000100000001000000000000001B
:10EEF400000000000100000001000000000000000C
:10EF040001000000000000000000000000000000FC
:10EF140001000000010000000100000000000000EA
:10EF240000000000000000000000000001000000DC
:10EF340001000000010000000100000001000000C9
:10EF440000000000010000000100000000000000BB
:10EF540000000000000000000100000000000000AC
:10EF6400000000000100000000000000000000009C
:10EF7400000000000100000000000000000000008C
:10EF8400010000000000000000000000000000007C
:10EF9400000000000000000000000000000000006D
:10EFA400000000000100000001000000000000005B
:10EFB400010000000100000000000000000000004B
:10EFC400000000000100000000000000010000003B
:10EFD400010000000100000000000000010000002A
:10EFE4006B75A4BA061706BBA06502BB2FDE2B39CE
:10EFF400C8DEA03B919B213C78761E3C9FD7FBB991
:10F004001A329EBCC93314BDC3C60BBD2605593A7A
:10F01400206E8D3DC07A1C3E1D72633EE8FA7E3E32
:10F024001D72633EC07A1C3E206E8D3D2605593A02
:10F03400C3C60BBDC93314BD1A329EBC9FD7FBB9DE
:10F0440078761E3C919B213CC8DEA03B2FDE2B39F9
:10F05400A06502BB061706BB6B75A4BA23C0F037C4
:10F06400D2F2BA3788659937ACBE6E375B00303759
:10F07400591AE136504C4D365D0427B5C7D98DB6C3
:10F0840064CD03B7C7CA3FB7010A7CB759C99BB758
:10F09400729EB9B74B21D7B7A5A5F4B7A0EC08B8B1
:10F0A400737F17B881E825B8104334B8A17042B80B
:10F0B400308850B8AD6E5EB86C376CB87BCA79B81E
:10F0C400249C83B883358AB8A8B890B8971B97B89E
:10F0D400A5649DB8CE8AA3B8A693A9B8CF76AFB8D5
:10F0E4003739B5B825D3BAB80D49C0B8A193C5B856
:10F0F400F6B6CAB82EACCFB8EE76D4B8D310D9B819
:10F10400167DDDB8CEB5E1B835BEE5B86390E9B893
:10F11400902FEDB8D595F0B869C6F3B8F0BBF6B842
:10F12400A079F9B81DFAFBB88C3FFEB8152300B9D5
:10F13400CA0701B904CC01B9917002B94BF302B901
:10F144008A5503B9299503B9F5B203B996AD03B944
:10F15400538503B95B3903B9B0C902B9A83702B9F9
:10F164009C8401B972AB00B9A05CFFB84418FDB827
:10F17400818CFAB8A8B6F7B8DD98F4B8FD30F1B8C8
:10F184002B81EDB8CC87E9B8F345E5B816BBE0B8F8
:10F1940049E8DBB877CCD6B86869D1B883BECBB8B8
:10F1A4009CCDC5B8E595BFB87619B9B8B857B2B80B
:10F1B400EB52ABB8A20AA4B81F819CB800B694B8AD
:10F1C400DAAB8CB84C6284B8F2B777B86C3166B8F5
:10F1D400663654B8FBC641B8C1E82EB8099C1BB8C2
:10F1E400D9E607B86F93E7B7C195BEB75FD694B7B2
:10F1F400C6C454B77FEEFCB61A7E1BB6FFF547367D
:10F2040061040C37EE2E6737BFB0A137054AD037FB
:10F214008955FF376567173897532F38E16C47389E
:10F22400C1AB5F386A0D78382D4588388F8F943894
:10F2340029E2A038183BAD38C496B938FAF2C5387B
:10F24400574CD2389BA0DE3848ECEA38C12DF73849
:10F254005EB00139CDC107394EC90D3957C61339CE
:10F2640013B4193950931F39FB62253934212B39D2
:10F274005ECC30392063363912E33B39644B413973
:10F28400AD9946391DCD4B394CE3503925DB553901
:10F294000CB35A39AA695F39D9FC6339CB6B683925
:10F2A4009FB46C39B8D57039BFCD7439189B78398F
:10F2B4006B3C7C391BB07F39477A813957048339D9
:10F2C4004E758439A2CC8539630987392A2B88394C
:10F2D400053189396D1A8A39B5E68A3953958B39DE
:10F2E40079258C39C1968C395BE88C39C0198D39F4
:10F2F400872A8D39E2198D398DE78C39DC928C3966
:10F30400461B8C3985808B39CCC18A39F8DE893922
:10F31400A2D788391EAB87396D598639E3E1843920
:10F324007F448339B8808139D82C7F39AB0A7B3943
:10F33400A79A7639FBDB7139A8CE6C39E17167394C
:10F34400E9C5613938CA5B39CD7E553964E34E3934
:10F3540041F84739A8BD403957333939845C3139CC
:10F364008D33293972B82039F5EE17395AD70E3949
:10F37400B57205398181F738AA85E338E2F1CE38D0
:10F3840029C8B938D409A43820B88D3814AA6D38DE
:10F3940024C43E38D8C20E38AC53BB37AAF82D3734
:10F3A4005C7FF7B5A4FB6FB7288BE2B7F98927B860
:10F3B4009EC65EB8517A8BB81007A8B80106C5B8C6
:10F3C400DC73E2B84D2600B97C460FB953981EB9D8
:10F3D400F3192EB97AC93DB938A44DB992A85DB9CB
:10F3E4001DD46DB96F247EB9B14B87B900958FB91F
:10F3F40014ED97B9B552A0B96BC4A8B9DE40B1B940
:10F40400FAC6B9B92555C2B9E2E9CAB9FF83D3B975
:10F41400FF21DCB96AC2E4B9A463EDB95404F6B9B6
:10F42400DEA2FEB9C29E03BA88E907BAD0300CBA8C
:10F43400DF7310BAD3B114BAE0E918BA481B1DBA85
:10F444001B4521BAAC6625BAEA7E29BA5B8D2DBA72
:10F45400ED9031BA4A8935BA1B7539BA10583DBA9C
:10F46400002E41BA9CF044BA3FA348BA5E444CBA59
:10F47400C6D34FBA0D5053BABCB856BAAF0C5ABA29
:10F48400284B5DBA147360BAA68363BAED7B66BA7F
:10F49400F85A69BAE81F6CBADEC96EBAE95771BA8C
:10F4A4003BC973BAC11C76BABE5178BA54677ABAEA
:10F4B4007F5C7CBA61307EBA3DE27FBA88B880BA9C
:10F4C400FF6D81BA231182BA7DA182BA831E83BAE9
:10F4D400358883BAC6DD83BADE1E84BA294B84BA62
:10F4E400FA6184BAA76384BADA4E84BA3C2484BA33
:10F4F40078E283BAE38983BA7A1983BAA69182BA85
:10F5040098F181BA0C3981BABC6780BAA5FA7EBA7F
:10F5140005F37CBAEDB77ABAE34878BA5EA575BA52
:10F52400C4CC72BA8CBE6FBA3C7A6CBA6FFF68BA3C
:10F53400884D65BA346461BAF8425DBA6EE958BA66
:10F54400305754BAD58B4FBA09874ABA854845BA59
:10F55400D3CF3FBAF21C3ABA472F34BA3A072EBA7D
:10F56400B9A427BAE50621BACF2D1ABA671913BA76
:10F5740089C90BBA463E04BAD8EEF8B95CEAE8B9D0
:10F58400D36ED8B9817CC7B94413B6B98433A4B94E
:10F5940063DD91B949227EB91D9E57B9992F30B9BF
:10F5A400BDD607B90B2BBDB827B251B82DD315B7AB
:10F5B400985C0A38F5DD9E387351FA38CDC22B3980
:10F5C400253B5B39EFC78539B05F9E397B63B7391B
:10F5D40085D2D03951ABEA397976023AF5CA0F3A75
:10F5E40072521D3A550C2B3AE1F7383A4914473A0E
:10F5F400BC60553A91DC633AD786723A5FAF803A81
:10F60400BD31883AE2C98F3AD677973A983A9F3A09
:10F61400D211A73AD8FCAE3AAAFBB63A9C0DBF3A2F
:10F62400AD31C73ADD67CF3A7FAFD73AE807E03A62
:10F634006C70E83AB6E8F03AC36FF93A9F02013BBE
:10F644006854053BBDAC093B460B0E3BDA6F123BDD
:10F65400F7D9163B72491B3BF6BD1F3B0137243BD0
:10F664006AB4283B83352D3B78BA313B9D42363B07
:10F674009CCD3A3B1F5B3F3BFCEA433B867C483BCB
:10F68400930F4D3BA1A3513B5B38563B6CCD5A3B8A
:10F6940051625F3BE0F6633BC38A683B4F1D6D3BA1
:10F6A4002EAE713B343D763BE0C97A3BDE537F3B63
:10F6B40056ED813B0F2F843BC56E863B61AC883B86
:10F6C400A5E78A3B64208D3B5F568F3B8089913B45
:10F6D40086B9933B46E6953B810F983B0A359A3BA6
:10F6E400B8569C3B5F749E3BD58DA03BC2A2A23B07
:10F6F40013B3A43BB1BEA63B31C5A83B93C6AA3BFA
:10F70400ACC2AC3B26B9AE3BECA9B03BD394B23B04
:10F714009A79B43B4158B63B5E30B83B0402BA3BDD
:10F72400E0CCBB3BC590BD3B9E4DBF3B4003C13BC2
:10F7340080B1C23B3458C43B30F7C53B4A8EC73B0B
:10F744006B1DC93B69A4CA3B1923CC3B6699CD3BCD
:10F754000F07CF3B146CD03B34C8D13B9B1BD33B2E
:10F76400C865D43B7BA6D53BF3DDD63BF00BD83B39
:10F774005D30D93B254BDA3B1C5CDB3B5863DC3BFF
:10F784008360DD3BB353DE3BBC3CDF3B741BE03B9F
:10F79400EFEFE03B04BAE13B9D79E23BA42EE33B6F
:10F7A40003D9E33BBB78E43BB60DE53BDF97E53B90
:10F7B4003617E63BA58BE63B17F5E63B8C53E73B58
:10F7C40003A7E73B53EFE73BA52CE83BCF5EE83BC1
:10F7D400E685E83BD5A1E83B86B2E83B25B8E83BA3
:10F7E40086B2E83BD5A1E83BE685E83BCF5EE83B43
:10F7F400A52CE83B53EFE73B03A7E73B8C53E73BE0
:10F8040017F5E63BA58BE63B3617E63BDF97E53B72
:10F81400B60DE53BBB78E43B03D9E33BA42EE33BC5
:10F824009D79E23B04BAE13BEFEFE03B741BE03B24
:10F83400BC3CDF3BB353DE3B8360DD3B5863DC3BC6
:10F844001C5CDB3B254BDA3B5D30D93BF00BD83BF2
:10F85400F3DDD63B7BA6D53BC865D43B9B1BD33B92
:10F8640034C8D13B146CD03B0F07CF3B6699CD3BDA
:10F874001923CC3B69A4CA3B6B1DC93B4A8EC73BC9
:10F8840030F7C53B3458C43B80B1C23B4003C13B55
:10F894009E4DBF3BC590BD3BE0CCBB3B0402BA3B95
:10F8A4005E30B83B4158B63B9A79B43BD394B23BF3
:10F8B400ECA9B03B26B9AE3BACC2AC3B93C6AA3B69
:10F8C40031C5A83BB1BEA63B13B3A43BC2A2A23B25
:10F8D400D58DA03B5F749E3BB8569C3B0A359A3B42
:10F8E400810F983B46E6953B86B9933B8089913BD3
:10F8F4005F568F3B64208D3BA5E78A3B61AC883B18
:10F90400C56E863B0F2F843B56ED813BDE537F3B18
:10F91400E0C97A3B343D763B2EAE713B4F1D6D3BC7
:10F92400C38A683BE0F6633B51625F3B6CCD5A3B54
:10F934005B38563BA1A3513B930F4D3B867C483B20
:10F94400FCEA433B1F5B3F3B9CCD3A3B9D42363B2D
:10F9540078BA313B83352D3B6AB4283B0137243BCD
:10F96400F6BD1F3B72491B3BF7D9163BDA6F123BBE
:10F97400460B0E3BBDAC093B6854053B9F02013B63
:10F98400C36FF93AB6E8F03A6C70E83AE807E03A3F
:10F994007FAFD73ADD67CF3AAD31C73A9C0DBF3A56
:10F9A400AAFBB63AD8FCAE3AD211A73A983A9F3A93
:10F9B400D677973AE2C98F3ABD31883A5FAF803A39
:10F9C400D786723A91DC633ABC60553A4914473A97
:10F9D400E1F7383A550C2B3A72521D3AF5CA0F3AF0
:10F9E4007976023A51ABEA3985D2D0397B63B7399B
:10F9F400B05F9E39EFC78539253B5B39CDC22B39C2
:10FA04007351FA38F5DD9E38985C0A382DD315B752
:10FA140027B251B80B2BBDB8BDD607B9992F30B951
:10FA24001D9E57B949227EB963DD91B98433A4B9C7
:10FA34004413B6B9817CC7B9D36ED8B95CEAE8B9C6
:10FA4400D8EEF8B9463E04BA89C90BBA671913BA95
:10FA5400CF2D1ABAE50621BAB9A427BA3A072EBAA5
:10FA6400472F34BAF21C3ABAD3CF3FBA854845BAC5
:10FA740009874ABAD58B4FBA305754BA6EE958BA87
:10FA8400F8425DBA346461BA884D65BA6FFF68BAEA
:10FA94003C7A6CBA8CBE6FBAC4CC72BA5EA575BA25
:10FAA400E34878BAEDB77ABA05F37CBAA5FA7EBA18
:10FAB400BC6780BA0C3981BA98F181BAA69182BA2E
:10FAC4007A1983BAE38983BA78E283BA3C2484BA84
:10FAD400DA4E84BAA76384BAFA6184BA294B84BA29
:10FAE400DE1E84BAC6DD83BA358883BA831E83BA20
:10FAF4007DA182BA231182BAFF6D81BA88B880BA17
:10FB04003DE27FBA61307EBA7F5C7CBA54677ABAD0
:10FB1400BE5178BAC11C76BA3BC973BAE95771BAF7
:10FB2400DEC96EBAE81F6CBAF85A69BAED7B66BAD8
:10FB3400A68363BA147360BA284B5DBAAF0C5ABA81
:10FB4400BCB856BA0D5053BAC6D34FBA5E444CBA79
:10FB54003FA348BA9CF044BA002E41BA10583DBAAB
:10FB64001B7539BA4A8935BAED9031BA5B8D2DBA15
:10FB7400EA7E29BAAC6625BA1B4521BA481B1DBAD0
:10FB8400E0E918BAD3B114BADF7310BAD0300CBAA2
:10FB940088E907BAC29E03BADEA2FEB95404F6B9D4
:10FBA400A463EDB96AC2E4B9FF21DCB9FF83D3B918
:10FBB400E2E9CAB92555C2B9FAC6B9B9DE40B1B944
:10FBC4006BC4A8B9B552A0B914ED97B900958FB913
:10FBD400B14B87B96F247EB91DD46DB992A85DB9B4
:10FBE40038A44DB97AC93DB9F3192EB953981EB941
:10FBF4007C460FB94D2600B9DC73E2B80106C5B8DE
:10FC04001007A8B8517A8BB89EC65EB8F98927B890
:10FC1400288BE2B7A4FB6FB75C7FF7B5AAF82D3742
:10FC2400AC53BB37D8C20E3824C43E3814AA6D383E
:10FC340020B88D38D409A43829C8B938E2F1CE38AF
:10FC4400AA85E3388181F738B57205395AD70E3958
:10FC5400F5EE173972B820398D332939845C31397E
:10FC640057333939A8BD403941F8473964E34E392F
:10FC7400CD7E553938CA5B39E9C56139E1716739D7
:10FC8400A8CE6C39FBDB7139A79A7639AB0A7B397C
:10FC9400D82C7F39B88081397F448339E3E18439B2
:10FCA4006D5986391EAB8739A2D78839F8DE893970
:10FCB400CCC18A3985808B39461B8C39DC928C39CE
:10FCC4008DE78C39E2198D39872A8D39C0198D3920
:10FCD4005BE88C39C1968C3979258C3953958B39ED
:10FCE400B5E68A396D1A8A39053189392A2B88395A
:10FCF40063098739A2CC85394E7584395704833911
:10FD0400477A81391BB07F396B3C7C39189B783931
:10FD1400BFCD7439B8D570399FB46C39CB6B6839A1
:10FD2400D9FC6339AA695F390CB35A3925DB5539D3
:10FD34004CE350391DCD4B39AD994639644B4139AB
:10FD440012E33B39206336395ECC303934212B3908
:10FD5400FB62253950931F3913B4193957C6133927
:10FD64004EC90D39CDC107395EB00139C12DF738FF
:10FD740048ECEA389BA0DE38574CD238FAF2C53842
:10FD8400C496B938183BAD3829E2A0388F8F94381F
:10FD94002D4588386A0D7838C1AB5F38E16C473837
:10FDA40097532F38656717388955FF37054AD03779
:10FDB400BFB0A137EE2E673761040C37FFF5473625
:10FDC4001A7E1BB67FEEFCB6C6C454B75FD694B792
:10FDD400C195BEB76F93E7B7D9E607B8099C1BB8BE
:10FDE400C1E82EB8FBC641B8663654B86C3166B863
:10FDF400F2B777B84C6284B8DAAB8CB800B694B872
:10FE04001F819CB8A20AA4B8EB52ABB8B857B2B8D9
:10FE14007619B9B8E595BFB89CCDC5B883BECBB843
:10FE24006869D1B877CCD6B849E8DBB816BBE0B876
:10FE3400F345E5B8CC87E9B82B81EDB8FD30F1B8CE
:10FE4400DD98F4B8A8B6F7B8818CFAB84418FDB8B0
:10FE5400A05CFFB872AB00B99C8401B9A83702B9A1
:10FE6400B0C902B95B3903B9538503B996AD03B977
:10FE7400F5B203B9299503B98A5503B94BF302B90D
:10FE8400917002B904CC01B9CA0701B9152300B9AC
:10FE94008C3FFEB81DFAFBB8A079F9B8F0BBF6B8F0
:10FEA40069C6F3B8D595F0B8902FEDB86390E9B86A
:10FEB40035BEE5B8CEB5E1B8167DDDB8D310D9B8F6
:10FEC400EE76D4B82EACCFB8F6B6CAB8A193C5B8FE
:10FED4000D49C0B825D3BAB83739B5B8CF76AFB85D
:10FEE400A693A9B8CE8AA3B8A5649DB8971B97B862
:10FEF400A8B890B883358AB8249C83B87BCA79B8EB
:10FF04006C376CB8AD6E5EB8308850B8A17042B82A
:10FF1400104334B881E825B8737F17B8A0EC08B84B
:10FF2400A5A5F4B74B21D7B7729EB9B759C99BB7EA
:10FF3400010A7CB7C7CA3FB764CD03B7C7D98DB62A
:10FF44005D0427B5504C4D36591AE1365B00303705
:10FF5400ACBE6E3788659937D2F2BA37AB5F57BA01
:10FF640089564DBAEFF98C3ADD2A9D3AF561E7BA24
:10FF74006CB306BB7EBF433B40EC623BDD239FBBBF
:10FF8400084BB6BB87DCF63BBC4F0C3CD09F38BC5F
:10FF9400E8D751BC4A49873C693A9B3CBA60C6BC25
:10FFA4003A12E9BCEB71163DCE0A3A3D1C827DBD86
:10FFB400C09FB2BDDC34193EB14BE63EB14BE63EC8
:10FFC400DC34193EC09FB2BD1C827DBDCE0A3A3DD1
:10FFD400EB71163D3A12E9BCBA60C6BC693A9B3C67
:10FFE4004A49873CE8D751BCD09F38BCBC4F0C3C35
:0CFFF40087DCF63B084BB6BBDD239FBB4F
:020000040802F0
:1000000040EC623B7EBF433B6CB306BBF561E7BA95
:10001000DD2A9D3AEFF98C3A89564DBAAB5F57BA53
:1000200000000000D4C2CA378AC1CA386C176439CC
:1000300085BCCA395B601E3AAC0A643AC32D9B3A50
:1000400085A8CA3A223A003BD4471E3BAD7C3F3BD1
:10005000D6D7633B3CAC853BC9FE9A3BFCE2B13B47
:100060003E58CA3B0E5EE43BC1F3FF3B558C0E3C51
:1000700005E61D3CA4062E3C7CED3E3CB89A503C67
:10008000160D633C0145763C9C20853CDC808F3C12
:100090000D439A3CC266A53CC6EBB03CADD1BC3C1E
:1000A0007818C93C85BFD53C9FC6E23C902DF03CFA
:1000B000ECF3FD3CBF0C063DD34E0D3D16C0143D88
:1000C0006E601C3D8A2F243D502D2C3D8959343DB6
:1000D000E5B33C3D653C453D9CF24D3D71D6563DFA
:1000E000ACE75F3DFF25693D4D91723D2B297C3D7D
:1000F000CDF6823D25EF873D67FD8C3D9321923DF6
:10010000665B973DE1AA9C3DDA0FA23D1D8AA73DA3
:100110008E19AD3D20BEB23D9077B83DD145BE3D74
:10012000AC28C43D0720CA3DC72BD03D664BD63D09
:10013000787FDC3D75C7E23DD922E93D2992EF3D4C
:100140005914F63D76AAFC3DB9A9013EA707053E24
:10015000C16E083E4CDF0B3E47590F3E2BDC123E72
:10016000F967163EF4FC193ED89A1D3E6341213EC4
:1001700095F0243E6DA8283EA9682C3E4831303EBB
:100180004B02343EB1DB373EF5BC3B3E59A63F3E09
:100190009A97433EB890473EB4914B3E4A9A4F3EA1
:1001A00037AA533EBEC1573E9CE05B3E8E06603E82
:1001B000D733643EF167683E1EA36C3E1DE5703E7A
:1001C000AA2D753E077D793EAFD27D3E7217813EE6
:1001D000B248833EF67C853E3EB4873E89EE893E3A
:1001E000D82B8C3EE86B8E3EDAAE903E6BF4923E9E
:1001F000DE3C953ECF87973E5ED5993E8D259C3E51
:1002000018789E3E21CDA03E8524A33E247EA53EA7
:10021000FDD9A73E1138AA3E5F98AC3EA4FAAE3E87
:10022000E15EB13E15C5B33E412DB63E2097B83EC6
:10023000D602BB3E3F70BD3E5DDFBF3EEC4FC23ECF
:100240000DC2C43EC235C73EC5AAC93E3A21CC3E06
:10025000DD98CE3EAE11D13ECE8BD33EFB06D63ED0
:100260003483D83E5800DB3E677EDD3E61FDDF3ED5
:10027000037DE23E8FFDE43EA27EE73E5C00EA3E67
:10028000BF82EC3E8505EF3EB188F13E200CF43E86
:100290001590F63E0A14F93E6398FB3EBD1CFE3EE7
:1002A0008B50003FB892013FE5D4023F0117043F55
:1002B000FB58053FD49A063F7BDC073F001E093FF1
:1002C000425F0A3F40A00B3FFCE00C3F64210E3F21
:1002D00078610F3F16A1103F61E0113F361F133FB9
:1002E000855D143F5F9B153FB2D8163F6E15183FD2
:1002F0009351193F118D1A3FF7C71B3F25021D3F30
:100300009B3B1E3F47741F3F3BAC203F54E3213FC4
:10031000A419233F094F243F8483253F24B7263F58
:10032000C9E9273F611B293FFD4B2A3F9E7B2B3F9D
:1003300011AA2C3F77D72D3FC0032F3FDC2E303F33
:10034000B858313F6781323FD6A8333F07CF343F9B
:10035000D8F3353F5917373F7A39383F3A5A393F42
:100360009A793A3F78973B3FE5B33C3FD1CE3D3F4A
:1003700029E83E3F0000403F4416413FE52A423F06
:10038000E23D433F2B4F443FD05E453FC26C463F6A
:10039000EE78473F5683483FE78B493FB4924A3F48
:1003A000AB974B3FBB9A4C3FE59B4D3F289B4E3F45
:1003B00085984F3FD993503F268D513F7B84523FC4
:1003C000C879533FFD6C543F295E553F2B4D563F36
:1003D000043A573FC424583F4A0D593FA5F3593FAB
:1003E000C7D75A3F9DB95B3F39995C3F8A765D3FDD
:1003F0007E515E3F282A5F3F7500603F56D4603FC4
:10040000DBA5613F0475623FAF41633FDD0B643F95
:100410009ED3643FE198653F965B663FCE1B673F86
:1004200066D9673F8194683FFD4C693FDA026A3FB5
:1004300017B66A3FB6666B3FA5146C3FF4BF6C3FBE
:1004400083686D3F630E6E3F92B16E3F00526F3F07
:100450009EEF6F3F8B8A703FA722713FF1B7713FCC
:100460006B4A723F12DA723FE866733FDCF0733F0B
:10047000EE77743F1EFC743F7C7D753FD7FB753F64
:100480006077763FE5EF763F8865773F27D8773FFF
:10049000D447783F8DB4783F431E793F0685793F36
:1004A000B4E8793F6F497A3F16A77A3FB8017B3F9E
:1004B00058597B3FE2AD7B3F58FF7B3FBA4D7C3FB5
:1004C00018997C3F50E17C3F74267D3F83687D3FD7
:1004D0007EA77D3F54E37D3F151C7E3FB1517E3F9B
:1004E00027847E3F89B37E3FB5DF7E3FCC087F3FC8
:1004F000BE2E7F3F7A517F3F22717F3FA48D7F3F89
:10050000F0A67F3F16BD7F3F18D07F3FF4DF7F3FCF
:100510009AEC7F3F1BF67F3F76FC7F3F9BFF7F3F40
:100520009BFF7F3F76FC7F3F1BF67F3F9AEC7F3F30
:10053000F4DF7F3F18D07F3F16BD7F3FF0A67F3F9F
:10054000A48D7F3F22717F3F7A517F3FBE2E7F3F38
:10055000CC087F3FB5DF7E3F89B37E3F27847E3F57
:10056000B1517E3F151C7E3F54E37D3F7EA77D3F0A
:1005700083687D3F74267D3F50E17C3F18997C3F26
:10058000BA4D7C3F58FF7B3FE2AD7B3F58597B3FE4
:10059000B8017B3F16A77A3F6F497A3FB4E8793FAD
:1005A0000685793F431E793F8DB4783FD447783F25
:1005B00027D8773F8865773FE5EF763F6077763FCE
:1005C000D7FB753F7C7D753F1EFC743FEE77743F13
:1005D000DCF0733FE866733F12DA723F6B4A723F9A
:1005E000F1B7713FA722713F8B8A703F9EEF6F3F3B
:1005F00000526F3F92B16E3F630E6E3F83686D3F56
:10060000F4BF6C3FA5146C3FB6666B3F17B66A3FEC
:10061000DA026A3FFD4C693F8194683F66D9673FC3
:10062000CE1B673F965B663FE198653F9ED3643F74
:10063000DD0B643FAF41633F0475623FDBA5613F63
:1006400056D4603F7500603F282A5F3F7E515E3F71
:100650008A765D3F39995C3F9DB95B3FC7D75A3F6A
:10066000A5F3593F4A0D593FC424583F043A573F18
:100670002B4D563F295E553FFD6C543FC879533F83
:100680007B84523F268D513FD993503F85984F3FF1
:10069000289B4E3FE59B4D3FBB9A4C3FAB974B3F52
:1006A000B4924A3FE78B493F5683483FEE78473F35
:1006B000C26C463FD05E453F2B4F443FE23D433F37
:1006C000E52A423F4416413F0000403F29E83E3FB3
:1006D000D1CE3D3FE5B33C3F78973B3F9A793A3FD7
:1006E0003A5A393F7A39383F5917373FD8F3353FAF
:1006F00007CF343FD6A8333F6781323FB858313FE8
:10070000DC2E303FC0032F3F77D72D3F11AA2C3F5F
:100710009E7B2B3FFD4B2A3F611B293FC9E9273FA9
:1007200024B7263F8483253F094F243FA419233F44
:1007300054E3213F3BAC203F47741F3F9B3B1E3F90
:1007400025021D3FF7C71B3F118D1A3F9351193FDB
:100750006E15183FB2D8163F5F9B153F855D143F5D
:10076000361F133F61E0113F16A1103F78610F3F24
:1007700064210E3FFCE00C3F40A00B3F425F0A3F6C
:10078000001E093F7BDC073FD49A063FFB58053F1C
:100790000117043FE5D4023FB892013F8B50003F60
:1007A000BD1CFE3E6398FB3E0A14F93E1590F63ED2
:1007B000200CF43EB188F13E8505EF3EBF82EC3E51
:1007C0005C00EA3EA27EE73E8FFDE43E037DE23E12
:1007D00061FDDF3E677EDD3E5800DB3E3483D83E60
:1007E000FB06D63ECE8BD33EAE11D13EDD98CE3E3B
:1007F0003A21CC3EC5AAC93EC235C73E0DC2C43E51
:10080000EC4FC23E5DDFBF3E3F70BD3ED602BB3EF9
:100810002097B83E412DB63E15C5B33EE15EB13ED0
:10082000A4FAAE3E5F98AC3E1138AA3EFDD9A73E71
:10083000247EA53E8524A33E21CDA03E18789E3E71
:100840008D259C3E5ED5993ECF87973EDE3C953EFA
:100850006BF4923EDAAE903EE86B8E3ED82B8C3E27
:1008600089EE893E3EB4873EF67C853EB248833EA3
:100870007217813EAFD27D3E077D793EAA2D753E2F
:100880001DE5703E1EA36C3EF167683ED733643EA3
:100890008E06603E9CE05B3EBEC1573E37AA533E8B
:1008A0004A9A4F3EB4914B3EB890473E9A97433E8A
:1008B00059A63F3EF5BC3B3EB1DB373E4B02343ED2
:1008C0004831303EA9682C3E6DA8283E95F0243E64
:1008D0006341213ED89A1D3EF4FC193EF967163E4D
:1008E0002BDC123E47590F3E4CDF0B3EC16E083EDB
:1008F000A707053EB9A9013E76AAFC3D5914F63D6D
:100900002992EF3DD922E93D75C7E23D787FDC3D74
:10091000664BD63DC72BD03D0720CA3DAC28C43D11
:10092000D145BE3D9077B83D20BEB23D8E19AD3D5C
:100930001D8AA73DDA0FA23DE1AA9C3D665B973D6B
:100940009321923D67FD8C3D25EF873DCDF6823D9D
:100950002B297C3D4D91723DFF25693DACE75F3D04
:1009600071D6563D9CF24D3D653C453DE5B33C3D61
:100970008959343D502D2C3D8A2F243D6E601C3DFD
:1009800016C0143DD34E0D3DBF0C063DECF3FD3CAF
:10099000902DF03C9FC6E23C85BFD53C7818C93C01
:1009A000ADD1BC3CC6EBB03CC266A53C0D439A3C05
:1009B000DC808F3C9C20853C0145763C160D633CD9
:1009C000B89A503C7CED3E3CA4062E3C05E61D3C0E
:1009D000558C0E3CC1F3FF3B0E5EE43B3E58CA3BD8
:1009E000FCE2B13BC9FE9A3B3CAC853BD6D7633BAE
:1009F000AD7C3F3BD4471E3B223A003B85A8CA3A18
:100A0000C32D9B3AAC0A643A5B601E3A85BCCA3976
:100A10006C1764398AC1CA38D4C2CA3700000000D2
:100A2000666D66736B5F63726561746500000000DC
:100A30006B6973735F666674726900006B697373C8
:100A40005F666674720000006D626573745F646552
:100A50007374726F790000006D626573745F637206
:100A60006561746500000000000000410000204145
:100A70000000404100006041000060410000604112
:100A800000006041000060410000604100006041E2
:100A900000006041000060410000604100006041D2
:100AA00000006041000060410000604100006041C2
:100AB000000060410000A0C164657465726D696EDC
:100AC000655F706861736500726174655F4B5F6D2F
:100AD000626573745F656E636F646500696E7465EB
:100AE00072705F70617261006F66646D5F657874CB
:100AF000726163745F7577006F66646D5F646973BC
:100B0000617373656D626C655F7170736B5F6D6F40
:100B100064656D5F7061636B65745F776974685F4E
:100B2000746578745F616D70730000006F66646D4A
:100B30005F6765745F64656D6F645F737461747320
:100B4000000000006F66646D5F65736E6F5F6573B4
:100B5000745F63616C6300006F66646D5F64656DF4
:100B60006F645F636F7265006573745F6672657151
:100B70005F6F66667365745F70696C6F745F636FD7
:100B8000727200006F66646D5F73796E635F736588
:100B9000617263685F636F72650000006F66646D09
:100BA0005F68696C626572745F636C6970706572AE
:100BB00000000000616C6C6F636174655F72785F48
:100BC00062706600616C6C6F636174655F74785FFE
:100BD000627066006F66646D5F6372656174650064
:100BE000FFFF0101FFFFFF01FF01FF010101010103
:100BF000010101FFFF01FF01FF01010101010101ED
:100C0000010101FF0101010101FFFFFFFFFFFF01E2
:100C1000FF01FF01FFFF01FF01010101FF01FF01D2
:100C20000000803F00000000000000000000803F46
:100C300000000000000080BF000080BF0000000036
:100C40000000803F00000080B1DF7F3FD2A800BDE0
:100C5000B37E7F3F919880BD27DD7E3FB2BBC0BD94
:100C600040FB7D3F4B5700BE1FD97C3F3C3020BE30
:100C700029777B3FCEE03FBEB2D5793FE1605FBED2
:100C80000EF5773F97A87EBED4D5753FE9D78EBEC7
:100C90007978733F7A379EBE94DD703F116FADBE99
:100CA000CD056E3FE17ABCBEFEF16A3FFC56CBBE7D
:100CB000BEA2673FB5FFD9BE0919643F8271E8BE85
:100CC000A855603F76A8F6BE96595C3F835002BF98
:100CD000E125583FF52B09BF95BB533FACE40FBF4F
:100CE000BD1B4F3F147916BF99474A3F79E71CBF98
:100CF0005740453F382E23BF4607403FBE4B29BFD4
:100D0000B69D3A3F793E2FBFF704353FF70435BF14
:100D1000793E2F3FB69D3ABFBE4B293F460740BFA5
:100D2000382E233F574045BF79E71C3F99474ABFBC
:100D30001479163FBD1B4FBFACE40F3F95BB53BFAB
:100D4000F52B093FE12558BF8350023F96595CBF00
:100D500076A8F63EA85560BF6171E83E091964BFE8
:100D6000B5FFD93EBEA267BFFC56CB3EFEF16ABFBF
:100D7000E17ABC3ECD056EBF116FAD3E94DD70BF14
:100D80007A379E3E797873BFE9D78E3ED4D575BF4A
:100D900097A87E3E0EF577BFE1605F3EB2D579BF82
:100DA000CEE03F3E29777BBF3C30203E1FD97CBF41
:100DB0004B57003E40FB7DBFB2BBC03D27DD7EBF31
:100DC0000B98803DB37E7FBFD2A8003DB1DF7FBFCF
:100DD00000000080000080BFD2A800BDB1DF7FBF4F
:100DE000919880BDB37E7FBFB2BBC0BD27DD7EBF03
:100DF0004B5700BE40FB7DBF7F3020BE1FD97CBF5C
:100E0000CEE03FBE29777BBFE1605FBEB2D579BF40
:100E100097A87EBE0EF577BFE9D78EBED4D575BF35
:100E20007A379EBE687873BF116FADBE94DD70BF18
:100E3000E17ABCBECD056EBFFC56CBBEFEF16ABFEB
:100E4000B5FFD9BEBEA267BF8271E8BEF81864BF05
:100E500076A8F6BEA85560BF945002BF96595CBFF5
:100E6000F52B09BFE12558BFBDE40FBF84BB53BFBD
:100E7000147916BFBD1B4FBF79E71CBF99474ABF06
:100E8000382E23BF574045BFBE4B29BF460740BF42
:100E9000793E2FBFA69D3ABFF70435BFF70435BF93
:100EA000B69D3ABF793E2FBF460740BFBE4B29BF14
:100EB000574045BF382E23BF99474ABF79E71CBF2B
:100EC000BD1B4FBF147916BF95BB53BFACE40FBF1A
:100ED000E12558BFF52B09BF96595CBF835002BF6F
:100EE000A85560BF76A8F6BE091964BF6171E8BE57
:100EF000BEA267BFB5FFD9BEFEF16ABFFC56CBBE2E
:100F0000DE056EBFC07ABCBE94DD70BF116FADBE92
:100F1000797873BF7A379EBED4D575BFE9D78EBEB8
:100F20000EF577BF97A87EBEB2D579BFE1605FBEF0
:100F300029777BBFCEE03FBE1FD97CBF3C3020BEAF
:100F400040FB7DBF4B5700BE27DD7EBFB2BBC0BD9F
:100F5000B37E7FBF0B9880BDB1DF7FBFD2A800BD3D
:100F6000000080BF00000000B1DF7FBFD2A8003DBD
:100F7000B37E7FBF9198803D27DD7EBFB2BBC03D71
:100F800040FB7DBF4B57003E1FD97CBF7F30203ECA
:100F900029777BBFCEE03F3EB2D579BFE1605F3EAF
:100FA0000EF577BF97A87E3ED4D575BFE9D78E3EA4
:100FB000687873BF7A379E3E94DD70BF116FAD3E87
:100FC000CD056EBFE17ABC3EFEF16ABFFC56CB3E5A
:100FD000BEA267BFD6FFD93EF81864BF8271E83E53
:100FE000A85560BF76A8F63E96595CBF9450023F64
:100FF000E12558BFF52B093F95BB53BFACE40F3F2C
:10100000BD1B4FBF1479163F99474ABF79E71C3F74
:10101000574045BF382E233F460740BFBE4B293FB0
:10102000B69D3ABF793E2F3FF70435BFF704353FF1
:10103000793E2FBFB69D3A3FBE4B29BF4607403F82
:10104000382E23BF5740453F79E71CBF99474A3F99
:10105000147916BFBD1B4F3FACE40FBF95BB533F88
:10106000F52B09BFE125583F835002BF96595C3FDD
:1010700054A8F6BEA855603F6171E8BE0919643FE7
:10108000B5FFD9BEBEA2673FFC56CBBEFEF16A3F9C
:10109000C07ABCBEDE056E3F116FADBE94DD703F01
:1010A0007A379EBE7978733FE9D78EBED4D5753F27
:1010B00097A87EBE0EF5773FE1605FBEB2D5793F5F
:1010C000CEE03FBE29777B3F3C3020BE1FD97C3F1E
:1010D0004B5700BE40FB7D3FB2BBC0BD27DD7E3F0E
:1010E0000B9880BDB37E7F3FC6A700BDB1DF7F3FB9
:1010F000000000000000803FD2A8003DB1DF7F3F2C
:101100009198803DB37E7F3FB2BBC03D27DD7E3FDF
:101110004B57003E40FB7D3F7F30203E1FD97C3F38
:10112000CEE03F3E29777B3FE1605F3EB2D5793F1D
:1011300097A87E3E0EF5773FE9D78E3ED4D5753F12
:101140007A379E3E6878733F116FAD3E94DD703FF5
:10115000E17ABC3ECD056E3FFC56CB3EFEF16A3FC8
:10116000B5FFD93EBEA2673F8271E83EF818643FE2
:1011700076A8F63EA855603F9450023F96595C3FD2
:10118000F52B093FE125583FBDE40F3F84BB533F9A
:101190001479163FBD1B4F3F79E71C3F99474A3FE3
:1011A000382E233F5740453FBE4B293F4607403F1F
:1011B000793E2F3FA69D3A3FF704353FF704353F70
:1011C000B69D3A3F793E2F3F4607403FBE4B293FF1
:1011D0005740453F382E233F99474A3F79E71C3F08
:1011E000BD1B4F3F1479163F95BB533FACE40F3FF7
:1011F000E125583FE52B093F96595C3F8350023F5C
:10120000A855603F54A8F63E0919643F6171E83E55
:10121000BEA2673FB5FFD93EFEF16A3FDA56CB3E2C
:10122000DE056E3FC07ABC3E94DD703FF06EAD3E91
:101230007978733F58379E3ED4D5753FE9D78E3EB7
:101240000EF5773F54A87E3EB2D5793FE1605F3E10
:1012500029777B3FCEE03F3E1FD97C3F3C30203E8C
:1012600040FB7D3F4B57003E27DD7E3FB2BBC03D7C
:10127000B37E7F3F0B98803DB1DF7F3FD2A8003D1A
:101280006F66646D5F696E69745F6D6F64650000A1
:10129000676F6C617932335F6465636F646500000A
:1012A0000000000001000000020000000300000038
:1012B0000400000005000000060000000700000018
:1012C00008000000090000000A0000000B000000F8
:1012D0000C0000000D0000000E0000002040020085
:1012E00010000000110000001200000013000000B8
:1012F000140000001500000016000000002041004E
:1013000018000000190000001A0000000008180072
:101310001C00000000032000408004008014000036
:101320002000000021000000220000002300000037
:1013300024000000250000002600000008400200F4
:1013400028000000290000002A00000004400200DC
:101350002C00000002400200014002000040020098
:1013600030000000310000003200000080810000E9
:1013700034000000400C00000010300000020C009F
:10138000380000000030040000064000400021004A
:101390008000090000805000002900001040020079
:1013A0004000000041000000420000004300000037
:1013B00044000000450000004600000080002800B6
:1013C00048000000490000004A000000002500001D
:1013D0004C0000000010110010800400000A4000C2
:1013E00050000000510000005200000000120200F6
:1013F00054000000200C0000088004000041100090
:1014000058000000804040000480040020002100BB
:101410000280040000200A00008004000180040013
:101420006000000061000000620000000000540045
:1014300064000000100C00000003010000B0000078
:1014400068000000008208008018000010002100E1
:1014500000206000800104000004180040400200E9
:1014600070000000040C000000600800080021006B
:10147000010C0000000C000080004200020C000083
:1014800000011200020021000100210000002100E3
:1014900000520000080C000020800400040021001D
:1014A0008000000081000000820000008300000036
:1014B0008400000085000000860000004000280035
:1014C00088000000890000008A000000000205007A
:1014D0008C00000000A80000000150001014000063
:1014E00090000000910000009200000020810000A8
:1014F0009400000000001600004A000008140000DC
:101500009800000040404000002022000414000029
:101510002000090002140000011400000014000063
:10152000A0000000A1000000A20000001081000047
:10153000A400000000124000002404000008110074
:10154000A8000000000430004018000000204800FF
:1015500010000900400104000082200080400200C9
:10156000B000000002810000018100000081000045
:1015700008000900006020004000420004810000D3
:1015800004000900000A0200004014000881000065
:1015900000000900010009000200090020140000F9
:1015A000C0000000C1000000C200000004002800CC
:1015B000C4000000020028000100280000002800EC
:1015C000C8000000104040002018000000801200F9
:1015D000000602002001040000600100080028004D
:1015E000D000000008404000000411000028040062
:1015F000003100000082010020004200100028009D
:10160000014040000040400000030800024040004C
:1016100000083000044040008080040040140000B6
:10162000E000000000200300081800000046000051
:1016300000C0100008010400100042002000280033
:101640000218000004010400001800000118000046
:10165000010104000001040004180000020104005C
:101660000002240000101800040042004081000025
:1016700002004200800C0000000042000100420015
:1016800000A400002040400010180000800021004D
:101690004000090010010400080042000022100070
:1016A0000001000001010000020100000301000030
:1016B00004010000050100000601000000180400FC
:1016C00008010000090100000A0100004024000098
:1016D0000C01000010022000800050000080090072
:1016E000100100001101000012010000A0800000A4
:1016F000140100000802200000040A00404010000D
:101700001801000004022000005001000000460003
:101710000102200000022000202800000202200018
:101720002001000021010000220100009080000043
:1017300024010000002018004002010000046000A5
:10174000280100000008410000002C0000121000D9
:1017500000940000C00004001028000000410200B6
:101760003001000082800000818000008080000045
:10177000004044000010030008280000848000009E
:101780004000120000440800042800008880000087
:10179000022800002002200000280000012800008C
:1017A0004001000041010000420100000824000047
:1017B000440100000080420020020100104010009F
:1017C0004801000002240000012400000024000061
:1017D00000480800A00004000010220004240000BB
:1017E0005001000000000D000008600004401000DF
:1017F0008030000002401000014010000040100046
:101800002000120000980000800208001024000050
:101810000004410040022000008104000840100044
:1018200060010000005020000402010000080A00CE
:101830000202010088000400000201000102010010
:10184000100012008400040000C0400020240000AA
:1018500081000400800004000802010082000400EE
:10186000080012000022400000140400C0800000A4
:1018700000802800000D0000100201002040100030
:1018800000001200010012000200120000012100FD
:1018900004001200900004004028000000104800DE
:1018A0008001000081010000820100003080000002
:1018B00084010000004401000800500000220200E2
:1018C0008801000000100A000400500000482000B9
:1018D00002005000600004000000500001005000B1
:1018E0009001000022800000218000002080000084
:1018F000403000000008480000002500248000005F
:10190000000C0400002011004002080028800000A4
:1019100000C00200800220001000500000150000EE
:10192000A001000012800000118000001080000063
:101930000008220048000400005008001480000045
:10194000006200004400040000040300188000004E
:101950004100040040000400200050004200040048
:101960000380000002800000018000000080000071
:1019700000061000068000000580000004800000C2
:10198000001060000A80000009800000088000004C
:101990000001090050000400802800000C800000B5
:1019A000C0010000000A10000040060000104100C5
:1019B0001030000028000400008C00000001280006
:1019C0000080210024000400100208008024000090
:1019D0002100040020000400400050002200040008
:1019E00004300000000422000802080060800000AB
:1019F0000030000001300000023000008040100084
:101A00000202080000414000000208000102080034
:101A10000830000030000400040208000008030041
:101A2000000448000C00040000203000508000003A
:101A30000900040008000400800201000A000400FC
:101A40000500040004000400001900000600040062
:101A50000100040000000400030004000200040070
:101A600000480100428000004180000040800000EA
:101A700020300000180004000001420044800000F3
:101A800080001200140004002002080048800000BA
:101A900011000400100004000044200012000400A3
:101AA0000002000001020000020200000302000028
:101AB000040200000502000006020000008410007D
:101AC00008020000090200000A0200008000050070
:101AD0000C02000010012000003008004008400007
:101AE000100200001102000012020000401002006B
:101AF00014020000080120008048000020000C00B3
:101B000018020000040120002004400000E0000052
:101B1000010120000001200000001300020120004C
:101B20002002000021020000220200000028200004
:101B300024020000801040004001010010000C0051
:101B4000280200004080080010044000001110002E
:101B500000081400002401008080200000420200E0
:101B600030020000004011000804400004000C0096
:101B700000A0020002000C0001000C0000000C009C
:101B800002044000800802000004400001044000FC
:101B900040500000200120000404400008000C0018
:101BA000400200004102000042020000101002004A
:101BB0004402000000600400200101000808400009
:101BC0004802000020800800004030000408400067
:101BD00080040200020840000108400000084000A4
:101BE000500200000210020001100200001002006A
:101BF0000000580080800100002420000410020032
:101C000000280100000414008001080008100200F0
:101C10002050000040012000008204001008400015
:101C200060020000088008000401010080440000F8
:101C30000201010000003200000101000101010069
:101C400001800800008008000020060002800800D3
:101C50001050000004800800080101002008400026
:101C600080002400002140000088100020100200A5
:101C700008500000000E00001001010040000C00A0
:101C800004500000108008004004400000022100C1
:101C900000500000015000000250000080201000A1
:101CA000800200008102000082020000080005009E
:101CB00084020000201040001048000000210200B3
:101CC0008802000002000500010005000000050078
:101CD000400402000040180020802000040005009D
:101CE000900200000024080004480000000070007A
:101CF0000248000040800100004800000148000048
:101D000000901000200802004001080010000500AB
:101D10000020440080012000084800000016000058
:101D2000A00200000410400000001A00404400001F
:101D30000110400000104000088020000210400008
:101D4000006100001008020004802000200005004F
:101D50000280200008104000008020000180200048
:101D60004000240008080200003001000083000049
:101D700000051000101040002048000080000C00FA
:101D8000010802000008020080044000020802006E
:101D9000000209000408020010802000402010000A
:101DA000C00200000009100000A040002044000014
:101DB0000804020010800100001014000002280036
:101DC000040402000030200010010800400005005B
:101DD0000004020001040200020402008008400026
:101DE0002000240004800100080108008010020087
:101DF00001800100008001004048000002800100D5
:101E00000201080000424000000108000101080032
:101E100010040200088001000401080020201000C6
:101E200010002400024400000144000000440000AF
:101E30000028080040104000800101000444000018
:101E40000000510080800800001A000008440000D3
:101E50002004020000030400408020001020100035
:101E600000002400010024000200240010440000AF
:101E7000040024002080010000024200082010001D
:101E8000080024004008020020010800042010007F
:101E900080500000022010000120100000201000DF
:101EA000000300000103000002030000004048009E
:101EB00004030000180020006000010080200200E0
:101EC0000803000014002000008802002010100009
:101ED0001100200010002000004404001200200027
:101EE000100300000C00200000201400000C010072
:101EF0000900200008002000009040000A00200097
:101F00000500200004002000C0000800060020009A
:101F1000010020000000200003002000020020003B
:101F20002003000000040600440001000810100017
:101F30004200010000C80000400001004100010013
:101F4000806000000210100001101000001010004E
:101F500000004A003000200048000100041010007A
:101F6000001808004020400000402200808200004D
:101F700080041000280020005000010000010C0027
:101F80000080050024002000000540001010100013
:101F90002100200020002000002A00002200200054
:101FA000400300008008100024000100008024008D
:101FB000220001000014080020000100210001009F
:101FC00000104400004003009000080000260000BC
:101FD00000A010005000200028000100000940006F
:101FE00000C400002020400088000800001102000A
:101FF00000080600480020003000010000421000E8
:1020000082000800440020008000080081000800D1
:102010004100200040002000840008004200200011
:10202000060001001020400004000100050001002E
:102030000200010003000100000001000100010096
:10204000000C2000008108000C000100401010006E
:102050000A000100800204000800010009000100DC
:102060000120400000204000140001000220400038
:1020700012000100042040001000010011000100C6
:102080000002120008204000A000080000480400E0
:1020900000510000600020001800010000840200D0
:1020A00080030000400810000014200004200200FB
:1020B00000800C000220020001200200002002002B
:1020C000206000000084400050000800000105006E
:1020D00000180100900020000002500008200200BB
:1020E0000000430000500400480008002082000067
:1020F0002004100088002000004900001020020089
:102100004200080084002000400008004100080050
:102110008100200080002000440008008200200090
:102120000860000000002900000844001082000040
:102130001004100000114000C00001002020020027
:1021400000600000016000000260000080101000CC
:10215000046000004002040000812000000C080020
:1021600004041000028200000182000000820000CE
:10217000000410000104100002041000048200009A
:1021800010600000000902006000080008820000E2
:1021900008041000A00020000010060000404100CC
:1021A00001081000000810001800080002081000C4
:1021B0000040600004081000A00001004020020060
:1021C00012000800080810001000080011000800A4
:1021D00000050200200204001400080000D00000E6
:1021E0000A00080010081000080008000900080094
:1021F00000320000008101000C00080000044400CF
:1022000002000800030008000000080001000800A8
:1022100006000800C00020000400080005000800B7
:10222000009002002008100084000100004500001A
:10223000820001000802040080000100810001000A
:10224000406000000402040030000800000062004A
:1022500001020400000204008800010002020400E0
:102260000001240080204000280008004082000077
:102270004004100000400A009000010000182000F7
:1022800022000800001401002000080021000800BE
:102290000088400010020400240008000021100003
:1022A0000004000001040000020400000304000018
:1022B0000404000005040000060400000082100071
:1022C00008040000090400000A0400004021000086
:1022D0000C04000000004C000008210090100000D9
:1022E000100400001104000012040000004024004B
:1022F000140400006008000000010A0088100000BB
:102300001804000000800300200240008410000038
:10231000006010008210000081100000801000009A
:102320002004000021040000220400000010090025
:102330002404000050080000802004000001600018
:1023400028040000800030001002400000880400D3
:10235000009100000022010040001800004402002B
:102360003004000044080000080240000020120071
:10237000410800004008000000C0010042080000C1
:10238000020240000041080000024000010240003B
:10239000000026004808000004024000A0100000D1
:1023A0004004000041040000420400000821000035
:1023B0004404000030080000005040000000070006
:1023C000480400000221000001210000002100005B
:1023D0008002020000C0200020001800042100003C
:1023E0005004000024080000800011000080480014
:1023F0002108000020080000002220002208000020
:102400000010280000021400004802001021000003
:10241000000141002808000000840400C0100000F2
:1024200060040000140800000080220080420000C8
:102430001108000010080000080018001208000031
:102440000040050000104200040018002021000098
:102450000200180018080000000018000100180011
:102460000508000004080000001104000608000030
:102470000108000000080000030800000208000036
:1024800080A000000C080000400240000004210071
:102490000908000008080000100018000A080000E1
:1024A0008004000081040000820400000008420053
:1024B00084040000004101002020040018100000E6
:1024C000880400002000300000C008001410000044
:1024D0004002020012100000111000001010000055
:1024E0009004000000220800400011000C100000C1
:1024F000008060000A1000000910000008100000B1
:10250000000904000610000005100000041000007F
:102510000310000002100000011000000010000075
:10252000A004000008003000042004004042000025
:102530000220040000800A000020040001200400A2
:1025400001003000000030000001030002003000F4
:102550000048400004003000082004003010000053
:10256000005002000000450000082800008500001F
:1025700000031000C0080000102004002810000014
:1025800040A0000010003000800240002410000035
:10259000000409002210000021100000201000009B
:1025A000C004000000900400100011002042000050
:1025B00008020200002050000089000000042800EA
:1025C00004020200000809000000640080210000ED
:1025D000000202000102020002020200501000008C
:1025E0000200110000012200000011000100110092
:1025F00000400C00A008000004001100481000007A
:1026000020A0000000444000080011004410000019
:1026100010020200421000004110000040100000B3
:102620000001480002420000014200000042000098
:102630000010210090080000402004000442000027
:1026400010A0000040003000001C00000842000004
:1026500020020200000504008000180000804100F4
:1026600008A00000840800002000110010420000B3
:102670008108000080080000000442008208000079
:1026800000A0000001A0000002A0000000000E0059
:1026900004A0000088080000004120006010000035
:1026A00000050000010500000205000048200000B0
:1026B000040500008040010010000A0020006000B6
:1026C00008050000422000004120000040200000DA
:1026D0002090000000081200004204004420000086
:1026E000100500000010500004000A00000A01005C
:1026F00002000A0000A0040000000A0001000A0015
:1027000080080400204008000080300050200000B5
:10271000400041000006200008000A00801100006F
:1027200020050000000206000048100004006000C0
:1027300008900000020060000100600000006000DE
:10274000049000001040080080000300602000009A
:10275000009000000190000002900000080060005E
:102760000020210008400800401004008084000080
:10277000800210004009000020000A0010006000E4
:10278000014008000040080000034000024008002B
:102790001090000004400800002C0000000015000C
:1027A000400500000A200000092000000820000069
:1027B0000000340000120800808800000C20000097
:1027C0000320000002200000012000000020000083
:1027D0001000410006200000052000000420000039
:1027E00000C2000080002200201004001820000019
:1027F000080041002009000040000A0000441000C9
:1028000004004100122000001120000010200000F0
:1028100000004100010041000200410014200000BE
:1028200080004800008011001010040028200000E3
:102830000060020010090000000601004000600076
:10284000000A20002220000021200000202000009B
:1028500040900000800404000001180024200000C3
:10286000021004000409000000100400011004001C
:102870000109000000090000041004000209000022
:10288000000412004040080008100400302000003E
:102890002000410008090000804020000082020062
:1028A00080050000044001000012200000001C0010
:1028B000014001000040010040880000024001008A
:1028C000100804000082400020000300C020000027
:1028D00000202800084001000004500010110000F2
:1028E000080804004000220000604000208400002E
:1028F000200210001040010080000A0008110000B2
:10290000000804000108040002080400041100008B
:102910000408040002110000011100000011000071
:102920004000480000380000080003001084000048
:10293000100210002040010000210400800060000F
:10294000020003000001300000000300010003004A
:10295000809000004004040004000300000A080006
:1029600004021000028400000184000000840000C2
:102970000002100001021000020210000484000096
:1029800020080400804008001000030008840000B4
:1029900008021000002042004040200020110000EA
:1029A0002000480010002200048800008820000059
:1029B00002880000404001000088000001880000FB
:1029C00000501000822000008120000080200000C4
:1029D0000003020020040400088800008420000096
:1029E000010022000000220000011100020022006C
:1029F000003400000400220010880000000244009F
:102A00004008040008002200000608009020000092
:102A1000800041000080180020402000401100008C
:102A20000000480001004800020048000043000088
:102A30000400480008040400208800000010120070
:102A4000080048000404040040000300A020000027
:102A500001040400000404001040200002040400EB
:102A60001000480020002200801004004084000074
:102A700040021000800900000840200000200900EA
:102A800000A10000001201000440200000085000D6
:102A900002402000100404000040200001402000FB
:102AA000000600000106000002060000048010007D
:102AB0000406000002801000018010000080100059
:102AC00008060000005800003000400000002A0006
:102AD000C000020020200100004104000880100016
:102AE00010060000802008002800400000090100B6
:102AF000001005000040420040202000108010001F
:102B0000220040004000140020004000210040004E
:102B1000008808000005200024004000801200000A
:102B2000200600000001060018004000C040000020
:102B3000004028000820010000180200208010003A
:102B4000120040000420010010004000110040006D
:102B500001200100002001001400400002200100BB
:102B60000A004000009020000800400009004000DA
:102B700080011000400A00000C00400000040C001E
:102B8000020040000300400000004000010040003F
:102B90000600400010200100040040000500400035
:102BA000400600000000610000080C00A04000008A
:102BB0008800020000110800102020004080100052
:102BC00084000200100014000090010000230000A7
:102BD000800002008100020082000200000C400020
:102BE00000C10000080014000420200000140200AE
:102BF00002202000200A00000020200001202000E8
:102C000001001400000014006000400002001400E5
:102C10009000020004001400082020000040090079
:102C20000030100082400000814000008040000021
:102C300000804400100A00000005010084400000EC
:102C40000009200000840800500040008840000077
:102C5000A000020040200100000218000010240023
:102C600000000B00040A00004800400090400000F3
:102C7000010A0000000A000020202000020A0000D3
:102C8000420040002000140040004000410040008D
:102C900000540000080A00004400400000810200C7
:102CA0008006000010200800001120006040000095
:102CB0004800020000082400000049008080100045
:102CC00044000200008140000028100000040500BC
:102CD0004000020041000200420002001012000009
:102CE00001200800002008000080060002200800E3
:102CF0002001100004200800004C00000812000011
:102D00000040210008200800A0004000041200003C
:102D10005000020002120000011200000012000028
:102D20000088010042400000414000004040000097
:102D30001001100000144000002204004440000074
:102D400000100C00000230009000400048400000DD
:102D500060000200802001000084200000090800BB
:102D600004011000202008008800400050400000AE
:102D700000011000010110000201100000002300FA
:102D800082004000000C02008000400081004000F2
:102D90000801100000C00400840040002012000060
:102DA0000C000200224000002140000020400000F2
:102DB00008000200090002000A000200244000008E
:102DC0000400020005000200060002002840000086
:102DD00000000200010002000200020003000200E5
:102DE00000184000402008000002110030400000A0
:102DF000180002000084010080202000000144002F
:102E00001400020080001400000508000088200063
:102E10001000020011000200120002004012000027
:102E2000034000000240000001400000004000009C
:102E30002800020006400000054000000440000099
:102E4000240002000A400000094000000840000081
:102E50002000020021000200220002000C400000BD
:102E60000004240012400000114000001040000047
:102E700040011000800A000000900800144000008B
:102E800000A2000000110100C00040001840000036
:102E90003000020000006800000805000024100057
:102EA000000700002000060080102000100801002C
:102EB0000028400040100800084004000081100075
:102EC00000001900808040000440040040220000FF
:102ED00002400400100420000040040001400400EF
:102EE00040C00000020801000108010000080100C4
:102EF000A00010000804200000020A0004080100DD
:102F000000300200040420002001400008080100F5
:102F100001042000000420001040040002042000EE
:102F2000010006000000060000A0080002000600E4
:102F30009000100004000600400401000002600040
:102F40004008200008000600100140000014100096
:102F500000920000002101002040040080080800C9
:102F60008400100010000600080140002008010045
:102F7000800010008100100082001000007000002E
:102F80000201400000420800000140000101400031
:102F9000880010002004200004014000408002004E
:102FA00010C00000041008000000520008220000B9
:102FB00001100800001008002004010002100800A1
:102FC0002008200002220000012200000022000050
:102FD00080010200081008004040040004220000A4
:102FE00000C0000001C0000002C000004008010055
:102FF00004C00000101008000021200080004400E0
:1030000008C0000000011400800408001022000025
:10301000000241004004200000181000208002003F
:103020000808200040000600040401008041000060
:103030000204010020100800000401000104010046
:1030400000082000010820000208200020220000C3
:103050000408200000405000080401001080020015
:1030600020C00000002440000012040000003800CE
:10307000C0001000000B00001004010008800200D6
:103080001008200080100100400140000480020070
:1030900000200C000280020001800200008002007B
:1030A00002102000088040000010200001102000C5
:1030B0003000100000420100041020000024020033
:1030C0000180400000804000081020000280400085
:1030D00040010200048040008040040020080800F5
:1030E00024001000002108001010200080080100BA
:1030F00020001000210010002200100040004400B9
:10310000000A040010804000400408000040120043
:10311000280010008004200000A00100001300001F
:103120001400100080000600201020004041000024
:103130001000100011001000120010000808080014
:103140000064000020804000000203000408080022
:103150001800100002080800010808000008080014
:10316000040010000500100006001000008600009A
:103170000000100001001000020010000300100009
:103180000C001000401001008001400000202400CD
:1031900008001000090010000A00100010080800C4
:1031A00000200500000C100040102000204100000D
:1031B0000801020080100800008A0000100044008E
:1031C000040102004080400010040800802200003A
:1031D00000010200010102000201020000003100B2
:1031E00080C000000002220008040800040044001F
:1031F0006000100002004400010044000000440090
:103200000204080020100100000408000104080066
:1032100010010200006800000404080008004400D7
:10322000000248000241000001410000004100008E
:103230005000100000A020008004010004410000A4
:1032400080082000101001000080140008410000D8
:103250002001020000060400003040004008080081
:103260004400100008100100002802001041000076
:1032700040001000410010004200100020004400F7
:1032800001100100001001002004080002100100DC
:10329000480010000410010000422000808002005D
:1032A0006672656564765F626974735F746F5F737D
:1032B00070656563680000006672656564765F73BB
:1032C000686F7274727800006672656564765F6319
:1032D0006F6D7072780000006672656564765F726B
:1032E000780000006672656564765F636865636B8D
:1032F0005F63726331365F756E7061636B65640026
:103300006672656564765F63726331365F756E7091
:1033100061636B65640000006672656564765F6377
:103320006C6F7365000000006672656564765F31DE
:103330003630305F6F70656E000000006672656544
:1033400064765F636F6D705F73686F72745F7278BD
:103350005F6F66646D0000006672656564765F6F1E
:1033600066646D5F766F6963655F6F70656E0000A0
:103370006672656564765F666C6F61747278000072
:103380006672656564765F32343030625F6F706597
:103390006E00000066766866665F637265617465DC
:1033A0005F64656672616D65720000000101010174
:1033B0000000010000010100000101010101010103
:1033C00000000001010101010101000000010100F4
:1033D000000101010100010001010001000089114B
:1033E00012239B322446AD573665BF74488CC19D6D
:1033F0005AAFD3BE6CCAE5DB7EE9F7F8811008014D
:1034000093331A22A5562C47B7753E64C99C408D4C
:10341000DBBF52AEEDDA64CBFFF976E802218B30E8
:10342000100299132667AF763444BD554AADC3BC2C
:10343000588ED19F6EEBE7FA7CC8F5D983310A200C
:1034400091121803A7772E66B5543C45CBBD42AC0C
:10345000D99E508FEFFB66EAFDD874C904428D53A4
:1034600016619F702004A9153227BB364CCEC5DFEC
:103470005EEDD7FC6888E1997AABF3BA85520C43CC
:1034800097711E60A1142805B3373A26CDDE44CFCC
:10349000DFFD56ECE9986089FBBB72AA06638F7268
:1034A00014409D512225AB343006B9174EEFC7FEAC
:1034B0005CCCD5DD6AA9E3B8788AF19B87730E628C
:1034C00095501C41A3352A24B1163807CFFF46EE8C
:1034D000DDDC54CDEBB962A8F99A708B0884819534
:1034E0001AA793B62CC2A5D33EE1B7F04008C9197C
:1034F000522BDB3A644EED5F766DFF7C899400853C
:103500009BB712A6ADD224C3BFF136E0C11848095B
:10351000D33B5A2AE55E6C4FF77D7E6C0AA583B4D7
:10352000188691972EE3A7F23CC0B5D14229CB383B
:10353000500AD91B666FEF7E744CFD5D8BB502A4FB
:1035400099961087AFF326E2BDD034C1C3394A281B
:10355000D11A580BE77F6E6EF55C7C4D0CC685D793
:103560001EE597F42880A1913AA3B3B2444ACD5BFB
:103570005669DF78600CE91D722FFB3E8DD604C7BB
:103580009FF516E4A9902081BBB332A2C55A4C4BDB
:10359000D7795E68E11C680DF33F7A2E0EE787F657
:1035A0001CC495D52AA1A3B03882B193466BCF7ABB
:1035B0005448DD59622DEB3C700EF91F8FF706E67B
:1035C0009DD414C5ABB122A0B9923083C77B4E6A9B
:1035D000D5585C49E33D6A2CF11E780F766172691B
:1035E000636F64655F6465636F646533000000004A
:1035F00076617269636F64655F6465636F64655F5C
:10360000696E69740000000020C00D403D8031F0FB
:10361000327033B034D03550369037E0386039A04E
:1036200061FC627C63BC64DC655C669C67EC686C16
:1036300069AC6AF46B746CB46DD46E546F9470E4BE
:10364000716472A473F8747875B876D877587898DE
:1036500079E87A6830A80000AAC0B6C0BB40DDC0D7
:10366000BAC0D7C0BBC0BF40BFC0EF00E800DBC0DE
:10367000B740F800DD40EAC0BDC0BD40EB40EBC044
:10368000D6C0DAC0DB40D5C0DEC0DF40EDC0D540DB
:10369000D740EEC0BEC0DFC08000FF80AF80FA80A0
:1036A000ED80B540AEC0BF80FB00F700B780EF8073
:1036B000EA00D400AE00D780B700BD00ED00FF00E7
:1036C000BB80AD80B580D680D580DB80F500DE8004
:1036D000F680AA00EB80ABC0AF40FA00EB00AD0073
:1036E000B500EE00DB00FD00AA80FE00FE80BE807B
:1036F000D700BB00DD00AB00D500EE80AF00DE00E0
:10370000DA00AB80DA80AE80BA80BD80AB40FB804F
:10371000F780FD80AFC0B680B7C0B000BE00BC006F
:10372000B400C000F400B600AC00D000F580BF00CB
:10373000D800EC00F000E000FC00DF80A800B8003A
:10374000A000DC00F600D600DF00BA00EA80ADC0C1
:10375000DD80AD40B5C0ED4072756E5F6C64706326
:103760005F6465636F64657200000000696E697470
:103770005F635F765F6E6F6465730000667E723CA8
:103780002311813C3464893CBC40923C99AF9B3C02
:103790003BBAA53CB16AB03CAFCBBB3C99E8C73C57
:1037A00090CDD43C7F87E23C2724F13C1559003D65
:1037B00090A0083DD170113DAFD21A3D92CF243D6B
:1037C00080712F3D25C33A3DDFCF463DCAA3533D0F
:1037D000CB4B613DA0D56F3DEB4F7F3D23E5873D52
:1037E000A7AA903D5E019A3DB8F2A33DC688AE3DC2
:1037F00046CEB93DA9CEC53D2896D23DCD31E03D5E
:1038000083AFEE3D291EFE3DD246073E7607103EB1
:10381000185A193E7148233EEADC2D3EAD22393E4E
:10382000B625453EE1F2513E05985F3E07246E3EC7
:10383000F6A67D3E1619873E36EC8F3E0957993E17
:103840009E64A33E0221AE3E6099B93E26DCC53E91
:1038500038F9D23E2102E13E580AF03EC913003F3A
:1038600012B9083FC202123F6E001C3FEDC3263F53
:10387000D061323F0CF23E3F788F4939AF28A639EC
:1038800086F9083A48D5613A012BBA3A3778193B9C
:103890005F077D3B6196D03BC7F32B3C6C64706344
:1038A0005F6465636F64655F6672616D65000000EB
:1038B0006C6470635F656E636F64655F6672616D93
:1038C000650000000700080034000C000C002A000E
:1038D000100045002D000E00130017000600200008
:1038E00003000500160002002D0032000200010056
:1038F000120054000A0007003E000B0009001500EA
:1039000018003F00020005001C000D0006000F001B
:103910003A002700270016004C000D001A00440052
:1039200009000A003100260020000B0022002C00B4
:1039300008000700190043000100110013002400D3
:103940000400290003001A001F000F002D002800AA
:1039500008000400290014000600350001002A00B8
:1039600009001400190011002100290003001300B0
:10397000370011001B000E001F0058000F001A0036
:10398000240010001C0018001B0010001E0038004E
:1039900030002B00040005002600250028002E0022
:1039A00012001200160032004C0022003C005300AE
:1039B0002700490038005C002A0034004B00230037
:1039C000250021003D0043002F004B00420046002F
:1039D0001D005C0033005F005400150039001C001E
:1039E0002E0042005D000B005E00370060001400F6
:1039F0004700300035002B0052005A0042005A00A8
:103A00000E002C0036003E0022003A005100350026
:103A100017002B001B005D000A0056002500500017
:103A20003C00310015004F004A00480030003D00C6
:103A300028004C0040001D0026004F0033003600D7
:103A40000D00310048001E003200560023005000D7
:103A50003D00380024003B0041005B0019002F00AE
:103A60003A003B004E002F00200018002C005600AA
:103A7000400039000C0017006D006B0055003F003E
:103A80001F0041003E0044006F004E0068005900D6
:103A9000700057004500690041005E006D004E0057
:103AA0004800680055006C004D006A004F004A0055
:103AB0006700600040006900690066003F00230065
:103AC0003B006C0070005100660039006A00530032
:103AD00051004D00650037005E00600061006A0023
:103AE0002E0065005300550047006B00680057002A
:103AF0002100430067005F001E005B005900670063
:103B00004B0033006B0057005B005900630044001A
:103B100034006D0063005800540070003600460009
:103B20005C00640062004A003C00640062006E00B9
:103B30005A00490047005F00460064001D00450030
:103B40006E005D005200610062004D00490063009C
:103B500065006C00520066006F006E006F0061002F
:103B600058005000160012000F003F0010000D001A
:103B7000010002001D0019001C00040024000A00BE
:103B8000260007003C0017000B0026001C00010067
:103B90000C001F0039002D0039001E0017003B00EB
:103BA00043000E00100004000E003E000F00320023
:103BB00007004600400006002A00300009001F00F0
:103BC0001300280031000200190003002900310011
:103BD000240009001D0027001F000500110001003E
:103BE0001D0019000B00150012000200080016004D
:103BF00027000F00080016000D000300130004004A
:103C000015003E0022002B000600180011003C00A9
:103C100008004A0006002C003C000A0021000C00AD
:103C20001A0018002D0051004500500029001C000A
:103C3000170005000A001400340012000D005600A1
:103C4000030007003B00150041004800220025004A
:103C50001A0037002F003000220005002C002F0032
:103C60004400600052006F003D004A001E00110039
:103C70003700620051004200590023004A00520000
:103C80005B003300370033001E0059003D004B003D
:103C90002800470049000B003800360013002F00B1
:103CA0005E0045004000140040000C0036004D004E
:103CB0002A005800240034005A003F0046001B0030
:103CC000200049005B00200038002E0009004E0053
:103CD000330044005800430014002B0028000E005D
:103CE000420056002700610026001B0032005400ED
:103CF00036005C003D002E00430018003A0023000F
:103D00003A002500620055004900540030002300AD
:103D1000390010001A0025004100200048005F0013
:103D20006B0021004D002100550069006A004B0026
:103D3000380047004F003B00340069004F005A0034
:103D40005D006400580070005600500041002A00D9
:103D50006A0064005D005E00630061005D00650054
:103D60006F0063005300350055005F006C006B006E
:103D700029006D0054004E006800650045006E008B
:103D800062006700500053004D0047004C004E0099
:103D90005700660068005F00600053005700320063
:103DA0006E00670070002D003A0046005E005B0068
:103DB00059005100650052003F0048006400610056
:103DC0004C0070003500690031004B006D0066004A
:103DD00042006F00440057005C004F0060002B0061
:103DE0005A002C006E00630066005C0067006A00E9
:103DF0003E0035001B002E006C0068006B006C005C
:103E00006D004C000D0004000D0001002C000900A5
:103E100005000B001D001000120006000D0001003F
:103E20000700090019001700070007000900030038
:103E30000A00120016001A00040013001C001700EC
:103E40000B000E0002002800300014000B001600CA
:103E500003000A000100140005000400080002002D
:103E60000300170015001B000F000C000C001F00C2
:103E70000200050012000A0015000C002F002000AF
:103E80000E000E002B00230015001E001000230062
:103E90001A002F002100260018000F00180006004D
:103EA0001D00180026001D002400160027002D000C
:103EB000110011001E0037003200280021001900F7
:103EC0001C00220008001B00280013001F00060031
:103ED0002E001A002A001E002D000F0029003400B9
:103EE00008001900290011002300270031002400D8
:103EF00014001B00360025002C002E001C002A0098
:103F00002D00330032003300200035002C0010005B
:103F100024003500360020003300210029002F0046
:103F200013002200380038003800340030002B0025
:103F30001F002B0025002E00320026002700250040
:103F4000340036003100300031002A0035003700DF
:103F500037002200040021001600020007000C00B8
:103F60000F002900060002000800040001000700FD
:103F700014000A00020001001C00070003001900E1
:103F80001200130011000F0008000D0009000C00C2
:103F90002700060011002000030006000A0012009E
:103FA0000400220001000E00090005000F000C00B3
:103FB0000500230005001100100024001400090072
:103FC000220021000E002E0027001B002B001600EF
:103FD00013002D00100017001F003400030008001C
:103FE00033000D001F000B001F0024000B001C00FD
:103FF0001E00150026001A002A001D0017002100CF
:104000002D0013001C0028000A00170029001900C9
:104010001D0024001D00310026000B001E002A0098
:10402000100025003100230012002F001800190095
:1040300036002200290037002F002C0038002E0007
:104040001400370015002800250035000D00200061
:1040500034001600200018002C002A003100260031
:104060003000180038003000320027001A003200FB
:1040700036001A00250038000E001B002E002C0010
:104080002D002B00350034002800150033002F00D0
:104090001E00320033002B001B00360035003000BC
:1040A000370023006C6470635F636F6465735F66E1
:1040B000696E6400010000000400000010000000B0
:1040C000344302080100000004000000100000005A
:1040D000F44202080100000004000000100000008B
:1040E000B4420208010000000400000010000000BB
:1040F00074420208010000000400000010000000EB
:10410000344202080100000004000000100000001A
:10411000F44102080100000004000000100000004B
:10412000B441020801000000030000000800000084
:104130009441020801000000030000000800000094
:1041400074410208010000000200000004000000A9
:1041500064410208000000000000000000000000B0
:10416000000000000040354500C0414500404E457C
:1041700000C05A4500401C450080224500C028452B
:1041800000002F450040354500803B4500C04145BB
:104190000000484500C00F450000164500401C4582
:1041A0000080224500C0284500002F4500403545CD
:1041B00000803B450080BB440000C8440080D444DC
:1041C0000000E1440080ED440000FA440040034553
:1041D0000080094500C00F450000164500401C4501
:1041E0000080224500C0284500002F45004035458D
:1041F00000803B4500808944000096440080A24432
:104200000000AF440080BB440000C8440080D44498
:104210000000E1440080ED440000FA440040034502
:104220000080094500C00F450000164500401C45B0
:104230000080224500806D440040834400C08F44CC
:1042400000409C4400C0A8440040B54400C0C144A4
:104250000040CE4400C0DA440040E74400C0F344CC
:10426000002000450060064500A00C4500E0124516
:104270000020194500002F4400004844000061441C
:1042800000007A4400808944000096440080A244E3
:104290000000AF440080BB440000C8440080D44408
:1042A0000000E1440080ED440000FA440040034572
:1042B000008009450000FA430080094400001644CC
:1042C0000080224400002F4400803B44000048440A
:1042D000008054440000614400806D4400007A4432
:1042E000004083440080894400C08F44000096440D
:1042F00000409C440080A2430000AF430080BB43C9
:104300000000C8430080D4430000E1430080ED4337
:104310000000FA43004003440080094400C00F44F9
:104320000000164400401C440080224400C0284481
:1043300000002F440000614300007A43008089435D
:10434000000096430080A2430000AF430080BB43BF
:104350000000C8430080D4430000E1430080ED43E7
:104360000000FA43004003440080094400C00F44A9
:1043700000001644140000000900000000020000C4
:10438000A4E302081400000009000000000200007D
:10439000A44302080000000000000000000000002C
:1043A000000000008126A2BFA2B49FBF03788BBD8E
:1043B000B1E1754029ED8DBDFB5CE5BF0612CCBFB8
:1043C0005917573F52B81E3E33C449C03C4E41C0F6
:1043D000C3D33B3F0B4685BE1D5AD43F7F6ABC3CCE
:1043E0008CDBB240D3BC1FC063EEFA3F418222BFD8
:1043F0003FC64C3F0BB52A40B003BF3FBC05923FC0
:10440000D26F3FBFFCA989BFEFC9ABBF910FFABE06
:10441000C1CA813E5917973E5C20C13FEEEBF83F81
:10442000355E2AC0A30118407DD0C33FA857844001
:104430001904D2C06A4D0BC0583930C00B4645BF75
:10444000CD3B9E3F583924BF1B9EDEBEDFE09BBFA5
:1044500008AC7CBF94878DBF2B1809C0690017C0BA
:1044600089D2FEBEB1BF84C0B4C896C0295CB14039
:10447000B0724440D34D6A40FE433E408E061C401D
:10448000728ACEBFCB10A7BFBC960840984CF53FB0
:1044900017B711BF6DE7CB3F3D0A8FBF5BB19FBF21
:1044A000FE65CF3F19042240CCEE154074B505BF20
:1044B0009FCD46C02D210BC0711BBDBF591727C012
:1044C000886365C05DFEC3BEF5B91ABE1895643F2A
:1044D000BC9624407502E2BF789CF23F1B9EC04010
:1044E000B1E1A9BFAB3E57BE9A77BCBE01DEA2BF09
:1044F000BC7493BF3F35BEBE6E3410BFF08521C083
:10450000D34DE2BF098A97407AA5B44008AC5C3F1E
:104510000000603FC1A864BF1AC0CBBF36CDB3BF97
:10452000BC7493BDE3A51BBF27A049BF73D7B23F9F
:1045300073D7923D05C5A3403B01C5BF1D3889C057
:104540006ABCFCBFF4FDAC3F8AB0194089D26E3F13
:10455000A5BD5D402EFF19C0D044D8BE30BB37404A
:10456000787ACDBF7E8C49C044692BC095652CC03C
:104570002FDD8EC03411EE3F71AC0BBF25067940A4
:10458000C52078408A1FDBBFF54A81BF1B0D00BFE5
:104590009A77E4BF910FFABE9E5E693E426055BFB6
:1045A000F90F81BF4D15A4BF1D38E73DF706AFBF1A
:1045B000F5B9AABFF2D26D3F60E54440D1912840E1
:1045C00047036440FB5C11C06210283F01DE9ABFC4
:1045D000728A6640A301CCBF7AC7A9BF48507C3F0E
:1045E0009318384014AE1740C05BA03FCE19A13FCE
:1045F000FE659FBF01DEB2BFAED8BFBF55C1D0BF01
:1046000041F19BBF666626BEC9765EBFA69B443B52
:10461000B68400C0F2D2AD3F10583D4002BC5540B8
:1046200091ED5CC0A01AAFBFE56121BFFED424C0EC
:104630007DAE9EBFC05B9E400A682E400AD7BB3F3E
:10464000C8983BBE8351C9BE5474BC3F17D9DE3FE6
:104650002D211F3F01DE8ABF341136BF1B0DC0BEA6
:10466000CC7FE0BFFE43FA3DB22EFE3F4B5906BF62
:1046700020D287C02AA9A3BF211F74BE16FB2B3FDF
:10468000B37B3E404013D9BF0EBECE40A0897CC054
:10469000819503C027C22EC0E63F84BE9B551F3DB7
:1046A000682268C0A54E82C0BC74533FCEAA4F3F5B
:1046B000211F3840295C0F40CC5D0B3FD0D5B63E62
:1046C000355E064020412140637F15406ABCD43FDF
:1046D0000000203F27C286BF07CE69BF4DF3EE3FE3
:1046E000B684A43F10E9B73F51DABB3F1EA7903F05
:1046F00032E6AE3FD6C58D3F5B4252C09EEFE7BE6D
:10470000DDB5E43ECC5D97C0522774C074247FC0F1
:10471000448B7C3FA1F8313ECBA1A53FADFAAC3F25
:10472000ED9EBCBE613235BF567D6EBEAA60AC3F09
:10473000ACAD88BF62A1D6BCDAAC7A3E348057BF3C
:104740002731C8BEBC742F40CEAA3F40871693C005
:10475000211FF4BD24977F3E20D2EF3EDE02893D2B
:10476000E92625C024287E3EBA6BA9BF6891BDBF4B
:104770001C7C713FD26F5B408C4A0E404DF30E4162
:1047800000918EBF83C0EA3ED9CE6FC093A942404C
:1047900054522FC0986E12405474D43FA83569C04B
:1047A0006EA3813D8A1F2FC0637FA1BF48504CC0BC
:1047B000333303C036CDBB3F0C93A9BFE4140DBF08
:1047C000ECC0B93FE926F1BE107A9EBFCC7F3C40D9
:1047D000F8C214C029CB1440029A0CC097FF703F56
:1047E000840DFFBF9D80063F9C33A23D52494DC0C2
:1047F000FA7E1AC0C6DC614024B96440B5157BBDA1
:10480000E71D87BF022BC73F2B18153C2DB29D3DDE
:1048100036AB36409FCDBABF1EA700C096430B3FB4
:104820002BF633408FC295BEA60A36BF787A753F05
:10483000499DD8BF2428EEBFDF4F8D3FB22ED6BF93
:10484000C74BB7BD211F6C40B7D130401AC0DFC085
:1048500098DDD33E32E6C6BF8D972E3FF90FB93FA4
:10486000A301DC3E21B0D2BE07CEA9BF499D003FC7
:104870005C8F32BF8195C3BE1D5AA43FE6AE753F23
:10488000492E87BF34110E40014D043E2497B73F97
:10489000D20042400C027FC032772D3F560EAD3E13
:1048A00055306EC0ABCF01C0CAC3C2BF8351813F78
:1048B000211F9C40ADFA6C40CDCC8C40BF7D9DBE8D
:1048C000280F1F40C4B10E40F5B9C2BF643BDF3EA4
:1048D0008AB0BFC065192AC0068119C014D000C0B3
:1048E00067D5AF3F48E172C03BDF134007F056BECB
:1048F0008A8EC4BE6FF0DDBF0D717CBF86C954BE09
:10490000DE02A1BFD42B254091ED6CBF80484F4003
:1049100086C98C3FC1396B408A8E9440ED9EF43F2E
:10492000645DBC3FCA3230401F858BBE07F0B6BE07
:1049300003090ABFB1BF86C01CEBCEC061C317C05C
:104940002CD402C030BB373F3867B43FB072383F19
:104950001DC9DB40014DE43F97FFE44088F43BC0B4
:1049600095D45940083D1BBFE09C154005C5374014
:104970003C4EE1C00A681BC1F01684400D715CC05A
:10498000A5BDBFC0CD3BB040304C66BF5474F0C035
:10499000BB279F3F0DE04D3F3F57CB3F371A603F4E
:1049A0005227E0BED7346F3E9FAB2D3DDBF9FEBDF5
:1049B0003277AD3D26E4233FB5A629409A99D13FF1
:1049C000B1504FC0341112C01B2F09C0D509C8BF48
:1049D000DAACDA3E54741040A54E204041F1CBBF12
:1049E000C13917C04013213F6C09993F6FF0553F03
:1049F000C8075DBF10E937BE6FF0ED3FFCA9313F3E
:104A0000772D354040A42340ECC0D9BE4625953EC5
:104A100094F6463F0681B53FAAF15A40BE30F9BF31
:104A2000BB27874055C1EAC0CCEE71C0A24566C025
:104A3000EA9526C09CA2F33FF46C36BF2C6515C0E6
:104A40008E06703E54E3694027317C40984C4140CB
:104A50004B59463E956598BF865AF3BFDAAC2ABFDC
:104A6000E926A1BF9D118DBF5C8F2AC0295C0F3E36
:104A7000DB8AB5BF44FA9DBF1B0D603DAC8B1B3E6E
:104A80009565983F333367C06DE70FC0FA7E8ABFE4
:104A9000A4DFFEBF037893BF3D2C10C0827322C0F9
:104AA0008D976E3F211F943FD57801401136D43F3A
:104AB000992AB03FB22ECE40A3920A4058A801C016
:104AC0009A77FC3FD7125240BA49ECBE696F98BF43
:104AD000B30C1DC0819593BFBC740BC0BA493CBFD9
:104AE000BC0506C0C9E51F3F8E06E03F04E754C081
:104AF0005DFE5BC0AA8229C09FCD12C0BBB86D3FCE
:104B00000378AB3F9A7708C09F3C8C3E6519A23F63
:104B1000BB278D408E75B13F85EB7940C807354086
:104B2000ED9EA43F5BD3FCBF5F073E3F107A1A4067
:104B3000CA54F13F95D491BFFF2125C03BDF3BC054
:104B4000D1226BC0F085E9BF36AB9E3E567DC44096
:104B500054E39340061204C09BE66DC0D7A370BF18
:104B6000A245B63F51DABBBEDF4F0140BB271F3F16
:104B700024B9843FAED81FBE0C937D400BB5AEBFA9
:104B80002B18953EA8576240158C5A3F8E0670BF71
:104B900063EE6EC02F6ED1C038F89ABF075F5440E5
:104BA000E8D924400612FC3FD9CE9BC0F7061F3F30
:104BB0005EBAC93D7E8CC93FA323793ED88127C008
:104BC00060E518409B552F3F037893BFDE7102C00C
:104BD000613265BFA089603F7E8C993F226C78BFAF
:104BE0005917AFBF21B092BF20636E3D94F6863E49
:104BF0007D3FFDBF1904063FFE43D23F01DE223F49
:104C0000BBB83D3FCC5DB340BDE3B4BE226C283F92
:104C10004F403FC08351193F098A7FC095650CC042
:104C2000E5F27740C05B0040780B14400B46E5BED0
:104C3000D57805C0DB8A8BC0621008C03F57AB40F7
:104C40001DC9FD3F04E7AA4058A855BFF6971DC0EF
:104C50009621963F713D8CC01826433FF2B0F8BFB5
:104C6000A245B63FF5DB53C0E561213D24B90040C4
:104C700059172B4092CB9F3FAED85FBEB1BFEC3DE2
:104C800090A0F8BE70CE1C40E561513F32E68EBF69
:104C9000287E0CC070CE78BFC1A8044004E7CC3E8B
:104CA0006E34983FFB3AE03FA7E8A0BF061254C01D
:104CB000865AF3BF7368F13F2041DF4024971B40C1
:104CC0004CA602C0713D7A40A835B140E9B7DFBFBC
:104CD000189554BF158C3640F628B4BFA60A063E78
:104CE0009E5EE93F55C138C07502F0C018265FC00E
:104CF0006EA351C007F036C0EE5AC8407FFBEEC02D
:104D0000FED4D83F3E796040E86AAB3F9A088B3FBB
:104D100042CF3E4045D8503F8B6C27C08A8E18C08A
:104D2000F85353BFF85323BE8A8E004070CE38C06C
:104D3000B8401EC048BFADBFC1A8A4BFCE19C9BFEF
:104D4000B1E189BF44FAED3E107A2E407DAE0640B7
:104D50009643CBBE986E12BEA3927ABFE3A507C05E
:104D6000B00347BFA392824053966D40B30CC13F3E
:104D70008FE4923EF93126C014D000C0B1E1C13FAA
:104D800010E96F402AA94F408126323F9E5EA93E1E
:104D900004E71CC05D6D5DC03F5785C03BDF2FBF82
:104DA00068B38A3E7446943DCBA1A53E910FFABFED
:104DB000A2B42FC074B555C0917EF3BF85EB81BFFF
:104DC0001748403F3FC65CBD9FAB35C027C2A840D7
:104DD0009E5EA3402BF6B73FEFC9B33FB5A6B93FE0
:104DE000D26F1F4033C429C0AD691EBF022B27BF3D
:104DF000477209BF5C8FDEC0E561A93F9B558B40C0
:104E000014D03C40B22E7E3F8FE4F2BD849E5DBF45
:104E1000C21716C0F16360405D6D35403A9285C09F
:104E2000780B84C0D34D9640B1BF40406ADE91BE3E
:104E30002D2100C1287E5C40992A483F9CA22FC0AA
:104E400014D0DC3F42CF82C0CE8862BF341198C0FC
:104E5000E336A040C97656C079589AC0E63FD4C020
:104E6000A3019C409B553FBF2D21774068222840DD
:104E70004772693FB1BF843FC5FE1240AC1C8A40F7
:104E80009D116DC0A4707D3FB6F3FD3E4772994001
:104E900052B80EC0CB10173F832F0440AF25E43F1C
:104EA0008D970EBF7E8CF93E810431403CBD523F50
:104EB00002BC05BEB6F32DBFFB3AA8BF77BE9FBFAD
:104EC000D7347F3F6B9A03406666263EBF0E3C3F59
:104ED0007DAEB63C3480D7BF24283AC0B76283C0C9
:104EE00072F90F3EF7E401BF4B5956BF569F5BBFA7
:104EF0007F6A3CBD32E6AEBD5F07B6BF378931BFC2
:104F0000CCEE2140BDE30C40713D0E4007F0163F52
:104F100083C0A23FA52C43BF492E33C0158CAAC025
:104F2000BE30814029ED4D409D11B5BF8B6CAFBFA8
:104F30008B6C673D7F6A74C0EB738DBFC729C23F1E
:104F40000DE00DBF9790C7BF228E953E545207C00B
:104F5000984CD53FC3F53440A245463F1EA72C4090
:104F600001DE8C40F2D24DBEBA498C3D226CA83F86
:104F7000B6F34DBF0378BFC086C9E43F55300AC0C1
:104F80002F6E733F3FC62C3F4A0C82BD1B0DC03EA7
:104F90002BF6273FC58FF13E211F14C044699DC0E9
:104FA00007CE45C03FC60C3FFC18B3BE04569E3F1B
:104FB000A4DF2A40B684C43FBB27D73FFC189B3FE1
:104FC0004BC8AFBFF016C83D3F35AE3FE71D273C8D
:104FD000FE65D7BEC05B503F6F813CC0E6AE95BF5B
:104FE000705F973FB1BF6440C1A88A40C807B53F12
:104FF0004ED1D93F12149FBF9D119B40BADA8EC08B
:105000004D158CBD2B18DDBF39D645BE93A926C0E2
:105010007DAEB6BFFC18933EA2B477BFE09C11BE34
:1050200033C499BF643BEFBF14AE9F3F8CDB38C0E5
:10503000DDB5C4BEA2B4B7BE58A831404E6200C0B0
:105040007CF20CC0CD3B2AC0F90F25C07DD047C0F3
:1050500091ED5040A913E83F643B3740910FCA409F
:105060007C6188C04547423FCAC342BFD0B39B4022
:1050700060764FBFD7121640B6849C3E2F6E0FC08D
:10508000A779A7BF423E283F4A0CC2BEA7E8883E88
:1050900090A0083F92CBFF3E6519623F74241740F1
:1050A00005C57B40711B9940C3D32FC0744604BF14
:1050B0007CF2B0BDD6C56D3F58A889C0BDE382C0A3
:1050C000C729EABFABCF3D40EFC92F4099BBF6BF20
:1050D0005F0780C07AC739BF9E5E29BFCBA101C0E0
:1050E0002B18A5BFF5B99A3E355ECA3F9B55434084
:1050F000560E25405F294FC0984CF5BE9318E43EEC
:10510000F90FE93DA8358D3F107A663FF90FC9BF09
:105110008195033E840DA7407F6A34C02EFF513F26
:105120002C65193F2506A9BFE2E909C0B7D1A04007
:10513000A470CDBF1FF40C3FEFC933C07CF290BE0A
:10514000E09CD1BFE561E9BF97FF90BCA60A224071
:105150001AC003404CA66A3F6D56C5BF363C9DBE83
:10516000FFB2B3BF643BDF3D5F290BBED0D5F6BEB7
:10517000378901BFC05B98BFB4C8F6BD2B87A63F77
:10518000158CCA3DD578693EE336AA3F917EBB3F78
:10519000355E3A3F6C09F93BE2E9BDBF1D3827BED9
:1051A000EC51A03F5396713F6C09F9BA789C7EC0D0
:1051B000F54A193FDE0283C00C025BC05B42FE3E33
:1051C00038F8AEC00309C2402063963F5A643BBE24
:1051D000E48356406F126340764FB63FF90F254087
:1051E0000C02BDC087A7EFBF64CCD5BF6F12B33F21
:1051F000D34DDC4062A1EE3FD2009EBF0AD76FC004
:10520000621098BFD93D6540A8359D3FE5F25FBE6D
:1052100033C451BFDFE08BBD9FAB2D3F9CC4703FBB
:1052200024973FBEC52088BF05C513C05BB1DFBF53
:10523000E09C15C032E6E6BF2C6559BEBF7D3D3F00
:105240003789613F14D0343FC74B73C034A28840C4
:10525000EB73C53F6E3440BFA60A22C0F1F4BABF5B
:10526000992A883F90A078C0355E9A3FEA042C4086
:10527000CBA19DBF42CF26BED57811C0AA8255C012
:105280006076CFBFDD24FE3F3A925B40871659BE61
:10529000EE5ABABFB762BFBED0D51640C13917406B
:1052A000AD6986401D38C73FB98DCE3F7B14B63FF0
:1052B000B459D53F07CEA93F7F6A3C3D917E3B3E26
:1052C000C898BBBE87A7B7BF7F6A2440DAAC12403C
:1052D0002506D93F0681D53FC7BAB0BFB1508BBFB5
:1052E000448B8CBF3D9B15BFA8C683BF12836CC087
:1052F0003A92ABC0083DDB3FAB3EE7BFF01682C041
:10530000D19174C05DFE73BF68B35E4036CD4B3F34
:1053100046B61FC0143F32C00AD7233BF085493F31
:105320007958883F39D6C53F89D2DEBE166AF53F27
:105330008E069440ADFABC3ED0B319BE0EBE70BE10
:10534000E63FE43EE0BED6BF485048C0EEEBD8BFD3
:10535000E3A593BF29CB0CC0143F4EC0BF0E7CBF4A
:10536000ABCF09C0228E25BFD2000640645D084045
:1053700019043A401A51C23F9A994540CB10473D13
:1053800076E05CBE014DAC3F6B2B463F17D92E40FB
:1053900013F2E13E90A000C0265385BD70CE90BFB1
:1053A0003C4E49C0499DE8BFFBCBEE3EADFA1440F0
:1053B000F38E4B407AA544C03867CCBFF8C26C402E
:1053C00039D6253FC0EC2EBFC520883FE7FB913F73
:1053D000F5B9D640BC969CC0287E86C0AD695E40BB
:1053E0001214BFBD95D44540B0724840234A6B406B
:1053F000F8C29C3FB8400640933AE1BEA69B7CC0F1
:1054000099BBB63F4BEA84BEE4140D3F2EFFCFC0DC
:10541000894170BF0E2D4E407DAEDE3FC80705C0EE
:105420008B6C27C0C3F540C01AC003C08BFDF53F8D
:10543000FAED6BBEB072183F0F0B75BF9EEF73C0D5
:105440006A4D9BBF8FC2753FAF9441400E2D0A41FC
:105450008A1FB94016FBC3403D9B353F58391CC0DD
:10546000E2E995BFFF21E5BFB98D62C0363C35C08A
:10547000C5FE22C00BB59EC0C7291ABFA8351D3F67
:10548000CBA115BF045649416B9AE73FDE710A3E36
:1054900058CAE23FCA54713F643BAFBF1E16E44096
:1054A0000D712C3D1DC915C0AE4795C0F38EBB3F95
:1054B000643B1FC027C22640F31F26C10BB501C1A4
:1054C000AC8B8340BEC19FBFBE9FEABFC21732C034
:1054D00005C52740ABCF3D408BFD85BECEAA8F3E94
:1054E000F6975DBE52B836402FDDFC3F29ED61C016
:1054F0007B149EBF925C6E3F840D5F3FFA7E0EC0B0
:105500005EBA19BFD3DE2840F90F3140280F17C00B
:105510000F0B21C030BBD73F910F823FF46CFCC012
:1055200061543640C1CA71BFECC0193FA323A9BF63
:105530004D15A2C08FE40AC0B1BFECBC166ACD3DC8
:10554000827312409FAB2D3D8BFD5D405F29034070
:1055500050FCD03FE0BECEBF23DBF93D607637C0C4
:105560006C780EC01EA79E40B68410C001DE2EC00F
:10557000EEEBBE40C0ECAEBFD71272BEB1BFCCBE28
:105580005BB17FBFEB7301C023DB79BD88850ABFA8
:10559000F0850DC07AC769BE1F85DBBF280F833F2A
:1055A000FED488401CEBFA3FCC5D43C0BBB825C09D
:1055B0000D715C3FF016A840B8AF5F404DF30EC0D0
:1055C0009A99493F4B5998407CF26C40E3A54B3F78
:1055D0002D4348C022FDAEBF933A613FA9A47EBFD0
:1055E000029A883ED881133F93A972BF30BB91C005
:1055F000053431BFBB278F3D1CEBBAC0CC5D874063
:105600001E16A240FB5CAD3F95D41DC09B551FBF2D
:105610006F128BBFB29D2BC0C0EC7EBFF931CE3F65
:10562000AA82E1BF249723C0D191843FE10BCBBF75
:105630008BFD11C00EBE5C40E71D973F0E2D92BE44
:10564000DF4F0DBE787AA5BC88F4B540CA32543F0E
:10565000B8AF8BBFD93D193F431C93BF46B64F40EF
:1056600058A845C04F1EDE3F11364C40A4DFA24073
:10567000569FEBBE07CE993DFF2109C079E9A2C034
:1056800036AB4AC0F90F55C02EFFF93FC6DCF53ED8
:1056900057EC99C07E1D104031081C40A1D6243F14
:1056A000865AEBC0711B8DBD5F29F33FAAF1B6404E
:1056B00038F8723F8F5394BF5F2947C0C3F55CC071
:1056C00013F2813EE5D0AA3F666686BFDD24C6BEE2
:1056D000CA5441BD51DA1B3E46948240D3DE384065
:1056E00041F177408AB0F9BF6DC53AC05DFEC3BED7
:1056F0002FDDA4BD61C3D33ECAC3923F57EC4BC05C
:10570000363C6540F54A85C0F38EB7C09621A0C0EF
:105710008D287DBF5F07864031089A40226CC83FC4
:10572000CA3218C014AE573FB37BF040F5B9EC4015
:10573000BB277B4045D8203FCC5D6B3F075FA2C0B5
:10574000DE71FABF3D0A573EB1509FC08941603FAC
:10575000615426C0FDF6A9C018261340787AFDBF13
:105760001F859B3FD5781241448B0CC05DFE37C02E
:1057700096B21A41711B0D3FA47085C05C2091BF89
:10578000F1F484C0560ED53FE4834AC00AD7E3BF84
:10579000CEAA9F406891AD3E0D712CBD3B0185BFE7
:1057A000863802C0D578893FA8C60B4024B96C3F23
:1057B000E5F20340F8C20CC0F01682C0AA82C1BF55
:1057C0002E9070BF9565B03FFE433A401CEB62BF20
:1057D000789C084108AC0C3F9BE665C024287EBE3F
:1057E0007F6A0CBFC6DC75BFCA32ECBF3A924BC0B1
:1057F0003D0AB73E04E760403FC630408FE49A3F21
:10580000E3A5BBBEB76297BF50FC08BFEBE2F63E14
:105810004182423F38F8523F5BB1BF3FD8F064BF8E
:10582000F9A033C0107A16C001DE02C048BFBD3EE9
:10583000AC8B6BBF2CD47AC01A51923F61C3F33E3C
:10584000228EFD3FBF0EE4BFB7D1983F93189CBF97
:10585000A54EE03FC89897C0BC74933F3945C73DFB
:105860007B14C63F2A3A12401B2FF9C0E336024090
:10587000EB73053FDDB538408FE446406744993F00
:10588000BE301940D95FB6BF98DD93BE9F3CBCBF08
:10589000F5B9BABFFD8744BFF5B902C0A7793FC0CB
:1058A00040A4EFBF3480B7BFFE65D73ED191B43F6F
:1058B000E483863F7B832FBE2F6E633E5917A73F3D
:1058C00062A1163F3C4E49402BF6EF3FBE9F1A3E69
:1058D00013F211BFFFB20B3FD42B2D4032E6AEBD09
:1058E000FC185FC0F163D43FA54E803F41F1A33E59
:1058F000E86A833FB37B72BEFE65F73DC7293ABFB6
:10590000CD3B86BFF085893E888582BFA913A8BF9D
:1059100051DA854036CD833F3A92E33F48BF45C0D8
:10592000591747BFD0B391C0C74B0B4052B89EBE6A
:10593000C729FABE4BC83B40583994BEAAF11AC0D9
:10594000E09C713F6ABC3C4054529F3FB515DBBEA2
:105950000F9CD3BE36AB7EBE787A253F925C3E3E2E
:10596000287E5CBFDF4F8D3D522700C0DE0265C040
:105970007E8C69BF9C3316C024289E3E4182AC4079
:1059800054E395BFDA1B5E41BB271F3FB45925BFC7
:10599000C5FE5AC00B46553F014D643F8CDB0C40A1
:1059A0003EE88140986E42C0C05BECC0D5784DC0E7
:1059B000BF7D0DC0AA829940B6F3ABC09CC47840AD
:1059C000FED4E8BF182603BFB5A6793F5E4B6CC076
:1059D000D49A56BFDCD7813E925C30C1CDCC8E408C
:1059E0003411FEC0B5A60A4194F6264083C082BF9A
:1059F0008BFDE53E1B0DA2C0A60A2E403F35963F0B
:105A00007D3F0D4026E45740426085BE5305B140BE
:105A100061546640C4428D3E819567C061C33BC0FE
:105A2000E5615DC08AB081BE6ABC9CBF90A098BF92
:105A3000A7E848BE68221C3FE63F08C0470300C0F5
:105A4000FA7E02C0DE93C7BFD0B3493F8D97EE3DCB
:105A500052B86EBF3F35C6BFF90FE93E42CFC63ED2
:105A600026E4F33F355E1640B37B7A406900174069
:105A70005C20413E3333333EE02D7040A54ED83F8D
:105A8000C9768AC0FE65A1C0250649C08CDB98C0D6
:105A9000083DFBBF8CDB92C02731BE4039D61AC10E
:105AA0003A92EBBE87A7434036CDA33FD6C5ED3D26
:105AB00071AC634007CE6D40BA6B01C01DC9BD40DB
:105AC0009A08D940A52C33BF3A923FC045476AC0D7
:105AD00032E61EBF0F9CB3BF8E7591BF3789813EE2
:105AE0009D8066BF1B2F31C0ED0D8AC0C58F41BFA1
:105AF000696F503F7368F1BE992A583FD6560040EF
:105B0000302A193FF0855540BBB88F406744DD40CF
:105B1000F241EF3E74468C3FEB73B5BD0F9C733E74
:105B2000A470514007CE993F9F3C94BF8D97AEBF64
:105B3000F77520BF4850BCBEA2B4673F7C61423FAE
:105B4000A39212C03199BABFCE88223FAAF1023F78
:105B5000E5F28FC0E5D00E40583910404B5932C0A5
:105B60007F6AC43F83C06640BC9678404A7B0B4046
:105B7000A5BD41BF666686BF58CA0AC048502CBF43
:105B80005F9804C05BD34C3F00912EBFCD3B8E3F4E
:105B90006519123FE71D1FC0948749400E4F2B40E7
:105BA0008CDB2040E414F5BF5DDC84C0711B1DC09C
:105BB000FF2105C0992AF8BFA9A43EBF02BC55BF6A
:105BC0008BFDE53D371A003E287EACBF0F0B29C088
:105BD0005839F4BEFDF6B5403D9BEDBF567D56C02D
:105BE00010E907BF7593D0BFCA32ACBFFBCBEEBE86
:105BF000DBF99240696F983F234A3B407B836F3FBC
:105C00004D15CC3F7958183FC6DCD5BE948705BEEC
:105C1000C3D30B3FC1CAA9BF0309BA3F713DD23FED
:105C20008716793F8104653F81260A40B22E88405D
:105C3000AF94653F43ADA1C0A392FABF38F82640A8
:105C4000B537283F68B34A3F8E0610C004E792C0BC
:105C500077BEDFBF05A3D2BFB68404C08A8E1CC046
:105C60008C4A26C0C05B20C0F08505406C786ABFB6
:105C7000006F61BF96214EBFCB1047BFE3A5833FA6
:105C8000C286E73E43ADC13FF4FD5C4023DB9D404F
:105C9000E09C31C03333E33F4FAF0C40744694BCBB
:105CA00052491DBA7E8C0D40DE712A3F1EA728BEC8
:105CB000EBE246BFCC7FA8BE287E8CBD46B64B40EB
:105CC0004F1EEE3F143F863F9E5E49BF6F8184BFEB
:105CD00083C0D23F7D3F753E9F3CCC3EE5F29FBFE7
:105CE0000C93F9BF3FC62CC0F2B0F0C0FA7EAA3FB9
:105CF000B8AF7F401B2F853FE71DAF3F7AC72D40D0
:105D00001DC94140B68434407424FF3F228EC5BF74
:105D10005D6D01C0A24586BFDC46A3BF73D712BE2E
:105D2000CAC3823ECAC3623FACADA83F2428BE3E70
:105D3000BA4964409F3C4CC0B1E181BF228E41C052
:105D4000772DC3C074B555BF74B519C012146BC09C
:105D5000B98D02C06D567DBE273188BFE10B93BF60
:105D6000D5E7AA3F7E8C354029CBA44095D489BD88
:105D7000917EDB3F014D044014AE473FFF2135C00B
:105D8000787A3940D7A340BF57ECA73F925C1AC03E
:105D900080481FBFCCEE4540F2410340711B1D40BF
:105DA000AD69A6BFF9A07FC040A43FBF158C3640A7
:105DB00065AA203E8FE48AC0D20029C1ACAD8640DE
:105DC000637F894019E22C409D1195BF849E4D3E12
:105DD0003F571BC06076EF3F4BEA043FEFC913C04B
:105DE0002D431C402B18253FE56161C04D8475C0D3
:105DF0006F8108402063A6BFDDB5243F6F8120C0BE
:105E000081044940736871BF810409402B8766BFD4
:105E1000567D2A40AAF1BA401B0D104036CD3BBE3C
:105E2000D49A62C0091B02C01DC9FDBFC3F588BE5C
:105E3000643BC73FA1D6A440EE5A84408A1F733FFB
:105E40000B244CC013F2C1C00BB59AC0107A36BFF8
:105E500067D50BC0DE930BC03789013E39B4A83E2D
:105E6000B072883E4BC88F3F33C4F1BE17D9324061
:105E7000696F983FC58FD13EA1F8F93FF853233F92
:105E80002041113FCBA101C0B37BF23F39B4504058
:105E9000348027BFAF2524BEC729D23F3CBDEA3F8F
:105EA000DA1B84C0D122D3BF6822EEC0DDB53040FA
:105EB000CD3B4240F706AFC04703AC408CB98B3EA8
:105EC000A470A54011C73A3F378901BE569FD3BF82
:105ED0001B9E2AC0BC05E6C0BD52DCC0547474BF12
:105EE00034112A40857CD03F933AA1BE431C0FC099
:105EF00039D6D53FD9CE81405D6D5140280F03C0C2
:105F00002B8726BFBBB83140E4839E40355EEA3F15
:105F1000804883C0BE9F5ABFE86A0F4044FA5D3F85
:105F2000E78C38BFFBCB5E3F68B3923F5C203D40BF
:105F3000789C023F9565E83E5917124105C55BC044
:105F40000091C6BFA39212C0545283C023DBC1C0CC
:105F5000E02D60BFDF4F6540B68420407CF2F8BF83
:105F60007593B83EDF4F5D3FC4422D3FF7E461BEFD
:105F7000772D25C08C4A90C010E987BF772DD13F7F
:105F8000B4C8163F158C823FF4FD343FFB5CEDBE78
:105F9000C4423DBFD6C505C034A28CC04FAFECBFD4
:105FA000886339400091F63FB8AF233F23DB9F4021
:105FB00039B47C40E3A55BBEE0BEAEBF8B6CBFBF17
:105FC00033C431BE7958A0BF20D22FBFE10B133D9F
:105FD000C6DC153F88853A3FF54A19BFE86A8BBF92
:105FE000B22E9EBF166A0DBF6E34F0BF705F9BC0AD
:105FF000075FA83F9C334640A1679B3FF4FDF43EFA
:10600000D1220B3FC74B773F98DD733F9C3326402F
:10601000917EBBBE79585CC0304C22C08C4A4ABFCE
:1060200094F6D63F5C8FB23FB22E6E3F9031073F61
:10603000EBE202404E6290BE6F1243BF57EC13C0BA
:106040001DC921C042CF9EBF39D693C0CC5D7B40D5
:10605000B98DAEBFC66D0440D0B301405C8F1A400D
:10606000E10B37409F3CACBDB5A6B9BF54E321C09E
:10607000E63F0CC06F12833C1A51CABF1CEB76C0BE
:106080004703F0BF17D99E3F6D56BD3FAC8BDBBCBD
:1060900013F241C0CF66953F1B9E464004E78CBB80
:1060A0003333E3BFD93D893FFAEDB940AAF16E40E1
:1060B000B072483FF54AA1BFB1BF6CBF43AD79BFD5
:1060C000583994BF3B70EEBEBBB86D3FCA32E43E58
:1060D000FE6537BFD8813B400EBEC040857C903FF7
:1060E000888513C1AD6926C0B5158B3F07CE6540C5
:1060F000287ECCBE45D860BFA60AE6BE94F64240D4
:10610000022B07BE9EEF2BC0A857E2BF0A68123FC2
:1061100062A188405305E33E80B7703F22FD36BE42
:10612000CFF77FC04469BFBFC6DC3DC0304C163FCF
:10613000C0EC3E3FF77510BF1B0D58C058A8194062
:10614000C976AE3F0C024F40508D3B40C66D243F98
:1061500006128CBF4260853E13F201BE13F2413E2F
:106160003C4E613F7368B340917E8F403108ACBEB6
:10617000151DD13F250681BF9A080F401826ABBFD9
:1061800017D95AC001DECABFABCF5D4045D830C079
:10619000B7D138C0C1CA813E38F88ABF59175FC02D
:1061A000D93D79BFE71D173F55C190BFDFE077C0EC
:1061B000C05B34C06519323F1D5A0CC0E10B73C07F
:1061C0000D712CBEA54EA03EF1635C3F1EA7683D3D
:1061D000BADA0ABE5EBABF40A2B41740DBF97E400D
:1061E0000681153F82E2F7BF327729C03FC6FC3EE9
:1061F000F2B0304007F0BEBFFFB22B3FA1F8E9BFBD
:10620000B37BF23EBD528AC05BD3F440DF4F2DBF5B
:1062100066F784BF832FD43F82E25B4077BE07409E
:1062200089D2D6BF423EF8BFACADF8BE7DAE363D9A
:1062300054520BC06E34C8BFBC74CB3FCDCCBC3FF6
:10624000C442F5BF7E8C1DC0A245BEBFC4426D3F97
:1062500012146F40B003F73F4F408BBF107A66BFF8
:10626000D04428BF423EE8BEF5B9923F1DC9214047
:106270003D0A67BF9BE609C089D20E3F5530BABFC1
:1062800088F423C0560E8DBFD0B3E13F50FC9C4034
:10629000265311C024974F409A770440F706AF3F2A
:1062A000431CBBBFA392DABE1361A33FC1CAA13E88
:1062B00034A29C3F5986383F637FC13FDAACBA3F76
:1062C000BF7D0DBF469446BF55302EC0CE8882C0DC
:1062D000A5BDE93F910F2E402B187DC0371AE0BFB6
:1062E0007AA500C00B24883E05C5F73F4A0C123F33
:1062F0004BEAECBFED0DA0C0A91370C03E7930C0D1
:106300002C65993E000090BF1283303F68223040D8
:1063100042606D408D285D409D11D140567D62C028
:10632000736879C0F1633CC00AD7433FFE43C23F64
:10633000EFC91740DC68A0BF98DD43BF2F6E43BF95
:10634000EC51D8BFD04414C0E25887BF7FD96D3F0D
:1063500051DA4BBF560EBDBF9D11D5BFE9480E3F68
:106360002F6E333F44FA5940B4591441CF66B53FBC
:10637000FB5C1D40FE434ABF206372C0AED887BF9E
:10638000499DA8BF567D4E407A361B3F1B9E1AC0C2
:10639000EA9576C0492EFFBFF0162C406ABC20401B
:1063A0009487553F8126523FD0B3993F5EBA393F1B
:1063B000948709C01AC093BFD8F024BFCB10034004
:1063C0004A7B33BFAED80FBF9EEFA7BDD6C50D3FEA
:1063D0007AA5D4BF0AD7633F8CDB883E64CC9D3F4F
:1063E000CF6615BEBE30214013F2154036CD0BBF2F
:1063F00024B90CBF50FCF83F083DA5402EFFC13F1B
:1064000083C07EC0E5F2C7BF9F3CC4BFB45931C052
:10641000B5150FC08CB94B3FC6DCCDBF3D2C14C0A9
:10642000A167133FE0BE8040C72972404D844540BC
:10643000B6F31D4052495DBFE0BE1EC0992A78BF29
:10644000E3A5F3BF4BC85FC042607DC0CD3B7EC0BB
:10645000BE9F9ABF67D5CFBFBE9F4A3FC0ECDE3E0E
:10646000C286573F3E79903F5249ED3F143F164058
:106470000EBE90BE621008BF304CD63F5E4B284027
:1064800075020ABF29CBF0BFF7E42D40CEAADB404E
:10649000DE937F405BB103C0158C5ABF789C8AC0E5
:1064A00090A01CC0C7BA38C07CF2B0BEFB5CF5BF80
:1064B000F085B9BFC364EA3E7FFBFA3FB1502BBE03
:1064C000EFC963BF44FA09C052B81EC04703C0BF3A
:1064D000E63FAC3F4D845540B1BF2840D26FB73F37
:1064E000A5BD1540645D7040D2005A408F53D43F23
:1064F000BADAA23F234ABBBEE9B70F3FF54A25C02F
:10650000D881B3C05BB15FC08C4A86C01D38C7BF9D
:1065100075930C40F775203E7CF2D0BFD9CEEFBF0B
:106520006C7806C020635E3FB0033740D5E7823FFA
:106530009D80A240F16374C0166ACDBE8E0688BFEE
:106540007FFB8ABF3BDF1340C4422540E02D80BF64
:10655000250631BF6EA3A13FEE5A023EE7FB89C07C
:10656000E10BDB3FED9E0C3F6E34403E91ED9CBE57
:106570002FDDA43D7B142E3EE9B7EFBE7E1D38BF54
:10658000A089403F9CC4983FC74B9FBFC58F013F28
:10659000D49A424016FB5340B1E1394057EC0340D6
:1065A00054742CC0FE4336C0DD24BEBFC8075DC096
:1065B0005BD3C4BFBA6BA13F9A089B3F12A5FDBE37
:1065C00001DECA3FC66D384080480F3F75024EC09D
:1065D000431CF3BF0C9319C01283C03CDF4F6DBF47
:1065E000992A90BF6C78D2BF0F0B61C0E78CA0BF17
:1065F000E3A5EB3F75029240B5A6893F8A8E24BE83
:106600002EFFD13FFB3A60BFAE47D9BF6EA3813E9C
:1066100035EFCC40A52C5BC059173FC02AA9FB3FE2
:106620004D1550C04B5980C02F6E03BFEE7C2340E8
:10663000FBCB42C0C5FE06C089416CC03E79844098
:106640007E1DC0409F3CACBF3B70AE3FE3A583BF07
:106650007368A940B0720D41508DE7C0C7BA34408D
:106660006900E540D95FB6BFF0A700C174B5F5BFBA
:1066700029CBE83F8D976EBFF24147C004E7F43F56
:106680006F8192406DC5B240643BDFBF426025BE62
:106690002D4313C12D438E40AEB622C0C4422540C7
:1066A000B1505BC09FCDFABFBC7413BE3480B7BA83
:1066B0004B5906BF6F12A3BF228EF53FB003873E32
:1066C000AB3E773FC1397F406ADEE1BFE9B75F3F4C
:1066D00071AC6B403FC6BCBFED9E0CBF3F358640E2
:1066E000D0D516BF226C783F17B715C0E483A6C07B
:1066F0004D1584BFC05BE8BFF2B060BF48E1B2BFD8
:106700006B9A37C0EC51A8BF5EBA193F8716054097
:10671000DE020140BE3099BC7CF21440C3D3A740D6
:1067200058394C4083C00A3F0F0B85BFC729AA3F89
:10673000C3F594C00612C4BF5396D9BFD3BC833EE1
:10674000ED9EBCBE20D28940865A9B3FD656ECBFF8
:10675000992A40C0CA3274BF13F24940DBF95A404B
:106760009BE605409031F73E091BCE3F05C5973F9C
:10677000B762C73F8BFDEDBFA1673FC0931844C010
:10678000045694C0C1A8D4BF44FAAD3F1C7CC13F9D
:10679000F90FF1BFEA04243F7671933FBF7DC53FF7
:1067A0007AA53CBF0F0BDDBF8863D5BF931804BE2D
:1067B000547434BF05C54F3F68229CBF9D8080C084
:1067C0003199A4C075934CC00DE01540A60A363F20
:1067D000B1BF2C40DBF90E3FABCFFD3F5DDC9E40EF
:1067E0001058913F1CEB223F5DDC064008AC7C3F1B
:1067F000C807A5C0F8C28AC03CBD8ABF9D11ADBF05
:10680000A779EF3FE02D503FF46C96BEBDE354BE38
:106810007E8C21C0D95F66BF33C41540363C3D3FF6
:10682000E2E949409CA243409A9991BFEF38C53DA7
:10683000226C983F89D25EBC74241BC03480D7BEC2
:10684000A323D13F61545A408AB06540E17AB4BF76
:10685000992A64C0E9B74B40F5B902405F070E3F83
:10686000FF2101C08C4AD23F8CDB50C0E7FBC93FFF
:106870000E2D84C0C05B70BFF90F293ED5E7EA3EFC
:1068800007CE99BD95650440F5B95A3F9CA2C3BE99
:10689000158C4ABEC7BA803FB30C1540151D414048
:1068A000FA7EAABEA32301407FFB2ABF4D154CBE32
:1068B0004260F5BFC807CD3F014DC4BECB10273F96
:1068C000F5B9FA3FA8C6AB3EF1F402C087A785C070
:1068D0007A36B1C044FA314043AD693EB4C8F63EA1
:1068E00051DAF33F7B14DEBFB22E5EC0819557C0F4
:1068F000C976A6BF371A003E4FAFC4BF07CEF9BF57
:10690000CF6609C05986A03F53966D40FA7E42403B
:106910000EBE503F832F1440F0162040BA498C3DE4
:10692000C6DC6DC0F9A02FC012140FBFD509F03F0F
:10693000006F813E5F29DBBF3A92C3BF17B7B13EFC
:1069400026E4AB3FE6AEA5BDFD878CBFCD3B0EBFB9
:106950001FF4384005A3923E1F850B4043ADD93F3D
:10696000C66D5CC027C22AC0AEB63A40D191F43F92
:10697000F016A8BF2CD4923F1361A3BEA1D620C0AD
:1069800076712BC0764F2E4081048140BA493C403D
:10699000E78C4840287EC43F8FC2F53E04E70CBC1C
:1069A00093188CBFAE4799BF0F9CF3BE789C223ED4
:1069B000C976FEBE7E8C79BECF6661C0249753C077
:1069C000197397BEDCD731BF448B60C024B930C087
:1069D0005C8F423D0E2D723EFE431AC0CC5DEBBE75
:1069E000711B6DBFC28667BE7FFBF23F158C6A3F8D
:1069F000EB73B53E4ED189BF65AA1440B9FC174070
:106A00003A23D2BF24285E407FFB6AC099BB163E62
:106A10004772B3409565E0BFF2D27DBF89D2DEBE3A
:106A2000575BD13E3789413E5305DBBF98DD23BF1D
:106A3000D26F6FBF530513BFBA49AC3EAED82FBF5C
:106A4000696F703F65AA603FE56161BE6210483FB3
:106A500067D5DFBFF77580BE4FAF44407E1D983EBF
:106A60002CD44240F706CFC0E63FC4BF0B24A83F5A
:106A700093A9FE4012839640E2E9D53E363CBDBF65
:106A8000F54A1DC0158C2ABF6DC51AC090A048C01C
:106A90004BC803C01FF48AC0F4FD54BEE17ACC3F5A
:106AA000CC7F2CC04703F83D8FE498400C02914006
:106AB0007DAE0240363C5D3F0B4645403480DF3FB3
:106AC000A8575ABF48506C3F6A4DB3BEE78C30C0E0
:106AD00083512DC04F1EBEBF832F943FFFB21F4076
:106AE0001DC901C0E4834A403C4E91BFA9A48E3E1B
:106AF000C3F528BE6F121B401D3807BF711BCDBEEA
:106B0000B8406EC0B22E7AC0E71D873EC1CA21BD13
:106B1000B515A1C0F853BB3FEA04FE40A1F8E9BF98
:106B2000F706F1C08885F23FB537783F075FE6C0CA
:106B3000A301F84017489C40DDB5A8C06744A740B2
:106B4000A1D6CC40BC7404C19A77BAC002BCE53E61
:106B500017B7F5404469CFBE355E9A3ECF6605BF94
:106B6000A30194BFB003C7BFECC059BFFC18E3BF7B
:106B70007FFB2ABF0B46C53E4A0C7E40AE474940CC
:106B8000780B64C09FABADBE780B58C0ADFAAC3F7C
:106B9000EFC98F404F40A3BF637FD9BE1748803FE6
:106BA000F54AA13FD04444C080484F40423E68402F
:106BB000CB10A7BEC7BA6CC0789C8CC09A7740C077
:106BC000AB3E3FC03A2332C086C978C0B8AF174049
:106BD000E86AC3409487853FA60A36C00681153E01
:106BE000A5BD21C0F90FE93F9CA22B4094F6F640C9
:106BF0002B18453FED0D5EBF1EA7283F76E09CBDDC
:106C000014AEF73FC217564076E02C4097FFF03E97
:106C1000EA0454BF613245BF14D074C0DC6838C088
:106C200034A274BE23DBB1BF8E0670BFB8AF833E03
:106C300074465CC04D1518C0C74BEFBF2653EF40DC
:106C4000A1F82940B1505B3F4FAFFC3F8FE4223F9A
:106C500055C10C40211FF43F81260E40D7346F40B0
:106C6000355E3ABD6519AA3FBA6B89BFE3369CC051
:106C7000A7E880C0F6971D40F9A0873FAED873C043
:106C8000206376C046B6633F6F8104BF88F417C0A7
:106C90006076A73FA8C66F40378965404CA64A3E3C
:106CA000857CD03E6FF095BFBADABABF9FCD0AC0DF
:106CB000F9A0BFBF97FF98BF136133C0F4FDECBFCD
:106CC0007FFB923F50FC7040068129C05EBAA13F15
:106CD000AC8B1FC0508DBFBFAEB6223FD509584008
:106CE0005986283FC442DDBF48E12ABF09F9C03EAA
:106CF000D0D58E3F696F703D64CCBD3F5A649B3FD9
:106D00002B87C04048509C3F66F75CC087A71BC0DC
:106D1000D1915CBF0F0B11C089D2DEBA99BB96BB73
:106D200054E3853E61C3533D11C75ABF6F81143F81
:106D30008941E0BD12835C401AC0BB3FE948AEBD4B
:106D4000022B3BC0A4DFBE3DED9EA43F0000903F60
:106D500017B721BF190480C08E758DC0D93DC1BF42
:106D600062A1AE3FDB8AFDBD44FA4DBFCDCC1CC055
:106D70006D56874034803B40029A5040E3C740C084
:106D8000A167433FCB100F40812622BF3B702EC02E
:106D900014D0E4BF4F1EEEBF87A7273F6DC5FE3D51
:106DA00014AEE7BFA5BDE1BF560E31C0FB5C853F09
:106DB0001B9E66402EFF2D402EFFB9C0DA1B7CBF04
:106DC0005B4236404A7BA3BEAAF15E405B42224052
:106DD00088F49B3F51DA4340C3F58A4096431B40F9
:106DE000E5F20FBF8F5364BFA8C68BBECCEEB13F98
:106DF0008F53F43E3D9B05BF1B0DB0BF2B87F63E66
:106E000024281A40AA82A1C0933AB3C066F738C0BA
:106E10001C7C1DC055C1F03F7C616640B5157B40B0
:106E2000A5BD8BC0BBB80DBDF54A59BEFA7E6ABE82
:106E300077BE6FBF7E1DD8BE3D0AF7BF5DDC16C0B2
:106E40004A7B3FC054520FC037894D40FE431A4021
:106E500090311B408E7511BF4703C03F9E5EB1BF8E
:106E6000C74B27401C7CF1BFA8C6B3C011C7EA407E
:106E7000C520A83FAF94E5BE6B2B8EBFC807F5BFFA
:106E8000304CA6BF03090ABF1A5182BFB9FC27BF05
:106E9000F8C2043FF5B94ABF1B0DB8BF9D1183C0AE
:106EA000E9481A406D56C53FAF25643D69005F4013
:106EB0002CD4DA3F0AD753BFBD52E63F8C4A064076
:106EC000B459053FA7E8E8BE5A643B3EF9A0673EC7
:106ED000F77510C0B3EACBBF98DD33BF8D282940CA
:106EE000F70627401D3881401904F6BE25753AC0C3
:106EF000D0D562C0545227BF29ED09C04F1E0640AD
:106F000062A19E3F5986983E355E6A3F72F903C082
:106F1000645D244040A4DFBDADFAA4BF645D24C01D
:106F2000849E15C04BEADCBFA91310BFB6841CBFFA
:106F3000871635C07F6A24C0098A57C0E41411C07F
:106F400055301A3FD3BCC33EB7D1BC40A857B84058
:106F50004B59FE3F17B7313FF9A09F3FE3A54F4084
:106F6000BD52D63EB4C8263F0091EE3F3255B0BE6A
:106F7000E41401C06F1233BFC1393FC0166A1DC08F
:106F800073D78ABF925C5EBF992A18C04F1E024019
:106F900041829C40BA6B8540986EA23F1136B43F47
:106FA00032E6F63F60E5F03F40A47FBF674441C052
:106FB000C74B4FC0AF94E53F3D2C9C3F2428F6BF04
:106FC00039452BC06B2BCE3F3BDFE1407FD90C41D5
:106FD00054523F40F90F15C0D7A3D2C06E34C8BF7A
:106FE00070CE4040A54E80C0F90F81C00E4F1FBF2C
:106FF0004C3719BF8BFD55BF516BA23F508DB73E2B
:1070000058393CC0E4839EBF39B4A8BEE5D01640D1
:107010006E344440091B4E405A648B3F71AC0BBF29
:107020001361033EB7623F40F0A7C6BD99BBA6C03F
:10703000B840CABF70CE24C055C114C01A519ABE00
:10704000D5092C40E5F20F3F5D6DC5BF992AF8BF09
:107050005C8FCA3F3B702AC046B637C07D3F69C0CF
:10706000F5B91ABE24B9843FF2419340BB2733409F
:107070008F5314BFFAEDEBBDE86A6B3FC217844033
:10708000265335BFCBA149C0CFF70BC091ED20C02F
:107090000DE05DBF4F40FB3FE7FB7140F697ED3FD2
:1070A000D93DD1BFF31F72C080487FBF7DD0833FE1
:1070B000DC46533F2BF61BC0287E58C0DA1B2CC081
:1070C000AEB652BFFA7E8ABF9A9919BDEC2F4BBF5C
:1070D00041F1EBBF30BB07BF68227440B9FC1340DD
:1070E000925CCE3F7A368340B459B5408FC285BF9B
:1070F00055C1A83DCDCCCCBDAE4701C007CE09BF20
:1071000036AB12406B2B563FD5780DC0D57859BFA2
:1071100099BB0640FAED5F409E5EA9BDEC2F9BBE79
:107120003A92DBBF8F53AC3F62A1AE40750246C0BE
:10713000EE7CBFBDABCF95BF46B6A7C01F851B4039
:10714000832F0CBF7FD971C07368F9BFF5B9EA3FCF
:1071500063EE3E405B422E3FAEB6EA3F1895A44038
:10716000D509E8BEA7E8183FDAAC1ABFA913603FFB
:10717000E02DC0BF1AC0DB3E6D5611C0764FA6BFD2
:1071800068B32ABE2506D9BFC7BA983F9CC4C2C0FF
:10719000948787406DE7FBBE1EA7683DBEC12BC02C
:1071A0007DAE4EC0068195BEF2D22DBFF931324080
:1071B000CF664140228EE53F6C090DC0553046C078
:1071C000DE02F13FEA04143F4013D1BF3F35F63FE2
:1071D0006FF09140363C87C0143F46BCB515134054
:1071E0000612B4BE189524BFBDE3204003781740B3
:1071F000CDCC0C40E7FBF1BF60E5A8BF1F856BBDA0
:1072000031082CBF598638405DFEC33E4772793F36
:10721000D3BC3B40F1F41ABFA69B5040BBB8214001
:1072200017B7D13A16FBB9C0827376BF16FB9BC065
:10723000D42B4DC01AC05B3F96216E3F23DBB93E75
:10724000D1919CBE96436BBF1B9E8EBFB9FC57C0AD
:1072500077BE27C044FA7D3F583934BD302A69BE15
:1072600004564E3FE9B7DF3FE9B7034014AEC73ECF
:10727000FE658D40DBF9BA4040A4D3C0569F47C09D
:1072800096438BBDB9FCA73ECCEEC9BDB0038FBF02
:10729000575BF9BF60E51CC0E10B8BBF4260ADBF1F
:1072A000CE88923F39D63540A301704074242B40DC
:1072B000CD3B2E40BF7DED3F2F6EB33F4A0C6EC0DD
:1072C00041823AC06C789ABF319986C0B6F33D408E
:1072D0000681D53E9B555F3E1B9EA6BF508DAFBF1E
:1072E000E0BE6EBFADFA94BFFFB21BBF8D971240D8
:1072F00061C30B40C1CA494072F957402E9000400B
:107300003F354EBF863886BF1361333F54E3E5BF38
:10731000DE93C7BE5BB11BC0FDF619C0A7790BC0D9
:107320004E622040D26F1FC0F628FCBEE78CF83FAB
:10733000C1CA21BF9A9981BFB003E73FA69BC4BFD2
:107340001973DFBFB5A699BEE258173F8CDBE83E44
:107350002AA9BBBFFE43C2BFA77917BF0A68B440C2
:10736000A1F869C0499DF03F8AB06D4075934440D3
:107370000DE069C023DB89BFD881E33F849E69406B
:10738000492E7F3E000024C05B42A6BFDB8A9D3EA3
:10739000A5BDB9BF89D23EBF1AC083BFF6976D3F66
:1073A000F0A7C6BD0681B5BF29ED0D3FB072004004
:1073B000560E494060761740F93136BF7E1D34C005
:1073C000BC74E3BFFED4F0BF54E311C0583994BF7E
:1073D0006F128B3F7E8C39BD8FE4D23F57ECAF3DAF
:1073E000575BE9BFCE8842BF992A80BFBBB88D3CAE
:1073F000D1911CBF5839343C280F1B3F62A1D63DA8
:1074000039B4C83E0EBE3440B537D8BE068195BEED
:10741000CFF75F4089D25E3DB76237407AA58040A2
:10742000B29DD73F363CEDBFB4C83AC04F1EB6BF81
:1074300019E268C0105801C0EFC91BC0C1395BC058
:107440009BE6E5BFF9312E40C442D340C1CA11408A
:10745000083D9BBD840D0BC08941883F7FD99DBEEF
:107460000BB5463FE0BE88C09D1197C0863822C04C
:10747000BC9684C0D3BC17C06ABCF43D9CA2733FC9
:107480006900EFBFF241C73F82735A404A7B733FA6
:10749000A7E8C44026E4A140182657409A088B402C
:1074A000426055BFE0BE8E3D2CD49ABF10580DC02F
:1074B00070CEE8BF3FC65C3DA4DF863FD34D323F70
:1074C0003C4E413F984C15C06F128DC0E6AEE5BFF3
:1074D000F90F95408351E9BF5C8FC2BE764FDE3E07
:1074E000226C683F091B963F13F281BE158C7ABF50
:1074F0005AF5D13FDC68C03EB3EA933EF2B088BF94
:10750000B537803FEC51683F696F103F88F41BBF6F
:10751000705F37C010E953C027A0A1BF575BD93FA8
:107520006B2B163FEC51244038F83640711BCD3F91
:107530006ADE0540C0ECDE3EAA60843F8C4A9A3F7A
:107540005F0732C05DDC16BFA1D6B43D3E7934C0C2
:10755000F853B3BF54E3653FC217C6BE1973F7BEF5
:10756000789C26400F0BB5BD8863BDBE1973E940FA
:10757000BB27D73FC3645A3FA52CD33F44FA8FC0E3
:10758000FAEDEB3BBC96F8BFAD69E6BFAE4725C050
:10759000A47069C0499D14C024281E3F5227A03EF4
:1075A000560E0D407FFBC0C027C2AEBFDCD7C1BEA8
:1075B000A857CA3C9E5E293F6F81443F96B2544013
:1075C0000E2D4640B4C8463F4D151CBF12A5853F41
:1075D00003096ABF492ECF3FEB7313C1547486C0B1
:1075E000DB8A2540666612404A0C06402AA93740CD
:1075F000D044C83FB459B5BE4260E5BC637F854006
:1076000007CE2140F54AC1404ED13D40767183BF3F
:10761000C58FB9BFD9CEB5C03CBD7AC05A647BC056
:107620005E4BCEC0462525C0197395C0F5B9B2BFD3
:10763000613249406ABC8C4011360CBF25062D4092
:10764000F46CC2409487C5BF3D9B754054E3B53F81
:10765000158C92BF6C78FA3E029AA83F827302C0E2
:10766000DC6810C060760BC0A5BD4140A7E880C0B3
:10767000A245AEBF645DFCBFB29D9FC0EC51784097
:10768000759324407B8333C0D6C5A7404B5906C0B1
:10769000C520944034A2F43FC6DC753E83C09A3FB7
:1076A0005F07F63F3C4E01BFACAD04404BEA54BF10
:1076B000A913B8BF19E2903F2653853E8B6C9B40BF
:1076C00088F487C0637F87C0CFF713BE12142740AA
:1076D0002B878E3F42605DC00A68E2BF4772A13FC0
:1076E00048E1FABF9A7794C075023EC0287E6C3F8D
:1076F000EA04443FC4B10E3F48E1BABED8F06CC0C2
:10770000516B82C08D28A1C0A60AA63E31084C400C
:10771000560EDD3FCC5D3BBF3A923B40BC9670407D
:107720009A08274001DEA2BE79588A409D11F53F94
:10773000AED897BF83C04A3E827312C017D96E3F3E
:1077400044697340CE1945C04A0C823D5E4BF0BF80
:10775000D200DEBF910F82BF77BE1F3E1E162ABE2B
:10776000FF2179C0234ABBBE7AC7A93E5BB18F3FD8
:107770003A23FA3FA24586BF319912C0789C6A40ED
:10778000C807B140E9484EBF08AC7CBFF4FDFC3FE0
:10779000A4DF4E3F0F9C63BFC3D3D33FDFE0DBBF0B
:1077A000182653BEC8071DBFC5FE724058A83540F5
:1077B00075028C400E2D9A3FC217C0C023DBC1BF9B
:1077C000CA3264C060E5603FB3EA53BF5C20713FDA
:1077D0006822ACBF33C4F9BF32771D4067443D40D7
:1077E000A7795340431C13400F0B853FA245D6BEDB
:1077F000A245B6BD8E7591BE67440D401361D33F5F
:10780000F163AC3E3A238ABF51DABBBF5C8F62BFE3
:107810005F29E33F04568E3D4BC8FFC0BB27ABC07A
:107820008863B53F371A38C04D844DBEA913B03EAA
:10783000A2B4473F744614BDB30CF1BF71AC9B3F7B
:10784000DDB57040728AC63F613295BEB5A68F40E5
:10785000C74B1B401D5A043F8CB9A33FC44245C0CF
:1078600081268AC085EB09403411DEBFE2E925C0DC
:107870002E90C0BF8351B1BF8E0600BFAAF1223F38
:107880006D56F5BF0612FCBFC7BAD8BF86C920C067
:10789000D3BC47C07AA5C4BF0B24784051DADB3F84
:1078A0002BF6914069001340F016E0BFA7E8E8BE50
:1078B000E2582F40F77510C067D5E7BD6666AE3F4A
:1078C000D42B0140547484BE696F403FB9FC073C1F
:1078D0001283C8BF8C4A3AC0E78C74C06C78AAC0C7
:1078E000F46C12C0083D53C02FDD4C40D2007E40E6
:1078F0004A7B95403480734023DB5D408273263F92
:107900003411763FCA32C43D8E06C0BFF085993F20
:10791000BB27E7BFE4149DBD19E238C05DDC76C02B
:10792000917ED3BF74B53540849E6D40AF94353F92
:10793000B98D86BD03787B3F02BCCDBF81950BC05E
:10794000B7D1C0BF9CA223BF46251140BBB8DD3FC5
:1079500014D08CBFCF66853FCA32B43F2CD41A40B6
:10796000BDE3C4BF73D70640C217CE3FE7FB19BFC4
:1079700024288EBF74B595BD083DBB3E8A1F0B40C1
:10798000211F243F1E1652C02B1887C06F12033AC6
:10799000FE438440D26F3B400BB58040637F81BF84
:1079A00092CBE3C0A470BDBEC364CA3F9E5E293EB5
:1079B0006E34F8BF948759C0A779ADC09A7758C084
:1079C000CE19113E190456BEA1673BC07E8C75408E
:1079D0006210AE405B420A40EF38D5BF8C4AEABC29
:1079E000992A744020D2CFBFE9B7CFBEA7E858BFCD
:1079F000F241174020D2AF3E9FAB2D3DB1BFACBE90
:107A000083C00640D9CE7340E3C7BCC0A7E886C098
:107A1000B8AF37C05EBAA54030BB95C0BC05B4C096
:107A2000A52CE33E07CE6540FFB2C1401CEB1AC057
:107A3000C9761EBF9A0803407E8C654052B8E44068
:107A4000C13995C065198640DDB5A43F206332C1B8
:107A500039D699407424A9C06C7816C03789F13F93
:107A6000D509F0BFC9E533C0832FAC3E6A4DF3BFE3
:107A70007368D1BE05C55F3F14AEE7BEAF25CCC06D
:107A8000CBA1E53E88632D4060E524407A368D40E9
:107A90001F8599400B46A5BE575B7140280F2F40AC
:107AA000F2B030C076717FC0AE47BFC0AF252CC0EA
:107AB0006DE70041E336664020639E3F42605D40D3
:107AC000D5E7AA3EF31F323F3E7998BFFE650FC04F
:107AD00086C904C07B83AF3D1E167E403255903F61
:107AE0007FD99D3F10E9273F3D2C74C091ED6C3F3D
:107AF000166A59C0D7341FC0C3F520C0F7E401C0CF
:107B0000B53788BF2506813F4182323FAD69DEBF70
:107B100097FFC8BF7DD0CB3FDE713ABFB515FBBD27
:107B2000CBA1DDBF36AB1A405C8FE2BEC3F5C0BF50
:107B3000499D784029ED0D3F9487653F6210944040
:107B4000B81E853EDA1B38404694663F5305A33D78
:107B500005A30AC0CE19C1BFF7E4813FD122ABBF54
:107B6000BBB85D3F2C65993D280FBB3F1F854B403F
:107B7000BB270B40158CD2BFAF2530C0EEEB30C019
:107B800000911240E17AF4BF26E49BC0B5A605C07F
:107B90005DFEC340E78C68407DAE06401FF4EC3EBE
:107BA0003F352EBFBC9610BD97FF14C0AC8B8B3FEA
:107BB0003A2342409318F4BF12A505C03EE83DC0E9
:107BC0009A081B3E3411B63ECCEE81BF6900ADC0B1
:107BD0008CDB18405DFE2340D65650C0FD877C40AC
:107BE00010E937BDF085B1BF96B2CCBF789CBA3FE3
:107BF000C9E5BF3FDE71E23FDC46633F2AA9733F20
:107C00000C023B3FD7A3C0BF3E79D0BF13F2D1BF18
:107C1000A60AC6BE591733402B180DC03C4E01BFF3
:107C20005E4B483E9031E5406ADE1D40AB3EBDC034
:107C3000F08549C096B264C04772EBC0DE02E5C071
:107C400094F6AEBF713D8A40560E094035EFD83EDE
:107C5000FBCB2EBEAA605C40D7342B40F1F40E4023
:107C6000BE9FFA3EF93126400C93813FAC1C6ABF9F
:107C70001D388FBFF9A0673F006F09403FC6DC3E4B
:107C8000D19194BF54E3A7C0226CD0BF098A2FC002
:107C900001DE52C0AF940DC0BEC1894050FC984077
:107CA0007C619840F9A0673EDFE01BBFC807953FA5
:107CB000DBF95640F5B90AC088855A3EC13993BFF1
:107CC0009FABB53FB459B53F4625B53E40A437C03C
:107CD0005305A3BD5A645FC0371AA03FEBE20240D0
:107CE00054E3E53EEC514840107A8C401F852B3E12
:107CF0000F0BADBF70CE88BD1058D93E1826DBBF24
:107D0000569F6B3E7D3F0DC0FF219D3EDB8A494063
:107D1000A54EF2C0431C3340E0BE764011C784C07C
:107D200073D7D2BF38F8C23F0AD7C33FE5F287BF47
:107D30004772B9BF29ED4DBF14AEC7BE3480A73F0F
:107D40007B8323C04D158CC027C2063F917E0F4018
:107D500087A707BF8A1F2FC093A99E4026E48B3FA9
:107D6000287E943F4772354036ABFE3FCF669FC0BA
:107D700005C58FBED42BD140ABCF21C0431CB3C0AF
:107D800004E75CC0583974BE234AEB3F711BCDBF7A
:107D900097908F3E20410D4196218E402BF6C3C017
:107DA0008E757140B37B5E40CEAA3B40098A17C0F6
:107DB0001D5AB0C0E6AE9FC0136103BE27A0093CA8
:107DC000BE30D93EDE93F73FB072C83FB0030F40DC
:107DD0009F3C843FFA7E1ABF3867E4BED200DE3C87
:107DE0004ED1413F22FD963FA2B4973E280F7BBF64
:107DF000098A0FBF014DBCBFF5B922C0B9FC85C0CF
:107E00003CBD1A403BDF4F3E48BFE5BF8D976AC07F
:107E1000DF4F9340D2000E40075F783F71ACF3BF55
:107E2000674415C0DF4F6DBF0E4F3FBF6F81E43E0B
:107E300086388040643B4F406EA3D13F48E1CA3F43
:107E40002041F9BF96439BBF4E620CC06F81F4BFC7
:107E500029CB54C083512940FA7E8A3F17B7B1BF5E
:107E6000D578693D9D80EE3F11C7A23FC4B1CE3F9A
:107E7000DC68C03E81263E40CA3264BFC1A8A4BFB0
:107E8000CF66953FA24502406ABC9C3FF4FD6CC0A2
:107E90007B146E40EC5144C06666F6BF12140F406E
:107EA000BA493CBFDC46033F567D8EC073683DC077
:107EB000FAEDEB3CFC1813C0B45905BFE3C7B83E5C
:107EC00052B82A4058396CC03D2CB4BEFB3ACC4065
:107ED0004D844140CAC302BED65610C08D28853F8E
:107EE000643B7F3F05C5A7BF6ABCFCBFE78C28BECB
:107EF000E9489C40CC7F083E43ADA9BFD1225BC07E
:107F000089D202C07F6A14C02EFF1140CC5D9B3F16
:107F1000091B96BF426055C08A1FA7C060E5684034
:107F200029CB2040B537C8BF93A95A40B072083F4B
:107F3000D49AE63F4D15CCBE59173BC054526FC082
:107F4000098A7F3FA69BC4BB6076D7BF81048B4064
:107F5000BEC1CF3F857C10C0D0B329C08CDB90BFA1
:107F600033C499BFC4423D3FB5153B3E8BFD9DBF19
:107F70005F074EC0F5DB17405F0732406DC5D63F47
:107F800098DD633F2731083F4A7BBB3FBDE36C4030
:107F90008351E1409F3C2CC065AA20C0CEAA9FBF60
:107FA000234A4FC0986EE2BF6D56F5BF55C134C02D
:107FB000431C5B3F789CD23FE4832E3FE2E9053FC0
:107FC0001748A0BF6ADE29C0A9A44EC005A392BE6F
:107FD0002B18153CFF210D3F5B421EBFFFB27BC03B
:107FE000E2E98F40DCD7CF405BD3DC3E7424D73F3F
:107FF000E9488E3F287E8CBEE7FBC9BFCE88EABF2A
:10800000DCD799BF1058B9BE6132A53F97FF90BE2B
:10801000448BF4BF948765BFC8075D3F44FAEDBE4B
:10802000014D14C051DAFBBF986EDABF3CBD523F20
:10803000764F1EC0D0446440E9B7A94058A8894093
:10804000AB3E8F3F1FF4CCBEA167B3BF3EE829C053
:10805000EC2F4FC0166A09C0EC5168BF94878DBFE2
:108060000DE08D3FD7346F3DE10B333FC44211C06B
:10807000D0B3193EBE3099BCC0EC5EBE098A8FBF3A
:10808000D73423406F81AE403F35BC40F085E9BE18
:10809000E2E9153D986E1E406A4D2B404E625840F5
:1080A000014D3840F241A7BFCA54A1BFB459F53EB3
:1080B000295CC7BF40A403C0CFF793BFD200AEBFB7
:1080C000A2B437BF7CF2903EC7BAA03F4C3749BE3E
:1080D0007CF224C0F54A593FD122FB3ED65640C01F
:1080E000E3C7D83EE78C08BFE7FBD1BF27C2BEBFBE
:1080F000FF21A5BFEE5A02C013F219C068B302C037
:108100003EE8A1BF780BA4BE204119404D84394000
:108110001FF42440F085F9BF2A3AB4C08A8E344057
:1081200085EB69403D0A7F40AC8B9B3FB515B33F63
:108130002063AEBEBC74EBBFFAED7BBFBD5216BE72
:108140002B182DC08126123FCB1047BDA2B413407F
:1081500090A04CC06132B740D26F03C00F0B65BF17
:10816000FF210DBFC286C7BF022B87BDAEB6E23F5F
:108170001D38BF3F97FF403FA245663F5BD33C3F62
:10818000AC8B5BBE394507C03BDFCFC08C4A80401B
:1081900005A32EC02B8736C03411B63D022B894073
:1081A00088F4933F8E75B93F16FB174057EC8FBE8E
:1081B000A470D5BFDAAC06C048E11E401895CC3F8C
:1081C00066F74040F706BF3FBADABA3F302AB93FF8
:1081D000FFB2D3C051DA9B3E46B6033FA1D6543F0F
:1081E000EA9512BFD191BCBFFB5C0D3FABCF853F81
:1081F0004694363F6210B8BE29CBF03E423E9E40C8
:108200002C653D4040A45B40BA49E4BF94F632C0BF
:10821000FE436AC09A992DC0E10B9B3F0E2DA0C072
:10822000933AB13F9621164060E55040D9CEE73FE2
:108230007424F73EC74BCFBF567DFE3F43ADE93FA9
:108240001C7C6540C7298440D9CECF3FE414A5C02B
:10825000668873C0D656DCBFF1F482BFE414AD3F2C
:108260009487C5BE2DB2B3C023DBB1BF5530D2BF9A
:10827000A69B44BD82737240A91310408B6C173FBC
:108280003F356A40F31F6A406D56A53FE3C704C0FF
:10829000B9FC434012149BC051DA1AC1B30C99C007
:1082A000BE3085C019E2A8C055C1A0BFE336164054
:1082B0001748703F8048C14036AB9A40022BDFBF61
:1082C0008BFDAD3F24970FBFEF3895BF2CD41EC058
:1082D0008FC2D1C01F8593C0F77580BEDC46433F77
:1082E000863856BF355E76400C027B40454742409B
:1082F0001E1606402EFFC93F9FCD6E40A089384014
:1083000026539DBFF8535BC0E02DC83FBBB8CD3F9F
:10831000A8577AC062A1B6BFEA04743E189514400B
:108320002497FF3D2B18054034A2CC3F3255503FD7
:108330002DB25DBEC1393BC05B429EBF3D0A8D4040
:10834000643B53C01F85B1C06822184048BF294014
:10835000840DC73F986E2240E02DE03F832F50C030
:10836000FCA991C0304C46BFDB8A7D3FB072883E8D
:10837000F2B0503FC0ECDE3F0D71DCBF696F74C0DE
:10838000448B1C3FCEAA7740FED4C0BF2E9098BF2E
:10839000E926A1BF583974BF40A4EF3FE3A51BBE37
:1083A000091B84C0560E0DBF4BC8473EB6F33D3F78
:1083B000158C9E40A54E9EC0857C28C011C73ABF33
:1083C00095D43DC0DDB55040D26FA9400DE0AD3F22
:1083D0007C61B2BE38F8C23C2C6509BF6ABC843FE0
:1083E00044691BC016FBBBBF2A3AAE40D5E70A4022
:1083F000470398BEE3C7F8BFFB5C9740D712723DB6
:10840000789CA2C05DFE533FC0EC9EBFA91358C02C
:10841000E3A57BC0431CB3BF4BC843C00DE06DBF99
:10842000CCEE254068B30640C1A81C40BC05123FF5
:10843000F31FA23FFE65073F8FE472BE4182A23F59
:10844000ADFA744090A04840F38E8B3FAE478BC08E
:10845000933A91BF3F353EBFEE7C3FBF7368A1BFEB
:10846000333343BFDE718A3FB3EAD33FDCD7993F52
:108470002EFF114026534D4070CEC83F6B9AA7BFC8
:10848000F01604C0C44225C0E02D10C01F85ABBF4C
:10849000E5F2CFBF3333233FC3F538408D28BD3FCE
:1084A000EC51A8BFA4DF4E3FE561A9BF11C7AA3FA9
:1084B0003B01EDBE7446104098DDDBBF7D3FDD3FE4
:1084C0001F850F405F298FC0C5FE223F925CC63FCB
:1084D000143FA6BF83C0AA3E1D5A94BFEA95323E00
:1084E0003E7988C01DC9A34052499D3E5AF529C016
:1084F000764F5E3FF54A81403867F43F6D567DBE4A
:10850000E17A94BFDAAC6ABF371A10C01F857B408E
:10851000DBF9324070CE783FDBF99EBE26E42B407B
:10852000098AE7BFA4DFC2C02D43A2C06132054063
:108530005DDCC6BDE78CC0BFC8983B3D917E83BF64
:10854000637F0140CDCC0C3E6ABC743EE9489E3F3F
:10855000083DC33F5DDCC63FEA95923F8F5358C04C
:108560003F354AC02F6E2FC0713D823FA167CF407B
:108570002AA9BB3FD044A0BF2BF657C0CAC362C0D4
:10858000FCA9ADC00E4FA7BF7FD98B40BADA6A40B5
:1085900036CDAB3F9A779CBCCA54E13E8AB061BDF0
:1085A0007368A13F5EBA9F402C65F13F5D6D8940C5
:1085B00011361040EE7C9F3F94F6A6BE3789E9BF86
:1085C000C7290A3FA24576BF63EE1AC0C5FEB2BFF7
:1085D0006DC5AE3F0AD713C0128382C0B29DC7BF1C
:1085E00039B454C04A7B85C0FC1877C026E467C004
:1085F00032E612C00C02EB3EB1508BBEE3361ABE1F
:108600003199DABF4ED1113D7CF2C03F151D893F33
:10861000F90F493F302A493F27A0893C60E550BF08
:1086200054E3A53D5A640B3F62A19040234AE540C4
:108630002BF697BDE2E93DC01F85BBBFF2B0883F76
:1086400096214E40A8354540812632BFE8D96CBFFF
:1086500018268B3F31082C3EE4836EBF615432BF35
:1086600026538DBFFE651740EC2F8B3FD3BC33BF25
:10867000AF9415BF2B87BEC0979087BFE6AE8B40E7
:10868000AA60243FA1D618C0A60A96BF865A93BEF8
:1086900014AEA7BFF5DBD73D2EFF2D40FB3A484077
:1086A0005C8FB23F19E22040D5E75A3F3F3586BF85
:1086B000742433C005A3DABFB150F3BF863856BE69
:1086C000029A90BF9621AE4062A1763FB1BF9AC098
:1086D000BF7DD53F85EBB13EE4142D3FFA7E6ABFE6
:1086E000A32355C0C7BA20C01214A7BF787A1DC0F3
:1086F0009CA2CBBF1A51DABD96B2A43F1B9EDE3DB1
:10870000B5A6293FC52070BF8BFD09C0499D84C017
:1087100068910D3F295C6B4034118C40CCEE914048
:1087200073684D40029AE83F8104F53F72F9AF3F0C
:1087300009F9A0BF93A9B2BF3BDFCF3E85EBF1BEE5
:1087400095D4A1BF89D24E3FF6282CBFAB3E5BC06B
:10875000690053C066F7384027C206BDB7D18640CE
:10876000B4C8563FA9A416C0ED0D0EC00C935540D9
:1087700031999ABF7E8CF93F34116A4076718740F7
:10878000AED8973F1361EB3FD6564CBF3C4E51BF1E
:108790003EE8793F917E0BC0F31F1AC01F85EB3E68
:1087A0009A0807C0B81E05BEEA95BC40CE884EC0E8
:1087B000F8C2B43F39D641C04BEAA0C03C4ED13DCF
:1087C0009487FDBF11364C3FD881D33ED5E74A3F51
:1087D0003B703E3F8FC22DC06DE74BC0AF94CDBF05
:1087E00071AC0BBFCE1965407446943D40A4FFBEEA
:1087F0002063EE3E7AA54CBF9E5E19BFA089B03DB6
:10880000E3C76C4055C108BFA3019CBED509683FB2
:108810008A8E44BFEC51803F014D043E2A3AEA3F24
:108820009B555FBEF163ACBEA54E28409031D7BFCB
:108830001A514ABFED0D863F029A08BF98DD85C0E8
:1088400045D8284021B0723FEC2F9BBE9031A7BF86
:1088500071AC2BBF4469BF3F2DB28D3FF2B07CC0DD
:108860006C78923FA69B34C0B9FC3BC0764FDEBF0C
:10887000143F8EBF832F4C3F21B0823F3B7012408C
:108880006822E43F4469D7BF19E208C0B84082BDFE
:108890009FCD1A3FAB3EAF3FF90F093F863836C038
:1088A00052B8FE3F903177BE9CA2EBBF19731740C0
:1088B000575B9540295C4F3F67D5073FB22E4E402E
:1088C000EA953240ED9E14401283C0BD091BA6BF3D
:1088D000917E2B3F006FA1BE65AA04C0F9A0E7BE40
:1088E00066F7243EE8D92C3DF31F72BF696FD0BFF5
:1088F000508D87BFEA95D23E539661BE0AD733BFEB
:108900004DF30AC03D9B253F35EF3C40EBE206BFEF
:1089100002BC35C0560E35C0B459D5BEBE9F26C068
:108920008048EFBF21B0A2BFC3F598BF0D711CBF37
:10893000D20096BF7AA5ACBDE09C8340D26F7F4049
:108940000F0B75BF51DABBC00D7168406D56814089
:10895000B29D3740713DE2BF73D7223F45D82040DA
:10896000DF4F05408C4AF23FE3C7C0BFCF6665C00A
:10897000348089C0151D35C03BDF2FBF4FAF543F3A
:1089800058CAB23F4FAFB43E903183405DDCCEBF9A
:108990001A51AA3F295C0F3F6A4D03BF6822D4BF1A
:1089A0003FC63040B51583C0E336C2BF1EA7A03F07
:1089B0003E79983EC7BAC83FE10BB33E643BB7BFB0
:1089C000AC8B03C0865A13BF41822240713D4A3F9F
:1089D0002F6E5B40D42B3DC00309DABFE78C58BF34
:1089E0000091863FB9FCA540B1E121C0FA7EA23FCB
:1089F000CE88D2BC4B59063D81959BBF014DA4BF8B
:108A00005BB16FBFFD879CBF39B4D8BF1904EEBFFF
:108A10005F07AE3E6688C3BF9E5E81BF91EDCC40CE
:108A2000211FF4BFFDF6453F569F1B3F36CD374013
:108A3000B4594140E3A5134001DE62C020D2AF3EED
:108A40001B0D00BFD93DD5C0795864C0A9A42E40E4
:108A50004260494094F6E6BF66F74CC0DE71CA3EFC
:108A60004772C93FA01A2F3F0EBE00BF1283983F26
:108A7000705F1BC0871639C06822ECBEDE02093F5A
:108A8000022B034074249D40ED9E4C3FD93D393E5E
:108A900091ED54401B9EF8C0CE882EC030BB07BF5E
:108AA00067D5D7BF33332BC0113686C0E71DC7400B
:108AB000CC7F84405DFE9B3F234A5BBF54E34D4027
:108AC0005F9830400B46554092CB13C0F706BFBFAE
:108AD00095D4A13FCAC33EC0984C154037899540F4
:108AE0005E4BF8BF8A8EA4BE41F1433F97FFB83F6B
:108AF0000D71843FF90F493FF931E6BC1A512A3F05
:108B0000083D0B401973234039451F40F90F35408C
:108B1000BDE314C0C58FB3C0DDB584C012830CC0E3
:108B2000A2B437BE61C363BF05A33AC01136044087
:108B30009031E73F711B8D3D0BB5A6BD5DFE033F38
:108B4000F90F69BFBC74FB3F8D97BE3F8A1F43BFBF
:108B5000A4DFB6BF8E75B93F787A1140492E873FA2
:108B60003BDF43406FF02540C89853C06ABC38C013
:108B70000E4F6BC0A1D67CC0840D0BC03411F6BE65
:108B800072F9A540107A2EC060E5D0BE9487E7C088
:108B90006EA3813E57ECDFBF32E69A4062A11A40D5
:108BA000DCD703C1F085A9BE67D5873F6210584066
:108BB0007E8C09BFFF214D40BBB86D402F6E3BC07E
:108BC0008B6C2C41CF669D40ED9E02C1AA8261BF95
:108BD000CD3BAEBFE9B777403C4EC13F3789C13E80
:108BE00021B0EEC0B98D66BF865A1F40B6F31D4056
:108BF00011C71AC0AF94B5BFBDE3943E27C206406B
:108C0000FFB21B40643B8740DC467FC05452D9C052
:108C1000325588BF19731B40D95F163F43AD994049
:108C20008A1F63C0DE71A2BFC89885C0A1672FC02C
:108C3000A01ABF3F46B6BB3FC3D36BBF9643BBBF73
:108C40002497A5C00A680EC035EF583FBE9F5A3F13
:108C500048E1D440F90F293ED71212BF5E4BA8BE9F
:108C60009BE6494048E1BABFE63F543F3EE8254015
:108C7000BF7D1140BA6B7540917E1F405305EB3F9D
:108C8000234A1B40575B913E6ADE2DC07CF2903E2A
:108C9000A3010CBFEFC923BF2D219F3EB37B823FB1
:108CA000BDE308C03E7958BFFD8798C0485020C03A
:108CB0005C8F9A3F423EB4C00B24B03F2AA9474084
:108CC000560ECD3F948771C0D42BEDBF7A361B3F33
:108CD0004CA65ABF3789D1BF26E467408FC2653F93
:108CE0002F6EFB3FACAD6040637FB9BE925C1EC08F
:108CF000333343BF6C0949BF2506C9BF9D11653E8B
:108D000032E61EBF51DA9B3D58CAF2BEF016C83F8C
:108D100050FC2C409318943F89D25E3FB762D73FF6
:108D2000A1F8A13F74B515BFF6282CC004562AC07F
:108D3000787A75BF3B01D5BF8E752DC0A913B8BF1A
:108D400063EEFABEDBF9E63FCAC3C2BFDCD791BF10
:108D50003411A040B6F383403D0AC73FAD6972C0ED
:108D6000C9E50B4021B02240E336D23FDF4F3D3F03
:108D70002575623F42CF663FE09C31403E795840C6
:108D800071AC2340CDCCEC3E2CD402C0492EEFBFB9
:108D9000C9763EBEDB8AE5BF211FA0C07CF264C05D
:108DA0006D56A5BF545203C04D84EDBF6ADE813FAE
:108DB00052493140280F8DC0D93D5DC06D564DBF21
:108DC00044FA8D3E71AC234080B7184010E9A73FAC
:108DD000E02D103E7A362B3FDFE0F33F925CC6BFBA
:108DE00054E315BF19739F3F6D560DBF2B87763F18
:108DF000D9CE0FC0151D39C0508D6FC09BE6C54040
:108E00008126264098DDD33EC1CA8BC044FA8BC070
:108E10002D435440849EFD3FCA32FCBFE5F28FBF14
:108E2000857CF0BF0681ED3F0DE0214093A922BF74
:108E3000083D9B3E6F127F40DC46E33E71ACABBF0A
:108E400059172BC0228EC53F64CC354085EBB1BF8E
:108E50000C020B3FC4B17EBF8273463FB3EA033FAF
:108E60008D28ADBED34D423F01DEC2BE01DE223FA2
:108E70007DAE36BDC5FE323F07CE15C0B6F30DC080
:108E80005C2061BFF628F43F9D80FE3FADFA28408C
:108E900046B6BB3F17B7913FC58FF93FC9E5DFBE67
:108EA000AAF1DAC091EDBCBEFD87CC3F5EBA694045
:108EB000910F2640F2D27D3FBADAEABEA5BDC9BF06
:108EC0007AC7B1BF31085CBF17B751B99FCDAA3E71
:108ED00041820240B6F3F53F4850CCBF810409C03F
:108EE00088F40BC0A47001C099BBDEC05AF5854060
:108EF00066880F400B46353F40A49F3F711B9D3F46
:108F0000075F48BFF5B9B2BF3FC61C3E6519823F37
:108F1000B29D8F3F8638B63F39D69740D34D8640B5
:108F2000780BD4BFD5E7BA3F8863DDBE3199A2C0C4
:108F3000E6AE95C081044DC017D94E3EB81E55BF50
:108F400024970F3F304C66BF575B99BF1214FFBE8A
:108F5000098A57C031994AC0D9CEF7BEE02DD8BF93
:108F60000B46B53FAB3EEF3FB37BF23F58CA323FB3
:108F7000499D0C400612443F5F07AEBE79E986BFAB
:108F8000917EFBBF55C19C40B5150F4052B8DEBE67
:108F9000E92661BF6FF041C0711B8DBF7AA568C023
:108FA0003D9BED3FB684104098DD733F39B4A8BFB8
:108FB000F0A7863FA2B4773FD93DB93FDCD781BE49
:108FC000DAACD23F64CC0D3F38F83240EE7C13C0AF
:108FD000F4FD4840418262BF6E3400BF05C581C0C8
:108FE000211FD43E569F03C02AA9B33E8C4ACA3FD4
:108FF000BD5216BE17B799BF88F4A3C045D8D0BFDD
:109000008CB91BBFF9A067BE51DA77C08A8EB4BF96
:10901000DAAC84408E753540F2B0B2409C330240E9
:109020009318ACBF1EA788BE0D71D43F5C8FE23E83
:1090300036AB3EBF35EFD83E1E16B04018955C40AB
:10904000302A79BFC2178E3FA52CA33E849ECD3E09
:10905000DDB564BF71AC85C0075FA03F07CE81BF9F
:10906000CAC3E23F7FD9B5BF54740040AD69D8C0D0
:109070002B87B6BF857C60BF3B01FDBFCFF70340A8
:109080004FAF9C3F6666063F764FDE3E8104ADBF24
:109090008E0638C01AC043C0DA1B1C3F462511405B
:1090A0005917BF3F7FFBBA3F6C7846409CC4C03F16
:1090B00040A499C08CDBF0C09D8026BF9CC400BF3B
:1090C000C1CA3140CAC33640E2E9853F20415D4014
:1090D000E17A44BF08AC6440098AEF3FF7E421BE5F
:1090E00073D7E2BF05C5AFBE8D282DC08D2845C002
:1090F000E17AF4BF08AC48C0B003873FFBCBFEBFAA
:10910000BC96F03E58CAB23D569F23400EBE30BEBC
:109110006DC55EBF9E5E094096B28C401B2FA3407A
:1091200048BFA3C07C6132BF36ABBEBF83C04ABD5F
:10913000499D503FFDF6B53F6FF005BDB072E0BFF1
:109140009FCD0EC01D5AA4BE6C78FA3FDA1B9C401E
:10915000E258F7BF7424E7BF8D2829C089D26EC0BA
:1091600008ACBC3E80B7903F58A89F4041F183BEF9
:109170002041B13F9790B7BF5F2993BFE71DE7BF7D
:10918000F2B0103E448B244093183C40A69B343FE1
:10919000D0D5D6BE39D685BEC1A8243E8D971EBF78
:1091A000E336BABEF24185405917B73EF085C93D56
:1091B000F6971140D712F23E7B14EAC0DDB544BEEB
:1091C000304CA6BE964389C06744E1C0992A9CC032
:1091D0009FCDCABF8CDBB83FA5BDF13FEF38153F2F
:1091E000C1A8243E1EA728C0F01688BF643BFF3EDE
:1091F000BA6B4D40C976CA40C5FE1041A4DF00419C
:1092000024B9DCBE14AE0740DA1B04C0A7793BC00A
:1092100020D2CDC0401339C0871669BF5D6D8DBFA8
:109220007FFBAABF9565083DCAC3E2BE8D978E3FFE
:10923000CCEE4D407FD97DBE933A71BFB150034013
:10924000D5E75AC0470358C02506C1BFBC96904019
:1092500065AA6040A245563F82E2A73E6519864056
:10926000A8C667C01FF48C3FB81E3540B1E19D40D1
:10927000643B9D40857CB8BF832F96C0840D3FC062
:1092800032770DC0A08904C06C787ABE02BCDDBF05
:109290001D5AE43E3CBDB2BE68B33A3F90A0A03F29
:1092A000F0A7C63F645DD4BF1973D7BC9790A7BF22
:1092B0006FF0753F3BDF73C0DF4F11C0ABCFF5BE22
:1092C000A69B443B21B08ABF228E65BF448BECBF76
:1092D00038F88A408FC211400B24903F6822CC3F5F
:1092E00059178D400F9C6340D6560CC0C28633C0C0
:1092F0002B879EBF3EE8D1BF492E7FBFAEB6123F3F
:10930000BC96B03FF5DB9140CB108940F628BC3EBF
:109310007A360BBFEC51F83FEF38454094F6A63E45
:10932000F2414FBFE0BE2AC04DF306C0522750BFE6
:109330002C659DC0759368C02DB2B740508D973C89
:109340001C7C213F33C42140D12281C0933AF1BF1C
:1093500030BB03C07AA5A4BF022B87BEFE43FABD73
:10936000EEEBE83FD34D52BF166AB5BF1AC0C940F5
:109370000B24A8BF39B40440D49A26BE43AD414063
:10938000CEAAC73F4A7B13C003783BC0B53708C09D
:10939000A69BC4BBD04498BEF8C2E4BE226C983EE3
:1093A0006C78CABF36CD9BBE32779FC0E8D98EC0DD
:1093B00058A8D53F0D71B8404DF39440F628704041
:1093C000190476BFB81E7DC057EC0FC023DB493FA0
:1093D00020638840F7756840CDCC08409A08DFC00C
:1093E0008D28F53F6076234039455FC070CE58BF69
:1093F0004F1E3AC057ECD73FC1A810C08351ABC035
:10940000A245F6BF5E4B18C039D63540E78CBC404C
:109410002E9058C09E5E493F7CF25440FED4383FA7
:1094200011C7844014AE33C093189C3F6DE783C0CE
:1094300005A332403867B24040A46FBFAAF172C0A2
:1094400064CC01C010E9EF3F29CBC83F80486F3F93
:1094500038F842BC1A51A640F85373BFB37BCABF59
:10946000E4831EBDE92671BEAAF11E40B6F32DC0ED
:10947000569F0BC00D7184BFBEC1C7BFFE43BABFAC
:10948000DBF9DE3E29EDD5BF29ED49C01AC05BBE30
:1094900065198A406EA301BF74B5253F42CFCE3F08
:1094A0002063CE3E545247BFFBCBEE3EFC18174024
:1094B000DE715ABFC2862FC0D7346F3D68B3664095
:1094C000E9B7AFBF17B7D13CD19100C085EB413FA1
:1094D000121447C0D656E4BF7593783F4013C93F76
:1094E000ADFA2C3F7FD93DBEB459F5BEE9486E3E7A
:1094F0002575123F5227B03FD7346F3F637FD13F6E
:10950000ADFA5C3E7D3F253F4772793F166A49C000
:10951000B1BFA8C047728BC0CE884A406ABC4840E1
:109520006FF01140787A9D3FEE7CFFBFFB3AC8BFD9
:10953000158C1A3F79E9C63F9D800640E17A1840B4
:1095400004E74C3FBA6B05C0A54E30C035EFC0BF35
:1095500095D4493E31998ABE2FDD44BF158CEABFB0
:10956000BC7423BFBB2791C0C729DCC080B7AE4005
:10957000BE9F2A408E06903F713D1240006FB13F62
:10958000696FA83FEFC913C00C930941C58F013F14
:10959000D1912CBF54E31DC011C752400C022BBF08
:1095A000C2170240C05B303F091BEEBF52B86EBF0E
:1095B000E09C99BFCB108BC0EA0424C06ADE313F27
:1095C000E02D98BF2653E53E7B1426404D84A53FF1
:1095D0005986F8BFDE93573F772DC93FC139133FF6
:1095E0007958183FBDE3F43E74B50DC0E2E9B53ECD
:1095F0004CA6C24039D641402C6515C0567D4EC0A0
:1096000062A146BF759300C0304CC6BE46941EC0D2
:10961000C4422D3F9EEF5FC0984C65BF234A8940EE
:10962000A8352DBF17B731BF97900A41933AADC007
:1096300044695FBFA167B3BEEFC953C069000FBFE4
:10964000462595BEF4FD384030BB43C0CD3B3EC0FF
:10965000B29DDFBFCDCC5440E4148DBFE86A8DC00D
:10966000EB73F5407DD0033FF9A037BF666666C057
:109670001973C14096212E3F211F8C3F705F9F3F81
:10968000431C7740E8D99040A392F23F3333433FE5
:10969000643BC7405D6D2140F2B09C409643EB3F78
:1096A0005227C0BEBA6BB13FBB27F1C02731DCC027
:1096B000CAC36EC0E86A9DC01EA724C0567D92C072
:1096C000FBCBAEBE917EBBBFDC46FBBFCB10B7BFB2
:1096D000D200524035EF2C401A51AABFC44265C097
:1096E00020635AC0A30128C0BC7423C079E93EC0DE
:1096F000DDB5E43F34A2943FE6AEE53F58A8253FF0
:10970000F8C27040CF666540643BDFBEC6DC3D40BA
:109710005DFEC33DE5D026C02B87F6BE9D1171408E
:1097200096B25040F241B73FE02DBC403945C73DAD
:10973000BC0556C0C36452C01D5A9EC0D656D4BF85
:109740007CF2403F0E4FAF3E6DE76B3F62107440BE
:10975000FD8786C04703F0BF744664BF8CDB803F43
:10976000EB7301408941824045D8D0BF9D116DC047
:10977000CD3BAEBF6DC5AE3F7CF2D83F5BD33CBDA9
:10978000D122DBBE569F3B4054E3853E613255C03B
:109790005B42DE3E02BC9D3F68B35ABF08AC5CBF73
:1097A000EB739BC027A0C5C045D8484054E39D40FB
:1097B00052274C40AA8283C09C3384C05DDC32C0F7
:1097C0007502A2BFADFA2CBF006F813C956588BEC3
:1097D000A3923ABFA1D634C0DC68F8BF3F35FE3E45
:1097E000D2000640A54E88403945DF3F54E305408E
:1097F0002C654940EFC96740371AF83F0F0BB53D5C
:109800009C3342BF68220CBF7E8C6D4052278E4035
:109810001C7C99BF81044DC0849E4D3E539699BFD8
:10982000BE9FBABE234ABBBED3DEC0BFBE9F8C4024
:10983000674409BF0DE0B5BFCCEE69BF9A9999BDE9
:10984000068175BF1B0D54404D15304013F2E1C029
:1098500023DB093F4DF38EBED34D823FEA04343EF5
:109860004182944077BE7F3F76715B3F24280EC0D3
:10987000637F8BC021B0823FA52CA340D1914C4087
:10988000F2B0B83F3D0ADFBFDFE06BBF9CC414C03D
:1098900048E1B2BFD712DCC0705F334067D597BFD5
:1098A0004260653D516BDA3FA69BA43EEEEB80BE65
:1098B000F5DB573DAD6922C054528DC093A942C01B
:1098C000A3923ABE522798BF58393CC0E4142D3FAA
:1098D000CEAA5F40C217CE3FE09CA13F02BC853EAE
:1098E0006DE7B34061547AC046B68BBFA60A864086
:1098F0007671BB3E4FAFE4BF7AC791BFFF21FDBC7D
:109900009B556FBF0B46C53E2DB2F53F7B836F3E27
:1099100094F6C63ED578793FC6DCB53FD2002240EA
:109920001B9E8C401D5A94C017D922C0AF250CC075
:10993000AC1C22C01895B4BE20639840BEC1173F2E
:10994000A857BABF4BC8F940F93176C0A1F8613FBA
:10995000F775603F516B98C0098AA5C0B9FC873D77
:109960009F3CAA40F4FDE4BF38F88AC09790FF3FBF
:10997000B0033B406EA391C0CBA1A540F4FD143FC2
:109980008A1F83BE7DD093BE2B87263FDB8A5DBFB7
:109990005F07CEBEF4FD24C09FCDAABDBC74133EAC
:1099A0005F07CEBF4E6284C0355E9AC0BE30D9BF5D
:1099B0002653054017D98C407FD915409487053D23
:1099C000E10BE3BF2E904040C72922405A640F406C
:1099D000423E483FF8535BC039B41440F9A0A73E5B
:1099E0007DAEB6BD92CB0B40B6F325409EEFAF3FA8
:1099F000D95FDE3FA8C63740BE9F2E40A54E90BF20
:109A0000469436BE8A1F733F1B0D803FD04498BEDC
:109A1000EB7395BEEB73253FAF25643E8716C1BF40
:109A200098DDBBC058396CC088855ABF197323C0F4
:109A30006F81843DC807D5BFD1915CBFD0D5563E5C
:109A400010E90F4039459540F0A77640A0891840AD
:109A5000FBCBAE3FE6AE85BEBC9640BFC3648ABEBC
:109A6000643B37409318943F992AD0BF014D8CC076
:109A7000E33662C0143F46BD166A5DBF2FDD9EC04F
:109A8000BE30F93EC4B12E3FEA048C3F234A2B3F3F
:109A9000CC7FA83EB45975BEACAD78BF01DE72BFB5
:109AA000CEAACF3E6B9A57BF3E7988BFC9E54FBF5C
:109AB000A913F0BFE10BEB3F80B7883F696F70409F
:109AC00088F42F4023DB11C08863B53F88F49FC022
:109AD000865AD33C4DF302C098DDFBBF7E1DE8BF24
:109AE000E9B72BC072F943C0B9FCD7BF206312405D
:109AF0006B2B263FA1D6E43F7424973FC05BC03F49
:109B000046B693BF166AA5BF22FD76BD4FAF60C0B3
:109B100002BCCF40D49A8240EBE2B63F9C33223D58
:109B2000FB3A30BEEB73E53F0AD7233F0E4F2F3C85
:109B300061545AC07DD04341B5A687C0B45985C091
:109B4000DE71B0C0302AD9BFE3A5A940DCD771BF10
:109B5000780B80C0C5FE4640A9A4A640DCD7B34020
:109B6000575B19406891ABC02D21E7BFB98D86BE08
:109B7000EC2F9DC0EB739D3F67D587BED1225B3D27
:109B8000174808C0E6AE71C08D9722C01283A8BFE7
:109B90004ED1B13F8273963FB29DE73F8D28194069
:109BA0009EEF07BFE63F54BFA2B4173F1F858BBE91
:109BB000FC18E7C0BD52EE3F1B9E7640E10B5B40B8
:109BC000D8F08C3F8CB985C033C461C02B1855BF09
:109BD000ABCFD5BE9A9919C07424173D9F3C7C3FEA
:109BE000A167AD406666EEBFCA549140F5B95ABD53
:109BF000CA3210C05A64EBBFE6AE4140FC18B33F16
:109C000075026ABF31996ABE7B832F3F6F811C400A
:109C10006E3400BD85EBCFC00F9C93C01F8557C02D
:109C200055C19CC0C6DC55BF07F0164051DA1BBFBA
:109C30008F5384403F571B3F029A383FCDCC8C3E18
:109C4000979003C0D42BE53E4F1E324019739340CA
:109C50004D84CDBE4D84BF4058CA0640F6979D3F07
:109C60004260FDBF1058A93F17B7913F917EA33FB7
:109C70001F85DB3FFB3A40BFEEEB74C0128390BF01
:109C8000DB8A3DBEA54E44C05C201D40107AE6BF75
:109C90002AA913BF4B5922402D21DFBE5305833F14
:109CA00083513940E4839040BE30D9BE11C74EC0C5
:109CB00081045DC062A1B6BE20631A400378814072
:109CC000F08559404D840540865A0BC03108A4C028
:109CD0006DE78BBF2E9010C0827346BEA089003FF7
:109CE000E86A8BBE713D823F53052BC02E90A03C8D
:109CF0008863ADBF1DC9D5BF17D94E3F62A1263FAE
:109D00004DF30E40226C48C0D73423C0014D44BFF0
:109D1000ADFAFC3F7DAEEE3F780BA4BDBEC1673F00
:109D200014D0743F211F8CBFF163CC3E05C5FFBF2B
:109D3000098A0F40E3C70040E86AADC0061228C098
:109D4000E3363ABF304C363FC5FEDA3FDDB57C40E6
:109D50007D3FD53F39D6FFC0B30C8340986E6E402F
:109D60005530BABF287E0141B684E43F0A6888C0F6
:109D700032778D4052B8194164CC01C068B30ABF34
:109D8000583964C0D200F6BF849ED9C01EA7B8BFA0
:109D9000B29DEFBF17B7C1402428DAC0EC2F4B3F6C
:109DA00093A9023E0B46FDBFD57881BF8CDBE83E10
:109DB00095D419BF5B42863F42CFC6BE744674C07D
:109DC0001973634094F6E63FDF4F4DBF7A360F407C
:109DD0007F6A80408AB021404BC83B403D2C3C40CC
:109DE0007F6A4C4042CF42C17AA592C0B4C8363F88
:109DF0004BEA84BD95652CC0D7347FBFE4141D3F6A
:109E0000863856BED3BCE33D8E75313E6519E23CC3
:109E1000B22E2E3FC1CA85C0508DF73ED734474081
:109E2000DD2456BF2FDDCCBF4F4047409C33AABF37
:109E30003B70EEBEFF213540CBA12D40091B2EC04B
:109E40006666963F426087C0431C8BBF4BC8073F86
:109E500060E510BEEC2F9BBFE2E965BF250661BF40
:109E6000325560BF8C4A7ABFF7E4813FFCA983403A
:109E700038F80A4068919D3F70CED8BFF2B0B8BFA5
:109E8000DD249E3FA301D640B3EA733EF4FD50C0EB
:109E9000A1D604BF849E09C014AE5BC0933A5DC0D6
:109EA0001AC08BBFBA6B193F1895B43E72F9AF3E1A
:109EB0008C4A6A3EB537483FE336823F4FAF104089
:109EC000711B7DBF6210B8BE2D438E407D3F6D403B
:109ED0007B14C63F3EE86DC0C1A8443FEA9502BF6F
:109EE0002041B1BEEEEB6CC0728A52C00D71CCBE87
:109EF00014AE8F3F903199400000504073D7EABFB5
:109F00003E7904C0BDE3943DFDF6A53F2CD41ABEB6
:109F10008351B93F80481BC06822CCBE1B9E1AC02B
:109F2000D7A354C04A0C36401904463FEF38653F6A
:109F3000C44261400B46A53D302A99BFD1913CC037
:109F400039B4583F92CBCF3F508D8F3FAF25A43FC0
:109F50002EFF6D4096B21440D5E76EC08A8EECC0DD
:109F60005F074EC0B9FC8DC0A1679BC032554C4005
:109F7000B7621740287E9040583984BFCC7F8E400E
:109F8000BE9F524027C2063DE78C0C40F46CEE3F6A
:109F9000D34D023F89D216C0C9764AC0A245BEBF82
:109FA0009D805EC007F05EC0D34D90C023DB19C01A
:109FB000A470B1C0780BEE407A364B4027312C406C
:109FC00039B48A40C74BEF3FC6DC35BDC8983BBDAE
:109FD0005AF519407B1488C0355E88C0341136C0EC
:109FE0005D6DB5BF3D9BB5BF780B8CBF4A7B033D14
:109FF000E0BE2E40E5F2CF3F9E5E7140A9136C405B
:10A0000032771940B9FCF73F8104453F3480E1C005
:10A010004772393E8FE47A40E9489C400F0B4DC0AF
:10A02000569FCBBE7C61D2BEDD2476BF522798BF3F
:10A030000AD7ABBF2E9088BF091B32C0C5203CC0D9
:10A04000F4FDA43F2C65D93FB7620FBF52B8D63F8D
:10A05000A3010CBF44694FBFB1506BBEFCA941BF07
:10A06000F2B0B03E03784B40143F0E4046B69140EC
:10A070001D38AFBFAB3EB7C064CC69C09D11ADBF4A
:10A08000ABCF153E0C02DB3F93184C401EA7483F58
:10A09000B84082BF9CC460BE7E1DB83F0C93A93CF3
:10A0A000925CFEBEE94886BFFC18333E8E75893F40
:10A0B000516B0240F2D2AD3F3F359E3FCAC3E23EF4
:10A0C00039B4C8BD22FD463FC6DC65BF46B69BBF5E
:10A0D0007B83F7BFD49A3AC0BD5280C0772DA1BE12
:10A0E00008AC94C08B6C89C0FCA98540CE19B340E4
:10A0F0002A3ABA3F01DE62401136B43FAF9455BFF1
:10A10000A7E84CC0CAC3B040E4830E406F81C4BE10
:10A1100090A078BDE5D032BF8E7521BFFCA91D404F
:10A12000ECC009BF0F9C93BE17B7594094F6064088
:10A1300083C03A40182603BFC21776BF8D286D3DF5
:10A14000FED48AC0705F73C0AA82893F7FD9A140C4
:10A15000E7FBE9BF0F9C0FC07CF296C01748703F29
:10A16000B37B224096B290C0098A1F3ECBA13540F6
:10A1700067441940E3C7F8BF4547223F569F4BBF8E
:10A180005249FD3F68B3CA3F74B5953FE6AE91C0F2
:10A190004E6210BFEEEBB83F6ADEE14071ACD9C051
:10A1A000F24191C0D26FC1C029CB00BF3255C4402B
:10A1B000FDF69B407E8CB93E9C339ABF66F704C087
:10A1C000DE71CABFBC9640BF910FDABEE948FE3FC0
:10A1D000E9482EBEE926F1BE7AC7F9BF4772C1BF72
:10A1E00007F056BE7D3F2D404ED17540643B854003
:10A1F000E86AD3BFF6974D3F508D4740A1D69EC029
:10A200000AD723BC86C95440CDCC0840B072B03FB9
:10A21000E258573E54524340BD52B63F2BF6973E4C
:10A22000516B9ABE1CEBA2BF03096A3F32778D3E89
:10A23000A089703F73681540304CD6BFC05B7CC0AE
:10A240005E4B5CC0226C20C0C286DFBF2C65913F94
:10A250003B7022C02D43EC40C05BFC40F31FCEC0DE
:10A2600090A00FC1287E0C3E67D553C0E3C7544071
:10A27000371A10C0A9A42AC0FB5CC53FFB3AE840CE
:10A28000711B2DBFFE43BABFA54E4040D578DD40BF
:10A29000CE8809C1B98D2AC029ED2140910F4ABF4E
:10A2A000C7290AC04547AA3FB003273E38671CC0EC
:10A2B00082739EBFFBCB7E3F65192E40B8AFF33F44
:10A2C0002AA9A33FB003C73E4A7B37407F6ABC3E02
:10A2D000C8073DBE1748B44057EC07406B2B86BFFC
:10A2E0002E90A6C0D7128ABF984CE7C0EE5AC2BFC4
:10A2F0003255303EB072283EDF4F7DBF8BFD01C02E
:10A30000865A47C06F1253C05DFE07C0166A0140EF
:10A310000BB50640D1919CBE1EA788BF7FD921C036
:10A32000B6F3B5BFB537E0BFFA7E3A4016FB8340BF
:10A33000143F26BF47032C40DDB550409E5E2540AC
:10A34000744614BF4D84EDBE24B9F4BF80B730BF4E
:10A35000DE718A3FDD24E63F82E2973F6210D83EFD
:10A36000780BC43F66F7643FB4C83EC0D0B3B54075
:10A370004B59624017D97EBF46941E403C4EF9BFF0
:10A38000D0D54AC096430BBD8CDBF8BFE3C7E8BF0E
:10A390006EA329C047727DC061C34BC093A9AABFF9
:10A3A000925C7EBFB30CF13E8D97EE3F96218E3EC0
:10A3B000F01664C02B18EDBF32777940107ACA408E
:10A3C000022BFF3F18261F40E92691BEF01608BE5B
:10A3D0001A517ABF492EBF3FB29D1B408126023FD2
:10A3E000E10BAFC0234AF3BFFE650FC107CE393F73
:10A3F0002BF627C07424EF3FD6C53D3F39B4024148
:10A4000017D916C08CDB86C02A3AACC099BBAC40C9
:10A410000DE0ADBE7A36ABBC74241F408D28E5BF7D
:10A42000FB3A094135EF28C0986E90C0AC8BDB3EFB
:10A43000A835CB40979017400C02A33FD26F873FBF
:10A44000D044383F17B7B1BF89D296BF1A513240B6
:10A45000AE47A1BEBF7D8DC07FD9853FDF4F4D3F49
:10A46000D6C56D3EFCA9E9BFE9487E3F7DAEC63F3B
:10A4700046948840A2455AC0E71DEFBF89D24AC022
:10A48000AA60F43E3C4ED13D48BF6140865A974099
:10A490006EA3C93F93A966C0E7FB19C0FE65573F8D
:10A4A00011369C3F4A0C8A3F4ED1B93F780B743F1E
:10A4B000C7BA883FE3A51BBC05C59FBF8FC26DC04F
:10A4C000F706BFBF8E06703D2D435C3EE78C60C033
:10A4D000B98D56BF5305274022FDA63F4703383E9E
:10A4E00082E257BFE8D94CBF9A772CBF7E1D48BF88
:10A4F000744694BC849EEDBF27A009BB5917DF3F6B
:10A5000024B90840BBB81940AC1C5A3F33C499BFAA
:10A51000992A18C00B46253EE3A5D3BF3D9B953E27
:10A52000448BBCBF6DE793BFF5DBFFBFB00373C0C7
:10A530007DAE62C0EA95E2BF98DDB340107AD63FA7
:10A5400088855EC0E2E90DC0DE9317BF75933CC0FD
:10A550003E791C405AF54D404FAF244038F8123F29
:10A560006A4DB33F9621CEBF6DC52A40ED0D8040A8
:10A570006C0989BF3A922B407DD01F40A69B1040AA
:10A580004CA62640A913204020632E4024B99C3EAF
:10A590004A7B13BFE7FB29BD1C7C1DC071AC9BBF70
:10A5A0000AD7A3BD5EBA2DC03D2C58C0C58FB13EA1
:10A5B000A7E8B03FFCA939C0E78C08BF76E014C01B
:10A5C0009A9989BFCE88BABF477249BF2041713E70
:10A5D000D9CE37BE925CE6BF3B701EC0265335BF56
:10A5E0006D56A5BF7DAE76BEE5F2E73F65AA184081
:10A5F00077BE9FBD18262BC06F81643F4A7B4740C2
:10A60000A2B41B40AAF14EC0EE5AC23FF46CD63F32
:10A61000234A5B3F64CCAD3FC3D3C33F910F8A3F16
:10A62000BA49CCBFE25857C0166AD5BF44FAAD3F0D
:10A6300045D8B6409F3CACBE0EBE50BF2AA98BBFCA
:10A640002731A83ED3BC9B3F728AD0C08CDB6440CC
:10A65000C1A8C43E42CF5AC0C5201040107AB6BE31
:10A66000E3A5BB3E32557CC0166A85C0006F7DC035
:10A670004CA632C0B84032C027A0593F7E1D0840CA
:10A6800079584C4016FB3F402CD47A3F37896D40B7
:10A69000E4142D4088634D3FA60AAEBF226CF8BD7E
:10A6A0002FDDEC3F158C5A3F17D916405C8FE23EE8
:10A6B0004A7B6FC07E1D903F8D28DD3FB3EADB3FB4
:10A6C000158C8A3FA913703FA2451240789CE2BEC8
:10A6D000206306C073D7923EE8D914C0B98D1EC05E
:10A6E000273160C0BA490CC09D1125BD711B8D3D3D
:10A6F000CEAA0BC06E34E0BFE86AAB3E3FC628402E
:10A7000010E999406E3428403E794C4066F7BC3FD2
:10A71000E78CE8BFCC5D13C01FF4ECBD97FF90BC85
:10A720008E06D83F9A99593FA835CD3DCF6605BFD3
:10A73000C4429D3F6519C23F211F24BF0E4F6FBF0A
:10A7400016FB4BC06DC53E3EDC464BC0B98D72C09A
:10A75000A69B6840E9B71F3F5917CF3F7AC7993F7B
:10A760009487853EDBF9FEBF55C19840F2413F40DA
:10A77000F697D5BFC3F5C8BFEA9552C060E514404F
:10A78000D93DF93D742427BF71AC933F6DE7ABBF52
:10A79000250651C096213EBF0309CABEF1F45ABF37
:10A7A0006132353F250625C01FF45440075F483FFE
:10A7B0003B0195BF36AB9E3EB6F30540711B79C099
:10A7C00026E407C01B9E5EBE6F8184BF287E1840B2
:10A7D000E8D94C40492EA7BF787AADBF19E20040B6
:10A7E000D5099AC0F5B912408BFDE5BEF9A0673EC8
:10A7F00024971340CFF7333F44FA2DBF3A922B3FB3
:10A80000F2D29D3F423EA83EB9FC8FBF0C9369BE79
:10A81000D49A663F5AF5D9BEC139C33FF2B0103E53
:10A8200030BB77409A992DC062A1D6BD22FDA6BF4C
:10A83000CF6629C023DBE1BF19E2D8BE67442940B7
:10A84000C7291ABFCE8802C0C7296A3F2575724042
:10A8500069001F408A1F83BE50FC1CC09FCDF23F81
:10A86000197317BE85EB313F90A0A0BF5BD39CC08E
:10A87000A7799FBFAD696E3F29CB303F696FA84074
:10A88000795890BF462575BE2B8712C0787A25C0AF
:10A89000D509F03FB4C8D63F0F9CD3BF34A230C017
:10A8A00014AE0FC00F0B053FA1D6CCBFC7298E40F9
:10A8B00088F48B3F492E9FBE234A6B3F18265BC00E
:10A8C0008C4AAA3F93A9C2BF9F3C7CBFD93D79BEA9
:10A8D00074467C405C8FE23E744610C0A2459440B2
:10A8E0009F3C00C0DE0211408D281DBF355EB2BF07
:10A8F000D49A66BDB81E3DC0B3EAF3BF47725D404F
:10A900002F6EC3BE48E1D2BFF4FD94BE76E00CBF0B
:10A91000D5E7E23F11C73A3C8CDB2840A4DF364044
:10A920008CDB083FEB73AFC02F6E27C07D3F753FB8
:10A93000F54A5940A3233DC024977F3BA8357D406D
:10A94000575B0D400E4F6FBFCA32CCBF4E62B0BFD7
:10A95000C0EC1E3E3EE809C0DAAC4A3F637FE93FE7
:10A96000C58FD93F09F9F0BF96215EBF27A049BF27
:10A97000645D5CBEBC96184088630940B515DB3F3A
:10A98000508D83C0EFC9333F1214F73FB7D1803FDA
:10A99000022B873C17B7AD403CBD92BF0DE085BF91
:10A9A0002E9000C017B7A1BFF38E0BC09FAB1DBF89
:10A9B0007AA5AC3E85EB5940D7348FBFB00337C082
:10A9C000250619C07B140EBFF085AD40EEEB88BFA5
:10A9D0009031FFBFE9485EBF71AC0B3D80B7903F3F
:10A9E000AA82B1BFC6DCFDBF4D843D400AD733BF4C
:10A9F000B072783F705F4BC00D7184409F3C3C3F0C
:10AA0000C898BB3E2C650540637F993E295CCFBE4C
:10AA1000894198BF43AD4D406C09A1C0F54A913FB3
:10AA2000F8C214C0772D81BFEA95023FE3A5134019
:10AA300051DA0B4026E4C33FE09CD9BF1904CE3F56
:10AA4000FA7EBABF107A7EC09C33D2BF6EA381BE9D
:10AA50009A77AC3F02BC653FCC5D7B3F21B00EC016
:10AA6000EA959640986E02C0A9A4464021B022C043
:10AA7000BE3015C08F53FC3F45478A3FE3C788BFB0
:10AA800074B59DBFFFB29B3EB00317BFA835CDBFC5
:10AA9000348027BFE02D0CC0F5B90AC014D0C43EE5
:10AAA0006ABC943EAF2514BFB07290BFFFB257C0CE
:10AAB000A54E10BF2DB2BD3E2041114053050641A9
:10AAC000849ECD3D053415C059176740F08571C08F
:10AAD0001B9E16406C78CCC099BB7E40C3D33340DC
:10AAE000BBB8C740871621403108A440F90F1D406C
:10AAF000832FDCBF48BF9FC009F9B6C06F8154C027
:10AB00009A77AA4029CB00409D80B8C0516B4A3F3C
:10AB1000DB8A4DC04260A53E16FB833F17D9AE3F8E
:10AB20003E79783F2506054034A20440FE6577BC97
:10AB30006F8154BFC74B8FBF4A7B33C0CC5D7BBF97
:10AB40009FCD2A3DCA54C13DEA959ABF01DE0EC091
:10AB5000FC1885407FD9B53F50FC30C0789C02BFBF
:10AB60009CA28BBF6154823F86C9143F787AA53E70
:10AB7000AC1CDA3F7E8CD13F34A2B43D07CE493FB6
:10AB8000B9FC0340151D1DC08AB0E1BF0C93A9BDDF
:10AB9000DBF9FE3D234A8BBFA77947BD27A001C043
:10ABA00020D24FBFEF38BDC04469234023DBF93EBC
:10ABB0003E793440643B0BC0A69BB4BFD5E74A3F07
:10ABC000E02D4C4087164D409643B33FD95F0E4071
:10ABD00077BEFF3E4260BD3FD509803F1B2FB53F8A
:10ABE0004BC8E7BF3EE8E1BF7FD901C0CC5D9DC047
:10ABF000A54EF83FD6C5ED3EF2412FBF5BB12BC04D
:10AC0000BADA0ABEAF9415C0499D60BF0E2DEA3F67
:10AC10002E90244035EFD83E295CCFBF9A99393F1A
:10AC20002A3A9A3F979023C04850E4BF8B6C03C0E8
:10AC3000B22EEE3FA7E8004088F4933FCFF7D33E13
:10AC4000E9260DC0226C28404CA682BF6EA3E1BE4F
:10AC5000DCD7813D643BCFC089D216401D38C94046
:10AC6000B4C8963F17B711405F980C3F89D26A402D
:10AC70009F3CCC3FC807C53FB6F34D3F34A21CC034
:10AC80006ADE91BF933A41C0804833C076710B4071
:10AC9000B459753FC9E581C06C78AABFDE711ABF8F
:10ACA0006519C2BFD3BC63BECF6649403A23864014
:10ACB0001CEBCABF992A3CC048501C40F38E03C00D
:10ACC0007958D8BF0F9CBB3F67D5BFBF6F8192C07B
:10ACD00052B87AC086C9EC3FA3012040C2863FC06B
:10ACE000B1BF48C06E348C40061238401283A0BEFB
:10ACF00004E704403C4E913E36AB3E3F3FC6C43F66
:10AD0000C139DB3F228EF53F4469FF3FFE43BA3F26
:10AD1000B1E1293F52B89EBD3D2CB4BF7CF22CC09E
:10AD2000FA7E1EC0CFF7C1C0B45987C0D19134C0DC
:10AD30001E168E40C3F5183F32779D3F3EE8114006
:10AD4000F1F46A3F92CB3F3EE9484E3F9B55BF3FEF
:10AD500068B3EA3E711B2DBF3CBD06C04ED1D1BECB
:10AD6000BC7473BF0091DEBE0B24C8BE9D8086BF3D
:10AD7000575B25C0ADFA84BFDC4689C0061282C08D
:10AD800065197640B81E1140454736403D0A93404C
:10AD9000492EBF3FF853CD40A69B9840E4830A401C
:10ADA00067D507BF4DF3DEBF0E4F97BF0456EE3E8B
:10ADB00068B31E40621080BFDD2432C05D6D253F48
:10ADC00079E9863F55C1283E9CC460BE6A4D9BBF51
:10ADD0004703D8BF744694BE249797BF9A9987C0FB
:10ADE0005EBA05C0C7BA283F492E1BC0B6F361C082
:10ADF000AA6004C0ED9E4C3F5452073FBADA82BFAE
:10AE0000AF2574BFDC68203FF628B43FD122BB3F9A
:10AE10004625D53F158CAA3F4182C2BECF66CD3FA5
:10AE20000456CEBEDB8AB5BFF7E441BF6F816040F8
:10AE3000EA9522BFBF7D3DBF2E9000BFC3642ABCF0
:10AE4000D0B319BE3B704E3C8A8E54BFB84022BF6F
:10AE5000B8AF833D6ADE413FA7798B40304C0E404E
:10AE600004E73CBF6519764065AA503F499D3440D0
:10AE70002063B6BF3F57B3BF865A63C0E86ACFC0EE
:10AE80005986C83F1904A63F77BE2B404772A13FA1
:10AE90003A23EABF4E6270BFC4B1D6BFA4DFF6BF8B
:10AEA000A2B49F3FCA54B13F66F7F4BFF08589BF93
:10AEB0005C20D13F07F09AC017D90EBFB81EA5BFBE
:10AEC000B4C8A84030BB2FC0DC682C40666676BF93
:10AED000DD241240BA6BF13F24B94840F7068140A7
:10AEE000022BDF3FFDF6053F871649BF76E00040A5
:10AEF000C9764E3FC3D39B3F9F3C80C01904163F89
:10AF0000D65684BF7368CFC0D200C4C03B01953F02
:10AF1000BBB87DC0C976CCC0764FFA40166A0540F2
:10AF200083C0E23F52277C40D49A12405D6DCD3FF2
:10AF3000B840423F789C12BF9031D7BEFB5C953F32
:10AF400004561E3F4DF3AEBE92CB9F3FDA1BCC3F63
:10AF5000CAC3DA3F3480E7BFA54E98C0ECC035C005
:10AF600014AE7BC0F7E401C068912DBFFB3A40BF2F
:10AF7000EEEB4C4066F7A4BEC9761E3F6744114015
:10AF8000F775CA40CD3BBA40B1BF2C406B2B763D24
:10AF9000759308BF8638DEBF36AB6AC05474643E12
:10AFA0000D7114C0F90F01C077BE1F407368113EC8
:10AFB000FA7E5EC022FD3EC08195A3BE674499BF64
:10AFC000426005C027C29E3F9B5517C0D20002C0F9
:10AFD000B5A6393F67D54F400D713440ACAD4C40FC
:10AFE00062A1663FF775903F83C06ABF97FF1CC0A0
:10AFF0005EBA19C030BBCF3F933A1540F9A0BFBF2E
:10B000009C33423F469452C0C3D307C0C1A8A4BFDB
:10B01000423EC83E9BE60940107AF6BE6076CFBF3E
:10B020004A7B83BE25067140CCEE2540759308BF50
:10B0300058A8053FA39206400612DCBFEA040CC0E4
:10B040005474CCBF02BCE53ECA5441C0B07244C087
:10B05000575B91BE48E19A3F7FFB86C0F6289C4033
:10B0600072F9A73F615452BF04E78C3C637F813F74
:10B0700060E5E83F74B5114026E4033D62A196C047
:10B08000925C6EC04F40933E74B5A53FFB3A90BFB3
:10B09000234A03C02653A5BEB537C83F3B01354000
:10B0A00085EBB93FA24576BE77BEBF3E547454BF10
:10B0B00012A55D3FF0A716BFCF6645BFC05B20BE9F
:10B0C000917E7B3E39B490BFC3F508C04CA6CABF81
:10B0D0007CF22CC034112A401C7C3940B7D1F8BF17
:10B0E0009CC4B8BF0EBE50404A7B4340D04488BF8A
:10B0F0000F0B75BE05C58F3E166A2DBF257556C050
:10B10000029AAC40304C0AC096219840BBB8294006
:10B11000FE433A403A237ABFD1915CC0A2B4A73F24
:10B1200076E09C407C614640B459F53DA91330BFA0
:10B13000B5A6A1C041F127C004560EBE79E9A63ECE
:10B14000CDCC70C03C4E93C0F775B8405F072EC0A1
:10B15000FA7EAA3EE4839EBD9FABAD3C2428DE3F31
:10B1600018952C40FFB27740C1CAA1BF560E0DC042
:10B170006B9A77C0CFF737C09318C4BE74249FBFB3
:10B180007C612E407424973F705F173FD1915840E7
:10B190008F533CC0A7E8483E9FCD1ABFD7A34CC0F1
:10B1A0005F981040B37BE2BF5D6D55BF6B2BBEBF98
:10B1B0009E5ED13FA0894040BDE3BC3FC9E53F3F13
:10B1C0001214FF3EFF215DBF61C3833F992A744083
:10B1D0006F122340FF21FDBE151DA5C03D0A85C08D
:10B1E0008048D73FE71D67BF8E0644C04F1E3A40D8
:10B1F000E0BE1EBFF38E85C0C58F91BF2BF6D73E34
:10B20000A8C6CBBEFC1893BE1DC905C0E948B6BF91
:10B21000F706973FE3369A405839B2409EEF074011
:10B22000B150FBBF3EE819BE651962BE20632AC05B
:10B230005A649BBF71ACC33F228E353EFE65F7BE9C
:10B2400014D0C43EE483963F1EA76840EF384540C3
:10B250008AB091BF948755BF90A0A0BF27A0E13FBF
:10B26000CBA185BEB30CE1BF87A795C0B98DFEBF4A
:10B27000006F613F34A294BEE9B73BC02AA957C012
:10B28000CC7FA83ED20022C06DC5CC408F532C404D
:10B2900081268A3FE0BE4640E86A0B3F265331C014
:10B2A000B76247C098DD1BC07FFB06C0B6F3F5BF91
:10B2B000CC5DC33F454702BF6F810CC051DA43C02C
:10B2C0008E06E0BFABCF014019044640567D4A4090
:10B2D0000C02C140D734EF3D029A14C0CBA11140FB
:10B2E0002CD49A3EE86AB33FBC96503E6A4DF3BDFB
:10B2F00023DBB93E88F4E3BFA323A13FC3642ABD87
:10B30000BC05123EE17A94BEDE0289BD77BE6FBFF6
:10B31000ECC0E1BF07F094C00EBE9240F9A0373FE9
:10B32000C807A5BF5F984C3F567DEE3F7C61F23E5B
:10B330000DE05DBFAC1C2ABF645D9C3E651922BE5A
:10B3400014AEC73E6C78FA3D7E8C993FA4DF8640F0
:10B35000F163E43F83513140D2006E3F857C88BF6A
:10B3600068B3A23F1F852BBEA60A16BF8FE422C07A
:10B37000E9483AC0C1CAA13F4625753EB45995C0B7
:10B38000E8D9DCBFBC05B23FAAF1023F3A925BBFED
:10B39000B98DC63E4260453F8F53A43F9A089BBF7C
:10B3A0000681A5BF92CBF7BF4BEA18C02B1825C06A
:10B3B0002575A23F075F4C4096B28CBEA4DF7E3E4F
:10B3C0001CEB5A40C4B1ACC0FBCB4EC0857C2840BE
:10B3D00085EB8140CC5D47C0E4831EC0696FB8BF78
:10B3E0009EEFA73DB81E85BDDAAC5A3FBA49304042
:10B3F000151D593F8FC2314052B852404ED191BFB6
:10B40000295C0FBF36ABB440C976C6BFEC2F4B3FAB
:10B410008FE472BEE41475C0158CE2BF4D8495BFF5
:10B42000AC8B9B3EDC46BBBFF085C9BFA2B487BFD7
:10B43000D5E7A23FE5D0A840BBB83D3F151D294048
:10B44000D93D693F9FABC5BFEE5A52BFDF4F1DC00C
:10B45000C139FBBF2653A5BEF85333BFED9E3CBE9A
:10B46000B072B83F643B8F3FC0EC1EBDE8D9DCBF73
:10B47000D509E83EA01A2B40022B07BEACAD04C094
:10B480003A23A2BFCA54C1BB8E06D03E42608D3F54
:10B49000666626BFEB73953E57EC6FBE05A312BEE2
:10B4A000211F043F97FFA8BFED0DF6BFEA04ECBFD4
:10B4B000984CB5BED6C52540F5DB473FF016783F22
:10B4C000E4141D3F2FDD24C04CA606C01973534061
:10B4D000C05BF240643B9B40B4C8F6BF4BEAAC3F54
:10B4E00024977FBDA54EA83FACAD1840E78C38C06F
:10B4F000E0BED63F2E90D83F560E6DBE014D0440A3
:10B50000A089D0BFD734F9C0645DFCC06F121BC0E6
:10B51000A4DF524048E13A3E705FB73F65AAF03F72
:10B520005C8F42BFE02D60C0832F04C0C1CA25C01C
:10B530001B2FFDBF1A51B2BFAD6902C039D60540FD
:10B54000E63F44BF840DD7BF93A9423EC364AA3FE0
:10B550006F1253BF257552BFC2171341A52C274048
:10B56000F628FCBE8CDB283F4FAF043F4B59863D8D
:10B5700068221C3F3F355E3E5B427EBE371AC03EAE
:10B58000D044583DA470ADBF83C0FABF3FC644C08D
:10B59000009132C077BEDF3F029A883D6EA3A9BFFB
:10B5A0006F12EB3F07CE993FD712223FF46CC63F94
:10B5B00026E49B3FD34DC23F2AA937C0A47041C0A7
:10B5C0003255983F48BFA53F3D0A9F3F9EEF87BE3B
:10B5D000539681BF75021A3EEA95723F8F53543FCE
:10B5E000DBF9FE3E82E293C0575BF1BE9318144034
:10B5F0004013013F27A0893B5F071E3FCDCCCC3CC9
:10B60000A54E903F5D6DA9404CA66A3FCE19D9BFAB
:10B610003A922740EA047040DFE00BBF423EE8BEAA
:10B62000462525C08351393FD0D542C0D57879BF52
:10B63000DE9307BFF38E9BBF5DFE833E79589EC0AD
:10B64000EFC9833E2575D23FF163DCBF615482BFF1
:10B6500050FC5040B7629FBED49A263EF2D24D3E77
:10B6600052B82EBFA392FA3E2DB2BD3EC3640A3F2C
:10B67000F5DB07BFDCD71540A0894840539681BE53
:10B6800031993A3FA913503C5452573F1E160ABFF6
:10B69000E09CC9BFA4DF8EC05F075640BD52AEBF5D
:10B6A00090A01CC003094A3FBDE3CC3FB8AF0F4098
:10B6B0001EA768BC95D4E9BF68B3823FBDE3943F41
:10B6C00008ACDCBE8638F63E34A2443F5BB19FBE78
:10B6D000A8C64BC04B59EE3FD6564C3F68227C4023
:10B6E0006666B0408C4A10C14A7BE7C07F6ABC3FA7
:10B6F000BF0EBC3E1136924096B24C40B537F83E74
:10B7000090A0D0BF3A92C3BF832FECBE5EBAC9BE31
:10B710000F9C43BFDD2446BF5839BCBF5F9804C0AF
:10B72000948771C06F8174C012A505C03D2C743F11
:10B7300017481840772D5540D0440840569F7B3F0E
:10B74000295C3F3F7AC7E1BFEC5108C0371AE83F98
:10B75000A1D6AE40711B9D40AE47E13E4FAF54BEF7
:10B760007C6152C0964333C05D6D59C09A08BB3F9F
:10B7700095D449BFF8C2E4BE8126A23EAC1C42402B
:10B78000F7E469405917C73F348007C06F81A0C0F4
:10B79000204131BFF01678BFE2E909404547723FCA
:10B7A000BE9FF2BF79E91EC0C6DC053F9B55873FAF
:10B7B000091B1EBE787A31C0865AE3BF6A4D9BBF13
:10B7C000AED8FF3E17D9CEBED8F0743D75020A4000
:10B7D000A2B4773FFC18333EADFA9CBEDAACAA3F68
:10B7E0002B870640FCA9313EEA9522BF143F12C0C8
:10B7F0008CB9CB3EBADA06400E4F5F3FB762B7BF97
:10B8000020632E40AF940D40DB8A75C04ED1DBC063
:10B81000E9B73F40DBF90E40D8F0743E99BB924047
:10B820003B704E3FD0B3F9BE09F9F8BFE63F243E66
:10B83000711B01C022FD42C098DD27C0FBCB2EBF8B
:10B840004625C5BFE09C91C0499D20BF075FC8BF8A
:10B85000166A8DBFE3C7A0C02D439C3F36AB8C401A
:10B86000AC8BDB3F7424573F98DD1340D34D7A40B7
:10B8700014AEAF3FF46C6640431CCBBF143FC6BC54
:10B88000A69B4040764F964090A004C0F5DB6F40E9
:10B890003FC65CBD9621AEBFAE47D9BFFB5CA3C01F
:10B8A000C286914046B6EF4040A44F3F5305C3BF08
:10B8B000583900C0857C14C06132F5BFD881EBBF18
:10B8C000B30C2D40091B8E3F55C1304003784B3ED1
:10B8D0000AD702C162A188401C7C09402D21973FF4
:10B8E000E09C51BF006F81BC250671BFAA604CC0AF
:10B8F0005249F5C0D0D5A8C017B7D1BECA32543FFF
:10B90000C7BA28BF394507BE91ED10C093182C4027
:10B91000A1F86140C9763EBE9C33124089D20A40EC
:10B92000F0851D40C28627C00378FBBFBA49ACBE74
:10B9300054E3E53EF4FDE43F499D4040C364A23F2B
:10B9400026E4433E02BC353F83C04640A3011C4071
:10B950002EFFC13F97904F3ED5E752C0BDE354BF85
:10B960000000203FCDCC2040BC74FBBF508D97C061
:10B97000CC7F04C0D5E77A3F1D5A94BF57EC97BFE0
:10B980006C09E9BF5DDC2AC067D50FC0925CF6BFC9
:10B990005A64AB3FE3A54B3F95D45140917E0B4099
:10B9A0001D389F3F1B2F75404CA67A3F09F96CC08C
:10B9B000226C04C0CE1955C07B145E4068B3804031
:10B9C000189500C0A01AF7BFBC96903F4182324044
:10B9D000E78C604062A1D6BE4B59EE3F41821EC04B
:10B9E000E7FB91C03255A8BF7593F8BEAC1C5A3E18
:10B9F00001DE824032778DBEEE5A3A406519CA3F69
:10BA0000BC05B2BE85EB51BF705FB340FB3AFCC0D2
:10BA10006F124BC0D42B6140D9CE8540BEC1FF3FD1
:10BA20004A7B53BF57ECB7BF0BB5C6BEF5B9823FD3
:10BA3000744678C06C786AC03FC610401214973FB5
:10BA4000D5E7E23F7F6A4CBF4625A5BF857CA2C0F3
:10BA500094879DBF711BAD3EBE308D40CBA1BDBF55
:10BA600008AC1CBFC2868140107AB63FFD87D4BFA8
:10BA7000C36466C0D8F0F4BF4E62B0BE0309CA3ECC
:10BA8000E6AED53F1B2FA53FC8987B3FCE88123F1F
:10BA90005DFE03BE3FC6AC3F4F40AB3F2AA9533EBD
:10BAA000EC2FBB3E492E7F3E083D9BBF8D9752C079
:10BAB000C0ECDEBFA32301C0A4DF2AC0FF21ADBFBD
:10BAC00024977F3EAA60D43E93A962BFCE888A3F66
:10BAD000FBCB1EBFDE02A13FAA60D43EB0030FC065
:10BAE0006891CDBEA835B53F55309C409EEFD34000
:10BAF00026E463C0D9CEEFBFFAED91C0423E60406C
:10BB00000C02AB3E9031BF3F4260C5BFD7A318C007
:10BB10001CEB4A40E63FBC3F8273463E8E75013FB8
:10BB2000C05B78405BB1BFBD68B3AA3EC3D3EB3EF8
:10BB3000D93DB93F022B67BF3945B7BF55C16040FA
:10BB4000D49AA8C03F35B6BF925CA6BF9FABAD3BB1
:10BB5000780B08C08BFD69C0B6F33D3E2DB2BD3EEB
:10BB6000560E953FE9B76F3EBB274FBFD5781940BA
:10BB7000F9A0A7BE8C4AEABE5BB197BFD95F76C079
:10BB800064CC0140772D55C06154723F77BE9FBD94
:10BB90000612843FC05B8240B29D2740AAF1B2BE2C
:10BBA000F90F81BFDB8AFDBDA54EC0BEB5A6B9BEEB
:10BBB000674499BFC1CA41C0BF7D59C0772D61C0DC
:10BBC000A32335C048507CBE52B886BFD7343F3F10
:10BBD0006D56953FDE93FF3F2F6E03405E4BBC409A
:10BBE00006819540E3C7283FB07268BE0EBEA0BF75
:10BBF00040A4DF3EC4B1BE3FFAED6BBB16FB0B4069
:10BC00003CBD984073D7AA40CB1007407F6A5C3F89
:10BC10005DDCF6BFAB3E8FC0567D3AC06666BCC0E9
:10BC200007CE193EC8981740A60A56C0D49AE63FD8
:10BC300055C100400E2DB23EAAF1CA3FCC7F88BF4D
:10BC400038F8ACC0530583BEF0A7C6BD151D293F0B
:10BC5000A91344C00F9C81C03F5723C0C520703E2C
:10BC6000EBE2363EC217A6BEB68424C0C442DD3F16
:10BC7000B4590D4065AAD83F295C2F40508DF73F3D
:10BC80001DC925BE7D3FAD407DD06B40A7E8A4C057
:10BC900036CD0FC0C3D33B3F787A253F4CA63ABF81
:10BCA0005D6D55BF2CD49ABE04E7AC3E4547C23FFC
:10BCB0001C7C813FA470254095D4793FE5D0B2BF6C
:10BCC000FDF64DC0CA326CC02F6EA3BD88F45F4034
:10BCD0001D38FFBF48BFA9C008ACB43FFD879840DE
:10BCE00001DE823D47723DC01B9E6EBF567DA6BFE2
:10BCF000D50990C024972FBFD044D03F14D0643FC3
:10BD000070CEE83FA5BD2D40BB271F403D2C1C40F9
:10BD1000075F283FAC1C9A3FAF940140772D813ECE
:10BD200086C9AC3F8AB0893F0DE0A9C09CA263BE22
:10BD3000ED9E28C01FF4A43F014D1040371A584013
:10BD40008FC2ED3F7D3FE5BF499DE0BF5A64C33FD1
:10BD500038F8324008AC9C3F7F6AFC3F0C93893E28
:10BD600014AEE73FCC7F4840068125C0ED0D32C0C0
:10BD700046947EC081261AC0226C00C0E3C798BDDD
:10BD80004A0C84C097904F3FCA5441BC46B6B33E5C
:10BD90005BD37C3E107AB6BE04E78CBDA5BD1140D6
:10BDA00026E43F405839B43CD2005EBF8D979AC01C
:10BDB0000B4605C00F9CB33DA3011040705F873D4B
:10BDC00061540AC19C33D2BF58A89B406E341440C2
:10BDD000D6C50D40AD6916C0B003FF3F3B01D53F4E
:10BDE00095D411C0B5A65D4052B82640075F40C04B
:10BDF0009C33C23F3F35AAC0AED87FBFB0031BC043
:10BE0000EE7C7F3E7CF2784046B603C0F2D2953F8E
:10BE100005C5CF3E7DD0A3BF8A8E244035EF08BF35
:10BE20007E1D383F4A7BA94012833040D2005E3DE0
:10BE3000E10BEBBFBB271F3FD7A34C401748603F28
:10BE40003C4E313F006F413E151D0DC0567D2AC04E
:10BE50000B4619C0C3F5E8BEE71D673F4013713FAD
:10BE6000E17A14C05D6DCDBF0E2D0E403D9B45C0E7
:10BE7000508D97BFB9FC073D92CB2F3FCC5D0BBFD8
:10BE8000E7FB29C0D8F014C014AEFFBFE5F22F4085
:10BE9000F0855D409565A03F0C021340E0BE2E3F4B
:10BEA0005DDCCE3FA4DF4E3F2CD436C0128380BE73
:10BEB00024B9484005A398C0FAED5BBFB1BFBC3FB1
:10BEC00067D5F7BF8E75F13D9487053E1058B9BD13
:10BED0007D3FB5BDF46C163F1C7C05406666C6BE52
:10BEE0001A51AABF984C65BFF1F44ABE5986583F13
:10BEF000F31F52BD9A080FC05F07B2C0643BF14008
:10BF0000A8C67F40621088BF8941C8BF2B8706C082
:10BF10004C37893E2653C53FAA60F43EDE710ABD08
:10BF2000569F2B3F5B429E3E151DC9BD86C954BF1F
:10BF30009BE6EDBFDAAC0AC09A7744C0D95F6AC00D
:10BF4000EFC937C0190416BEC3643E40F70643402C
:10BF5000CA321440744614BD21B0423F2CD4923FE3
:10BF60005DFEC33F6688BBBFFC1893BF1F852BBF18
:10BF70003EE819BFB762FFBD0AD7933F87A757BEF8
:10BF8000FA7EA2BFDCD7E1BE4182923F6DC58440FC
:10BF9000713D2A40B9FCA73FE6AECD3F8AB0213FB4
:10BFA000075FF8BE759324C0D95F8CC0128380BF31
:10BFB000EA04DC3F7E8C793ED9CE273FA9A4AE3E71
:10BFC000C7BA583F3D0ADFBFC28627BEF931C44019
:10BFD00069001F3FF4FD2CC07E1DC0BFEA9532BE34
:10BFE0002DB25D3F6FF0AD3F3BDF9F3F5E4B903F1B
:10BFF000705F2FC0EE5AC2BDCBA1C5BF3F35EEBFAB
:10C000006C786ABF00918C403480574062A1663FD3
:10C01000D044A0BFEE7C1F3F0B4605BF6F12533FBD
:10C0200090A068BFEC2FEBBFC0EC1E3CCF6649C0B0
:10C0300097901BC0B51543C06519823E1058F93F53
:10C04000C4B1B6404BC857C032E652C01AC02B40EC
:10C0500027C266BFF7E40D4026E4433E6DC5D6BF58
:10C06000426075BF1C7CA9BF68B36A3E107ABE3FB0
:10C0700069003340711B8D3E598674C04A0C1EC046
:10C08000E63FA4BE865A13404CA6224023DB39BEAD
:10C090006B2B96BE575B0540363C7D3F53058BBFEF
:10C0A00001DE3EC08FE4F23DB072283E54E3C5BECF
:10C0B0005BD34CBFA3019CBE48BF15C060761FBFB9
:10C0C000DC4683BD9E5E593FCCEED93F302A91BFFE
:10C0D0006F8104C0C9E59FBEECC0393EB0727840A4
:10C0E0009FABA53F04E7EC3E053411BF34A2043FEB
:10C0F0002A3A12BF3BDFCFBD96B214C02B8716C0C1
:10C10000C4B17E3F3C4E11401B9E7E3FA245B63ED1
:10C11000F54A693F1748D03D9EEFE7BEAC1C5A3F39
:10C1200098DD83BF006F613FDA1BBC3E04562AC016
:10C13000E17A9CC0D7A33CC0A8C6F33FA7E828403B
:10C1400097908F40EF3819405EBAD93FBF0EF43F49
:10C150009A77FC3E87A7B7BFA4DF26C00D7194BFB6
:10C16000827386BFAAF142C06E3434C019E228BF80
:10C17000508D17BF2063AEBE77BE8FBF36CD5BBF7D
:10C18000EA049E40C9E5374095D4B93F3EE82540D2
:10C1900066662AC029ED5DBF840DF73F8F5350407E
:10C1A000E10BC540B98D02408B6C2B4091ED3C3FBB
:10C1B000EE7C9FBEB5A69740764FBE3F5C8FC0C059
:10C1C0007DD0EDC05DFE91C06DE75BBFE56179405C
:10C1D0003A230ABEE10B23C06F1203BC45D8B8BF97
:10C1E0004F402FC01D38E7BF61C3033FE17A143FC2
:10C1F000682228C0C9E57BC087A73BC0BE9F1EC080
:10C200002D431C3F8BFDDDBF9A08BBBE2CD49ABECC
:10C21000D7A3703E9790134072F9FF3F0E4F0F4027
:10C2200086C9F43F9FCD4240787A65BEB459A54097
:10C2300091ED0CC0F2D2ED3F886355405C8F4240D7
:10C240007593883F9D80663EBA490C3F6132E53F59
:10C25000637F493FE17AA43FD34DC2BEC3F500C01E
:10C2600061C317C040A40F3F787A053F9FCD5ABFE6
:10C270004D158C3C8F53ECBFA1D62CC0CA32E4BF05
:10C28000CF6645C0FDF6BD3F295C4FBF18261BC0D9
:10C290004BEAECBF637F79BF121487BF8A8E9C4044
:10C2A000D3DEB03FDD24EEBF98DD8BC0A7E800C031
:10C2B0002D43CE40865A733F87A717BF6519E23DCD
:10C2C00052B81A4004E72CBFE78C58BF2D211FBE7F
:10C2D000871659BD0F9CB3BDE8D97CBFB22EDEBF17
:10C2E0000B46C53EE4148D3F7B14A63F6E348A4056
:10C2F000F46CFEBF30BB4BC08104853F10E9373E74
:10C30000A2B483401F85BB3FCB10CFBFD95FCE3FC8
:10C31000022B85C0A08950C05DFE9B3F03098AC0E7
:10C32000302A934002BCE53EAEB6E2BD3B7002C08F
:10C330000E4F6FBE9CC424409E5E35409FCD2ABDEB
:10C34000857CB83FE561B9BFA47095BF4A0CC8C0F1
:10C35000B6F3DDC0886351C0A52C9B4096B26C3FFC
:10C360009A9979BF4D848540DA1BE43F60E5B03F80
:10C37000273104408863DD3DF7E431BFFA7E2A3E71
:10C38000D1222B3F2506613F55303A3FA1D6343E9E
:10C390006F1203BA8A1F63BE51DADBBE39D6E53E9F
:10C3A0002BF6F7BE849E4D3ED7A30C40A9139040B8
:10C3B000EFC983BFCCEE99BF348023C04D158CBF2D
:10C3C000394517C002BC15400DE00940AC8B0F4049
:10C3D000E63F9840B4C8563F46B663BF81269440B6
:10C3E000643BFF3E136117C0D26F0B4067D587BF18
:10C3F000613265BF3F57C9C044FA0D3FF5B9DABE97
:10C40000508D77BF6132FDBFFB3AF0BEAAF1B0C0DC
:10C41000B6F32D3F08AC1C3E8F530CC090A00C40CF
:10C4200019049040CA32ACBF910FAA3FE7FB01C08C
:10C43000BC058A3F91EDACBF645D4CBF12A52D3F9A
:10C44000B5155FC0F5B9AC408BFD69C0764F66C0CD
:10C4500089D2C2402A3A123E423E78BFCF6641405E
:10C46000CB10A5C04DF326C076E09CBD86382E408B
:10C4700066880340E3361A40A60A4240F9A0873F87
:10C48000136103BE60764FBFDFE08BBEE483B6BFAF
:10C4900099BB80C00534B9BFFDF6D5BF20D297BF88
:10C4A000FAED6BBF68912D3F17B7D1B955C1004068
:10C4B0004CA61A3F93A9EA3F32E6464040A4E7BFA4
:10C4C000F241973F4BEA70406ABC043F64CCFD3FA9
:10C4D00045D8B0BE74B59D3FBD5286BF5396C9C006
:10C4E00052277C406D5693C0C4B12E40319912C082
:10C4F000DA1BE4BF76E00CBFB1BF2CBE3BDFC73F09
:10C50000BDE33CC0BBB8FDBF6ABCE4BF302A05C078
:10C5100058A825BFAD69DE3FFDF635BFFB5C7DBF8A
:10C52000EE5A023E6891C5BFAC1C5AC0CA54993F2E
:10C53000B7D14C40516B823F151D79BFAC1C8ABFEF
:10C540008195FBBF394563402575A23F2C655D4051
:10C550005D6DCD3F40A4E73F3A924B3F4A7B13408D
:10C5600068B302402DB21D3D8D97BEBFF9A02BC010
:10C5700004561AC0A83505C04D8497C0E78CA83F63
:10C5800080B7A640226C04409C33623E431CCBBE65
:10C590004A0CB2BFC3F5A8BDE5D0B2BFE258A7BFF1
:10C5A0004CA60A4017B721BF9C3332BF0612E4BF26
:10C5B0004850DC3F6ADEF13F4F40433FC139CD4038
:10C5C000EFC9C33C613205C0D34D22BF3BDF5FBF23
:10C5D0002BF657BF9D1161C04B5946C0006FE1BE9D
:10C5E000C4B1A0C05305B940711B97401B0D3CC09E
:10C5F00039459F3FDAAC5ABFC3649CC0EA04AEC061
:10C600007F6A88C0C52084C0D95F463F8CDB9840D4
:10C61000AA82913EEE7C9F3E4E6290BEBF0E5C3E73
:10C62000C7BA38BE728A1E3F9031B940A1F8A54002
:10C630008AB0A9BF567D42C00612FCBFA0890F4137
:10C6400012140FBFCA32DCBF516B9A3E1E168A3ECF
:10C650007FFBBA3DC9E57F3E46253D40E7FBA93E4D
:10C660007FD9BD3D6A4D43C064CCAD3F3E7958BFD4
:10C670001361A33F2497FF3DB8407A400B24344018
:10C68000ED9E18C0371AD8C0C7BA10C0764FFE3F0B
:10C69000B072A03F94F616401CEBF23FE3368A3F9F
:10C6A00011C7823FA167533F0C93A9BE228E653FFD
:10C6B0000F9C33BEC3D3CBBE85EB813FD49AC6BE9D
:10C6C000BA6B59BF986EA2BF690097BFDE02C13F27
:10C6D0009CA223BEB51517C0423E903FD578294095
:10C6E0008A8EE8C04B59963F5EBA9340D9CEAF4090
:10C6F000E78C5C4002BC79C0A470CDBFA77907BEAF
:10C70000C52070BF86C9D4BE3333F3BF2A3A92BE68
:10C7100034119EBF2DB269C0728A3AC08716593D46
:10C720009FCD923F58CA723E6EA3A9BFA0897840A0
:10C730009790DFBFB5A611C00534F13FA7799540AA
:10C7400052490D40A60AAEBF3CBDF2BE04E7EC3E26
:10C7500005A312BD89D2DEBA6A4D83BF651932BF07
:10C76000BC7483BFC58F913FF0A726C041F143C081
:10C770000B468BC02041D93F1D38F73F2D21973FF5
:10C7800017D9DE3F46B6FB3F6C09A93F63EEDABD21
:10C7900055C1583FA7798F3F4F1E2A40A301843FC0
:10C7A000D3BC43BF6DC56EBF32E6EEBE63EEB23F93
:10C7B0000F0B8DBFA01A1BC0454703C1CD3B963F51
:10C7C000C1CA9D4024973F3F9565883EFE43C2C045
:10C7D000CB102740A2B4973F2653C5BFDB8A69C060
:10C7E0001FF48C4064CCD7C068B39440CB10D73FC3
:10C7F0007D3FA53F7FD9114039B43040B37BB23F74
:10C800006FF045BF0309BAC0AF258E40B30C0DC011
:10C81000FE65573F10E9BBC0249795C065196AC0F3
:10C82000910F204175027EC0E8D90CBFDB8A953F8D
:10C8300034A20CC0E63FF4BF97FF103E7DAED63F5A
:10C8400079E9A63E39D66D40DAAC1A408CB927405A
:10C850000C02E3BF5305C33F0E2DB23E99BBB6BEDB
:10C860000BB58440933AB93FB7621FBFF93103C19A
:10C870003480373D1D38273F17D9BE3FA8579A3F10
:10C880002CD4DA3FAE471940E6AEDD3FB22EC6BF2C
:10C89000211FECBFB37B12C02F6E433FF7E4514022
:10C8A0000DE0D53FB6F39FC03C4E45C034808FBFEE
:10C8B000FD879C3F9C3362BEFED498BFB37BFA3F9A
:10C8C00016FBE3BFF7E4F9BFB29D89C0ACAD92C0DF
:10C8D000C66D843F8CDBA03F6744813F69004F40B9
:10C8E000265335408941983F6519C2BFFF210DC0CD
:10C8F0000DE09DBFD26FB7BF728A064079581440D1
:10C90000787AB540FD870C40C13903C0228E21C022
:10C9100054E385BF643B97BF0AD7C3BFBB272FBF74
:10C920006E3410BFE5F22BC0A167B3BF58CA223FD7
:10C93000871601C01904A6BF6154D2BF5B4286BFEF
:10C94000E02DB0BF242896BF90A018BF3277614079
:10C950000681AB40C89847408BFD5940910F9A3EE5
:10C9600048E15A3F45D848C09CC420BF499D60BF9C
:10C97000567D7EBF3789713F143F763FAC1C5A3FCE
:10C980005E4B58C0D8814FC0371AB0BFBC745340FB
:10C99000A60A0E4080B7803F2A3A22402C6599BEF5
:10C9A0003EE8793FA60A72C0F085C9BE1826B74096
:10C9B0000E2DD2BE098A4FC0C4B1ACC08FE4C2BF35
:10C9C0000DE08B40B4590540E71D0740EA04343FB1
:10C9D000EA9580C04A7B4AC161C377C140A46F3FDA
:10C9E000D49A1341ACAD28414F1E5A40BEC15B40A2
:10C9F000006F41BFA835D53F1B0D503FA52C93407C
:10CA000060E550BF0C93E93F569F2B3D4B59063FC5
:10CA100036ABEE3FEA04A4BFEE5A2AC0DE0289BD5F
:10CA2000910F3A3E33C40D40F2B050BFD6C5A3407B
:10CA300098DD1340B6F36940A1670BC1560E05C0DF
:10CA40001B0D883FEF38C5BDED0DC6BFD881F33E45
:10CA500035EF00C06688E3BD4547B23E1283C0BCD7
:10CA600014AE37BFAA6014BE787AC5BE9B555FBFAF
:10CA7000431CEB3EDBF9FE3E9D11653EA7E8C83E38
:10CA8000304C863ED5E70ABF3BDF6F3FAC8B2BBFF8
:10CA90000AD7233E158C4A3EE63FBC3FB072E8BE43
:10CAA000D88183BF17B771BFD26FFFBE333373BE58
:10CAB0009E5E19BF32E69EBFDB8ADDBE986E52BE17
:10CAC000BDE304BF12832C406B9A7F405C8F2EC065
:10CAD0008273E63F24B9FC3F2575DA3F7FD90DBF4D
:10CAE0006F81B6C011C71A3FB150B3BFDC68B0BF89
:10CAF0007DAE6A401F855BBF4D152C3FEEEBE83FD6
:10CB00007D3F11408D97B63F2DB2C5BFA01ADFBF44
:10CB10005DFECBBF0C020340D49AE6BD4ED1B13EC0
:10CB2000764FB63FE4836E3F23DBB1BF273188BF2A
:10CB3000FBCBEE3EBC9690BD962146C042CF86BF51
:10CB40009B558F3F4C37793F6FF049C0107A9EC09C
:10CB5000363CEDBF0681453F2F6E1F403411A44087
:10CB60001B2FDD3ECEAA83C020D28F3F44FA2D403A
:10CB70002FDD004019E2F83FA301E43F9E5EE93F4C
:10CB8000DA1B28C0EE5AB4C0933AC13EFD878C3FF1
:10CB9000832FACBEC58FF93F5249853F780B9CBFB0
:10CBA000E4145DBF3C4E513DCDCCACBE621008BF1D
:10CBB0009CA283BF92CB07404CA6A2C0EA958A3FB5
:10CBC0009BE60DC07C61B2BF5E4BE83E083D534022
:10CBD000F7067F3F4A7B9BBFC976BE3DC3D337C0B4
:10CBE000BC74B540DC6840C096432BBF567DFE3F09
:10CBF00052494940EA95023F7DAEBE3F1D5AC240B0
:10CC0000910F4240423E383F67442540B003673FA2
:10CC10001904AEBF11361CBF26538DC00681A7C0B4
:10CC200009F9003FDDB5DCBF5EBA81BFA60AC63E8A
:10CC3000903153C08E06A8BFD26F0FBF2506E1BE4C
:10CC400041F113BFF7E4A9BF341146BF4182923FBF
:10CC500024B908408126123F07F076BF7C61323E3E
:10CC60009790AFBEEF38353F304CAEBF6C0939BE40
:10CC7000B3EA533F009190401D3867C02C65F93FDF
:10CC80008FE412BFC4B19E404F1EB2407424B7BFA0
:10CC90009A991D40E9B7AFBFCAC3A23EA7E820409A
:10CCA000C28647C0401345C0DB8A25405474C2C0C9
:10CCB0006D5641C0787A85BFBADA7240A54E5C40A5
:10CCC0006E347CC0508D77406519BCC080B750C0B1
:10CCD000BA6B2D408E06F03FD8819340B1BF2C40F7
:10CCE0006DC57E3D41F1FB3F0309C2BF17B791BE41
:10CCF000E0BE02409621A640E7FB293D3E79D83EA2
:10CD0000C9E57F3E2C65F1BFA8359DBFFFB2EBBFE3
:10CD100061544EC0690037C02C6511C04C37F9BF53
:10CD200052B806C03D9BD5BE022B87BD621048BFDE
:10CD30002C65A9BF713DD23FBA49CC3F82E2473E44
:10CD4000643B3340BADAEA3FD3BC63BDC05BE0BFAB
:10CD5000FA7EAABE143F224085EB4D408126C2BC1C
:10CD6000840D27C0228E19C0CCEEE9BE1973573E40
:10CD70005DFE73C039B4083F713DE4C0FDF6EB4081
:10CD800080B7E4C0AC1CA040ACAD8240BEC1DF3F68
:10CD900060E5203F73680940865A5740A52C5F40E4
:10CDA000B1E193C058A8AB40A60A56BFF9A0134002
:10CDB000D0D526BFBDE384C0E71D85C08273C6BD44
:10CDC0004BC8E7C029EDCF409C33F2BFC364C040DD
:10CDD000B98D2A40BBB87940992A3CC0728ABEC03E
:10CDE0001B2FD340EB7371C00309B2BFEE5A86C04C
:10CDF000CA54A13E72F98F3FE86A6B3E9BE6BD3F85
:10CE0000EA04EEC04182823EF5B998402AA93FC0AB
:10CE1000CBA151C040A45F3D8FC2F53BF2410F3F13
:10CE2000772D813E4BEA14C0ED0D92C07B836BC021
:10CE300079E956BF4DF32E40FB5C6D4010E92F4061
:10CE4000BB272740FED4C03F12A53D3D0681D53EFD
:10CE5000BB270FBFA913C03F0B24E8BEB6F3D5BF55
:10CE6000B76203C0E5D03E409CC41C407593E03FD0
:10CE7000910F5240029A38402D4324405305233DE0
:10CE8000F241CF3F1D382740E02D54400E4F97C050
:10CE9000ACAD28C0E3C7E0BF65AA8AC0CC7F68C03C
:10CEA000E5D03EC0C3D36BBFC52060BF075FB8BE2F
:10CEB00016FBA3BF166A4DBF27A0993F3F354E40D2
:10CEC000C13943BF840D07C052B886BF94F6E6BF90
:10CED0005DDC263F2CD49ABE1E169A3F696F703EC9
:10CEE000E71D673EDB8A39C0A69BD4BF1A51AA3F13
:10CEF00063EE6ABF8E0624C03A921BBF44FAB54067
:10CF0000E414DD3FFFB23BBE1B0DC0BE8941103FA4
:10CF10003EE8193E22FD96BE1B9E2EBFD95FBE3F46
:10CF20006DE7A3BF567DA6BF24282EBF2E90203CC0
:10CF300031997A3FDDB5E43F7FD96540AA82513F00
:10CF400038F88A3F66F7CE40F31F56C08D97D6C09B
:10CF5000DCD705C09FCD8640D656843F5DFE63BFBB
:10CF6000BEC1673FB6843440423E4C406B2BF63E18
:10CF700044FADD3F96B2943F711B3D3F3CBD724089
:10CF8000A3923ABF8E06C6C029CBD8BFE5D09CC0BD
:10CF90002D4368C073D742BFE3A5B3BF107A76BEF6
:10CFA0008885BA3EA30106C1211F10C08B6CA73F24
:10CFB0009031E73F5C8F623F5F29D33FCBA10540B3
:10CFC0006C782E4042CF863E7E8C19BFF90F193FF8
:10CFD0000612343FDBF97E3F81263E40C3F5283EF2
:10CFE0003BDF5F3F0B4625BE000030BF4D84ADBF29
:10CFF000B98D66C03D9BB53FEA95823FDC46C33F95
:10D000006ABCD43FB7623F3F2731B8BF29ED59C052
:10D010004E62F0BFA779E73EA8577EC02C65493F16
:10D02000AD69BEBE7DD017C0F69785BF091B2E3FE8
:10D0300029ED4DBE363C45C02EFF3940228E87403B
:10D040004C371540F5DBD73D492E27C0B22E8CC09A
:10D050006210AAC017B791BE5E4B8C408716414044
:10D06000249773401904363FD95F86BFEFC983BE4A
:10D0700063EE7ABFB22EAE3ED509A03FC0EC22408F
:10D0800002BCF9C0F46C16BE8CDB344095654040A0
:10D090007DAE563FEA95A640BC74E34041829E4077
:10D0A000A01A9FBF9EEFD5C07E8C6DC07446C6C0CF
:10D0B0002DB209C0E0BE0EBF94F6CEBFD191B840EC
:10D0C00060E5F84017D97AC06822843F2EFF9BC0E4
:10D0D00065AA0C40CD3BD6C02575B640BB2797BF8F
:10D0E00027A069BF3D2CA040D95F4E403F352E4060
:10D0F0001FF42440CFF7B33EB762FFBE6C782ABF5F
:10D10000C89893BF7DD0B3BEC66D94BE327795BF2D
:10D11000E0BE4E3F736891BDA1F8A9BF60E5F0BFC6
:10D1200043AD01C01F85C3BF5EBA11C0598610C090
:10D1300017D94E3FBB27AFBE6ADE09C0075FF8BFF5
:10D140001D5AFC3FBC960440986EA23F3D0A17BF93
:10D15000B684384054E32140E10B93BD8AB0813F4F
:10D16000C5200CC0F7E4713FC4B18E3EE3363640B3
:10D17000F7E44D4016FB03C087A79FC0ED0D9AC092
:10D1800001DE023EAF2564C039B490C0029A74C07B
:10D19000143F46BDA8C623405D6D5540ED0D964039
:10D1A0002DB245408A1F4B403D2C1C4011C7BABED2
:10D1B000280F03C0287EECBF20D2EF3DFC1833BE01
:10D1C0002D210FC03A924B3E1D380FC0832F2C3FAC
:10D1D000508D173F569F23C0C74B57BFD122DBBE90
:10D1E0005396E1BEEA9512BF82E2A7BEEE7CEFBF86
:10D1F00079E91EC0931834401FF484408E0698BF0E
:10D20000B6849CBFE948963FE63F343F0F9C83C0FD
:10D2100002BC653F21B0D23FE5D02E40D26FBF3F68
:10D22000355EDA3E46B6233FAED81F3F52B85E3E6B
:10D230002575823EF8C224BF17B7B9BFF9A09FBFBA
:10D240007AC7F1BF2C65D9BFAE47213FC7BAB8BD79
:10D250000BB5B6BFB537D03F728A124042CFBEBFC2
:10D26000E10B8BBF105819BFAF94A5BE5249914036
:10D2700030BB8F3F64CC41C052495DC07F6A7C3E69
:10D2800087A7973F5227A0BE34A2B4BF04E7E4BFEC
:10D2900088F41BC0FE436AC00D716C3E1895844033
:10D2A00068226C3E90317F40FFB2AB3F95D43DC0C9
:10D2B000FB5C6D3E6C78B23F0C933940B98D863F74
:10D2C0002AA907403E79CEC097904FBF888542403B
:10D2D000C74B3B40FF21DD3F44692FBF6688ABBF92
:10D2E00068B39ABF7B836F3E6ADE213FB459753FB6
:10D2F0005249DDBE8716F9BE0A68923F36AB7E40C2
:10D300006C0919BF4ED155C0AC8B5BBCD26F1F3EB0
:10D310002A3A123F9C33623F7AC7293F8E7511BF6C
:10D320009CA28B3F5C8F823F76715B3E2B18E53F62
:10D3300076E0DC3EAAF19ABF992AD8BFA83539C059
:10D340003A92CB3F9B55B73F1CEBA0400E2D1AC025
:10D350006E3428C03277A5BF86C9ECBFAED877C07F
:10D36000789C884054743040E561013FFE65173F6A
:10D370005F29EBBE4A0CFABF1B9E36C06D56A3C098
:10D380009A77A0C08126A23E54E3F53FDBF9FE3F29
:10D39000933AA13FABCF9D3F17B781BF48BF0DC0A8
:10D3A000143F76BFC1CA55408885FA3E6891F53F63
:10D3B000BF0E5040226CFAC089D200C168B312C0BF
:10D3C000575B9340645DE43F6A4D933EA4701D40FB
:10D3D000E86A6B3E9FCDCA3E3A924B3FBF7D9F406D
:10D3E000FE65173FE10B57C01AC0B33FAF25B240EF
:10D3F0001B0D1040FAEDEB3AAE47C13F394503C073
:10D400004B5952C0E3C7C83F61C39B3F0F9C23BF2A
:10D41000D7342BC07B1442C0FE437AC06A4D23C070
:10D42000CCEE79BF4182CC40FCA9A9BF8CDBB03FD8
:10D43000D0D5DE3FA8350D40DE02394040A49F3EE6
:10D44000FDF6B53E764F9E3E04568EBD569F23C0D8
:10D450008FE422BFD0D5963FB1E1493FA913E03F09
:10D460001895784065AAE03DB0035FC0B45995BFF8
:10D47000D3DE80BE07CE99BECCEE49BD5EBA014078
:10D480008638563ECBA1C53F643B5B407DAE963EA1
:10D4900003095ABFBBB8CDBF8A1F83C024B9BCC023
:10D4A00030BB1F405BB17F3F90A038409D80524011
:10D4B000F38E574051DABB3F31995240D9CEAF3F3E
:10D4C0004C37993F4D15EC3E666616BF098ADF3F23
:10D4D0002653753F006F113F8FC2BDBFF08589C0D5
:10D4E000143F4EC0BEC117C09D80E2C06DC536C09E
:10D4F000B459953E5F988CBE3F351EBE226CF8BD78
:10D50000BC05E2BF94F676BFDD2466BF33C411C00C
:10D51000B459CDBF4D8409403D9BA7403D9BE9C018
:10D52000C217A6BF4625653FF1F42640FD87F43FAC
:10D5300066F7643F0EBE864019731B403FC61CBF92
:10D540005DFE43C0772D9340DE02394090A0284015
:10D55000B7D124400BB56240AA60ACBF759368C0D8
:10D560006B9AAFBF0378CBBFFAEDE3BF4F1ED63E39
:10D57000F54AF9BEDDB504BCBBB8DDBF66F7A0C097
:10D5800032E680C068B34E407FD93D3EB1503B3F4C
:10D59000166A4D3E17B74DC0091B1AC05986184070
:10D5A00054E3BDBF9E5E3DC0711B8BC0888517C113
:10D5B000022B0BC16EA30D4004E73F4153055B40B6
:10D5C000098AB540764F863F80486F3FF8534B40FD
:10D5D0003FC66C407F6A3CBCEBE21240A32339C0DB
:10D5E00074B5ADBF431C1340C58F113F304C2EC0E6
:10D5F000499D803D0C025740910F4240C05BA03FC7
:10D60000D6C52D3E6A4D933EFC1847C034A290C04B
:10D610000B468940C2869140105809BF95653CC0B1
:10D62000F853E3BF9B555FC0E483FEBE1FF40C3F7D
:10D6300021B052BFA323B93C8F53F4BF0E4F83C018
:10D64000BDE360C07C61EA3F21B0D440D3BCF33F6E
:10D650001D5A84BEBD52F63E4F1EAEBF29ED5DBFC2
:10D66000CF6629C002BC19C071AC17C0F90F89BFC1
:10D67000BB27E73F5249BD3E6C78BA3E143F5E403F
:10D6800062A16640C0ECEE3F60E5B03E4A0CE2BEEF
:10D69000E7FBB93F7A360B40EA04D43E5BB17F3FEB
:10D6A00012146F3F925C0240787AA53D992AA8BF78
:10D6B000A857A2BF865AD33D88639D3EB840C23E5C
:10D6C0003BDF0FC0423E8EC0A1D62CC0D26F9F3F21
:10D6D0002DB29D3DACAD78BF9D11653F4D840DBF12
:10D6E0005E4BC0BFBF0E0CC0643BCFBFE4832AC0FB
:10D6F0009CC4C03E1748A8406744F93FA7799740AB
:10D700003A23C24071AC6B3FECC0C3C00C93893E5E
:10D710003480874029ED31C040139940304CBEC061
:10D72000D191A4C05DDC62C07E8C29C014AE8FBFD5
:10D7300096218E3FFF212DBF492EBFBE0C93493F3E
:10D74000C3D33B404CA6724032555840956544C007
:10D7500023DBE1BF65AAE0BF5249DD3EAB3EC73FD8
:10D76000772D494055303EC04625953E1EA7A83E20
:10D77000FB5C2D3E67D51340C0EC2EBF29ED19C0D0
:10D7800052B85EBF6B9A37BEA69B34BFC4B196BF7A
:10D7900076E09C3D7E8C11C096B264C0DDB50CC0B5
:10D7A000A4702D3F1D5A243EB9FC073C0E4F874004
:10D7B00052B8A63F41827240E3C798BD984C75BFEE
:10D7C000DBF9224073D7723F62A1D63DDE71EA3F9A
:10D7D000A7795F404F400B40772D913FBADA8A3FDF
:10D7E00012A51D40CC5DCB3D97FFF8BF64CC95BF23
:10D7F000A54ED0BF5B4202C06B2B663FB37BF23EAF
:10D800004BEA82C04C373DC099BB16C04F4007C0A1
:10D81000F6976540C0EC1E3F16FB5F4062A1C84012
:10D820000EBE864013F2A13F211F0C401058913FBD
:10D8300002BC21C0C3F53CC0D1225B3D780BC43E85
:10D840000B4621C0D2003AC005A32EC038F8FABF5B
:10D8500048E1BA3FA52CA33FAE47E13E2B189BC041
:10D86000840D17C08638063F19733B40772D114051
:10D870004694D63E6ADE09C0D88193BE158C8ABE16
:10D880003B012D3FEC51AE40371A983F840D23C029
:10D89000A913D0C0B7D184C0C3642A3F4625753FC1
:10D8A000091B9EBFBA6B893FDE029BC03E792440B4
:10D8B000DB8A5140C28647BFF5B9923F371A6040B4
:10D8C00004568E3F4C37593FD50988BFE02D50BFD5
:10D8D000C1CA75407A36ABBE5AF5A13F1214DF3E7D
:10D8E0007AA50C3F0EBE24C005C51FC093A95AC01F
:10D8F000280F9FC09A779A40BF7D97C0C286973FF6
:10D9000081261E40211FEC3FFD878C3F35EFE0BF95
:10D910001DC9C53EA16703BF65194AC0FBCB6E3D5B
:10D92000DAAC0ABF1A518640C74B93C02428FE3D8B
:10D93000D5E74EC072F99340394595C006811DC0A8
:10D94000E78C183FA1F84D40E09CA1BF8D28B54061
:10D95000AF94C53EEEEB18C0CA3284BF9D11E53FBF
:10D96000D712B240A01AA740F085F13F9F3C8C3FF0
:10D97000DE714ABE591753406154723F053405C0E9
:10D98000FAED2BBEBDE314BF7B832FBE621030C007
:10D9900009F9983F4B59C63F85EBD13FCD3BA0C01D
:10D9A00091ED1CC1C217463F166ADDBFDE714EC045
:10D9B00038F8A2BED0D5F63F6F81DC3FB30C513FA3
:10D9C000FED4683FCC7F083FDC6800BF4A0CA2BF92
:10D9D0007FFBFABF58390040014D2CC0B30C6D409D
:10D9E000CFF7633FF08539BFCA3230404BC843C0E0
:10D9F0001B9E0EBFBE3099BDC1CA01BFB7D180BE4C
:10DA0000BADAE23F8CB9B33F96438B40B1E1D93FDC
:10DA100008AC8C3FA167BBBF022B17C07B8347407C
:10DA2000832F0C3F2575C23F94F6F6BF38F89EC091
:10DA3000EB73953E524949C08FE4B23FF08519BF60
:10DA4000E86AF3BF36CD9BBE386792C09790CFC0CF
:10DA5000A2B433C03CBD36404694B63F250621BF34
:10DA60002F6E533F96B2943FF85353BF857C98BFB7
:10DA700069006FBFE56151BF2D212FBFF46C2E40AF
:10DA8000CBA1F53F60768F404A7B1F408FE4024078
:10DA9000D6C52DBF88F43B40211F64407FD96D401F
:10DAA00047727140772DA13E547420C0FE4382BF5F
:10DAB000EE7CDF3E7DAEF63E9A0807C0C1A844C0AA
:10DAC0009B5597BFCE88EABFAAF122C055304EC001
:10DAD000B68420C0F5B9DA3D0C02ABBE7E1D004015
:10DAE000A3014040E3C70040B9FC57BF5917B7BD79
:10DAF000174864C02D435C3E6900AF3FA2B497BF96
:10DB000053961140A7E8883E371A0840401393C047
:10DB10008D2861C04A0CD23F39B4864029CB82C0DF
:10DB20007446143DD88163405F072AC0F163EC3F1F
:10DB3000F2D27D3FADFA3CC03945AF3F67D5AF3F2C
:10DB4000C4426940107A94408E0640407CF2D0BEB8
:10DB500033C401BFFCA905C0D2000AC0F38E433F05
:10DB60007D3FF53EBADA1EC0D122D33FCFF7533FF7
:10DB7000CA32E4BEDB8A9BC0F2D2614068224C40CC
:10DB80004A0C09C19F3C8EC03A232AC00DE0ADBEAD
:10DB9000E9262D403867484089D22A403BDF0FBE36
:10DBA000BA492CC0FCA9913F40A4BD40516B1A3E1C
:10DBB000CA3220C0C72926C038F80EC0499DE0BE31
:10DBC000F7062F40FBCBEE3D962106C0EEEB40BEA4
:10DBD000302AE13F0BB5E6BE448B10C0D42B01C008
:10DBE000A1679BBF795818402063A440F241CFBD84
:10DBF0009EEF373FA857FABF96B2B2C0711BDD3F08
:10DC00008F5324400E2DAA3FAF2514C086385E40A6
:10DC100068B36A3F5305C33E24979FBF3F352EBF6D
:10DC20003F354EBF38F812BF29CBA8BFBF7DCDBF4F
:10DC3000865AEBBFBF0E40C0A1D610C0910FD23F95
:10DC400007F0863F91ED5C3FBB27A73FFA7E2A3F56
:10DC5000AA60043FEE7C6FBF151DF1BFFBCB5E3F9A
:10DC6000B81EC53EA01AAFBD3B018D3E6ABC8E40BA
:10DC7000C3D3BB3FC7BA82403CBD3A40849ECD3C33
:10DC80004547DABF73D73EC00DE005C05452FFBF11
:10DC9000014D54BF182623BFCA54013F917E0B404B
:10DCA00059172B405530DABF0A6822BF0456AE3FE1
:10DCB0006C09F9BE58A805C0C6DCD5BF5227C03FC5
:10DCC000B5A6C93FC520C8BF14D03440E3366ABFEB
:10DCD00094F642C0477297C06D562D40A7798F3F8A
:10DCE00016FB4B3F1058493F7958A0BF2497FFBD02
:10DCF000226C2C40530533404DF30E40948785BD74
:10DD0000D509E8BEC74B3BC0426065BD8863DDBE38
:10DD1000E7FBC9BE68911D40FE65373F90A0C8BFB4
:10DD2000E6AE49C013F2D1BFB98D1A40FCA9394003
:10DD3000D3DE2440107A4E402C65993D3B0191C0C2
:10DD40001A515AC03D9B953EAA82893FE71D273D47
:10DD5000287ECCBFB7D100BF075F283F4182423F3A
:10DD600096434BBFBA49FC3FDD24963F840D2FBF3D
:10DD7000CF660DC0BEC1F7BFB762BF3FAE4705C09B
:10DD8000C6DC95BEEA04443FAEB6EABF764F8E408D
:10DD90000B4675C08E75413FE2E9953D682268C02B
:10DDA000DA1BF4BF4A0C8A40FF211D40DCD701BDBD
:10DDB000D6567C3F48E16E4011C732407502823F23
:10DDC0002CD4DABF091B36C03199F2BF539641BF3C
:10DDD0004013A13E5396C1BE894180BF89D2CEBFB8
:10DDE00016FBCBBE68B36ABD80487F3F006F813FA2
:10DDF000CEAA87BF508D173D90316740E2E98D3F35
:10DE00009BE639C07FD9BDBF0BB5FEBF7B835FBF2B
:10DE100017D96EBFBC053AC0B0721840AF2524BEFA
:10DE2000508D37BFB07290BF166A6DBF65190A403A
:10DE3000D0D5CC40E3A5D3BF67D51340D42BD5BFF5
:10DE4000E4836E40A1D6B43D4625EDBFDDB504BFE9
:10DE50004A7B83BE05A3223F9031AF3F8AB0E93FA2
:10DE6000D42BA53EDC6860BF0000803F1CEB8A3FDE
:10DE7000228EA53F0EBE603FACADE03F1AC0933F7F
:10DE80002CD402C00091D6BF5F29EBBE29ED6D3FB7
:10DE900088859ABF5F9810C052491DBF71AC33C0CE
:10DEA000083D9BBEFA7E9ABFE17AACBFC364EABF6D
:10DEB000B3EAE3BFAA823DC09CA24BC08CB93B40F1
:10DEC000B6F3FDBDA52C433E8FE43A401826EBBFC8
:10DED00052B8863FA60A02C00B462D4065AA0CC068
:10DEE0005452A7BF2D210FBF4D154040713D2A4010
:10DEF000D0D59C406B2BA4C09CC4584022FD72C05E
:10DF0000302AF9BF645DACC0AA8291BFAA8211BF5A
:10DF1000E10B6F40F85313BF1D384FC09A998DC065
:10DF2000713D024016FB7B400F0BAF4017B731C06D
:10DF3000E948BE40B3EAD540666672C09B55FF3FD4
:10DF40007593D8BEA4DFA6BFDFE0FBBF5EBA49C0B1
:10DF50002F6EB3BF8638563E964333402FDD0440C4
:10DF60005530AABE2AA98B3F14AE673F5DFEDB3F4A
:10DF7000643B5B401748803FED9E6440006F61C08A
:10DF80006F8198C0378989BF849E8D3E2B18A53F2D
:10DF90008CDB58BFE414FD3FFCA93DC0378941C06C
:10DFA000014D10C020632E3E0378E33F02BCCDBF7D
:10DFB000C9E54BC07D3FC53FBEC1B73FC8986B3F69
:10DFC00034807B40E7FB8740226CB6401B9E80C0BC
:10DFD0009A775CBFE336D23F0A68623FD122A5C080
:10DFE000E86A93BFDE713A40F931663F70CE88BF70
:10DFF00002BCC5BFD1226BBF1FF4CC3E5C8FE2BF19
:10E0000017B731C01361BBBFC286673E27C2363F18
:10E01000925CE63F234A43406F81544024282E3FC0
:10E02000DAAC7A3F431C8BBEAE4729C0D49A66BE99
:10E030008A1F13C0A8573EC0E0BE1EC00EBE40C01F
:10E0400002BC49C088F4DB3D098AAF3F158C2A3FEA
:10E05000A91304409A77E43F4D15ECBECBA145BF10
:10E060006900CFBF2EFF513F32E65A4000914E3F2C
:10E07000B6841040B8AF4F408B6C173FAC8B0FC0CD
:10E080001058D9BE4D844DBFFA7E6ABE2CD45A3E7C
:10E09000FF21DDBE17D90E3F9C33823E9FCD6A3FE4
:10E0A0009CA2633F4F1EF6BE832FA4BF3A926B3FE4
:10E0B000789C923F80B7D8BF327769C0B1E1E93E22
:10E0C000E2E97940022B9F3FF8532740F1F44A3FA1
:10E0D000C3F5AAC0B29D27400B46F53F1E167A3FF6
:10E0E0003FC6DCBDE3A5DBBE48E1BABE810435C056
:10E0F0007C618EC046B6BFC060E59AC01904363F49
:10E100009643EBBE9CC4603E933A594026E4733F6D
:10E11000637FF1BFE5F277400B4671401F859B3F5F
:10E12000AEB6DA3FDE02F13F7958383FA323293FEC
:10E130006E3480BDFED498BFF775B8BFCA54C1BD58
:10E140008E06F03D05C53FBFED0DBEBE39D621C0E0
:10E1500052270CC01B2F9DBFFBCBBEBF6EA311BFB0
:10E160002B87BEBF553032400DE08140637F91BFA9
:10E17000713D8A40D5789540FB5C7D3FF6971DBF89
:10E18000B7622FBF6ABCB4BF04E78440C3D38D40DD
:10E19000A323913FA69B8CBF73D7123FBA49B43FCC
:10E1A000D65694C0E5F253C0F163CCBFD9CE5BC064
:10E1B00068B33ABFD04458BDE4839EBE11C76AC05D
:10E1C00019048640158C22C02506B1BFCC7FC83DFE
:10E1D0003A92FB3F933A6140ABCF55BD355E52C09A
:10E1E000DE7176C0AEB6223FF6287CBF674441C0E0
:10E1F00088856EC06ABC54BFABCFFD3F3CBDEA3FD3
:10E2000036AB4EBF645D5C3E07F00240A8C6C3401B
:10E2100038670440ED0DFE3EB8404E40651966403B
:10E22000BC74AB3FC5FE5AC01DC99FC0BEC1FFBF75
:10E230006688733F3FC68CBF583930C0E336AA3F6B
:10E24000EA9532BF05A3923D363C3D3F3255BC4076
:10E250001AC089C093180C40AF25FC3F0D711CC03B
:10E2600008AC9CBD7AA5BAC082738E3FA4DF4E3F36
:10E27000A835B3405530B240C976964005C5334005
:10E280000091DE3E711B953FCF669DC0DD2437C1F6
:10E29000A7E8A8BFEC51D83EAC1C1EC0423EA83E29
:10E2A000A32339BC77BE0B41D9CE07C0F01608C0F6
:10E2B00072F9B7BFBEC1CFBF9FCDB2BFDDB500C041
:10E2C0003789A1BF6ADE8940ECC099BFFDF69D3F4A
:10E2D00012143F3E4A0C823D3EE829C035EF1840FB
:10E2E000C286E73F6891ED3C9EEF89C093A97A40D2
:10E2F000DE9307BDC9E5BFBEDD241EC06891853F22
:10E3000063EE16403789213F280FB33FAC8BC33FE4
:10E31000CAC3423F76718B3FA69BDC3FC05B044083
:10E3200005A316409BE67D3FFFB29B3F713DAABE11
:10E33000F90F11C07DD0333E4260253E8104053F78
:10E340006F122BC0DCD7E3C03F573BC02E90AEC04E
:10E350006900C540BF0EFC40234AAD40925C22C01C
:10E3600054E3253D5F078440F5DB57BEE71D95C0AC
:10E37000F1F47ABF0D71ACBF29CBB2C070CE083DAD
:10E38000B81EC3C0BE9F4ABF3C4E413FAE4721BEF0
:10E39000371A3840287E64C08A1F83BEEC51804003
:10E3A0003BDF873FE5F2D7409A99F340F90FC14030
:10E3B000C0ECA840280FC33F280F0F4086C9044077
:10E3C000FE65073FE5F25F3FCAC32240BD5212C05F
:10E3D00058394CC033C431BD6B2BFEBF6F1257C0D0
:10E3E00066F7343FAA60BEC0053411BF5F072EBF79
:10E3F00017C890C10F9C814081267A403D0A3B405E
:10E40000AF251840B072283FB762DFBE26E483BD57
:10E41000D2001A40DFE0AB3F9D111D403D0A073F8F
:10E420005A647B3F13F2A9BF925C2E3F40A4DF3CAD
:10E4300011363CBEC6DCB5BC39D625BF5A640FC008
:10E4400054528BC1204155416FF0414119732A410B
:10E4500074241D41ED9E3041F4FD7C4121B09D416D
:10E46000F1638441BADA80419A087E416B2BE8401F
:10E4700088F487407E1DC0C0F8C248C1090AA1C106
:10E480000E3EE2C1432DCBC15B53AEC1933A38C1BE
:10E490003BDFD6C12586AB412DC3934154F48E4159
:10E4A000857C6F4158CA3441FFB2CF40C4B1984017
:10E4B000029A483E3C4E61BFB515F33FB459FD3F4B
:10E4C0004C379FC05C20F9C086C920C1D57808C1EF
:10E4D000F9A004C17FD983C0E48346C1F85381C148
:10E4E0001F74D1C1D712804050FC74401A51A23F12
:10E4F000ACAD803F4F40333F94F6C6BE75935C4051
:10E500006DE7B3BF711BD9C0736815C085EB39C007
:10E5100027A009BE2CD45A4040A41B4052272041BA
:10E52000B7627B405B422E3F2FDDA43EAE4775C0F5
:10E53000500D8AC1ED9EEE41023CA94197904C419D
:10E54000C3645041F31FBA4036CD6F4001DE1A401C
:10E55000BE9F1A3ED26F91C0BE9FA8404D153C4150
:10E560001EA79CC063EEC0C0E3A50FC148E19E405A
:10E57000C9762AC1AF9448C145D8ACC1546392C191
:10E58000BFFDBAC1508D9B40C6DCA340EF38D140DF
:10E5900020D21D413D9B7741B98D96412CD46C41D1
:10E5A000C74B2C41A60A474190A0604148E13A4040
:10E5B000789C6EC0728A1BC173D758C1819580C187
:10E5C000151D5CC187A7ADC04D1544C1933A68C104
:10E5D00054F4D4C1E0BE4240DD244240DF4F8F40BE
:10E5E000E0BEB4408A1FAB40910FB840992A644006
:10E5F00089D29C404DF39E40E3A53BBF265325BFE7
:10E6000073D7D2406076A940696F00C0D49AC0C069
:10E610002FDDE6C0EE7C2340E0BEBAC092CBEFC057
:10E6200076CFC9C15F07BE404CA6E0408FE42B41C6
:10E6300094F67341CC7F6D41B68401418CDB484038
:10E640003480B7BA7DD033BE143F0A407AA5014169
:10E65000FC18D33E64CCD9C02AA919C1CC5DC7C06F
:10E66000A5BDE13E07CE0FC1ED9E22C1F01696C0BA
:10E670003BDFEBC11904E640F9A0C34001DEAC402A
:10E68000E6AE28410C938841840D6941569FDB40DA
:10E69000DE710E40F7E4E13E45D87440ED9E104136
:10E6A0007B838FBFDE71D8C0F5DB13C11F850AC124
:10E6B000B8AF3FC087A70AC183C016C1E258D3C014
:10E6C0005474EEC1A52C1E41DE718C40EA046840F2
:10E6D000DE024D40690095402B1893402BF6EF3F2A
:10E6E000B37B72BB94874D4065AA78403D9B4940FF
:10E6F00055305A3F560EA9C0645D07C174B5A3C01A
:10E70000D49A7AC0295CDF40BC74C3BFE258C1C050
:10E71000FFB29FC198DDF3405305234139D64D41E7
:10E72000D3DE834195D46E4107CEF94036CD6340A8
:10E73000D88133C0D65668C0ECC02DC14703E4C0B1
:10E7400060E538C077BEAD40931820C01826B1C030
:10E75000DE933FC0D122D3C011C7E4C0D5099EC00B
:10E7600004D6AEC12E904B410F1C8941DDA4AD41B2
:10E7700054749E4163EE4241FCA9BB405B421AC007
:10E780004A0C76C05396B1C013F2B1C0F2D24DBE5E
:10E790009FABA5408CB9BBBF5C20D5C035EFA0BFF7
:10E7A000F9314AC014AE2CC1690066C1401340C1A2
:10E7B0009A88DAC1BA49EE404A0CFC40F5DB1741B1
:10E7C000835143410F9C4241E3A537410B24F44060
:10E7D000014D2C40C05B203EE02D0CC07CF2C8BF38
:10E7E000FBCBE6BF1D5A10409790C7BF87A7FDC05F
:10E7F0007AC725C1E561B1C05227B2C0744621C1B4
:10E80000355ED6C1E5F2BF3EE17AFC3F88F42B408D
:10E81000A9A4CA407F6A0F4116FB4C41D26F5A41EE
:10E8200032776141A7E83341984CA53F4469FFBF67
:10E83000696F3CC0637F95C0BC058AC0F0855DC030
:10E840009CC401C1D5E7FCC0280FE3C0A4DFD2C03F
:10E8500055B0D2C14BEA24414BEA2A416E340D41F6
:10E860003FC69C403D9B8B4062100D41B6841C41CD
:10E87000567D6E40355EDA3E3F571B3F44FA4540B9
:10E88000D95F3A4088F42BBF77BEB9C0D200DEBF53
:10E89000E09C11C132550DC18E06C2C0AEB633C167
:10E8A0000601C8C1EC2F2B4160E56C4164BB974168
:10E8B000355EB341CFF7AE419CA27A4123DB2941BB
:10E8C000832F424133C460412D43E2408A8E74C09D
:10E8D000FED442C188E380C111B69AC1E9A696C1AF
:10E8E000DC468CC101DEFEC0E25817C1BF7D8CC181
:10E8F0000000CCC1E2581F419C333B418F5364411F
:10E900005E4B624162A1EA40E8D98840423E68BD60
:10E91000F0852DC0AC8BB7C0E3A5D7C0B003BDC098
:10E92000B98D46BE992A9A40B4C87EC0F016E8C098
:10E930007D3F51C09CC4C8BFA69BFCC06ABCCAC076
:10E9400043AD6DC1BF0E8D41561F9C41567DB341F5
:10E95000BA5A82414D842741226C2040BE3019C0F2
:10E960006210ACC04F40FFC070CE1CC18B6C4FC159
:10E97000BE9F51C1EEEB1CC13F35B8C005C5EF3F8E
:10E980002BF6F73EA52C5740499D80BF70CE9AC00C
:10E99000356FACC1832F1F4156FD8B41EFC9B94183
:10E9A0007B838A4195D4D9405DFED540BC96F83F23
:10E9B000AC1C923FB5373C40A01ADB40B5A61D40C9
:10E9C000492EE9C0CEAA0FC1273154C0386744BED2
:10E9D000F5DB3CC1D50995C1295C4AC127311CC171
:10E9E0005396C1C1F85313411FF41F41371A4841D0
:10E9F000B97CA041B5B7A74183512F41B6F3ED4093
:10EA00004ED18F40840D9B40810431411EA7E83FC9
:10EA1000FF21EBC0B9FC48C15B4276C1030938C194
:10EA200022FDA0C0F0166CC1D3DE76C1AE47CDC0CA
:10EA30003F57C7C19B55F940FE43154193183D41CF
:10EA4000029A754187969A41C57EA5412B879E41C2
:10EA500012A56941F9A024411B0D1F4187A71D4143
:10EA6000979067407D3F314083C0A8C09E5E9EC1A5
:10EA70009A77C5C1B840D8C1AA71CDC1B751C7C135
:10EA8000107ADEC11CEBE23D06124840211FDA403D
:10EA9000AB3E4741865A8741780B2D41FC182740F1
:10EAA0004BC887BE6C789CC01361C3C0304CEAC0B1
:10EAB00068B38EC0E09C89408E75714066F734C0A3
:10EAC000C8983BBDCA54813FF9A0CFC0508DCFC07C
:10EAD000645DB8C1711B4F41F7E42441D6564840EC
:10EAE000764F0A404260BD3F12833040857CDE4055
:10EAF000E02D0741D5E7E440E926B93FF54A69BF73
:10EB00007DD07FC087169DC0516BACC06C7846C06D
:10EB1000A301FCBE804897BF287EAAC064CC03C175
:10EB200042E0B9C189C1C8418CDB8E4133330F410A
:10EB3000560E2D40E5F25F3E08ACB43F44FA3D3F2F
:10EB40000B46153FE4839EBE4DF36E3F6ADE3DC02B
:10EB50005C2081C02A3A36C034809BC0F8C292C083
:10EB600092CB8DC0B22E36C0B7628FC03F57A5C0C2
:10EB70004CB7AFC164CC694188639E411EA7A941CF
:10EB800027317C41B0030C41ADFA70404F1E06BFE7
:10EB9000EEEB78C03945DBC066F707C1A30103C1BE
:10EBA0006900BBC07F6A0C3F5EBAD740AAF1F23E53
:10EBB00033332B40B1E125C15A6470C16DC543C1E7
:10EBC000CD4CB7C135EF3F4134A24F410DF18841E3
:10EBD0007D3FAC41151D874138F82D4140A41B41B4
:10EBE0006B2B0841764F4F41A913104039D6DDC039
:10EBF000FE6553C1D34D84C1166A90C1690085C1B9
:10EC0000C4421BC16DE7C3C034110CC129CBDCC0A9
:10EC10008BECAFC1A1F84C416F126941C6DC564183
:10EC2000E86AE540C74B5B40D8F04840C0EC224062
:10EC3000D6569CBFB003C7BEA1D61C40A3927E404F
:10EC400067D5673F8B6CDDC0F931ECC0F8C250C0AE
:10EC50002428BEBE371A2840FF21CBC0DDB543C1F2
:10EC60002C65E7C161322940E17A1040B15077400C
:10EC70000000C240AC8B2E41A9A487413709AC41AA
:10EC8000A3924B41F5B91541371A17416ABC4D4162
:10EC9000567D8E4044691BC0BC7497C0470310C0AA
:10ECA000F1F434C1E93794C1F0A7B3C10F0BB9C176
:10ECB000AF94E1C111362941F7062F419C336041E1
:10ECC00049AE9141F4FD65419A080B41560E9D40B5
:10ECD000C442853FE9481640711BE7407368914084
:10ECE0002D21A1C02E9034C1446951C1295C2FC18E
:10ECF000DCD741C00C0218C1158C23C19790D5C038
:10ED0000D792D8C10DE06941835191404F1E5641C1
:10ED100065AA144120419A4134805A41DB8A6641F8
:10ED2000190422411EA7D83F10E97B40CF6625BFBA
:10ED300016FBA3C05BD315C1F2B05FC1D49A36C134
:10ED400055C13DC101DE52BFEA84A2C196B245C1A0
:10ED5000796998C126E4814033C49340B684F84071
:10ED60005AF5DB40B37B164127C2214141F14D41A9
:10ED700057EC01417D3FD3404D84FD40499DE03F2C
:10ED8000C3F5D0BF14D09AC0560EA3C0F7750CC0FF
:10ED900083C006C112143EC1075F2BC1091B40C1CD
:10EDA000DE93BAC1FCA955C0029A90BFAC8B434018
:10EDB000C4429F403333774061320B41F38E0141AF
:10EDC00052490DBF7CF288BF6744AFC0E92697C0A7
:10EDD000E3369AC088F4E340BE9FFABE4FAF00C04E
:10EDE00011363C3EE926614013F25140832F4C40DE
:10EDF000F005B3C1ADFA2E417B837441A009914166
:10EE0000BF7D4741C5202C408AB099BFB840E2BFC2
:10EE10001361C5C043ADC1C007CEB9C0AD6946C01E
:10EE2000C05B8A40E6AE01404B59B0C05474843F89
:10EE300046B6F3BEA91394C0D191B43F840DF1C07E
:10EE40000378D0C1B684D8415BC2B141B8406E41AD
:10EE5000A01AF9400F9C37402B1815BDDFE08B3D01
:10EE60008FE4F2BD35EFD0BF22FD1AC0C05B80C079
:10EE7000143F16C0E336AEC0933ABBC00309CEC000
:10EE8000832FC8C0CAC3D8C0E2E9BDC063EEE2C0E8
:10EE90008351A4C165198A40C9E57FBEE258973FF6
:10EEA000D7A33440560E03411FF4A840ED9E1040F6
:10EEB000744640C0EF38A1C0F5B9A8C0A60A80C00A
:10EEC000287E2C40F4FD0141E86A93BF4CA6F2BFB6
:10EED0008E751D40A5BD454025758ABF158C0ABE9F
:10EEE000E9B794C117B78C41B673B741BDE3D341BD
:10EEF000C74BB1415AF55B41804858413F3573419A
:10EF0000469482413E799E40A5BD87C0D49A05C1F2
:10EF1000696F46C180B74AC1A7E8D6C096B281C121
:10EF2000728AA1C174C6A4C1659980C1DC4648C17A
:10EF30007F7BB7C186C9D24074B5004141F106411B
:10EF40001D5A354198EE8A41C5205741A779DD40C9
:10EF5000DC460340DA1B3CBF2B18A5BF09F9803FF4
:10EF60007AC707413108ACBEB515CFC0B22EBEC0BE
:10EF70005C2085C017D941C1986E47C195D42EC178
:10EF80004EE2E9C1840D984109F9A24167559041CB
:10EF90008AB017411DC9994016FBAB3EBF7D83C0A7
:10EFA000871603C16FF00FC1F4FD1BC1ACAD54C196
:10EFB0003D0A0AC124289EC03D9BC140ED0DDAC028
:10EFC00030BBE3C09BE645C05BD30C41CA32B640C0
:10EFD000D33C8DC1886397406C09D3C08CB99F40E6
:10EFE000302AEB40014D1041B00385409F3CE64084
:10EFF0001AC0FB3E787AA14068B3F040EA04C43FEF
:10F00000B51576C11904AA408351C9BDE10BE1C011
:10F010005530A2BF0DE0EDBE2575D2BF1B9E3EBF91
:10F02000B6F3C0C1EF385C418A8EA440B537AA4020
:10F030007D3F79400B467D409CA2B33F8126423EF6
:10F0400013F281C08AB021C055309EC03A233640A9
:10F05000F1632840F0A732C0553072C0D200BEBE66
:10F060009A770C3F1B0DAC40EC2F8BC029ED51C0A3
:10F070008CB997C19FCD4A41787A6C41C1B9814121
:10F08000228E95415839624197FFE240B684744020
:10F0900046941EC09D807EC0CC7F8EC01AC037C0F3
:10F0A00048BF4D407B142E3FFBCB12C15C8F22C169
:10F0B0004BC8C1C071AC5BBF598614C1A52C60C1DF
:10F0C0006FF0DFC13D0A704134A29141D044B34199
:10F0D000BCF4AC415BB16341363C2941CA54D740D2
:10F0E0004A7BC1406B9A3C41C1A8064145475EC07E
:10F0F000325534C1A9137BC18B7D8CC1426068C17C
:10F1000029CB90C0C7298FC1BDD292C1CFF724C1EE
:10F11000A156ABC1EE5A2240C898374000910B412E
:10F120004FAFA6403E790F41ED9E38407D3FADBFC9
:10F1300071AC8DC0F4FD9CC0D49AFCC09A9977C183
:10F14000DAAC27C12C658FC0BADAD24004E71F4180
:10F1500059864E41DF4F51407E8CA93F82737240E9
:10F16000D95FA0C1CA540841E5613D41A3928341E2
:10F1700032559F41948780413D9B06412B878A40B1
:10F180008A8E64BFBC9670C0F706ADC01B2F89C0C5
:10F19000BA49EC3EAA601F413F35BA40D200E63F73
:10F1A00017D9F8C05A758AC121309CC1D6568EC174
:10F1B0009D91D6C1D9CE4340B8402041C898324134
:10F1C000211FBE4024B94C40C13907C034A2B43E0F
:10F1D000DE0241C09A0817C073D7AABF962186BF26
:10F1E00042CF7A402AA9F940767143404694CEBF77
:10F1F0009BE64D3F5EBA9DC06ADEDFC06D56E9C03A
:10F2000092DC94C1E3C78E4132779B41F2B0CB418F
:10F21000D734994195654441D0441741F085C340A6
:10F2200079586C401AC03B406A4DB140AF9413C14D
:10F230008A0E88C1B515A7C14772B7C16A5EA9C158
:10F24000D95F70C13D9B9B404B591240696F0CC008
:10F2500066E6A4C12FDD19412CD40C41DDB5324145
:10F260008FE46941BD5293416B2B5741560EE540E7
:10F27000AE478540637FE93FD3BC733FD656A44079
:10F280002FDD80403E79BEC0BD5240C154E364C111
:10F29000C66D29C1D42B35C0EE7C44C1F1F455C1F3
:10F2A00045D8DFC165AA5641F6178641F241A5410E
:10F2B000E3C7B0413D9B7E4189412A41C5FEAC4038
:10F2C0004A0C4A40ECC039BF787A9D3F1748BE408F
:10F2D000D712A4402D215F407E1DD83F77BE2EC19E
:10F2E0001F749CC154F4B6C170CEA3C10456C0C1F2
:10F2F000D280D7C17AA500415F297F41515AA841E8
:10F30000DF4F7141158C044162A14640A2B477BE23
:10F31000553088C03867C2C0287EEEC0DDB5B2C0A7
:10F32000F0A7C63FA3920541A30158403B7086BF9A
:10F330006F8127C1DBF93EC1925CB2C0B1E1DBC095
:10F340002D21CAC1C3F59F417DAEA14154F4954121
:10F35000508D4B41917EBB4061C37340D49AE63ED1
:10F360007A36CBBF7B142EBD539645C0EF38B140E3
:10F37000637F19BE3333BBC08BFDFDC0C898C7C0C7
:10F38000545287BE8A1F71C163EE87C195D415C1DF
:10F3900066F7A5C1B98D26C00AD7EFC01748A0BF30
:10F3A000F8C26040143F7E4041F15F4059861C40E6
:10F3B000ABCF4D405A643BBEAEB6DABF86C9ECC097
:10F3C000ACADDCC048BFA7C03B70F2C0F54A12C16B
:10F3D0006B9AD340A7792841234A27418F649241F1
:10F3E0005BB150C14BEA543FC5FE0E4052276C4002
:10F3F000A245B440FF21BB4023DBCD400612C040F4
:10F40000B29DAB4043AD154070CE08BF302A89BFD6
:10F4100062A1263F14AE37BF99BB80C0EA04C2C0C8
:10F42000AF2598C0F628FCBF57EC93C01214BF3D1F
:10F430001DC975C123DB15C1295CDDC04BC89DC04A
:10F44000FFB24BC04850D4BFF9A0BFBF0A6822BE6C
:10F45000C0EC1E3F8F53043F3A231E40204193408F
:10F46000A301AA40D26F91404C3751407593704030
:10F47000D3DE5C402FDD74402BF67B400E2D9C408C
:10F48000FCA957C18B6C97BF986E023F8273963F61
:10F49000C9E51340BA6B1140AA82A93F3A92D33F03
:10F4A000B53738BE182693BE7AA5A4BF9FAB11C04E
:10F4B000E78CC8BFD7129ABFE5F21BC0BB277BC041
:10F4C000249707C0AD6916409031B73FBD5219412E
:10F4D000C4B1C4C027C21341713D2C41524991416E
:10F4E000F252A541FB3A5941B8AFAF403411424006
:10F4F000B15083BF894100BF516BE23F9318264151
:10F50000A1674041401313419CC49EC0068170C155
:10F5100086B89FC16980ABC1A4708DC17AA5CEC0E9
:10F52000C6DCD9C1C1392A41D6C52C411CEB3741B3
:10F530006143844196219A4170CE59413EE8C540CD
:10F5400067441D403D9B49C007CEE5C0D509FEC0BC
:10F5500057EC27C0728A94405F29BDC0B29D15C187
:10F5600026E4E1C05C8F4EC0128324C1287E28C1EE
:10F5700016FBE2C15917954165199B4177BE9C4125
:10F5800085EB64410F0B174121B06640EB73FDBF63
:10F590005C20B1C0812610C18FE42EC183C04BC155
:10F5A000143F61C14B592FC17B8377C07502CC409A
:10F5B000CE8819412F6EB3BF2BF6EFC08D97C4C014
:10F5C000796986C14DF31741E0BE3541B1BF38417D
:10F5D000A089FC402B189740D0B341402FDD8640D6
:10F5E000516B12409A779C3FF016B64006122B41A1
:10F5F00096B2884010E9373FFD8770C0EB73D9C0E1
:10F600008FE400C107F0FEC0DE9324C15F0748C14C
:10F610000B35DEC10681FD3F3B709E401283E0400A
:10F620004182FA4027A00C417C610141AF94F9402E
:10F630006891FF40A9A40941431C5341006F6C41EC
:10F640005F0731417FFB0A407CF2B6C002BC2FC18C
:10F650001B2F0CC1272087C1C6DC64C11DC98BC10B
:10F66000A4F0F0C150FCEE40DFE0174138F8314122
:10F67000B4C86041516B75418885FE406DC5A64098
:10F68000AE47E1BCF01640C03D0AD73D6B9A273F1C
:10F6900079E9FE40143F16C05DDCE2C0C58F93C01F
:10F6A000D71206C0508D7FC1FFA181C1C139EFC003
:10F6B0000E4FA4C173D79A409D80864024B9644000
:10F6C00016FBCF40EEEB2D41D49A85410DE06D4104
:10F6D00076E0D640674449400DE01D3FED0D2240E5
:10F6E00076E0F24005A3D23F9A7740C0BA498EC077
:10F6F00064CC15C0B5A634C1DD247BC15FA988C127
:10F700006076EFC1FF211D417958B240DD2452409F
:10F71000F77514400A68AE40E3C71141061226414E
:10F72000A54E0A41A857C0409FABCF405227884002
:10F730000DE0953F569F85C0711B1BC1886328C192
:10F740003FC63DC18E0621C124B95CC06E3410C0D5
:10F75000FEE5A3C1091BBC40BD52BC40A01AF54048
:10F76000C66DA6403333A3402DB2FD3F6ABC1040A6
:10F77000917EB33FABCF8DBF2BF68F3FD7126E403C
:10F780004D843540C1A804BFBC96B83F05C5C73FEE
:10F79000CD3B07C1787A6DC004E7CCBFCDCCA8C003
:10F7A000431CCBC1DC465D4118958A415F988F416F
:10F7B0001203974196434A410F0BF140B30CA94005
:10F7C0000AD7833FF1F482BF16FBAFC020D2D3C06B
:10F7D000F4FD20C06210964060E55CC0F8C2E6C04F
:10F7E000FB5C83C034115CC133C465C111C73DC12A
:10F7F0006608E6C1C4B10DC1522744C0C3640E40BF
:10F8000019739F401058CD40FFB2DF407CF21E417B
:10F81000083D4041D8F04341FDF66441DB79934116
:10F820004B59CA405BB187407FFB2EC03411DEC00C
:10F83000FB3A2CC136AB22C1DFE045C1E01C83C1DD
:10F8400061B2D6C109F92F4147725841A53D8241A5
:10F850007B839D417B948741780B3041B5A67D40E9
:10F86000F706973FCC7F00C0F6287CBF7C612E4016
:10F87000143F06BE54E3D3C08B6C09C10BB58CC0DA
:10F88000D0443FC109F976C1AB3E55C166F79AC075
:10F89000712CE0C10D71E64012A51141C3D3514155
:10F8A0009CB39E41BA49B441EF388541F8533D417C
:10F8B0008E062541E5D04F412C657D418D97114144
:10F8C00038670741C286973F197367C18184ABC10E
:10F8D000856BBDC10770B4C142E0C6C1ADFAC3C1FA
:10F8E000865AD5C14D8406C15BB1D5C0DF4F7DC0FE
:10F8F00082E2CFBF736809C04B5912C0B53710C040
:10F90000DF4F41C0ADFA92C0EE7C23C0D7A308C040
:10F9100087A7A7BF787A8D3FB1E191BFA8C69B3F6B
:10F920001826C740C5FE6640F2D21C41E09CBC418F
:10F9300096435BC0C5201B41AF253741925C7141A6
:10F94000BE9F77412A3A1D41D122634026E413BF6E
:10F95000477231C07502A6C0B81EB7C0EA958EC006
:10F96000AD69FE3E93A91441CE88BC40508DCD4078
:10F97000780B88C0083D30C12CD417C1DDB550C10B
:10F98000FE54F5C19CA23F402D21B73F12145F3FAA
:10F9900052B81240F8530740158C3A40849E1940E3
:10F9A000F016F83F0B46D53F143F16C0E09C05C04B
:10F9B0005452F7BF88635540EFC9DB3F835169BF9D
:10F9C000F2D251406F81E43F6688BB3F5D6DADBFB1
:10F9D000568EACC173D7F640A4701541C8073C41A0
:10F9E000AF256541849E6F41DE713141C9761E416C
:10F9F00027C21541AA602741DD24CC4066887FC01C
:10FA00007E8CF5C020D247C133C442C1C898B9C06A
:10FA10009B55B1C0A01A19C14A7B19C13EE8F5C077
:10FA20008F42F6C1C3648E40FCA913414D1571414C
:10FA300042BE8F415A6434416F122B40FF217DBF7B
:10FA40001904B4C0E71DF1C0A85707C14C3707C15E
:10FA50001E16B0C0C729E23FBF0E8A40E09C9BC083
:10FA6000499D04C01AC095406666A0C04A7B8DC0FF
:10FA70003BF093C129ED32419A08474114AE4C4105
:10FA8000A60A4B41713D00416B2B5A400D71E43F7A
:10FA900068226CBE287E00C0454782BF6ADE0D40EA
:10FAA000E78CE8BEDE9306C147720EC1AA6001C1B1
:10FAB000DC687CC0D509C8C02FDD10C0645D08C0FB
:10FAC00012A5A6C18126C2BC8FC26540F7759040C1
:10FAD000174878401E16B8408C4A3041AC8B0E4116
:10FAE0002BF6E540143FE240D0B3E540F1F49840F6
:10FAF0009FAB2D3FC1398BC06DC5ACC0B30CD3C01B
:10FB0000569FB3C0D49A18C1F016B6C04013B1BF07
:10FB1000A2B4CFC17E8C2DC05D6DBDBFB5159B3F1E
:10FB200076E01440FE656F40401371408885A23F27
:10FB30003D9B553E166A3D3FFD87ACBF5EBA0DC08A
:10FB4000B51573C0BE309F404CA6EABE508DDFBFD6
:10FB500088856ABFE3C7E6400681653FE86A8BBED9
:10FB6000516B36C1F697F3403789284100808241B6
:10FB70005541BC41C3E4AC41CBA18241CE999141F6
:10FB8000A2C58741AE47713F2D43E2C0A5BD4BC121
:10FB900061B280C10ECF93C1F9318FC153056EC1DF
:10FBA0000C029BC0C2170FC1728ADAC02E9060BFD0
:10FBB0009643BBC120D21241477245404D849540C7
:10FBC00064CC00415D6D6A41E2D886414F402741D7
:10FBD000DAAC3F41075F5441B30CF5400456B6BF61
:10FBE0003480E1C048E13FC12F6E70C18A1F6CC1F3
:10FBF000BF7D7EC1F8C21CC0053403C153058FC050
:10FC0000BBA794C19C33C2BE143F363F9E5EE93E03
:10FC1000A5BDD93F3EE84940431CED4053050B418B
:10FC2000EBE2F240CBA11141772DEB40ECC01B4140
:10FC30009C33744157ECDB40F6284CBFF1F45A3F3B
:10FC40006DE71AC14A7B15C1C5FE64C165AA5FC1D3
:10FC50009F2BF3C1C58FA94032E6CA4017B7993F21
:10FC6000D42B554023DB014082E233404E62803F7B
:10FC7000CB10E73EF90FB9BF9D8042404C37A13F02
:10FC8000E8D913C1CC7FA83FA470F53FC217463F07
:10FC9000B840EA3FD044183F8A1F73BF82E22FC0AA
:10FCA0005D7E96C1977FBC41C976C8415474C841F6
:10FCB000D656B34139C583410D716641BADA314137
:10FCC000CDCCA040A16783BFB98D09C1121423C157
:10FCD000C1CA19C120D23DC1AB3E5BC1666686C0B8
:10FCE000EC51C0C038F84BC1C96594C1BEC1B4C1A4
:10FCF0009318C0C1575BA1C0B4C886C0984C51C00E
:10FD0000CD3BCEBE21B0EA3F76E04C407E1D184090
:10FD1000FF210540D3BC233FBDE3543E0534113ED3
:10FD20005BD33CBEC05B204086C954BE2E90A8BFAA
:10FD30000F0B95BE4E62503F11C7E23F22FDA84017
:10FD4000B29DBDC08941F4406ABC1F41B5157241E6
:10FD50006A4D9741690050414D84BD401CEBB23F54
:10FD6000AEB64AC0B30CCFC0D8F005C16DE7F7C03E
:10FD7000E9B7A7C0C442D53F4703AC40D93D693F6E
:10FD80008CDB104082E2F3C0598634C180B7B4C026
:10FD90000E2DD5C11058764124979B417424934170
:10FDA0006A4D3741D0D580408CB9EB3E423E94C07D
:10FDB00054741DC14A7B31C195654BC1F0A751C137
:10FDC000075F45C1348006C10091AE3FB22EFC40B2
:10FDD0009318B240AAF15A40B072383F0C93AF402A
:10FDE00060F6ABC1BADA8040DFE099402FDDE24037
:10FDF0001AC01941F9314A416A3C8D4192CB9D416B
:10FE0000BF7D8B41F7065C41B9FC5E415530C04077
:10FE1000006F91C01F8516C1DE7155C18D975AC103
:10FE200038F822C1A85728C1A83589C14D849AC184
:10FE3000FA6DE4C1C73AD441099BB541FE65AD41B5
:10FE4000D3CD8C41C5FE3E4112A54A416132AF403F
:10FE50002428C4C006120FC1B4C8DEC0431CB7C0FA
:10FE60006ADEB3C0F6280AC1CF6621C1CC7F02C1C9
:10FE70005F29F7C0AC8BADC0A85721C1ADFA51C105
:10FE80000BC6AFC104567E40C8078540A52CB740BD
:10FE9000022B47414ED18A41516B3A412DB2A740C6
:10FEA0001CEB9A3F00910E3FD5E72E40BE301A4121
:10FEB0006ADE01BFA60AA4C01CEB32C0FC1843BF17
:10FEC0008BFD6DC01361E3BF2AA907C1213097C123
:10FED000B37B02C2B003DB405D6D3A412D437041FC
:10FEE000E09C5041DBF962405E4B183F8CDB40C028
:10FEF000A1D6F0C0CA5403C1F8C209C16900E9C063
:10FF000019049EBF1D5A1441363CA340D3BCC140C6
:10FF1000A3926ABF42CF92C0FB5C5D407FD999C07B
:10FF20000B24E3C16EA3FB404703804031083CC073
:10FF30009B550340F9A00F40A835EDBE1058F13F86
:10FF4000E0BEF63FE92621BF4013B13F9D11A53F1A
:10FF500097FF883F5BD3FCBE2E90C83F006F013CEB
:10FF6000A779C7BFB07200C0FF216D3F7E1DF8BEEC
:10FF7000E3258DC1F697BB400B46F34041F1FD40B0
:10FF8000C217034105341D414DF36441B4C8944187
:10FF90004A0C8D417AA56141CB10364127C20E41F2
:10FFA000234A9940045692C08FE435C160768EC1D1
:10FFB000D34D63C19FAB33C14B5982C10B35B9C11E
:10FFC000142EF4C158A8E5BF3B70CEBB295CFF3F9F
:10FFD00000916640107A4E4007F0563FA52C17401E
:10FFE0003BDF1740DE718A3E4547D23E7593B83EEF
:10FFF0009A08AB3FD88113C0668807C089D236C043
:020000040803EF
:10000000787AA53D645D1CC0984C0540DC462041D3
:1000100009798BC1387880418B6CAA4171ACA141C0
:10002000FCA943418C4A8040C4B1863F09F968C0AD
:100030006B9A01C1750208C18AB022C14FAF1BC1C2
:100040008195F9C038F89ABF5BD30F419D80B040CD
:100050000BB59E3F4F4006C16ADEEDC0F90F99BF58
:10006000287EC3C161327D4198EEA941C9F6B241F3
:10007000E9379D41E86A4A41295C9F40865A03401E
:1000800029CBA03F470300C0302AE3C01DC907C1E8
:1000900062A102C1431C67C0F5B93E40DA1BCAC069
:1000A000FA7EECC0750226C0098A32C17A2591C158
:1000B000C65CE0C18885374139456E41FAFE9941F9
:1000C000AD69894175021241B3EA934099BBB63ECE
:1000D0002CD46AC03480C9C02D430CC1AB3EEFC0E4
:1000E00067D5DFBF98DD5B4068B380C0E78CB2C0E6
:1000F000933A993FB840E0C0A913B6C07D3F9DC078
:1001000039D6D2C13D9B81402C65CB40F016F840DA
:1001100048E1534157DBB041C5A0864193A92D4129
:10012000BA491F4161323A4129CB6741E3C7883F51
:10013000B072C0C065AA0BC18D281FC177BEA7C011
:10014000485060C1C3F59CC11F7483C1B76253C1DD
:1001500028FEC8C1F931614180B74F4167D56B4175
:100160002FDD9241516BA6414B59AD4116EAA34197
:10017000BB389241CD3B6D4124B98640FAED93C026
:10018000F5B9A2C0BA490FC1C2861FC14ED167C11D
:1001900026E4B1C1A323C7C12BF6C4C120D29FC19D
:1001A00012A5CCC1516BD2402B18D140CE88114141
:1001B0009D8068415F29A541FEE5B041AA71884153
:1001C0001A51694168B39341D5E71B41BEC1173E3F
:1001D000933A8FC0FBCB9EC0E78C68BEBDE34EC197
:1001E0009D11ADC1568EBEC196A1B5C13188AEC1BB
:1001F000DC57D7C1986E1AC0333373BE40133940F1
:100200000309B04033C4D740D3BCB740567DA240A9
:1002100013F2A5409C338A408A8E5C4063EE8A408C
:100220003EE8F13FD712164057EC6FBF5BD3A4BF37
:100230007FD935C0CE1983C0E86AADC0CD3BE8C0D8
:100240009EEFB7C1158C9541143F364196B21341CC
:1002500096211641D26FAD40BA4968406B9A37BEBD
:100260003411263F05C563C0CA3280C0CC7FC6C0EA
:10027000D2002E3FF085593F7F6ABAC0C44241C0C8
:100280001D3857BF355E5A40F62896C0E41424C185
:10029000840DC6C1888592BF2731C83F16FBBB3F7E
:1002A000CA54E13F5F98DC3F76E01440FE6597401A
:1002B00072F92740B5A67540EE7CD14012835840B4
:1002C000E17ADC3FF085E1BF1F8583BFB51593BFA1
:1002D00055C1F83FEEEB9EC03FC618C0D71236C0DE
:1002E0003CCE92C105A361413D0A59417F6A22413A
:1002F00058A80C41CF66F7406ABCF440D93D144180
:100300006EA30041AF949D40B5A6C3400378B140B1
:100310001FF46CBFC3F5C4C0DAACE2C0D95F0AC138
:100320004A7B11C1083D14C11C7C58C1FB5C41C112
:1003300071BDE8C188851D41BC9657414B6A874114
:10034000956557418E06BA40ACADE03FCEAA3FBF9F
:100350001CEB7EC097FF01C1371A19C1772D0CC164
:10036000E0BECCC0674429BFFED42F4199BB4D41AC
:10037000F016A83E05A309C11B9E26C11FF4BCC0F0
:10038000C14AB2C117C89941AC0B91413A927F4121
:1003900044695441D2000F4181048140A52C2F4073
:1003A000D5E71A4051DA9940F931BE404850D4BFE0
:1003B000E561B5C033C403C17FD909C1F697B7C0A1
:1003C000BA6BBDC0EC5159C1B51533C19CA21BC15C
:1003D000E325C9C1A7791B4152274C41D34D8E411A
:1003E0001DC99C410EBE52411D38DF40A77989408E
:1003F0008273AE3FDC68E0BEE5D09E40448B0C418A
:100400001283703F9C333AC052B85E3FE5611CC115
:1004100052278DC1CE199EC1A39261C1EEEB20C1BE
:100420002C54D4C111479E41D2EFD7413FB5D8419A
:10043000D792A74194F6564133C4DF405C207940FF
:10044000CD3BB040D7A3CC4025066940FCA961C094
:1004500050FC1EC1668844C150FC76C1E56174C180
:10046000B07256C117B75AC1575B68C15B4260C1D1
:1004700098DDB4C10AD797C0750216C07958A0BFDD
:100480006744893EE414214002BC4140787A5140DF
:1004900030BB973FC4B1BEBF10580DC0DFE06B3F0B
:1004A0005BB1C3407AC7A140FA7EE440DDB5AC4001
:1004B0007368E93FC9E53FBEA32379BF454732C012
:1004C000D5E7A5C1CB102F40B0033F4024B99040E1
:1004D000B81E304148D087412D431B412497A1408D
:1004E0007C61723EAB3E0FC073D70EC0BA6B5940F1
:1004F0004CA6BC402AA963C0AA82FDC01D38A3C077
:10050000CA3282403789D9C03B70DEC029CBC0BF18
:10051000B22EF2C1E336F23F7424FF3FE414DD3F14
:10052000211FBC3FEA95064034112E40CE880E4074
:10053000B30CD13E8D97BE3F4F40174089D25E3CF1
:10054000448B48C08FE4EABF5EBA5DC0598620C0C4
:100550006DC5FE3D736821BF9CC480BE21B02A409A
:100560008BFD15C10612EA40C4B12D41C58F8241F1
:1005700058A8AA41401378419B55B940D712024070
:10058000AF2514BFFCA975C0764F4AC0DDB59840B1
:100590006F12DD4080B750BF1D5A843EE3A50B3F6C
:1005A000D49A3FC1B8AF9BC157DB9BC1750230C124
:1005B000F697AAC19A779AC0933A15C0668853BF36
:1005C00009F930BF1EA7E83C8B6C0B40C74B9B4022
:1005D00074241F404694063F54748C3F0B46753F6D
:1005E0004F4003407B14AEBD54E3A5BEB1E109C04A
:1005F00054526BC04A0C04413945D73FF8C23040D1
:100600006D563FC17446E04134A2AA41DA9BD54100
:10061000166A7E41D3CD8B41075F3D4185EBA140FA
:10062000EFC9D140FFB289C0FF2165C08BFD0BC16E
:10063000D88107C1832FF2C0DC6824C016FB2BC110
:100640006F7084C157DB94C19F2B86C1211F57C196
:10065000DD35ACC1DD243741D73449417F6A6A4179
:10066000045641419643AB4032E6D63F9B5513407A
:100670009C331EC0C1CA05C08F5304BFC1390BC013
:1006800074243BC036AB32C04C370540C520883F90
:1006900024286AC0759398C00000DAC0BEC103C1A7
:1006A000B751D6C1789C3141FCA90E4129ED3C419E
:1006B0003480304186C9FC3F2D436CBF54E31DC0DC
:1006C0005DDCD8C08E7512C12EFF26C1ECC00DC1F5
:1006D0000C93CBC0EC51783EF853054186383E4030
:1006E00070CE1841D0D552C083C04AC0925C8E40B3
:1006F0005D7E97C1BA494B418DA8914116EA8C4164
:1007000096211341ECC0C93F832F8CBF97FF9EC039
:10071000C520C4C09621ECC0D191E6C0ABCF89C042
:10072000567D6640158C1D4168B32B41840DEFBF8B
:10073000E8D936C18FC25EC119E202C1BEC12B40E9
:1007400007709DC18638563F7368E1BF1FF4EC3EC9
:10075000E71D174046B6A340C898F740A4DF1741ED
:10076000355E8C40787AC5402BF6B3402BF6CB40F3
:10077000D42BAB40F7062F407E8CAF40804895408D
:1007800039D606C1C3D32FC1CDCC0AC1BE302CC1CE
:100790002575D1C1CA544F41683380417582984153
:1007A000447A9741F2D24A417E1DFA40B3EA73403F
:1007B0002E90703FBB27C54045D8EE40D93D21C0A3
:1007C0008273E4C0539623C12B1823C1249785C09C
:1007D0007B14B8C0EFC967C1AEB604C1C66D5FC1B6
:1007E00076CFE8C13188EA41FEC3D741159D9F41CC
:1007F000812647419FABEB40174838400612B43F73
:1008000061C31FC0A1D6ACC0327783C0BDE3A6C010
:10081000B5A6CFC0B98DBEC02497CFC0FED4D4C07A
:10082000F085D7C040131FC199BB07C15BB13DC163
:100830000523A4C16744F540EC2FFB406F12AB4089
:100840000B465D40832FCA40BC05923FC58F49408F
:100850001058A340C5FE723E73D78A3F1B2FDDBEE2
:10086000917EBBBE865AB3BEDA1B0CBF4F1E03C1BE
:10087000273178BF6744E1BFCC7F58C0539641C051
:10088000379AB2C1DFE0E140E8D9094157EC1B419A
:10089000D3DE664164CCA64162A18841FDF6E14009
:1008A000280F1B40696F00BF83C082BFE0BE464077
:1008B000A167AB40B7625FC027C2ECC0D712EEC0E1
:1008C0006519E2C0E8D90CC1D9CE4DC1CCEE96C1B4
:1008D0004F2FE2C1448BB84095652CC09B551A41FF
:1008E000ACAD48BF6C092C41AAF132408A1F27C029
:1008F000F0A752C09E5EC9C002BCF3C033C44AC157
:10090000E258AFC02F6EA14096215C4148E12441DE
:10091000789C904041F1ABBF02BCAF406666DEBF41
:100920001F74BCC196B233C11214FFC0BDE3ACC08A
:1009300036AB56C0D7A34CC01B2F87C05BB17FC05E
:100940007671ABC0772DABC013F299C0DFE0AFC0BA
:1009500076713BC02506254055C198408FE45C4127
:100960001CFC8E41CA541D4133336F411D5A304126
:100970000B4638C1DA1B34404F1EAE3F4FAF8840A4
:1009800052B89C40FBCB8A4012145BC0D5094C4046
:10099000E948A240AC1C7E401826C740E4836E4064
:1009A00091EDA840C3F5B03FF90FF5C0B1503BC081
:1009B000E17A0040F2D281C0A779B3C0448BA43F52
:1009C0006822D1C180489F402D43CE40B1E1F7401D
:1009D00032E61541F7E418415C20134130BBCB40AF
:1009E000F38E9D4069000B40B8AFE33FB150BB3F71
:1009F000AF94C5BE4182C4C0F016ACC0E78C28C01D
:100A0000696F20C001DE05C14469E1C0539634C15D
:100A1000DE02A2C155C120417CF23F41F4EC83418A
:100A20009A779F4129DC8141FCA9144119048A402D
:100A3000E6AE353F9D1183C0C9E501C1371A28C113
:100A4000B00325C1F5B9A6C0B8408A3FD191CCBF4B
:100A50000B4679C04703A03F29CBF0C0CCEE4EC176
:100A60002D32D9C1AE588841D35E99414D73B541FD
:100A7000E8D988418E060C41CE888C40D93D39BFDB
:100A8000E6AEA9C0BBB8FDC06C0906C10E4FEFC0F1
:100A9000304C72C0BE3021C00AD7A33CB6F3C5BFEC
:100AA000F016483E2B872CC14A7B40C1A2B443C0FC
:100AB0005CA0CEC1D645954101CDB24130AABC4122
:100AC0009C33984134805E412D435541A5BD104172
:100AD000B0034FC058CAA23F8A1FBB3FF5DB8BC093
:100AE000B515EDC004562CC1A60A3DC10F0B65BF5C
:100AF000B4590BC1719BB2C1401301C1213094C1E3
:100B00002B18D4C16C785240567D764029CBC03F1B
:100B1000711B9D403D9B79409E5E7940CE8822BFEF
:100B2000D0D5C6BF57ECA7BF310814C05839ECBFA9
:100B30002D4364C0690027C0FB3A5C40A32381BFFA
:100B4000F38E43C0CDCC9040327759406744913FFB
:100B5000643B7FC15249B5C08D2879C05EBAF1BFF0
:100B600090A0D03F0C9315403FC604405839084030
:100B7000AED8DF3E5F294B3B34118840986EA640CB
:100B80001EA75440D42B3940772DF93F0B4609401E
:100B90009CC4703F83C00A40645D1840AED8A7BFB4
:100BA0004ED1A8C1E5D0AD41C65CC2418AB0B941C1
:100BB00001DE57411FF4EA408BFDBD3F48504CC059
:100BC0006ABC9AC0CD3B26C1045636C147034DC10D
:100BD0001E163AC16EA31FC11B9E26C0D0D57240FF
:100BE000FCA96140C58F89C051DAC1C08FE4B23E13
:100BF0001737B0C1C286E3406744CB40D7A33A4120
:100C00008C4A96419AF7854146250541840DBB40A3
:100C1000C5FE8A40EFC91741BD52F84045D848C0CB
:100C2000151D25C190A062C1499D72C1BB273BC162
:100C3000C3F5E8BFD044E6C0AD6908C1787AEDBF1E
:100C4000984CB4C1098A6341226C8E41A4DFAB4148
:100C5000A381C74119E2C741832FB3411904AB41B6
:100C6000E6BFA7416DE75641DFE08B3D46B612C1B6
:100C7000AAF151C1075F5EC143AD6FC10E4F91C173
:100C800040A4A4C11A51B0C13F35B8C1DB8AB2C17A
:100C90003709C3C160760E415EBA1C41F628154182
:100CA00094873B4140138F410D71A94142CF994137
:100CB0009FBC8A4147725E411D5AEC409CC42CC0C7
:100CC000744605C1431C22C1DC680CC154E3C1C099
:100CD000BB270CC15F9877C1C431C0C11294CCC18D
:100CE00033B3D6C1E0BE764018268740ABCFC740AD
:100CF00046B64841362B91414F1E614172F9BF40C3
:100D00003F352E4099BB863F6B9A0B40EC51194101
:100D1000AD695640DE938BC063EEA0C0B29D0F3F1D
:100D2000F70625C1B68475C1014D4BC1B37BF4C034
:100D30001E16E9C137890EC16822C6C0E56175C0BB
:100D4000A5BD413D8638B6BEF2D285BF925CDE3E7F
:100D5000ED0D3E3F5917373E4F1E1AC0986ECABF61
:100D60002B87463FCE8832404625B5BEFE65173FED
:100D7000931898408CB9A9405E4BB240426007413D
:100D8000C8079FC00091C0400F0B1341D7A3484133
:100D9000EC518D4199AA9041E3C7314170CE684032
:100DA0000E4F6FBFA8C61BC0499D54C0022B1FC069
:100DB0003333AF401B9EC440A54E6CC0E41421C029
:100DC000F2B030BFFF2130C1D28086C1DCD78AC1EA
:100DD00082E2E4C13D9B4A418126844193188841C7
:100DE000530536415F073240D42B35BFEEEBB0C020
:100DF000BB2703C1470313C17E1D28C1B22E15C1F5
:100E0000CE88C6C0E09C05404D840541CCEE314003
:100E10007F6A07413867A0C0355E10C148E1B2C0A3
:100E20001CEB4BC192DCD4410AE8C841D2EF9D4192
:100E300022FD5B41D8F0F04007F09A401D5ABA40BD
:100E4000C217BE40ECC0554006129A409D80D6BFE6
:100E5000BEC18DC0AA82E5C00681D1C005A319C15B
:100E600036CD1EC1F84288C1228E9CC11F0596C195
:100E7000C65CB6C1F46C1541E78C7741E3C79D4170
:100E8000D8F05A41FA7EB840A54E3C400D716CBE78
:100E90005DDC42C02A3AA0C0E92669C038F8664045
:100EA000A4DF0141A01A87BFD34D22C0C21706405C
:100EB000A857CEC00DE030C1BF0E1FC1567D39C14D
:100EC0006C89D1C1C0ECD640728A4E4110580241A3
:100ED00067D53F40B3EAC3BF7FFB724004569440DE
:100EE0005E4B483E09F98CC07E1D244070CE60C028
:100EF000B22ECEBE3CBD023F2EFFD1BF569F7B3FE0
:100F00003EE8B5C0B9FC07BCF7759CC0D8F054C02A
:100F1000916D90C10DE0ED3F32E6624018952C4195
:100F2000014D2541E5610D41780B3541E17A4A419A
:100F3000A8570141B1502341C5FE6141D34DE23D67
:100F400023DB9F402C65BF409D11FF408273F04022
:100F50005305C1C0E325A8C14AFBBBC178CB02C27F
:100F6000F7460CC29FAB5141CC7F764133C48C41D4
:100F7000D49A90416EA3354177BE8B40A32329407C
:100F800029CB603F2F6E233D6B9AD54011C703419B
:100F9000AB3E2BC073D722C145471DC16EA349C0CC
:100FA000D93D18C1865A66C11826C9C0AD6959C154
:100FB0008E06E6C104E78C3DC4B112408716D340CB
:100FC000BEC1054124B90341AA600A410BB5E44002
:100FD0001D38E540006F8F405F075A4036CD3441E1
:100FE0003EE818415E4B283F006F25C05BB1D7C07B
:100FF00018950AC1083D0AC16A4D40C1FF2153C17D
:101000006290D0C1E3361841431C3341D7346A4162
:1010100074A4AA41167BA74192CB4D417E8CBD4062
:10102000A54E44407CF2103F73D7364072F9EF4032
:10103000454722BFA9A41DC11B9E47C1E71D34C15E
:1010400082E297C0068159C1AA8290C1E9486EC167
:10105000EBF3C6C18FE4B240E414A540D1919640B1
:101060009A778A409A77BA401826184175930641B4
:101070003199D23F9D1111C00E4F2BC0D95FB6BF21
:10108000C52090BF61541A40E483E6BF3F359AC043
:10109000888503C13BDF3BC02F6E83BEEA95B2BE9D
:1010A0001BAFADC18FC2D53E917E9B3F51DAA540AB
:1010B00022FD1541CCEE1B41BD52BE40D734A140AC
:1010C000925C22406A4D2FC004560EC10E4F31C1B2
:1010D0007B14E2C0BF0EEEC0EE7CB7BF0B242341F1
:1010E0004C371A41F46CA040C44289C00AD777C07B
:1010F00079E98BC1083D0D41C1A81141DD245B4157
:10110000FD769741CFF7A341FB5C7B4194F61141FB
:10111000029AB240BC96E03F6744B13F4DF3DE40D7
:10112000E561CF40BE30A740A0898840A8351DC1E9
:1011300032E691C1C9F6C1C18885C1C18C4AB6C128
:10114000841EE2C1A4DF26C1BEC133C12C65F3C039
:1011500034A20AC19565FEC00000C4C0A0898CC03D
:101160000A68DCC07446AEC06F8110C0BDE3ACBF7E
:101170006F1213407C619A40B1E14B412B184741FB
:1011800019E2674100006D4129CB4F415AF51941E1
:1011900062103EC158390E411EA74041D3DE89413D
:1011A00029CBBA41D870B1419A998A4155B083414F
:1011B00020E394410C934041840D07C096B2F0C0E7
:1011C0002AA93BC133C437C15EBAF5C0B8403BC1A0
:1011D00013E1A9C1A301BDC1B8AF9AC14469FBC065
:1011E000ECC0BEC13E79F8C0713DF4C0C898BFC024
:1011F00073D7B8C0211FB0C054529FC0865A63C075
:10120000234A7BC0C44297C0840D2BC0F775D8BF5A
:10121000910FFABE9D80EE3F48BFC53FCDCC484000
:1012200054741141CFF73A4183C05641294B87414D
:10123000E4143DC080C88C413108A841B6F3A241F6
:10124000569F7B41B22E5541BB2751411C7C5741D3
:1012500050FCE03F8FE4C2C08FC2DFC0C97605C139
:10126000D1222AC16DC518C1C5FEC2BF022B7F4065
:10127000CEAADDC004E78BC18CCA93C1C3D30EC113
:10128000EBE2CAC1A8C6C540ACAD84406210604064
:10129000A2452E4096217E404D15024123DB174189
:1012A00032556C40F0A73E40C3D30340F6281CBF24
:1012B000499DD0BFF08521C089D222C0D3BC7FC058
:1012C00075022EC0E02D7CC01EA77CC01B9E9EC058
:1012D000B90DA0C12F6EF740F90F8F408B6CA7405E
:1012E000371AFC40A69B11413A23AE40AED8C1400C
:1012F0002C656D40B98D463E8D978EBE2C65993F0D
:101300006C7826C0FED4283FF8532F40A1F871BF57
:10131000A54E90C0143F07C13867CEC0BF0EDCC0D9
:101320006065C2C13F57CDC0CC7F74C0C28657C074
:10133000B150ABBF89D2DE3B36CDBBBD8B6C27BF76
:1013400044FA8DBF61320DC0477239C01B9E42C046
:101350001CEB2AC066663E4007CEC940F54AEF4006
:10136000234A414121B0B840BA49B2408E75713F1D
:10137000764F58C1166AF340CE19164127C257411D
:10138000AB4F9F418C39B641E17A9341BE9F7E417C
:10139000A54E97416B9A2141FD878AC01C7C03C1F1
:1013A0001DC95AC196437BC11A4084C1A7E861C1D7
:1013B00037896DC0DAAC5CC1C2174DC10C93F9C05E
:1013C000AFA5CEC135EF9640711B7940910FB84063
:1013D0002497004168B34D416DE78541E71D714198
:1013E000DA1B1C4129CBEE40F853ED40F628F840BB
:1013F0006900973F4FAFCCC0D3DED2C0BE30C1BF73
:10140000D1911BC1D64588C1D42B7CC1C8984AC193
:1014100087A7F7C1BEC119418CDB5641F2D2954175
:10142000CC6E914158A81D4150FC6440FDF6BD3F73
:101430004D84ED3E226C08BF95D42940B9FC1D4176
:10144000A1F851C095D40EC1A54E31C18BFDC9C0C4
:10145000C05B24C0772D75C1FB5C46C10E4FFFBF3A
:101460000979CBC1378979404694F4409565574155
:101470009FCD864148502141F2415B4069002FBE1B
:1014800063EE98C0F7E402C1DB8A13C167D504C1DB
:10149000865ABFC0CDCC00405EBADF404850BC3F4A
:1014A000DE93D140812672C090A09EC0143FAE3F13
:1014B00056FDE2C1C2865E4120638641D712A54136
:1014C000F539C5413CCEC24116EA9A416D568F416D
:1014D000D1229341643B3B416F12833A36AB21C129
:1014E000CE886EC1F8D391C17446A3C1AE36ACC1EB
:1014F0000AE89DC1B29D58C16F1218C15DED84C14B
:10150000082CB9C11AC0E54074463641E7FB7B415F
:10151000C1289B41220E8B41FDF62B41849EE94060
:10152000DDB5C4408A8E1241E71D3041DE0299408C
:101530000E4F1FC09A086FC0682270C05F07E6BFD9
:10154000925C1EC1CA54B2C13D0ACEC15530B8C169
:101550000C02DCC1B81EB540295C074176712741F9
:101560005C204341C6DC6F4119849441015E88418F
:10157000910F254119049A40A69B144027C2163F9B
:10158000AC8B83404CA69A3FEC5116C1304C5BC1EA
:1015900077BE51C12DB221C116FB34C1C5FEAEC10B
:1015A000B3EAF9C1A5BDF1BFE09C41BF3F57FB3E87
:1015B000D7349D409790DD40C1A8A4407A36C740FB
:1015C000BEC1CD4058A8A5401B2F13418A8E534160
:1015D000BA6BAD40767143C0A52C97C09EEFA5C0F5
:1015E00042CF72C07CF2EAC0ABCFC5C020638CC0D2
:1015F00093A9CEC12B87354111361F4187A70241E0
:1016000070CEC240CCEEB93F226C783F1F85994026
:1016100065AA8040F01618BFE94822401D5AC43F11
:1016200046948AC04F1ECEBF5DFE8DC0014D04BDE5
:101630003D0A2BC07D3F01C07AC761C095D4CBC0A5
:10164000FF21CAC1C8074DBF20D2B340E71DE34008
:101650005B42C440029AE640EEEBEC40075F9240EA
:10166000A3010741637F8940083DFD40F6285141B1
:101670004D841540B840323F03781FC02EFF9DC0F7
:10168000C7BAE8C0BC7403C15C201AC1F54A67C17F
:101690000AD7D7C14F1E1741E7FB47412D217D4196
:1016A000166A8A412EFF2E41D42BB1402D215F3F77
:1016B000AAF19ABF2B871EC096B25CC020D2873F8A
:1016C0005917C5409790DFBF09F9F2C077BEDDC05A
:1016D0002E9008C044FA0EC1DFE025C1705FCBC078
:1016E000A779E3C188853841A7792E41C88782410F
:1016F0000EADA841789C3F419CA2E140E2E9553FF4
:1017000081959FC0713DDEC0C4B113C195651CC1F8
:10171000C44203C1C0EC12C0DE71B040492EADC05E
:101720008B6C2FC093A91A40F163EEC07502C2C042
:10173000933AC4C104E7144182E2154175933341E1
:1017400050FC5F41B6F36641D42B33419D80CA40C3
:1017500076E0B43FBF0E2CC00AD7E5C0B81E30C13A
:1017600097FF45C1E71D14C12653C1C0B68414407C
:10177000AA829340BA49644096214EC046B618C129
:10178000099BD3C1EEEBD6C09A08C1C0D0D572C0B8
:10179000C1CA613FF46C6A40CD3B8A40B8AF974004
:1017A0008A8E824032559C40C9E5BB408048064144
:1017B00085EB1A41AF2529419D1179409A99693FDE
:1017C000FAEDA3BF4BEA6CC05839B8C03D0A04C15A
:1017D00098DDD2C195652441F8533A41150C8341F7
:1017E0002731A1418BFD91416EA34C41EE5A264118
:1017F0006B2B004129ED2DBF76E0CCC052491BC1B7
:10180000341159C12C656AC1888581C1CC7FDEC085
:10181000E3C7583E4BEA34BF39D69DBFCAC32AC17D
:1018200058CADAC11B0D5641CDCC82417AC77541E9
:1018300092CB0E41C74B5F40C6DC45BF121427C098
:10184000E561F1C0D73400C1E3A5F3C0DF4FFBC0B1
:10185000DFE01BC0F628D040A1D692C0BC0552C024
:101860000EBEBC407AC7B1BF80489F3E90A0B83E34
:1018700042CFC3C1304C2141F2B0614173E8A24173
:101880004F40C041B6F3A241553088416891834131
:10189000D5099A41EE5AC0409EEF5BC0F9A01EC127
:1018A000B07251C1713D70C1C58F37C1FA7ED4C0CD
:1018B000C58F21C11EA76AC134919FC10AD79BC1A0
:1018C000516BBFC17DD0E5C03277B1C0B98DCEBFFD
:1018D000ADFA4C3FD0D5F63F0EBE2040E9B7AF3E43
:1018E000637F5540B30C913ED34DAABF77BE1FC056
:1018F0001C7CD1BF5F982CC017D96A40EC51DA40EC
:1019000061C38F403F35C6409621D840C4420D4048
:1019100002BC86C1211F1A4197903541075F66417D
:10192000CB21A641B5379E4119734541832FC6404F
:101930003D9B853F037893BF0C02CBBF3108EC3F42
:10194000D8F0FA40CA32C4BFC0EC1DC1242823C15C
:10195000B29D0FC02AA940C127C294C1ABCFA4C178
:1019600091EDDAC180B7C03F6210D83FEBE286400C
:10197000327718414469884143AD8141F2B0084152
:1019800055C1864071AC8F40D1913B41C976B24080
:1019900011369AC06210F0C04625BFC0CA3244BF9B
:1019A000107A24C1E2586EC120D21DC1FBCB46C0C3
:1019B0001D49DCC14E6273415DFE8F417502AC4131
:1019C0000E4FC74173689941A9137E417446834104
:1019D000986E8E4148E1BC40211F58C0840D27C13C
:1019E00016FB75C1A2B494C13C4E9EC1099B8DC12A
:1019F0004ED163C13C4E5FC1F9315DC14F1EBAC0CB
:101A0000A089ADC1BF0E4341705F8A41B3EA8B41EB
:101A1000DA1B2B41F1636040857CD0BD8D9722C0DD
:101A2000BF0ECAC00681F3C0265309C13867EEC095
:101A30005C8F0EC00A6806417F6ABC3CF931D6BF94
:101A400051DA3740BC9603C15227E8C0EC5118BFA9
:101A5000CA329FC11A51DABE97FF903D04E7F43FA6
:101A60008FE4C240FA7E4C4174C68E4134804041BE
:101A7000A8359F4091ED88404D15DE4019E2244184
:101A8000711B4D3E1973D7C0D04420C19A7720C135
:101A9000925C32C04BEAB4C0EC2F15C11B9EC2C091
:101AA000ED0DD3C1A1D6FA40AEB64F418FE4A041AF
:101AB00054D2AE4132777041F2B026415DFE1F41F3
:101AC000804848416DE73A4162A1D6BD2EFFB1C0C2
:101AD0007AA5CEC00DE005C09031CBC09BE68DC18C
:101AE0004636A7C1C0DBA8C19FCD5AC151DA6FC02D
:101AF000F98FC5C1AF2590418BECAD41B29DA1419D
:101B000034808341A52C464101DE4341F628434100
:101B100005A3CA40FFB28DC00C9337C1FAEDBDC01A
:101B20003E790DC17D3F25C17B8399C01EA75C40D6
:101B3000E86AB33F516B7FC1A91389C1349187C152
:101B4000F174E4C10DE00F41AA820641431C244117
:101B50001C7C2841560E22415AF59D409B55EF3F73
:101B600088F45BBDCC7FACC013F2BFC01AC095C077
:101B70009D11CD3F211FFCBF9565ACC0B45915C068
:101B80001B2F6DBF20412DC0158C16C0D42B59C002
:101B9000E03EACC1423E283EA4700DC0FF217DBF97
:101BA000F5B95EC03D0A07BF6DE7BBBF1C7C11BF26
:101BB0004694C6BFF5DBD7BED3DE003F3A235ABFFB
:101BC000DD2432C0C05B003FFAED9BBF3BDF3FBF6F
:101BD0004D84A94058A8BB40F46C04412CD4C040AB
:101BE0005F071DC10681F540C4420141C4B11141E6
:101BF000158C634151EBAC418104C54180B77641FE
:101C0000ADFA4B41FC186941AE476641B003273F2E
:101C100058CAF6C0250645C197FF56C1EA9500C1CE
:101C2000EA046FC110D8ADC10080B0C11E969AC140
:101C30001361BCC11904124097FFE03FBADA2ABF12
:101C4000BE9FE23FBC74F33EA4DFFE3E90A0B0BF57
:101C5000B51507C048E126C03D2C64C0A8C637C0F2
:101C6000448BDAC0C5FEDABF7DD03340C4B13EBF7D
:101C7000A77923404BC80A41BE3009BFA54EDC40BE
:101C8000C3D395C0219F9141015E8741D5E7414172
:101C90005AF5F540EE7C4340C139133FFBCBCEBF34
:101CA0003B709EBFE63F48C03D9B87C04FAFB4C06E
:101CB000492EA3C0E3A5A1C007F09EBFCB10973F5C
:101CC00070CE983F9CA2C33E143FCAC05249CDC0BB
:101CD000F98FAAC1AF256040371A9E40D34DD0403E
:101CE000BE300F41363C54418FC27241F0163F4125
:101CF000ECC0C7404625953F70CED0BFAC8B3FC0EF
:101D0000211FF4BF014D5C408D28354011C74EC0E6
:101D100024B9AAC024B914C0BF0E2CC133B38EC1DC
:101D2000029AFFC1BDE3984087162541C4425F4136
:101D3000C4B180413F35124141F13F40B5A629BFB2
:101D4000499D86C03333B5C01C7C9FC00B469DBFE8
:101D50000378F740BE301541234AED40FAED83C0C9
:101D600098DD39C1431C0CC1083DB3C03D9BB9C0CF
:101D7000D0D5E8C1E56175C05C20B1BFB37B72BF4F
:101D80003480D7BE6132E53F60E58640A4DF0E4077
:101D900026E489409E5E913F2D210741BEC11C4132
:101DA00010E9CB40D0D52640029AA83EA913D03DD9
:101DB0005DFEA3BECF6687C0DDB56CC027317CC099
:101DC0007279B4C11DC9FF40643B2F413FC66941D0
:101DD000294B9E413D2C73417CF2D040ADFA9C4092
:101DE000F2D23D3F07F006BF40A4DFBD4BEADC4026
:101DF000341146418048F940DB8A054086C911C14B
:101E00009CC445C107F0B8C04C26B9C1910FE8C1C8
:101E10000BB5EEC12731CF411984B94176609D41A0
:101E2000B7627741341115418E75AF407CF2C440E2
:101E30008F53EE40F54A8740F016B0BF917E00C147
:101E4000006F37C108AC27C1D3BCF1C05C2087C08C
:101E5000A167C1C03AA383C18D1783C19CA250C1A1
:101E6000FE65AEC1E10BBF403A23D640B1E1084167
:101E700081266C41DE71784145D82341865AC140A4
:101E800001DEDA3F60E510BE1058D93ECC7FBC4081
:101E90003867244120413D4026E4833F68B3F2C0C7
:101EA00054E377C1BE4180C161C305C1BA6B40C173
:101EB000FA7EF3C1A167733E3BDF9F3FBA6B693F78
:101EC0000BB5E63FA54E70407DAE9C4017D9A440AF
:101ED000BC968840DCD7C13E1C7C013FBEC1F73EAA
:101EE00064CC7DBF6822B43F091B963F19043AC0F9
:101EF0004BC88DC05B42DEC0583974BE7A36CB3ECB
:101F00009FAB31C1BADA9C40F9A04F4005C59FBFD5
:101F100040A49FBF7CF204C0B9FCADC07FD9BD3ED8
:101F20000AD78540F90F42418FC2A53F061214C05F
:101F3000F7064BC0CAC3E2BEDA1BD4BF91ED1BC18A
:101F4000D200D2401F8556418D28E340378905C015
:101F5000151DBEC133C4D4418D280741FD873E41C4
:101F60005F293B41F853B33F000080BEF7067F4036
:101F700046256940637FC1C0B22E224005A3A8C098
:101F8000D12238C1F5DB734013F2C9C013F21DC072
:101F9000C1CA09403867CCC02DB2E5C0FA7E06C17F
:101FA000FBCBB2C1F1F412407FD94D3FABCF553FCF
:101FB00014AED340D3BC68419E5E714138F85240A4
:101FC000ED0D0E3FFAEDD3BFAA8201C0DF4F3940BD
:101FD0001B0DF0402EFF99BFA913B6C0CB1099C0BE
:101FE00058A8A53FBDE3EAC09A0806C19B5581C029
:101FF00048E1A4C15EBA49C0AD69FEBE83C0D44009
:10200000BF0EFC409EEFB140D5E7D0404547B440FD
:1020100007F084407AA55F4143AD31403E79C4402A
:102020007D3F6DC06B2BE6BFD93D39C09621C0C046
:1020300017D9D0C0FBCB37C1C58FC1BF23DBC1408F
:102040000534DEC1310800C1849E93C0B53748BF56
:1020500058395440BA498E4014D098402731344002
:1020600067D5873FC1CA99400C93C1404A0CBE4016
:1020700020414940D0D53640516B2ABFE78C2CC057
:102080009A9909C0ECC079BFE02D90BEA60AFEBFA8
:10209000A77988C13B0147418E868E411D49B241D7
:1020A000D8F0AB411361764106813A414260074165
:1020B000E0BEBEC013F26BC12BF67CC17B14AFC176
:1020C000D1A28AC13BDF50C1516B56C0A167B74056
:1020D000C66DC43F6ADE913F0C02F3C0B515EBBF7D
:1020E000F01683C1787A653F4B59463E6519E23D4B
:1020F00063EED23FBADAB44025064341006F244173
:102100007E8C8D40F46C863F2BF607BF0534A13FD3
:10211000AF25DC401361A94031997AC09A99C1C0BA
:10212000A7E868BF462589C0787ADFC0CB10E3C036
:1021300036CDA0C14FC09E4117D956415F981A4174
:10214000D7A32A411F8501411136B040EEEBE03F95
:10215000BF7D85BF711B4DBFDA1B34C0ED9EFCBE39
:10216000C9E5A73F8638063F3789C5C0621002C15E
:1021700005A3CAC070CEC0BFCEAA20C1583912C1B3
:10218000CB90C2C1EA952EC073D7DABF9CA293BF91
:10219000ADFAD43F4F1EB840166AD9409FAB2941D3
:1021A000022B4841DDB52941637F2141AB3ED5403B
:1021B0007593B8402E90A0BDC3D37BC0D42B05C06F
:1021C0000BB522C06ABCF8C096B243C1857C36C14B
:1021D0004694C6C13D0A224124974241AC2D82411A
:1021E0006980A641C1CAA74195D46C417CF22241C5
:1021F000ADFAD040A0898E40CC7FEE403F5744419D
:10220000B4C8DE40B840DA403A23A2C0F01691C10B
:102210001962C0C1C73ACFC1CC5DCBC1AC1CC3C130
:10222000F7E4D6C146251FC15839D2C0E5F21CC11A
:10223000D49ADEBF68916D3D67444D403333E14031
:102240005F291740469496BF7DD0BBC0F6289C3EC0
:102250006F8186C07671344182E2C7BE2575FA402F
:10226000A1D61D4147039840A470DF40DE93F5409E
:10227000A323ADC11D3860415BC28741BF8E984129
:10228000C21770418CDBE040CB10BD4034A23C4013
:102290003F350A40B53774408F53E840295C3641DA
:1022A0008716F340E17AD43F05A3D6C00D715DC116
:1022B00060E57BC1BE3085C1B84083C1A39283C1B4
:1022C000A54EE8C143ADC7408C4A5240789C62BEDF
:1022D000B003BFBFF016A83F46B67B40166A614008
:1022E000083D3740A245AE3FC1CAA1BD9A9981BF02
:1022F000006F89BF234A9BBE871659BF1826F3BEBD
:10230000D12293BF1826D33D190456BEF46CA6BF44
:10231000F85367C17E8C6A41AF14A4414013BD419C
:102320002ABAA641F4FD48411B0DD6408E756D407A
:102330006C785ABF36AB66C02BF6BDC01D5AE0C0E4
:102340008AB071C052B8D63F2F6EB3C04CA643C1FD
:10235000D3DE2CC1E17A8AC039D631C1A0896CC1E3
:10236000C3E4C1C1235B8C4186DAB341302A724198
:1023700073684941575BA3402F6EFB3FD191AC403E
:102380001A5166C03333F3BEFBCB3B4153054F417B
:10239000BDE374C014D064C0D20005C1F8C21641B8
:1023A000A2B420C19632A2C1AA8298C17368AEC1FC
:1023B0003FB5BAC1BC053941B1E161418B6C99416E
:1023C000C353C6410DE0914130BB304181260441E9
:1023D000A52CD540F5B9F240AAF16241470343412B
:1023E000D712FA405249FDBEDE9383C1F47DACC1E1
:1023F00004E7B5C15ECBAEC12DC3AFC117D9C7C10C
:10240000F0A7CCC1FE43EC40A089D240560EB740A5
:10241000EE5A2441EC408541F38E7241A77919416F
:102420003A23B240B1BFA040711B1641A1F8AB40A6
:102430006076A3C013F21CC1BF7D45C1C1CA48C1AB
:102440003A92C7C0D6C5BFC04BEA05C18E75DBC086
:10245000728AEBC16DC5BE3EAC1CB4C0516B4EC0A0
:10246000FDF6094026537540F7754241C4B16941F4
:102470007DD045419FAB7B410F8B8841D6C59940AC
:10248000A779D7BF3BDFF1C034113FC197FF4DC1E2
:102490005B421BC1DB8AA5BF8F53BCC009F9C0C01A
:1024A00031198AC1A8574741CD4C8C41C05BB94115
:1024B00005B495411CEB1041E3C7DA40DB8A554077
:1024C000014D44BFE02D60C051DAB9C068B302C00D
:1024D000A9A4624077BEAFC05E4B77C1925C6FC16A
:1024E000B6F3E5C0234A07C0DF4F26C194F690C07B
:1024F0005B31B3C1280FF9409E5EBF40265359405F
:102500004772913F0C93293F8273C6BE560E9DBF02
:10251000C3F5083FF46CB63E8048A740832F1341B3
:10252000E3C70E41B0722840EE7CF7BFB4C886C046
:10253000553022C086C98CBF6D569DC01D5A9EC0A5
:102540007593C4C181954C41287E3C411136404170
:102550006ADE4B41295C3C41553034419D802E411F
:10256000014DE040075F5840F2B014C0E94892C006
:10257000BBB8D7C0736800C1DC460BC185EB2FC167
:10258000A1F8E1C09EEF15C1431CF5C0B81E9DC067
:102590004E51BAC165AAEE408F532641E70C8341E4
:1025A0004A0CA34159868441903112417CF29040FB
:1025B000EFC98140A2B4DB406ADE1C41FC18F33D48
:1025C000AED8D3C058A806C18CB91FC0C1A817C1C6
:1025D00002BC82C1C9E58CC1569F52C1BC05F0C086
:1025E000AA82C0C1AB3E2941C72948413333774154
:1025F0000C028241BBB86141863847417DD03E41E3
:102600005B4227413411CC40E258D73FE17A78C091
:10261000CAC3B0C014D00DC1FF2101C108AC94C021
:1026200039454FC0A7E85FC10ECF8BC1E71D7EC102
:10263000A5ACF1C1295C844181A6AB41A01AA0419F
:1026400008AC2841A089403F910F3ABECF66B7C081
:102650005EBA89BE7DD085C0E3C718BF1EA7C6403D
:10266000053485407AA5ECBE0681A340F54A23C116
:102670005CA080C177AD9FC1A69B3AC1F31F8C407F
:1026800039B49EC1705F273F4F1EF63F83C0124092
:10269000F085A740BE30494162A130411F85EF401F
:1026A00005A3523FA8355DC06C09A1C0B6843CC0EB
:1026B0004C378F4014AE1941728ACE3F0AD7233B64
:1026C00089D27EBF5DDCD8C01D5AFCC046B63BC077
:1026D0001294DDC1A01A6241ECAF8D41EA95B74179
:1026E0008104CC4107CE9E41CFF746415DFE2C418F
:1026F00009F960414C374441C6DC29C0FD8735C12A
:102700008F5378C1819590C179E995C11D5A7CC1DB
:10271000423EE8C0B98D1FC19CC41BC117D988C1F6
:10272000EC51BCC1A167B7C054E381C0D26F873FF1
:102730000C027B3FE948AE3F2C652D407DD0CB405D
:10274000A8353A41BA494041A7E812416B9AD940AD
:10275000696FF83F25064540DD2422C06891B9C065
:10276000166A2DBFB81E553F92CB97C0006FE3C0CD
:102770003D8ADAC1273188BF50FC483FF2D22D4054
:102780006744C340B3EA4141F016774173D724410F
:10279000E9488040917EFB3F52491DBD88F41F40AF
:1027A0008D2814418885FA3FE41489C0CC7F4CC041
:1027B000ACAD98BF6F81FAC0319909C12D4321C1D9
:1027C000B604F7C1AF25B4C018958AC0A08914C05B
:1027D0004FAF64BF3D2C943E5917F7BF14AE03C0F2
:1027E000C1CA31C0F4FDC6C0166ABDC095D4D3C0FD
:1027F000423EB0C09A99D93F03780FC0EE7CD740D3
:10280000B98D1B41643BAD409CC4764182E281415D
:102810002D2111C1B82FAF4116EAB9410B24AC41AB
:10282000BA6B8A41A8357A411D5A2B41979095C0C1
:102830000F9C16C188F4EBC00E2D1AC1933A26C125
:10284000ECC0F3C07F6A6CC0CB101B40A52C454187
:102850000D716DC1AD6963C162104EC133C48DC0CD
:102860000523CFC1BDE33C41FA7E7A41E859A2413C
:1028700099BB864109F91241E5F223404DF32A4004
:102880004CA682BF9A99B9BF7E8C79BE1C7CD5407C
:102890001B9ED04061C3D3BE0EBE90BFCA3270C073
:1028A0006F815DC14CA665C1D0D527C152A790C12B
:1028B0003E68DBC1C1E85E4277BE1F425305D2418C
:1028C00005347041FC18CF40A8353D3F6E3414C02C
:1028D000DC684CC0D7A33CC073D756C01D5AAAC0F1
:1028E0002A3AFEC0029A2AC1C1A852C1295C63C11A
:1028F0006F8167C1F69766C1CF665DC1F54A7AC13F
:102900004F40B5C1560E71400BB53A40B9FC8740F7
:102910007F6AEC3FA4DFFC40832F6D4180B73041DC
:10292000560E5D403EE82D40228E75C0A301244026
:10293000CCEE914022FD3A4040A418C192CB05C193
:10294000A52C0DC13411B6BF10E937BDCF662DC01F
:102950005E3AE0C1705F16C19FAB00C160768FC068
:10296000E8D9FC3FE5F2BFBE1D5A96405839CE402B
:102970008A8E5C4013619B3F60E58440C58FC1C077
:10298000DC68E03E0612E240A85776400309324078
:1029900093182CC0325500402575CC400DE089407D
:1029A000F5DB8DC1B5152A4179585C41D95F894164
:1029B000A857A14144FA43413D0A5740A1F81940A4
:1029C00044FA25C04A0C9CC0355EC0C097FF94C035
:1029D000280F4BBF3B0100410E2D12C055C174C0E2
:1029E0006DC53E3E05A312C10EBE6FC1068161C119
:1029F0001D49C5C1D0448541BB27AD411294A641B4
:102A00008F534E41C520034182E283405E4BC83F55
:102A100001DE36C01A51B2C0A8C6D1C0E09CB9C010
:102A20007FFB16C0F0A79A407CF290BE228E353F05
:102A30006D561EC1F2B077C1645D40C14BC8C5C0C0
:102A4000F47DC3C121B0C8406FF0E5406B9A1041DE
:102A50004547464168A298413411B24174249641D9
:102A6000F2B04A41AA821A41643B5441151D3D40CF
:102A700070CE3CC018268FC0D9CE87C0D34D4BC175
:102A8000BC859CC15986AAC1FFA1ADC1FA6D9EC18A
:102A90006132D6C1DE93D3404F40FF403B701941B5
:102AA0008AB0854130AAB641DE937F41F31F0241CF
:102AB0006C789E40B0034340FD87E84076713D410D
:102AC000D42BB5BF50FC88C0D712A8C05F290FC156
:102AD000848D88C1F39F92C113F249C19D00A8C1A2
:102AE0008D28D0C169808A41F7E48B410DE08D418A
:102AF00002BC4741D656BC40933A93401058893F98
:102B0000A32331C090A004C01FF4ECBE903173C069
:102B1000B4C8BAC039D609C1AC8BF3C03255D0C0E5
:102B2000386724C0BB27CFBFF2B0C4C0A60AF0C02C
:102B3000F786A8C113F25940F775A2408273E240AC
:102B400042CF1C413333A0411984B441CAC3384138
:102B5000EB73C740151D8F403480CF404D842A4110
:102B6000C4B16E3E29EDC7C05A6431C1789C25C1FD
:102B7000E5F287C0B22E73C1D49A98C1BA5A83C104
:102B8000F697C7C10A68984030BB0BC0651912C0E0
:102B9000E56171C065193640EC51F0409D803541CA
:102BA0001904C64019E2B83E4850A4BFB4C824C1B5
:102BB0004ED1FDC0E92683C07FD9AD3FE414CD409E
:102BC000A392CA40C5FE16415396C1BE1214E3C07B
:102BD00096C389C101DE823D3480DF3FCC7F504007
:102BE000C364E44096B26441704EA8417582864148
:102BF000D6C521412FDD6441083D62411136BC3EFE
:102C0000D656CAC0D57828C19FAB4CC1D8F012C1E6
:102C1000BADA1EC074B541C1C66D5AC1B4C812C17A
:102C2000083DD8C13B70C64066F7C64053960A417E
:102C30007A367B4146A5A041439C8241FB3A1C4128
:102C40001058F540F7E43A41A01A0A4144FA29C065
:102C500067D5EFC030BB20C142CF21C19A99DFC0F8
:102C600088F44FC17F6A7CC19F3C20C1F628CEC04A
:102C7000083DE3C17B830641E336BA409F3C644094
:102C8000C139FB3FED9E1C40A60AEE3F08AC3CBF9D
:102C9000DC6818406B2B363E6076BF3F62103C40CC
:102CA0002575C0C03D2C14C0DA1B9C3EBC74DBBF34
:102CB000AB3E373FD881ABBFD49AA4C09FCD024072
:102CC00010D886C1DA1BEE40423E5840355ED040F7
:102CD000956568419A0851418CDB8040423E98BF1F
:102CE0006132A3C0AC1CF6C0E8D906C16FF0FDC0CC
:102CF0009D8056C0DC46DF409A087B3FE10BB3BFA6
:102D00001283B24073D74AC06A4DA7C0C5FED23FF6
:102D1000ED1EA5C1CAC33A41F54AA9407DAEE840BF
:102D2000006F024157EC094117D99A40832FF43FB5
:102D300065AA30C0F01690C0B5150FC18E7547C199
:102D4000E09C30C1547498C0234A89405BB157401D
:102D50006900873FA301BC409565383F82E247BECA
:102D6000522793C1D712E23FAB3E074036AB2E3F0E
:102D700033C4013F66F744BF21B012BF3FC62CBF2A
:102D80009565E83ED7A318C086C964BF8D975240A9
:102D900082E2F73F9D809C4089410E41158C5E4048
:102DA0001973D73FB81EC5BEF62884BFEE5AAEC011
:102DB0003C3D8CC18A1F3241BE300241D712BE4019
:102DC0006EA3E7403F351141CE195C4177BE7A4191
:102DD0003E792F4194878B40CEAAD1405474044150
:102DE000FBCB044196B260C0CA320EC1242859C13F
:102DF000D34D3FC1C1A834C1917E6EC180B775C1AA
:102E0000516BEFC120E3894148D09641014D91417A
:102E10002D328441AC8B5541C0EC2D41107A0741D5
:102E2000787A9740D7A32840E2E9953CDE02993FA3
:102E300040A49740C9E53BC0D656C2C010E9EDC0DA
:102E4000E40383C1E17A9FC1BF0EA0C1265373C1C1
:102E5000DB79E6C142CF7F419D008141C5FE3E4105
:102E600082730B41F46CAC40C3648C40D34DB040D2
:102E7000B515B540D93D093F60768FBFDD249AC0B6
:102E8000AED899C0787A87C0D8F078C0D42BB9C0B2
:102E900055C1A4C0CA32D6C0341194C033C401C1D4
:102EA0002417C8C18E752841986E27416A4D30415C
:102EB000A4DF4741E2582341098A0B40A4702D3F0B
:102EC00038F8FABF5AF5FBC0075F08C194872DC1D7
:102ED0002BF620C1D95F18C1F2B0B6C0091B8440DF
:102EE00030BBFF3FF90F9D40BC961840D26FD7BF53
:102EF00072F96CC1DFE0DB40F2D2E3402D21FB40F0
:102F0000C72910413480F140EC2F9D4044FAC14064
:102F10001283444043AD293F1CEBE23F2DB22D40CC
:102F2000CA54CB40EA9546403D9B87C064CCCBC099
:102F3000BA4910C0355ECCC093A936C1D3BC1AC102
:102F4000F9B1D5C1E3478541355EB0419A77A241D9
:102F500076E057419A080041083D0B41190422418F
:102F60000D712641A60A864032E66EC0D578C5C0EE
:102F7000A7E82DC12C6580C14625FBC0B30C913E4E
:102F80006EA35540832F50C1469487C1690064C128
:102F9000FB5CE5C173D7D2BF1136C4BFE7FB39BFB5
:102FA0006DE75BBF6666C63F4A0C564085EBC14085
:102FB000D191B8403D2C3C4044698740B150EB3F33
:102FC000A8571AC0AED8DF3FF9A097BFC58F913E72
:102FD000DD24E6BE83C0C23FBC050EC00D71A4BF98
:102FE00045C787C19565AE4003781341A4705A4127
:102FF000FAFE944114D0A9417B948241143F2341AD
:103000009F3C5C4114BF824139B4FA40ECC059BFC7
:10301000832F44C0EA04543F964399C0091B65C1FD
:1030200053055AC13C4E84C129CBCDC1090AD3C135
:10303000EB62E1C105C5AF406ABCE840759337411A
:1030400005A387410D715F419E5E9D4082E2BF3FB7
:103050006210C0BF0F9C57C00C9387C05F29BB3F55
:10306000F5DB07412A3A223FF8C284BE1214BF3E64
:10307000BF0EFAC05DFE22C1CFF7F1C0567DE2C09F
:10308000A53DF4C1FFB2D540567DBC40226CD8406E
:1030900060E51241696F0D4118951B41B0720B41FB
:1030A0000681F9408F53CA40280F5B4080B7803EAD
:1030B000F853E33DFDF6D5BFFDF6ADC0D509BEC062
:1030C00061C303C1107AF0C06ABCE2C0E6AE0DC1B4
:1030D0003DACE7C168223D41DBF98B4124A89C410E
:1030E000ACAD6A41FA7E0C41857C29417A47894121
:1030F0001E16324188F4CBBF60761BC0F853E3C084
:103100003E79E6C07DD014C182733CC1FBCB08C1BF
:10311000F93136C193181CC14703F8BD6E3440C164
:10312000DBF9EFC11F852241E71D43418FE46F4169
:10313000BF8E83417CF262418E75044151DA854035
:10314000B1BFCC3F8D28CDBE58CA2A40AAF19240CB
:10315000E3A57340674409BF206336C0B003C1C014
:10316000F38E01C1FC1834C106817FC143AD85C116
:10317000BC05FAC17FFB8A414A7B84412B874241CF
:1031800032E6124051DA3BBFFB5C0DC04E6240C0DC
:1031900014AE5FC04CA6B8C058CAF2BFCE8884C077
:1031A000EC5110C0E02DF0BE545227BF789C1EC0D9
:1031B0000DE0ADBFC9768E3F8638C6BF1F850BC0F8
:1031C000CC6E8AC1E3362F41280F6B413956A74197
:1031D000BCF4A541113656410D7110412DB2074185
:1031E000022B2741499D324105C5A7BF925C0EC104
:1031F000AE4747C1394562C1037843C112A502C138
:10320000AAF112C125756AC1107A2CC1045656C0A4
:10321000FE43C5C1030988C00E2D8AC0508DCDC0A4
:10322000014D82C076E018C0068149C09D8086C0ED
:10323000D93D61C03108F0C07424ADC0228E15C0E4
:10324000F2D21D3F6F1223C02063D2C052B8B640E5
:103250001283E83F4FAF6D416210C341A1D67C415C
:10326000F9A0CFC03F35DC4036CD2D4101DE7541A0
:10327000C2866741849E25402A3A323F613271C03E
:103280006F81E6C09B5515C1287E28C16DE719C125
:103290007F6A03C12B1859C0C3F5014195650C41E4
:1032A00066F7174148E13ABE637F7DC0516B22400B
:1032B0004FC0BCC163EE2B417C6157410612834174
:1032C000704E9141569F3F412F6EC7402B180D40C5
:1032D000643BD7BF48E1ACC0696FAAC0E6AEF5BF9A
:1032E000B81EB940EA95E0400F9C0D410B46E1C085
:1032F000AAF17CC1122588C1D42B17C132E618C1AE
:1033000060F6DCC1FCA98F406ADED740D2003541AF
:1033100001CD9541AF1491413D9BD1403277953F0E
:10332000645D84BFFFB27FC012A515C09CC4644019
:1033300021B03D412CD43A403EE8C140B1BF9CC0D1
:10334000553050C1DBF981C1386770C1D42B2BC116
:10335000FB4BC2C183512241B98D2541E7FB6B4133
:10336000D95F8141569F8741A01A36412EFFDB402D
:103370008D97B63F615432C05B42C6C0EF3800C182
:103380001361FBC07FFB36C03EE88140B98DAE4083
:103390004F405740327723C1C0EC81C10C8296C1A7
:1033A0005C8FDFC1F46C184158CA1D419D803A41C1
:1033B000E32581414FAFB441B22E9841D50919415F
:1033C000D93DA340F31F7A403E79DE40F31F1741F9
:1033D000DA1B9CC0E09C29C1D73480C1FEE584C1C2
:1033E0004E626CC1AB3ED5C0E2585DC1402483C182
:1033F000C3E4BFC12D4334C05DFE83BEB81E394057
:1034000075938E40849EB540F31F9640D0445C4037
:10341000C6DC5940C1CAF13F8FC2ED3FF93106BF4A
:10342000304CFE3F211F743F477279BFF853B3BF42
:10343000E78C0CC0832FA4BFF16314C0787A09C055
:10344000F39F8AC1226CD24036CD274145D87D41B9
:103450004024A441CCFF92411895064117B79740EC
:10346000FB3A003F4ED13DC0DAAC84C0E02D92C0A3
:10347000F01628BFBBB8B940B3EA17C0E8D908C1F5
:10348000B684D2C058CA36C0A9135CC1E4038FC148
:103490008796D7C1DD24E440E78C054198DD0F41D4
:1034A000083D6C410000A441083D7841B1BFEA40AD
:1034B0000DE02D3FFA7EC2BF9031A1C07C61723F0A
:1034C000BE30E140B51581C08E751CC1431C0FC1D3
:1034D000B5155BBF1B9E40C14F4050C112A5E5C052
:1034E000A2C5E6C158A8CBC00AD763C09F3C7CBF29
:1034F0000EBEB03FB30C6140D7348F40D5E7884053
:10350000D26F854005C5CF3E80484FBFD6C57DBF31
:10351000D3DE484045D8154194878DBFD712A2BF4E
:103520002A3A423F3F35E63FDFE02FC074B58D3F7A
:10353000478384C16F812D411361C3401C7C91403E
:1035400039D63841857C3841637F9B40910F9A3F43
:1035500096211E3F80B7D0C01B0D38C1AB3E55C170
:1035600029EDE5C044FAD5BF42601441E63FD8409A
:1035700014AE67BFC0ECE8C07AA5C2C0D19140408C
:10358000302A7DC11F851B40D7A31C4085EB02411B
:103590007B1403419A081340304C2D41A01A794105
:1035A000AC8BB33FB072A83E098ADFBE71ACCB4092
:1035B000CD3B863F4CA66ABFEC2F02C1621003C10F
:1035C000A01A19C111C75AC048507C3DBC749DC097
:1035D0003D8ABCC19E6F944179E9B141E325AA417E
:1035E0007B148841D42B1B418B6C9740158C8A40EF
:1035F00030BBF140BC0503419031FB407502DA3E1F
:103600009A086FC0F706CBC0C7BA05C1567D31C155
:10361000082C82C1773E83C12EFF7CC12B878BC1D2
:10362000151DD3C1BEC1A9408BFD7D40787AB14044
:1036300001DE42417C729F418941884195D4054118
:10364000DA1BFC407A362A410E4F7641728A6A4074
:10365000AA8211BE9031434008AC50C0BADA7EC194
:103660004A8CA0C134119CC1107A72C140A436C1E9
:10367000C1CADBC1ECC083C0228E39C05BB18FBF31
:10368000AF253040D3BC83403D9B8740F241CF3FC4
:10369000F931BE3FD0B32D40A245F63EA69B743F04
:1036A000933A71BF58399C3FFED4183F3A23CA3E23
:1036B000A01AEF3EED9E0840158CC23FE71DD73F94
:1036C000FB5C8AC1516B7B416FF0A74136BCC241A4
:1036D000D95FC44160F6A5410ECF9041ADFA984143
:1036E0005F987E41D5094F413D9B024180B703C1A0
:1036F0003B7045C1903188C1B3FBB2C1FA6DB9C10D
:103700002CD4B9C159978DC157EC2CC13277A2C1C5
:103710003119CBC117B7A1BFF697ED3F3CBDA4400F
:1037200014AE0941BC960C41C58F1841933AD5405F
:1037300058397440DDB504BEF4FD94C0EEEB00BF13
:10374000711B4DBEB1BFD43FD191D4BF0F0B39C057
:10375000FE439AC09487A53E4469A3C03F57C3C0A7
:103760003E7998C1772D2B418C4A3D41ED0D394171
:103770001B2F47410C0233415BD3DC40F46C2A40E1
:1037800029ED4140D93D5D408F53AA40BC96204071
:103790001CEB8ABF88F473C021B0E2C0BE309FC06A
:1037A000E09CEBC08D2830C16EA3BFC0470330C181
:1037B0003B5FEAC13CBD5A41F1748941DEF1994158
:1037C000B53755414FAFBE40492EFF3E6DE7BB3E7A
:1037D000A08918C0E5D04EC0CEAA07C03CBD9A4013
:1037E000AAF1F23E20D202C1780B32C19BE61DC184
:1037F0008E7531BE94F601C168B315C1E258ABC0F5
:1038000017487AC183C0B8C0857C20C02E90C0BF45
:10381000524995BF17B7D139250615405396114027
:10382000F2416340EA95023F7AC755C067D5573FDA
:103830008E06E03F17D95240FE43FABE5AF5B13F1B
:10384000287E8240DA1BD43F42CF1640B459C7408D
:10385000F5B977C1A4DF1241567D3141C3646C4193
:103860009B559E4104678841BBB820416ABCFA4021
:1038700036CDA9404260BF406F123C4186C9244109
:103880005917C740948729409B55DBC00E4F73C121
:10389000A68A85C1819561C19554BBC17B03D3C103
:1038A000E6AEEAC1DE028F40D9CECB4050FCF840F4
:1038B000508D4D416290A441CB218E41750217413C
:1038C000BDE3C840C05B1C40BEC1A140865A1F4139
:1038D00082735240772D0DC05C8F0240CF6681C04D
:1038E000D93D70C1A8D79DC1A7F991C110E9A1C167
:1038F0008796E6C10091CA41E02DC34157ECB4411F
:103900001E969C4175026D41211F294144FA1641C2
:103910005DFE8B402497C7BF363C8BC01EA76BC192
:10392000A3018DC146B673BF485008C1C898EBC00B
:10393000621050C063EE1EC1E79D8AC17279ABC1AF
:10394000BC74C0C1006FB241BC0581418A1F4041B7
:103950008FC26C4194872B4139D60541DBF9004178
:10396000F7062241F697F14087A7EF3FEBE27AC0D6
:1039700038F803C1C89822C1190436C186C94BC1A1
:10398000F628A0C02BF657C04FAF3EC18FC28BC1E7
:10399000A8C6DDC1BF0E8040EB7365404C37554073
:1039A0004013AB40FFB28B408126364055C1A8BCC6
:1039B000547424C04A0C423ED734A3401B9E564048
:1039C000ADFA5C3E9C33AA3FDE9377BFB9FC17BFCC
:1039D000DD24FEBF8C4ADABF516BDABF7FD987C0C6
:1039E0006CF89EC1355E3ABE04E7AC3E41F117402B
:1039F000BC74A5403A239C40022B1340BC968A40DD
:103A00006C09114058A8D53E7C6162BF4850C04047
:103A1000E94810412DB23D40ABCF65BF91EDC4BF29
:103A2000984CC5C0F31F84C0979099C0DD248EBF09
:103A3000B7E2A2C119E2F4408C4AEE408F539C4099
:103A40004BEA243F7DD0C33FB7D1A03E3945274044
:103A50000F0B353E5305A33E772DC93FD712723E5B
:103A60008E75F1BED5E780C0FD87E4BF36AB963FCB
:103A7000C9E58FBF2653153FFD8794BE19E294C058
:103A8000196286C1BFFD9A41A392C9410B24CA4164
:103A90005D7E9B415F29234188851A40ACAD98BF6C
:103AA000A60A82C0FDF60BC1355E28C1454731C16B
:103AB000B00349C190A020C130BBABC0BC967040E0
:103AC00019045640B537F83DD3BC0DC165195CC12A
:103AD000925CB7C136AB1941F0A728413867454120
:103AE000280F9E419A88D241E86A9E410E4F81413B
:103AF0003F5783417DAE8C4124973340DCD7B5C01E
:103B0000B3EA31C1696F71C1D20078C1DAAC31C199
:103B1000174864C1B89EA3C15CA0A4C1182676C191
:103B20008037B1C18B6C4E41FB5CA541D567DF414D
:103B3000516BC74140139A4152B8C141142E99416B
:103B4000E78C083F3D2C54C017B747C1FBCB70C171
:103B5000F53987C1D93D9AC1DE9389C1F2D21CC122
:103B600032771DC1E3C75CC1485003C1F6970DC051
:103B7000FAEDABC1BC056741516B5641E5E18041AF
:103B80005DDC6E4102BC1C410B463041C66D4141BB
:103B90008863B5BF29ED1DC10B2409C18FC276C151
:103BA000021A95C19D0084C1780B5FC19C33823F8E
:103BB00088850C41FDF6094055C138BFD42B25BE80
:103BC000BCF493C10BB54E40355E0E4054528F404D
:103BD000D0B3C7404ED1D34099BB8240AF2564409B
:103BE000840D134010E91B406EA3113F38F894C0B8
:103BF000A392A2BF19E238C0006F09C0AEB682BF5F
:103C0000083DCBBF1FF43CBF5F290B3F522796C036
:103C1000424F8AC18104434147033041857C8F4133
:103C20007368C2410D60B241AB3E71419A084E418A
:103C30009FAB88411B9E33413277ADBDA4DFFEC0F0
:103C4000BC9651C1483F89C100119EC1A60A95C1C9
:103C500045D86FC18863ADC06A4D6FC1273142C17D
:103C60003F579EC16A4D9141B7629E41865AAE410F
:103C70006132B9411361B241576C9241575B5E4169
:103C8000469449412B8761412CD4044195D499BF76
:103C9000BA6B2DC044FAA3C0000079C1E8D9A7C10E
:103CA0007435CFC1CF66CCC17FD9C8C1BFFDC2C1F9
:103CB0006519CFC10AD7A340CAC32A4039D63140BB
:103CC0006DE7A340EA95F8401826F54039D6A53EA1
:103CD00080480FBF7AA50CC0E17A86C0A1F815C054
:103CE000C1A8AE40B072544020D295C01C7CF7C031
:103CF000832FBEC036ABD8405F9840C0F163ECBEA6
:103D000046B67DC1006F494003097A40DE93954075
:103D10000456C64068B37A40E63FB2404E627040F7
:103D20003F35AC409B55CF4040A4ED40029A8040C7
:103D3000BEC167BFCC5D3BC0B07288C0A30178C074
:103D4000E63F24C02B1879C0F54AB7C05986ECC0AD
:103D5000A768B7C1D656F8402CD4FE40DD241441E4
:103D6000287E5641D34DA7418A0E9A4123DB364126
:103D7000C3D3114161C3264168914A41986EB23F55
:103D800002BCFBC0787A4EC1D04481C1485075C195
:103D9000D5E7F6C09EEF22C190313DC1DDB563C1CC
:103DA000B7E2DAC13B011F410B461B41F2D222416F
:103DB00008AC5241D93D1841C1CA0D4011C73ABDA6
:103DC0002A3A123D7446B4BEC1CAA1BF029A883DC8
:103DD0003FC67C406C0949BF04567E3F1DC9DD3F8C
:103DE0008A1F0BC0B37B1EC01F850EC1009168C126
:103DF0006EA3F7C13C4E17411B9E6741AF258C4116
:103E000039568441764F2D41F9A09B4063EE7240B4
:103E100051DA833FD6C53DBFD3DE98C001DE023EF6
:103E200081042A4176E0DC3FCA3298C03255E8BFAF
:103E30009621A6BF66882FC144E998C15986A8C1BA
:103E40007AA5D3C118268540BEC18B404C37A5400A
:103E50005F07274109F99F41C14AB041363C714192
:103E600057EC8541E33653418D286D3D917EE9C085
:103E7000CFF752C19FBC83C1EF3882C1CEAA58C1CF
:103E80002C6569C03D0AF5C013F220C1C0EC5EBFCD
:103E900032E6B1C1BE3014415C8F14410B242B417A
:103EA00058A820418638AC40B4C8E63F36CD8B3F99
:103EB0005A64BBBE1DC965BF81954BC000912EBF22
:103EC0000E4F77C0764F07C15AF50FC1D34DB0C022
:103ED0000C93F9BF4547B8C0744638C0ADFA1F41CE
:103EE000804870C155C18041772D7141986E8B41DA
:103EF0004703894171BD8241A9A45E41E5F29FBE9D
:103F0000B5A65DC0006F55C0C729B2C0E5D0823FDD
:103F10001E16EA402D21A3404FAF543FEBE2BCC038
:103F20009F3C66C107F063C146B643C193A9BCC1BB
:103F300024B9D9C176E0004045D8B840E78C234188
:103F4000C1CA6E41F98F84414260284165AA44404C
:103F5000567DBEBF5C8FE6C0EA04C8C0F931A4C07C
:103F6000FED4C03F7FD9DF4039B4B8BFD578E93F30
:103F700005A3CABF54521CC1EB73F9C0795868BE7F
:103F8000A92402C220D24F3FA3234940EC518640CE
:103F900053960D41840D8941CCFF87418BFD09412A
:103FA000948705BDFA7E9EC09B55A7C0158C0ABE9E
:103FB000ABCFCB40BEC10BC077BE2BC0151D75402B
:103FC000029ACAC017D996C0AAF152BE81043AC15A
:103FD0005AE4FEC159868041A2B47D41C520824188
:103FE0006C786141B4C8E8401CEB923FBB270F3F9F
:103FF000BF0E4CC0E02D30C0492E7FC05C8FC2BFC9
:10400000984CB3C0F931E6C030BB39C13B701EC11A
:10401000A4DFBEC013F2A1BF55308EC07E1D08BF05
:1040200014D054C148BFC1408126FA40AE47484130
:10403000C1CA97411B0D95418D2848411DC90A41B0
:104040003255EA40A1F819416744814174B51541E0
:1040500036CDCB40143FAC4005A322C1151D99C1FC
:1040600071ACC8C1AC0BCDC1CB10A8C130BB44C131
:104070004A8CD0C1643B0C41CBA1B7400A68EC40EC
:104080005474174120410B41CC5DD94019041240B2
:104090000E2DD23FF7060F3F9A774CBF8C4A9A3FBE
:1040A000645D004133C43841759392404BC8CFC022
:1040B000E0BE17C188853AC14772F3C0696F19C164
:1040C000B37BF8C1098A5841B7D1524134A27A4131
:1040D000A3A39F41A8C6C24180C8AA4176609C4163
:1040E000A4F09A4145D85541E2E915BFCE880AC1EE
:1040F0007E1D54C1F1E387C1AAE08FC1992AA6C1F0
:1041000043AD77C17DD030C1F08577C1091B81C136
:104110007660BFC119731741BC052141C2173741F1
:1041200021B06A4180379641083D7341AC1C15416E
:104130004E62A4403199FA3FBD52B63E8716714097
:10414000C2170B41C3F5A83FF5DB9FC011C72AC1B9
:10415000DF4F65C161438EC13E7990C1250665C1BF
:104160000F1CF0C12A3ACA3F05C58940696F184043
:1041700025063940EE5A9ABFE17A54BF01DE42BEAD
:10418000014D04BE7FFB823F1CEB7A4032E67E404D
:10419000280F134017D94E40CC7F24C0A54E2CC009
:1041A0003255B0BF94F63A4045D8303EE5D002BF14
:1041B0007E9D99C1C442DB409FAB9B40D200FE3F35
:1041C000CC5D0F401D5A70406210C03F8048AFBFA9
:1041D000BC05123F068109405C8F423F4013313FCE
:1041E000917E8BBF0E2DEA3FD578E1BF8A8E243EAB
:1041F000DD241AC04850FC3E6EA399BFE3A55BBE08
:10420000EB739EC1EEEBD6414D73DF41075FB241C8
:10421000645D54417E8C9D4033339F40022B284186
:10422000728A4B41ACAD9E40BDE3D0C029CB00C0EB
:1042300044FA59C068B3BEC042CFEAC0DA1B24C1F9
:1042400047F290C1D5F895C1D26F72C1EA8495C189
:1042500016FBB1C158393B41A1D64841C66D8641D4
:10426000CDBBA441F6A88A41BC743A41EF38FD4069
:10427000D1915C4074B5CF40CC5D07414260E53DD3
:10428000FED40AC18CDB54C15D6D88C1B89E84C167
:104290004FAF35C1560E5DC07B831EC196432FC103
:1042A0003F35CEC15305A0413188AF41F764A141EC
:1042B000A54E7C4129ED1A4148BFD340D20043416D
:1042C000D7347241FF21DF40C3D327C0E5D03EC1C0
:1042D0004A0C00C1AE47AFC00C93FDC04F4065C152
:1042E000F5B9CEC080B73FC1863894C1A85768C120
:1042F000D7B4D5C12E9007410C022541423E8141E1
:104300008A30B44173E8A341F4FD71410BB52E41ED
:10431000560E2641CE8861419FCD0A41A01A2BC07E
:10432000A16702C1ACAD0EC144FA1DC0D50913C1CD
:10433000EA04AAC182F3B5C128FE90C15E4B8DC1CB
:1043400052B8CFC168338341964331413C4ED1408E
:1043500034807F4099BB763F68911D3F3945073EC9
:10436000D04458BBBE9FC2BF19E208BF569FAB3DA9
:104370007B145EBF204191BE029AD0BF772DD1BF82
:10438000273130C093A92EC020D243C081267AC0E5
:104390000011A7C1EE5A4D4154E35F4163EE7A41EB
:1043A00001DE7741ADFA2E41B5A63641925C7A41E5
:1043B0003BDF8B40B6F32DC103788B4024B928C076
:1043C000925CEAC0107A25C185EB8BC020D2EF3E0B
:1043D000AF94E9406F1230C1728A96C197FF63C1F2
:1043E000A28503C21A5145418FE47C411DB8AE41FC
:1043F0000A68C241098A664154E32F410EBEFA4061
:104400008B6C0041BB274D416ABC63419318BA4095
:10441000D656C240C9E5C1C0DC688DC1AA02B1C18F
:10442000440BBAC164BBC1C1CAB2ADC15BB17EC1EC
:10443000492EBCC13480B74045D8AA40F697754094
:10444000E5D05A40956538403867DC3F865A133EC0
:10445000F2D2ED3F35EF08BFE02D044010E9ABC0CC
:10446000A7E82C406744893FE4145DBFE5F2B7BF7D
:1044700062A1D63EBEC127BFD73407C008AC3CBF3F
:1044800010D89BC1F6970C412D430E41C520284101
:10449000D0B35C41A8D79041150C9341C1A85941B4
:1044A000C8981E41FDF6C7408273FC40F241CF40E0
:1044B00061C337C00C930EC1E9B732C1BB273EC1FF
:1044C000D509BAC0ADFA3CC188059BC1C353ACC184
:1044D0009FBCE9C156FDA9419CB3B4416519AE41E9
:1044E00065AA984161326741FBCB0541C0ECCE40E3
:1044F00054E34940986E92BEDA1BFCBFF0167CC0B4
:104500001E16EABFEE5A6EC0B1E119C181955CC1B9
:10451000865A71C14B5935C1D5094FC1F76487C15E
:10452000AA71CDC1711B7841CCFF8241EE7C8241E2
:1045300067D54D41C364AE40865A1B40C3D383BF89
:10454000AE4751C0B5154FC03B70CEBCDC46F14004
:104550006ADE31BF1748C8C093A912C1F46CDCC031
:104560005C8F423F0F0B3BC146B61FC1D12293BFA8
:10457000B1BFBEC176E07841AC9C8A4150FCA141FC
:104580005E4BAF418F428E41FC184741E4830941A5
:1045900036CD054196212C4151DADB40295C27C0FC
:1045A000A9A4E4C0FB5C3BC1136173C135DE85C1C6
:1045B0008CDB2DC1BA4942C114BF85C17A479EC167
:1045C0007368D7C1BEC11B41879695419A99B14185
:1045D000705F1C414CA662401B2F7DBF5F98AEC030
:1045E00005C5AFC0B29D07C1BC05DCC0530585C081
:1045F000A9A4DC4082730A408104A5BF5917434037
:104600002B18EFC0E25841C1166AF7C07368893FA2
:104610000AD788C1A835D54042CFDE40BE9F14419D
:10462000CE88EA406EA30540F5DBD7BD1E16C2BF9B
:10463000EA9596C02BF68FC027A0AFC07B14D0C0E0
:1046400040A427C0304CBE403E7990BF075FF8BE03
:10465000910FAA40986ED2BF287ED4BFAAF188409D
:1046600046258CC1E9263C414F1E50414A7B5A41A8
:104670009A7765413B705E418B6C3941E7FB1E4187
:10468000713D86402653A5BFED9E18C0984CC5BF0E
:10469000A1D648C04A7BADC097909FC052491D3CEF
:1046A0001E166A3E0C02F3C005C555C19407A9C188
:1046B0005839FEC1B0728441EF38A941D0D591413B
:1046C000AF256D41A0893B4134A2BC40B003E73D1A
:1046D000BADAB6C099BBF63E917E5B40098AF5C056
:1046E000522774C1BC7461C13D0A8BC07E8C874067
:1046F0007368A1BFC2860CC150FC66C1E71D02C130
:10470000888587C1F5DB19C1448BBCC0D200DEBEF1
:1047100004E78CBD48E17E408FC2353F6132F5BF72
:10472000E94846C0B8AF99C0C05B88C0F01628C041
:104730004D84853F6D56B140BDE3324119E21841C9
:1047400060E5A2404D846540E4148B4077BEBB40D9
:104750000C8291C122FD13410456484146946D419B
:10476000006FA241E2698741197328416F12AD4081
:104770004625B5BFD6C5A9C06666AAC0206384C059
:10478000696F1C401FF44C3FA47001C107CEFDC0EF
:104790008E75BDC0386759C19D1150C1FFB299C017
:1047A000C217BCC10B46BD40F163C040A392F840A4
:1047B00088F43E418A1F65410C0233414469B94087
:1047C00001DE223FB98D66BF0EBE70C0B6F385BF55
:1047D00055C1CA40EBE2163FAD69F8C0DE7114C1A5
:1047E000A4DFC2C021B0F2BE0F9CEDC05A644BC022
:1047F000E79DF4C183C01041917E4E41A9139141C0
:10480000D41AC2411815BD412E109A41021AA7416F
:10481000B4488841865A4B40A4DFA8C0BEC120C11D
:104820004FAF6EC14F9E8CC10BA483C1C8073FC15F
:1048300093A91AC1F9A03EC19C33E0C0E5E199C13A
:10484000C976C2C166F73941304C5C412B76824152
:10485000B4C897415FA9A9417F6AA941A45F954166
:104860007F6A7841BD5267418CDB2E41E25803C01C
:10487000B8401CC11D5A62C1B21D93C1B8C0A1C1CC
:10488000C2979FC198DD62C1C7CB8BC133C497C1AA
:1048900082F3DBC1FD87A4BF304C32C0B840024078
:1048A00098DD7740BF0E24400000983F3CBD3E405D
:1048B000A2455A40575B313F3A230ABF091BCEC07D
:1048C0002D210BC0DA1B8440348037BF71AC5BC034
:1048D0001AC0A9C0B4C80640A5BDC340A470C54055
:1048E000B45949C169006B40832FA64046B65B406E
:1048F00023DB054083C0DA3FE86A9D4052B8F040B0
:10490000EC513741E258F940BBB88D3F933AB1BF03
:1049100031082C3FE63F64BF810405BF4FAF38C06C
:1049200008ACB6C069006FC0F90F8FC0FDF6CDC0EE
:10493000364DBCC1423EA040FAEDC14013F2B54035
:1049400026E4BB40E2589F40643B8B40C5FE4E408E
:10495000D3BCE3BC76E0CCBF8E066CC0C05B68C045
:10496000287ECCBE4B5932C0C286BBC03F358CC0FE
:10497000B15085C00000F83F849ECD3C1058E13F07
:10498000F1F445C120D2C73F325524408863DD4051
:104990002A3A4C4138674E410B24F440006FC93F1E
:1049A0006EA3E1BE8E0694C0545253C0F9A0A7BEB8
:1049B000AEB617418A8E0541C1CAE34035EF683F64
:1049C0008B6C89C0910F06C0E10BB3C0DE8285C13C
:1049D0002F9D09C2643B21C1835113C1C898F1C006
:1049E00080B7AAC0F01604C031993A3FC7BA544004
:1049F0004BEAA2401748FC40D8F02F413B702341BE
:104A000042CF1241B98DEC4065197640E9486EBF3E
:104A10004DF3B6BFEC2FE3BFA2B41FC05C8F22BF23
:104A2000FB3A89C174243B419CA27C413B81AC414F
:104A30002B98C841294BAA412E909841AC9CA54186
:104A4000EEEB6241C3D3AB3D3CBDEEC0984C34C1EC
:104A5000553061C1EBE27AC1BBB86CC1E5D02CC165
:104A6000F24148C10AE88CC185EB5CC117B7EDC0C3
:104A70005906C0C1A2B4DDC036CDD3C0EFC9BBC09A
:104A8000E02DB0C0197367C070CE24C05EBA55C0A7
:104A90007446B4BE79E972C024B909C1EA04C4C03D
:104AA000E5D098C02063B4C0E86AF33F228EAD40E1
:104AB000E414DD40780B8841FB5C1A41FD768E41A1
:104AC0009A99A140B81E853F03788B40E2E9B74030
:104AD00054E3BF40423EE64003783241FF32834117
:104AE0000D608F4105A35C41022B08416A4DD34004
:104AF0008638064130BB4740CAC307C10BB542C127
:104B000013F224C1FA7E16C1D7B482C1728AB0C131
:104B1000A69BFBC1128382407AA5704051DA4F40B8
:104B200046B69140182637406D5639405917814096
:104B30005DDC56404C37D7C035EFAC40FBCB1A405C
:104B4000448B9C3FF7E4213E832F44C0D93DF9BFFD
:104B5000F9A0573F29CB90BF11C79A3F764F52C05B
:104B6000431CBFC1645DEA40AE47DD40BC05164151
:104B70005F9890413188874114AE1941E561A940A1
:104B800066F7FC3F9BE601408716C9400A683D4135
:104B9000D34D2F413A230941B762A1C04DF37CC1E7
:104BA000E948A8C1C4B1B4C17E8C97C17FD906C100
:104BB00005B4BAC191EDE4BF90A09AC00EBE54C036
:104BC0002B18753F66F744BFBF0E80C0242892C0E3
:104BD000FED490C07DD027C05F9880401DC9F540AD
:104BE000CC7F2F41DDB5943F33C4D1402653E940FB
:104BF000FB5CBF4033C4513FA323D9BE50FC803F70
:104C00001BAF9CC1DE712240560E31402D43D44073
:104C1000C7291B41575B4041A60AB640A301A840E3
:104C2000DDB584BDC74B373ED8F0DC3FC5FE6A40DA
:104C3000C4429340AF2588C0E414A9C048E109C12B
:104C4000273160C0C3F538C0A9A4A4C02EFF49C055
:104C5000B7E2AEC10DE0E5BF4A0CD2BFB003A7BFBB
:104C60002428FEBF8BFD8DBF107A16BFB150E3BF65
:104C70007B143EBF8AB02DC0ED9E54C03D2C7CC03D
:104C80000B46FDBFBBB885C0CE88FABF3D2C54BDD6
:104C9000CD3B1E3F9CA2B7403945074127C2644126
:104CA0005AF5B9BC091BF63FC1395F409CA29D4033
:104CB000D734A540EF388740CE88944079E9424008
:104CC000C3F5E8BE8B6CF7BFF85395C052B8D0C09F
:104CD000091B72C07DAEA8C00B46B5BF46256D400E
:104CE0009A08B540D578E14086383240D6C5F5BF40
:104CF000D41AA5C1DCD7AF40EFC98340728AA24065
:104D0000B22E8440174818406FF0053D01DE52BFB7
:104D1000BC74CBBF310870C0986ED4C08273C2C05F
:104D20004BC80FC060E5D0BEAED89DC048E1BAC048
:104D30007D3FCDBF371AC03E29EDD140E336454116
:104D4000CDCCD2C0ECC0D9406ADE294020630341FB
:104D500034808B4083511941FAED9F40EE7C144121
:104D60006DC5AE40226C383E5F98344099BB9C4084
:104D7000A0890041091BAE3F1AC05BBF371A4440EF
:104D80006822CAC04BEA37C1B98D5EC12FDD15C19B
:104D9000491DEEC1E483A34170CEBE414F9E9F41A9
:104DA000B8AF5741029A9640378961BF6E341440BC
:104DB000C1398B40705F934018262740583934C062
:104DC0000091B6C0D49AA0C0ECC027C1D88169C1F7
:104DD00054E34CC17B83C3C09EEF40C17593F6C0C2
:104DE000D11191C12BF61E416B9A65418B6C9C4190
:104DF0004AFB8241158CE24071AC3F40FD8794BF75
:104E0000D95F4EC088637DC0DC4637C0DE71664026
:104E1000431C0541B9FCC73F894180406A4DC7C06A
:104E20006ABC54C1265373C1713D27C1C3D3BFC0EF
:104E3000E01CCBC1FF21B140F7758840FC185B40F6
:104E4000F6286440CA327C40CCEEE93F68B38A3E23
:104E500073D7B23E6F1203BB7FFB3ABFF241EF3F05
:104E60002CD40A40075FB0BFF1636CBF4BEAA2C00D
:104E700039B4083E2F6E93BF4FAF54BF6B2B9EBF0C
:104E8000A60A80C1EE7C6B41FBCB064112A5D74040
:104E9000A323DF40A5BD0C410EBE4C41DB8A6A4115
:104EA000EA0425411B9E5240D34D6EC09B55BBC0AA
:104EB0009790DFC0AEB6DAC0A9A488C0DCD78DC099
:104EC000BE30AFC0C3643A3F143F16C143AD33C1D7
:104ED0006FF0E9C17CF21241C58F1C41228E2D4139
:104EE00058CA4E41C5202B411FF4DA4083519340EC
:104EF0000AD7433F29ED01C0A24532C0492EAF3F3A
:104F00006B2BB040A323B9BFE71D0BC105A3DCC0C9
:104F1000A69B8EC03CBD15C1D1913EC1EBE2E0C065
:104F200061548FC1984C18411AC0304120632E4102
:104F300061C3284107F04641B0728F41D712B0419A
:104F4000BDD2B04198CCA94144FA8D41AA608440B9
:104F500041827AC066883AC1008096C133C4B3C129
:104F60001BAFC4C101DE6EC1CFF74AC1ECAFB5C102
:104F700081A6DEC1AC8B40419C22854118957D41C4
:104F800034A220415A645740C74BEFBF8CDBA6C008
:104F9000D19116C18D972FC1EA9541C152B840C138
:104FA00038F831C1986EE8C0DAACFA3C05C5464124
:104FB00096B24941A60A8640BA49F4BFA4DF2E3F03
:104FC0005B427FC1F706AFBF39D605BFE17A82C029
:104FD0000AD773C0A5BD89BF00005C419CA299415E
:104FE000D1917B41E7FB1841B9FCFF401FF4D04051
:104FF00071AC674045D8103F158CAABFB8AFF1C05F
:105000005D6DCBC0F706E3C01CEBC6C0BDE301C1BC
:10501000356FEBC16210EA40DA1B324181267D41D7
:1050200063EEA9415DDC9D418E065741BF0E2241D2
:10503000325552411D5A58411B9E924068919FC063
:10504000F77527C1849E46C12FDD07C1BDE3F0C0BF
:105050004F1E68C1FB3A6FC1CFF72AC1D6C597C1B1
:105060002575D8C138672CC01C7C81BF431C0B3F01
:105070000F0B05BFC520A03FE7FB3140F54A49C0F3
:10508000812616402497A73F8CB98B3F637F993EBA
:10509000F931CE3FEEEB16414ED11241FCA93DC095
:1050A000D7A3A8BF7446ACBFC89817C07AA5ECBEFA
:1050B0001D3860C1ED0D2EBF835109BED1913C3F1B
:1050C0006E34C03F3CBD1640F46CFE3FBB27EF3F43
:1050D000F69795BF0091DEBF5DDCA6BEB98D52404C
:1050E000166A6D40643B3340849ECDBE2F6EA33D57
:1050F000A089503FDBF97E3EC4B10EBF304CA63DC7
:10510000567D67C1121493C054E3DDBF01DE0E402B
:10511000C1399F40BA4986408195C340E09CC9404F
:10512000D9CE77BE8885DABE143F5AC02497F7BF20
:1051300064CCED3F569FABBEF16360C036AB3AC066
:10514000637F493F14D0343F575BD1BFB7D158403C
:10515000151D1DC194F65141DA1B5C4133334141A9
:1051600007CE3341D0445F415B427B4130BB6D4150
:10517000CE881841014D043E8AB045C03F35F8C085
:1051800067D52FC11EA7AEC086C908C05F070E3EF7
:105190006C783BC1287E51C129EDEFC0F2D245C1E8
:1051A000F842F3C13878EA41E62EB74192CBA341E9
:1051B0007DAE6E41A4DFFA40F77518402B1871C020
:1051C000D734873FA1D660C007F00A405A648340B5
:1051D000D1221FC0992AECC001DE15C10B241DC1CC
:1051E000F9310DC14D8416C17DD06EC1583981C1D0
:1051F0002E109CC194F603414B594B41FCA99B4195
:10520000099BA64174467A41B7D10A419D809240DC
:10521000A2458440D49AB44017486B41009146415E
:10522000BADA3741FD87CAC05BD388C19C44A6C1A6
:105230007AA5C3C15B31B4C1D50969C1234AA7C0EE
:105240002D43DCC155C1383F840D8340E2E9A740BE
:10525000BC74C33F8A1FDB3FC4426540280FBBBFFD
:10526000643B5F3F2428AEBFBDE3BCBFF54AF9BE37
:10527000014D843FE9483EBF55C10440BF7D1D3FFD
:10528000499DE4C0508D173F3277CB4005C537406C
:10529000720A95C198DDA24104E7AD41AEC7AE41A7
:1052A000B30C78414D84084114D0B040E78C28BF3E
:1052B00065AA82C019E2B2C05917BBC0ED9E10C0EA
:1052C00090314340FDF685C06891EBC06744ABC0A8
:1052D000787A0AC1C9760BC167D52DC1F38E1AC180
:1052E000C58FBAC11CEBFC40304CAC40C7292640EE
:1052F0005D6DE53F0B4685C0BD528E3FEC51803F52
:105300009BE6FD3EBC05BABF014D40C004E73C3FF3
:10531000728AEE3FA2B41B403333733FC4B12EBE3A
:1053200093A9A2BE5AF5493F3F35963F0E2DF2BED6
:10533000FF3295C1F241FFBFB7620FC0ED9E843FBF
:10534000EC51903FA52C1B40B9FC773FE2E945BFEB
:1053500052B8DEBE48BF31408E759340F90F114000
:10536000C898BF40143FBE3F31088AC006128CBFA8
:1053700011C7464076719DC045D868407DAEC63F96
:10538000CA5473C16A4D7841E9268F413AA3A141BD
:10539000584AA94140938441C5201E4162A1C6409C
:1053A000014DCC3F865A37C01F8587C0C5FE9ABFC6
:1053B0002E90D03FD26F9FBE7D3FC9C039B4D4C0BC
:1053C000DAACD4C077AD85C101DE93C127A09CC102
:1053D000C286DDC12D439240F31F1F41EE5A874123
:1053E0009D1183419F3CF040CFF7DB3FABCFD5BF52
:1053F00039B494C0D578E5C0F2B0F0C02497C7C0E6
:10540000B684BCBF1B2F134158CA9240C3D38740F8
:10541000FFB247C0D65622C17E8C0EC14D8401C05A
:10542000E63FB1C1D04423417D3FC7409CC4004109
:1054300062A1C2403EE83D40F08589BED122FBBE5C
:10544000FE4356C0295C89C080B780C03B0129C09B
:10545000E5F277C0499D303F45D86C40849EBB4003
:1054600068910D41AAF18ABFE336D2C03D2C84C0B9
:105470006143AFC1E3A54E41D6C590410F9C9E410B
:105480002A3A614195D4DF402428CE3FB30C61BF56
:10549000F5B9C6C04F1EEAC0378924C114D02FC148
:1054A0006F8105C1FAEDD3BF6F12033C431CB9C035
:1054B00058A8B53F0612B0C03EE887C01B9E7E408C
:1054C000B5B78DC1083DA5401E160141492E494181
:1054D000918F8C419FCD6E412B18854032776D3F67
:1054E000DCD7A1BE6F12033A40A46B40022B2441CB
:1054F0000091464079E932C0302A35C020D297BFAA
:10550000469414C1F8C23CC1448BAAC0E3367CC1A6
:10551000EA04F9C11FF4DE404D84D940D95FC4408C
:10552000B5A62741C4B17F4108AC5341A52C9F408B
:10553000F46CF63E273184C07E1DB6C01214BFC085
:105540000B24A0BF4694EA40933A29409D11A53E02
:10555000BD5256BF575BEFC02CD414C1446909C17A
:105560007E5D00C2CD3B5241014D4F419790454178
:10557000075F114134A21840105859BF8FC2BDBFF8
:10558000F38E87C009F9E8C045D8EEC06154DCC08D
:105590003255CEC04ED187C0D19103C1A5BD79C0CF
:1055A000C898DB3E8126423E70CE6C40C807DF4083
:1055B000A30123C1F85375414B489141BDE3B0416C
:1055C000787AAD418104534166882841DB8A0D41D8
:1055D000029A1A41849E4641BD525F41A245224132
:1055E00005A392BEED0D37C132D587C1C5FE9DC161
:1055F000CBA17AC1491D9EC10000B4C1F539BCC11F
:1056000066F7D0C1F90FDB4043ADDBC0CEAAAD4099
:10561000ACADA840022BAFBFFB3AA0402D21C73F45
:105620000456EE3E29CB09C16E34503F2AA957C01B
:1056300096B2C4BF45470E40C7BA30409CC4303F05
:105640009CA273BFDE717E4002BC214042CFDA4093
:105650007B94ADC134A28040EE5AAC403108BC3FCF
:1056600074B525C0228E45BFCCEE2140B37BD23F1E
:10567000D26F1F3F014D843D93A95240B3EA73405E
:10568000DFE01BBF20630A40CF66153E151D093EB3
:1056900014AE073E62A1D6BF3E7908BF325500BFA7
:1056A00035DE95C14013E5C01F8527C0AA60143FB1
:1056B00098DD85406744B1BFC7BAB83EE3C70EC1A5
:1056C000D5788FC0FF21CDBF6FF0A5C0C13906C10D
:1056D000448BBCBF2D211941FE4305C1CEAA3941DF
:1056E000355E324116FB8BBEB22E9A40E9B741417E
:1056F000F9A091C098DD4941DC466E413D1B8241D5
:10570000E4038941F9319241C74B9A41B8AF8441D2
:10571000C1A826411D38DD402CD4CA4041823A4000
:105720001B0DB0BF4A7B2EC15AE483C147039CC105
:10573000C2178EC14DF3DCC0F92084C151DAB8C163
:105740009790E8C17DD02C414DF34C41F46C6A41F7
:10575000FBCB95412B0785418CDB414100910B41EF
:105760006EA3CF40E02DFC40C5202241068185403C
:10577000E9488CC011C7DAC04ED10CC1621007C114
:1057800048E169C1CC6E87C120D255C1EEEBA1C101
:10579000491DECC10C02C74030BBCD404625C54079
:1057A000D26F00412CD41C41569F1D411361D14042
:1057B0003E79E240A9A4BA403A92B340A4700341B2
:1057C00009F9EE40FE6597BE363CD1C0CDCCFCC099
:1057D000A60AE6C0CBA124C17AC743C1728A60C1C0
:1057E0006608E6C1F46C004167441A415E4B4341D0
:1057F000B0727741DF4F76414ED1274189D2D840F0
:10580000B81E15401973574061C3D140B5371440D5
:105810005E4B86C03CBD14C131083DC12AA91FC1E1
:105820000AD7233DE5F2D7C0E414CDC0FE4336C10C
:10583000811503C2BB27C1C025066DC07CF290BE96
:10584000C3D3BB3FB98D463F143FA63E8D973EBFA5
:10585000499D00BF189508C0D2003240CF6615BEE2
:10586000621064C0B1507FC0426089C0D04418BF8C
:10587000EBE2B440DC6808405D6D6041EBE248411A
:105880005F985BC17DAE63C1E78C3DC19C33AEC008
:10589000B98D12C02F6E5F403C4EF13EB9FC373FD0
:1058A00094872DC0C286C7BF448B34C058A8B5BDED
:1058B0009CC4C03FC80735409A99154120634441B4
:1058C000A54E0141A91342419F3CF8402D215B4068
:1058D000A156A8C1917E2441A2451741C6DC2441AE
:1058E000B5374A41E7FB9B416EA3B44170CE994165
:1058F000E2587541C74B9141BA492D41DE9367C0CB
:1059000088F433C1F53981C1E57298C15DFEAAC141
:10591000D5F898C1F46CE0C0E48350C13F3545C16F
:105920002FEECAC1D95FE6C03D0A83C06A4DF3BEFF
:10593000789C22BD166AA5BFD34DA23F2B87064097
:10594000810401C0575B113F52B884C0D34D12C0CF
:1059500024979F3FBE9F3A403A926F40CC7F60C0F1
:10596000C976C840F2B0A440C44259406DC5304128
:10597000C1394AC1A857BABFD7A328409FAB21401D
:10598000C729DABEB003FD400309EC407B1428416F
:105990000F0B0940226C84C0696F38C001DEDC4007
:1059A0007DD0AD4041829E405F299140AF9435C08B
:1059B000E8D95CC0AC1C82BF39D6D5BF426010C1EB
:1059C000091BE0C17958AE40E414E140D8F00D4124
:1059D00020635F41E0BE9A418D9784418CDB484152
:1059E0003A925B411361724132558640547482C0D1
:1059F000E3C70FC1D42B2FC155C152C18E7535C11C
:105A0000F2D2EFC030BB8FC0598664C08D17B7C1CA
:105A10006B1AEFC1917E40414694644109F98E4171
:105A2000B51592414A7B5541DC680E415839AC3F6F
:105A300021B016C1849E31C1431C77C17DD08BC17A
:105A4000EEFC8FC1583947C17AC7A7C07AC70D414C
:105A5000EEEBB240FDF6C940C8078DBF96214E3E21
:105A6000A92486C182F38641D49A86416F819441EC
:105A7000287E674163EE0341107A2E4082E2DF3FC9
:105A8000F241EF3E7FFB8EC06F12C9C0FA7E8AC022
:105A900018950C40098A8FC0B1501AC11895F2C0F0
:105AA000B81E014092CB1AC105341BC15C8F6AC07D
:105AB000E561C2C14182254197FF1841D95F194173
:105AC000DF4F1641DDB5F6400A68BE4023DBAF402C
:105AD0007FD9E14073687940F46CE63F33C43940C4
:105AE000E17A543FA9A44EBF44695BC0DE930CC168
:105AF000567D17C10612F6C0FAED20C18F5309C1B9
:105B000077ADCDC1A8570741FA7E5E4123DB9241B4
:105B100092DCAE41BEB0A641D0445841BF0EE04039
:105B200077BE6340E3C7983ED0B38BC08D97F4C077
:105B3000B37BAEC0A1F8CFC0E78CA8BD02BC2FC11B
:105B4000F2D267C1FBCB1FC1174892C060E57FC18D
:105B500023CADDC12CD432C060E588BF90A0F8BD57
:105B6000E09C25402041C13F2F6E8B3F772DC93FE0
:105B70006EA34D409790C9409EEF2E4126E41D41F3
:105B8000EFC90A4117489C401973EF3F446987BF2A
:105B9000B84072C09B55B9C03277F5C04CA6FEC064
:105BA0001F05B2C15D6DC94164DDA641A60A8841E9
:105BB0008C4A4F41BEC1F740E5D07E40FB3AC04021
:105BC000DCD75D408CB9F3BFF5B901C1F08536C1B2
:105BD000C3D33DC1FB5C0CC1BD529840810435402C
:105BE0003108EAC07A3670C1B5155DC16132F3C0C3
:105BF00057DB97C1A5BD594177BE2E41F70633410A
:105C00007A363C419FAB5341DE71CA401B9EF63F42
:105C1000787ADDBFADFA54C0CCEE8FC0D122E9C096
:105C2000A1F87DC05F98AA40BF7DD5BFD49A08C1B6
:105C300014AEDDC002BC35400D7103C15B42BAC079
:105C40002742C9C1849EA041E3B69C41000089411E
:105C5000006F7E4124B923418351BB4094F68440B8
:105C6000E5F20B416C09C940C807D5BF696F50BF49
:105C700098DDB7C09E5EBBC0D881D9C047039AC02B
:105C80006DC53E3E9D8066C1107AB1C11D499EC161
:105C9000ACADD0C1789CFA3F07F06240B459B34034
:105CA000C7291D413F358941A381874129CB034144
:105CB0006F8118403EE869BFDB8A29C059170BC0C5
:105CC00043AD4140DC46D140F54A39C0F0163CC0F6
:105CD000EA0474BF539613C1CC5D3FC1DC684BC16D
:105CE0001D49E6C1A5BD2D4024B9A240FED4BC404B
:105CF000B9FC03413D9B1041E78C4841D1227C41D6
:105D0000C9E5FD4071AC374017D9F4C0F4FDF2C0CD
:105D1000CE88E2C0840DE1C0B53798BE8AB083C09A
:105D2000A089503F228E553F037800C11B0DC2C091
:105D300066F7BEC122FDEEBF4DF34E3EBD52963F0B
:105D4000567D5640FAED734079E99440CB10CF4030
:105D5000BDE3B2405DFE95400AD7C34042CFE44068
:105D6000AC1C2E41E258224107CEA140D88181C00F
:105D7000AEB6E0C08AB0B9C0B30CE1C0E86A54C1A5
:105D8000EEFCF1C1CA546741832F8A41B537824185
:105D90002D43E4403D0A273F95D48FC0DF4FF9C023
:105DA000986E1DC1174849C1D1912CC16FF00DC12A
:105DB000C4B188C068B3E840D044383F36ABC63F72
:105DC000462565400C023FC020D22F3E865ACB406C
:105DD000C1395DC14A7BE541431CCF411962A441F1
:105DE0003E79324133C49340E71DEF3F492E7B405B
:105DF0008FC2A53FD1223BC08FC2894040138B4048
:105E00005D6DADC0287EFCC07B8324C1B37B04C123
:105E100023DB5FC1CBA134C1A69B48C1295C5CC117
:105E200066F7A1C1645DDE4082730441E6AE4E4177
:105E3000E4039141E2E92141FDF625408F53A4BFDF
:105E40007DAEBEC0ADFA10C142CF2BC1643B2AC1AA
:105E5000009106C11B9E82C08716E3407A36AB3E96
:105E6000401309405F07124043AD6DC0091BCE3F90
:105E7000917E94C13F57C940E0BEE4402EFFF740F9
:105E8000C1392541D1224C415396AE41B751AE4163
:105E900017B75A4127C2E840931815419D11574141
:105EA00008AC1CBE006FCDC0524917C1F241EDC015
:105EB000674447C104D6A9C19E6FC4C102ABC3C128
:105EC0008A9FCBC1984C4D40FD87943FB0721840DB
:105ED000FB5CE5402B187A4154639D41363C1E41E2
:105EE000E71DFB4087162241E17A26414C37E9BF86
:105EF000FF2111C12BF64BC19CC464C124973CC146
:105F000074244FC0D49A84C09790D3C0143F46BC29
:105F1000BE1FBEC14B599E403199BE40AF252041A6
:105F20009C228241E5D04E41C3F57C406DE7FB3EAB
:105F300094F63EC03D0A99C05B42A2C0863846C076
:105F4000CA548D40B1BFA440FCA945C0B4C812C01A
:105F5000AA60EC3F6ADED3C0E3A508C1CE1951C0E8
:105F600077BED1C16DE711415BB13B41F016754180
:105F7000719BA441287E7B417B14F6407FFB6E40E1
:105F80005D6D51C04BEAD6C0FFB210C1F31F01C115
:105F9000D9CE17BF1214CD40BBB86140A9A442406E
:105FA0004FAF06C148E16BC145474BC12DB2DFC0C1
:105FB0002E7FD2C1091BBE3F89D22EBFFED4C8BFDF
:105FC0004ED191BE992AB04042CF4D417A36CD4054
:105FD000E8D9EC3E333363C08351ADC06EA379C0C2
:105FE0000091BEBFF0A7F0409CC4B44095D4913F4F
:105FF0001EA7B040D2009EBF5305C7C0C1A844C071
:10600000AC1C99C11EA73E41BE30754195E591413A
:1060100082F38E4111C74F41A52C09414E622C409D
:10602000448BECBEEE7C9FBECA328A40C5FEEA3F7E
:10603000B30CD1C0764F36C14B5945C1386723C127
:1060400053964DC0AED82BC122FD39C191EDC2C0CF
:106050009CB3A6C12EFF91BFADFA8E40431C833F77
:106060008CDBE03F075F583F3945873FE10BDB3F63
:106070005917B73F0D7103412EFF113F45479A3F16
:106080000E4FB9C040A48BC0BE9F6A3F58CA92C091
:1060900098DD5B407E8CDF4033337F403FC660C07D
:1060A000AEB691C16C899641C206B441C1B9854171
:1060B000ACAD2541BDE37C40151DD93F257522BF00
:1060C00072F9BFC01136DCC06B9AE9C00F0BFDC07E
:1060D000A9A48AC0E2E99D4065AA94405396713F05
:1060E0009B5563C0F2D215C106121CC0BC9636C1C6
:1060F0005DEDC5C1D3DE70BF7424173FB1E111401F
:10610000E78C9E4044FABB40B98D0C410B243041D2
:10611000D8F03241FF213B41022B6241EA950E410A
:106120006EA32140075FF0BFD509B4C0DC68B2C0E0
:1061300070CE12C1D19111C1547447C1B68437C118
:106140001DB8CDC1EA04D43E75933440FB5C0540D4
:1061500006124C4059178740A301DC3FD6C5934037
:10616000091B3E40A8C6D33FDD2436C04A7B73BF1F
:1061700039D629409D80E6BF1F857B3FE4839E3F43
:106180000F9CC33F3A233ABF190446C0A01A4FBF21
:106190005DED9EC14260C140E8D9944087A7894027
:1061A00009F9F6404A7BD940DF4FC9402BF60B4135
:1061B000AF250C41DE71F640A0894241FB5C0041F5
:1061C000FFB2ABBF713DC0C055C101C1363CDBC0A1
:1061D000B5A6D3C04ED1B9C06D560BC1804815C10C
:1061E000D95FE3C1C976E44055C1CE409643CF4064
:1061F0000A68D240508DB740BEC1B340FB5C7540C9
:10620000B22EAEBE787AFDBF73D70EC0113684C0F1
:106210002F6E4FC0AD690EC0713D86403F57FB3FAA
:106220003D0ADFBF9A080B3F6ABC60C0F54ADBC07D
:106230007446B2C10C138F418885AB41F085A541EE
:106240002A3A7F4117481B41CA322440D49AC6BF1C
:10625000A392EEC066F70DC1ED9E23C17FD90AC19E
:106260003411A6C01D5A34BF7593D8C005A304C10C
:10627000DCD7DDC0789CB23F96214EC0E09CC1C007
:10628000B5157BC1C3D32A419FAB25411CFC90416E
:106290003D9B34418885C440FED4B8BE5BD31CC04E
:1062A0007671A3C04ED19FC0840D9FC0A30114C0BE
:1062B000EF38BF40EFC9733F33C487C009F920C02E
:1062C0002F6E9D4095D404C1591710C1C442AD3EF4
:1062D000F90FC4C158A81E41FB5C3E4192DC9141BC
:1062E0004CB7C3412B18B2416ADE6841FE653141AB
:1062F000575B3A41B1D08541D93D8641ECC02E4132
:10630000C66D8A407FFB4DC16D56A0C18F53B4C18D
:106310006C09C1C14850A7C17969B5C135EFC2C187
:106320004F2FCAC1D26F164154E3EB40CC7F3E41A0
:10633000273148418CDBE0409B555A4158CAE84020
:10634000E6AE35408B6C6A412742B1411B1EC2410B
:10635000F8C2D240401391BF52B841C14FAF96C16D
:106360003F46A8C11DB895C1C9F6AAC1371AB9C11F
:10637000986EBAC15BB1C340DC68DC4011C7004114
:10638000DF4F0540BA49374166E6C341A9132441AE
:1063900024B908412B180341CFF785C0992A3E4103
:1063A000A69BAC3FF0A7FE3FB51569C1257530C16E
:1063B00037895DC0DFE0AB3FD5099EC1BBA7C1C136
:1063C0004D73CBC146B625419CA24D41AC9C8A4140
:1063D000C4B1B641B97C8541BC962F414D8403417F
:1063E000E561DB40BF7D1541A52C4441C5FEA440BD
:1063F0007D3FC53F6822AC3F9A083BC1FBDC9EC194
:10640000ADE9B3C12ABA9AC1272080C1ADE99FC1C5
:10641000DBF9D2C163EE12C0674441C0865A234003
:106420000F0BD140BEC1A140A835394054E3CD3F48
:1064300080B7B83FB22E2EBE1D5A00C0C9E5973FA7
:10644000D49AA6BFE71D13C0CFF7C340053441401F
:1064500007F076BF964327401D5A8240014D843E87
:10646000CC6ECAC185EB5540D7129EC0D191E43F96
:10647000D1227B3F27C2044119045E414DF3EA401B
:10648000A9A48C40B00381403B010F4190311241DF
:106490005C20E1BF6ADE11C19A7747C17C6140C1CF
:1064A000363C11C105348B4067D527BFA8C68D4047
:1064B0007CF2A6C19A082B40E09C1D4089D222C0E4
:1064C000EE7C53C09B5589C0D0B3B9BF6F12CB3F90
:1064D000545287BFFC1807C00456BE3FA91380BFA3
:1064E000470360401C7C6D402E90B03F0B24D0BF12
:1064F0002CD41A3D6C09014094F6A63E5BB14F4086
:10650000643BA1C07E1D4840DA1B9C40E5F2094176
:106510004E62594162A16141CFF7E740ADFABC3FFD
:106520000612D43EFED4B8BF499D00BEA52CD7406C
:10653000FF215A419FCDFC401DC9A54055300CC1DB
:106540004D157FC18D978CC1075F54C164CC79C054
:1065500082F3CEC125060C41B0038A419621BC418D
:10656000D34D7C41B6840241A1679F4065AA003F9C
:106570005F98ECBE11C7C2BFFD871C40D42B3341CE
:10658000AE474E41075F0341C80723C1DA2C97C1CC
:1065900007DFA7C118269DC1F85314C1DA1BEAC052
:1065A000AF25CBC19CC43C411A51424139B4694129
:1065B0004625A2415E4BA441D3DE604112830F41C8
:1065C00062A1E440591715417AA52341FA7EB2BF72
:1065D000D9CE1DC12DB263C1F62864C139B434C10E
:1065E000F931AAC026536AC1EF3880C1D5E76BC123
:1065F0002653DAC13EE80541DE021B41CEAA4D41D9
:106600006D678A416F12A941CDBB944176713441C7
:1066100087A7B14031080C3F2EFF15C04F4017C06F
:10662000615452BE5986483F34808FC08126B8C01D
:106630005A64CDC0886373C179E9A7C136CDA4C1BE
:10664000DFCFDDC189415040022B6340C807B54010
:10665000DA1B3741257595414182644129CBFE40C3
:106660008E75BB40363CF540D9CE3341E78C27418F
:1066700020D2AFBEB5A669BF3A23AA3EF2B01AC176
:10668000886345C138F8E0C031088CC155C1B4C138
:10669000DB0AF0C19D11294117D99840F31F9C4096
:1066A0003108BE407AA5514180C8A441446968417F
:1066B000C3640A419B551B40F4FD94BFA1F8993F68
:1066C00063EE17410AD7A3BC022B49C1ED9E6DC1F1
:1066D00083C016C1BBB88DC089414FC1B6F365C137
:1066E0008E06D3C122FD664046250940AF2584BEF3
:1066F000D0B3094070CEC040A52C8F4096438B404C
:1067000009F93C40840D6740992A2C40EEEBC0BD4E
:10671000DC681040EE5AAA3FA16713BFB6F38DBFE5
:10672000B3EAF33DFCA9F1BD3BDFCFBD0F9CB1C087
:106730008F42DFC1C7BA0641B0724A41D7B4974110
:106740004EE2BF413108AA4146941B417E8CC13FB5
:106750000D713CBFE926413FD26FC7BF789C1A40FC
:1067600096B21E41234AD74079E96A401FF447C1D7
:10677000F5DB9EC19710BAC18FC2BDC18CB92EC1C5
:10678000B89EDBC1918FB141D7B48341BA4953411F
:106790006DE7EF408D970E40ADFA1CC0355E0C41A1
:1067A000F4FD2A41D6C59F4012148F3F992AACC0F0
:1067B0001FF403C11D38B7C0C0EC0CC1FCA905C152
:1067C00021B0CA3FF2B0C03F006F3AC16A4D5FC10D
:1067D0007C61CDC138F8FCC021B0D2C06154C0C0CA
:1067E00055C19CC08FC287C0DFE097C0363CD7C080
:1067F00040A408C1B30C0BC176710DC1E02DB4C02B
:10680000C66D44BFCF660A415C8FA24043AD5F4175
:10681000C0EC37419D802041986E8B41287E6F41AE
:10682000D0D500C172F93E418A8E0641DC46374020
:106830008BFD253E567D88406ABC2C4074249F3FCA
:10684000287EF4BF26E423C08BFD8DC008AC3CBF7E
:10685000A01AA14076E01C40705F9FBF242896C01C
:1068600074B501C08351C93E8D973EBFCA54E9BF7C
:106870001A409AC150FCA8BFAA607440B1BFEE4054
:10688000C1393A417A47824176F1CB4163EE7D418D
:1068900014D0B43FB00346418805AA41098A024199
:1068A000363C79C075936CC187162BC126648FC1A5
:1068B000280F83C1DCD7E1BF1E1650C1C4C29AC1E4
:1068C000B537C5C141821D4138671F415452484107
:1068D0001B9E5B4120632641C520D440FE653B40A2
:1068E000B8AF43BF4A0C7EC05AF5ABC029ED05C115
:1068F000EF38F1C0E63FDCBF1A51B840B072F83F44
:10690000A08950BF5F290B3FEF38B5C0B07243C1BB
:10691000BC96DEC15EBACD4093A99640F9A07B40FB
:106920008FE44A408351D1BF32E666C07B14CAC0AF
:10693000772D13C13D2C25C16DE71CC136CDB9C0E3
:106940003A92ABBFC66D44BFCEAA0FC036CDA3BF2F
:1069500077BEE540F1635040D26F784170CE6D4113
:10696000E6AED7C0D49ABF41143FB141FDF68D4188
:10697000C3F566418F530541158C46405F078A4039
:106980006EA30941C74B734074B57DC0E17A2CC139
:1069900066F719C10E2D2EC19C332AC1FF2100C1FB
:1069A000A9139840F085CFC0C58F5BC129CB47C1E3
:1069B000B4C8C4C14C37194150FC3641516B4E41EB
:1069C000ECC0674171BD8641DF609C4134A29D41AE
:1069D000AA607441696F4041AEB6304166F7EE403F
:1069E000B7D1903F575B11C16F9292C13A92BEC12D
:1069F000355EB9C113F29FC1105824C113E18AC199
:106A0000424FEBC1C05B5CC0BD524AC06F81F4BF56
:106A1000378931BF3789B13FFDF6A53FE86A8BBFA3
:106A200074B51DC0D49A42C033C48FC00378ADC0C2
:106A3000A4DF88C0302A09BF7368D13E61C3A33F79
:106A40009CC4BC407671654119E27040516B324183
:106A500088F40FC141F17341446996416688CA4187
:106A6000B89E9C413480304101DED240516BB4402D
:106A7000FF213D40C1CAA3406210544111C75A4191
:106A800035EF08414E6205C1A60A7FC13B01A3C193
:106A90008649AAC1ECD1A9C1D7929AC1B81E72C1C8
:106AA0002720C1C1BE9F464002BCC540787AA140A4
:106AB00029ED6540075FE2407CF2CC4006121F41A1
:106AC000BC96F840F8C286403D2C68405E4BD040F2
:106AD00048E1B240DFE0DBBFD95FCEC02063FCC03D
:106AE00093A9DEC0AD69A4C08FE404C196B228C1E9
:106AF0005A64B0C1355E3ABFBC05123F55307E4086
:106B0000014DBE40FA7EC240C9768240840D9F3F4F
:106B10002D43ACBF42CF4EC020D295C00F9CC7C002
:106B200034A2A0C0BE9F9ABFF54A294145D828404B
:106B3000575B7140ED0D764039B4E0BF41F193BF32
:106B40008CDB8AC1A9A4AA4087A7AD401B2F1D4199
:106B5000CE998141EA045B41986EDE40A089983F5E
:106B6000ED0DD6BF0F0B25C07CF230C0C05B2C40B2
:106B7000637FAF4039B486C02CD419C13F57C9C018
:106B80001AC067408E0678C073D7D0C09A08A9C0D3
:106B900017C8DCC135EF2440B8405E405E4BAE40C4
:106BA000C05B0D4127311E414625424154524141AF
:106BB00020D2F740E5D090405AF5493FDE7102C03F
:106BC000325598C06822B8C0A1F893C0F9311EC0F0
:106BD000CB1083C04DF3C8C0ED0D94C005A318C100
:106BE000C06CBAC1B98D6C416E3480411F85934130
:106BF0004F2F96413D9B4641D656134117489E4024
:106C00001214A9405530FE403D2C134114AEB5403E
:106C10004D84853F9E5EE5C0121446C17F6A5FC108
:106C20002FDD16C1B81E58C1DB0A92C13A23AAC192
:106C3000D122DEC14260614123DB4941BDE38D4188
:106C4000B4C8B641F46C5441A167ED405AF5B74061
:106C50004469EF3F6C091540FE65D740CBA18541E3
:106C60009A085F41228EF53D1D5A64C1E8EA91C140
:106C7000F016B3C1A089C6C1848D9DC1EEEB26C1BB
:106C80008DA8CCC1EA95A23F6F12A3BFA4706DC0BE
:106C9000A91310BF68B390C0F0A78EC052B8F6C059
:106CA000DAAC05C143ADE1C01D5A58C0CCEE45C0B9
:106CB0001B2FFD3F2B18D740AEB686412AA9434172
:106CC000F241C3409FAB8B402B186D40D712E2407E
:106CD000554181C145D8C8BF9A9929BF1283503FF9
:106CE00094872D40832F9240832FCC400B24AA40C1
:106CF0002AA95740E86A6F40DE0291BF5BD3AC3FE0
:106D00006076B73F917EE340764F01417D3FED4095
:106D100005A3B2BEBA6B61C03E79A6C02EFF0EC1FC
:106D2000C353F7C1CB100E4111C73841B37B8B4120
:106D300008ACAF41432D96417FFB504155C14541C1
:106D4000AD697D41E6AEFF40470398C0143F32C1B4
:106D5000545288C16822A1C1499DA4C19BD586C156
:106D6000045624C1598660404A7BCB3FB003C1C062
:106D70004614D1C1F706BF3F607613409CC46C40F7
:106D8000D34D7E40C1A83C409487B53F6822ECBDFE
:106D90000B4635BF9CC4D8BF60E596C0E56179C09D
:106DA000CB1087BF8A8E8C408CB96340234A9940B0
:106DB00067445D40C3648E402E9070403C4E9FC03F
:106DC000D7A3B8C1E6AE9D41E63FBC41FBBAD34173
:106DD0005305A94194F656412A3A30417958384131
:106DE000234A4A418D973A41D5E7EA3F386728C0A0
:106DF00064CC09C06C782EC114BF83C1F17499C1F1
:106E0000985DABC1074EADC19E6FA5C139B468C1D5
:106E10000467BAC1713DECC088F4A3C0A32305C0C8
:106E20003108CCBE2DB209C0226C54C0158C22C0D2
:106E30006FF069C0865A95C048E17A3EFCA991BFBF
:106E40004625D53E83C0A0C0EC2F47C0FBCBD63F24
:106E500071AC0B3F3411144164DD9F41A8D78141CF
:106E6000EE5AF8C0F2B02040D9CE0B407E1D28402B
:106E7000C7294E405249974080489D4081048D402B
:106E80006ABC20403A23A2BF190486BF068115BF01
:106E900008AC4C40BF0E36415F9848409D11C5BFBD
:106EA0008B6C47BF0E4F89C0D191BEC01DC981C038
:106EB000DF60CAC1CEAAA73F52277440A8C6BD4012
:106EC00091EDC040F931C8405F07D240AC8BD14052
:106ED000075F1040E63F3440FF21BB406B2BD8409A
:106EE0002CD47640A52C2F406E3480BDA39276C062
:106EF0005F98A4C09565B0C0EE5AEAC0A24513C120
:106F0000A7F9ECC1F31FDE409A77FC40ACAD3E41DF
:106F100047839B41F786B641A01A8C41E2584E4107
:106F200045D83B41E4145641C520203F1B2F0AC1E0
:106F30000B2452C1423E71C1C80762C11B2F04C15C
:106F40007AC74FC1107A81C11EA724C1516BEABF15
:106F5000A009C5C114AE5A41FD0796417E1DBE4130
:106F60003188BC4135EF6841F7750441789CBE40DB
:106F7000D26F7340D656BA408F5316417DD07340BE
:106F800020416DC0772D45C0DBF932C0894176C103
:106F9000D3DEB1C199AAB5C1F90F9EC192DC89C1F6
:106FA00027C2C3C1DC68DC4054E39340F0A78240B1
:106FB000696FE03F7E1DCA4017D914416ADE124155
:106FC000984CED3F984C79C0BC96C8C0560EE9C0AD
:106FD00002BCC3C0FF214D3FA167AB40D1916CBF44
:106FE0007AA52CC009F9E03F5BD394BF33339DC031
:106FF000EF3895C1EA953841D734124105A31141C4
:10700000A1F854418AB07441B7D10641211F004014
:107010004260EDBFA01AABC0CFF727C1D7A352C1C2
:10702000EC2F0CC1D26F33C07DAED040D95F3EC0D3
:107030008D2895BFAE473940E09C79C0BC96D0BE44
:107040004BC8DAC1A1D60141A392A6408104974062
:1070500024972E412CD4634154741B41228E31401D
:10706000499D803DA77967BF5E4B20405C8FC8403B
:107070004DF390401826DBBF24282EC0F2B0CEC0BE
:107080004F4003C1A47042C16ABC1CC102BC91C084
:107090007958B4C1FED42641E56122414BEAFA4059
:1070A0002B18DD405C8FA8406FF049406DE74B40E6
:1070B0005BD39C3EE09CF13EDBF95EBF20D22FBF4C
:1070C000964393BF6EA393C0C9E53FC095D43DC01E
:1070D000F0A736C0CCEE41C0302A0DC0006FBFC053
:1070E0006DD6A2C1F5CA8441448B9641AB4FA341F2
:1070F0004CA68041962174419A995941355E1C41B4
:10710000713D9A40448BE840CC5D0B3F3D2CA6C0BE
:107110006B9A0FC11C7C43C1EEEB73C1075F11C1B9
:107120004F1E1AC19A773EC1D6C5E1C075937DC185
:10713000D723E0C1E5F2DF401895F240A7791B4163
:107140002DB264413A23A941BA6B9641992A514123
:1071500074B5594196B279419031B940FB5C8DC00C
:10716000A69B2AC166666FC17F6A74C1426042C134
:107170007E8C9FC08CDB5DC1174871C13F350FC14C
:10718000C50FD2C1F54A9B407424BD40F775BE407F
:10719000C4B146400D714CBF333373C05F9854C0C7
:1071A0006C09D3C0DB8A19C1F628F6C04013E1C0D0
:1071B000CA3260C0FB3A1C4093A942BEE9B71241F3
:1071C000E8D95041D93DD93EE9262F413199424075
:1071D00057EC82C1A4701940DA1BFC3E643B73403B
:1071E00008ACC4403480673FA1D608409FAB2DBC9B
:1071F0002D213B4080483CC1637F75C01F855FC027
:107200002D215F3F04565E406C0935C0FB3A78C0C3
:107210001895A43F4694DC40EBE20AC0EEEB5840E0
:107220007671D7C03CBD62C085EBB1BF2DB26D3F5A
:1072300027C21E4085EB3D40BA494C3F3411763F92
:10724000F31F923EC89803C0D93DA9BF1F85F3BF65
:10725000CA54C1BBC05B0A41143F9440A323D93F29
:1072600016FBCB3ED881733FB37BDA3FF697BD3F29
:107270002ABA8DC1A1D68B41FAFE97415BC2AF41BC
:10728000D792A5418B6C664151DA1341A5BD1441DB
:107290006ADE9540819513BF7FFB02C0E7FB95C076
:1072A000DD2402C1A4702DC1D509DEC07A369DC08F
:1072B000166A15C0827318C1651985C160E5B6C12B
:1072C000F628DAC10BA4F1411EA7E841A69BB541FF
:1072D000F0857F4155C15341BADA4441BB27FF4095
:1072E0000C02DB3F85EB39C0D34DBAC030BB10C1B7
:1072F0008FE437C1E9B72FC1A1672BC14D841BC1F2
:10730000E92637C199BB41C1B6F365C1189565C17E
:10731000EFC9A1C102BC8B40CD3BB640226CF4400A
:10732000E926124154E3FF40C3D3BF40E0BE9C4076
:107330007DAE9240CEAAA73F2D218FBF07CE19C0A8
:10734000764F26C0C9E59FBE86C974C029CB58C0F8
:107350003FC694C03B7022C0643B83C08AB08DC0DE
:10736000B90DB2C112145641D3DE7F41A53D924101
:1073700024979441E4146841DBF97041772D4A4128
:10738000BB27EF3F26538FC00D71F2C064CCEBC01A
:10739000DF4FB7C00E4F0CC1508D21C10E2D8ABFDB
:1073A0008104453F280FD3C0A9A468C1001182C140
:1073B0008796E4C15B42A63FFED498BE006F01BE33
:1073C000E02D10400B24C640295C1141BA6B3941B5
:1073D00002BC1941A69BCE4095659640F90F7540B9
:1073E000D42B49C0A32301C0A301AEC074B565C0AE
:1073F000C7291AC0C3F55CC08FE4D0C04850DCC0B8
:10740000FAFEA8C1355ED640AED8DF4014AEDF40EC
:107410006D562A4173689141A4F0BB41BE30A6412C
:1074200054749A41AD696841705F85406900A1C09C
:10743000158C29C1431C7CC12B0796C18CDB9AC1DA
:1074400060F693C1BEC111C135EF04C1128360C0A3
:107450004BD9B6C16C09B93EB1E145C0151D0DC08F
:1074600074B5953ED93D6140F31F4541DB8A284103
:107470005B42D04080483F408A8E7040CCEE19413C
:10748000DE71D040962156C0AD6909C1E5F20BC14D
:10749000295C97C07FD9953F05A3B2C0E94846C093
:1074A000CE9991C130BB6B403F57A540DA1BE040FD
:1074B00040A4A340DCD7C7409F3CA440ECC0394067
:1074C000711B8DBE09F9303F14D0443F7DD02F4051
:1074D000B68440C0591789C079E9D6BF09F9303F51
:1074E000F0A712C05B4296BF4BC823C045D82CC042
:1074F000F163B1C1C58F3741910F3141C0EC2C41CF
:10750000151D27411EA72941105846419A0851418F
:1075100044FAF3401058F13F59170BC0787A79C0FC
:10752000780B44BFDC463F4082E21FC0A47023C1F9
:10753000840D64C1AEB642C123DBADC0A47005C1E9
:10754000986E02C209F9D6C0849E93C06C784AC076
:10755000A167B33D3255303FF5DB873F7FD90D3F03
:10756000273160C09BE665C0ED9E10C0174850BF34
:10757000A54EC040AE473E417A363B405C8F92BF3D
:10758000287EECBE45D8F0BCD8F03C402AA9CF40BC
:107590003A92CBC07424AB40B4C86E40F90FA340FC
:1075A000EA954640B4C8D63FDE934740211F043FCA
:1075B0007E1D60C0DA1B90C0C442CBC012A5FBC0C8
:1075C000560EB5C087A7A5C0A32319C014AE073EA9
:1075D000C3D35340A245FA4042CF3F4173688D4028
:1075E00022FD6CC1B1500441A245BC4021B0C04055
:1075F0004D152741158C4041D044F240D0D5624012
:10760000F31F82BF9C3384C016FBD1C0AC1CA2C048
:107610001F855BBFC286E34063EE1ABF280F83C09D
:107620001FF42C3F6F81643FC72988C05452CFC0DC
:107630008104EBC1933A0140EF387D40CD3B9E4041
:107640008B6C014153056A4108AC7541A4704441FB
:1076500080482541DE93E9405452494138F8F840CA
:10766000D93D19C039D6EFC03FC624C1098A1CC113
:107670008E75EBC0499DE8C0B840C6C08FE485C197
:1076800004D6FDC11C7C4D4152B87E4163FF81414F
:10769000FCA93D4133337340C7BA80BFAA6020C004
:1076A0002506D1C0713D06C1FCA91EC1B98D1AC104
:1076B000925CC0C0BBB8853FE78C5D414469EB403C
:1076C000651986C0174831C14D1500C1431C4F4094
:1076D00061D496C1B29D89418716954136CDBA4194
:1076E0008AB0A4411A517941F4FD4B415839CE403A
:1076F000B150D5C06ABC12C1910F79C11B9EAEC1F9
:10770000D3DE93C165AA85C1962164C104E73840E0
:10771000D122674007F0F6BED6566CBD5BD324403D
:10772000E03EA3C117D93341D1A281412D329C4102
:1077300024399841560E2D4120638840B37BF23B9B
:1077400058A899C016FBF7C0A01A18C1F9A02DC1FE
:107750007E8C27C1D95FC8C0E86ACB3F8716184125
:1077600003788140295C87C048501EC1249716C108
:10777000515AB8C1E9C8AC41083D8541DC681341A4
:1077800080488940E09C31C0D49AC2C04DF3B6C055
:10779000F241DBC04BC8A9C0310868C087A7F73FDA
:1077A000E3C7FC405EBAA9BF819500C19E5E2AC1B5
:1077B00048E1D0C0C5FE42C012A56140D734B540F3
:1077C000C3642DC1EA9516405474F43FF2D2953F3C
:1077D000B5A681BFD6C56D3E9A080BC0CD3B32C061
:1077E00007CE99BEB22E8E3F9A993D4094F6A63EA2
:1077F000ED0D06C04A7B833FED0D5E40A1D6FC3FF8
:10780000CC5D933F96431F40933A09404F1E463F3D
:1078100043AD6BC16EA3D9BFF7061FC07DD01BC09F
:107820008885964036BCC74105C5D8411748FE40FB
:10783000EBE29640A69B443E6B2B66BF835159BF3B
:1078400041821E4152B81EC0E8D917C1E2E93EC1CB
:107850002DB2EDBFABCFC7C0136131C127A034C17A
:10786000423E86C1C7BA6E4142608F415F98BB41BC
:107870001AD1E3416C78BF41B8AFB441023CAE418C
:10788000B7621641499D68C0BD5224C12EFF65C133
:10789000789C82C1BA6B9AC102AB93C1D8818AC16C
:1078A000045644C1EE7C29C18BFD2FC14F40FDC061
:1078B000D712A8C1228E2D41DBF91F41849E0141C0
:1078C000C364B44024B93C3F7593983DFF215DBF2C
:1078D000DB8AE5BF41823AC0C3F540C066880FC06D
:1078E0001D3847BF524921C0C807C7C0832FA6C053
:1078F000B22E8E3EFA7EA0C0C6DC953EAC8B834095
:107900003F5718C13B703441EA048C417357A6417C
:107910001D386F41933A0E415B42AC40AD698E3FDA
:10792000516B0ABFF54AE9BF933A41BFDB8A794000
:1079300034116341D0B336412EFF11C0D3BC52C1C4
:10794000B3EA89C1933A7EC1567D5CC169007FC1AB
:10795000D801E0C1B537E8BF1EA7B0BF7CF290BE2A
:1079600060E5B03F73D7E23FA52CBB3FF7E499BF7A
:10797000F0854DC00681A7C0D712D8C0A69B9EC077
:10798000DC4637C0287E8240234A2BC04ED1613F5F
:10799000CCEE67417FFB0841A1679140F4FDFC40BC
:1079A00079586BC18A1F284196215E41728A9C4199
:1079B000F2D2A64193A98D41D95F4B412F6E384138
:1079C0004B590041D0D50E40492EB7C05BB122C102
:1079D000F4FD4CC19CC46EC19F3C2BC196B200C04B
:1079E0003F5706C17A3623C104E7ACC003782CC1E7
:1079F000211FCFC1F77580BE3867AC3FAA60243F16
:107A000014D02840DA1BC2403EE88B409643AB407E
:107A1000A4DF7E40B37BDABF5EBA05C0DE02A7C03A
:107A20006ABCC4BFB3EA57C0B150AB3FC139814053
:107A3000AEB623417DD0D33F76714FC039B4A4C0D8
:107A400045C798C17FD9CF404E621541F2B0614120
:107A50004D04A54135EF8041BC74EB405917BF3F41
:107A60008A8E30C0E02D82C020637EC06900AF3FA7
:107A700068910E411F856BBF8E06AAC09643AB3E30
:107A80002428C4C03B014CC1992A15C1136157C1B8
:107A90002E90DBC1E0BE1E3FFFB21B40643B9F4007
:107AA0006F121441A4707641ECC044417593B84004
:107AB000143FA040C898814060E58640C74B1B41F9
:107AC00044FAF740107ABA40EF38C53EE5F2BFC03D
:107AD000AA6038C18FC2E9C03D9B25C17660A6C1AE
:107AE000A5BDFDC17DAE6EC0857CB8BF522770C0FC
:107AF0008FE492C0228E51C07F6A3C3FE6AE51C0F7
:107B0000569F99C0840D1FBF60E59C40E5612741E9
:107B100027C2304192CB8A4199BB46BF7424AF4003
:107B2000EBE2463F72F99F3FF38E43BF17D906C081
:107B300010E9B6C1EEEBD640A69B1341651945414D
:107B4000098A8D418A1F8D41D34D3E41D42BE3409C
:107B5000C9768840CEAA894064CC1F4189D2BA40F8
:107B60003C4E5DC0F775DEC054E399C0DCD709C058
:107B70007E1D61C1ADFA95C1F0A78AC15A6434C1B6
:107B80008E75E1C119736B41FBBA9B419CA26C419C
:107B9000B459D1404F1E963FB98D16C017B79DC03E
:107BA0003A23FAC0D7A30DC15F9817C16EA32BC1AA
:107BB000D73408C1A69B8EC03199FA4067D5E73CFF
:107BC000767181405C20D13FDCD7B1BF7AC78D4050
:107BD0001E2781C1448B984133B3B04154E3C44163
:107BE000D645B041FDF68A41560E7E411EA7624140
:107BF0007A363F411DC98D400C9391BF7B83CDC028
:107C0000BE3025C117B73DC1371A58C17AA567C123
:107C10003D9B71C1795878C1CE9986C1AF14B0C16E
:107C2000E550C3C1A08910410B249841C3E4C3416E
:107C30000A68C5419D919741728A3C410091F44088
:107C4000CDCC9840C1A8A43FCB10E73E4E62E83FA0
:107C5000772DA1BF6D5613C1B8AF64C187167CC123
:107C6000B8405AC129CBF8C04F4068C1BBB8ACC1BD
:107C70001904CFC11DC9BD3FB29D8F3E6F12C3BE57
:107C8000D191BC3F77BE034130BB0241C3F52041D7
:107C90006FF00441DFE08340C3642E402041654023
:107CA000FC18FF40C2866F409FAB29C04182ACC028
:107CB000F7758EC007F090C07424D7C0FB5C0FC16D
:107CC000B684D8C1C520294152B82A4132773C41F7
:107CD0007B144341AA602041E948D640BBB8A34089
:107CE000E25827403E7998409B55234066667AC00B
:107CF00042CFEEC0ECC01AC18C4A15C146251FC147
:107D0000986E01C1BE30993FE17A74C0B0035FC084
:107D1000FCA9B3C160E5F240492E06416FF038413D
:107D2000500D82410612B0416D56B8416F708E41C0
:107D3000F9A05141EE5A8941FB3A59417DD073BEB9
:107D40009031E7BF1A51CA3FD93D26C11C7CA6C15C
:107D5000CA54C6C1516BC8C173D7C2C1E4039BC129
:107D60000F0BCAC1E17AEA4023DB3941C06C85417F
:107D7000A8357841F775024106129A40B150DBBF31
:107D8000006F3DC09C33D2C05839E2C0B1BF6CBF58
:107D90003FC6AA40894190C027A0E5C0F8535BC008
:107DA000682260C0B5A60CC12B18A9C030BBDF3F4C
:107DB000A61B9AC1BE300B4116FB5B41302AA24183
:107DC0008AB07941E17A004131993240BC741FC0D8
:107DD000D509CCC057EC10C1C3D327C1637F3CC1C8
:107DE0000DE02BC116FBF7C0D734AFBE705F214149
:107DF000A3237940B6F37D402B1805C0249703C018
:107E00007969BFC1AB3EE7BF0E4FAFBF764F863F2C
:107E10003480AF3F780BFC3F5396993F36ABEEBFB3
:107E20002F6EFBBFEC2FE3BF5A64ABBFEFC957C047
:107E300033C44940C5FE9A3F448B4C3F5B42FE3EF3
:107E4000FE652340A2B4574013F2154066889D405A
:107E500081262FC16E348240295CED40A01A4B412F
:107E6000E17A9041F9B18441E336154104E790404D
:107E7000394537404547D23F19739740F6974641F9
:107E80006FF01141CC5DC7406C09793C1FF448C1CB
:107E90004EE28DC1659995C183C04CC1D0338DC16F
:107EA0008A0EF2C17446543F68912940F2B0F03F07
:107EB000D49A84409B55B5409A77B640EC519E4089
:107EC000AA60DC40A470D94060760041CB10294103
:107ED00097FF0A41363CED3F68B30EC0CEAACBC037
:107EE000AE47D9C0736802C163EE14C143AD20C16F
:107EF0008104CEC13945E340DDB574404182F23F93
:107F000037898D40871699403F359440014DBA40DE
:107F10004CA632407A36D33FAD69DE3EAC1C0E40F3
:107F20002A3A80409487053D583928C058CA22C053
:107F3000F69765C09FCD6AC060E586C04547E0C042
:107F4000E3B69FC1925CFE3DFB3A43416ADE894045
:107F5000FAED8740F163F43F09F9203F091B8E3F9A
:107F60007671C33FDAAC1240C05BA44012830C4070
:107F70003199B8C0E3C7983F0534B9BF7E1D983E1C
:107F8000D12295C0C7295A3F4ED1993FF7067FC0ED
:107F9000E8EABAC174B5A3C01F85A3BFFCA92140FC
:107FA0004A0C844086385A404D15DCBF0A6862BFCF
:107FB0004260BDBF98DDAFC08351DBC02B18C5BF89
:107FC0005452773F6ABC14C01B9E9CC014AE04413F
:107FD000645D5C40B684E4BF85EBC940560E5741F2
:107FE0008F5312C1E2587F401E168C40DB8A8740B7
:107FF00032E642402AA96F40211F2040D8F08C3F32
:108000006ABCF4BE849E19C0BD5226BFE63F543FF1
:10801000E3C7583E5EBAC93D516B5ABE9318C43E81
:10802000E17AE4BF211F84BFCC7F08C0E6AECDBF9C
:10803000598663C192CB354198DD6B415316874118
:10804000AD697141492E1F41A54E0C41B4C88C4009
:108050007E8C01C0EA042CC0772D81BF27C2463F29
:108060000BB50EC021B082C02FDD01C17B14C8C08A
:10807000D49AA6C05E4BE0C0C0ECD6C0780B14C149
:108080000011DBC1091B6A400C933940A77981407C
:10809000EEEB0541CB10884166E6BA41F90F82410B
:1080A0008941E6400F1C8B41FBCBCC40C13989C0D4
:1080B0008B6C1EC1F0164CC1BA6B45C1DBF9AEC06A
:1080C000DFE025C15F292FC18C4A22C15C8FC0C06F
:1080D00035DEC2C197FFF040D49ABC40B0728A40EE
:1080E000780B804024283A40D3BCD33F47723D40B0
:1080F00024287A40295CAF3F46943EC0764F4EBF5D
:108100001B0D60BFB6F37DBF000050BFCF6655BFEB
:10811000DAACFABC524929C0903133C0228E89C0F2
:1081200001DE8BC19C3376411BAFA041B36AB541E0
:108130008805A541166A72418A1F0D41E63F6840D5
:10814000832F0CC0CE1909C1A7E852C1121474C103
:10815000FF2170C1A3924BC1F2B00BC135EF183FA4
:10816000B8408C405EBA11C06C09F9BC857CFCC07B
:108170005305CCC16D45BD41FD07BA41E5D0A241D3
:108180004ED1724162A13641EFC9B9401214AF40DD
:10819000B072A83F9E5EA93D3A921BC02BF6E1C08B
:1081A000E3A5C5C0363CEDBF7A36B3405227B8BF11
:1081B0006A4D77C193188BC1AAF196C1CB108BC1C0
:1081C000439CC0C102BC3A41FBCB61410467A94159
:1081D0005474CE4165AAA5410C026141728A624184
:1081E00042608F4145D869413D2C9A400D71544001
:1081F000C520F03EC5FE37C1C29799C16688ACC1A3
:10820000D35EABC18885A9C16DD6B2C1B840B1C13A
:108210003D9BBBC1BEC19540DFE04340FFB2D33FB1
:10822000226CC640524901C0091B464000910E3FD6
:1082300026535140C364AA3FE17A943D910FEA3F2F
:1082400035EFBEC04A0C2A405E4BC8BDC3D39BBFAE
:10825000ED9E10C0F8C2643EF4FDBC3F7AA586C016
:108260000A6865C166F714418CB93D4130BB6F4166
:10827000B30C5341C0EC0841075F8840C807FDBEFE
:10828000325544C0F7E44DC0FB3AA4C0166ADDBFC6
:10829000C66DD440C3F558BFA32301C17C6119C189
:1082A000D0D5BAC0D34D2A4066F704C179E9C0C021
:1082B000311999C1CE881240F1F476404D849D4029
:1082C000D42B0A4111C75E41DE938E4119E27B41F6
:1082D0006D563841D3DEF040B8AF12415F981B4174
:1082E000DCD7B7403D0A073FA167B33E984CC7C0F3
:1082F0003CBD4EC14B5961C16DC5A4C14625D5C118
:10830000B448FAC1303B9741F842904140135A417A
:10831000FC181C4120D2ED4016FBAB4002BC3D4096
:1083200079E9DE3FFAED2B3F24972F3F87A72F40B7
:1083300055C1083FCA328AC0A301C6C092CBDDC076
:1083400072F91DC132773EC1B30C12C179580FC109
:108350001D5AC9C10D71CE40FC18D940CE19174124
:1083600045474F413FD783417E8C6E41F5B904416B
:108370008E06D83F363C21C01AC08FC07B83D7C041
:108380009487DFC0A2B495C067D5373FB22E863F31
:108390000F9CA3C05DDC8EBFDBF9F0C0355E46C12B
:1083A0007AA5D9C1010000000400000010000000FF
:1083B000C48303080000000000000000000000006B
:1083C0000000000000002041000048410000704112
:1083D00000008C410000A0410000B4410000C841F1
:1083E0000000DC410000F0410000024200000C42AD
:1083F000000016420000204200002A4200003442E1
:0484000000003E42F8
:08840400BC80FC7F01000000B8
:04840C0069020008F9
:04841000410200081D
:108414000400002000000000540D0020BC0D0020CA
:10842400240E0020000000000000000000000000F6
:108434000000000000000000000000000000000038
:108444000000000000000000000000000000000028
:108454000000000000000000000000000000000018
:108464000000000003000000540D00200000803FC5
:108474000000803F0000803F0000803F08000000B3
:10848400348037BA6F1283BAC364AABA17B7D1BAA1
:108494006C09F9BAE02D10BB0AD723BB348037BB73
:1084A4005F294BBB89D25EBBB37B72BB6F1283BBAC
:1084B40004E78CBB99BB96BB2E90A0BBC364AABB3C
:1084C4005839B4BBED0DBEBB82E2C7BB17B7D1BBF5
:1084D400AC8BDBBB4260E5BBD734EFBB6C09F9BBAB
:1084E400006F01BC4B5906BC96430BBCE02D10BC7D
:1084F4002B1815BC75021ABCA4707D3F75021ABCFA
:108504002B1815BCE02D10BC96430BBC4B5906BC74
:10851400006F01BC6C09F9BBD734EFBB4260E5BB0B
:10852400AC8BDBBB17B7D1BB82E2C7BBED0DBEBBC7
:108534005839B4BBC364AABB2E90A0BB99BB96BBED
:1085440004E78CBB6F1283BBB37B72BB89D25EBB67
:108554005F294BBB348037BB0AD723BBE02D10BB4C
:108564006C09F9BA17B7D1BAC364AABA6F1283BA3D
:10857400348037BA000000000000000050B1C03C55
:10858400009065A6BA29C2BD88872A26D4A55A3E7A
:10859400692958A68846AABEC4C34724D11AC43E32
:1085A400C4C347248846AABE692958A6D4A55A3EFE
:1085B40088872A26BA29C2BD009065A650B1C03C5E
:1085C400303F01BABC4EDF383FB1163A8FF49B3AC4
:1085D400774CD83ACF65D23A6FF5593AE1981CBA3C
:1085E4002B0E12BB14BE5ABBA03652BB6953C4BA7D
:1085F4007A45BF3ADC67973BFA25D63BFF8BC23BF3
:1086040050BD1D3B198A51BBCC5810BCA6AD41BC12
:10861400DC6026BC0DAA5CBBC800DD3B1C5A863C52
:10862400BD6EAC3CEBE48C3CE7498A3B080B70BC68
:10863400D7C305BD8C3C29BDAC0308BD78939DBB55
:10864400EA6F2A3DCB81C83DE98F1B3ED46C433E83
:1086540076F0513ED46C433EE98F1B3ECB81C83D3E
:10866400EA6F2A3D78939DBBAC0308BD8C3C29BDC1
:10867400D7C305BD080B70BCE7498A3BEBE48C3CCF
:10868400BD6EAC3C1C5A863CC800DD3B0DAA5CBBED
:10869400DC6026BCA6AD41BCCC5810BC198A51BBC9
:1086A40050BD1D3BFF8BC23BFA25D63BDC67973B95
:1086B4007A45BF3A6953C4BAA03652BB14BE5ABBFA
:1086C4002B0E12BBE1981CBA6FF5593ACF65D23A1A
:1086D400774CD83A8FF49B3A3FB1163ABC4EDF3808
:1086E400303F01BA000F000001000000100000003C
:1086F4000024F4000000803F0100000074DF010842
:108704007CDF010884DF01088CDF010894DF0108A5
:108714009CDF0108A4DF0108ACDF0108B4DF010815
:10872400BCDF0108C4DF0108CCDF0108D4DF010885
:10873400DCDF0108E4DF0108ECDF0108F4DF0108F5
:10874400FCDF010804E00108FFFFFFFFFFFF00005A
:108754000000803F00000000000000000000803F97
:1087640000000000000080BF000080BF0000000087
:10877400690F023A37CCFF398A41FA39C6E4F13934
:108784002C66E43977DCCE3996EEAD395D137C394D
:108794006185EE38E04464B8EC178DB969E40BBA2E
:1087A400EE925EBA22119FBA21A3D4BAA07107BB7C
:1087B400651C26BB8E4645BBCBA763BB95BF7FBB61
:1087C40067EE8BBB061495BB37589ABB49BD9ABB61
:1087D4009F4895BB9C0B89BBAA596ABB76E231BB07
:1087E4007A13CFBA405F28B9520CCB3A5A80683B0F
:1087F4006EE7BE3B0A15093CA49B363C0E7F673CE2
:10880400628C8D3C9F53A83CFBA8C33C1B17DF3CE8
:108814005722FA3CE6250A3D4A8A163D9300223D3A
:108824004F4E2C3DF83D353D6FA03C3D4D4E423DF5
:108834000029463DA41B483DA41B483D0029463D54
:108844004D4E423D6FA03C3DF83D353D4F4E2C3DD5
:108854009300223D4A8A163DE6250A3D5722FA3CFA
:108864001B17DF3CFBA8C33C9F53A83C628C8D3C88
:108874000E7F673CA49B363C0A15093C6EE7BE3B61
:108884005A80683B520CCB3A405F28B97A13CFBA6E
:1088940076E231BBAA596ABB9C0B89BB9F4895BB46
:1088A40049BD9ABB37589ABB061495BB67EE8BBB80
:1088B40095BF7FBBCBA763BB8E4645BB651C26BB60
:1088C400A07107BB21A3D4BA22119FBAEE925EBA5B
:1088D40069E40BBAEC178DB9E04464B86185EE38ED
:1088E4005D137C3996EEAD3977DCCE392C66E439EC
:1088F400C6E4F1398A41FA3937CCFF39690F023AB3
:10890400C8099C39501C0A3A343BAE3948AA39B9D3
:10891400FD1723BA6E6C1DBA91BCA3B77BD3403A42
:108924009560843A213CD539B1DA46BAA10ECABA67
:10893400AB678EBAE4BF093A3AAD083BD5CC093BE4
:108944000D5E2039D4A91FBB58C65EBB2DE1BCBA4D
:10895400D663173B16029D3B5F65603BF232B5BAA6
:10896400402EC3BB4583C6BB25512DBA3323D33B0D
:10897400AAA9153CEA8F853B1DA0BABBA3E348BC5A
:108984001CE713BC975C483B6157733CD1B07F3CF8
:108994008FC7153B72D583BC8832C4BC84133EBCDC
:1089A400CBAF713CACF40D3D2D90E33C9BAC07BCCC
:1089B40026DA4EBD68407BBDC69556BC8F84B83D53
:1089C4007CC9553ED556933ED556933E7CC9553EFB
:1089D4008F84B83DC69556BC68407BBD26DA4EBD33
:1089E4009BAC07BC2D90E33CACF40D3DCBAF713C8C
:1089F40084133EBC8832C4BC72D583BC8FC7153B7C
:108A0400D1B07F3C6157733C975C483B1CE713BC77
:108A1400A3E348BC1DA0BABBEA8F853BAAA9153CB9
:108A24003323D33B25512DBA4583C6BB402EC3BB4C
:108A3400F232B5BA5F65603B16029D3BD663173BC5
:108A44002DE1BCBA58C65EBBD4A91FBB0D5E20394C
:108A5400D5CC093B3AAD083BE4BF093AAB678EBAC3
:108A6400A10ECABAB1DA46BA213CD5399560843A26
:108A74007BD3403A91BCA3B76E6C1DBAFD1723BAE1
:108A840048AA39B9343BAE39501C0A3AC8099C3952
:108A940085A3E739BF040739055D97B9D4191ABA14
:108AA400173B16BA9E5644B92251DA39E4166D3A88
:108AB400088C713AE1B5A739098F30BAD732C4BAF4
:108AC4009DD0C9BA4FAA10BA2F8E8D3AC6C11E3B8B
:108AD4002349233B86C76F3A829AD9BA980C76BB4E
:108AE400BB027DBB8F26BEBA227E203B7575B73B89
:108AF400B816BD3B30AA113B1A9E65BB412F05BC7D
:108B04004C110ABC2F8C5ABBD39BA13B9E283F3CE3
:108B14005F34483CC361A33B2711E4BBB8728ABCF1
:108B2400587D93BC9AE2F9BBE33A263C1597D13CB5
:108B3400A730E63C46A24D3C114485BC4BA633BD50
:108B4400197853BD7865D2BC339F103D0B53F03D6B
:108B5400A5FF473E6C8A783E6C8A783EA5FF473E67
:108B64000B53F03D339F103D7865D2BC197853BD4B
:108B74004BA633BD114485BC46A24D3CA730E63C10
:108B84001597D13CE33A263C9AE2F9BB587D93BC55
:108B9400B8728ABC2711E4BBC361A33B5F34483C71
:108BA4009E283F3CD39BA13B2F8C5ABB4C110ABC43
:108BB400412F05BC1A9E65BB30AA113BB816BD3BBC
:108BC4007575B73B227E203B8F26BEBABB027DBBA8
:108BD400980C76BB829AD9BA86C76F3A2349233B4D
:108BE400C6C11E3B2F8E8D3A4FAA10BA9DD0C9BA6A
:108BF400D732C4BA098F30BAE1B5A739088C713AB3
:108C0400E4166D3A2251DA399E5644B9173B16BA26
:108C1400D4191ABA055D97B9BF04073985A3E73992
:108C2400BBBEB4B9E833A2B8ED517B390FE5073ABE
:108C34001F042E3A23A81C3A1BEC97398B3F5EB9CC
:108C440032404ABAC29F9BBADF1DA4BAB8725BBA5B
:108C54000D21F937F8DF933A0371083BB4E9213B5E
:108C6400547F023B5C8B203A8150B0BAE53255BB4D
:108C740011B48EBB174F84BB940D0ABB5978893A43
:108C8400B7DB923B226FE33B5FDAEE3B72A8A23B79
:108C940029889E397840B1BBA4B827BC1ED647BCEE
:108CA400B09723BC1DFD6ABB9E52B33B978A6B3CB5
:108CB400F721A23CD33E9B3C8609303CD4BA68BB26
:108CC4000D80A5BCC8200ABDE5941CBDF07DEEBC9A
:108CD400CC9D95BB375E093DEB30A33D45CA003EB4
:108CE40070D8263E61123C3E61123C3E70D8263E4E
:108CF40045CA003EEB30A33D375E093DCC9D95BB94
:108D0400F07DEEBCE5941CBDC8200ABD0D80A5BC59
:108D1400D4BA68BB8609303CD33E9B3CF721A23CC5
:108D2400978A6B3C9E52B33B1DFD6ABBB09723BC34
:108D34001ED647BCA4B827BC7840B1BB29889E394D
:108D440072A8A23B5FDAEE3B226FE33BB7DB923BB8
:108D54005978893A940D0ABB174F84BB11B48EBB62
:108D6400E53255BB8150B0BA5C8B203A547F023B4C
:108D7400B4E9213B0371083BF8DF933A0D21F9373D
:108D8400B8725BBADF1DA4BAC29F9BBA32404ABA1A
:108D94008B3F5EB91BEC973923A81C3A1F042E3A6B
:108DA4000FE5073AED517B39E833A2B8BBBEB4B93D
:108DB40041AF653942F5D437775946B949DFD4B95B
:108DC400E5491DBA54AE41BA66F84DBAFCF138BA59
:108DD400A165F8B9367CB6B8EAA5E039C1A3843AEE
:108DE4006BD1CD3A6449023BAF9D0C3BDFAFFE3AF9
:108DF40002C2AD3ADA78A03980EB85BA1FB022BB43
:108E0400BE587BBBB67C9DBB9230A8BBAE4397BB20
:108E1400A3CD4FBB03F561BA6B16083BC31BAC3B38
:108E2400059B053C3079273CEA0F333CD7F5213CC0
:108E340064D2E23B72AE0D3B7B7181BBCCAA2EBCEB
:108E44007D048BBCBF15B2BC7939C3BCE66CB6BC1F
:108E5400813786BC1BB9C2BB1AD90F3CD80ADD3C8A
:108E6400E420423DFB0F8C3DF38BB43D09D7D63D46
:108E740024B8EF3D72CBFC3D72CBFC3D24B8EF3DF2
:108E840009D7D63DF38BB43DFB0F8C3DE420423D26
:108E9400D80ADD3C1AD90F3C1BB9C2BB813786BC4A
:108EA400E66CB6BC7939C3BCBF15B2BC7D048BBCBF
:108EB400CCAA2EBC7B7181BB72AE0D3B64D2E23B6B
:108EC400D7F5213CEA0F333C3079273C059B053C20
:108ED400C31BAC3B6B16083B03F561BAA3CD4FBB78
:108EE400AE4397BB9230A8BBB67C9DBBBE587BBB40
:108EF4001FB022BB80EB85BADA78A03902C2AD3A42
:108F0400DFAFFE3AAF9D0C3B6449023B6BD1CD3AD7
:108F1400C1A3843AEAA5E039367CB6B8A165F8B9AC
:108F2400FCF138BA66F84DBA54AE41BAE5491DBAF7
:108F340049DFD4B9775946B942F5D43741AF6539D9
:108F44004852415F3131325F31313200000000005C
:108F5400000000000000000000000000000000000D
:108F64006400000000000000010000000100000097
:108F7400E00000007000000070000000030000002A
:108F840003000000643B0208C4380208000000002B
:108F940000000000000000000000000000000000CD
:108FA4004852415F35365F3536000000000000004E
:108FB40000000000000000000000000000000000AD
:108FC4006400000000000000010000000100000037
:108FD40070000000380000003800000003000000AA
:108FE40003000000543F0208043E02080000000091
:108FF400000000000000000000000000000000006D
:10900400000000000000000000000000000000005C
:10901400000000000000000000000000000000004C
:10902400000000000000000000000000000000003C
:10903400000000000000000000000000000000002C
:10904400000000000000000000000000000000001C
:10905400000000000000000000000000000000000C
:1090640000000000000000000000000000000000FC
:1090740000000000000000000000000000000000EC
:1090840000000000000000000000000000000000DC
:1090940000000000000000000000000000000000CC
:1090A40000000000000000000000000000000000BC
:1090B40000000000000000000000000000000000AC
:1090C400000000000000000000000000000000009C
:1090D400000000000000000000000000000000008C
:1090E400000000000000000000000000000000007C
:1090F400000000000000000000000000000000006C
:10910400000000000000000000000000000000005B
:10911400000000000000000000000000000000004B
:10912400000000000000000000000000000000003B
:10913400000000000000000000000000000000002B
:040000050801BA999B
:00000001FF
